Time,Displacement,Force
(s),(mm),(kN)
"0.0000","0.0000","0.0000"
"0.0200","0.0000","0.0000"
"0.0400","0.0000","-0.0001"
"0.0460","0.0000","0.0000"
"0.0660","0.0000","0.0000"
"0.0860","0.0000","0.0000"
"0.1060","0.0000","-0.0001"
"0.1260","0.0001","-0.0001"
"0.1460","0.0003","0.0000"
"0.1660","0.0004","0.0001"
"0.1860","0.0004","0.0002"
"0.2060","0.0004","0.0001"
"0.2260","0.0005","0.0000"
"0.2460","0.0006","0.0000"
"0.2660","0.0010","0.0000"
"0.2860","0.0016","0.0000"
"0.3060","0.0023","0.0000"
"0.3260","0.0031","0.0000"
"0.3460","0.0036","0.0000"
"0.3660","0.0040","0.0000"
"0.3860","0.0042","0.0001"
"0.4060","0.0045","0.0001"
"0.4260","0.0049","0.0001"
"0.4460","0.0053","0.0001"
"0.4660","0.0056","0.0000"
"0.4860","0.0059","0.0000"
"0.5060","0.0061","0.0000"
"0.5260","0.0064","0.0000"
"0.5460","0.0066","0.0000"
"0.5660","0.0069","0.0000"
"0.5860","0.0073","0.0001"
"0.6060","0.0077","0.0001"
"0.6260","0.0082","0.0001"
"0.6460","0.0087","0.0001"
"0.6660","0.0091","0.0001"
"0.6860","0.0094","0.0001"
"0.7060","0.0097","0.0000"
"0.7260","0.0101","0.0001"
"0.7460","0.0104","0.0001"
"0.7660","0.0107","0.0000"
"0.7860","0.0110","0.0000"
"0.8060","0.0113","0.0000"
"0.8260","0.0115","0.0000"
"0.8460","0.0118","0.0000"
"0.8660","0.0120","0.0001"
"0.8860","0.0124","0.0002"
"0.9060","0.0127","0.0001"
"0.9260","0.0132","0.0000"
"0.9460","0.0137","0.0000"
"0.9660","0.0141","0.0001"
"0.9860","0.0145","0.0001"
"1.0060","0.0148","0.0001"
"1.0260","0.0150","0.0001"
"1.0460","0.0152","0.0001"
"1.0660","0.0155","0.0001"
"1.0860","0.0158","0.0001"
"1.1060","0.0162","0.0001"
"1.1260","0.0166","0.0001"
"1.1460","0.0170","0.0002"
"1.1660","0.0173","0.0002"
"1.1860","0.0175","0.0002"
"1.2060","0.0177","0.0002"
"1.2260","0.0180","0.0003"
"1.2460","0.0183","0.0003"
"1.2660","0.0187","0.0001"
"1.2860","0.0191","0.0001"
"1.3060","0.0196","0.0001"
"1.3260","0.0201","0.0001"
"1.3460","0.0205","0.0001"
"1.3660","0.0208","0.0001"
"1.3860","0.0211","0.0002"
"1.4060","0.0214","0.0002"
"1.4260","0.0217","0.0002"
"1.4460","0.0220","0.0001"
"1.4660","0.0223","0.0002"
"1.4860","0.0226","0.0003"
"1.5060","0.0229","0.0003"
"1.5260","0.0231","0.0002"
"1.5460","0.0234","0.0001"
"1.5660","0.0237","0.0001"
"1.5860","0.0241","0.0001"
"1.6060","0.0245","0.0002"
"1.6260","0.0249","0.0001"
"1.6460","0.0254","0.0002"
"1.6660","0.0258","0.0002"
"1.6860","0.0261","0.0003"
"1.7060","0.0264","0.0003"
"1.7260","0.0266","0.0002"
"1.7460","0.0269","0.0003"
"1.7660","0.0272","0.0003"
"1.7860","0.0276","0.0002"
"1.8060","0.0280","0.0002"
"1.8260","0.0284","0.0002"
"1.8460","0.0287","0.0002"
"1.8660","0.0289","0.0002"
"1.8860","0.0291","0.0002"
"1.9060","0.0294","0.0003"
"1.9260","0.0297","0.0003"
"1.9460","0.0300","0.0003"
"1.9660","0.0304","0.0002"
"1.9860","0.0309","0.0002"
"2.0060","0.0313","0.0002"
"2.0260","0.0318","0.0002"
"2.0460","0.0321","0.0003"
"2.0660","0.0325","0.0002"
"2.0860","0.0328","0.0003"
"2.1060","0.0330","0.0002"
"2.1260","0.0333","0.0002"
"2.1460","0.0337","0.0002"
"2.1660","0.0340","0.0003"
"2.1860","0.0342","0.0003"
"2.2060","0.0345","0.0003"
"2.2260","0.0347","0.0004"
"2.2460","0.0350","0.0003"
"2.2660","0.0353","0.0002"
"2.2860","0.0357","0.0001"
"2.3060","0.0362","0.0001"
"2.3260","0.0367","0.0003"
"2.3460","0.0371","0.0003"
"2.3660","0.0375","0.0002"
"2.3860","0.0378","0.0003"
"2.4060","0.0380","0.0003"
"2.4260","0.0383","0.0003"
"2.4460","0.0386","0.0002"
"2.4660","0.0389","0.0002"
"2.4860","0.0393","0.0002"
"2.5060","0.0397","0.0002"
"2.5260","0.0400","0.0003"
"2.5460","0.0403","0.0004"
"2.5660","0.0405","0.0003"
"2.5860","0.0407","0.0002"
"2.6060","0.0410","0.0003"
"2.6260","0.0413","0.0003"
"2.6460","0.0417","0.0002"
"2.6660","0.0421","0.0003"
"2.6860","0.0426","0.0003"
"2.7060","0.0430","0.0004"
"2.7260","0.0434","0.0003"
"2.7460","0.0437","0.0003"
"2.7660","0.0441","0.0003"
"2.7860","0.0444","0.0003"
"2.8060","0.0447","0.0005"
"2.8260","0.0450","0.0004"
"2.8460","0.0453","0.0004"
"2.8660","0.0456","0.0003"
"2.8860","0.0459","0.0003"
"2.9060","0.0461","0.0004"
"2.9260","0.0464","0.0004"
"2.9460","0.0467","0.0004"
"2.9660","0.0470","0.0004"
"2.9860","0.0475","0.0004"
"3.0060","0.0479","0.0004"
"3.0260","0.0484","0.0003"
"3.0460","0.0488","0.0003"
"3.0660","0.0492","0.0003"
"3.0860","0.0494","0.0003"
"3.1060","0.0496","0.0004"
"3.1260","0.0499","0.0004"
"3.1460","0.0502","0.0004"
"3.1660","0.0506","0.0004"
"3.1860","0.0510","0.0003"
"3.2060","0.0514","0.0003"
"3.2260","0.0516","0.0003"
"3.2460","0.0519","0.0003"
"3.2660","0.0521","0.0002"
"3.2860","0.0523","0.0003"
"3.3060","0.0526","0.0003"
"3.3260","0.0530","0.0003"
"3.3460","0.0534","0.0004"
"3.3660","0.0538","0.0005"
"3.3860","0.0543","0.0005"
"3.4060","0.0547","0.0004"
"3.4260","0.0551","0.0003"
"3.4460","0.0554","0.0004"
"3.4660","0.0557","0.0004"
"3.4860","0.0560","0.0005"
"3.5060","0.0563","0.0004"
"3.5260","0.0567","0.0004"
"3.5460","0.0570","0.0004"
"3.5660","0.0572","0.0003"
"3.5860","0.0575","0.0004"
"3.6060","0.0577","0.0004"
"3.6260","0.0580","0.0004"
"3.6460","0.0584","0.0004"
"3.6660","0.0588","0.0004"
"3.6860","0.0592","0.0004"
"3.7060","0.0597","0.0004"
"3.7260","0.0602","0.0004"
"3.7460","0.0605","0.0004"
"3.7660","0.0607","0.0004"
"3.7860","0.0610","0.0003"
"3.8060","0.0612","0.0003"
"3.8260","0.0615","0.0005"
"3.8460","0.0619","0.0005"
"3.8660","0.0623","0.0005"
"3.8860","0.0627","0.0005"
"3.9060","0.0630","0.0005"
"3.9260","0.0633","0.0004"
"3.9460","0.0635","0.0005"
"3.9660","0.0637","0.0005"
"3.9860","0.0640","0.0005"
"4.0060","0.0643","0.0005"
"4.0260","0.0647","0.0004"
"4.0460","0.0652","0.0005"
"4.0660","0.0656","0.0005"
"4.0860","0.0661","0.0005"
"4.1060","0.0665","0.0005"
"4.1260","0.0668","0.0004"
"4.1460","0.0671","0.0004"
"4.1660","0.0674","0.0004"
"4.1860","0.0677","0.0004"
"4.2060","0.0680","0.0005"
"4.2260","0.0684","0.0005"
"4.2460","0.0686","0.0005"
"4.2660","0.0689","0.0005"
"4.2860","0.0691","0.0004"
"4.3060","0.0694","0.0005"
"4.3260","0.0697","0.0005"
"4.3460","0.0700","0.0005"
"4.3660","0.0704","0.0005"
"4.3860","0.0709","0.0004"
"4.4060","0.0714","0.0004"
"4.4260","0.0718","0.0006"
"4.4460","0.0722","0.0006"
"4.4660","0.0724","0.0005"
"4.4860","0.0727","0.0005"
"4.5060","0.0730","0.0005"
"4.5260","0.0733","0.0005"
"4.5460","0.0737","0.0006"
"4.5660","0.0741","0.0006"
"4.5860","0.0744","0.0005"
"4.6060","0.0747","0.0005"
"4.6260","0.0749","0.0005"
"4.6460","0.0751","0.0004"
"4.6660","0.0754","0.0004"
"4.6860","0.0757","0.0005"
"4.7060","0.0760","0.0005"
"4.7260","0.0764","0.0006"
"4.7460","0.0768","0.0006"
"4.7660","0.0773","0.0005"
"4.7860","0.0778","0.0005"
"4.8060","0.0781","0.0005"
"4.8260","0.0785","0.0005"
"4.8460","0.0788","0.0005"
"4.8660","0.0791","0.0006"
"4.8860","0.0794","0.0006"
"4.9060","0.0797","0.0006"
"4.9260","0.0800","0.0005"
"4.9460","0.0802","0.0005"
"4.9660","0.0805","0.0006"
"4.9860","0.0807","0.0006"
"5.0060","0.0810","0.0007"
"5.0260","0.0814","0.0005"
"5.0460","0.0818","0.0005"
"5.0660","0.0823","0.0005"
"5.0860","0.0827","0.0006"
"5.1060","0.0832","0.0006"
"5.1260","0.0835","0.0005"
"5.1460","0.0838","0.0005"
"5.1660","0.0840","0.0006"
"5.1860","0.0843","0.0005"
"5.2060","0.0846","0.0006"
"5.2260","0.0850","0.0005"
"5.2460","0.0853","0.0006"
"5.2660","0.0857","0.0006"
"5.2860","0.0860","0.0006"
"5.3060","0.0863","0.0006"
"5.3260","0.0865","0.0006"
"5.3460","0.0867","0.0007"
"5.3660","0.0870","0.0007"
"5.3860","0.0873","0.0006"
"5.4060","0.0877","0.0007"
"5.4260","0.0881","0.0007"
"5.4460","0.0886","0.0006"
"5.4660","0.0890","0.0006"
"5.4860","0.0894","0.0007"
"5.5060","0.0898","0.0007"
"5.5260","0.0901","0.0006"
"5.5460","0.0904","0.0006"
"5.5660","0.0907","0.0006"
"5.5860","0.0910","0.0006"
"5.6060","0.0913","0.0006"
"5.6260","0.0916","0.0007"
"5.6460","0.0918","0.0007"
"5.6660","0.0921","0.0006"
"5.6860","0.0923","0.0006"
"5.7060","0.0926","0.0006"
"5.7260","0.0930","0.0007"
"5.7460","0.0935","0.0007"
"5.7660","0.0940","0.0007"
"5.7860","0.0945","0.0007"
"5.8060","0.0949","0.0006"
"5.8260","0.0952","0.0007"
"5.8460","0.0954","0.0006"
"5.8660","0.0956","0.0006"
"5.8860","0.0959","0.0007"
"5.9060","0.0962","0.0007"
"5.9260","0.0966","0.0006"
"5.9460","0.0970","0.0006"
"5.9660","0.0973","0.0007"
"5.9860","0.0976","0.0007"
"6.0060","0.0978","0.0007"
"6.0260","0.0981","0.0006"
"6.0460","0.0983","0.0006"
"6.0660","0.0986","0.0007"
"6.0860","0.0990","0.0007"
"6.1060","0.0994","0.0006"
"6.1260","0.0999","0.0006"
"6.1320","0.1000","0.0006"
"6.1330","0.1000","0.0006"
"6.1340","0.1001","0.0006"
"6.1540","0.1004","0.0007"
"6.1740","0.1006","0.0008"
"6.1940","0.1006","0.0007"
"6.2140","0.1006","0.0006"
"6.2340","0.1006","0.0007"
"6.2540","0.1006","0.0007"
"6.2740","0.1006","0.0006"
"6.2940","0.1006","0.0007"
"6.3140","0.1006","0.0007"
"6.3340","0.1006","0.0006"
"6.3540","0.1005","0.0006"
"6.3740","0.1005","0.0005"
"6.3940","0.1005","0.0007"
"6.4140","0.1005","0.0008"
"6.4340","0.1005","0.0008"
"6.4540","0.1005","0.0008"
"6.4740","0.1004","0.0007"
"6.4940","0.1004","0.0007"
"6.5140","0.1004","0.0006"
"6.5340","0.1004","0.0006"
"6.5540","0.1003","0.0006"
"6.5740","0.1003","0.0005"
"6.5940","0.1003","0.0005"
"6.6140","0.1003","0.0006"
"6.6340","0.1003","0.0006"
"6.6540","0.1002","0.0006"
"6.6740","0.1002","0.0006"
"6.6940","0.1002","0.0007"
"6.7140","0.1002","0.0008"
"6.7340","0.1002","0.0008"
"6.7540","0.1001","0.0007"
"6.7740","0.1001","0.0007"
"6.7940","0.1001","0.0007"
"6.8140","0.1001","0.0006"
"6.8340","0.1001","0.0006"
"6.8540","0.1001","0.0007"
"6.8740","0.1000","0.0007"
"6.8940","0.1000","0.0008"
"6.9140","0.1000","0.0007"
"6.9340","0.1000","0.0006"
"6.9540","0.1000","0.0006"
"6.9740","0.1000","0.0007"
"6.9940","0.1000","0.0006"
"7.0140","0.1000","0.0007"
"7.0340","0.1000","0.0007"
"7.0540","0.1000","0.0007"
"7.0740","0.1000","0.0007"
"7.0940","0.1000","0.0007"
"7.1140","0.1000","0.0007"
"7.1340","0.1000","0.0006"
"7.1540","0.1000","0.0006"
"7.1740","0.1000","0.0007"
"7.1940","0.1000","0.0007"
"7.2140","0.1000","0.0007"
"7.2340","0.1000","0.0007"
"7.2540","0.1000","0.0007"
"7.2740","0.1000","0.0006"
"7.2940","0.1000","0.0006"
"7.3140","0.1000","0.0007"
"7.3340","0.1000","0.0007"
"7.3540","0.1000","0.0006"
"7.3740","0.1000","0.0006"
"7.3940","0.1000","0.0007"
"7.4140","0.1000","0.0006"
"7.4340","0.1000","0.0005"
"7.4540","0.1000","0.0006"
"7.4740","0.1000","0.0006"
"7.4940","0.1000","0.0005"
"7.5140","0.1000","0.0005"
"7.5340","0.1000","0.0006"
"7.5540","0.1000","0.0007"
"7.5740","0.1000","0.0007"
"7.5940","0.1000","0.0007"
"7.6140","0.1000","0.0007"
"7.6340","0.1000","0.0007"
"7.6540","0.1000","0.0007"
"7.6740","0.1000","0.0007"
"7.6940","0.1000","0.0007"
"7.7140","0.1000","0.0007"
"7.7340","0.1000","0.0007"
"7.7540","0.1000","0.0007"
"7.7740","0.1000","0.0006"
"7.7940","0.1000","0.0005"
"7.8140","0.1000","0.0005"
"7.8340","0.1000","0.0007"
"7.8540","0.1000","0.0007"
"7.8740","0.1000","0.0007"
"7.8940","0.1000","0.0007"
"7.9140","0.1000","0.0006"
"7.9340","0.1000","0.0006"
"7.9540","0.1000","0.0006"
"7.9740","0.1000","0.0005"
"7.9940","0.1000","0.0006"
"8.0140","0.1000","0.0007"
"8.0340","0.1000","0.0006"
"8.0540","0.1000","0.0006"
"8.0740","0.1000","0.0006"
"8.0940","0.1000","0.0007"
"8.1140","0.1000","0.0007"
"8.1340","0.1000","0.0007"
"8.1540","0.1000","0.0006"
"8.1740","0.1000","0.0006"
"8.1940","0.1000","0.0007"
"8.2140","0.1000","0.0007"
"8.2340","0.1000","0.0006"
"8.2540","0.1000","0.0006"
"8.2740","0.1000","0.0006"
"8.2940","0.1000","0.0007"
"8.3140","0.1000","0.0007"
"8.3340","0.1000","0.0007"
"8.3540","0.1000","0.0006"
"8.3740","0.1000","0.0007"
"8.3940","0.1000","0.0007"
"8.4140","0.1000","0.0006"
"8.4340","0.1000","0.0007"
"8.4540","0.1000","0.0006"
"8.4740","0.1000","0.0007"
"8.4940","0.1000","0.0006"
"8.5140","0.1000","0.0006"
"8.5340","0.1000","0.0006"
"8.5540","0.1000","0.0006"
"8.5740","0.1000","0.0006"
"8.5940","0.1000","0.0006"
"8.6140","0.1000","0.0006"
"8.6340","0.1000","0.0006"
"8.6540","0.1000","0.0005"
"8.6740","0.1000","0.0005"
"8.6940","0.1000","0.0006"
"8.7140","0.1000","0.0006"
"8.7340","0.1000","0.0007"
"8.7540","0.1000","0.0007"
"8.7740","0.1000","0.0007"
"8.7940","0.1000","0.0006"
"8.8140","0.1000","0.0007"
"8.8340","0.1000","0.0006"
"8.8540","0.1000","0.0006"
"8.8740","0.1000","0.0006"
"8.8940","0.1000","0.0006"
"8.9140","0.1000","0.0006"
"8.9340","0.1000","0.0006"
"8.9540","0.1000","0.0006"
"8.9740","0.1000","0.0006"
"8.9940","0.1000","0.0006"
"9.0140","0.1000","0.0005"
"9.0340","0.1000","0.0007"
"9.0540","0.1000","0.0006"
"9.0740","0.1000","0.0006"
"9.0940","0.1000","0.0005"
"9.1140","0.1000","0.0005"
"9.1340","0.1000","0.0005"
"9.1540","0.1000","0.0006"
"9.1740","0.1000","0.0006"
"9.1940","0.1000","0.0006"
"9.2140","0.1000","0.0006"
"9.2340","0.1000","0.0006"
"9.2540","0.1000","0.0006"
"9.2740","0.1000","0.0005"
"9.2940","0.1000","0.0005"
"9.3140","0.1000","0.0006"
"9.3340","0.1000","0.0007"
"9.3540","0.1000","0.0006"
"9.3740","0.1000","0.0006"
"9.3940","0.1000","0.0006"
"9.4140","0.1000","0.0007"
"9.4340","0.1000","0.0007"
"9.4540","0.1000","0.0006"
"9.4740","0.1000","0.0006"
"9.4940","0.1000","0.0006"
"9.5140","0.1000","0.0007"
"9.5340","0.1000","0.0006"
"9.5540","0.1000","0.0007"
"9.5740","0.1000","0.0008"
"9.5940","0.1000","0.0007"
"9.6140","0.1000","0.0007"
"9.6340","0.1000","0.0007"
"9.6540","0.1000","0.0006"
"9.6740","0.1000","0.0006"
"9.6940","0.1000","0.0006"
"9.7140","0.1000","0.0007"
"9.7340","0.1000","0.0007"
"9.7540","0.1000","0.0006"
"9.7740","0.1000","0.0006"
"9.7940","0.1000","0.0007"
"9.8140","0.1000","0.0006"
"9.8340","0.1000","0.0006"
"9.8540","0.1000","0.0006"
"9.8740","0.1000","0.0006"
"9.8940","0.1000","0.0006"
"9.9140","0.1000","0.0006"
"9.9340","0.1000","0.0006"
"9.9540","0.1000","0.0007"
"9.9740","0.1000","0.0007"
"9.9940","0.1000","0.0007"
"10.0140","0.1000","0.0007"
"10.0340","0.1000","0.0006"
"10.0540","0.1000","0.0005"
"10.0740","0.1000","0.0005"
"10.0940","0.1000","0.0006"
"10.1140","0.1000","0.0007"
"10.1340","0.1000","0.0007"
"10.1540","0.1000","0.0006"
"10.1740","0.1000","0.0006"
"10.1940","0.1000","0.0006"
"10.2140","0.1000","0.0005"
"10.2340","0.1000","0.0006"
"10.2540","0.1000","0.0007"
"10.2740","0.1000","0.0007"
"10.2940","0.1000","0.0006"
"10.3140","0.1000","0.0005"
"10.3340","0.1000","0.0005"
"10.3540","0.1000","0.0005"
"10.3740","0.1000","0.0005"
"10.3940","0.1000","0.0006"
"10.4140","0.1000","0.0006"
"10.4340","0.1000","0.0005"
"10.4540","0.1000","0.0005"
"10.4740","0.1000","0.0006"
"10.4940","0.1000","0.0006"
"10.5140","0.1000","0.0007"
"10.5340","0.1000","0.0006"
"10.5540","0.1000","0.0006"
"10.5740","0.1000","0.0007"
"10.5940","0.1000","0.0006"
"10.6140","0.1000","0.0006"
"10.6340","0.1000","0.0005"
"10.6540","0.1000","0.0006"
"10.6740","0.1000","0.0006"
"10.6940","0.1000","0.0006"
"10.7140","0.1000","0.0006"
"10.7340","0.1000","0.0006"
"10.7540","0.1000","0.0006"
"10.7740","0.1000","0.0006"
"10.7940","0.1000","0.0006"
"10.8140","0.1000","0.0007"
"10.8340","0.1000","0.0007"
"10.8540","0.1000","0.0006"
"10.8740","0.1000","0.0006"
"10.8940","0.1000","0.0007"
"10.9140","0.1000","0.0007"
"10.9340","0.1000","0.0007"
"10.9540","0.1000","0.0006"
"10.9740","0.1000","0.0006"
"10.9940","0.1000","0.0007"
"11.0140","0.1000","0.0007"
"11.0340","0.1000","0.0006"
"11.0540","0.1000","0.0006"
"11.0740","0.1000","0.0007"
"11.0940","0.1000","0.0007"
"11.1140","0.1000","0.0006"
"11.1340","0.1000","0.0006"
"11.1540","0.1000","0.0006"
"11.1740","0.1000","0.0007"
"11.1940","0.1000","0.0007"
"11.2140","0.1000","0.0007"
"11.2340","0.1000","0.0007"
"11.2540","0.1000","0.0007"
"11.2740","0.1000","0.0006"
"11.2940","0.1000","0.0006"
"11.3140","0.1000","0.0006"
"11.3340","0.1000","0.0006"
"11.3540","0.1000","0.0006"
"11.3740","0.1000","0.0005"
"11.3940","0.1000","0.0006"
"11.4140","0.1000","0.0006"
"11.4340","0.1000","0.0006"
"11.4540","0.1000","0.0006"
"11.4740","0.1000","0.0006"
"11.4940","0.1000","0.0006"
"11.5140","0.1000","0.0006"
"11.5340","0.1000","0.0005"
"11.5540","0.1000","0.0006"
"11.5740","0.1000","0.0006"
"11.5940","0.1000","0.0007"
"11.6140","0.1000","0.0007"
"11.6340","0.1000","0.0006"
"11.6540","0.1000","0.0006"
"11.6740","0.1000","0.0006"
"11.6940","0.1000","0.0006"
"11.7140","0.1000","0.0006"
"11.7340","0.1000","0.0007"
"11.7540","0.1000","0.0006"
"11.7740","0.1000","0.0006"
"11.7940","0.1000","0.0006"
"11.8140","0.1000","0.0006"
"11.8340","0.1000","0.0007"
"11.8540","0.1000","0.0007"
"11.8740","0.1000","0.0007"
"11.8940","0.1000","0.0006"
"11.9140","0.1000","0.0005"
"11.9340","0.1000","0.0006"
"11.9540","0.1000","0.0005"
"11.9740","0.1000","0.0005"
"11.9940","0.1000","0.0005"
"12.0140","0.1000","0.0006"
"12.0340","0.1000","0.0006"
"12.0540","0.1000","0.0006"
"12.0740","0.1000","0.0006"
"12.0940","0.1000","0.0006"
"12.1140","0.1000","0.0006"
"12.1340","0.1000","0.0006"
"12.1540","0.1000","0.0006"
"12.1740","0.1000","0.0005"
"12.1940","0.1000","0.0006"
"12.2140","0.1000","0.0005"
"12.2340","0.1000","0.0006"
"12.2540","0.1000","0.0006"
"12.2740","0.1000","0.0006"
"12.2940","0.1000","0.0006"
"12.3140","0.1000","0.0006"
"12.3340","0.1000","0.0006"
"12.3540","0.1000","0.0006"
"12.3740","0.1000","0.0006"
"12.3940","0.1000","0.0006"
"12.4140","0.1000","0.0007"
"12.4340","0.1000","0.0006"
"12.4540","0.1000","0.0006"
"12.4740","0.1000","0.0006"
"12.4940","0.1000","0.0006"
"12.5140","0.1000","0.0006"
"12.5340","0.1000","0.0006"
"12.5540","0.1000","0.0006"
"12.5740","0.1000","0.0005"
"12.5940","0.1000","0.0006"
"12.6140","0.1000","0.0006"
"12.6340","0.1000","0.0006"
"12.6540","0.1000","0.0007"
"12.6740","0.1000","0.0005"
"12.6940","0.1000","0.0005"
"12.7140","0.1000","0.0006"
"12.7340","0.1000","0.0006"
"12.7540","0.1000","0.0006"
"12.7740","0.1000","0.0005"
"12.7940","0.1000","0.0006"
"12.8140","0.1000","0.0006"
"12.8340","0.1000","0.0005"
"12.8540","0.1000","0.0006"
"12.8740","0.1000","0.0007"
"12.8940","0.1000","0.0006"
"12.9140","0.1000","0.0005"
"12.9340","0.1000","0.0005"
"12.9540","0.1000","0.0005"
"12.9740","0.1000","0.0005"
"12.9940","0.1000","0.0005"
"13.0140","0.1000","0.0005"
"13.0340","0.1000","0.0005"
"13.0540","0.1000","0.0006"
"13.0740","0.1000","0.0006"
"13.0940","0.1000","0.0006"
"13.1140","0.1000","0.0006"
"13.1340","0.1000","0.0007"
"13.1540","0.1000","0.0006"
"13.1740","0.1000","0.0006"
"13.1940","0.1000","0.0006"
"13.2140","0.1000","0.0006"
"13.2340","0.1000","0.0006"
"13.2540","0.1000","0.0005"
"13.2740","0.1000","0.0006"
"13.2940","0.1000","0.0007"
"13.3140","0.1000","0.0007"
"13.3340","0.1000","0.0006"
"13.3540","0.1000","0.0006"
"13.3740","0.1000","0.0006"
"13.3940","0.1000","0.0006"
"13.4140","0.1000","0.0006"
"13.4340","0.1000","0.0006"
"13.4540","0.1000","0.0005"
"13.4740","0.1000","0.0005"
"13.4940","0.1000","0.0006"
"13.5140","0.1000","0.0006"
"13.5340","0.1000","0.0006"
"13.5540","0.1000","0.0006"
"13.5740","0.1000","0.0006"
"13.5940","0.1000","0.0006"
"13.6140","0.1000","0.0006"
"13.6340","0.1000","0.0005"
"13.6540","0.1000","0.0006"
"13.6740","0.1000","0.0006"
"13.6940","0.1000","0.0006"
"13.7140","0.1000","0.0006"
"13.7340","0.1000","0.0006"
"13.7540","0.1000","0.0005"
"13.7740","0.1000","0.0006"
"13.7940","0.1000","0.0007"
"13.8140","0.1000","0.0006"
"13.8340","0.1000","0.0006"
"13.8540","0.1000","0.0006"
"13.8740","0.1000","0.0006"
"13.8940","0.1000","0.0006"
"13.9140","0.1000","0.0006"
"13.9340","0.1000","0.0006"
"13.9540","0.1000","0.0006"
"13.9740","0.1000","0.0006"
"13.9940","0.1000","0.0006"
"14.0140","0.1000","0.0005"
"14.0340","0.1000","0.0006"
"14.0540","0.1000","0.0006"
"14.0740","0.1000","0.0006"
"14.0940","0.1000","0.0005"
"14.1140","0.1000","0.0005"
"14.1340","0.1000","0.0005"
"14.1540","0.1000","0.0005"
"14.1740","0.1000","0.0005"
"14.1940","0.1000","0.0006"
"14.2140","0.1000","0.0005"
"14.2340","0.1000","0.0006"
"14.2540","0.1000","0.0006"
"14.2740","0.1000","0.0006"
"14.2940","0.1000","0.0006"
"14.3140","0.1000","0.0006"
"14.3340","0.1000","0.0006"
"14.3540","0.1000","0.0005"
"14.3740","0.1000","0.0005"
"14.3940","0.1000","0.0005"
"14.4140","0.1000","0.0006"
"14.4340","0.1000","0.0005"
"14.4540","0.1000","0.0005"
"14.4740","0.1000","0.0006"
"14.4940","0.1000","0.0007"
"14.5140","0.1000","0.0007"
"14.5340","0.1000","0.0006"
"14.5540","0.1000","0.0005"
"14.5740","0.1000","0.0005"
"14.5940","0.1000","0.0005"
"14.6140","0.1000","0.0006"
"14.6340","0.1000","0.0006"
"14.6540","0.1000","0.0006"
"14.6740","0.1000","0.0006"
"14.6940","0.1000","0.0006"
"14.7140","0.1000","0.0005"
"14.7340","0.1000","0.0005"
"14.7540","0.1000","0.0005"
"14.7740","0.1000","0.0005"
"14.7940","0.1000","0.0006"
"14.8140","0.1000","0.0007"
"14.8340","0.1000","0.0006"
"14.8540","0.1000","0.0006"
"14.8740","0.1000","0.0005"
"14.8940","0.1000","0.0005"
"14.9140","0.1000","0.0005"
"14.9340","0.1000","0.0006"
"14.9540","0.1000","0.0006"
"14.9740","0.1000","0.0006"
"14.9940","0.1000","0.0006"
"15.0140","0.1000","0.0007"
"15.0340","0.1000","0.0007"
"15.0540","0.1000","0.0006"
"15.0740","0.1000","0.0005"
"15.0940","0.1000","0.0006"
"15.1140","0.1000","0.0007"
"15.1340","0.1000","0.0007"
"15.1540","0.1000","0.0006"
"15.1740","0.1000","0.0006"
"15.1940","0.1000","0.0005"
"15.2140","0.1000","0.0005"
"15.2340","0.1000","0.0006"
"15.2540","0.1000","0.0006"
"15.2740","0.1000","0.0007"
"15.2940","0.1000","0.0006"
"15.3140","0.1000","0.0006"
"15.3340","0.1000","0.0006"
"15.3540","0.1000","0.0006"
"15.3740","0.1000","0.0006"
"15.3940","0.1000","0.0005"
"15.4140","0.1000","0.0007"
"15.4340","0.1000","0.0006"
"15.4540","0.1000","0.0006"
"15.4740","0.1000","0.0006"
"15.4940","0.1000","0.0005"
"15.5140","0.1000","0.0005"
"15.5340","0.1000","0.0005"
"15.5540","0.1000","0.0006"
"15.5740","0.1000","0.0006"
"15.5940","0.1000","0.0005"
"15.6140","0.1000","0.0006"
"15.6340","0.1000","0.0006"
"15.6540","0.1000","0.0007"
"15.6740","0.1000","0.0006"
"15.6940","0.1000","0.0005"
"15.7140","0.1000","0.0005"
"15.7340","0.1000","0.0006"
"15.7540","0.1000","0.0006"
"15.7740","0.1000","0.0006"
"15.7940","0.1000","0.0006"
"15.8140","0.1000","0.0006"
"15.8340","0.1000","0.0006"
"15.8540","0.1000","0.0007"
"15.8740","0.1000","0.0006"
"15.8940","0.1000","0.0006"
"15.9140","0.1000","0.0006"
"15.9340","0.1000","0.0007"
"15.9540","0.1000","0.0007"
"15.9740","0.1000","0.0006"
"15.9940","0.1000","0.0005"
"16.0140","0.1000","0.0006"
"16.0340","0.1000","0.0006"
"16.0540","0.1000","0.0006"
"16.0740","0.1000","0.0005"
"16.0940","0.1000","0.0005"
"16.1140","0.1000","0.0006"
"16.1330","0.1000","0.0005"
"16.1340","0.1000","0.0005"
"16.1440","0.1000","0.0005"
"16.1640","0.1005","0.0008"
"16.1840","0.1114","0.0014"
"16.2040","0.1505","0.0019"
"16.2240","0.2196","0.0018"
"16.2440","0.2994","0.0017"
"16.2640","0.3787","0.0018"
"16.2840","0.4576","0.0017"
"16.3040","0.5379","0.0017"
"16.3240","0.6195","0.0017"
"16.3440","0.7013","0.0017"
"16.3640","0.7822","0.0017"
"16.3840","0.8624","0.0017"
"16.4040","0.9423","0.0018"
"16.4190","1.0022","0.0017"
"16.4200","1.0062","0.0017"
"16.4210","1.0102","0.0017"
"16.4410","1.0892","0.0013"
"16.4610","1.1538","0.0008"
"16.4810","1.1835","0.0008"
"16.5010","1.1706","0.0008"
"16.5210","1.1169","0.0010"
"16.5410","1.0382","0.0016"
"16.5610","0.9571","0.0017"
"16.5810","0.8795","0.0016"
"16.6010","0.8017","0.0016"
"16.6210","0.7214","0.0015"
"16.6410","0.6393","0.0016"
"16.6610","0.5573","0.0016"
"16.6810","0.4763","0.0016"
"16.7010","0.3960","0.0015"
"16.7210","0.3162","0.0015"
"16.7410","0.2363","0.0011"
"16.7610","0.1563","0.0005"
"16.7760","0.0962","0.0000"
"16.7770","0.0922","-0.0001"
"16.7780","0.0882","-0.0001"
"16.7980","0.0092","-0.0005"
"16.8180","-0.0549","-0.0005"
"16.8380","-0.0834","-0.0005"
"16.8580","-0.0682","-0.0001"
"16.8780","-0.0119","0.0000"
"16.8980","0.0677","0.0003"
"16.9180","0.1486","0.0010"
"16.9380","0.2262","0.0015"
"16.9580","0.3041","0.0017"
"16.9780","0.3846","0.0017"
"16.9980","0.4668","0.0016"
"17.0180","0.5487","0.0015"
"17.0380","0.6297","0.0015"
"17.0580","0.7098","0.0015"
"17.0780","0.7896","0.0016"
"17.0980","0.8695","0.0016"
"17.1180","0.9496","0.0015"
"17.1310","1.0017","0.0015"
"17.1320","1.0057","0.0015"
"17.1330","1.0097","0.0016"
"17.1530","1.0888","0.0013"
"17.1730","1.1533","0.0008"
"17.1930","1.1830","0.0006"
"17.2130","1.1700","0.0007"
"17.2330","1.1162","0.0010"
"17.2530","1.0374","0.0016"
"17.2730","0.9563","0.0016"
"17.2930","0.8787","0.0015"
"17.3130","0.8010","0.0016"
"17.3330","0.7207","0.0016"
"17.3530","0.6386","0.0017"
"17.3730","0.5566","0.0016"
"17.3930","0.4755","0.0014"
"17.4130","0.3953","0.0015"
"17.4330","0.3154","0.0014"
"17.4530","0.2355","0.0012"
"17.4730","0.1555","0.0007"
"17.4870","0.0994","0.0002"
"17.4880","0.0954","0.0001"
"17.4890","0.0914","0.0001"
"17.5090","0.0124","-0.0003"
"17.5290","-0.0518","-0.0004"
"17.5490","-0.0804","-0.0004"
"17.5690","-0.0654","-0.0001"
"17.5890","-0.0092","0.0001"
"17.6090","0.0704","0.0004"
"17.6290","0.1513","0.0011"
"17.6490","0.2289","0.0015"
"17.6690","0.3068","0.0017"
"17.6890","0.3873","0.0017"
"17.7090","0.4694","0.0016"
"17.7290","0.5513","0.0016"
"17.7490","0.6323","0.0016"
"17.7690","0.7125","0.0016"
"17.7890","0.7923","0.0016"
"17.8090","0.8722","0.0017"
"17.8290","0.9523","0.0017"
"17.8410","1.0003","0.0017"
"17.8420","1.0044","0.0017"
"17.8430","1.0084","0.0017"
"17.8630","1.0875","0.0014"
"17.8830","1.1520","0.0009"
"17.9030","1.1816","0.0008"
"17.9230","1.1686","0.0008"
"17.9430","1.1149","0.0011"
"17.9630","1.0361","0.0017"
"17.9830","0.9551","0.0017"
"18.0030","0.8775","0.0015"
"18.0230","0.7997","0.0016"
"18.0430","0.7194","0.0016"
"18.0630","0.6373","0.0016"
"18.0830","0.5553","0.0016"
"18.1030","0.4742","0.0015"
"18.1230","0.3940","0.0015"
"18.1430","0.3141","0.0015"
"18.1630","0.2342","0.0012"
"18.1830","0.1542","0.0006"
"18.1970","0.0981","0.0000"
"18.1980","0.0941","0.0000"
"18.1990","0.0901","-0.0001"
"18.2190","0.0111","-0.0005"
"18.2390","-0.0531","-0.0004"
"18.2590","-0.0818","-0.0005"
"18.2790","-0.0670","-0.0001"
"18.2990","-0.0108","0.0001"
"18.3190","0.0687","0.0004"
"18.3390","0.1496","0.0011"
"18.3590","0.2272","0.0016"
"18.3790","0.3052","0.0018"
"18.3990","0.3857","0.0018"
"18.4190","0.4678","0.0016"
"18.4390","0.5497","0.0016"
"18.4590","0.6306","0.0016"
"18.4790","0.7108","0.0017"
"18.4990","0.7907","0.0016"
"18.5190","0.8706","0.0016"
"18.5390","0.9507","0.0016"
"18.5520","1.0027","0.0016"
"18.5530","1.0067","0.0016"
"18.5540","1.0107","0.0016"
"18.5740","1.0899","0.0013"
"18.5940","1.1544","0.0008"
"18.6140","1.1840","0.0007"
"18.6340","1.1710","0.0008"
"18.6540","1.1173","0.0011"
"18.6740","1.0385","0.0017"
"18.6940","0.9574","0.0018"
"18.7140","0.8798","0.0016"
"18.7340","0.8021","0.0016"
"18.7540","0.7217","0.0016"
"18.7740","0.6396","0.0017"
"18.7940","0.5576","0.0015"
"18.8140","0.4766","0.0015"
"18.8340","0.3964","0.0015"
"18.8540","0.3165","0.0015"
"18.8740","0.2366","0.0012"
"18.8940","0.1566","0.0006"
"18.9090","0.0965","0.0000"
"18.9100","0.0925","0.0000"
"18.9110","0.0885","-0.0001"
"18.9310","0.0094","-0.0005"
"18.9510","-0.0547","-0.0005"
"18.9710","-0.0833","-0.0005"
"18.9910","-0.0685","-0.0003"
"19.0110","-0.0123","0.0001"
"19.0310","0.0672","0.0004"
"19.0510","0.1481","0.0010"
"19.0710","0.2257","0.0014"
"19.0910","0.3036","0.0017"
"19.1110","0.3842","0.0017"
"19.1310","0.4663","0.0016"
"19.1510","0.5482","0.0016"
"19.1710","0.6292","0.0016"
"19.1910","0.7094","0.0017"
"19.2110","0.7892","0.0017"
"19.2310","0.8691","0.0016"
"19.2510","0.9492","0.0015"
"19.2640","1.0013","0.0016"
"19.2650","1.0053","0.0016"
"19.2660","1.0093","0.0016"
"19.2860","1.0884","0.0013"
"19.3060","1.1529","0.0008"
"19.3260","1.1826","0.0007"
"19.3460","1.1696","0.0007"
"19.3660","1.1158","0.0010"
"19.3860","1.0371","0.0015"
"19.4060","0.9560","0.0016"
"19.4260","0.8784","0.0015"
"19.4460","0.8007","0.0016"
"19.4660","0.7204","0.0015"
"19.4860","0.6382","0.0016"
"19.5060","0.5562","0.0016"
"19.5260","0.4751","0.0016"
"19.5460","0.3949","0.0016"
"19.5660","0.3151","0.0015"
"19.5860","0.2352","0.0012"
"19.6060","0.1552","0.0005"
"19.6200","0.0991","0.0000"
"19.6210","0.0951","-0.0001"
"19.6220","0.0911","-0.0001"
"19.6420","0.0120","-0.0006"
"19.6620","-0.0522","-0.0005"
"19.6820","-0.0809","-0.0005"
"19.7020","-0.0660","-0.0002"
"19.7220","-0.0098","0.0001"
"19.7420","0.0698","0.0003"
"19.7620","0.1507","0.0011"
"19.7820","0.2283","0.0016"
"19.8020","0.3062","0.0017"
"19.8220","0.3867","0.0017"
"19.8420","0.4688","0.0016"
"19.8620","0.5507","0.0017"
"19.8820","0.6317","0.0016"
"19.9020","0.7119","0.0016"
"19.9220","0.7917","0.0016"
"19.9420","0.8716","0.0017"
"19.9620","0.9517","0.0017"
"19.9750","1.0038","0.0017"
"19.9760","1.0078","0.0017"
"19.9770","1.0118","0.0017"
"19.9970","1.0909","0.0014"
"20.0170","1.1554","0.0008"
"20.0370","1.1850","0.0006"
"20.0570","1.1720","0.0006"
"20.0770","1.1182","0.0010"
"20.0970","1.0395","0.0017"
"20.1170","0.9583","0.0018"
"20.1370","0.8806","0.0015"
"20.1570","0.8029","0.0015"
"20.1770","0.7226","0.0015"
"20.1970","0.6405","0.0016"
"20.2170","0.5585","0.0015"
"20.2370","0.4775","0.0015"
"20.2570","0.3973","0.0015"
"20.2770","0.3175","0.0014"
"20.2970","0.2376","0.0012"
"20.3170","0.1575","0.0006"
"20.3320","0.0974","0.0000"
"20.3330","0.0934","0.0000"
"20.3340","0.0894","0.0000"
"20.3540","0.0104","-0.0005"
"20.3740","-0.0539","-0.0005"
"20.3940","-0.0825","-0.0005"
"20.4140","-0.0676","-0.0002"
"20.4340","-0.0114","0.0001"
"20.4540","0.0681","0.0004"
"20.4740","0.1490","0.0010"
"20.4940","0.2266","0.0015"
"20.5140","0.3045","0.0017"
"20.5340","0.3851","0.0017"
"20.5540","0.4672","0.0016"
"20.5740","0.5491","0.0016"
"20.5940","0.6301","0.0017"
"20.6140","0.7102","0.0017"
"20.6340","0.7901","0.0016"
"20.6540","0.8700","0.0016"
"20.6740","0.9500","0.0016"
"20.6870","1.0021","0.0016"
"20.6880","1.0061","0.0016"
"20.6890","1.0101","0.0016"
"20.7090","1.0893","0.0013"
"20.7290","1.1538","0.0007"
"20.7490","1.1834","0.0006"
"20.7690","1.1704","0.0007"
"20.7890","1.1166","0.0010"
"20.8090","1.0378","0.0016"
"20.8290","0.9567","0.0017"
"20.8490","0.8791","0.0015"
"20.8690","0.8014","0.0015"
"20.8890","0.7211","0.0015"
"20.9090","0.6390","0.0016"
"20.9290","0.5570","0.0016"
"20.9490","0.4759","0.0015"
"20.9690","0.3957","0.0015"
"20.9890","0.3158","0.0014"
"21.0090","0.2360","0.0010"
"21.0290","0.1559","0.0005"
"21.0430","0.0998","0.0000"
"21.0440","0.0958","-0.0001"
"21.0450","0.0918","-0.0001"
"21.0650","0.0128","-0.0006"
"21.0850","-0.0514","-0.0006"
"21.1050","-0.0800","-0.0006"
"21.1250","-0.0651","-0.0003"
"21.1450","-0.0090","0.0000"
"21.1650","0.0706","0.0004"
"21.1850","0.1515","0.0010"
"21.2050","0.2291","0.0015"
"21.2250","0.3071","0.0018"
"21.2450","0.3876","0.0018"
"21.2650","0.4697","0.0017"
"21.2850","0.5516","0.0017"
"21.3050","0.6325","0.0016"
"21.3250","0.7127","0.0016"
"21.3450","0.7925","0.0016"
"21.3650","0.8724","0.0016"
"21.3850","0.9525","0.0016"
"21.3970","1.0006","0.0016"
"21.3980","1.0046","0.0016"
"21.3990","1.0086","0.0016"
"21.4190","1.0877","0.0013"
"21.4390","1.1522","0.0009"
"21.4590","1.1819","0.0007"
"21.4790","1.1689","0.0008"
"21.4990","1.1151","0.0011"
"21.5190","1.0364","0.0017"
"21.5390","0.9553","0.0017"
"21.5590","0.8777","0.0015"
"21.5790","0.7999","0.0015"
"21.5990","0.7196","0.0015"
"21.6190","0.6375","0.0016"
"21.6390","0.5555","0.0017"
"21.6590","0.4744","0.0015"
"21.6790","0.3942","0.0015"
"21.6990","0.3144","0.0013"
"21.7190","0.2345","0.0010"
"21.7390","0.1545","0.0005"
"21.7530","0.0984","0.0000"
"21.7540","0.0944","0.0000"
"21.7550","0.0904","0.0000"
"21.7750","0.0113","-0.0004"
"21.7950","-0.0529","-0.0005"
"21.8150","-0.0816","-0.0005"
"21.8350","-0.0668","-0.0001"
"21.8550","-0.0106","0.0002"
"21.8750","0.0689","0.0004"
"21.8950","0.1498","0.0009"
"21.9150","0.2274","0.0015"
"21.9350","0.3053","0.0017"
"21.9550","0.3858","0.0017"
"21.9750","0.4680","0.0017"
"21.9950","0.5500","0.0016"
"22.0150","0.6309","0.0017"
"22.0350","0.7111","0.0017"
"22.0550","0.7909","0.0016"
"22.0750","0.8708","0.0017"
"22.0950","0.9509","0.0016"
"22.1080","1.0029","0.0016"
"22.1090","1.0070","0.0016"
"22.1100","1.0110","0.0016"
"22.1300","1.0901","0.0014"
"22.1500","1.1545","0.0009"
"22.1700","1.1841","0.0007"
"22.1900","1.1711","0.0007"
"22.2100","1.1172","0.0010"
"22.2300","1.0385","0.0016"
"22.2500","0.9573","0.0018"
"22.2700","0.8797","0.0016"
"22.2900","0.8020","0.0016"
"22.3100","0.7217","0.0016"
"22.3300","0.6396","0.0016"
"22.3500","0.5576","0.0016"
"22.3700","0.4765","0.0015"
"22.3900","0.3963","0.0015"
"22.4100","0.3165","0.0014"
"22.4300","0.2366","0.0011"
"22.4500","0.1565","0.0006"
"22.4650","0.0965","0.0001"
"22.4660","0.0925","0.0001"
"22.4670","0.0885","0.0001"
"22.4870","0.0094","-0.0005"
"22.5070","-0.0548","-0.0005"
"22.5270","-0.0835","-0.0006"
"22.5470","-0.0687","-0.0003"
"22.5670","-0.0126","0.0001"
"22.5870","0.0669","0.0004"
"22.6070","0.1478","0.0010"
"22.6270","0.2253","0.0016"
"22.6470","0.3033","0.0018"
"22.6670","0.3838","0.0018"
"22.6870","0.4660","0.0015"
"22.7070","0.5479","0.0015"
"22.7270","0.6289","0.0015"
"22.7470","0.7090","0.0016"
"22.7670","0.7888","0.0016"
"22.7870","0.8687","0.0016"
"22.8070","0.9488","0.0016"
"22.8200","1.0009","0.0016"
"22.8210","1.0049","0.0016"
"22.8220","1.0089","0.0016"
"22.8420","1.0881","0.0014"
"22.8620","1.1526","0.0008"
"22.8820","1.1822","0.0007"
"22.9020","1.1692","0.0007"
"22.9220","1.1154","0.0010"
"22.9420","1.0367","0.0016"
"22.9620","0.9556","0.0016"
"22.9820","0.8779","0.0014"
"23.0020","0.8002","0.0015"
"23.0220","0.7199","0.0015"
"23.0420","0.6378","0.0015"
"23.0620","0.5558","0.0015"
"23.0820","0.4747","0.0016"
"23.1020","0.3945","0.0015"
"23.1220","0.3147","0.0014"
"23.1420","0.2348","0.0011"
"23.1620","0.1547","0.0005"
"23.1760","0.0987","0.0000"
"23.1770","0.0947","0.0000"
"23.1780","0.0907","-0.0001"
"23.1980","0.0116","-0.0005"
"23.2180","-0.0526","-0.0005"
"23.2380","-0.0813","-0.0005"
"23.2580","-0.0664","-0.0002"
"23.2780","-0.0102","0.0000"
"23.2980","0.0693","0.0003"
"23.3180","0.1503","0.0010"
"23.3380","0.2279","0.0016"
"23.3580","0.3059","0.0018"
"23.3780","0.3864","0.0017"
"23.3980","0.4684","0.0017"
"23.4180","0.5503","0.0017"
"23.4380","0.6313","0.0015"
"23.4580","0.7114","0.0016"
"23.4780","0.7913","0.0016"
"23.4980","0.8712","0.0016"
"23.5180","0.9513","0.0016"
"23.5310","1.0033","0.0016"
"23.5320","1.0073","0.0016"
"23.5330","1.0114","0.0016"
"23.5530","1.0905","0.0013"
"23.5730","1.1550","0.0007"
"23.5930","1.1846","0.0006"
"23.6130","1.1716","0.0007"
"23.6330","1.1179","0.0011"
"23.6530","1.0391","0.0017"
"23.6730","0.9580","0.0017"
"23.6930","0.8803","0.0015"
"23.7130","0.8026","0.0015"
"23.7330","0.7223","0.0015"
"23.7530","0.6402","0.0016"
"23.7730","0.5582","0.0015"
"23.7930","0.4772","0.0015"
"23.8130","0.3970","0.0015"
"23.8330","0.3171","0.0015"
"23.8530","0.2372","0.0013"
"23.8730","0.1572","0.0007"
"23.8880","0.0971","0.0000"
"23.8890","0.0931","-0.0001"
"23.8900","0.0891","-0.0001"
"23.9100","0.0100","-0.0006"
"23.9300","-0.0542","-0.0006"
"23.9500","-0.0829","-0.0006"
"23.9700","-0.0682","-0.0004"
"23.9900","-0.0121","0.0000"
"24.0100","0.0674","0.0003"
"24.0300","0.1483","0.0011"
"24.0500","0.2259","0.0016"
"24.0700","0.3039","0.0018"
"24.0900","0.3844","0.0018"
"24.1100","0.4665","0.0017"
"24.1300","0.5484","0.0016"
"24.1500","0.6294","0.0016"
"24.1700","0.7095","0.0016"
"24.1900","0.7893","0.0016"
"24.2100","0.8692","0.0016"
"24.2300","0.9493","0.0016"
"24.2430","1.0014","0.0017"
"24.2440","1.0054","0.0017"
"24.2450","1.0094","0.0017"
"24.2650","1.0886","0.0013"
"24.2850","1.1531","0.0009"
"24.3050","1.1827","0.0007"
"24.3250","1.1697","0.0008"
"24.3450","1.1159","0.0012"
"24.3650","1.0371","0.0016"
"24.3850","0.9560","0.0017"
"24.4050","0.8783","0.0016"
"24.4250","0.8006","0.0017"
"24.4450","0.7203","0.0016"
"24.4650","0.6382","0.0015"
"24.4850","0.5562","0.0015"
"24.5050","0.4752","0.0015"
"24.5250","0.3950","0.0015"
"24.5450","0.3151","0.0014"
"24.5650","0.2352","0.0011"
"24.5850","0.1552","0.0005"
"24.5990","0.0991","0.0000"
"24.6000","0.0951","0.0000"
"24.6010","0.0911","0.0000"
"24.6210","0.0120","-0.0005"
"24.6410","-0.0522","-0.0005"
"24.6610","-0.0810","-0.0006"
"24.6810","-0.0662","-0.0003"
"24.7010","-0.0101","-0.0001"
"24.7210","0.0694","0.0004"
"24.7410","0.1503","0.0011"
"24.7610","0.2279","0.0017"
"24.7810","0.3058","0.0017"
"24.8010","0.3864","0.0017"
"24.8210","0.4685","0.0016"
"24.8410","0.5504","0.0016"
"24.8610","0.6314","0.0016"
"24.8810","0.7115","0.0016"
"24.9010","0.7913","0.0016"
"24.9210","0.8713","0.0016"
"24.9410","0.9513","0.0017"
"24.9540","1.0034","0.0018"
"24.9550","1.0074","0.0018"
"24.9560","1.0114","0.0018"
"24.9760","1.0906","0.0014"
"24.9960","1.1551","0.0009"
"25.0160","1.1847","0.0007"
"25.0360","1.1718","0.0008"
"25.0560","1.1180","0.0011"
"25.0760","1.0393","0.0016"
"25.0960","0.9582","0.0017"
"25.1160","0.8806","0.0015"
"25.1360","0.8028","0.0015"
"25.1560","0.7225","0.0015"
"25.1760","0.6404","0.0016"
"25.1960","0.5584","0.0017"
"25.2160","0.4774","0.0016"
"25.2360","0.3972","0.0016"
"25.2560","0.3173","0.0014"
"25.2760","0.2374","0.0011"
"25.2960","0.1574","0.0005"
"25.3110","0.0973","0.0000"
"25.3120","0.0933","-0.0001"
"25.3130","0.0893","-0.0001"
"25.3330","0.0103","-0.0006"
"25.3530","-0.0540","-0.0005"
"25.3730","-0.0826","-0.0006"
"25.3930","-0.0678","-0.0003"
"25.4130","-0.0116","0.0001"
"25.4330","0.0678","0.0004"
"25.4530","0.1487","0.0010"
"25.4730","0.2263","0.0015"
"25.4930","0.3043","0.0016"
"25.5130","0.3849","0.0016"
"25.5330","0.4670","0.0017"
"25.5530","0.5489","0.0017"
"25.5730","0.6299","0.0017"
"25.5930","0.7100","0.0016"
"25.6130","0.7898","0.0016"
"25.6330","0.8697","0.0017"
"25.6530","0.9498","0.0017"
"25.6660","1.0019","0.0017"
"25.6670","1.0059","0.0017"
"25.6680","1.0099","0.0017"
"25.6880","1.0890","0.0013"
"25.7080","1.1536","0.0008"
"25.7280","1.1832","0.0007"
"25.7480","1.1702","0.0007"
"25.7680","1.1165","0.0010"
"25.7880","1.0377","0.0017"
"25.8080","0.9566","0.0017"
"25.8280","0.8790","0.0016"
"25.8480","0.8013","0.0016"
"25.8680","0.7209","0.0015"
"25.8880","0.6389","0.0016"
"25.9080","0.5569","0.0017"
"25.9280","0.4758","0.0016"
"25.9480","0.3956","0.0017"
"25.9680","0.3158","0.0015"
"25.9880","0.2359","0.0011"
"26.0080","0.1558","0.0005"
"26.0220","0.0998","0.0000"
"26.0230","0.0958","-0.0001"
"26.0240","0.0918","-0.0001"
"26.0440","0.0127","-0.0006"
"26.0640","-0.0516","-0.0006"
"26.0840","-0.0803","-0.0006"
"26.1040","-0.0654","-0.0002"
"26.1240","-0.0093","0.0001"
"26.1440","0.0702","0.0003"
"26.1640","0.1511","0.0010"
"26.1840","0.2286","0.0016"
"26.2040","0.3066","0.0017"
"26.2240","0.3872","0.0017"
"26.2440","0.4693","0.0016"
"26.2640","0.5513","0.0017"
"26.2840","0.6322","0.0017"
"26.3040","0.7124","0.0016"
"26.3240","0.7922","0.0016"
"26.3440","0.8721","0.0016"
"26.3640","0.9522","0.0017"
"26.3760","1.0003","0.0017"
"26.3770","1.0043","0.0017"
"26.3780","1.0083","0.0017"
"26.3980","1.0874","0.0013"
"26.4180","1.1519","0.0008"
"26.4380","1.1816","0.0006"
"26.4580","1.1686","0.0007"
"26.4780","1.1148","0.0010"
"26.4980","1.0361","0.0015"
"26.5180","0.9549","0.0017"
"26.5380","0.8773","0.0016"
"26.5580","0.7996","0.0015"
"26.5780","0.7192","0.0015"
"26.5980","0.6372","0.0016"
"26.6180","0.5552","0.0016"
"26.6380","0.4741","0.0015"
"26.6580","0.3939","0.0014"
"26.6780","0.3141","0.0014"
"26.6980","0.2342","0.0011"
"26.7180","0.1542","0.0006"
"26.7320","0.0981","0.0000"
"26.7330","0.0941","0.0000"
"26.7340","0.0901","0.0000"
"26.7540","0.0110","-0.0006"
"26.7740","-0.0532","-0.0006"
"26.7940","-0.0819","-0.0006"
"26.8140","-0.0670","-0.0003"
"26.8340","-0.0109","0.0000"
"26.8540","0.0686","0.0003"
"26.8740","0.1495","0.0009"
"26.8940","0.2271","0.0014"
"26.9140","0.3050","0.0016"
"26.9340","0.3856","0.0016"
"26.9540","0.4677","0.0016"
"26.9740","0.5497","0.0017"
"26.9940","0.6306","0.0016"
"27.0140","0.7108","0.0017"
"27.0340","0.7906","0.0017"
"27.0540","0.8705","0.0017"
"27.0740","0.9506","0.0017"
"27.0870","1.0027","0.0017"
"27.0880","1.0067","0.0017"
"27.0890","1.0107","0.0017"
"27.1090","1.0898","0.0014"
"27.1290","1.1543","0.0008"
"27.1490","1.1840","0.0006"
"27.1690","1.1710","0.0008"
"27.1890","1.1173","0.0011"
"27.2090","1.0385","0.0015"
"27.2290","0.9574","0.0016"
"27.2490","0.8798","0.0016"
"27.2690","0.8020","0.0016"
"27.2890","0.7217","0.0016"
"27.3090","0.6396","0.0017"
"27.3290","0.5576","0.0017"
"27.3490","0.4766","0.0016"
"27.3690","0.3964","0.0015"
"27.3890","0.3166","0.0014"
"27.4090","0.2367","0.0010"
"27.4290","0.1566","0.0005"
"27.4440","0.0966","-0.0001"
"27.4450","0.0926","-0.0001"
"27.4460","0.0885","-0.0002"
"27.4660","0.0094","-0.0007"
"27.4860","-0.0548","-0.0007"
"27.5060","-0.0836","-0.0006"
"27.5260","-0.0688","-0.0002"
"27.5460","-0.0127","0.0001"
"27.5660","0.0667","0.0003"
"27.5860","0.1476","0.0010"
"27.6060","0.2252","0.0015"
"27.6260","0.3032","0.0016"
"27.6460","0.3837","0.0017"
"27.6660","0.4659","0.0017"
"27.6860","0.5478","0.0017"
"27.7060","0.6288","0.0017"
"27.7260","0.7089","0.0017"
"27.7460","0.7887","0.0017"
"27.7660","0.8686","0.0017"
"27.7860","0.9487","0.0017"
"27.7990","1.0008","0.0017"
"27.8000","1.0048","0.0017"
"27.8010","1.0088","0.0017"
"27.8210","1.0879","0.0014"
"27.8410","1.1524","0.0008"
"27.8610","1.1820","0.0008"
"27.8810","1.1690","0.0008"
"27.9010","1.1152","0.0010"
"27.9210","1.0364","0.0017"
"27.9410","0.9553","0.0017"
"27.9610","0.8777","0.0016"
"27.9810","0.8000","0.0016"
"28.0010","0.7197","0.0015"
"28.0210","0.6376","0.0016"
"28.0410","0.5556","0.0015"
"28.0610","0.4745","0.0014"
"28.0810","0.3943","0.0015"
"28.1010","0.3145","0.0014"
"28.1210","0.2346","0.0011"
"28.1410","0.1545","0.0005"
"28.1550","0.0985","0.0000"
"28.1560","0.0945","-0.0001"
"28.1570","0.0904","-0.0001"
"28.1770","0.0114","-0.0006"
"28.1970","-0.0529","-0.0006"
"28.2170","-0.0816","-0.0006"
"28.2370","-0.0668","-0.0003"
"28.2570","-0.0107","0.0000"
"28.2770","0.0688","0.0003"
"28.2970","0.1497","0.0010"
"28.3170","0.2273","0.0015"
"28.3370","0.3053","0.0017"
"28.3570","0.3858","0.0018"
"28.3770","0.4680","0.0017"
"28.3970","0.5499","0.0017"
"28.4170","0.6309","0.0017"
"28.4370","0.7110","0.0017"
"28.4570","0.7908","0.0017"
"28.4770","0.8707","0.0017"
"28.4970","0.9508","0.0016"
"28.5100","1.0029","0.0016"
"28.5110","1.0069","0.0016"
"28.5120","1.0109","0.0016"
"28.5320","1.0900","0.0014"
"28.5520","1.1546","0.0009"
"28.5720","1.1842","0.0007"
"28.5920","1.1713","0.0007"
"28.6120","1.1175","0.0009"
"28.6320","1.0387","0.0015"
"28.6520","0.9576","0.0017"
"28.6720","0.8800","0.0015"
"28.6920","0.8022","0.0015"
"28.7120","0.7219","0.0015"
"28.7320","0.6398","0.0016"
"28.7520","0.5578","0.0016"
"28.7720","0.4768","0.0016"
"28.7920","0.3966","0.0015"
"28.8120","0.3167","0.0013"
"28.8320","0.2369","0.0010"
"28.8520","0.1569","0.0006"
"28.8670","0.0968","0.0000"
"28.8680","0.0928","-0.0001"
"28.8690","0.0888","-0.0001"
"28.8890","0.0097","-0.0006"
"28.9090","-0.0545","-0.0007"
"28.9290","-0.0832","-0.0007"
"28.9490","-0.0683","-0.0004"
"28.9690","-0.0122","0.0000"
"28.9890","0.0673","0.0003"
"29.0090","0.1482","0.0010"
"29.0290","0.2257","0.0016"
"29.0490","0.3037","0.0017"
"29.0690","0.3843","0.0017"
"29.0890","0.4664","0.0016"
"29.1090","0.5484","0.0016"
"29.1290","0.6293","0.0016"
"29.1490","0.7095","0.0016"
"29.1690","0.7893","0.0017"
"29.1890","0.8692","0.0016"
"29.2090","0.9493","0.0017"
"29.2220","1.0014","0.0017"
"29.2230","1.0054","0.0017"
"29.2240","1.0094","0.0017"
"29.2440","1.0885","0.0014"
"29.2640","1.1530","0.0008"
"29.2840","1.1827","0.0007"
"29.3040","1.1697","0.0007"
"29.3240","1.1160","0.0009"
"29.3440","1.0372","0.0016"
"29.3640","0.9561","0.0017"
"29.3840","0.8784","0.0016"
"29.4040","0.8007","0.0016"
"29.4240","0.7204","0.0016"
"29.4440","0.6383","0.0017"
"29.4640","0.5563","0.0016"
"29.4840","0.4753","0.0015"
"29.5040","0.3951","0.0015"
"29.5240","0.3152","0.0014"
"29.5440","0.2354","0.0011"
"29.5640","0.1553","0.0006"
"29.5780","0.0992","0.0001"
"29.5790","0.0952","0.0000"
"29.5800","0.0912","0.0000"
"29.6000","0.0121","-0.0005"
"29.6200","-0.0522","-0.0006"
"29.6400","-0.0809","-0.0006"
"29.6600","-0.0661","-0.0002"
"29.6800","-0.0100","0.0001"
"29.7000","0.0695","0.0003"
"29.7200","0.1503","0.0009"
"29.7400","0.2279","0.0014"
"29.7600","0.3059","0.0017"
"29.7800","0.3865","0.0017"
"29.8000","0.4686","0.0016"
"29.8200","0.5505","0.0016"
"29.8400","0.6315","0.0016"
"29.8600","0.7116","0.0017"
"29.8800","0.7914","0.0017"
"29.9000","0.8713","0.0017"
"29.9200","0.9514","0.0017"
"29.9330","1.0035","0.0017"
"29.9340","1.0076","0.0017"
"29.9350","1.0116","0.0017"
"29.9550","1.0907","0.0014"
"29.9750","1.1552","0.0009"
"29.9950","1.1848","0.0007"
"30.0150","1.1718","0.0007"
"30.0350","1.1180","0.0010"
"30.0550","1.0392","0.0016"
"30.0750","0.9581","0.0016"
"30.0950","0.8804","0.0015"
"30.1150","0.8027","0.0015"
"30.1350","0.7224","0.0016"
"30.1550","0.6403","0.0016"
"30.1750","0.5583","0.0016"
"30.1950","0.4773","0.0015"
"30.2150","0.3971","0.0016"
"30.2350","0.3173","0.0015"
"30.2550","0.2374","0.0011"
"30.2750","0.1573","0.0005"
"30.2900","0.0973","-0.0001"
"30.2910","0.0933","-0.0001"
"30.2920","0.0893","-0.0002"
"30.3120","0.0101","-0.0007"
"30.3320","-0.0541","-0.0007"
"30.3520","-0.0829","-0.0006"
"30.3720","-0.0682","-0.0003"
"30.3920","-0.0121","-0.0001"
"30.4120","0.0673","0.0002"
"30.4320","0.1481","0.0009"
"30.4520","0.2257","0.0014"
"30.4720","0.3037","0.0015"
"30.4920","0.3843","0.0017"
"30.5120","0.4664","0.0017"
"30.5320","0.5484","0.0017"
"30.5520","0.6294","0.0017"
"30.5720","0.7095","0.0017"
"30.5920","0.7893","0.0016"
"30.6120","0.8692","0.0016"
"30.6320","0.9493","0.0016"
"30.6450","1.0014","0.0017"
"30.6460","1.0054","0.0017"
"30.6470","1.0094","0.0017"
"30.6670","1.0885","0.0014"
"30.6870","1.1530","0.0009"
"30.7070","1.1827","0.0007"
"30.7270","1.1697","0.0007"
"30.7470","1.1159","0.0010"
"30.7670","1.0372","0.0017"
"30.7870","0.9561","0.0017"
"30.8070","0.8785","0.0016"
"30.8270","0.8008","0.0016"
"30.8470","0.7204","0.0016"
"30.8670","0.6383","0.0016"
"30.8870","0.5563","0.0015"
"30.9070","0.4753","0.0014"
"30.9270","0.3951","0.0014"
"30.9470","0.3152","0.0014"
"30.9670","0.2353","0.0010"
"30.9870","0.1553","0.0004"
"31.0010","0.0992","-0.0001"
"31.0020","0.0952","-0.0002"
"31.0030","0.0912","-0.0002"
"31.0230","0.0121","-0.0006"
"31.0430","-0.0521","-0.0006"
"31.0630","-0.0808","-0.0006"
"31.0830","-0.0659","-0.0003"
"31.1030","-0.0097","0.0000"
"31.1230","0.0698","0.0002"
"31.1430","0.1507","0.0009"
"31.1630","0.2283","0.0015"
"31.1830","0.3062","0.0016"
"31.2030","0.3868","0.0017"
"31.2230","0.4689","0.0016"
"31.2430","0.5509","0.0017"
"31.2630","0.6318","0.0016"
"31.2830","0.7120","0.0016"
"31.3030","0.7918","0.0015"
"31.3230","0.8717","0.0016"
"31.3430","0.9518","0.0017"
"31.3560","1.0039","0.0017"
"31.3570","1.0079","0.0017"
"31.3580","1.0119","0.0017"
"31.3780","1.0910","0.0013"
"31.3980","1.1555","0.0008"
"31.4180","1.1852","0.0007"
"31.4380","1.1722","0.0008"
"31.4580","1.1185","0.0010"
"31.4780","1.0398","0.0016"
"31.4980","0.9587","0.0017"
"31.5180","0.8810","0.0016"
"31.5380","0.8033","0.0015"
"31.5580","0.7230","0.0014"
"31.5780","0.6409","0.0015"
"31.5980","0.5589","0.0015"
"31.6180","0.4778","0.0015"
"31.6380","0.3977","0.0014"
"31.6580","0.3178","0.0013"
"31.6780","0.2379","0.0010"
"31.6980","0.1579","0.0005"
"31.7130","0.0978","-0.0001"
"31.7140","0.0938","-0.0001"
"31.7150","0.0898","-0.0001"
"31.7350","0.0107","-0.0005"
"31.7550","-0.0536","-0.0006"
"31.7750","-0.0823","-0.0007"
"31.7950","-0.0675","-0.0004"
"31.8150","-0.0115","-0.0001"
"31.8350","0.0680","0.0003"
"31.8550","0.1489","0.0010"
"31.8750","0.2264","0.0015"
"31.8950","0.3044","0.0017"
"31.9150","0.3850","0.0016"
"31.9350","0.4672","0.0016"
"31.9550","0.5491","0.0016"
"31.9750","0.6300","0.0017"
"31.9950","0.7102","0.0017"
"32.0150","0.7900","0.0018"
"32.0350","0.8699","0.0017"
"32.0550","0.9500","0.0017"
"32.0680","1.0021","0.0017"
"32.0690","1.0061","0.0017"
"32.0700","1.0101","0.0017"
"32.0900","1.0892","0.0013"
"32.1100","1.1537","0.0008"
"32.1300","1.1833","0.0007"
"32.1500","1.1703","0.0007"
"32.1700","1.1164","0.0009"
"32.1900","1.0377","0.0015"
"32.2100","0.9565","0.0017"
"32.2300","0.8789","0.0016"
"32.2500","0.8012","0.0015"
"32.2700","0.7209","0.0014"
"32.2900","0.6388","0.0015"
"32.3100","0.5568","0.0016"
"32.3300","0.4757","0.0016"
"32.3500","0.3956","0.0016"
"32.3700","0.3157","0.0014"
"32.3900","0.2358","0.0011"
"32.4100","0.1558","0.0005"
"32.4240","0.0997","-0.0001"
"32.4250","0.0957","-0.0001"
"32.4260","0.0917","-0.0001"
"32.4460","0.0126","-0.0006"
"32.4660","-0.0517","-0.0006"
"32.4860","-0.0804","-0.0006"
"32.5060","-0.0656","-0.0004"
"32.5260","-0.0095","-0.0001"
"32.5460","0.0700","0.0002"
"32.5660","0.1508","0.0009"
"32.5860","0.2284","0.0015"
"32.6060","0.3063","0.0017"
"32.6260","0.3869","0.0018"
"32.6460","0.4691","0.0017"
"32.6660","0.5510","0.0017"
"32.6860","0.6320","0.0017"
"32.7060","0.7121","0.0017"
"32.7260","0.7919","0.0016"
"32.7460","0.8719","0.0016"
"32.7660","0.9520","0.0016"
"32.7780","1.0000","0.0017"
"32.7790","1.0040","0.0017"
"32.7800","1.0081","0.0017"
"32.8000","1.0872","0.0014"
"32.8200","1.1517","0.0008"
"32.8400","1.1814","0.0007"
"32.8600","1.1684","0.0007"
"32.8800","1.1147","0.0011"
"32.9000","1.0360","0.0017"
"32.9200","0.9549","0.0017"
"32.9400","0.8772","0.0016"
"32.9600","0.7995","0.0016"
"32.9800","0.7192","0.0016"
"33.0000","0.6371","0.0017"
"33.0200","0.5550","0.0016"
"33.0400","0.4740","0.0016"
"33.0600","0.3938","0.0016"
"33.0800","0.3140","0.0013"
"33.1000","0.2341","0.0010"
"33.1200","0.1541","0.0005"
"33.1340","0.0980","-0.0001"
"33.1350","0.0940","-0.0001"
"33.1360","0.0900","-0.0002"
"33.1560","0.0109","-0.0007"
"33.1760","-0.0533","-0.0006"
"33.1960","-0.0820","-0.0006"
"33.2160","-0.0672","-0.0003"
"33.2360","-0.0111","-0.0001"
"33.2560","0.0684","0.0002"
"33.2760","0.1493","0.0010"
"33.2960","0.2269","0.0015"
"33.3160","0.3049","0.0018"
"33.3360","0.3854","0.0018"
"33.3560","0.4676","0.0016"
"33.3760","0.5495","0.0016"
"33.3960","0.6305","0.0016"
"33.4160","0.7106","0.0016"
"33.4360","0.7904","0.0016"
"33.4560","0.8703","0.0017"
"33.4760","0.9504","0.0017"
"33.4890","1.0025","0.0017"
"33.4900","1.0065","0.0017"
"33.4910","1.0105","0.0017"
"33.5110","1.0897","0.0014"
"33.5310","1.1542","0.0009"
"33.5510","1.1839","0.0008"
"33.5710","1.1709","0.0008"
"33.5910","1.1171","0.0011"
"33.6110","1.0384","0.0017"
"33.6310","0.9573","0.0017"
"33.6510","0.8797","0.0015"
"33.6710","0.8019","0.0016"
"33.6910","0.7216","0.0016"
"33.7110","0.6395","0.0017"
"33.7310","0.5575","0.0017"
"33.7510","0.4764","0.0015"
"33.7710","0.3962","0.0015"
"33.7910","0.3164","0.0014"
"33.8110","0.2366","0.0011"
"33.8310","0.1565","0.0004"
"33.8460","0.0965","-0.0001"
"33.8470","0.0925","-0.0001"
"33.8480","0.0885","-0.0002"
"33.8680","0.0093","-0.0006"
"33.8880","-0.0549","-0.0006"
"33.9080","-0.0837","-0.0007"
"33.9280","-0.0689","-0.0004"
"33.9480","-0.0129","-0.0001"
"33.9680","0.0666","0.0003"
"33.9880","0.1474","0.0009"
"34.0080","0.2250","0.0015"
"34.0280","0.3029","0.0017"
"34.0480","0.3835","0.0016"
"34.0680","0.4657","0.0016"
"34.0880","0.5477","0.0016"
"34.1080","0.6286","0.0016"
"34.1280","0.7088","0.0016"
"34.1480","0.7886","0.0016"
"34.1680","0.8685","0.0016"
"34.1880","0.9486","0.0016"
"34.2010","1.0007","0.0017"
"34.2020","1.0047","0.0017"
"34.2030","1.0087","0.0017"
"34.2230","1.0878","0.0014"
"34.2430","1.1523","0.0009"
"34.2630","1.1820","0.0007"
"34.2830","1.1690","0.0008"
"34.3030","1.1152","0.0010"
"34.3230","1.0364","0.0016"
"34.3430","0.9553","0.0017"
"34.3630","0.8777","0.0016"
"34.3830","0.7999","0.0016"
"34.4030","0.7196","0.0016"
"34.4230","0.6375","0.0016"
"34.4430","0.5555","0.0017"
"34.4630","0.4745","0.0016"
"34.4830","0.3943","0.0016"
"34.5030","0.3145","0.0014"
"34.5230","0.2346","0.0011"
"34.5430","0.1545","0.0005"
"34.5570","0.0985","0.0000"
"34.5580","0.0945","-0.0001"
"34.5590","0.0905","-0.0001"
"34.5790","0.0114","-0.0006"
"34.5990","-0.0529","-0.0007"
"34.6190","-0.0817","-0.0007"
"34.6390","-0.0669","-0.0004"
"34.6590","-0.0108","-0.0002"
"34.6790","0.0686","0.0002"
"34.6990","0.1495","0.0010"
"34.7190","0.2270","0.0015"
"34.7390","0.3050","0.0016"
"34.7590","0.3856","0.0017"
"34.7790","0.4678","0.0017"
"34.7990","0.5497","0.0017"
"34.8190","0.6307","0.0017"
"34.8390","0.7108","0.0017"
"34.8590","0.7906","0.0017"
"34.8790","0.8705","0.0016"
"34.8990","0.9506","0.0017"
"34.9120","1.0027","0.0017"
"34.9130","1.0067","0.0017"
"34.9140","1.0108","0.0017"
"34.9340","1.0899","0.0015"
"34.9540","1.1544","0.0010"
"34.9740","1.1841","0.0008"
"34.9940","1.1712","0.0008"
"35.0140","1.1174","0.0010"
"35.0340","1.0387","0.0016"
"35.0540","0.9576","0.0017"
"35.0740","0.8800","0.0016"
"35.0940","0.8023","0.0017"
"35.1140","0.7220","0.0017"
"35.1340","0.6398","0.0017"
"35.1540","0.5578","0.0016"
"35.1740","0.4767","0.0014"
"35.1940","0.3966","0.0015"
"35.2140","0.3167","0.0013"
"35.2340","0.2369","0.0010"
"35.2540","0.1568","0.0005"
"35.2690","0.0967","0.0000"
"35.2700","0.0927","-0.0001"
"35.2710","0.0887","-0.0001"
"35.2910","0.0096","-0.0006"
"35.3110","-0.0546","-0.0006"
"35.3310","-0.0834","-0.0006"
"35.3510","-0.0686","-0.0004"
"35.3710","-0.0125","-0.0001"
"35.3910","0.0669","0.0002"
"35.4110","0.1478","0.0008"
"35.4310","0.2253","0.0014"
"35.4510","0.3033","0.0017"
"35.4710","0.3839","0.0018"
"35.4910","0.4661","0.0017"
"35.5110","0.5480","0.0017"
"35.5310","0.6290","0.0017"
"35.5510","0.7091","0.0016"
"35.5710","0.7889","0.0016"
"35.5910","0.8688","0.0016"
"35.6110","0.9489","0.0016"
"35.6240","1.0010","0.0016"
"35.6250","1.0050","0.0016"
"35.6260","1.0090","0.0016"
"35.6460","1.0881","0.0014"
"35.6660","1.1527","0.0008"
"35.6860","1.1824","0.0007"
"35.7060","1.1695","0.0007"
"35.7260","1.1157","0.0010"
"35.7460","1.0370","0.0016"
"35.7660","0.9559","0.0017"
"35.7860","0.8783","0.0015"
"35.8060","0.8006","0.0015"
"35.8260","0.7203","0.0016"
"35.8460","0.6381","0.0017"
"35.8660","0.5561","0.0016"
"35.8860","0.4751","0.0015"
"35.9060","0.3949","0.0015"
"35.9260","0.3151","0.0013"
"35.9460","0.2352","0.0010"
"35.9660","0.1551","0.0004"
"35.9800","0.0990","-0.0001"
"35.9810","0.0950","-0.0001"
"35.9820","0.0910","-0.0002"
"36.0020","0.0119","-0.0006"
"36.0220","-0.0524","-0.0006"
"36.0420","-0.0811","-0.0007"
"36.0620","-0.0663","-0.0004"
"36.0820","-0.0103","-0.0001"
"36.1020","0.0692","0.0002"
"36.1220","0.1500","0.0009"
"36.1420","0.2276","0.0014"
"36.1620","0.3056","0.0017"
"36.1820","0.3862","0.0018"
"36.2020","0.4683","0.0017"
"36.2220","0.5503","0.0017"
"36.2420","0.6312","0.0017"
"36.2620","0.7114","0.0016"
"36.2820","0.7912","0.0016"
"36.3020","0.8711","0.0017"
"36.3220","0.9512","0.0017"
"36.3350","1.0033","0.0017"
"36.3360","1.0073","0.0017"
"36.3370","1.0113","0.0017"
"36.3570","1.0904","0.0014"
"36.3770","1.1549","0.0009"
"36.3970","1.1846","0.0008"
"36.4170","1.1717","0.0008"
"36.4370","1.1179","0.0009"
"36.4570","1.0392","0.0015"
"36.4770","0.9581","0.0016"
"36.4970","0.8805","0.0016"
"36.5170","0.8028","0.0016"
"36.5370","0.7225","0.0015"
"36.5570","0.6403","0.0017"
"36.5770","0.5583","0.0017"
"36.5970","0.4773","0.0015"
"36.6170","0.3971","0.0014"
"36.6370","0.3173","0.0013"
"36.6570","0.2374","0.0010"
"36.6770","0.1573","0.0005"
"36.6920","0.0973","-0.0001"
"36.6930","0.0933","-0.0002"
"36.6940","0.0892","-0.0002"
"36.7140","0.0101","-0.0007"
"36.7340","-0.0541","-0.0007"
"36.7540","-0.0828","-0.0007"
"36.7740","-0.0680","-0.0005"
"36.7940","-0.0119","-0.0001"
"36.8140","0.0676","0.0002"
"36.8340","0.1485","0.0008"
"36.8540","0.2260","0.0015"
"36.8740","0.3040","0.0017"
"36.8940","0.3846","0.0016"
"36.9140","0.4667","0.0016"
"36.9340","0.5487","0.0016"
"36.9540","0.6296","0.0016"
"36.9740","0.7098","0.0016"
"36.9940","0.7896","0.0017"
"37.0140","0.8695","0.0016"
"37.0340","0.9496","0.0015"
"37.0470","1.0017","0.0016"
"37.0480","1.0057","0.0016"
"37.0490","1.0097","0.0016"
"37.0690","1.0888","0.0013"
"37.0890","1.1533","0.0008"
"37.1090","1.1830","0.0007"
"37.1290","1.1700","0.0007"
"37.1490","1.1162","0.0011"
"37.1690","1.0374","0.0016"
"37.1890","0.9563","0.0017"
"37.2090","0.8787","0.0017"
"37.2290","0.8010","0.0016"
"37.2490","0.7207","0.0015"
"37.2690","0.6386","0.0014"
"37.2890","0.5566","0.0014"
"37.3090","0.4755","0.0015"
"37.3290","0.3953","0.0015"
"37.3490","0.3155","0.0013"
"37.3690","0.2356","0.0009"
"37.3890","0.1556","0.0004"
"37.4030","0.0995","-0.0002"
"37.4040","0.0955","-0.0002"
"37.4050","0.0915","-0.0003"
"37.4250","0.0124","-0.0006"
"37.4450","-0.0519","-0.0007"
"37.4650","-0.0806","-0.0007"
"37.4850","-0.0658","-0.0003"
"37.5050","-0.0098","-0.0001"
"37.5250","0.0697","0.0002"
"37.5450","0.1506","0.0009"
"37.5650","0.2281","0.0015"
"37.5850","0.3061","0.0017"
"37.6050","0.3867","0.0017"
"37.6250","0.4689","0.0016"
"37.6450","0.5508","0.0016"
"37.6650","0.6317","0.0016"
"37.6850","0.7119","0.0016"
"37.7050","0.7917","0.0016"
"37.7250","0.8716","0.0016"
"37.7450","0.9517","0.0016"
"37.7580","1.0038","0.0016"
"37.7590","1.0078","0.0016"
"37.7600","1.0118","0.0016"
"37.7800","1.0909","0.0014"
"37.8000","1.1554","0.0010"
"37.8200","1.1850","0.0008"
"37.8400","1.1721","0.0007"
"37.8600","1.1183","0.0010"
"37.8800","1.0396","0.0016"
"37.9000","0.9585","0.0017"
"37.9200","0.8808","0.0016"
"37.9400","0.8031","0.0016"
"37.9600","0.7228","0.0015"
"37.9800","0.6407","0.0016"
"38.0000","0.5587","0.0015"
"38.0200","0.4776","0.0015"
"38.0400","0.3975","0.0015"
"38.0600","0.3176","0.0013"
"38.0800","0.2377","0.0010"
"38.1000","0.1577","0.0004"
"38.1150","0.0976","-0.0001"
"38.1160","0.0936","-0.0002"
"38.1170","0.0896","-0.0002"
"38.1370","0.0105","-0.0007"
"38.1570","-0.0538","-0.0008"
"38.1770","-0.0825","-0.0008"
"38.1970","-0.0678","-0.0005"
"38.2170","-0.0117","-0.0001"
"38.2370","0.0678","0.0003"
"38.2570","0.1486","0.0010"
"38.2770","0.2262","0.0015"
"38.2970","0.3042","0.0016"
"38.3170","0.3847","0.0017"
"38.3370","0.4669","0.0017"
"38.3570","0.5488","0.0017"
"38.3770","0.6298","0.0016"
"38.3970","0.7099","0.0017"
"38.4170","0.7898","0.0016"
"38.4370","0.8697","0.0016"
"38.4570","0.9498","0.0016"
"38.4700","1.0018","0.0016"
"38.4710","1.0059","0.0016"
"38.4720","1.0099","0.0016"
"38.4920","1.0890","0.0013"
"38.5120","1.1535","0.0007"
"38.5320","1.1832","0.0007"
"38.5520","1.1702","0.0008"
"38.5720","1.1164","0.0010"
"38.5920","1.0376","0.0016"
"38.6120","0.9565","0.0017"
"38.6320","0.8789","0.0015"
"38.6520","0.8012","0.0015"
"38.6720","0.7209","0.0014"
"38.6920","0.6388","0.0015"
"38.7120","0.5568","0.0015"
"38.7320","0.4758","0.0015"
"38.7520","0.3956","0.0015"
"38.7720","0.3157","0.0013"
"38.7920","0.2359","0.0011"
"38.8120","0.1558","0.0004"
"38.8260","0.0997","-0.0001"
"38.8270","0.0957","-0.0001"
"38.8280","0.0917","-0.0001"
"38.8480","0.0126","-0.0007"
"38.8680","-0.0516","-0.0007"
"38.8880","-0.0802","-0.0007"
"38.9080","-0.0654","-0.0003"
"38.9280","-0.0092","0.0000"
"38.9480","0.0703","0.0003"
"38.9680","0.1512","0.0010"
"38.9880","0.2288","0.0015"
"39.0080","0.3068","0.0016"
"39.0280","0.3873","0.0017"
"39.0480","0.4694","0.0015"
"39.0680","0.5513","0.0015"
"39.0880","0.6323","0.0016"
"39.1080","0.7124","0.0017"
"39.1280","0.7922","0.0018"
"39.1480","0.8721","0.0018"
"39.1680","0.9522","0.0017"
"39.1800","1.0003","0.0016"
"39.1810","1.0043","0.0016"
"39.1820","1.0083","0.0016"
"39.2020","1.0875","0.0013"
"39.2220","1.1520","0.0009"
"39.2420","1.1817","0.0008"
"39.2620","1.1687","0.0008"
"39.2820","1.1149","0.0010"
"39.3020","1.0362","0.0017"
"39.3220","0.9551","0.0017"
"39.3420","0.8775","0.0015"
"39.3620","0.7997","0.0016"
"39.3820","0.7194","0.0016"
"39.4020","0.6373","0.0016"
"39.4220","0.5553","0.0016"
"39.4420","0.4742","0.0015"
"39.4620","0.3940","0.0015"
"39.4820","0.3142","0.0014"
"39.5020","0.2343","0.0011"
"39.5220","0.1543","0.0005"
"39.5360","0.0982","0.0000"
"39.5370","0.0942","-0.0001"
"39.5380","0.0902","-0.0001"
"39.5580","0.0111","-0.0007"
"39.5780","-0.0532","-0.0007"
"39.5980","-0.0819","-0.0007"
"39.6180","-0.0672","-0.0004"
"39.6380","-0.0111","0.0000"
"39.6580","0.0684","0.0002"
"39.6780","0.1493","0.0009"
"39.6980","0.2268","0.0015"
"39.7180","0.3048","0.0017"
"39.7380","0.3854","0.0018"
"39.7580","0.4675","0.0017"
"39.7780","0.5495","0.0017"
"39.7980","0.6304","0.0016"
"39.8180","0.7106","0.0016"
"39.8380","0.7904","0.0016"
"39.8580","0.8703","0.0017"
"39.8780","0.9504","0.0017"
"39.8910","1.0025","0.0016"
"39.8920","1.0065","0.0016"
"39.8930","1.0105","0.0016"
"39.9130","1.0896","0.0012"
"39.9330","1.1541","0.0007"
"39.9530","1.1836","0.0007"
"39.9730","1.1706","0.0007"
"39.9930","1.1167","0.0010"
"40.0130","1.0379","0.0016"
"40.0330","0.9568","0.0017"
"40.0530","0.8792","0.0016"
"40.0730","0.8014","0.0016"
"40.0930","0.7211","0.0015"
"40.1130","0.6391","0.0015"
"40.1330","0.5571","0.0016"
"40.1530","0.4760","0.0016"
"40.1730","0.3959","0.0015"
"40.1930","0.3160","0.0014"
"40.2130","0.2361","0.0010"
"40.2330","0.1561","0.0005"
"40.2480","0.0960","-0.0001"
"40.2490","0.0920","-0.0001"
"40.2500","0.0880","-0.0002"
"40.2700","0.0089","-0.0007"
"40.2900","-0.0554","-0.0007"
"40.3100","-0.0842","-0.0008"
"40.3300","-0.0694","-0.0004"
"40.3500","-0.0135","-0.0001"
"40.3700","0.0660","0.0002"
"40.3900","0.1467","0.0009"
"40.4100","0.2243","0.0015"
"40.4300","0.3023","0.0016"
"40.4500","0.3829","0.0016"
"40.4700","0.4651","0.0016"
"40.4900","0.5471","0.0017"
"40.5100","0.6280","0.0017"
"40.5300","0.7082","0.0016"
"40.5500","0.7880","0.0016"
"40.5700","0.8679","0.0016"
"40.5900","0.9480","0.0016"
"40.6030","1.0001","0.0017"
"40.6040","1.0041","0.0017"
"40.6050","1.0081","0.0017"
"40.6250","1.0872","0.0014"
"40.6450","1.1518","0.0009"
"40.6650","1.1815","0.0007"
"40.6850","1.1685","0.0007"
"40.7050","1.1148","0.0011"
"40.7250","1.0361","0.0017"
"40.7450","0.9551","0.0018"
"40.7650","0.8774","0.0016"
"40.7850","0.7997","0.0015"
"40.8050","0.7193","0.0015"
"40.8250","0.6372","0.0016"
"40.8450","0.5552","0.0017"
"40.8650","0.4741","0.0016"
"40.8850","0.3940","0.0015"
"40.9050","0.3141","0.0013"
"40.9250","0.2342","0.0010"
"40.9450","0.1542","0.0004"
"40.9590","0.0981","-0.0001"
"40.9600","0.0941","-0.0002"
"40.9610","0.0901","-0.0002"
"40.9810","0.0110","-0.0007"
"41.0010","-0.0532","-0.0007"
"41.0210","-0.0819","-0.0007"
"41.0410","-0.0670","-0.0003"
"41.0610","-0.0109","0.0000"
"41.0810","0.0686","0.0003"
"41.1010","0.1494","0.0009"
"41.1210","0.2270","0.0015"
"41.1410","0.3050","0.0017"
"41.1610","0.3856","0.0017"
"41.1810","0.4677","0.0016"
"41.2010","0.5496","0.0016"
"41.2210","0.6306","0.0017"
"41.2410","0.7107","0.0017"
"41.2610","0.7905","0.0016"
"41.2810","0.8705","0.0015"
"41.3010","0.9506","0.0016"
"41.3140","1.0026","0.0016"
"41.3150","1.0067","0.0016"
"41.3160","1.0107","0.0016"
"41.3360","1.0898","0.0013"
"41.3560","1.1543","0.0008"
"41.3760","1.1840","0.0007"
"41.3960","1.1710","0.0008"
"41.4160","1.1173","0.0011"
"41.4360","1.0385","0.0016"
"41.4560","0.9575","0.0016"
"41.4760","0.8799","0.0015"
"41.4960","0.8021","0.0015"
"41.5160","0.7218","0.0016"
"41.5360","0.6396","0.0016"
"41.5560","0.5576","0.0016"
"41.5760","0.4766","0.0016"
"41.5960","0.3964","0.0016"
"41.6160","0.3166","0.0014"
"41.6360","0.2367","0.0010"
"41.6560","0.1567","0.0003"
"41.6710","0.0966","-0.0003"
"41.6720","0.0926","-0.0003"
"41.6730","0.0886","-0.0003"
"41.6930","0.0094","-0.0007"
"41.7130","-0.0548","-0.0006"
"41.7330","-0.0836","-0.0007"
"41.7530","-0.0689","-0.0004"
"41.7730","-0.0128","-0.0001"
"41.7930","0.0666","0.0001"
"41.8130","0.1474","0.0008"
"41.8330","0.2250","0.0014"
"41.8530","0.3030","0.0017"
"41.8730","0.3836","0.0018"
"41.8930","0.4658","0.0016"
"41.9130","0.5477","0.0016"
"41.9330","0.6287","0.0016"
"41.9530","0.7088","0.0016"
"41.9730","0.7886","0.0017"
"41.9930","0.8685","0.0017"
"42.0130","0.9486","0.0016"
"42.0260","1.0007","0.0016"
"42.0270","1.0047","0.0016"
"42.0280","1.0087","0.0016"
"42.0480","1.0878","0.0014"
"42.0680","1.1523","0.0009"
"42.0880","1.1819","0.0007"
"42.1080","1.1689","0.0007"
"42.1280","1.1151","0.0010"
"42.1480","1.0364","0.0017"
"42.1680","0.9553","0.0017"
"42.1880","0.8776","0.0016"
"42.2080","0.7999","0.0015"
"42.2280","0.7196","0.0014"
"42.2480","0.6375","0.0015"
"42.2680","0.5555","0.0016"
"42.2880","0.4745","0.0015"
"42.3080","0.3943","0.0014"
"42.3280","0.3144","0.0014"
"42.3480","0.2346","0.0011"
"42.3680","0.1545","0.0005"
"42.3820","0.0984","-0.0001"
"42.3830","0.0944","-0.0001"
"42.3840","0.0904","-0.0002"
"42.4040","0.0113","-0.0007"
"42.4240","-0.0529","-0.0007"
"42.4440","-0.0817","-0.0007"
"42.4640","-0.0669","-0.0004"
"42.4840","-0.0108","-0.0001"
"42.5040","0.0687","0.0002"
"42.5240","0.1495","0.0009"
"42.5440","0.2271","0.0015"
"42.5640","0.3051","0.0016"
"42.5840","0.3857","0.0017"
"42.6040","0.4678","0.0016"
"42.6240","0.5498","0.0017"
"42.6440","0.6307","0.0017"
"42.6640","0.7109","0.0016"
"42.6840","0.7907","0.0016"
"42.7040","0.8706","0.0016"
"42.7240","0.9507","0.0016"
"42.7370","1.0028","0.0016"
"42.7380","1.0068","0.0016"
"42.7390","1.0108","0.0016"
"42.7590","1.0899","0.0014"
"42.7790","1.1544","0.0008"
"42.7990","1.1841","0.0007"
"42.8190","1.1712","0.0006"
"42.8390","1.1174","0.0010"
"42.8590","1.0387","0.0015"
"42.8790","0.9576","0.0016"
"42.8990","0.8800","0.0015"
"42.9190","0.8022","0.0015"
"42.9390","0.7219","0.0016"
"42.9590","0.6398","0.0016"
"42.9790","0.5578","0.0016"
"42.9990","0.4768","0.0014"
"43.0190","0.3966","0.0014"
"43.0390","0.3168","0.0013"
"43.0590","0.2369","0.0009"
"43.0790","0.1568","0.0004"
"43.0940","0.0967","-0.0001"
"43.0950","0.0927","-0.0002"
"43.0960","0.0887","-0.0002"
"43.1160","0.0096","-0.0007"
"43.1360","-0.0546","-0.0007"
"43.1560","-0.0833","-0.0008"
"43.1760","-0.0685","-0.0004"
"43.1960","-0.0125","0.0000"
"43.2160","0.0670","0.0002"
"43.2360","0.1478","0.0009"
"43.2560","0.2254","0.0015"
"43.2760","0.3034","0.0016"
"43.2960","0.3840","0.0016"
"43.3160","0.4661","0.0016"
"43.3360","0.5480","0.0016"
"43.3560","0.6290","0.0015"
"43.3760","0.7092","0.0016"
"43.3960","0.7889","0.0016"
"43.4160","0.8688","0.0017"
"43.4360","0.9489","0.0016"
"43.4490","1.0010","0.0016"
"43.4500","1.0051","0.0016"
"43.4510","1.0091","0.0016"
"43.4710","1.0882","0.0013"
"43.4910","1.1527","0.0008"
"43.5110","1.1824","0.0007"
"43.5310","1.1694","0.0008"
"43.5510","1.1156","0.0010"
"43.5710","1.0369","0.0016"
"43.5910","0.9559","0.0016"
"43.6110","0.8783","0.0015"
"43.6310","0.8005","0.0015"
"43.6510","0.7201","0.0015"
"43.6710","0.6380","0.0015"
"43.6910","0.5560","0.0016"
"43.7110","0.4749","0.0016"
"43.7310","0.3948","0.0015"
"43.7510","0.3150","0.0014"
"43.7710","0.2351","0.0011"
"43.7910","0.1550","0.0004"
"43.8050","0.0989","-0.0002"
"43.8060","0.0949","-0.0003"
"43.8070","0.0909","-0.0003"
"43.8270","0.0118","-0.0007"
"43.8470","-0.0525","-0.0007"
"43.8670","-0.0813","-0.0007"
"43.8870","-0.0665","-0.0004"
"43.9070","-0.0105","-0.0001"
"43.9270","0.0690","0.0002"
"43.9470","0.1498","0.0009"
"43.9670","0.2274","0.0014"
"43.9870","0.3054","0.0016"
"44.0070","0.3860","0.0017"
"44.0270","0.4681","0.0016"
"44.0470","0.5501","0.0017"
"44.0670","0.6310","0.0016"
"44.0870","0.7112","0.0016"
"44.1070","0.7910","0.0016"
"44.1270","0.8709","0.0017"
"44.1470","0.9510","0.0017"
"44.1600","1.0031","0.0017"
"44.1610","1.0071","0.0017"
"44.1620","1.0111","0.0017"
"44.1820","1.0902","0.0013"
"44.2020","1.1547","0.0008"
"44.2220","1.1844","0.0007"
"44.2420","1.1714","0.0008"
"44.2620","1.1177","0.0011"
"44.2820","1.0390","0.0017"
"44.3020","0.9579","0.0017"
"44.3220","0.8802","0.0015"
"44.3420","0.8025","0.0015"
"44.3620","0.7222","0.0015"
"44.3820","0.6401","0.0016"
"44.4020","0.5580","0.0015"
"44.4220","0.4770","0.0015"
"44.4420","0.3968","0.0015"
"44.4620","0.3170","0.0013"
"44.4820","0.2371","0.0010"
"44.5020","0.1571","0.0004"
"44.5170","0.0970","-0.0002"
"44.5180","0.0930","-0.0002"
"44.5190","0.0890","-0.0003"
"44.5390","0.0099","-0.0007"
"44.5590","-0.0544","-0.0008"
"44.5790","-0.0831","-0.0008"
"44.5990","-0.0683","-0.0004"
"44.6190","-0.0123","-0.0001"
"44.6390","0.0671","0.0002"
"44.6590","0.1479","0.0009"
"44.6790","0.2254","0.0015"
"44.6990","0.3034","0.0016"
"44.7190","0.3841","0.0016"
"44.7390","0.4662","0.0016"
"44.7590","0.5482","0.0016"
"44.7790","0.6291","0.0016"
"44.7990","0.7093","0.0016"
"44.8190","0.7891","0.0016"
"44.8390","0.8690","0.0017"
"44.8590","0.9491","0.0016"
"44.8720","1.0012","0.0015"
"44.8730","1.0052","0.0015"
"44.8740","1.0092","0.0015"
"44.8940","1.0884","0.0013"
"44.9140","1.1529","0.0006"
"44.9340","1.1826","0.0005"
"44.9540","1.1696","0.0006"
"44.9740","1.1158","0.0010"
"44.9940","1.0371","0.0017"
"45.0140","0.9561","0.0018"
"45.0340","0.8785","0.0016"
"45.0540","0.8007","0.0016"
"45.0740","0.7203","0.0016"
"45.0940","0.6382","0.0017"
"45.1140","0.5562","0.0016"
"45.1340","0.4752","0.0015"
"45.1540","0.3950","0.0014"
"45.1740","0.3152","0.0013"
"45.1940","0.2353","0.0010"
"45.2140","0.1552","0.0004"
"45.2280","0.0992","-0.0001"
"45.2290","0.0951","-0.0002"
"45.2300","0.0911","-0.0002"
"45.2500","0.0120","-0.0008"
"45.2700","-0.0522","-0.0008"
"45.2900","-0.0810","-0.0008"
"45.3100","-0.0662","-0.0004"
"45.3300","-0.0102","-0.0001"
"45.3500","0.0693","0.0002"
"45.3700","0.1501","0.0009"
"45.3900","0.2276","0.0015"
"45.4100","0.3056","0.0017"
"45.4300","0.3863","0.0017"
"45.4500","0.4684","0.0016"
"45.4700","0.5504","0.0016"
"45.4900","0.6313","0.0016"
"45.5100","0.7115","0.0016"
"45.5300","0.7913","0.0017"
"45.5500","0.8712","0.0017"
"45.5700","0.9513","0.0016"
"45.5830","1.0034","0.0016"
"45.5840","1.0074","0.0016"
"45.5850","1.0114","0.0016"
"45.6050","1.0905","0.0014"
"45.6250","1.1550","0.0008"
"45.6450","1.1846","0.0007"
"45.6650","1.1716","0.0008"
"45.6850","1.1179","0.0010"
"45.7050","1.0391","0.0016"
"45.7250","0.9581","0.0017"
"45.7450","0.8804","0.0016"
"45.7650","0.8027","0.0016"
"45.7850","0.7224","0.0015"
"45.8050","0.6402","0.0015"
"45.8250","0.5582","0.0016"
"45.8450","0.4772","0.0016"
"45.8650","0.3970","0.0015"
"45.8850","0.3172","0.0014"
"45.9050","0.2373","0.0010"
"45.9250","0.1573","0.0004"
"45.9400","0.0972","-0.0002"
"45.9410","0.0932","-0.0003"
"45.9420","0.0892","-0.0003"
"45.9620","0.0100","-0.0007"
"45.9820","-0.0542","-0.0007"
"46.0020","-0.0830","-0.0008"
"46.0220","-0.0682","-0.0005"
"46.0420","-0.0122","-0.0001"
"46.0620","0.0672","0.0003"
"46.0820","0.1480","0.0009"
"46.1020","0.2256","0.0014"
"46.1220","0.3036","0.0016"
"46.1420","0.3842","0.0017"
"46.1620","0.4664","0.0016"
"46.1820","0.5483","0.0016"
"46.2020","0.6293","0.0016"
"46.2220","0.7094","0.0017"
"46.2420","0.7892","0.0016"
"46.2620","0.8692","0.0016"
"46.2820","0.9493","0.0016"
"46.2950","1.0013","0.0016"
"46.2960","1.0053","0.0016"
"46.2970","1.0094","0.0016"
"46.3170","1.0885","0.0014"
"46.3370","1.1530","0.0009"
"46.3570","1.1827","0.0007"
"46.3770","1.1697","0.0006"
"46.3970","1.1159","0.0010"
"46.4170","1.0372","0.0017"
"46.4370","0.9561","0.0017"
"46.4570","0.8785","0.0016"
"46.4770","0.8008","0.0016"
"46.4970","0.7204","0.0015"
"46.5170","0.6383","0.0016"
"46.5370","0.5563","0.0015"
"46.5570","0.4753","0.0015"
"46.5770","0.3951","0.0015"
"46.5970","0.3152","0.0013"
"46.6170","0.2354","0.0010"
"46.6370","0.1553","0.0004"
"46.6510","0.0993","-0.0001"
"46.6520","0.0953","-0.0002"
"46.6530","0.0913","-0.0002"
"46.6730","0.0121","-0.0008"
"46.6930","-0.0521","-0.0008"
"46.7130","-0.0809","-0.0007"
"46.7330","-0.0661","-0.0004"
"46.7530","-0.0100","-0.0001"
"46.7730","0.0695","0.0002"
"46.7930","0.1503","0.0009"
"46.8130","0.2279","0.0014"
"46.8330","0.3059","0.0015"
"46.8530","0.3865","0.0017"
"46.8730","0.4686","0.0016"
"46.8930","0.5505","0.0016"
"46.9130","0.6315","0.0016"
"46.9330","0.7116","0.0018"
"46.9530","0.7914","0.0018"
"46.9730","0.8713","0.0016"
"46.9930","0.9514","0.0015"
"47.0060","1.0035","0.0016"
"47.0070","1.0075","0.0016"
"47.0080","1.0115","0.0016"
"47.0280","1.0907","0.0013"
"47.0480","1.1552","0.0008"
"47.0680","1.1849","0.0007"
"47.0880","1.1720","0.0007"
"47.1080","1.1183","0.0010"
"47.1280","1.0397","0.0016"
"47.1480","0.9586","0.0016"
"47.1680","0.8810","0.0015"
"47.1880","0.8032","0.0015"
"47.2080","0.7229","0.0015"
"47.2280","0.6407","0.0016"
"47.2480","0.5587","0.0015"
"47.2680","0.4777","0.0015"
"47.2880","0.3975","0.0014"
"47.3080","0.3177","0.0013"
"47.3280","0.2378","0.0010"
"47.3480","0.1577","0.0004"
"47.3630","0.0977","-0.0002"
"47.3640","0.0936","-0.0002"
"47.3650","0.0896","-0.0003"
"47.3850","0.0105","-0.0008"
"47.4050","-0.0538","-0.0008"
"47.4250","-0.0825","-0.0008"
"47.4450","-0.0677","-0.0004"
"47.4650","-0.0117","-0.0002"
"47.4850","0.0677","0.0001"
"47.5050","0.1485","0.0009"
"47.5250","0.2261","0.0014"
"47.5450","0.3041","0.0017"
"47.5650","0.3847","0.0017"
"47.5850","0.4669","0.0016"
"47.6050","0.5488","0.0015"
"47.6250","0.6298","0.0016"
"47.6450","0.7100","0.0016"
"47.6650","0.7898","0.0017"
"47.6850","0.8697","0.0017"
"47.7050","0.9498","0.0017"
"47.7180","1.0019","0.0017"
"47.7190","1.0059","0.0017"
"47.7200","1.0099","0.0017"
"47.7400","1.0890","0.0014"
"47.7600","1.1535","0.0009"
"47.7800","1.1831","0.0007"
"47.8000","1.1700","0.0008"
"47.8200","1.1162","0.0011"
"47.8400","1.0374","0.0016"
"47.8600","0.9563","0.0017"
"47.8800","0.8787","0.0015"
"47.9000","0.8010","0.0015"
"47.9200","0.7207","0.0015"
"47.9400","0.6385","0.0016"
"47.9600","0.5565","0.0017"
"47.9800","0.4755","0.0016"
"48.0000","0.3953","0.0015"
"48.0200","0.3155","0.0014"
"48.0400","0.2356","0.0010"
"48.0600","0.1556","0.0004"
"48.0740","0.0995","-0.0002"
"48.0750","0.0955","-0.0002"
"48.0760","0.0915","-0.0002"
"48.0960","0.0124","-0.0007"
"48.1160","-0.0519","-0.0007"
"48.1360","-0.0807","-0.0007"
"48.1560","-0.0659","-0.0004"
"48.1760","-0.0098","-0.0002"
"48.1960","0.0696","0.0001"
"48.2160","0.1504","0.0008"
"48.2360","0.2280","0.0014"
"48.2560","0.3060","0.0017"
"48.2760","0.3866","0.0017"
"48.2960","0.4687","0.0016"
"48.3160","0.5507","0.0016"
"48.3360","0.6316","0.0016"
"48.3560","0.7118","0.0017"
"48.3760","0.7916","0.0017"
"48.3960","0.8715","0.0017"
"48.4160","0.9516","0.0016"
"48.4290","1.0037","0.0016"
"48.4300","1.0077","0.0016"
"48.4310","1.0117","0.0016"
"48.4510","1.0909","0.0014"
"48.4710","1.1554","0.0009"
"48.4910","1.1850","0.0007"
"48.5110","1.1720","0.0007"
"48.5310","1.1183","0.0011"
"48.5510","1.0396","0.0016"
"48.5710","0.9585","0.0017"
"48.5910","0.8808","0.0015"
"48.6110","0.8031","0.0015"
"48.6310","0.7228","0.0015"
"48.6510","0.6407","0.0016"
"48.6710","0.5587","0.0016"
"48.6910","0.4776","0.0015"
"48.7110","0.3974","0.0015"
"48.7310","0.3176","0.0013"
"48.7510","0.2377","0.0010"
"48.7710","0.1577","0.0005"
"48.7860","0.0976","-0.0001"
"48.7870","0.0936","-0.0002"
"48.7880","0.0896","-0.0002"
"48.8080","0.0105","-0.0008"
"48.8280","-0.0537","-0.0008"
"48.8480","-0.0824","-0.0008"
"48.8680","-0.0675","-0.0004"
"48.8880","-0.0114","-0.0001"
"48.9080","0.0680","0.0002"
"48.9280","0.1489","0.0009"
"48.9480","0.2265","0.0014"
"48.9680","0.3045","0.0016"
"48.9880","0.3851","0.0017"
"49.0080","0.4672","0.0017"
"49.0280","0.5491","0.0016"
"49.0480","0.6300","0.0015"
"49.0680","0.7102","0.0016"
"49.0880","0.7900","0.0016"
"49.1080","0.8699","0.0017"
"49.1280","0.9500","0.0017"
"49.1410","1.0021","0.0016"
"49.1420","1.0061","0.0016"
"49.1430","1.0101","0.0016"
"49.1630","1.0893","0.0014"
"49.1830","1.1538","0.0008"
"49.2030","1.1834","0.0006"
"49.2230","1.1704","0.0008"
"49.2430","1.1167","0.0010"
"49.2630","1.0379","0.0016"
"49.2830","0.9568","0.0017"
"49.3030","0.8792","0.0016"
"49.3230","0.8015","0.0016"
"49.3430","0.7212","0.0015"
"49.3630","0.6390","0.0016"
"49.3830","0.5570","0.0016"
"49.4030","0.4760","0.0014"
"49.4230","0.3958","0.0014"
"49.4430","0.3160","0.0013"
"49.4630","0.2361","0.0011"
"49.4830","0.1560","0.0004"
"49.4970","0.1000","-0.0002"
"49.4980","0.0960","-0.0003"
"49.4990","0.0920","-0.0003"
"49.5190","0.0128","-0.0008"
"49.5390","-0.0514","-0.0007"
"49.5590","-0.0801","-0.0007"
"49.5790","-0.0653","-0.0004"
"49.5990","-0.0092","-0.0001"
"49.6190","0.0702","0.0002"
"49.6390","0.1511","0.0010"
"49.6590","0.2286","0.0015"
"49.6790","0.3066","0.0016"
"49.6990","0.3872","0.0017"
"49.7190","0.4694","0.0016"
"49.7390","0.5513","0.0016"
"49.7590","0.6323","0.0016"
"49.7790","0.7124","0.0016"
"49.7990","0.7922","0.0016"
"49.8190","0.8722","0.0016"
"49.8390","0.9523","0.0016"
"49.8510","1.0003","0.0017"
"49.8520","1.0043","0.0017"
"49.8530","1.0083","0.0017"
"49.8730","1.0875","0.0013"
"49.8930","1.1520","0.0008"
"49.9130","1.1816","0.0006"
"49.9330","1.1686","0.0007"
"49.9530","1.1149","0.0010"
"49.9730","1.0362","0.0016"
"49.9930","0.9551","0.0017"
"50.0130","0.8775","0.0015"
"50.0330","0.7997","0.0015"
"50.0530","0.7193","0.0015"
"50.0730","0.6372","0.0016"
"50.0930","0.5552","0.0016"
"50.1130","0.4742","0.0015"
"50.1330","0.3940","0.0015"
"50.1530","0.3142","0.0013"
"50.1730","0.2343","0.0010"
"50.1930","0.1543","0.0004"
"50.2070","0.0982","-0.0002"
"50.2080","0.0942","-0.0002"
"50.2090","0.0902","-0.0003"
"50.2290","0.0111","-0.0008"
"50.2490","-0.0532","-0.0008"
"50.2690","-0.0819","-0.0007"
"50.2890","-0.0671","-0.0005"
"50.3090","-0.0110","-0.0002"
"50.3290","0.0685","0.0001"
"50.3490","0.1493","0.0008"
"50.3690","0.2269","0.0014"
"50.3890","0.3049","0.0017"
"50.4090","0.3854","0.0017"
"50.4290","0.4676","0.0016"
"50.4490","0.5495","0.0017"
"50.4690","0.6305","0.0017"
"50.4890","0.7106","0.0016"
"50.5090","0.7904","0.0017"
"50.5290","0.8703","0.0016"
"50.5490","0.9504","0.0016"
"50.5620","1.0025","0.0016"
"50.5630","1.0065","0.0016"
"50.5640","1.0105","0.0016"
"50.5840","1.0897","0.0014"
"50.6040","1.1542","0.0009"
"50.6240","1.1838","0.0007"
"50.6440","1.1708","0.0008"
"50.6640","1.1170","0.0011"
"50.6840","1.0383","0.0017"
"50.7040","0.9572","0.0018"
"50.7240","0.8796","0.0016"
"50.7440","0.8019","0.0015"
"50.7640","0.7215","0.0015"
"50.7840","0.6394","0.0016"
"50.8040","0.5574","0.0015"
"50.8240","0.4764","0.0015"
"50.8440","0.3962","0.0016"
"50.8640","0.3164","0.0014"
"50.8840","0.2365","0.0010"
"50.9040","0.1564","0.0004"
"50.9190","0.0964","-0.0002"
"50.9200","0.0923","-0.0002"
"50.9210","0.0883","-0.0003"
"50.9410","0.0092","-0.0008"
"50.9610","-0.0550","-0.0008"
"50.9810","-0.0837","-0.0008"
"51.0010","-0.0689","-0.0005"
"51.0210","-0.0128","-0.0001"
"51.0410","0.0667","0.0001"
"51.0610","0.1475","0.0008"
"51.0810","0.2251","0.0013"
"51.1010","0.3031","0.0015"
"51.1210","0.3837","0.0017"
"51.1410","0.4658","0.0016"
"51.1610","0.5477","0.0017"
"51.1810","0.6287","0.0017"
"51.2010","0.7089","0.0017"
"51.2210","0.7887","0.0017"
"51.2410","0.8686","0.0017"
"51.2610","0.9487","0.0016"
"51.2740","1.0008","0.0016"
"51.2750","1.0048","0.0016"
"51.2760","1.0088","0.0016"
"51.2960","1.0879","0.0014"
"51.3160","1.1524","0.0009"
"51.3360","1.1821","0.0007"
"51.3560","1.1691","0.0007"
"51.3760","1.1153","0.0010"
"51.3960","1.0366","0.0016"
"51.4160","0.9555","0.0016"
"51.4360","0.8779","0.0016"
"51.4560","0.8001","0.0016"
"51.4760","0.7198","0.0017"
"51.4960","0.6377","0.0017"
"51.5160","0.5556","0.0016"
"51.5360","0.4746","0.0015"
"51.5560","0.3944","0.0014"
"51.5760","0.3146","0.0013"
"51.5960","0.2347","0.0010"
"51.6160","0.1547","0.0004"
"51.6300","0.0986","-0.0002"
"51.6310","0.0946","-0.0003"
"51.6320","0.0906","-0.0003"
"51.6520","0.0115","-0.0008"
"51.6720","-0.0528","-0.0008"
"51.6920","-0.0816","-0.0008"
"51.7120","-0.0668","-0.0004"
"51.7320","-0.0108","-0.0001"
"51.7520","0.0685","0.0001"
"51.7720","0.1493","0.0009"
"51.7920","0.2269","0.0014"
"51.8120","0.3049","0.0016"
"51.8320","0.3856","0.0017"
"51.8520","0.4677","0.0017"
"51.8720","0.5497","0.0017"
"51.8920","0.6306","0.0017"
"51.9120","0.7108","0.0017"
"51.9320","0.7906","0.0017"
"51.9520","0.8704","0.0017"
"51.9720","0.9505","0.0016"
"51.9920","1.0307","0.0016"
"52.0120","1.1109","0.0017"
"52.0320","1.1910","0.0017"
"52.0520","1.2709","0.0016"
"52.0720","1.3508","0.0016"
"52.0920","1.4308","0.0016"
"52.1120","1.5107","0.0017"
"52.1320","1.5909","0.0017"
"52.1520","1.6710","0.0018"
"52.1720","1.7510","0.0018"
"52.1920","1.8310","0.0017"
"52.2120","1.9110","0.0017"
"52.2320","1.9909","0.0017"
"52.2350","2.0029","0.0017"
"52.2360","2.0069","0.0017"
"52.2370","2.0109","0.0017"
"52.2570","2.0899","0.0014"
"52.2770","2.1543","0.0008"
"52.2970","2.1837","0.0007"
"52.3170","2.1704","0.0008"
"52.3370","2.1162","0.0010"
"52.3570","2.0379","0.0016"
"52.3770","1.9574","0.0016"
"52.3970","1.8797","0.0016"
"52.4170","1.8015","0.0016"
"52.4370","1.7207","0.0015"
"52.4570","1.6383","0.0017"
"52.4770","1.5563","0.0017"
"52.4970","1.4753","0.0017"
"52.5170","1.3951","0.0017"
"52.5370","1.3153","0.0017"
"52.5570","1.2355","0.0016"
"52.5770","1.1554","0.0016"
"52.5970","1.0753","0.0015"
"52.6170","0.9952","0.0015"
"52.6370","0.9152","0.0016"
"52.6570","0.8351","0.0016"
"52.6770","0.7551","0.0016"
"52.6970","0.6750","0.0015"
"52.7170","0.5950","0.0014"
"52.7370","0.5150","0.0015"
"52.7570","0.4351","0.0015"
"52.7770","0.3551","0.0013"
"52.7970","0.2751","0.0011"
"52.8170","0.1951","0.0006"
"52.8370","0.1150","-0.0002"
"52.8410","0.0990","-0.0003"
"52.8420","0.0951","-0.0004"
"52.8430","0.0911","-0.0004"
"52.8630","0.0121","-0.0009"
"52.8830","-0.0521","-0.0008"
"52.9030","-0.0808","-0.0008"
"52.9230","-0.0661","-0.0004"
"52.9430","-0.0100","-0.0002"
"52.9630","0.0695","0.0002"
"52.9830","0.1504","0.0009"
"53.0030","0.2280","0.0014"
"53.0230","0.3060","0.0016"
"53.0430","0.3865","0.0016"
"53.0630","0.4686","0.0017"
"53.0830","0.5505","0.0016"
"53.1030","0.6314","0.0017"
"53.1230","0.7116","0.0016"
"53.1430","0.7914","0.0016"
"53.1630","0.8714","0.0016"
"53.1830","0.9515","0.0016"
"53.2030","1.0316","0.0017"
"53.2230","1.1117","0.0016"
"53.2430","1.1918","0.0017"
"53.2630","1.2718","0.0017"
"53.2830","1.3517","0.0017"
"53.3030","1.4317","0.0016"
"53.3230","1.5117","0.0017"
"53.3430","1.5917","0.0017"
"53.3630","1.6718","0.0017"
"53.3830","1.7518","0.0016"
"53.4030","1.8318","0.0015"
"53.4230","1.9118","0.0015"
"53.4430","1.9918","0.0016"
"53.4460","2.0038","0.0016"
"53.4470","2.0078","0.0016"
"53.4480","2.0118","0.0016"
"53.4680","2.0908","0.0014"
"53.4880","2.1551","0.0009"
"53.5080","2.1845","0.0008"
"53.5280","2.1712","0.0008"
"53.5480","2.1170","0.0010"
"53.5680","2.0386","0.0017"
"53.5880","1.9581","0.0017"
"53.6080","1.8804","0.0016"
"53.6280","1.8022","0.0016"
"53.6480","1.7214","0.0016"
"53.6680","1.6391","0.0015"
"53.6880","1.5570","0.0016"
"53.7080","1.4761","0.0016"
"53.7280","1.3959","0.0017"
"53.7480","1.3161","0.0016"
"53.7680","1.2362","0.0016"
"53.7880","1.1562","0.0016"
"53.8080","1.0760","0.0015"
"53.8280","0.9960","0.0015"
"53.8480","0.9159","0.0016"
"53.8680","0.8359","0.0016"
"53.8880","0.7558","0.0014"
"53.9080","0.6758","0.0015"
"53.9280","0.5958","0.0015"
"53.9480","0.5158","0.0015"
"53.9680","0.4358","0.0015"
"53.9880","0.3558","0.0014"
"54.0080","0.2758","0.0011"
"54.0280","0.1958","0.0007"
"54.0480","0.1158","0.0000"
"54.0520","0.0998","-0.0002"
"54.0530","0.0958","-0.0003"
"54.0540","0.0918","-0.0003"
"54.0740","0.0128","-0.0009"
"54.0940","-0.0514","-0.0009"
"54.1140","-0.0801","-0.0009"
"54.1340","-0.0653","-0.0005"
"54.1540","-0.0093","-0.0002"
"54.1740","0.0702","0.0001"
"54.1940","0.1510","0.0008"
"54.2140","0.2286","0.0013"
"54.2340","0.3066","0.0016"
"54.2540","0.3871","0.0017"
"54.2740","0.4692","0.0017"
"54.2940","0.5511","0.0016"
"54.3140","0.6321","0.0016"
"54.3340","0.7123","0.0016"
"54.3540","0.7922","0.0016"
"54.3740","0.8721","0.0015"
"54.3940","0.9521","0.0016"
"54.4140","1.0323","0.0017"
"54.4340","1.1125","0.0016"
"54.4540","1.1925","0.0017"
"54.4740","1.2725","0.0017"
"54.4940","1.3525","0.0017"
"54.5140","1.4324","0.0016"
"54.5340","1.5124","0.0017"
"54.5540","1.5924","0.0017"
"54.5740","1.6725","0.0016"
"54.5940","1.7525","0.0016"
"54.6140","1.8325","0.0016"
"54.6340","1.9125","0.0016"
"54.6540","1.9925","0.0016"
"54.6560","2.0005","0.0016"
"54.6570","2.0045","0.0016"
"54.6580","2.0085","0.0016"
"54.6780","2.0875","0.0014"
"54.6980","2.1518","0.0009"
"54.7180","2.1812","0.0008"
"54.7380","2.1679","0.0007"
"54.7580","2.1137","0.0010"
"54.7780","2.0355","0.0016"
"54.7980","1.9550","0.0016"
"54.8180","1.8773","0.0016"
"54.8380","1.7991","0.0016"
"54.8580","1.7182","0.0017"
"54.8780","1.6359","0.0016"
"54.8980","1.5538","0.0017"
"54.9180","1.4728","0.0016"
"54.9380","1.3926","0.0016"
"54.9580","1.3128","0.0016"
"54.9780","1.2330","0.0016"
"54.9980","1.1529","0.0015"
"55.0180","1.0728","0.0015"
"55.0380","0.9928","0.0016"
"55.0580","0.9127","0.0015"
"55.0780","0.8326","0.0015"
"55.0980","0.7526","0.0015"
"55.1180","0.6725","0.0015"
"55.1380","0.5925","0.0015"
"55.1580","0.5126","0.0015"
"55.1780","0.4326","0.0015"
"55.1980","0.3526","0.0014"
"55.2180","0.2726","0.0012"
"55.2380","0.1926","0.0006"
"55.2580","0.1126","-0.0001"
"55.2620","0.0966","-0.0003"
"55.2630","0.0926","-0.0003"
"55.2640","0.0886","-0.0004"
"55.2840","0.0096","-0.0008"
"55.3040","-0.0546","-0.0008"
"55.3240","-0.0833","-0.0008"
"55.3440","-0.0684","-0.0004"
"55.3640","-0.0124","-0.0002"
"55.3840","0.0671","0.0001"
"55.4040","0.1479","0.0008"
"55.4240","0.2256","0.0013"
"55.4440","0.3036","0.0017"
"55.4640","0.3840","0.0017"
"55.4840","0.4661","0.0017"
"55.5040","0.5480","0.0016"
"55.5240","0.6290","0.0016"
"55.5440","0.7092","0.0016"
"55.5640","0.7891","0.0017"
"55.5840","0.8690","0.0017"
"55.6040","0.9491","0.0016"
"55.6240","1.0292","0.0017"
"55.6440","1.1094","0.0017"
"55.6640","1.1894","0.0017"
"55.6840","1.2694","0.0016"
"55.7040","1.3494","0.0016"
"55.7240","1.4293","0.0016"
"55.7440","1.5093","0.0016"
"55.7640","1.5893","0.0016"
"55.7840","1.6694","0.0016"
"55.8040","1.7494","0.0017"
"55.8240","1.8294","0.0017"
"55.8440","1.9094","0.0016"
"55.8640","1.9894","0.0016"
"55.8670","2.0014","0.0016"
"55.8680","2.0054","0.0016"
"55.8690","2.0094","0.0016"
"55.8890","2.0884","0.0014"
"55.9090","2.1527","0.0008"
"55.9290","2.1821","0.0008"
"55.9490","2.1688","0.0007"
"55.9690","2.1146","0.0011"
"55.9890","2.0363","0.0017"
"56.0090","1.9557","0.0017"
"56.0290","1.8781","0.0016"
"56.0490","1.7999","0.0016"
"56.0690","1.7191","0.0016"
"56.0890","1.6367","0.0016"
"56.1090","1.5547","0.0016"
"56.1290","1.4737","0.0016"
"56.1490","1.3935","0.0017"
"56.1690","1.3137","0.0017"
"56.1890","1.2339","0.0016"
"56.2090","1.1538","0.0016"
"56.2290","1.0737","0.0016"
"56.2490","0.9936","0.0016"
"56.2690","0.9135","0.0016"
"56.2890","0.8335","0.0016"
"56.3090","0.7535","0.0016"
"56.3290","0.6734","0.0016"
"56.3490","0.5934","0.0015"
"56.3690","0.5134","0.0015"
"56.3890","0.4334","0.0015"
"56.4090","0.3535","0.0013"
"56.4290","0.2735","0.0010"
"56.4490","0.1935","0.0006"
"56.4690","0.1135","-0.0001"
"56.4730","0.0975","-0.0003"
"56.4740","0.0935","-0.0003"
"56.4750","0.0895","-0.0004"
"56.4950","0.0105","-0.0009"
"56.5150","-0.0537","-0.0009"
"56.5350","-0.0824","-0.0008"
"56.5550","-0.0676","-0.0004"
"56.5750","-0.0115","-0.0001"
"56.5950","0.0679","0.0001"
"56.6150","0.1487","0.0008"
"56.6350","0.2264","0.0014"
"56.6550","0.3044","0.0016"
"56.6750","0.3849","0.0017"
"56.6950","0.4670","0.0017"
"56.7150","0.5489","0.0017"
"56.7350","0.6299","0.0017"
"56.7550","0.7101","0.0016"
"56.7750","0.7899","0.0016"
"56.7950","0.8698","0.0016"
"56.8150","0.9499","0.0016"
"56.8350","1.0300","0.0016"
"56.8550","1.1102","0.0016"
"56.8750","1.1903","0.0016"
"56.8950","1.2703","0.0017"
"56.9150","1.3502","0.0017"
"56.9350","1.4301","0.0017"
"56.9550","1.5101","0.0016"
"56.9750","1.5902","0.0016"
"56.9950","1.6703","0.0016"
"57.0150","1.7503","0.0016"
"57.0350","1.8303","0.0016"
"57.0550","1.9103","0.0016"
"57.0750","1.9903","0.0015"
"57.0780","2.0023","0.0015"
"57.0790","2.0063","0.0015"
"57.0800","2.0103","0.0015"
"57.1000","2.0893","0.0013"
"57.1200","2.1537","0.0009"
"57.1400","2.1832","0.0007"
"57.1600","2.1700","0.0007"
"57.1800","2.1159","0.0010"
"57.2000","2.0376","0.0016"
"57.2200","1.9571","0.0017"
"57.2400","1.8795","0.0017"
"57.2600","1.8012","0.0016"
"57.2800","1.7204","0.0016"
"57.3000","1.6381","0.0016"
"57.3200","1.5560","0.0016"
"57.3400","1.4750","0.0015"
"57.3600","1.3948","0.0016"
"57.3800","1.3150","0.0016"
"57.4000","1.2352","0.0016"
"57.4200","1.1551","0.0015"
"57.4400","1.0750","0.0015"
"57.4600","0.9950","0.0016"
"57.4800","0.9149","0.0016"
"57.5000","0.8348","0.0016"
"57.5200","0.7548","0.0015"
"57.5400","0.6748","0.0015"
"57.5600","0.5947","0.0015"
"57.5800","0.5148","0.0015"
"57.6000","0.4348","0.0015"
"57.6200","0.3548","0.0013"
"57.6400","0.2748","0.0010"
"57.6600","0.1948","0.0005"
"57.6800","0.1148","-0.0001"
"57.6840","0.0988","-0.0003"
"57.6850","0.0948","-0.0003"
"57.6860","0.0908","-0.0003"
"57.7060","0.0118","-0.0008"
"57.7260","-0.0523","-0.0008"
"57.7460","-0.0809","-0.0008"
"57.7660","-0.0660","-0.0004"
"57.7860","-0.0099","-0.0001"
"57.8060","0.0696","0.0002"
"57.8260","0.1505","0.0008"
"57.8460","0.2281","0.0013"
"57.8660","0.3061","0.0016"
"57.8860","0.3866","0.0017"
"57.9060","0.4687","0.0016"
"57.9260","0.5506","0.0015"
"57.9460","0.6315","0.0015"
"57.9660","0.7117","0.0015"
"57.9860","0.7916","0.0015"
"58.0060","0.8714","0.0016"
"58.0260","0.9515","0.0016"
"58.0460","1.0317","0.0016"
"58.0660","1.1119","0.0015"
"58.0860","1.1920","0.0015"
"58.1060","1.2719","0.0015"
"58.1260","1.3519","0.0016"
"58.1460","1.4318","0.0016"
"58.1660","1.5117","0.0016"
"58.1860","1.5918","0.0017"
"58.2060","1.6719","0.0017"
"58.2260","1.7519","0.0017"
"58.2460","1.8320","0.0016"
"58.2660","1.9120","0.0017"
"58.2860","1.9919","0.0017"
"58.2890","2.0039","0.0017"
"58.2900","2.0079","0.0017"
"58.2910","2.0119","0.0017"
"58.3110","2.0909","0.0014"
"58.3310","2.1553","0.0008"
"58.3510","2.1848","0.0008"
"58.3710","2.1715","0.0008"
"58.3910","2.1173","0.0011"
"58.4110","2.0390","0.0017"
"58.4310","1.9584","0.0017"
"58.4510","1.8808","0.0015"
"58.4710","1.8026","0.0016"
"58.4910","1.7218","0.0016"
"58.5110","1.6394","0.0016"
"58.5310","1.5574","0.0016"
"58.5510","1.4764","0.0016"
"58.5710","1.3962","0.0017"
"58.5910","1.3164","0.0016"
"58.6110","1.2366","0.0015"
"58.6310","1.1565","0.0016"
"58.6510","1.0764","0.0016"
"58.6710","0.9963","0.0016"
"58.6910","0.9163","0.0016"
"58.7110","0.8362","0.0015"
"58.7310","0.7562","0.0016"
"58.7510","0.6762","0.0016"
"58.7710","0.5961","0.0016"
"58.7910","0.5162","0.0015"
"58.8110","0.4362","0.0013"
"58.8310","0.3562","0.0013"
"58.8510","0.2762","0.0011"
"58.8710","0.1962","0.0005"
"58.8910","0.1162","-0.0002"
"58.8960","0.0962","-0.0004"
"58.8970","0.0922","-0.0004"
"58.8980","0.0882","-0.0005"
"58.9180","0.0092","-0.0009"
"58.9380","-0.0550","-0.0009"
"58.9580","-0.0837","-0.0009"
"58.9780","-0.0689","-0.0006"
"58.9980","-0.0129","-0.0003"
"59.0180","0.0665","0.0000"
"59.0380","0.1473","0.0008"
"59.0580","0.2249","0.0014"
"59.0780","0.3029","0.0016"
"59.0980","0.3835","0.0016"
"59.1180","0.4656","0.0016"
"59.1380","0.5475","0.0016"
"59.1580","0.6285","0.0015"
"59.1780","0.7087","0.0015"
"59.1980","0.7885","0.0015"
"59.2180","0.8684","0.0016"
"59.2380","0.9485","0.0017"
"59.2580","1.0287","0.0017"
"59.2780","1.1088","0.0016"
"59.2980","1.1889","0.0016"
"59.3180","1.2689","0.0015"
"59.3380","1.3488","0.0016"
"59.3580","1.4288","0.0016"
"59.3780","1.5087","0.0016"
"59.3980","1.5888","0.0016"
"59.4180","1.6689","0.0017"
"59.4380","1.7489","0.0016"
"59.4580","1.8289","0.0015"
"59.4780","1.9089","0.0016"
"59.4980","1.9889","0.0016"
"59.5010","2.0009","0.0016"
"59.5020","2.0049","0.0016"
"59.5030","2.0089","0.0016"
"59.5230","2.0879","0.0013"
"59.5430","2.1522","0.0007"
"59.5630","2.1817","0.0006"
"59.5830","2.1684","0.0007"
"59.6030","2.1143","0.0011"
"59.6230","2.0359","0.0017"
"59.6430","1.9554","0.0017"
"59.6630","1.8777","0.0016"
"59.6830","1.7995","0.0015"
"59.7030","1.7187","0.0015"
"59.7230","1.6364","0.0016"
"59.7430","1.5543","0.0016"
"59.7630","1.4733","0.0016"
"59.7830","1.3932","0.0016"
"59.8030","1.3134","0.0015"
"59.8230","1.2335","0.0015"
"59.8430","1.1535","0.0015"
"59.8630","1.0733","0.0016"
"59.8830","0.9933","0.0016"
"59.9030","0.9132","0.0015"
"59.9230","0.8332","0.0015"
"59.9430","0.7532","0.0015"
"59.9630","0.6731","0.0014"
"59.9830","0.5931","0.0015"
"60.0030","0.5131","0.0016"
"60.0230","0.4331","0.0014"
"60.0430","0.3531","0.0013"
"60.0630","0.2731","0.0011"
"60.0830","0.1931","0.0006"
"60.1030","0.1131","-0.0001"
"60.1070","0.0971","-0.0003"
"60.1080","0.0931","-0.0003"
"60.1090","0.0891","-0.0004"
"60.1290","0.0101","-0.0009"
"60.1490","-0.0541","-0.0009"
"60.1690","-0.0828","-0.0010"
"60.1890","-0.0681","-0.0007"
"60.2090","-0.0122","-0.0003"
"60.2290","0.0672","0.0001"
"60.2490","0.1480","0.0008"
"60.2690","0.2256","0.0013"
"60.2890","0.3037","0.0016"
"60.3090","0.3842","0.0017"
"60.3290","0.4663","0.0016"
"60.3490","0.5483","0.0015"
"60.3690","0.6292","0.0015"
"60.3890","0.7094","0.0016"
"60.4090","0.7892","0.0016"
"60.4290","0.8691","0.0015"
"60.4490","0.9492","0.0015"
"60.4690","1.0294","0.0016"
"60.4890","1.1095","0.0017"
"60.5090","1.1896","0.0017"
"60.5290","1.2696","0.0016"
"60.5490","1.3495","0.0016"
"60.5690","1.4295","0.0015"
"60.5890","1.5094","0.0016"
"60.6090","1.5895","0.0016"
"60.6290","1.6696","0.0016"
"60.6490","1.7496","0.0016"
"60.6690","1.8296","0.0016"
"60.6890","1.9096","0.0016"
"60.7090","1.9896","0.0015"
"60.7120","2.0016","0.0015"
"60.7130","2.0056","0.0015"
"60.7140","2.0096","0.0015"
"60.7340","2.0886","0.0013"
"60.7540","2.1529","0.0008"
"60.7740","2.1824","0.0007"
"60.7940","2.1691","0.0007"
"60.8140","2.1149","0.0011"
"60.8340","2.0366","0.0016"
"60.8540","1.9561","0.0016"
"60.8740","1.8784","0.0015"
"60.8940","1.8002","0.0015"
"60.9140","1.7194","0.0015"
"60.9340","1.6371","0.0016"
"60.9540","1.5550","0.0016"
"60.9740","1.4740","0.0015"
"60.9940","1.3938","0.0016"
"61.0140","1.3140","0.0016"
"61.0340","1.2342","0.0016"
"61.0540","1.1541","0.0016"
"61.0740","1.0740","0.0016"
"61.0940","0.9940","0.0015"
"61.1140","0.9139","0.0015"
"61.1340","0.8339","0.0015"
"61.1540","0.7539","0.0015"
"61.1740","0.6738","0.0014"
"61.1940","0.5938","0.0014"
"61.2140","0.5138","0.0014"
"61.2340","0.4338","0.0013"
"61.2540","0.3538","0.0013"
"61.2740","0.2738","0.0010"
"61.2940","0.1938","0.0005"
"61.3140","0.1138","-0.0003"
"61.3180","0.0978","-0.0004"
"61.3190","0.0938","-0.0004"
"61.3200","0.0898","-0.0005"
"61.3400","0.0108","-0.0009"
"61.3600","-0.0534","-0.0009"
"61.3800","-0.0821","-0.0009"
"61.4000","-0.0673","-0.0005"
"61.4200","-0.0113","-0.0002"
"61.4400","0.0681","0.0000"
"61.4600","0.1489","0.0006"
"61.4800","0.2265","0.0012"
"61.5000","0.3045","0.0016"
"61.5200","0.3850","0.0017"
"61.5400","0.4672","0.0016"
"61.5600","0.5491","0.0016"
"61.5800","0.6301","0.0015"
"61.6000","0.7103","0.0015"
"61.6200","0.7902","0.0016"
"61.6400","0.8701","0.0016"
"61.6600","0.9502","0.0016"
"61.6800","1.0303","0.0015"
"61.7000","1.1104","0.0015"
"61.7200","1.1905","0.0016"
"61.7400","1.2705","0.0015"
"61.7600","1.3504","0.0015"
"61.7800","1.4304","0.0016"
"61.8000","1.5104","0.0017"
"61.8200","1.5904","0.0017"
"61.8400","1.6704","0.0016"
"61.8600","1.7504","0.0015"
"61.8800","1.8305","0.0016"
"61.9000","1.9105","0.0015"
"61.9200","1.9905","0.0015"
"61.9230","2.0025","0.0015"
"61.9240","2.0065","0.0015"
"61.9250","2.0105","0.0015"
"61.9450","2.0895","0.0012"
"61.9650","2.1538","0.0007"
"61.9850","2.1833","0.0007"
"62.0050","2.1700","0.0007"
"62.0250","2.1158","0.0010"
"62.0450","2.0375","0.0016"
"62.0650","1.9569","0.0016"
"62.0850","1.8792","0.0015"
"62.1050","1.8010","0.0016"
"62.1250","1.7202","0.0016"
"62.1450","1.6379","0.0016"
"62.1650","1.5559","0.0017"
"62.1850","1.4749","0.0016"
"62.2050","1.3947","0.0015"
"62.2250","1.3149","0.0014"
"62.2450","1.2350","0.0015"
"62.2650","1.1550","0.0015"
"62.2850","1.0749","0.0015"
"62.3050","0.9948","0.0015"
"62.3250","0.9147","0.0016"
"62.3450","0.8347","0.0016"
"62.3650","0.7547","0.0016"
"62.3850","0.6746","0.0015"
"62.4050","0.5946","0.0015"
"62.4250","0.5146","0.0015"
"62.4450","0.4346","0.0014"
"62.4650","0.3546","0.0013"
"62.4850","0.2747","0.0010"
"62.5050","0.1947","0.0005"
"62.5250","0.1147","-0.0002"
"62.5290","0.0987","-0.0004"
"62.5300","0.0947","-0.0004"
"62.5310","0.0907","-0.0004"
"62.5510","0.0117","-0.0009"
"62.5710","-0.0525","-0.0008"
"62.5910","-0.0812","-0.0008"
"62.6110","-0.0663","-0.0005"
"62.6310","-0.0102","-0.0003"
"62.6510","0.0692","-0.0001"
"62.6710","0.1501","0.0007"
"62.6910","0.2277","0.0013"
"62.7110","0.3057","0.0016"
"62.7310","0.3862","0.0016"
"62.7510","0.4683","0.0015"
"62.7710","0.5503","0.0016"
"62.7910","0.6312","0.0016"
"62.8110","0.7114","0.0015"
"62.8310","0.7912","0.0016"
"62.8510","0.8711","0.0017"
"62.8710","0.9512","0.0017"
"62.8910","1.0314","0.0017"
"62.9110","1.1115","0.0017"
"62.9310","1.1916","0.0017"
"62.9510","1.2716","0.0017"
"62.9710","1.3515","0.0017"
"62.9910","1.4315","0.0016"
"63.0110","1.5114","0.0016"
"63.0310","1.5915","0.0016"
"63.0510","1.6716","0.0017"
"63.0710","1.7516","0.0017"
"63.0910","1.8316","0.0016"
"63.1110","1.9116","0.0015"
"63.1310","1.9916","0.0016"
"63.1340","2.0036","0.0016"
"63.1350","2.0076","0.0016"
"63.1360","2.0116","0.0016"
"63.1560","2.0905","0.0013"
"63.1760","2.1549","0.0008"
"63.1960","2.1843","0.0006"
"63.2160","2.1710","0.0005"
"63.2360","2.1168","0.0010"
"63.2560","2.0385","0.0016"
"63.2760","1.9579","0.0016"
"63.2960","1.8802","0.0016"
"63.3160","1.8020","0.0016"
"63.3360","1.7212","0.0017"
"63.3560","1.6389","0.0017"
"63.3760","1.5568","0.0016"
"63.3960","1.4759","0.0016"
"63.4160","1.3957","0.0015"
"63.4360","1.3159","0.0015"
"63.4560","1.2360","0.0016"
"63.4760","1.1560","0.0017"
"63.4960","1.0759","0.0017"
"63.5160","0.9958","0.0017"
"63.5360","0.9157","0.0016"
"63.5560","0.8357","0.0016"
"63.5760","0.7557","0.0015"
"63.5960","0.6756","0.0015"
"63.6160","0.5956","0.0015"
"63.6360","0.5156","0.0014"
"63.6560","0.4356","0.0013"
"63.6760","0.3556","0.0013"
"63.6960","0.2757","0.0011"
"63.7160","0.1956","0.0006"
"63.7360","0.1156","-0.0002"
"63.7400","0.0996","-0.0003"
"63.7410","0.0956","-0.0004"
"63.7420","0.0916","-0.0004"
"63.7620","0.0127","-0.0009"
"63.7820","-0.0515","-0.0009"
"63.8020","-0.0802","-0.0009"
"63.8220","-0.0654","-0.0006"
"63.8420","-0.0094","-0.0002"
"63.8620","0.0700","0.0001"
"63.8820","0.1509","0.0008"
"63.9020","0.2285","0.0014"
"63.9220","0.3065","0.0016"
"63.9420","0.3870","0.0016"
"63.9620","0.4691","0.0015"
"63.9820","0.5511","0.0016"
"64.0020","0.6321","0.0016"
"64.0220","0.7122","0.0015"
"64.0420","0.7921","0.0016"
"64.0620","0.8720","0.0016"
"64.0820","0.9521","0.0016"
"64.1020","1.0322","0.0016"
"64.1220","1.1123","0.0016"
"64.1420","1.1924","0.0016"
"64.1620","1.2724","0.0015"
"64.1820","1.3523","0.0016"
"64.2020","1.4323","0.0017"
"64.2220","1.5123","0.0017"
"64.2420","1.5923","0.0016"
"64.2620","1.6724","0.0015"
"64.2820","1.7524","0.0016"
"64.3020","1.8324","0.0016"
"64.3220","1.9124","0.0016"
"64.3420","1.9924","0.0017"
"64.3440","2.0004","0.0017"
"64.3450","2.0044","0.0017"
"64.3460","2.0084","0.0017"
"64.3660","2.0874","0.0014"
"64.3860","2.1517","0.0008"
"64.4060","2.1811","0.0007"
"64.4260","2.1678","0.0008"
"64.4460","2.1137","0.0011"
"64.4660","2.0353","0.0017"
"64.4860","1.9548","0.0017"
"64.5060","1.8771","0.0016"
"64.5260","1.7989","0.0015"
"64.5460","1.7181","0.0015"
"64.5660","1.6357","0.0016"
"64.5860","1.5537","0.0016"
"64.6060","1.4727","0.0015"
"64.6260","1.3926","0.0015"
"64.6460","1.3128","0.0015"
"64.6660","1.2329","0.0015"
"64.6860","1.1529","0.0015"
"64.7060","1.0727","0.0016"
"64.7260","0.9927","0.0016"
"64.7460","0.9126","0.0015"
"64.7660","0.8326","0.0015"
"64.7860","0.7526","0.0013"
"64.8060","0.6725","0.0015"
"64.8260","0.5925","0.0015"
"64.8460","0.5125","0.0015"
"64.8660","0.4325","0.0014"
"64.8860","0.3525","0.0013"
"64.9060","0.2725","0.0010"
"64.9260","0.1925","0.0004"
"64.9460","0.1125","-0.0002"
"64.9500","0.0965","-0.0004"
"64.9510","0.0925","-0.0004"
"64.9520","0.0885","-0.0005"
"64.9720","0.0095","-0.0009"
"64.9920","-0.0547","-0.0009"
"65.0120","-0.0834","-0.0010"
"65.0320","-0.0687","-0.0006"
"65.0520","-0.0127","-0.0003"
"65.0720","0.0667","0.0001"
"65.0920","0.1475","0.0008"
"65.1120","0.2251","0.0014"
"65.1320","0.3031","0.0016"
"65.1520","0.3836","0.0017"
"65.1720","0.4658","0.0016"
"65.1920","0.5477","0.0015"
"65.2120","0.6287","0.0015"
"65.2320","0.7089","0.0016"
"65.2520","0.7887","0.0017"
"65.2720","0.8687","0.0017"
"65.2920","0.9487","0.0016"
"65.3120","1.0289","0.0016"
"65.3320","1.1090","0.0016"
"65.3520","1.1891","0.0016"
"65.3720","1.2691","0.0017"
"65.3920","1.3490","0.0016"
"65.4120","1.4290","0.0017"
"65.4320","1.5089","0.0017"
"65.4520","1.5890","0.0017"
"65.4720","1.6690","0.0016"
"65.4920","1.7490","0.0016"
"65.5120","1.8289","0.0016"
"65.5320","1.9090","0.0016"
"65.5520","1.9890","0.0016"
"65.5550","2.0011","0.0016"
"65.5560","2.0051","0.0016"
"65.5570","2.0091","0.0016"
"65.5770","2.0881","0.0013"
"65.5970","2.1525","0.0008"
"65.6170","2.1819","0.0007"
"65.6370","2.1686","0.0007"
"65.6570","2.1144","0.0010"
"65.6770","2.0361","0.0016"
"65.6970","1.9555","0.0016"
"65.7170","1.8779","0.0015"
"65.7370","1.7996","0.0015"
"65.7570","1.7189","0.0015"
"65.7770","1.6365","0.0015"
"65.7970","1.5545","0.0017"
"65.8170","1.4735","0.0016"
"65.8370","1.3933","0.0015"
"65.8570","1.3135","0.0014"
"65.8770","1.2337","0.0015"
"65.8970","1.1536","0.0016"
"65.9170","1.0735","0.0016"
"65.9370","0.9934","0.0017"
"65.9570","0.9134","0.0016"
"65.9770","0.8333","0.0014"
"65.9970","0.7533","0.0014"
"66.0170","0.6732","0.0014"
"66.0370","0.5932","0.0015"
"66.0570","0.5132","0.0015"
"66.0770","0.4332","0.0014"
"66.0970","0.3532","0.0013"
"66.1170","0.2733","0.0009"
"66.1370","0.1933","0.0004"
"66.1570","0.1133","-0.0002"
"66.1610","0.0973","-0.0004"
"66.1620","0.0933","-0.0004"
"66.1630","0.0893","-0.0005"
"66.1830","0.0103","-0.0009"
"66.2030","-0.0539","-0.0008"
"66.2230","-0.0826","-0.0009"
"66.2430","-0.0679","-0.0005"
"66.2630","-0.0119","-0.0003"
"66.2830","0.0675","0.0000"
"66.3030","0.1483","0.0007"
"66.3230","0.2259","0.0013"
"66.3430","0.3039","0.0016"
"66.3630","0.3845","0.0016"
"66.3830","0.4666","0.0015"
"66.4030","0.5486","0.0016"
"66.4230","0.6295","0.0015"
"66.4430","0.7097","0.0016"
"66.4630","0.7896","0.0017"
"66.4830","0.8695","0.0016"
"66.5030","0.9496","0.0016"
"66.5230","1.0297","0.0016"
"66.5430","1.1099","0.0015"
"66.5630","1.1899","0.0016"
"66.5830","1.2699","0.0016"
"66.6030","1.3498","0.0017"
"66.6230","1.4298","0.0017"
"66.6430","1.5098","0.0017"
"66.6630","1.5898","0.0017"
"66.6830","1.6698","0.0016"
"66.7030","1.7498","0.0016"
"66.7230","1.8298","0.0016"
"66.7430","1.9098","0.0016"
"66.7630","1.9899","0.0017"
"66.7660","2.0019","0.0017"
"66.7670","2.0059","0.0017"
"66.7680","2.0099","0.0017"
"66.7880","2.0889","0.0014"
"66.8080","2.1533","0.0008"
"66.8280","2.1828","0.0007"
"66.8480","2.1695","0.0007"
"66.8680","2.1154","0.0011"
"66.8880","2.0371","0.0017"
"66.9080","1.9566","0.0016"
"66.9280","1.8790","0.0016"
"66.9480","1.8007","0.0015"
"66.9680","1.7199","0.0015"
"66.9880","1.6375","0.0016"
"67.0080","1.5555","0.0016"
"67.0280","1.4745","0.0015"
"67.0480","1.3943","0.0015"
"67.0680","1.3145","0.0015"
"67.0880","1.2347","0.0015"
"67.1080","1.1546","0.0016"
"67.1280","1.0745","0.0016"
"67.1480","0.9944","0.0015"
"67.1680","0.9144","0.0015"
"67.1880","0.8343","0.0015"
"67.2080","0.7543","0.0015"
"67.2280","0.6743","0.0014"
"67.2480","0.5942","0.0014"
"67.2680","0.5143","0.0014"
"67.2880","0.4343","0.0014"
"67.3080","0.3543","0.0014"
"67.3280","0.2743","0.0011"
"67.3480","0.1943","0.0005"
"67.3680","0.1143","-0.0003"
"67.3720","0.0983","-0.0004"
"67.3730","0.0943","-0.0004"
"67.3740","0.0903","-0.0005"
"67.3940","0.0113","-0.0009"
"67.4140","-0.0529","-0.0009"
"67.4340","-0.0816","-0.0010"
"67.4540","-0.0669","-0.0006"
"67.4740","-0.0109","-0.0002"
"67.4940","0.0685","0.0001"
"67.5140","0.1493","0.0009"
"67.5340","0.2269","0.0014"
"67.5540","0.3050","0.0016"
"67.5740","0.3855","0.0016"
"67.5940","0.4676","0.0016"
"67.6140","0.5496","0.0016"
"67.6340","0.6305","0.0016"
"67.6540","0.7107","0.0016"
"67.6740","0.7906","0.0016"
"67.6940","0.8705","0.0017"
"67.7140","0.9506","0.0016"
"67.7340","1.0307","0.0016"
"67.7540","1.1109","0.0016"
"67.7740","1.1909","0.0018"
"67.7940","1.2709","0.0017"
"67.8140","1.3508","0.0017"
"67.8340","1.4308","0.0016"
"67.8540","1.5108","0.0016"
"67.8740","1.5908","0.0016"
"67.8940","1.6708","0.0016"
"67.9140","1.7508","0.0017"
"67.9340","1.8309","0.0016"
"67.9540","1.9109","0.0016"
"67.9740","1.9909","0.0017"
"67.9770","2.0029","0.0017"
"67.9780","2.0069","0.0017"
"67.9790","2.0109","0.0017"
"67.9990","2.0899","0.0014"
"68.0190","2.1542","0.0008"
"68.0390","2.1837","0.0007"
"68.0590","2.1705","0.0007"
"68.0790","2.1164","0.0011"
"68.0990","2.0381","0.0017"
"68.1190","1.9576","0.0017"
"68.1390","1.8799","0.0016"
"68.1590","1.8017","0.0015"
"68.1790","1.7209","0.0016"
"68.1990","1.6385","0.0017"
"68.2190","1.5565","0.0017"
"68.2390","1.4755","0.0015"
"68.2590","1.3953","0.0016"
"68.2790","1.3155","0.0016"
"68.2990","1.2357","0.0016"
"68.3190","1.1556","0.0016"
"68.3390","1.0755","0.0016"
"68.3590","0.9954","0.0017"
"68.3790","0.9154","0.0016"
"68.3990","0.8353","0.0015"
"68.4190","0.7553","0.0015"
"68.4390","0.6752","0.0016"
"68.4590","0.5952","0.0016"
"68.4790","0.5152","0.0016"
"68.4990","0.4352","0.0014"
"68.5190","0.3553","0.0014"
"68.5390","0.2753","0.0011"
"68.5590","0.1953","0.0007"
"68.5790","0.1153","0.0000"
"68.5830","0.0993","-0.0002"
"68.5840","0.0953","-0.0003"
"68.5850","0.0913","-0.0003"
"68.6050","0.0123","-0.0008"
"68.6250","-0.0519","-0.0009"
"68.6450","-0.0806","-0.0010"
"68.6650","-0.0657","-0.0005"
"68.6850","-0.0097","-0.0002"
"68.7050","0.0697","0.0000"
"68.7250","0.1506","0.0007"
"68.7450","0.2282","0.0013"
"68.7650","0.3062","0.0016"
"68.7850","0.3867","0.0017"
"68.8050","0.4688","0.0015"
"68.8250","0.5508","0.0016"
"68.8450","0.6317","0.0015"
"68.8650","0.7119","0.0016"
"68.8850","0.7918","0.0016"
"68.9050","0.8717","0.0016"
"68.9250","0.9518","0.0016"
"68.9450","1.0319","0.0016"
"68.9650","1.1121","0.0016"
"68.9850","1.1921","0.0017"
"69.0050","1.2721","0.0017"
"69.0250","1.3520","0.0016"
"69.0450","1.4320","0.0016"
"69.0650","1.5120","0.0016"
"69.0850","1.5920","0.0016"
"69.1050","1.6721","0.0016"
"69.1250","1.7520","0.0016"
"69.1450","1.8320","0.0016"
"69.1650","1.9121","0.0016"
"69.1850","1.9921","0.0016"
"69.1870","2.0001","0.0016"
"69.1880","2.0041","0.0016"
"69.1890","2.0081","0.0016"
"69.2090","2.0871","0.0014"
"69.2290","2.1515","0.0008"
"69.2490","2.1810","0.0007"
"69.2690","2.1677","0.0007"
"69.2890","2.1136","0.0011"
"69.3090","2.0354","0.0018"
"69.3290","1.9549","0.0018"
"69.3490","1.8772","0.0017"
"69.3690","1.7989","0.0016"
"69.3890","1.7181","0.0016"
"69.4090","1.6357","0.0016"
"69.4290","1.5537","0.0017"
"69.4490","1.4727","0.0016"
"69.4690","1.3925","0.0016"
"69.4890","1.3127","0.0014"
"69.5090","1.2329","0.0015"
"69.5290","1.1528","0.0016"
"69.5490","1.0727","0.0016"
"69.5690","0.9926","0.0016"
"69.5890","0.9126","0.0016"
"69.6090","0.8325","0.0016"
"69.6290","0.7525","0.0016"
"69.6490","0.6725","0.0016"
"69.6690","0.5924","0.0015"
"69.6890","0.5125","0.0014"
"69.7090","0.4325","0.0013"
"69.7290","0.3525","0.0013"
"69.7490","0.2725","0.0011"
"69.7690","0.1925","0.0007"
"69.7890","0.1125","-0.0002"
"69.7930","0.0965","-0.0003"
"69.7940","0.0925","-0.0004"
"69.7950","0.0885","-0.0004"
"69.8150","0.0095","-0.0009"
"69.8350","-0.0546","-0.0010"
"69.8550","-0.0833","-0.0010"
"69.8750","-0.0685","-0.0006"
"69.8950","-0.0125","-0.0003"
"69.9150","0.0669","0.0001"
"69.9350","0.1477","0.0008"
"69.9550","0.2254","0.0014"
"69.9750","0.3034","0.0016"
"69.9950","0.3839","0.0016"
"70.0150","0.4660","0.0016"
"70.0350","0.5480","0.0017"
"70.0550","0.6289","0.0017"
"70.0750","0.7091","0.0017"
"70.0950","0.7890","0.0017"
"70.1150","0.8689","0.0016"
"70.1350","0.9490","0.0016"
"70.1550","1.0291","0.0017"
"70.1750","1.1093","0.0017"
"70.1950","1.1893","0.0016"
"70.2150","1.2693","0.0016"
"70.2350","1.3492","0.0016"
"70.2550","1.4292","0.0017"
"70.2750","1.5092","0.0017"
"70.2950","1.5892","0.0016"
"70.3150","1.6693","0.0017"
"70.3350","1.7492","0.0017"
"70.3550","1.8292","0.0017"
"70.3750","1.9093","0.0017"
"70.3950","1.9893","0.0016"
"70.3980","2.0013","0.0016"
"70.3990","2.0053","0.0016"
"70.4000","2.0093","0.0016"
"70.4200","2.0883","0.0013"
"70.4400","2.1527","0.0008"
"70.4600","2.1821","0.0008"
"70.4800","2.1687","0.0008"
"70.5000","2.1145","0.0011"
"70.5200","2.0361","0.0017"
"70.5400","1.9556","0.0016"
"70.5600","1.8779","0.0015"
"70.5800","1.7997","0.0016"
"70.6000","1.7189","0.0016"
"70.6200","1.6366","0.0016"
"70.6400","1.5545","0.0015"
"70.6600","1.4735","0.0016"
"70.6800","1.3934","0.0016"
"70.7000","1.3136","0.0016"
"70.7200","1.2337","0.0015"
"70.7400","1.1537","0.0015"
"70.7600","1.0736","0.0015"
"70.7800","0.9935","0.0015"
"70.8000","0.9134","0.0016"
"70.8200","0.8334","0.0016"
"70.8400","0.7534","0.0016"
"70.8600","0.6733","0.0015"
"70.8800","0.5933","0.0015"
"70.9000","0.5133","0.0014"
"70.9200","0.4333","0.0015"
"70.9400","0.3533","0.0014"
"70.9600","0.2734","0.0011"
"70.9800","0.1934","0.0006"
"71.0000","0.1133","-0.0002"
"71.0040","0.0973","-0.0004"
"71.0050","0.0933","-0.0004"
"71.0060","0.0893","-0.0005"
"71.0260","0.0103","-0.0009"
"71.0460","-0.0538","-0.0010"
"71.0660","-0.0825","-0.0009"
"71.0860","-0.0676","-0.0005"
"71.1060","-0.0115","-0.0002"
"71.1260","0.0679","0.0001"
"71.1460","0.1488","0.0007"
"71.1660","0.2265","0.0013"
"71.1860","0.3044","0.0017"
"71.2060","0.3849","0.0018"
"71.2260","0.4670","0.0017"
"71.2460","0.5490","0.0016"
"71.2660","0.6299","0.0015"
"71.2860","0.7101","0.0016"
"71.3060","0.7900","0.0016"
"71.3260","0.8699","0.0017"
"71.3460","0.9500","0.0017"
"71.3660","1.0301","0.0017"
"71.3860","1.1102","0.0016"
"71.4060","1.1903","0.0016"
"71.4260","1.2703","0.0015"
"71.4460","1.3502","0.0016"
"71.4660","1.4302","0.0017"
"71.4860","1.5101","0.0017"
"71.5060","1.5902","0.0016"
"71.5260","1.6702","0.0017"
"71.5460","1.7502","0.0016"
"71.5660","1.8302","0.0015"
"71.5860","1.9102","0.0016"
"71.6060","1.9903","0.0016"
"71.6090","2.0023","0.0016"
"71.6100","2.0063","0.0016"
"71.6110","2.0103","0.0016"
"71.6310","2.0893","0.0013"
"71.6510","2.1537","0.0007"
"71.6710","2.1832","0.0007"
"71.6910","2.1699","0.0008"
"71.7110","2.1159","0.0012"
"71.7310","2.0376","0.0017"
"71.7510","1.9571","0.0017"
"71.7710","1.8795","0.0016"
"71.7910","1.8012","0.0016"
"71.8110","1.7204","0.0016"
"71.8310","1.6380","0.0016"
"71.8510","1.5559","0.0016"
"71.8710","1.4750","0.0016"
"71.8910","1.3948","0.0016"
"71.9110","1.3150","0.0016"
"71.9310","1.2351","0.0016"
"71.9510","1.1551","0.0016"
"71.9710","1.0750","0.0016"
"71.9910","0.9949","0.0016"
"72.0110","0.9148","0.0015"
"72.0310","0.8348","0.0015"
"72.0510","0.7548","0.0015"
"72.0710","0.6747","0.0015"
"72.0910","0.5947","0.0014"
"72.1110","0.5147","0.0014"
"72.1310","0.4347","0.0014"
"72.1510","0.3547","0.0014"
"72.1710","0.2748","0.0011"
"72.1910","0.1947","0.0006"
"72.2110","0.1147","-0.0002"
"72.2150","0.0987","-0.0003"
"72.2160","0.0947","-0.0003"
"72.2170","0.0907","-0.0004"
"72.2370","0.0117","-0.0008"
"72.2570","-0.0524","-0.0009"
"72.2770","-0.0810","-0.0009"
"72.2970","-0.0661","-0.0006"
"72.3170","-0.0099","-0.0003"
"72.3370","0.0696","0.0000"
"72.3570","0.1504","0.0007"
"72.3770","0.2280","0.0013"
"72.3970","0.3060","0.0016"
"72.4170","0.3865","0.0017"
"72.4370","0.4686","0.0016"
"72.4570","0.5506","0.0016"
"72.4770","0.6316","0.0015"
"72.4970","0.7117","0.0016"
"72.5170","0.7916","0.0016"
"72.5370","0.8715","0.0016"
"72.5570","0.9516","0.0016"
"72.5770","1.0317","0.0016"
"72.5970","1.1118","0.0016"
"72.6170","1.1919","0.0017"
"72.6370","1.2719","0.0016"
"72.6570","1.3518","0.0016"
"72.6770","1.4318","0.0017"
"72.6970","1.5118","0.0016"
"72.7170","1.5918","0.0016"
"72.7370","1.6719","0.0016"
"72.7570","1.7518","0.0015"
"72.7770","1.8318","0.0016"
"72.7970","1.9118","0.0016"
"72.8170","1.9919","0.0016"
"72.8200","2.0039","0.0016"
"72.8210","2.0079","0.0016"
"72.8220","2.0119","0.0016"
"72.8420","2.0909","0.0014"
"72.8620","2.1553","0.0009"
"72.8820","2.1847","0.0008"
"72.9020","2.1714","0.0007"
"72.9220","2.1172","0.0011"
"72.9420","2.0388","0.0017"
"72.9620","1.9583","0.0017"
"72.9820","1.8807","0.0016"
"73.0020","1.8024","0.0016"
"73.0220","1.7216","0.0016"
"73.0420","1.6393","0.0017"
"73.0620","1.5572","0.0017"
"73.0820","1.4763","0.0016"
"73.1020","1.3961","0.0016"
"73.1220","1.3163","0.0016"
"73.1420","1.2364","0.0017"
"73.1620","1.1564","0.0016"
"73.1820","1.0763","0.0015"
"73.2020","0.9962","0.0015"
"73.2220","0.9161","0.0015"
"73.2420","0.8361","0.0016"
"73.2620","0.7561","0.0015"
"73.2820","0.6760","0.0015"
"73.3020","0.5960","0.0015"
"73.3220","0.5160","0.0015"
"73.3420","0.4360","0.0014"
"73.3620","0.3560","0.0014"
"73.3820","0.2761","0.0011"
"73.4020","0.1960","0.0005"
"73.4220","0.1160","-0.0002"
"73.4270","0.0960","-0.0004"
"73.4280","0.0920","-0.0005"
"73.4290","0.0880","-0.0005"
"73.4490","0.0090","-0.0009"
"73.4690","-0.0552","-0.0009"
"73.4890","-0.0839","-0.0009"
"73.5090","-0.0692","-0.0006"
"73.5290","-0.0133","-0.0003"
"73.5490","0.0660","0.0000"
"73.5690","0.1468","0.0007"
"73.5890","0.2245","0.0013"
"73.6090","0.3025","0.0016"
"73.6290","0.3831","0.0016"
"73.6490","0.4652","0.0016"
"73.6690","0.5472","0.0016"
"73.6890","0.6281","0.0016"
"73.7090","0.7083","0.0016"
"73.7290","0.7882","0.0016"
"73.7490","0.8681","0.0017"
"73.7690","0.9481","0.0017"
"73.7890","1.0283","0.0017"
"73.8090","1.1084","0.0017"
"73.8290","1.1885","0.0016"
"73.8490","1.2685","0.0016"
"73.8690","1.3484","0.0016"
"73.8890","1.4284","0.0016"
"73.9090","1.5083","0.0018"
"73.9290","1.5884","0.0017"
"73.9490","1.6685","0.0017"
"73.9690","1.7484","0.0017"
"73.9890","1.8284","0.0017"
"74.0090","1.9084","0.0017"
"74.0290","1.9885","0.0017"
"74.0320","2.0005","0.0017"
"74.0330","2.0045","0.0017"
"74.0340","2.0085","0.0017"
"74.0540","2.0875","0.0013"
"74.0740","2.1519","0.0008"
"74.0940","2.1814","0.0006"
"74.1140","2.1681","0.0006"
"74.1340","2.1140","0.0011"
"74.1540","2.0357","0.0016"
"74.1740","1.9552","0.0016"
"74.1940","1.8776","0.0015"
"74.2140","1.7993","0.0015"
"74.2340","1.7185","0.0016"
"74.2540","1.6361","0.0017"
"74.2740","1.5540","0.0016"
"74.2940","1.4731","0.0016"
"74.3140","1.3929","0.0016"
"74.3340","1.3131","0.0016"
"74.3540","1.2332","0.0016"
"74.3740","1.1532","0.0016"
"74.3940","1.0731","0.0016"
"74.4140","0.9930","0.0015"
"74.4340","0.9129","0.0015"
"74.4540","0.8329","0.0015"
"74.4740","0.7529","0.0015"
"74.4940","0.6728","0.0016"
"74.5140","0.5928","0.0015"
"74.5340","0.5128","0.0015"
"74.5540","0.4328","0.0015"
"74.5740","0.3528","0.0015"
"74.5940","0.2729","0.0011"
"74.6140","0.1929","0.0005"
"74.6340","0.1128","-0.0003"
"74.6380","0.0968","-0.0004"
"74.6390","0.0928","-0.0005"
"74.6400","0.0888","-0.0005"
"74.6600","0.0098","-0.0010"
"74.6800","-0.0544","-0.0009"
"74.7000","-0.0831","-0.0009"
"74.7200","-0.0683","-0.0007"
"74.7400","-0.0124","-0.0003"
"74.7600","0.0670","0.0001"
"74.7800","0.1478","0.0008"
"74.8000","0.2254","0.0014"
"74.8200","0.3034","0.0017"
"74.8400","0.3840","0.0018"
"74.8600","0.4661","0.0017"
"74.8800","0.5481","0.0017"
"74.9000","0.6291","0.0016"
"74.9200","0.7092","0.0016"
"74.9400","0.7891","0.0016"
"74.9600","0.8690","0.0017"
"74.9800","0.9491","0.0016"
"75.0000","1.0292","0.0017"
"75.0200","1.1094","0.0017"
"75.0400","1.1895","0.0017"
"75.0600","1.2694","0.0017"
"75.0800","1.3493","0.0017"
"75.1000","1.4293","0.0016"
"75.1200","1.5093","0.0017"
"75.1400","1.5893","0.0017"
"75.1600","1.6694","0.0016"
"75.1800","1.7494","0.0016"
"75.2000","1.8293","0.0016"
"75.2200","1.9093","0.0016"
"75.2400","1.9894","0.0016"
"75.2430","2.0014","0.0016"
"75.2440","2.0054","0.0016"
"75.2450","2.0094","0.0016"
"75.2650","2.0884","0.0014"
"75.2850","2.1528","0.0009"
"75.3050","2.1822","0.0007"
"75.3250","2.1689","0.0007"
"75.3450","2.1148","0.0011"
"75.3650","2.0365","0.0017"
"75.3850","1.9560","0.0017"
"75.4050","1.8783","0.0016"
"75.4250","1.8000","0.0016"
"75.4450","1.7192","0.0016"
"75.4650","1.6369","0.0016"
"75.4850","1.5548","0.0016"
"75.5050","1.4739","0.0015"
"75.5250","1.3937","0.0017"
"75.5450","1.3139","0.0016"
"75.5650","1.2341","0.0016"
"75.5850","1.1540","0.0016"
"75.6050","1.0739","0.0016"
"75.6250","0.9938","0.0017"
"75.6450","0.9137","0.0016"
"75.6650","0.8337","0.0015"
"75.6850","0.7537","0.0015"
"75.7050","0.6736","0.0015"
"75.7250","0.5936","0.0016"
"75.7450","0.5136","0.0015"
"75.7650","0.4336","0.0015"
"75.7850","0.3536","0.0014"
"75.8050","0.2737","0.0010"
"75.8250","0.1937","0.0006"
"75.8450","0.1136","-0.0002"
"75.8490","0.0976","-0.0003"
"75.8500","0.0936","-0.0004"
"75.8510","0.0896","-0.0004"
"75.8710","0.0106","-0.0010"
"75.8910","-0.0536","-0.0009"
"75.9110","-0.0823","-0.0009"
"75.9310","-0.0676","-0.0006"
"75.9510","-0.0116","-0.0003"
"75.9710","0.0677","0.0001"
"75.9910","0.1485","0.0008"
"76.0110","0.2262","0.0013"
"76.0310","0.3042","0.0016"
"76.0510","0.3847","0.0018"
"76.0710","0.4668","0.0017"
"76.0910","0.5488","0.0017"
"76.1110","0.6298","0.0016"
"76.1310","0.7100","0.0016"
"76.1510","0.7898","0.0016"
"76.1710","0.8697","0.0017"
"76.1910","0.9498","0.0017"
"76.2110","1.0300","0.0016"
"76.2310","1.1101","0.0016"
"76.2510","1.1901","0.0017"
"76.2710","1.2701","0.0016"
"76.2910","1.3501","0.0016"
"76.3110","1.4300","0.0015"
"76.3310","1.5100","0.0017"
"76.3510","1.5900","0.0018"
"76.3710","1.6701","0.0016"
"76.3910","1.7501","0.0016"
"76.4110","1.8301","0.0016"
"76.4310","1.9102","0.0017"
"76.4510","1.9901","0.0017"
"76.4540","2.0021","0.0017"
"76.4550","2.0061","0.0017"
"76.4560","2.0101","0.0017"
"76.4760","2.0891","0.0015"
"76.4960","2.1534","0.0009"
"76.5160","2.1829","0.0008"
"76.5360","2.1695","0.0006"
"76.5560","2.1154","0.0010"
"76.5760","2.0371","0.0017"
"76.5960","1.9566","0.0017"
"76.6160","1.8789","0.0016"
"76.6360","1.8006","0.0016"
"76.6560","1.7198","0.0016"
"76.6760","1.6375","0.0016"
"76.6960","1.5554","0.0017"
"76.7160","1.4744","0.0016"
"76.7360","1.3943","0.0017"
"76.7560","1.3145","0.0016"
"76.7760","1.2346","0.0016"
"76.7960","1.1546","0.0016"
"76.8160","1.0744","0.0016"
"76.8360","0.9944","0.0016"
"76.8560","0.9143","0.0016"
"76.8760","0.8343","0.0016"
"76.8960","0.7543","0.0015"
"76.9160","0.6742","0.0015"
"76.9360","0.5942","0.0016"
"76.9560","0.5142","0.0015"
"76.9760","0.4342","0.0014"
"76.9960","0.3542","0.0013"
"77.0160","0.2742","0.0010"
"77.0360","0.1942","0.0005"
"77.0560","0.1142","-0.0002"
"77.0600","0.0982","-0.0004"
"77.0610","0.0942","-0.0004"
"77.0620","0.0902","-0.0004"
"77.0820","0.0112","-0.0009"
"77.1020","-0.0530","-0.0009"
"77.1220","-0.0817","-0.0009"
"77.1420","-0.0669","-0.0005"
"77.1620","-0.0109","-0.0003"
"77.1820","0.0685","0.0000"
"77.2020","0.1493","0.0008"
"77.2220","0.2269","0.0013"
"77.2420","0.3050","0.0017"
"77.2620","0.3855","0.0017"
"77.2820","0.4676","0.0016"
"77.3020","0.5496","0.0016"
"77.3220","0.6306","0.0015"
"77.3420","0.7107","0.0015"
"77.3620","0.7906","0.0015"
"77.3820","0.8705","0.0015"
"77.4020","0.9506","0.0016"
"77.4220","1.0307","0.0017"
"77.4420","1.1108","0.0017"
"77.4620","1.1909","0.0017"
"77.4820","1.2708","0.0017"
"77.5020","1.3508","0.0017"
"77.5220","1.4308","0.0016"
"77.5420","1.5108","0.0016"
"77.5620","1.5908","0.0017"
"77.5820","1.6708","0.0017"
"77.6020","1.7508","0.0017"
"77.6220","1.8309","0.0018"
"77.6420","1.9109","0.0017"
"77.6620","1.9909","0.0016"
"77.6650","2.0029","0.0016"
"77.6660","2.0069","0.0016"
"77.6670","2.0109","0.0016"
"77.6870","2.0898","0.0013"
"77.7070","2.1541","0.0008"
"77.7270","2.1836","0.0007"
"77.7470","2.1702","0.0008"
"77.7670","2.1160","0.0012"
"77.7870","2.0377","0.0017"
"77.8070","1.9571","0.0016"
"77.8270","1.8794","0.0015"
"77.8470","1.8012","0.0015"
"77.8670","1.7204","0.0015"
"77.8870","1.6381","0.0016"
"77.9070","1.5561","0.0017"
"77.9270","1.4751","0.0016"
"77.9470","1.3949","0.0016"
"77.9670","1.3151","0.0016"
"77.9870","1.2353","0.0016"
"78.0070","1.1552","0.0017"
"78.0270","1.0751","0.0015"
"78.0470","0.9950","0.0016"
"78.0670","0.9150","0.0015"
"78.0870","0.8349","0.0015"
"78.1070","0.7549","0.0015"
"78.1270","0.6749","0.0014"
"78.1470","0.5948","0.0014"
"78.1670","0.5149","0.0014"
"78.1870","0.4348","0.0014"
"78.2070","0.3549","0.0014"
"78.2270","0.2749","0.0011"
"78.2470","0.1949","0.0005"
"78.2670","0.1149","-0.0004"
"78.2710","0.0989","-0.0005"
"78.2720","0.0949","-0.0006"
"78.2730","0.0909","-0.0006"
"78.2930","0.0119","-0.0010"
"78.3130","-0.0523","-0.0009"
"78.3330","-0.0810","-0.0009"
"78.3530","-0.0663","-0.0006"
"78.3730","-0.0102","-0.0003"
"78.3930","0.0692","0.0000"
"78.4130","0.1500","0.0007"
"78.4330","0.2277","0.0013"
"78.4530","0.3057","0.0016"
"78.4730","0.3862","0.0016"
"78.4930","0.4683","0.0017"
"78.5130","0.5502","0.0018"
"78.5330","0.6312","0.0017"
"78.5530","0.7114","0.0017"
"78.5730","0.7912","0.0017"
"78.5930","0.8711","0.0017"
"78.6130","0.9512","0.0017"
"78.6330","1.0314","0.0017"
"78.6530","1.1115","0.0016"
"78.6730","1.1916","0.0017"
"78.6930","1.2715","0.0017"
"78.7130","1.3515","0.0017"
"78.7330","1.4315","0.0016"
"78.7530","1.5114","0.0016"
"78.7730","1.5915","0.0017"
"78.7930","1.6715","0.0016"
"78.8130","1.7515","0.0016"
"78.8330","1.8315","0.0016"
"78.8530","1.9115","0.0016"
"78.8730","1.9915","0.0017"
"78.8760","2.0035","0.0017"
"78.8770","2.0075","0.0017"
"78.8780","2.0115","0.0017"
"78.8980","2.0905","0.0014"
"78.9180","2.1549","0.0008"
"78.9380","2.1843","0.0008"
"78.9580","2.1710","0.0008"
"78.9780","2.1169","0.0010"
"78.9980","2.0385","0.0017"
"79.0180","1.9580","0.0017"
"79.0380","1.8804","0.0016"
"79.0580","1.8021","0.0016"
"79.0780","1.7213","0.0016"
"79.0980","1.6390","0.0016"
"79.1180","1.5569","0.0017"
"79.1380","1.4759","0.0017"
"79.1580","1.3958","0.0017"
"79.1780","1.3160","0.0016"
"79.1980","1.2361","0.0016"
"79.2180","1.1561","0.0017"
"79.2380","1.0760","0.0016"
"79.2580","0.9959","0.0016"
"79.2780","0.9158","0.0016"
"79.2980","0.8358","0.0015"
"79.3180","0.7558","0.0015"
"79.3380","0.6757","0.0016"
"79.3580","0.5957","0.0015"
"79.3780","0.5157","0.0014"
"79.3980","0.4357","0.0014"
"79.4180","0.3557","0.0013"
"79.4380","0.2757","0.0011"
"79.4580","0.1957","0.0006"
"79.4780","0.1157","-0.0002"
"79.4820","0.0997","-0.0003"
"79.4830","0.0957","-0.0004"
"79.4840","0.0917","-0.0004"
"79.5040","0.0127","-0.0009"
"79.5240","-0.0515","-0.0009"
"79.5440","-0.0802","-0.0010"
"79.5640","-0.0654","-0.0006"
"79.5840","-0.0094","-0.0002"
"79.6040","0.0700","0.0001"
"79.6240","0.1508","0.0008"
"79.6440","0.2284","0.0013"
"79.6640","0.3064","0.0016"
"79.6840","0.3869","0.0017"
"79.7040","0.4691","0.0017"
"79.7240","0.5510","0.0017"
"79.7440","0.6320","0.0015"
"79.7640","0.7122","0.0015"
"79.7840","0.7921","0.0016"
"79.8040","0.8720","0.0016"
"79.8240","0.9521","0.0016"
"79.8440","1.0322","0.0016"
"79.8640","1.1123","0.0016"
"79.8840","1.1924","0.0016"
"79.9040","1.2724","0.0016"
"79.9240","1.3523","0.0016"
"79.9440","1.4323","0.0016"
"79.9640","1.5123","0.0016"
"79.9840","1.5923","0.0016"
"80.0040","1.6723","0.0016"
"80.0240","1.7524","0.0016"
"80.0440","1.8324","0.0017"
"80.0640","1.9124","0.0016"
"80.0840","1.9924","0.0017"
"80.0860","2.0004","0.0017"
"80.0870","2.0044","0.0017"
"80.0880","2.0084","0.0017"
"80.1080","2.0873","0.0014"
"80.1280","2.1517","0.0008"
"80.1480","2.1811","0.0008"
"80.1680","2.1678","0.0008"
"80.1880","2.1137","0.0011"
"80.2080","2.0354","0.0017"
"80.2280","1.9548","0.0017"
"80.2480","1.8772","0.0016"
"80.2680","1.7989","0.0017"
"80.2880","1.7181","0.0017"
"80.3080","1.6358","0.0017"
"80.3280","1.5537","0.0016"
"80.3480","1.4728","0.0015"
"80.3680","1.3926","0.0017"
"80.3880","1.3128","0.0017"
"80.4080","1.2329","0.0016"
"80.4280","1.1529","0.0015"
"80.4480","1.0728","0.0015"
"80.4680","0.9927","0.0016"
"80.4880","0.9126","0.0016"
"80.5080","0.8326","0.0016"
"80.5280","0.7526","0.0015"
"80.5480","0.6725","0.0015"
"80.5680","0.5925","0.0016"
"80.5880","0.5125","0.0015"
"80.6080","0.4325","0.0014"
"80.6280","0.3525","0.0013"
"80.6480","0.2726","0.0010"
"80.6680","0.1925","0.0004"
"80.6880","0.1125","-0.0004"
"80.6920","0.0965","-0.0005"
"80.6930","0.0925","-0.0006"
"80.6940","0.0885","-0.0006"
"80.7140","0.0096","-0.0010"
"80.7340","-0.0546","-0.0009"
"80.7540","-0.0834","-0.0009"
"80.7740","-0.0687","-0.0006"
"80.7940","-0.0127","-0.0003"
"80.8140","0.0666","0.0000"
"80.8340","0.1474","0.0007"
"80.8540","0.2251","0.0013"
"80.8740","0.3031","0.0016"
"80.8940","0.3836","0.0016"
"80.9140","0.4657","0.0015"
"80.9340","0.5477","0.0015"
"80.9540","0.6287","0.0016"
"80.9740","0.7089","0.0016"
"80.9940","0.7887","0.0017"
"81.0140","0.8686","0.0016"
"81.0340","0.9487","0.0016"
"81.0540","1.0289","0.0016"
"81.0740","1.1090","0.0017"
"81.0940","1.1891","0.0018"
"81.1140","1.2690","0.0017"
"81.1340","1.3490","0.0016"
"81.1540","1.4290","0.0015"
"81.1740","1.5089","0.0015"
"81.1940","1.5890","0.0016"
"81.2140","1.6690","0.0016"
"81.2340","1.7490","0.0016"
"81.2540","1.8290","0.0015"
"81.2740","1.9091","0.0016"
"81.2940","1.9890","0.0016"
"81.2970","2.0010","0.0016"
"81.2980","2.0050","0.0016"
"81.2990","2.0090","0.0016"
"81.3190","2.0880","0.0014"
"81.3390","2.1524","0.0009"
"81.3590","2.1818","0.0008"
"81.3790","2.1685","0.0007"
"81.3990","2.1144","0.0010"
"81.4190","2.0360","0.0016"
"81.4390","1.9555","0.0016"
"81.4590","1.8778","0.0016"
"81.4790","1.7996","0.0016"
"81.4990","1.7188","0.0017"
"81.5190","1.6365","0.0017"
"81.5390","1.5544","0.0017"
"81.5590","1.4734","0.0016"
"81.5790","1.3933","0.0016"
"81.5990","1.3135","0.0016"
"81.6190","1.2336","0.0016"
"81.6390","1.1536","0.0016"
"81.6590","1.0735","0.0016"
"81.6790","0.9934","0.0015"
"81.6990","0.9133","0.0016"
"81.7190","0.8333","0.0016"
"81.7390","0.7533","0.0016"
"81.7590","0.6732","0.0016"
"81.7790","0.5932","0.0015"
"81.7990","0.5132","0.0015"
"81.8190","0.4332","0.0014"
"81.8390","0.3532","0.0013"
"81.8590","0.2733","0.0010"
"81.8790","0.1932","0.0005"
"81.8990","0.1132","-0.0001"
"81.9030","0.0972","-0.0003"
"81.9040","0.0932","-0.0003"
"81.9050","0.0892","-0.0004"
"81.9250","0.0102","-0.0009"
"81.9450","-0.0539","-0.0010"
"81.9650","-0.0826","-0.0010"
"81.9850","-0.0679","-0.0006"
"82.0050","-0.0119","-0.0003"
"82.0250","0.0675","-0.0001"
"82.0450","0.1483","0.0007"
"82.0650","0.2259","0.0013"
"82.0850","0.3040","0.0016"
"82.1050","0.3845","0.0017"
"82.1250","0.4666","0.0016"
"82.1450","0.5486","0.0016"
"82.1650","0.6296","0.0016"
"82.1850","0.7097","0.0016"
"82.2050","0.7896","0.0016"
"82.2250","0.8695","0.0017"
"82.2450","0.9496","0.0017"
"82.2650","1.0297","0.0017"
"82.2850","1.1099","0.0017"
"82.3050","1.1899","0.0017"
"82.3250","1.2699","0.0017"
"82.3450","1.3498","0.0017"
"82.3650","1.4298","0.0017"
"82.3850","1.5098","0.0016"
"82.4050","1.5898","0.0016"
"82.4250","1.6698","0.0016"
"82.4450","1.7499","0.0016"
"82.4650","1.8299","0.0016"
"82.4850","1.9099","0.0016"
"82.5050","1.9899","0.0016"
"82.5080","2.0019","0.0016"
"82.5090","2.0059","0.0016"
"82.5100","2.0099","0.0016"
"82.5300","2.0889","0.0014"
"82.5500","2.1532","0.0008"
"82.5700","2.1827","0.0008"
"82.5900","2.1694","0.0008"
"82.6100","2.1152","0.0010"
"82.6300","2.0369","0.0016"
"82.6500","1.9564","0.0016"
"82.6700","1.8788","0.0016"
"82.6900","1.8005","0.0016"
"82.7100","1.7197","0.0016"
"82.7300","1.6374","0.0016"
"82.7500","1.5553","0.0015"
"82.7700","1.4743","0.0015"
"82.7900","1.3942","0.0016"
"82.8100","1.3144","0.0016"
"82.8300","1.2345","0.0017"
"82.8500","1.1544","0.0017"
"82.8700","1.0743","0.0016"
"82.8900","0.9943","0.0015"
"82.9100","0.9142","0.0016"
"82.9300","0.8342","0.0016"
"82.9500","0.7541","0.0016"
"82.9700","0.6741","0.0015"
"82.9900","0.5941","0.0015"
"83.0100","0.5141","0.0015"
"83.0300","0.4341","0.0015"
"83.0500","0.3541","0.0013"
"83.0700","0.2741","0.0010"
"83.0900","0.1941","0.0006"
"83.1100","0.1141","-0.0001"
"83.1140","0.0981","-0.0003"
"83.1150","0.0941","-0.0003"
"83.1160","0.0901","-0.0003"
"83.1360","0.0111","-0.0010"
"83.1560","-0.0531","-0.0010"
"83.1760","-0.0818","-0.0010"
"83.1960","-0.0669","-0.0006"
"83.2160","-0.0109","-0.0002"
"83.2360","0.0685","0.0000"
"83.2560","0.1493","0.0007"
"83.2760","0.2270","0.0012"
"83.2960","0.3050","0.0015"
"83.3160","0.3855","0.0017"
"83.3360","0.4676","0.0016"
"83.3560","0.5496","0.0016"
"83.3760","0.6306","0.0016"
"83.3960","0.7107","0.0016"
"83.4160","0.7906","0.0016"
"83.4360","0.8705","0.0016"
"83.4560","0.9506","0.0016"
"83.4760","1.0307","0.0017"
"83.4960","1.1109","0.0017"
"83.5160","1.1909","0.0016"
"83.5360","1.2709","0.0016"
"83.5560","1.3508","0.0016"
"83.5760","1.4308","0.0017"
"83.5960","1.5108","0.0017"
"83.6160","1.5908","0.0016"
"83.6360","1.6708","0.0016"
"83.6560","1.7508","0.0017"
"83.6760","1.8308","0.0018"
"83.6960","1.9109","0.0016"
"83.7160","1.9909","0.0016"
"83.7190","2.0029","0.0016"
"83.7200","2.0069","0.0016"
"83.7210","2.0108","0.0016"
"83.7410","2.0898","0.0013"
"83.7610","2.1542","0.0008"
"83.7810","2.1837","0.0007"
"83.8010","2.1705","0.0006"
"83.8210","2.1164","0.0010"
"83.8410","2.0382","0.0016"
"83.8610","1.9577","0.0017"
"83.8810","1.8800","0.0016"
"83.9010","1.8018","0.0017"
"83.9210","1.7210","0.0016"
"83.9410","1.6386","0.0016"
"83.9610","1.5565","0.0016"
"83.9810","1.4755","0.0015"
"84.0010","1.3954","0.0015"
"84.0210","1.3156","0.0015"
"84.0410","1.2357","0.0016"
"84.0610","1.1557","0.0016"
"84.0810","1.0755","0.0016"
"84.1010","0.9955","0.0015"
"84.1210","0.9154","0.0015"
"84.1410","0.8354","0.0015"
"84.1610","0.7554","0.0016"
"84.1810","0.6753","0.0015"
"84.2010","0.5953","0.0014"
"84.2210","0.5153","0.0015"
"84.2410","0.4353","0.0014"
"84.2610","0.3553","0.0014"
"84.2810","0.2754","0.0010"
"84.3010","0.1954","0.0006"
"84.3210","0.1154","-0.0002"
"84.3250","0.0994","-0.0004"
"84.3260","0.0954","-0.0004"
"84.3270","0.0914","-0.0004"
"84.3470","0.0123","-0.0009"
"84.3670","-0.0518","-0.0010"
"84.3870","-0.0804","-0.0010"
"84.4070","-0.0655","-0.0007"
"84.4270","-0.0094","-0.0002"
"84.4470","0.0701","0.0001"
"84.4670","0.1509","0.0008"
"84.4870","0.2285","0.0014"
"84.5070","0.3065","0.0017"
"84.5270","0.3870","0.0018"
"84.5470","0.4692","0.0016"
"84.5670","0.5512","0.0016"
"84.5870","0.6322","0.0017"
"84.6070","0.7123","0.0017"
"84.6270","0.7921","0.0016"
"84.6470","0.8721","0.0017"
"84.6670","0.9522","0.0016"
"84.6870","1.0323","0.0017"
"84.7070","1.1124","0.0017"
"84.7270","1.1925","0.0017"
"84.7470","1.2724","0.0016"
"84.7670","1.3524","0.0016"
"84.7870","1.4324","0.0017"
"84.8070","1.5123","0.0017"
"84.8270","1.5924","0.0017"
"84.8470","1.6724","0.0017"
"84.8670","1.7524","0.0017"
"84.8870","1.8324","0.0017"
"84.9070","1.9124","0.0017"
"84.9270","1.9924","0.0017"
"84.9290","2.0004","0.0017"
"84.9300","2.0044","0.0017"
"84.9310","2.0084","0.0017"
"84.9510","2.0874","0.0015"
"84.9710","2.1518","0.0009"
"84.9910","2.1813","0.0007"
"85.0110","2.1680","0.0007"
"85.0310","2.1139","0.0011"
"85.0510","2.0356","0.0017"
"85.0710","1.9551","0.0016"
"85.0910","1.8775","0.0016"
"85.1110","1.7992","0.0016"
"85.1310","1.7184","0.0016"
"85.1510","1.6361","0.0016"
"85.1710","1.5540","0.0017"
"85.1910","1.4730","0.0017"
"85.2110","1.3928","0.0017"
"85.2310","1.3130","0.0016"
"85.2510","1.2332","0.0016"
"85.2710","1.1531","0.0016"
"85.2910","1.0730","0.0015"
"85.3110","0.9929","0.0015"
"85.3310","0.9129","0.0016"
"85.3510","0.8328","0.0016"
"85.3710","0.7528","0.0015"
"85.3910","0.6728","0.0016"
"85.4110","0.5927","0.0015"
"85.4310","0.5128","0.0015"
"85.4510","0.4328","0.0015"
"85.4710","0.3528","0.0013"
"85.4910","0.2728","0.0009"
"85.5110","0.1928","0.0004"
"85.5310","0.1128","-0.0002"
"85.5350","0.0968","-0.0004"
"85.5360","0.0928","-0.0004"
"85.5370","0.0888","-0.0005"
"85.5570","0.0098","-0.0010"
"85.5770","-0.0545","-0.0011"
"85.5970","-0.0832","-0.0010"
"85.6170","-0.0684","-0.0006"
"85.6370","-0.0124","-0.0003"
"85.6570","0.0669","0.0000"
"85.6770","0.1477","0.0008"
"85.6970","0.2253","0.0014"
"85.7170","0.3033","0.0017"
"85.7370","0.3839","0.0017"
"85.7570","0.4660","0.0016"
"85.7770","0.5480","0.0015"
"85.7970","0.6290","0.0016"
"85.8170","0.7092","0.0016"
"85.8370","0.7890","0.0016"
"85.8570","0.8690","0.0016"
"85.8770","0.9491","0.0016"
"85.8970","1.0292","0.0016"
"85.9170","1.1093","0.0016"
"85.9370","1.1894","0.0016"
"85.9570","1.2693","0.0017"
"85.9770","1.3493","0.0017"
"85.9970","1.4293","0.0017"
"86.0170","1.5092","0.0016"
"86.0370","1.5893","0.0016"
"86.0570","1.6693","0.0017"
"86.0770","1.7493","0.0017"
"86.0970","1.8293","0.0016"
"86.1170","1.9093","0.0016"
"86.1370","1.9893","0.0017"
"86.1400","2.0013","0.0017"
"86.1410","2.0053","0.0017"
"86.1420","2.0093","0.0017"
"86.1620","2.0883","0.0014"
"86.1820","2.1527","0.0008"
"86.2020","2.1821","0.0006"
"86.2220","2.1688","0.0006"
"86.2420","2.1146","0.0010"
"86.2620","2.0363","0.0017"
"86.2820","1.9557","0.0017"
"86.3020","1.8781","0.0016"
"86.3220","1.7999","0.0015"
"86.3420","1.7191","0.0015"
"86.3620","1.6368","0.0015"
"86.3820","1.5547","0.0015"
"86.4020","1.4737","0.0015"
"86.4220","1.3935","0.0016"
"86.4420","1.3137","0.0017"
"86.4620","1.2339","0.0016"
"86.4820","1.1538","0.0015"
"86.5020","1.0737","0.0015"
"86.5220","0.9936","0.0015"
"86.5420","0.9135","0.0015"
"86.5620","0.8335","0.0014"
"86.5820","0.7535","0.0015"
"86.6020","0.6734","0.0015"
"86.6220","0.5934","0.0015"
"86.6420","0.5134","0.0015"
"86.6620","0.4334","0.0014"
"86.6820","0.3535","0.0012"
"86.7020","0.2735","0.0010"
"86.7220","0.1935","0.0004"
"86.7420","0.1135","-0.0003"
"86.7460","0.0975","-0.0004"
"86.7470","0.0935","-0.0005"
"86.7480","0.0895","-0.0005"
"86.7680","0.0105","-0.0010"
"86.7880","-0.0538","-0.0010"
"86.8080","-0.0825","-0.0010"
"86.8280","-0.0677","-0.0006"
"86.8480","-0.0117","-0.0003"
"86.8680","0.0677","0.0000"
"86.8880","0.1485","0.0008"
"86.9080","0.2261","0.0013"
"86.9280","0.3041","0.0016"
"86.9480","0.3847","0.0016"
"86.9680","0.4668","0.0016"
"86.9880","0.5488","0.0016"
"87.0080","0.6298","0.0016"
"87.0280","0.7100","0.0016"
"87.0480","0.7898","0.0017"
"87.0680","0.8698","0.0017"
"87.0880","0.9499","0.0016"
"87.1080","1.0300","0.0016"
"87.1280","1.1101","0.0016"
"87.1480","1.1902","0.0017"
"87.1680","1.2701","0.0016"
"87.1880","1.3501","0.0016"
"87.2080","1.4301","0.0016"
"87.2280","1.5100","0.0016"
"87.2480","1.5901","0.0016"
"87.2680","1.6701","0.0016"
"87.2880","1.7501","0.0016"
"87.3080","1.8301","0.0017"
"87.3280","1.9101","0.0017"
"87.3480","1.9901","0.0016"
"87.3510","2.0021","0.0016"
"87.3520","2.0061","0.0016"
"87.3530","2.0101","0.0016"
"87.3730","2.0891","0.0013"
"87.3930","2.1534","0.0008"
"87.4130","2.1829","0.0007"
"87.4330","2.1697","0.0007"
"87.4530","2.1156","0.0011"
"87.4730","2.0373","0.0017"
"87.4930","1.9567","0.0017"
"87.5130","1.8791","0.0016"
"87.5330","1.8008","0.0015"
"87.5530","1.7201","0.0015"
"87.5730","1.6377","0.0016"
"87.5930","1.5556","0.0017"
"87.6130","1.4747","0.0016"
"87.6330","1.3945","0.0017"
"87.6530","1.3147","0.0016"
"87.6730","1.2349","0.0016"
"87.6930","1.1548","0.0015"
"87.7130","1.0747","0.0015"
"87.7330","0.9946","0.0015"
"87.7530","0.9145","0.0015"
"87.7730","0.8345","0.0016"
"87.7930","0.7545","0.0014"
"87.8130","0.6744","0.0014"
"87.8330","0.5944","0.0015"
"87.8530","0.5144","0.0015"
"87.8730","0.4344","0.0014"
"87.8930","0.3544","0.0012"
"87.9130","0.2745","0.0009"
"87.9330","0.1945","0.0005"
"87.9530","0.1145","-0.0002"
"87.9570","0.0985","-0.0004"
"87.9580","0.0945","-0.0004"
"87.9590","0.0905","-0.0004"
"87.9790","0.0114","-0.0009"
"87.9990","-0.0528","-0.0010"
"88.0190","-0.0814","-0.0010"
"88.0390","-0.0666","-0.0007"
"88.0590","-0.0105","-0.0003"
"88.0790","0.0689","0.0000"
"88.0990","0.1497","0.0007"
"88.1190","0.2273","0.0013"
"88.1390","0.3052","0.0016"
"88.1590","0.3858","0.0017"
"88.1790","0.4680","0.0016"
"88.1990","0.5500","0.0015"
"88.2190","0.6309","0.0016"
"88.2390","0.7111","0.0016"
"88.2590","0.7910","0.0015"
"88.2790","0.8709","0.0016"
"88.2990","0.9510","0.0016"
"88.3190","1.0311","0.0017"
"88.3390","1.1113","0.0017"
"88.3590","1.1913","0.0018"
"88.3790","1.2713","0.0017"
"88.3990","1.3512","0.0018"
"88.4190","1.4312","0.0017"
"88.4390","1.5112","0.0017"
"88.4590","1.5912","0.0017"
"88.4790","1.6712","0.0017"
"88.4990","1.7512","0.0017"
"88.5190","1.8312","0.0017"
"88.5390","1.9112","0.0016"
"88.5590","1.9912","0.0016"
"88.5620","2.0032","0.0016"
"88.5630","2.0072","0.0016"
"88.5640","2.0112","0.0016"
"88.5840","2.0902","0.0014"
"88.6040","2.1546","0.0008"
"88.6240","2.1840","0.0007"
"88.6440","2.1707","0.0007"
"88.6640","2.1165","0.0010"
"88.6840","2.0382","0.0015"
"88.7040","1.9577","0.0016"
"88.7240","1.8800","0.0016"
"88.7440","1.8017","0.0016"
"88.7640","1.7210","0.0016"
"88.7840","1.6386","0.0017"
"88.8040","1.5566","0.0017"
"88.8240","1.4756","0.0016"
"88.8440","1.3954","0.0015"
"88.8640","1.3156","0.0015"
"88.8840","1.2358","0.0016"
"88.9040","1.1557","0.0016"
"88.9240","1.0756","0.0016"
"88.9440","0.9955","0.0015"
"88.9640","0.9154","0.0014"
"88.9840","0.8354","0.0015"
"89.0040","0.7554","0.0015"
"89.0240","0.6754","0.0015"
"89.0440","0.5953","0.0015"
"89.0640","0.5153","0.0015"
"89.0840","0.4353","0.0014"
"89.1040","0.3554","0.0014"
"89.1240","0.2754","0.0011"
"89.1440","0.1954","0.0005"
"89.1640","0.1154","-0.0002"
"89.1680","0.0994","-0.0004"
"89.1690","0.0954","-0.0004"
"89.1700","0.0914","-0.0004"
"89.1900","0.0124","-0.0009"
"89.2100","-0.0518","-0.0010"
"89.2300","-0.0805","-0.0010"
"89.2500","-0.0657","-0.0006"
"89.2700","-0.0096","-0.0003"
"89.2900","0.0697","0.0000"
"89.3100","0.1506","0.0007"
"89.3300","0.2282","0.0014"
"89.3500","0.3062","0.0016"
"89.3700","0.3867","0.0016"
"89.3900","0.4689","0.0015"
"89.4100","0.5508","0.0015"
"89.4300","0.6318","0.0016"
"89.4500","0.7120","0.0016"
"89.4700","0.7919","0.0016"
"89.4900","0.8718","0.0017"
"89.5100","0.9519","0.0017"
"89.5300","1.0320","0.0017"
"89.5500","1.1121","0.0016"
"89.5700","1.1922","0.0016"
"89.5900","1.2722","0.0016"
"89.6100","1.3521","0.0016"
"89.6300","1.4321","0.0016"
"89.6500","1.5120","0.0016"
"89.6700","1.5921","0.0016"
"89.6900","1.6721","0.0017"
"89.7100","1.7521","0.0017"
"89.7300","1.8321","0.0016"
"89.7500","1.9121","0.0016"
"89.7700","1.9921","0.0016"
"89.7720","2.0001","0.0016"
"89.7730","2.0041","0.0016"
"89.7740","2.0081","0.0016"
"89.7940","2.0871","0.0014"
"89.8140","2.1514","0.0008"
"89.8340","2.1809","0.0007"
"89.8540","2.1676","0.0007"
"89.8740","2.1134","0.0011"
"89.8940","2.0351","0.0017"
"89.9140","1.9546","0.0016"
"89.9340","1.8768","0.0015"
"89.9540","1.7986","0.0016"
"89.9740","1.7179","0.0016"
"89.9940","1.6355","0.0016"
"90.0140","1.5535","0.0017"
"90.0340","1.4725","0.0016"
"90.0540","1.3924","0.0017"
"90.0740","1.3125","0.0017"
"90.0940","1.2327","0.0017"
"90.1140","1.1526","0.0016"
"90.1340","1.0725","0.0015"
"90.1540","0.9924","0.0015"
"90.1740","0.9123","0.0015"
"90.1940","0.8323","0.0014"
"90.2140","0.7523","0.0015"
"90.2340","0.6722","0.0014"
"90.2540","0.5922","0.0015"
"90.2740","0.5122","0.0015"
"90.2940","0.4322","0.0014"
"90.3140","0.3523","0.0014"
"90.3340","0.2723","0.0011"
"90.3540","0.1923","0.0005"
"90.3740","0.1123","-0.0002"
"90.3780","0.0963","-0.0004"
"90.3790","0.0923","-0.0004"
"90.3800","0.0883","-0.0005"
"90.4000","0.0093","-0.0011"
"90.4200","-0.0549","-0.0010"
"90.4400","-0.0836","-0.0010"
"90.4600","-0.0688","-0.0006"
"90.4800","-0.0129","-0.0003"
"90.5000","0.0665","-0.0001"
"90.5200","0.1473","0.0006"
"90.5400","0.2249","0.0013"
"90.5600","0.3029","0.0016"
"90.5800","0.3835","0.0017"
"90.6000","0.4656","0.0017"
"90.6200","0.5476","0.0016"
"90.6400","0.6286","0.0016"
"90.6600","0.7088","0.0016"
"90.6800","0.7886","0.0017"
"90.7000","0.8686","0.0017"
"90.7200","0.9487","0.0017"
"90.7400","1.0288","0.0016"
"90.7600","1.1089","0.0016"
"90.7800","1.1890","0.0017"
"90.8000","1.2689","0.0016"
"90.8200","1.3489","0.0016"
"90.8400","1.4289","0.0016"
"90.8600","1.5088","0.0017"
"90.8800","1.5888","0.0017"
"90.9000","1.6689","0.0016"
"90.9200","1.7489","0.0017"
"90.9400","1.8289","0.0017"
"90.9600","1.9089","0.0016"
"90.9800","1.9889","0.0016"
"90.9830","2.0009","0.0016"
"90.9840","2.0049","0.0016"
"90.9850","2.0089","0.0016"
"91.0050","2.0879","0.0013"
"91.0250","2.1522","0.0008"
"91.0450","2.1816","0.0008"
"91.0650","2.1682","0.0008"
"91.0850","2.1140","0.0012"
"91.1050","2.0356","0.0017"
"91.1250","1.9550","0.0017"
"91.1450","1.8774","0.0016"
"91.1650","1.7991","0.0016"
"91.1850","1.7184","0.0015"
"91.2050","1.6360","0.0016"
"91.2250","1.5540","0.0017"
"91.2450","1.4730","0.0017"
"91.2650","1.3929","0.0016"
"91.2850","1.3131","0.0015"
"91.3050","1.2332","0.0015"
"91.3250","1.1532","0.0015"
"91.3450","1.0731","0.0016"
"91.3650","0.9930","0.0016"
"91.3850","0.9129","0.0016"
"91.4050","0.8329","0.0016"
"91.4250","0.7529","0.0016"
"91.4450","0.6728","0.0015"
"91.4650","0.5927","0.0015"
"91.4850","0.5128","0.0015"
"91.5050","0.4328","0.0015"
"91.5250","0.3528","0.0014"
"91.5450","0.2729","0.0011"
"91.5650","0.1929","0.0006"
"91.5850","0.1128","-0.0001"
"91.5890","0.0968","-0.0003"
"91.5900","0.0928","-0.0003"
"91.5910","0.0888","-0.0004"
"91.6110","0.0098","-0.0009"
"91.6310","-0.0544","-0.0009"
"91.6510","-0.0831","-0.0010"
"91.6710","-0.0684","-0.0007"
"91.6910","-0.0124","-0.0004"
"91.7110","0.0669","0.0000"
"91.7310","0.1477","0.0007"
"91.7510","0.2253","0.0013"
"91.7710","0.3034","0.0016"
"91.7910","0.3839","0.0016"
"91.8110","0.4661","0.0015"
"91.8310","0.5481","0.0015"
"91.8510","0.6290","0.0015"
"91.8710","0.7092","0.0016"
"91.8910","0.7891","0.0016"
"91.9110","0.8690","0.0016"
"91.9310","0.9491","0.0016"
"91.9510","1.0293","0.0017"
"91.9710","1.1094","0.0016"
"91.9910","1.1894","0.0016"
"92.0110","1.2694","0.0016"
"92.0310","1.3493","0.0017"
"92.0510","1.4293","0.0016"
"92.0710","1.5093","0.0017"
"92.0910","1.5893","0.0017"
"92.1110","1.6693","0.0017"
"92.1310","1.7493","0.0017"
"92.1510","1.8293","0.0017"
"92.1710","1.9094","0.0017"
"92.1910","1.9894","0.0016"
"92.1940","2.0014","0.0016"
"92.1950","2.0054","0.0016"
"92.1960","2.0094","0.0016"
"92.2160","2.0883","0.0013"
"92.2360","2.1527","0.0008"
"92.2560","2.1822","0.0007"
"92.2760","2.1689","0.0006"
"92.2960","2.1148","0.0011"
"92.3160","2.0364","0.0017"
"92.3360","1.9559","0.0017"
"92.3560","1.8782","0.0016"
"92.3760","1.8000","0.0016"
"92.3960","1.7192","0.0016"
"92.4160","1.6369","0.0016"
"92.4360","1.5548","0.0017"
"92.4560","1.4738","0.0016"
"92.4760","1.3937","0.0017"
"92.4960","1.3139","0.0016"
"92.5160","1.2340","0.0016"
"92.5360","1.1540","0.0015"
"92.5560","1.0739","0.0015"
"92.5760","0.9938","0.0015"
"92.5960","0.9137","0.0015"
"92.6160","0.8337","0.0015"
"92.6360","0.7537","0.0015"
"92.6560","0.6736","0.0015"
"92.6760","0.5936","0.0015"
"92.6960","0.5136","0.0014"
"92.7160","0.4336","0.0013"
"92.7360","0.3536","0.0013"
"92.7560","0.2737","0.0010"
"92.7760","0.1937","0.0005"
"92.7960","0.1137","-0.0002"
"92.8000","0.0977","-0.0004"
"92.8010","0.0937","-0.0004"
"92.8020","0.0897","-0.0005"
"92.8220","0.0106","-0.0009"
"92.8420","-0.0536","-0.0009"
"92.8620","-0.0822","-0.0009"
"92.8820","-0.0674","-0.0006"
"92.9020","-0.0114","-0.0003"
"92.9220","0.0681","-0.0001"
"92.9420","0.1489","0.0006"
"92.9620","0.2265","0.0013"
"92.9820","0.3045","0.0017"
"93.0020","0.3850","0.0018"
"93.0220","0.4672","0.0018"
"93.0420","0.5491","0.0017"
"93.0620","0.6301","0.0016"
"93.0820","0.7103","0.0016"
"93.1020","0.7901","0.0016"
"93.1220","0.8701","0.0017"
"93.1420","0.9502","0.0017"
"93.1620","1.0303","0.0017"
"93.1820","1.1104","0.0017"
"93.2020","1.1905","0.0016"
"93.2220","1.2704","0.0016"
"93.2420","1.3504","0.0017"
"93.2620","1.4303","0.0016"
"93.2820","1.5103","0.0016"
"93.3020","1.5903","0.0017"
"93.3220","1.6704","0.0017"
"93.3420","1.7504","0.0017"
"93.3620","1.8304","0.0017"
"93.3820","1.9104","0.0018"
"93.4020","1.9904","0.0018"
"93.4050","2.0024","0.0018"
"93.4060","2.0064","0.0018"
"93.4070","2.0104","0.0018"
"93.4270","2.0894","0.0015"
"93.4470","2.1537","0.0010"
"93.4670","2.1832","0.0008"
"93.4870","2.1700","0.0008"
"93.5070","2.1159","0.0010"
"93.5270","2.0376","0.0017"
"93.5470","1.9571","0.0017"
"93.5670","1.8794","0.0016"
"93.5870","1.8011","0.0016"
"93.6070","1.7204","0.0017"
"93.6270","1.6380","0.0017"
"93.6470","1.5560","0.0018"
"93.6670","1.4750","0.0016"
"93.6870","1.3948","0.0016"
"93.7070","1.3150","0.0016"
"93.7270","1.2352","0.0017"
"93.7470","1.1551","0.0016"
"93.7670","1.0750","0.0016"
"93.7870","0.9949","0.0016"
"93.8070","0.9148","0.0015"
"93.8270","0.8348","0.0015"
"93.8470","0.7548","0.0015"
"93.8670","0.6747","0.0016"
"93.8870","0.5947","0.0016"
"93.9070","0.5147","0.0016"
"93.9270","0.4347","0.0014"
"93.9470","0.3547","0.0012"
"93.9670","0.2748","0.0010"
"93.9870","0.1948","0.0006"
"94.0070","0.1148","-0.0002"
"94.0110","0.0988","-0.0004"
"94.0120","0.0948","-0.0004"
"94.0130","0.0908","-0.0005"
"94.0330","0.0117","-0.0011"
"94.0530","-0.0525","-0.0009"
"94.0730","-0.0812","-0.0010"
"94.0930","-0.0663","-0.0005"
"94.1130","-0.0103","-0.0002"
"94.1330","0.0692","0.0000"
"94.1530","0.1500","0.0007"
"94.1730","0.2276","0.0013"
"94.1930","0.3056","0.0016"
"94.2130","0.3861","0.0016"
"94.2330","0.4683","0.0015"
"94.2530","0.5502","0.0015"
"94.2730","0.6312","0.0016"
"94.2930","0.7114","0.0016"
"94.3130","0.7913","0.0017"
"94.3330","0.8712","0.0016"
"94.3530","0.9513","0.0016"
"94.3730","1.0314","0.0017"
"94.3930","1.1115","0.0018"
"94.4130","1.1916","0.0017"
"94.4330","1.2715","0.0017"
"94.4530","1.3515","0.0017"
"94.4730","1.4315","0.0016"
"94.4930","1.5114","0.0016"
"94.5130","1.5914","0.0017"
"94.5330","1.6715","0.0018"
"94.5530","1.7515","0.0019"
"94.5730","1.8315","0.0018"
"94.5930","1.9115","0.0017"
"94.6130","1.9915","0.0017"
"94.6160","2.0035","0.0016"
"94.6170","2.0075","0.0016"
"94.6180","2.0115","0.0016"
"94.6380","2.0905","0.0013"
"94.6580","2.1549","0.0008"
"94.6780","2.1844","0.0007"
"94.6980","2.1711","0.0007"
"94.7180","2.1169","0.0010"
"94.7380","2.0386","0.0015"
"94.7580","1.9580","0.0016"
"94.7780","1.8804","0.0016"
"94.7980","1.8022","0.0017"
"94.8180","1.7214","0.0016"
"94.8380","1.6391","0.0016"
"94.8580","1.5570","0.0016"
"94.8780","1.4760","0.0016"
"94.8980","1.3958","0.0016"
"94.9180","1.3160","0.0016"
"94.9380","1.2362","0.0016"
"94.9580","1.1561","0.0017"
"94.9780","1.0760","0.0016"
"94.9980","0.9959","0.0016"
"95.0180","0.9158","0.0015"
"95.0380","0.8358","0.0016"
"95.0580","0.7558","0.0016"
"95.0780","0.6758","0.0016"
"95.0980","0.5957","0.0016"
"95.1180","0.5158","0.0015"
"95.1380","0.4357","0.0015"
"95.1580","0.3558","0.0013"
"95.1780","0.2758","0.0010"
"95.1980","0.1958","0.0006"
"95.2180","0.1158","-0.0001"
"95.2220","0.0998","-0.0003"
"95.2230","0.0958","-0.0003"
"95.2240","0.0918","-0.0004"
"95.2440","0.0128","-0.0008"
"95.2640","-0.0514","-0.0009"
"95.2840","-0.0801","-0.0009"
"95.3040","-0.0652","-0.0006"
"95.3240","-0.0092","-0.0003"
"95.3440","0.0702","0.0000"
"95.3640","0.1510","0.0007"
"95.3840","0.2286","0.0014"
"95.4040","0.3066","0.0017"
"95.4240","0.3871","0.0016"
"95.4440","0.4693","0.0016"
"95.4640","0.5513","0.0017"
"95.4840","0.6323","0.0017"
"95.5040","0.7125","0.0016"
"95.5240","0.7923","0.0016"
"95.5440","0.8723","0.0017"
"95.5640","0.9524","0.0017"
"95.5840","1.0325","0.0017"
"95.6040","1.1126","0.0016"
"95.6240","1.1927","0.0017"
"95.6440","1.2726","0.0016"
"95.6640","1.3526","0.0017"
"95.6840","1.4325","0.0016"
"95.7040","1.5125","0.0016"
"95.7240","1.5925","0.0016"
"95.7440","1.6726","0.0016"
"95.7640","1.7526","0.0016"
"95.7840","1.8326","0.0015"
"95.8040","1.9126","0.0015"
"95.8240","1.9926","0.0016"
"95.8260","2.0006","0.0016"
"95.8270","2.0046","0.0016"
"95.8280","2.0086","0.0016"
"95.8480","2.0876","0.0014"
"95.8680","2.1520","0.0009"
"95.8880","2.1815","0.0009"
"95.9080","2.1682","0.0008"
"95.9280","2.1142","0.0010"
"95.9480","2.0359","0.0016"
"95.9680","1.9554","0.0017"
"95.9880","1.8778","0.0017"
"96.0080","1.7995","0.0017"
"96.0280","1.7187","0.0016"
"96.0480","1.6363","0.0017"
"96.0680","1.5542","0.0017"
"96.0880","1.4732","0.0016"
"96.1080","1.3931","0.0017"
"96.1280","1.3133","0.0016"
"96.1480","1.2334","0.0017"
"96.1680","1.1534","0.0016"
"96.1880","1.0733","0.0015"
"96.2080","0.9932","0.0016"
"96.2280","0.9131","0.0016"
"96.2480","0.8331","0.0015"
"96.2680","0.7531","0.0015"
"96.2880","0.6730","0.0015"
"96.3080","0.5930","0.0015"
"96.3280","0.5130","0.0014"
"96.3480","0.4330","0.0014"
"96.3680","0.3530","0.0012"
"96.3880","0.2731","0.0009"
"96.4080","0.1931","0.0005"
"96.4280","0.1131","-0.0002"
"96.4320","0.0971","-0.0004"
"96.4330","0.0931","-0.0004"
"96.4340","0.0891","-0.0004"
"96.4540","0.0100","-0.0010"
"96.4740","-0.0541","-0.0009"
"96.4940","-0.0828","-0.0010"
"96.5140","-0.0679","-0.0006"
"96.5340","-0.0118","-0.0004"
"96.5540","0.0676","-0.0001"
"96.5740","0.1484","0.0007"
"96.5940","0.2260","0.0012"
"96.6140","0.3040","0.0016"
"96.6340","0.3845","0.0017"
"96.6540","0.4666","0.0016"
"96.6740","0.5486","0.0016"
"96.6940","0.6296","0.0016"
"96.7140","0.7098","0.0016"
"96.7340","0.7897","0.0016"
"96.7540","0.8696","0.0017"
"96.7740","0.9497","0.0017"
"96.7940","1.0298","0.0017"
"96.8140","1.1099","0.0016"
"96.8340","1.1900","0.0016"
"96.8540","1.2699","0.0017"
"96.8740","1.3499","0.0016"
"96.8940","1.4299","0.0016"
"96.9140","1.5098","0.0016"
"96.9340","1.5899","0.0016"
"96.9540","1.6699","0.0016"
"96.9740","1.7499","0.0016"
"96.9940","1.8299","0.0017"
"97.0140","1.9099","0.0017"
"97.0340","1.9899","0.0017"
"97.0370","2.0019","0.0017"
"97.0380","2.0059","0.0017"
"97.0390","2.0099","0.0017"
"97.0590","2.0889","0.0014"
"97.0790","2.1532","0.0008"
"97.0990","2.1827","0.0006"
"97.1190","2.1694","0.0006"
"97.1390","2.1153","0.0011"
"97.1590","2.0370","0.0017"
"97.1790","1.9565","0.0017"
"97.1990","1.8789","0.0016"
"97.2190","1.8006","0.0016"
"97.2390","1.7198","0.0015"
"97.2590","1.6375","0.0016"
"97.2790","1.5554","0.0017"
"97.2990","1.4744","0.0016"
"97.3190","1.3942","0.0016"
"97.3390","1.3144","0.0015"
"97.3590","1.2346","0.0015"
"97.3790","1.1546","0.0015"
"97.3990","1.0745","0.0016"
"97.4190","0.9944","0.0016"
"97.4390","0.9143","0.0015"
"97.4590","0.8342","0.0015"
"97.4790","0.7542","0.0015"
"97.4990","0.6742","0.0015"
"97.5190","0.5941","0.0016"
"97.5390","0.5142","0.0015"
"97.5590","0.4342","0.0014"
"97.5790","0.3542","0.0013"
"97.5990","0.2743","0.0011"
"97.6190","0.1943","0.0006"
"97.6390","0.1142","-0.0002"
"97.6430","0.0982","-0.0003"
"97.6440","0.0942","-0.0004"
"97.6450","0.0902","-0.0004"
"97.6650","0.0112","-0.0010"
"97.6850","-0.0529","-0.0009"
"97.7050","-0.0815","-0.0009"
"97.7250","-0.0666","-0.0006"
"97.7450","-0.0104","-0.0002"
"97.7650","0.0690","0.0000"
"97.7850","0.1499","0.0007"
"97.8050","0.2275","0.0014"
"97.8250","0.3055","0.0016"
"97.8450","0.3860","0.0017"
"97.8650","0.4681","0.0016"
"97.8850","0.5501","0.0015"
"97.9050","0.6311","0.0016"
"97.9250","0.7112","0.0016"
"97.9450","0.7911","0.0017"
"97.9650","0.8711","0.0016"
"97.9850","0.9512","0.0016"
"98.0050","1.0313","0.0017"
"98.0250","1.1114","0.0017"
"98.0450","1.1914","0.0017"
"98.0650","1.2714","0.0016"
"98.0850","1.3514","0.0016"
"98.1050","1.4313","0.0017"
"98.1250","1.5113","0.0017"
"98.1450","1.5913","0.0017"
"98.1650","1.6714","0.0017"
"98.1850","1.7514","0.0017"
"98.2050","1.8314","0.0017"
"98.2250","1.9114","0.0016"
"98.2450","1.9914","0.0017"
"98.2480","2.0034","0.0017"
"98.2490","2.0074","0.0017"
"98.2500","2.0114","0.0017"
"98.2700","2.0904","0.0014"
"98.2900","2.1548","0.0007"
"98.3100","2.1843","0.0006"
"98.3300","2.1711","0.0006"
"98.3500","2.1170","0.0011"
"98.3700","2.0387","0.0018"
"98.3900","1.9582","0.0018"
"98.4100","1.8805","0.0017"
"98.4300","1.8023","0.0015"
"98.4500","1.7215","0.0016"
"98.4700","1.6392","0.0016"
"98.4900","1.5571","0.0016"
"98.5100","1.4761","0.0016"
"98.5300","1.3959","0.0015"
"98.5500","1.3161","0.0015"
"98.5700","1.2363","0.0016"
"98.5900","1.1563","0.0016"
"98.6100","1.0761","0.0016"
"98.6300","0.9961","0.0016"
"98.6500","0.9160","0.0016"
"98.6700","0.8360","0.0016"
"98.6900","0.7559","0.0015"
"98.7100","0.6759","0.0015"
"98.7300","0.5958","0.0015"
"98.7500","0.5159","0.0015"
"98.7700","0.4359","0.0014"
"98.7900","0.3559","0.0014"
"98.8100","0.2759","0.0011"
"98.8300","0.1959","0.0006"
"98.8500","0.1159","-0.0002"
"98.8540","0.0999","-0.0003"
"98.8550","0.0959","-0.0004"
"98.8560","0.0919","-0.0004"
"98.8760","0.0129","-0.0009"
"98.8960","-0.0513","-0.0010"
"98.9160","-0.0800","-0.0009"
"98.9360","-0.0652","-0.0005"
"98.9560","-0.0091","-0.0002"
"98.9760","0.0703","0.0000"
"98.9960","0.1511","0.0007"
"99.0160","0.2287","0.0013"
"99.0360","0.3066","0.0017"
"99.0560","0.3872","0.0018"
"99.0760","0.4694","0.0017"
"99.0960","0.5514","0.0016"
"99.1160","0.6324","0.0016"
"99.1360","0.7125","0.0016"
"99.1560","0.7924","0.0017"
"99.1760","0.8723","0.0018"
"99.1960","0.9524","0.0017"
"99.2160","1.0325","0.0017"
"99.2360","1.1126","0.0016"
"99.2560","1.1927","0.0017"
"99.2760","1.2727","0.0017"
"99.2960","1.3526","0.0017"
"99.3160","1.4326","0.0018"
"99.3360","1.5126","0.0018"
"99.3560","1.5926","0.0017"
"99.3760","1.6726","0.0017"
"99.3960","1.7526","0.0017"
"99.4160","1.8326","0.0017"
"99.4360","1.9126","0.0017"
"99.4560","1.9926","0.0016"
"99.4580","2.0006","0.0016"
"99.4590","2.0046","0.0016"
"99.4600","2.0086","0.0016"
"99.4800","2.0876","0.0013"
"99.5000","2.1519","0.0008"
"99.5200","2.1815","0.0008"
"99.5400","2.1682","0.0008"
"99.5600","2.1142","0.0012"
"99.5800","2.0359","0.0018"
"99.6000","1.9554","0.0018"
"99.6200","1.8778","0.0016"
"99.6400","1.7995","0.0016"
"99.6600","1.7187","0.0016"
"99.6800","1.6364","0.0018"
"99.7000","1.5543","0.0019"
"99.7200","1.4733","0.0017"
"99.7400","1.3931","0.0016"
"99.7600","1.3133","0.0016"
"99.7800","1.2335","0.0016"
"99.8000","1.1534","0.0016"
"99.8200","1.0733","0.0016"
"99.8400","0.9932","0.0017"
"99.8600","0.9131","0.0017"
"99.8800","0.8331","0.0016"
"99.9000","0.7531","0.0015"
"99.9200","0.6730","0.0015"
"99.9400","0.5930","0.0015"
"99.9600","0.5130","0.0015"
"99.9800","0.4330","0.0014"
"100.0000","0.3531","0.0013"
"100.0200","0.2731","0.0010"
"100.0400","0.1931","0.0006"
"100.0600","0.1131","-0.0002"
"100.0640","0.0971","-0.0003"
"100.0650","0.0931","-0.0004"
"100.0660","0.0891","-0.0004"
"100.0860","0.0101","-0.0009"
"100.1060","-0.0541","-0.0010"
"100.1260","-0.0828","-0.0010"
"100.1460","-0.0680","-0.0007"
"100.1660","-0.0120","-0.0004"
"100.1860","0.0674","0.0000"
"100.2060","0.1481","0.0007"
"100.2260","0.2257","0.0013"
"100.2460","0.3037","0.0016"
"100.2660","0.3843","0.0016"
"100.2860","0.4665","0.0016"
"100.3060","0.5485","0.0015"
"100.3260","0.6294","0.0016"
"100.3460","0.7096","0.0016"
"100.3660","0.7895","0.0017"
"100.3860","0.8694","0.0018"
"100.4060","0.9495","0.0017"
"100.4260","1.0297","0.0016"
"100.4460","1.1098","0.0016"
"100.4660","1.1898","0.0016"
"100.4860","1.2698","0.0016"
"100.5060","1.3497","0.0016"
"100.5260","1.4297","0.0016"
"100.5460","1.5097","0.0017"
"100.5660","1.5897","0.0017"
"100.5860","1.6698","0.0017"
"100.6060","1.7497","0.0017"
"100.6260","1.8298","0.0017"
"100.6460","1.9098","0.0017"
"100.6660","1.9898","0.0017"
"100.6690","2.0017","0.0016"
"100.6700","2.0057","0.0016"
"100.6710","2.0097","0.0016"
"100.6910","2.0887","0.0013"
"100.7110","2.1531","0.0008"
"100.7310","2.1826","0.0008"
"100.7510","2.1694","0.0007"
"100.7710","2.1153","0.0010"
"100.7910","2.0371","0.0016"
"100.8110","1.9566","0.0016"
"100.8310","1.8790","0.0015"
"100.8510","1.8007","0.0016"
"100.8710","1.7199","0.0017"
"100.8910","1.6375","0.0017"
"100.9110","1.5554","0.0017"
"100.9310","1.4744","0.0016"
"100.9510","1.3943","0.0017"
"100.9710","1.3145","0.0016"
"100.9910","1.2346","0.0016"
"101.0110","1.1546","0.0016"
"101.0310","1.0745","0.0015"
"101.0510","0.9944","0.0016"
"101.0710","0.9143","0.0017"
"101.0910","0.8343","0.0016"
"101.1110","0.7543","0.0015"
"101.1310","0.6742","0.0015"
"101.1510","0.5942","0.0015"
"101.1710","0.5142","0.0014"
"101.1910","0.4342","0.0014"
"101.2110","0.3542","0.0013"
"101.2310","0.2742","0.0011"
"101.2510","0.1943","0.0005"
"101.2710","0.1142","-0.0003"
"101.2750","0.0982","-0.0005"
"101.2760","0.0942","-0.0005"
"101.2770","0.0902","-0.0005"
"101.2970","0.0112","-0.0009"
"101.3170","-0.0530","-0.0009"
"101.3370","-0.0817","-0.0010"
"101.3570","-0.0669","-0.0007"
"101.3770","-0.0108","-0.0003"
"101.3970","0.0685","0.0000"
"101.4170","0.1493","0.0007"
"101.4370","0.2269","0.0013"
"101.4570","0.3048","0.0016"
"101.4770","0.3854","0.0017"
"101.4970","0.4676","0.0016"
"101.5170","0.5496","0.0016"
"101.5370","0.6306","0.0014"
"101.5570","0.7108","0.0015"
"101.5770","0.7907","0.0016"
"101.5970","0.8706","0.0017"
"101.6170","0.9507","0.0016"
"101.6370","1.0308","0.0018"
"101.6570","1.1109","0.0017"
"101.6770","1.1910","0.0017"
"101.6970","1.2709","0.0016"
"101.7170","1.3509","0.0017"
"101.7370","1.4309","0.0016"
"101.7570","1.5109","0.0017"
"101.7770","1.5909","0.0017"
"101.7970","1.6709","0.0017"
"101.8170","1.7509","0.0017"
"101.8370","1.8309","0.0017"
"101.8570","1.9110","0.0017"
"101.8770","1.9909","0.0017"
"101.8800","2.0029","0.0017"
"101.8810","2.0069","0.0017"
"101.8820","2.0109","0.0017"
"101.9020","2.0899","0.0014"
"101.9220","2.1542","0.0009"
"101.9420","2.1837","0.0008"
"101.9620","2.1705","0.0008"
"101.9820","2.1164","0.0012"
"102.0020","2.0381","0.0017"
"102.0220","1.9576","0.0018"
"102.0420","1.8799","0.0017"
"102.0620","1.8016","0.0016"
"102.0820","1.7209","0.0016"
"102.1020","1.6385","0.0016"
"102.1220","1.5565","0.0017"
"102.1420","1.4755","0.0017"
"102.1620","1.3953","0.0017"
"102.1820","1.3155","0.0017"
"102.2020","1.2357","0.0018"
"102.2220","1.1556","0.0018"
"102.2420","1.0755","0.0017"
"102.2620","0.9954","0.0017"
"102.2820","0.9153","0.0016"
"102.3020","0.8353","0.0015"
"102.3220","0.7553","0.0015"
"102.3420","0.6752","0.0015"
"102.3620","0.5952","0.0015"
"102.3820","0.5152","0.0014"
"102.4020","0.4352","0.0014"
"102.4220","0.3553","0.0013"
"102.4420","0.2753","0.0010"
"102.4620","0.1953","0.0005"
"102.4820","0.1153","-0.0002"
"102.4860","0.0993","-0.0004"
"102.4870","0.0953","-0.0004"
"102.4880","0.0913","-0.0005"
"102.5080","0.0123","-0.0009"
"102.5280","-0.0519","-0.0010"
"102.5480","-0.0806","-0.0010"
"102.5680","-0.0657","-0.0007"
"102.5880","-0.0096","-0.0003"
"102.6080","0.0698","0.0001"
"102.6280","0.1505","0.0008"
"102.6480","0.2281","0.0014"
"102.6680","0.3061","0.0015"
"102.6880","0.3866","0.0016"
"102.7080","0.4689","0.0016"
"102.7280","0.5509","0.0016"
"102.7480","0.6319","0.0017"
"102.7680","0.7120","0.0018"
"102.7880","0.7919","0.0018"
"102.8080","0.8718","0.0017"
"102.8280","0.9519","0.0017"
"102.8480","1.0321","0.0018"
"102.8680","1.1122","0.0017"
"102.8880","1.1922","0.0017"
"102.9080","1.2722","0.0017"
"102.9280","1.3522","0.0018"
"102.9480","1.4321","0.0017"
"102.9680","1.5121","0.0017"
"102.9880","1.5921","0.0017"
"103.0080","1.6722","0.0016"
"103.0280","1.7522","0.0017"
"103.0480","1.8322","0.0017"
"103.0680","1.9122","0.0017"
"103.0880","1.9922","0.0017"
"103.0900","2.0001","0.0017"
"103.0910","2.0041","0.0017"
"103.0920","2.0081","0.0017"
"103.1120","2.0871","0.0014"
"103.1320","2.1515","0.0009"
"103.1520","2.1810","0.0008"
"103.1720","2.1678","0.0008"
"103.1920","2.1137","0.0011"
"103.2120","2.0355","0.0018"
"103.2320","1.9550","0.0018"
"103.2520","1.8773","0.0017"
"103.2720","1.7990","0.0016"
"103.2920","1.7182","0.0016"
"103.3120","1.6359","0.0016"
"103.3320","1.5538","0.0016"
"103.3520","1.4728","0.0016"
"103.3720","1.3926","0.0016"
"103.3920","1.3128","0.0016"
"103.4120","1.2330","0.0016"
"103.4320","1.1530","0.0016"
"103.4520","1.0729","0.0016"
"103.4720","0.9928","0.0017"
"103.4920","0.9127","0.0016"
"103.5120","0.8327","0.0015"
"103.5320","0.7527","0.0015"
"103.5520","0.6726","0.0015"
"103.5720","0.5926","0.0015"
"103.5920","0.5126","0.0014"
"103.6120","0.4326","0.0014"
"103.6320","0.3526","0.0013"
"103.6520","0.2726","0.0010"
"103.6720","0.1927","0.0005"
"103.6920","0.1126","-0.0003"
"103.6960","0.0966","-0.0004"
"103.6970","0.0926","-0.0005"
"103.6980","0.0886","-0.0005"
"103.7180","0.0096","-0.0009"
"103.7380","-0.0546","-0.0008"
"103.7580","-0.0833","-0.0009"
"103.7780","-0.0685","-0.0007"
"103.7980","-0.0125","-0.0003"
"103.8180","0.0669","0.0000"
"103.8380","0.1478","0.0007"
"103.8580","0.2254","0.0012"
"103.8780","0.3034","0.0015"
"103.8980","0.3839","0.0017"
"103.9180","0.4660","0.0016"
"103.9380","0.5480","0.0017"
"103.9580","0.6290","0.0016"
"103.9780","0.7091","0.0017"
"103.9980","0.7890","0.0016"
"104.0180","0.8690","0.0016"
"104.0380","0.9491","0.0016"
"104.0580","1.0292","0.0018"
"104.0780","1.1093","0.0017"
"104.0980","1.1894","0.0017"
"104.1180","1.2693","0.0016"
"104.1380","1.3493","0.0016"
"104.1580","1.4292","0.0016"
"104.1780","1.5092","0.0017"
"104.1980","1.5892","0.0017"
"104.2180","1.6693","0.0017"
"104.2380","1.7493","0.0016"
"104.2580","1.8293","0.0016"
"104.2780","1.9093","0.0016"
"104.2980","1.9893","0.0017"
"104.3010","2.0013","0.0017"
"104.3020","2.0053","0.0017"
"104.3030","2.0093","0.0017"
"104.3230","2.0883","0.0014"
"104.3430","2.1526","0.0009"
"104.3630","2.1821","0.0008"
"104.3830","2.1688","0.0008"
"104.4030","2.1146","0.0012"
"104.4230","2.0363","0.0017"
"104.4430","1.9557","0.0017"
"104.4630","1.8780","0.0016"
"104.4830","1.7998","0.0016"
"104.5030","1.7191","0.0016"
"104.5230","1.6368","0.0017"
"104.5430","1.5547","0.0017"
"104.5630","1.4737","0.0017"
"104.5830","1.3935","0.0017"
"104.6030","1.3137","0.0017"
"104.6230","1.2339","0.0016"
"104.6430","1.1539","0.0015"
"104.6630","1.0737","0.0016"
"104.6830","0.9936","0.0016"
"104.7030","0.9135","0.0016"
"104.7230","0.8335","0.0016"
"104.7430","0.7535","0.0016"
"104.7630","0.6735","0.0015"
"104.7830","0.5934","0.0015"
"104.8030","0.5135","0.0016"
"104.8230","0.4335","0.0015"
"104.8430","0.3535","0.0014"
"104.8630","0.2735","0.0010"
"104.8830","0.1935","0.0003"
"104.9030","0.1135","-0.0004"
"104.9070","0.0975","-0.0005"
"104.9080","0.0935","-0.0005"
"104.9090","0.0895","-0.0006"
"104.9290","0.0105","-0.0010"
"104.9490","-0.0537","-0.0009"
"104.9690","-0.0824","-0.0010"
"104.9890","-0.0676","-0.0007"
"105.0090","-0.0116","-0.0003"
"105.0290","0.0678","0.0001"
"105.0490","0.1487","0.0008"
"105.0690","0.2263","0.0014"
"105.0890","0.3043","0.0015"
"105.1090","0.3848","0.0016"
"105.1290","0.4670","0.0016"
"105.1490","0.5489","0.0016"
"105.1690","0.6299","0.0016"
"105.1890","0.7101","0.0016"
"105.2090","0.7899","0.0016"
"105.2290","0.8699","0.0016"
"105.2490","0.9500","0.0017"
"105.2690","1.0301","0.0017"
"105.2890","1.1102","0.0016"
"105.3090","1.1902","0.0016"
"105.3290","1.2702","0.0017"
"105.3490","1.3502","0.0017"
"105.3690","1.4302","0.0017"
"105.3890","1.5101","0.0017"
"105.4090","1.5901","0.0017"
"105.4290","1.6702","0.0017"
"105.4490","1.7502","0.0018"
"105.4690","1.8302","0.0018"
"105.4890","1.9102","0.0016"
"105.5090","1.9902","0.0017"
"105.5120","2.0022","0.0017"
"105.5130","2.0062","0.0017"
"105.5140","2.0102","0.0017"
"105.5340","2.0892","0.0015"
"105.5540","2.1536","0.0009"
"105.5740","2.1832","0.0008"
"105.5940","2.1700","0.0008"
"105.6140","2.1160","0.0011"
"105.6340","2.0377","0.0017"
"105.6540","1.9573","0.0017"
"105.6740","1.8796","0.0017"
"105.6940","1.8014","0.0017"
"105.7140","1.7205","0.0017"
"105.7340","1.6382","0.0017"
"105.7540","1.5561","0.0017"
"105.7740","1.4751","0.0017"
"105.7940","1.3949","0.0016"
"105.8140","1.3151","0.0016"
"105.8340","1.2353","0.0016"
"105.8540","1.1552","0.0017"
"105.8740","1.0751","0.0016"
"105.8940","0.9950","0.0016"
"105.9140","0.9149","0.0016"
"105.9340","0.8349","0.0016"
"105.9540","0.7549","0.0015"
"105.9740","0.6748","0.0015"
"105.9940","0.5948","0.0015"
"106.0140","0.5148","0.0015"
"106.0340","0.4348","0.0015"
"106.0540","0.3548","0.0014"
"106.0740","0.2749","0.0011"
"106.0940","0.1949","0.0005"
"106.1140","0.1149","-0.0002"
"106.1180","0.0989","-0.0004"
"106.1190","0.0949","-0.0004"
"106.1200","0.0909","-0.0005"
"106.1400","0.0119","-0.0009"
"106.1600","-0.0523","-0.0009"
"106.1800","-0.0810","-0.0009"
"106.2000","-0.0661","-0.0005"
"106.2200","-0.0101","-0.0003"
"106.2400","0.0694","0.0000"
"106.2600","0.1502","0.0008"
"106.2800","0.2278","0.0014"
"106.3000","0.3057","0.0017"
"106.3200","0.3863","0.0017"
"106.3400","0.4684","0.0017"
"106.3600","0.5504","0.0017"
"106.3800","0.6314","0.0017"
"106.4000","0.7116","0.0017"
"106.4200","0.7914","0.0017"
"106.4400","0.8714","0.0016"
"106.4600","0.9515","0.0015"
"106.4800","1.0316","0.0015"
"106.5000","1.1117","0.0016"
"106.5200","1.1918","0.0016"
"106.5400","1.2717","0.0016"
"106.5600","1.3517","0.0016"
"106.5800","1.4317","0.0016"
"106.6000","1.5116","0.0017"
"106.6200","1.5916","0.0017"
"106.6400","1.6717","0.0017"
"106.6600","1.7517","0.0016"
"106.6800","1.8317","0.0016"
"106.7000","1.9117","0.0017"
"106.7200","1.9917","0.0017"
"106.7230","2.0037","0.0017"
"106.7240","2.0077","0.0018"
"106.7250","2.0117","0.0018"
"106.7450","2.0907","0.0014"
"106.7650","2.1551","0.0009"
"106.7850","2.1846","0.0008"
"106.8050","2.1714","0.0009"
"106.8250","2.1174","0.0012"
"106.8450","2.0391","0.0017"
"106.8650","1.9586","0.0017"
"106.8850","1.8809","0.0016"
"106.9050","1.8027","0.0016"
"106.9250","1.7219","0.0016"
"106.9450","1.6395","0.0017"
"106.9650","1.5574","0.0017"
"106.9850","1.4765","0.0017"
"107.0050","1.3963","0.0017"
"107.0250","1.3165","0.0016"
"107.0450","1.2366","0.0016"
"107.0650","1.1566","0.0016"
"107.0850","1.0765","0.0016"
"107.1050","0.9964","0.0016"
"107.1250","0.9163","0.0017"
"107.1450","0.8363","0.0016"
"107.1650","0.7563","0.0016"
"107.1850","0.6762","0.0015"
"107.2050","0.5962","0.0016"
"107.2250","0.5162","0.0016"
"107.2450","0.4362","0.0014"
"107.2650","0.3562","0.0013"
"107.2850","0.2763","0.0011"
"107.3050","0.1963","0.0006"
"107.3250","0.1163","-0.0002"
"107.3300","0.0963","-0.0004"
"107.3310","0.0923","-0.0005"
"107.3320","0.0883","-0.0005"
"107.3520","0.0092","-0.0010"
"107.3720","-0.0550","-0.0010"
"107.3920","-0.0836","-0.0010"
"107.4120","-0.0688","-0.0006"
"107.4320","-0.0129","-0.0003"
"107.4520","0.0665","0.0001"
"107.4720","0.1473","0.0008"
"107.4920","0.2249","0.0014"
"107.5120","0.3029","0.0016"
"107.5320","0.3834","0.0016"
"107.5520","0.4656","0.0016"
"107.5720","0.5476","0.0017"
"107.5920","0.6286","0.0016"
"107.6120","0.7088","0.0016"
"107.6320","0.7886","0.0017"
"107.6520","0.8686","0.0017"
"107.6720","0.9487","0.0017"
"107.6920","1.0288","0.0017"
"107.7120","1.1089","0.0017"
"107.7320","1.1890","0.0017"
"107.7520","1.2689","0.0018"
"107.7720","1.3489","0.0018"
"107.7920","1.4289","0.0017"
"107.8120","1.5088","0.0017"
"107.8320","1.5889","0.0017"
"107.8520","1.6689","0.0017"
"107.8720","1.7489","0.0017"
"107.8920","1.8289","0.0017"
"107.9120","1.9089","0.0016"
"107.9320","1.9889","0.0017"
"107.9350","2.0009","0.0017"
"107.9360","2.0049","0.0017"
"107.9370","2.0089","0.0017"
"107.9570","2.0879","0.0014"
"107.9770","2.1523","0.0009"
"107.9970","2.1818","0.0008"
"108.0170","2.1686","0.0008"
"108.0370","2.1146","0.0011"
"108.0570","2.0363","0.0017"
"108.0770","1.9558","0.0017"
"108.0970","1.8782","0.0016"
"108.1170","1.7999","0.0016"
"108.1370","1.7191","0.0017"
"108.1570","1.6367","0.0017"
"108.1770","1.5546","0.0017"
"108.1970","1.4736","0.0016"
"108.2170","1.3935","0.0017"
"108.2370","1.3137","0.0016"
"108.2570","1.2338","0.0016"
"108.2770","1.1538","0.0016"
"108.2970","1.0737","0.0016"
"108.3170","0.9936","0.0016"
"108.3370","0.9135","0.0015"
"108.3570","0.8335","0.0016"
"108.3770","0.7535","0.0016"
"108.3970","0.6734","0.0016"
"108.4170","0.5934","0.0016"
"108.4370","0.5134","0.0015"
"108.4570","0.4334","0.0015"
"108.4770","0.3534","0.0013"
"108.4970","0.2735","0.0010"
"108.5170","0.1935","0.0005"
"108.5370","0.1135","-0.0002"
"108.5410","0.0975","-0.0003"
"108.5420","0.0935","-0.0004"
"108.5430","0.0895","-0.0004"
"108.5630","0.0105","-0.0009"
"108.5830","-0.0537","-0.0009"
"108.6030","-0.0824","-0.0010"
"108.6230","-0.0676","-0.0006"
"108.6430","-0.0115","-0.0003"
"108.6630","0.0679","0.0000"
"108.6830","0.1487","0.0007"
"108.7030","0.2263","0.0013"
"108.7230","0.3043","0.0016"
"108.7430","0.3848","0.0017"
"108.7630","0.4670","0.0016"
"108.7830","0.5490","0.0016"
"108.8030","0.6300","0.0016"
"108.8230","0.7101","0.0017"
"108.8430","0.7900","0.0017"
"108.8630","0.8699","0.0017"
"108.8830","0.9500","0.0017"
"108.9030","1.0301","0.0017"
"108.9230","1.1102","0.0017"
"108.9430","1.1903","0.0018"
"108.9630","1.2702","0.0018"
"108.9830","1.3502","0.0017"
"109.0030","1.4302","0.0017"
"109.0230","1.5102","0.0017"
"109.0430","1.5902","0.0017"
"109.0630","1.6703","0.0017"
"109.0830","1.7503","0.0017"
"109.1030","1.8303","0.0017"
"109.1230","1.9103","0.0016"
"109.1430","1.9903","0.0017"
"109.1460","2.0022","0.0017"
"109.1470","2.0062","0.0017"
"109.1480","2.0102","0.0017"
"109.1680","2.0892","0.0013"
"109.1880","2.1536","0.0009"
"109.2080","2.1831","0.0008"
"109.2280","2.1698","0.0008"
"109.2480","2.1157","0.0011"
"109.2680","2.0374","0.0018"
"109.2880","1.9569","0.0017"
"109.3080","1.8792","0.0016"
"109.3280","1.8010","0.0016"
"109.3480","1.7202","0.0017"
"109.3680","1.6378","0.0018"
"109.3880","1.5558","0.0018"
"109.4080","1.4748","0.0016"
"109.4280","1.3946","0.0016"
"109.4480","1.3148","0.0016"
"109.4680","1.2350","0.0015"
"109.4880","1.1549","0.0015"
"109.5080","1.0748","0.0017"
"109.5280","0.9947","0.0017"
"109.5480","0.9146","0.0017"
"109.5680","0.8346","0.0017"
"109.5880","0.7546","0.0016"
"109.6080","0.6746","0.0015"
"109.6280","0.5945","0.0015"
"109.6480","0.5145","0.0015"
"109.6680","0.4345","0.0014"
"109.6880","0.3546","0.0013"
"109.7080","0.2746","0.0011"
"109.7280","0.1946","0.0005"
"109.7480","0.1146","-0.0003"
"109.7520","0.0986","-0.0004"
"109.7530","0.0946","-0.0005"
"109.7540","0.0906","-0.0005"
"109.7740","0.0116","-0.0010"
"109.7940","-0.0526","-0.0009"
"109.8140","-0.0812","-0.0009"
"109.8340","-0.0663","-0.0006"
"109.8540","-0.0102","-0.0003"
"109.8740","0.0692","0.0000"
"109.8940","0.1501","0.0008"
"109.9140","0.2277","0.0014"
"109.9340","0.3057","0.0017"
"109.9540","0.3862","0.0018"
"109.9740","0.4684","0.0017"
"109.9940","0.5503","0.0016"
"110.0140","0.6313","0.0016"
"110.0340","0.7115","0.0016"
"110.0540","0.7914","0.0017"
"110.0740","0.8713","0.0018"
"110.0940","0.9514","0.0017"
"110.1140","1.0315","0.0017"
"110.1340","1.1116","0.0016"
"110.1540","1.1917","0.0017"
"110.1740","1.2717","0.0017"
"110.1940","1.3516","0.0016"
"110.2140","1.4316","0.0017"
"110.2340","1.5116","0.0016"
"110.2540","1.5916","0.0016"
"110.2740","1.6717","0.0016"
"110.2940","1.7517","0.0018"
"110.3140","1.8316","0.0018"
"110.3340","1.9117","0.0017"
"110.3540","1.9916","0.0017"
"110.3570","2.0036","0.0017"
"110.3580","2.0076","0.0017"
"110.3590","2.0116","0.0017"
"110.3790","2.0906","0.0015"
"110.3990","2.1550","0.0009"
"110.4190","2.1845","0.0008"
"110.4390","2.1713","0.0008"
"110.4590","2.1172","0.0012"
"110.4790","2.0389","0.0017"
"110.4990","1.9584","0.0017"
"110.5190","1.8807","0.0015"
"110.5390","1.8025","0.0016"
"110.5590","1.7217","0.0017"
"110.5790","1.6394","0.0017"
"110.5990","1.5573","0.0017"
"110.6190","1.4763","0.0016"
"110.6390","1.3961","0.0017"
"110.6590","1.3163","0.0017"
"110.6790","1.2364","0.0017"
"110.6990","1.1564","0.0017"
"110.7190","1.0763","0.0016"
"110.7390","0.9962","0.0016"
"110.7590","0.9161","0.0015"
"110.7790","0.8361","0.0016"
"110.7990","0.7561","0.0016"
"110.8190","0.6760","0.0016"
"110.8390","0.5960","0.0016"
"110.8590","0.5160","0.0015"
"110.8790","0.4360","0.0015"
"110.8990","0.3560","0.0014"
"110.9190","0.2761","0.0010"
"110.9390","0.1961","0.0005"
"110.9590","0.1161","-0.0002"
"110.9640","0.0961","-0.0004"
"110.9650","0.0921","-0.0004"
"110.9660","0.0881","-0.0004"
"110.9860","0.0091","-0.0009"
"111.0060","-0.0551","-0.0010"
"111.0260","-0.0837","-0.0010"
"111.0460","-0.0689","-0.0006"
"111.0660","-0.0128","-0.0002"
"111.0860","0.0665","0.0001"
"111.1060","0.1473","0.0008"
"111.1260","0.2250","0.0013"
"111.1460","0.3030","0.0016"
"111.1660","0.3835","0.0017"
"111.1860","0.4657","0.0017"
"111.2060","0.5476","0.0017"
"111.2260","0.6286","0.0017"
"111.2460","0.7088","0.0017"
"111.2660","0.7887","0.0017"
"111.2860","0.8686","0.0017"
"111.3060","0.9487","0.0017"
"111.3260","1.0288","0.0018"
"111.3460","1.1089","0.0017"
"111.3660","1.1890","0.0017"
"111.3860","1.2690","0.0016"
"111.4060","1.3489","0.0017"
"111.4260","1.4289","0.0017"
"111.4460","1.5089","0.0018"
"111.4660","1.5889","0.0017"
"111.4860","1.6689","0.0018"
"111.5060","1.7490","0.0018"
"111.5260","1.8290","0.0018"
"111.5460","1.9090","0.0017"
"111.5660","1.9889","0.0017"
"111.5690","2.0009","0.0017"
"111.5700","2.0049","0.0017"
"111.5710","2.0089","0.0017"
"111.5910","2.0879","0.0014"
"111.6110","2.1523","0.0008"
"111.6310","2.1818","0.0007"
"111.6510","2.1686","0.0007"
"111.6710","2.1145","0.0010"
"111.6910","2.0363","0.0017"
"111.7110","1.9558","0.0018"
"111.7310","1.8782","0.0017"
"111.7510","1.7999","0.0016"
"111.7710","1.7191","0.0017"
"111.7910","1.6367","0.0017"
"111.8110","1.5546","0.0018"
"111.8310","1.4736","0.0017"
"111.8510","1.3935","0.0017"
"111.8710","1.3137","0.0017"
"111.8910","1.2338","0.0017"
"111.9110","1.1538","0.0017"
"111.9310","1.0737","0.0017"
"111.9510","0.9936","0.0016"
"111.9710","0.9135","0.0016"
"111.9910","0.8334","0.0018"
"112.0110","0.7535","0.0017"
"112.0310","0.6734","0.0017"
"112.0510","0.5934","0.0016"
"112.0710","0.5134","0.0015"
"112.0910","0.4334","0.0015"
"112.1110","0.3534","0.0014"
"112.1310","0.2734","0.0011"
"112.1510","0.1934","0.0005"
"112.1710","0.1134","-0.0003"
"112.1750","0.0974","-0.0004"
"112.1760","0.0934","-0.0005"
"112.1770","0.0894","-0.0005"
"112.1970","0.0104","-0.0009"
"112.2170","-0.0538","-0.0008"
"112.2370","-0.0824","-0.0009"
"112.2570","-0.0676","-0.0006"
"112.2770","-0.0115","-0.0002"
"112.2970","0.0679","0.0001"
"112.3170","0.1487","0.0008"
"112.3370","0.2263","0.0014"
"112.3570","0.3042","0.0017"
"112.3770","0.3848","0.0018"
"112.3970","0.4670","0.0017"
"112.4170","0.5490","0.0016"
"112.4370","0.6300","0.0016"
"112.4570","0.7102","0.0016"
"112.4770","0.7900","0.0017"
"112.4970","0.8699","0.0017"
"112.5170","0.9500","0.0017"
"112.5370","1.0301","0.0018"
"112.5570","1.1102","0.0017"
"112.5770","1.1903","0.0016"
"112.5970","1.2703","0.0016"
"112.6170","1.3503","0.0016"
"112.6370","1.4302","0.0017"
"112.6570","1.5102","0.0018"
"112.6770","1.5902","0.0018"
"112.6970","1.6703","0.0018"
"112.7170","1.7503","0.0018"
"112.7370","1.8303","0.0018"
"112.7570","1.9103","0.0017"
"112.7770","1.9903","0.0018"
"112.7970","2.0702","0.0018"
"112.8170","2.1502","0.0018"
"112.8370","2.2301","0.0018"
"112.8570","2.3101","0.0017"
"112.8770","2.3901","0.0018"
"112.8970","2.4701","0.0017"
"112.9170","2.5501","0.0017"
"112.9370","2.6302","0.0018"
"112.9570","2.7102","0.0018"
"112.9770","2.7902","0.0018"
"112.9970","2.8703","0.0018"
"113.0170","2.9502","0.0018"
"113.0300","3.0022","0.0018"
"113.0310","3.0062","0.0017"
"113.0320","3.0102","0.0017"
"113.0520","3.0892","0.0015"
"113.0720","3.1535","0.0010"
"113.0920","3.1829","0.0009"
"113.1120","3.1696","0.0009"
"113.1320","3.1158","0.0012"
"113.1520","3.0378","0.0017"
"113.1720","2.9574","0.0017"
"113.1920","2.8797","0.0017"
"113.2120","2.8013","0.0016"
"113.2320","2.7204","0.0018"
"113.2520","2.6381","0.0019"
"113.2720","2.5560","0.0018"
"113.2920","2.4750","0.0017"
"113.3120","2.3948","0.0017"
"113.3320","2.3149","0.0017"
"113.3520","2.2351","0.0017"
"113.3720","2.1550","0.0018"
"113.3920","2.0749","0.0017"
"113.4120","1.9948","0.0017"
"113.4320","1.9148","0.0018"
"113.4520","1.8348","0.0017"
"113.4720","1.7548","0.0017"
"113.4920","1.6747","0.0017"
"113.5120","1.5947","0.0018"
"113.5320","1.5147","0.0017"
"113.5520","1.4347","0.0017"
"113.5720","1.3546","0.0017"
"113.5920","1.2747","0.0017"
"113.6120","1.1947","0.0016"
"113.6320","1.1147","0.0016"
"113.6520","1.0348","0.0017"
"113.6720","0.9548","0.0019"
"113.6920","0.8748","0.0018"
"113.7120","0.7948","0.0017"
"113.7320","0.7147","0.0016"
"113.7520","0.6346","0.0016"
"113.7720","0.5547","0.0017"
"113.7920","0.4747","0.0016"
"113.8120","0.3947","0.0016"
"113.8320","0.3148","0.0013"
"113.8520","0.2348","0.0009"
"113.8720","0.1548","0.0002"
"113.8860","0.0988","-0.0003"
"113.8870","0.0948","-0.0004"
"113.8880","0.0908","-0.0004"
"113.9080","0.0118","-0.0009"
"113.9280","-0.0524","-0.0009"
"113.9480","-0.0811","-0.0009"
"113.9680","-0.0663","-0.0006"
"113.9880","-0.0102","-0.0002"
"114.0080","0.0692","0.0001"
"114.0280","0.1500","0.0008"
"114.0480","0.2276","0.0014"
"114.0680","0.3056","0.0018"
"114.0880","0.3861","0.0018"
"114.1080","0.4683","0.0017"
"114.1280","0.5503","0.0018"
"114.1480","0.6313","0.0018"
"114.1680","0.7115","0.0017"
"114.1880","0.7913","0.0018"
"114.2080","0.8712","0.0018"
"114.2280","0.9513","0.0018"
"114.2480","1.0314","0.0018"
"114.2680","1.1115","0.0019"
"114.2880","1.1916","0.0018"
"114.3080","1.2716","0.0017"
"114.3280","1.3515","0.0017"
"114.3480","1.4315","0.0017"
"114.3680","1.5115","0.0017"
"114.3880","1.5915","0.0016"
"114.4080","1.6715","0.0016"
"114.4280","1.7515","0.0018"
"114.4480","1.8315","0.0018"
"114.4680","1.9115","0.0018"
"114.4880","1.9915","0.0017"
"114.5080","2.0716","0.0018"
"114.5280","2.1516","0.0018"
"114.5480","2.2315","0.0018"
"114.5680","2.3115","0.0017"
"114.5880","2.3915","0.0017"
"114.6080","2.4714","0.0017"
"114.6280","2.5515","0.0017"
"114.6480","2.6315","0.0018"
"114.6680","2.7115","0.0017"
"114.6880","2.7915","0.0018"
"114.7080","2.8716","0.0018"
"114.7280","2.9515","0.0018"
"114.7410","3.0035","0.0018"
"114.7420","3.0075","0.0018"
"114.7430","3.0115","0.0018"
"114.7630","3.0904","0.0015"
"114.7830","3.1547","0.0009"
"114.8030","3.1841","0.0008"
"114.8230","3.1708","0.0009"
"114.8430","3.1169","0.0012"
"114.8630","3.0387","0.0019"
"114.8830","2.9583","0.0019"
"114.9030","2.8806","0.0018"
"114.9230","2.8023","0.0018"
"114.9430","2.7215","0.0017"
"114.9630","2.6391","0.0018"
"114.9830","2.5570","0.0018"
"115.0030","2.4761","0.0017"
"115.0230","2.3959","0.0018"
"115.0430","2.3160","0.0017"
"115.0630","2.2361","0.0017"
"115.0830","2.1561","0.0017"
"115.1030","2.0759","0.0017"
"115.1230","1.9959","0.0018"
"115.1430","1.9159","0.0018"
"115.1630","1.8358","0.0017"
"115.1830","1.7558","0.0017"
"115.2030","1.6758","0.0017"
"115.2230","1.5957","0.0018"
"115.2430","1.5157","0.0017"
"115.2630","1.4357","0.0016"
"115.2830","1.3557","0.0017"
"115.3030","1.2757","0.0017"
"115.3230","1.1958","0.0018"
"115.3430","1.1158","0.0017"
"115.3630","1.0358","0.0017"
"115.3830","0.9558","0.0016"
"115.4030","0.8758","0.0016"
"115.4230","0.7958","0.0016"
"115.4430","0.7158","0.0016"
"115.4630","0.6357","0.0016"
"115.4830","0.5557","0.0016"
"115.5030","0.4758","0.0015"
"115.5230","0.3958","0.0014"
"115.5430","0.3158","0.0012"
"115.5630","0.2358","0.0008"
"115.5830","0.1558","0.0002"
"115.5970","0.0998","-0.0003"
"115.5980","0.0958","-0.0003"
"115.5990","0.0918","-0.0003"
"115.6190","0.0128","-0.0009"
"115.6390","-0.0514","-0.0009"
"115.6590","-0.0801","-0.0010"
"115.6790","-0.0654","-0.0006"
"115.6990","-0.0094","-0.0002"
"115.7190","0.0699","0.0001"
"115.7390","0.1507","0.0007"
"115.7590","0.2283","0.0014"
"115.7790","0.3064","0.0017"
"115.7990","0.3869","0.0018"
"115.8190","0.4691","0.0017"
"115.8390","0.5511","0.0018"
"115.8590","0.6321","0.0018"
"115.8790","0.7123","0.0017"
"115.8990","0.7921","0.0017"
"115.9190","0.8720","0.0018"
"115.9390","0.9521","0.0018"
"115.9590","1.0322","0.0018"
"115.9790","1.1123","0.0018"
"115.9990","1.1924","0.0018"
"116.0190","1.2724","0.0017"
"116.0390","1.3524","0.0018"
"116.0590","1.4323","0.0018"
"116.0790","1.5123","0.0018"
"116.0990","1.5923","0.0018"
"116.1190","1.6724","0.0018"
"116.1390","1.7524","0.0018"
"116.1590","1.8323","0.0017"
"116.1790","1.9124","0.0017"
"116.1990","1.9924","0.0018"
"116.2190","2.0724","0.0017"
"116.2390","2.1524","0.0017"
"116.2590","2.2323","0.0017"
"116.2790","2.3123","0.0016"
"116.2990","2.3923","0.0017"
"116.3190","2.4722","0.0017"
"116.3390","2.5523","0.0017"
"116.3590","2.6323","0.0017"
"116.3790","2.7123","0.0017"
"116.3990","2.7923","0.0017"
"116.4190","2.8723","0.0017"
"116.4390","2.9523","0.0017"
"116.4510","3.0003","0.0017"
"116.4520","3.0042","0.0017"
"116.4530","3.0082","0.0017"
"116.4730","3.0872","0.0014"
"116.4930","3.1515","0.0010"
"116.5130","3.1810","0.0009"
"116.5330","3.1678","0.0009"
"116.5530","3.1138","0.0012"
"116.5730","3.0356","0.0018"
"116.5930","2.9551","0.0019"
"116.6130","2.8774","0.0018"
"116.6330","2.7991","0.0018"
"116.6530","2.7184","0.0018"
"116.6730","2.6361","0.0017"
"116.6930","2.5540","0.0018"
"116.7130","2.4730","0.0018"
"116.7330","2.3928","0.0018"
"116.7530","2.3129","0.0018"
"116.7730","2.2330","0.0018"
"116.7930","2.1530","0.0018"
"116.8130","2.0729","0.0017"
"116.8330","1.9928","0.0017"
"116.8530","1.9127","0.0017"
"116.8730","1.8327","0.0017"
"116.8930","1.7527","0.0018"
"116.9130","1.6727","0.0017"
"116.9330","1.5926","0.0017"
"116.9530","1.5126","0.0017"
"116.9730","1.4326","0.0017"
"116.9930","1.3526","0.0017"
"117.0130","1.2726","0.0017"
"117.0330","1.1927","0.0017"
"117.0530","1.1127","0.0017"
"117.0730","1.0327","0.0017"
"117.0930","0.9527","0.0017"
"117.1130","0.8727","0.0016"
"117.1330","0.7927","0.0016"
"117.1530","0.7127","0.0016"
"117.1730","0.6326","0.0015"
"117.1930","0.5526","0.0016"
"117.2130","0.4726","0.0016"
"117.2330","0.3926","0.0016"
"117.2530","0.3127","0.0013"
"117.2730","0.2327","0.0008"
"117.2930","0.1527","0.0002"
"117.3070","0.0967","-0.0003"
"117.3080","0.0927","-0.0004"
"117.3090","0.0887","-0.0004"
"117.3290","0.0097","-0.0009"
"117.3490","-0.0545","-0.0008"
"117.3690","-0.0833","-0.0009"
"117.3890","-0.0686","-0.0006"
"117.4090","-0.0127","-0.0003"
"117.4290","0.0666","0.0001"
"117.4490","0.1474","0.0008"
"117.4690","0.2251","0.0013"
"117.4890","0.3031","0.0015"
"117.5090","0.3837","0.0016"
"117.5290","0.4658","0.0017"
"117.5490","0.5477","0.0017"
"117.5690","0.6287","0.0018"
"117.5890","0.7089","0.0018"
"117.6090","0.7887","0.0017"
"117.6290","0.8686","0.0017"
"117.6490","0.9487","0.0016"
"117.6690","1.0289","0.0017"
"117.6890","1.1090","0.0017"
"117.7090","1.1890","0.0018"
"117.7290","1.2690","0.0017"
"117.7490","1.3490","0.0017"
"117.7690","1.4290","0.0017"
"117.7890","1.5089","0.0017"
"117.8090","1.5890","0.0017"
"117.8290","1.6690","0.0017"
"117.8490","1.7490","0.0018"
"117.8690","1.8290","0.0018"
"117.8890","1.9090","0.0017"
"117.9090","1.9890","0.0016"
"117.9290","2.0690","0.0017"
"117.9490","2.1490","0.0017"
"117.9690","2.2290","0.0017"
"117.9890","2.3089","0.0017"
"118.0090","2.3889","0.0018"
"118.0290","2.4689","0.0017"
"118.0490","2.5490","0.0017"
"118.0690","2.6290","0.0017"
"118.0890","2.7090","0.0018"
"118.1090","2.7890","0.0018"
"118.1290","2.8690","0.0018"
"118.1490","2.9490","0.0017"
"118.1620","3.0009","0.0017"
"118.1630","3.0049","0.0017"
"118.1640","3.0089","0.0017"
"118.1840","3.0879","0.0014"
"118.2040","3.1523","0.0009"
"118.2240","3.1818","0.0008"
"118.2440","3.1687","0.0009"
"118.2640","3.1148","0.0012"
"118.2840","3.0367","0.0017"
"118.3040","2.9563","0.0018"
"118.3240","2.8787","0.0018"
"118.3440","2.8004","0.0017"
"118.3640","2.7196","0.0017"
"118.3840","2.6372","0.0017"
"118.4040","2.5551","0.0018"
"118.4240","2.4741","0.0017"
"118.4440","2.3939","0.0017"
"118.4640","2.3140","0.0017"
"118.4840","2.2341","0.0018"
"118.5040","2.1541","0.0017"
"118.5240","2.0740","0.0016"
"118.5440","1.9939","0.0016"
"118.5640","1.9139","0.0017"
"118.5840","1.8338","0.0017"
"118.6040","1.7538","0.0017"
"118.6240","1.6738","0.0017"
"118.6440","1.5937","0.0017"
"118.6640","1.5137","0.0017"
"118.6840","1.4337","0.0017"
"118.7040","1.3537","0.0017"
"118.7240","1.2737","0.0017"
"118.7440","1.1938","0.0017"
"118.7640","1.1138","0.0017"
"118.7840","1.0338","0.0017"
"118.8040","0.9538","0.0017"
"118.8240","0.8738","0.0016"
"118.8440","0.7938","0.0016"
"118.8640","0.7137","0.0017"
"118.8840","0.6337","0.0016"
"118.9040","0.5537","0.0016"
"118.9240","0.4737","0.0013"
"118.9440","0.3938","0.0013"
"118.9640","0.3138","0.0012"
"118.9840","0.2338","0.0009"
"119.0040","0.1538","0.0002"
"119.0180","0.0978","-0.0003"
"119.0190","0.0938","-0.0004"
"119.0200","0.0898","-0.0004"
"119.0400","0.0108","-0.0008"
"119.0600","-0.0534","-0.0009"
"119.0800","-0.0822","-0.0010"
"119.1000","-0.0675","-0.0006"
"119.1200","-0.0116","-0.0002"
"119.1400","0.0677","0.0001"
"119.1600","0.1485","0.0008"
"119.1800","0.2262","0.0013"
"119.2000","0.3042","0.0016"
"119.2200","0.3847","0.0017"
"119.2400","0.4668","0.0016"
"119.2600","0.5488","0.0017"
"119.2800","0.6298","0.0017"
"119.3000","0.7100","0.0016"
"119.3200","0.7898","0.0016"
"119.3400","0.8698","0.0017"
"119.3600","0.9498","0.0017"
"119.3800","1.0300","0.0018"
"119.4000","1.1101","0.0018"
"119.4200","1.1901","0.0017"
"119.4400","1.2701","0.0017"
"119.4600","1.3501","0.0018"
"119.4800","1.4300","0.0017"
"119.5000","1.5100","0.0017"
"119.5200","1.5900","0.0017"
"119.5400","1.6701","0.0017"
"119.5600","1.7501","0.0017"
"119.5800","1.8301","0.0018"
"119.6000","1.9101","0.0017"
"119.6200","1.9901","0.0017"
"119.6400","2.0700","0.0017"
"119.6600","2.1500","0.0017"
"119.6800","2.2300","0.0016"
"119.7000","2.3100","0.0017"
"119.7200","2.3900","0.0018"
"119.7400","2.4700","0.0018"
"119.7600","2.5500","0.0017"
"119.7800","2.6300","0.0017"
"119.8000","2.7100","0.0017"
"119.8200","2.7901","0.0017"
"119.8400","2.8701","0.0017"
"119.8600","2.9501","0.0017"
"119.8730","3.0020","0.0017"
"119.8740","3.0060","0.0017"
"119.8750","3.0100","0.0017"
"119.8950","3.0890","0.0015"
"119.9150","3.1533","0.0010"
"119.9350","3.1826","0.0008"
"119.9550","3.1694","0.0009"
"119.9750","3.1154","0.0012"
"119.9950","3.0373","0.0017"
"120.0150","2.9569","0.0018"
"120.0350","2.8792","0.0017"
"120.0550","2.8009","0.0016"
"120.0750","2.7201","0.0016"
"120.0950","2.6378","0.0018"
"120.1150","2.5557","0.0018"
"120.1350","2.4747","0.0017"
"120.1550","2.3945","0.0017"
"120.1750","2.3146","0.0017"
"120.1950","2.2347","0.0016"
"120.2150","2.1547","0.0017"
"120.2350","2.0745","0.0017"
"120.2550","1.9945","0.0018"
"120.2750","1.9144","0.0017"
"120.2950","1.8344","0.0017"
"120.3150","1.7544","0.0017"
"120.3350","1.6744","0.0017"
"120.3550","1.5943","0.0017"
"120.3750","1.5143","0.0017"
"120.3950","1.4343","0.0017"
"120.4150","1.3543","0.0017"
"120.4350","1.2743","0.0017"
"120.4550","1.1944","0.0016"
"120.4750","1.1144","0.0017"
"120.4950","1.0344","0.0017"
"120.5150","0.9544","0.0017"
"120.5350","0.8744","0.0016"
"120.5550","0.7944","0.0016"
"120.5750","0.7143","0.0015"
"120.5950","0.6343","0.0015"
"120.6150","0.5543","0.0015"
"120.6350","0.4744","0.0014"
"120.6550","0.3944","0.0014"
"120.6750","0.3144","0.0012"
"120.6950","0.2344","0.0008"
"120.7150","0.1544","0.0001"
"120.7290","0.0984","-0.0004"
"120.7300","0.0944","-0.0005"
"120.7310","0.0904","-0.0005"
"120.7510","0.0114","-0.0010"
"120.7710","-0.0528","-0.0010"
"120.7910","-0.0815","-0.0010"
"120.8110","-0.0668","-0.0006"
"120.8310","-0.0109","-0.0003"
"120.8510","0.0685","0.0001"
"120.8710","0.1493","0.0008"
"120.8910","0.2269","0.0013"
"120.9110","0.3050","0.0016"
"120.9310","0.3856","0.0016"
"120.9510","0.4677","0.0016"
"120.9710","0.5496","0.0017"
"120.9910","0.6306","0.0017"
"121.0110","0.7107","0.0017"
"121.0310","0.7906","0.0017"
"121.0510","0.8705","0.0017"
"121.0710","0.9506","0.0018"
"121.0910","1.0307","0.0018"
"121.1110","1.1108","0.0018"
"121.1310","1.1909","0.0018"
"121.1510","1.2709","0.0017"
"121.1710","1.3508","0.0017"
"121.1910","1.4308","0.0017"
"121.2110","1.5108","0.0018"
"121.2310","1.5908","0.0018"
"121.2510","1.6709","0.0018"
"121.2710","1.7509","0.0017"
"121.2910","1.8309","0.0017"
"121.3110","1.9109","0.0017"
"121.3310","1.9909","0.0017"
"121.3510","2.0709","0.0018"
"121.3710","2.1509","0.0018"
"121.3910","2.2308","0.0017"
"121.4110","2.3108","0.0017"
"121.4310","2.3908","0.0017"
"121.4510","2.4708","0.0017"
"121.4710","2.5508","0.0017"
"121.4910","2.6308","0.0017"
"121.5110","2.7108","0.0017"
"121.5310","2.7909","0.0016"
"121.5510","2.8709","0.0017"
"121.5710","2.9508","0.0017"
"121.5840","3.0028","0.0018"
"121.5850","3.0068","0.0018"
"121.5860","3.0108","0.0018"
"121.6060","3.0898","0.0015"
"121.6260","3.1541","0.0009"
"121.6460","3.1836","0.0008"
"121.6660","3.1705","0.0008"
"121.6860","3.1166","0.0012"
"121.7060","3.0384","0.0018"
"121.7260","2.9580","0.0019"
"121.7460","2.8803","0.0017"
"121.7660","2.8020","0.0018"
"121.7860","2.7212","0.0018"
"121.8060","2.6389","0.0019"
"121.8260","2.5568","0.0018"
"121.8460","2.4758","0.0017"
"121.8660","2.3956","0.0016"
"121.8860","2.3158","0.0016"
"121.9060","2.2359","0.0016"
"121.9260","2.1558","0.0017"
"121.9460","2.0757","0.0017"
"121.9660","1.9956","0.0017"
"121.9860","1.9156","0.0017"
"122.0060","1.8355","0.0017"
"122.0260","1.7555","0.0017"
"122.0460","1.6755","0.0016"
"122.0660","1.5955","0.0017"
"122.0860","1.5155","0.0016"
"122.1060","1.4354","0.0016"
"122.1260","1.3554","0.0017"
"122.1460","1.2755","0.0016"
"122.1660","1.1955","0.0015"
"122.1860","1.1155","0.0016"
"122.2060","1.0355","0.0016"
"122.2260","0.9555","0.0016"
"122.2460","0.8755","0.0017"
"122.2660","0.7955","0.0017"
"122.2860","0.7155","0.0017"
"122.3060","0.6354","0.0017"
"122.3260","0.5555","0.0015"
"122.3460","0.4755","0.0014"
"122.3660","0.3955","0.0013"
"122.3860","0.3155","0.0011"
"122.4060","0.2355","0.0007"
"122.4260","0.1555","0.0001"
"122.4400","0.0995","-0.0004"
"122.4410","0.0955","-0.0004"
"122.4420","0.0915","-0.0005"
"122.4620","0.0126","-0.0009"
"122.4820","-0.0517","-0.0010"
"122.5020","-0.0805","-0.0011"
"122.5220","-0.0658","-0.0007"
"122.5420","-0.0099","-0.0003"
"122.5620","0.0695","0.0001"
"122.5820","0.1503","0.0008"
"122.6020","0.2279","0.0014"
"122.6220","0.3060","0.0015"
"122.6420","0.3865","0.0017"
"122.6620","0.4686","0.0017"
"122.6820","0.5505","0.0017"
"122.7020","0.6315","0.0017"
"122.7220","0.7117","0.0017"
"122.7420","0.7916","0.0017"
"122.7620","0.8715","0.0017"
"122.7820","0.9516","0.0017"
"122.8020","1.0317","0.0018"
"122.8220","1.1119","0.0017"
"122.8420","1.1919","0.0017"
"122.8620","1.2719","0.0017"
"122.8820","1.3518","0.0017"
"122.9020","1.4318","0.0017"
"122.9220","1.5118","0.0018"
"122.9420","1.5918","0.0018"
"122.9620","1.6719","0.0018"
"122.9820","1.7519","0.0018"
"123.0020","1.8319","0.0018"
"123.0220","1.9119","0.0017"
"123.0420","1.9919","0.0017"
"123.0620","2.0719","0.0016"
"123.0820","2.1519","0.0016"
"123.1020","2.2318","0.0017"
"123.1220","2.3118","0.0017"
"123.1420","2.3918","0.0017"
"123.1620","2.4718","0.0016"
"123.1820","2.5518","0.0017"
"123.2020","2.6318","0.0018"
"123.2220","2.7118","0.0018"
"123.2420","2.7918","0.0018"
"123.2620","2.8719","0.0018"
"123.2820","2.9519","0.0018"
"123.2950","3.0038","0.0018"
"123.2960","3.0078","0.0018"
"123.2970","3.0118","0.0018"
"123.3170","3.0908","0.0015"
"123.3370","3.1551","0.0009"
"123.3570","3.1845","0.0008"
"123.3770","3.1712","0.0008"
"123.3970","3.1172","0.0012"
"123.4170","3.0389","0.0018"
"123.4370","2.9585","0.0018"
"123.4570","2.8809","0.0017"
"123.4770","2.8026","0.0017"
"123.4970","2.7218","0.0017"
"123.5170","2.6395","0.0017"
"123.5370","2.5574","0.0017"
"123.5570","2.4764","0.0018"
"123.5770","2.3962","0.0018"
"123.5970","2.3163","0.0017"
"123.6170","2.2365","0.0018"
"123.6370","2.1564","0.0017"
"123.6570","2.0763","0.0016"
"123.6770","1.9962","0.0017"
"123.6970","1.9162","0.0018"
"123.7170","1.8361","0.0017"
"123.7370","1.7561","0.0017"
"123.7570","1.6761","0.0017"
"123.7770","1.5961","0.0016"
"123.7970","1.5161","0.0016"
"123.8170","1.4360","0.0016"
"123.8370","1.3560","0.0016"
"123.8570","1.2761","0.0017"
"123.8770","1.1961","0.0017"
"123.8970","1.1161","0.0016"
"123.9170","1.0362","0.0016"
"123.9370","0.9561","0.0016"
"123.9570","0.8761","0.0016"
"123.9770","0.7961","0.0016"
"123.9970","0.7160","0.0016"
"124.0170","0.6360","0.0016"
"124.0370","0.5560","0.0016"
"124.0570","0.4761","0.0015"
"124.0770","0.3961","0.0013"
"124.0970","0.3162","0.0012"
"124.1170","0.2362","0.0007"
"124.1370","0.1561","0.0001"
"124.1520","0.0961","-0.0004"
"124.1530","0.0921","-0.0005"
"124.1540","0.0881","-0.0005"
"124.1740","0.0092","-0.0009"
"124.1940","-0.0550","-0.0010"
"124.2140","-0.0838","-0.0010"
"124.2340","-0.0691","-0.0006"
"124.2540","-0.0132","-0.0003"
"124.2740","0.0660","0.0000"
"124.2940","0.1468","0.0007"
"124.3140","0.2245","0.0012"
"124.3340","0.3026","0.0016"
"124.3540","0.3832","0.0017"
"124.3740","0.4652","0.0017"
"124.3940","0.5472","0.0016"
"124.4140","0.6282","0.0016"
"124.4340","0.7084","0.0016"
"124.4540","0.7882","0.0017"
"124.4740","0.8682","0.0017"
"124.4940","0.9483","0.0017"
"124.5140","1.0284","0.0018"
"124.5340","1.1085","0.0017"
"124.5540","1.1886","0.0017"
"124.5740","1.2685","0.0017"
"124.5940","1.3485","0.0018"
"124.6140","1.4285","0.0018"
"124.6340","1.5084","0.0018"
"124.6540","1.5884","0.0018"
"124.6740","1.6685","0.0018"
"124.6940","1.7485","0.0018"
"124.7140","1.8285","0.0017"
"124.7340","1.9086","0.0017"
"124.7540","1.9885","0.0017"
"124.7740","2.0685","0.0017"
"124.7940","2.1485","0.0017"
"124.8140","2.2284","0.0018"
"124.8340","2.3084","0.0017"
"124.8540","2.3884","0.0018"
"124.8740","2.4684","0.0018"
"124.8940","2.5484","0.0017"
"124.9140","2.6284","0.0017"
"124.9340","2.7084","0.0017"
"124.9540","2.7885","0.0017"
"124.9740","2.8686","0.0017"
"124.9940","2.9485","0.0018"
"125.0070","3.0005","0.0019"
"125.0080","3.0045","0.0019"
"125.0090","3.0085","0.0019"
"125.0290","3.0874","0.0015"
"125.0490","3.1518","0.0009"
"125.0690","3.1812","0.0009"
"125.0890","3.1681","0.0009"
"125.1090","3.1142","0.0012"
"125.1290","3.0360","0.0018"
"125.1490","2.9556","0.0018"
"125.1690","2.8779","0.0017"
"125.1890","2.7997","0.0017"
"125.2090","2.7189","0.0016"
"125.2290","2.6366","0.0017"
"125.2490","2.5545","0.0017"
"125.2690","2.4735","0.0017"
"125.2890","2.3932","0.0018"
"125.3090","2.3134","0.0017"
"125.3290","2.2335","0.0017"
"125.3490","2.1534","0.0017"
"125.3690","2.0733","0.0016"
"125.3890","1.9933","0.0016"
"125.4090","1.9132","0.0017"
"125.4290","1.8332","0.0017"
"125.4490","1.7532","0.0017"
"125.4690","1.6731","0.0017"
"125.4890","1.5931","0.0017"
"125.5090","1.5131","0.0016"
"125.5290","1.4331","0.0016"
"125.5490","1.3531","0.0016"
"125.5690","1.2731","0.0016"
"125.5890","1.1931","0.0016"
"125.6090","1.1132","0.0016"
"125.6290","1.0332","0.0017"
"125.6490","0.9532","0.0018"
"125.6690","0.8731","0.0018"
"125.6890","0.7931","0.0017"
"125.7090","0.7131","0.0016"
"125.7290","0.6330","0.0016"
"125.7490","0.5531","0.0016"
"125.7690","0.4731","0.0015"
"125.7890","0.3931","0.0014"
"125.8090","0.3131","0.0011"
"125.8290","0.2332","0.0008"
"125.8490","0.1531","0.0001"
"125.8630","0.0972","-0.0004"
"125.8640","0.0932","-0.0004"
"125.8650","0.0892","-0.0005"
"125.8850","0.0102","-0.0010"
"125.9050","-0.0540","-0.0009"
"125.9250","-0.0828","-0.0010"
"125.9450","-0.0682","-0.0006"
"125.9650","-0.0123","-0.0003"
"125.9850","0.0670","0.0001"
"126.0050","0.1478","0.0008"
"126.0250","0.2254","0.0013"
"126.0450","0.3035","0.0016"
"126.0650","0.3841","0.0017"
"126.0850","0.4662","0.0018"
"126.1050","0.5481","0.0018"
"126.1250","0.6291","0.0017"
"126.1450","0.7093","0.0017"
"126.1650","0.7891","0.0018"
"126.1850","0.8691","0.0018"
"126.2050","0.9492","0.0017"
"126.2250","1.0293","0.0017"
"126.2450","1.1094","0.0017"
"126.2650","1.1895","0.0018"
"126.2850","1.2694","0.0017"
"126.3050","1.3494","0.0017"
"126.3250","1.4294","0.0017"
"126.3450","1.5093","0.0017"
"126.3650","1.5894","0.0017"
"126.3850","1.6694","0.0017"
"126.4050","1.7494","0.0017"
"126.4250","1.8294","0.0018"
"126.4450","1.9094","0.0018"
"126.4650","1.9894","0.0018"
"126.4850","2.0694","0.0017"
"126.5050","2.1495","0.0016"
"126.5250","2.2294","0.0017"
"126.5450","2.3094","0.0018"
"126.5650","2.3893","0.0017"
"126.5850","2.4693","0.0017"
"126.6050","2.5493","0.0017"
"126.6250","2.6294","0.0017"
"126.6450","2.7093","0.0017"
"126.6650","2.7894","0.0017"
"126.6850","2.8694","0.0017"
"126.7050","2.9493","0.0018"
"126.7180","3.0013","0.0018"
"126.7190","3.0053","0.0018"
"126.7200","3.0093","0.0018"
"126.7400","3.0883","0.0015"
"126.7600","3.1527","0.0009"
"126.7800","3.1822","0.0009"
"126.8000","3.1691","0.0009"
"126.8200","3.1152","0.0012"
"126.8400","3.0370","0.0017"
"126.8600","2.9566","0.0018"
"126.8800","2.8789","0.0017"
"126.9000","2.8007","0.0016"
"126.9200","2.7199","0.0016"
"126.9400","2.6375","0.0016"
"126.9600","2.5554","0.0017"
"126.9800","2.4744","0.0017"
"127.0000","2.3942","0.0017"
"127.0200","2.3144","0.0017"
"127.0400","2.2345","0.0017"
"127.0600","2.1544","0.0018"
"127.0800","2.0743","0.0017"
"127.1000","1.9942","0.0017"
"127.1200","1.9142","0.0017"
"127.1400","1.8342","0.0017"
"127.1600","1.7542","0.0017"
"127.1800","1.6741","0.0017"
"127.2000","1.5941","0.0016"
"127.2200","1.5141","0.0016"
"127.2400","1.4341","0.0016"
"127.2600","1.3541","0.0016"
"127.2800","1.2741","0.0016"
"127.3000","1.1941","0.0017"
"127.3200","1.1142","0.0017"
"127.3400","1.0342","0.0017"
"127.3600","0.9541","0.0017"
"127.3800","0.8741","0.0017"
"127.4000","0.7941","0.0016"
"127.4200","0.7141","0.0016"
"127.4400","0.6340","0.0016"
"127.4600","0.5541","0.0015"
"127.4800","0.4741","0.0013"
"127.5000","0.3941","0.0013"
"127.5200","0.3142","0.0012"
"127.5400","0.2342","0.0007"
"127.5600","0.1541","0.0001"
"127.5740","0.0981","-0.0004"
"127.5750","0.0942","-0.0004"
"127.5760","0.0902","-0.0005"
"127.5960","0.0112","-0.0010"
"127.6160","-0.0530","-0.0010"
"127.6360","-0.0817","-0.0010"
"127.6560","-0.0670","-0.0006"
"127.6760","-0.0111","-0.0002"
"127.6960","0.0682","0.0000"
"127.7160","0.1490","0.0006"
"127.7360","0.2267","0.0013"
"127.7560","0.3048","0.0016"
"127.7760","0.3854","0.0017"
"127.7960","0.4674","0.0017"
"127.8160","0.5493","0.0016"
"127.8360","0.6304","0.0016"
"127.8560","0.7106","0.0016"
"127.8760","0.7904","0.0017"
"127.8960","0.8704","0.0017"
"127.9160","0.9505","0.0017"
"127.9360","1.0306","0.0017"
"127.9560","1.1107","0.0017"
"127.9760","1.1908","0.0017"
"127.9960","1.2707","0.0017"
"128.0160","1.3507","0.0017"
"128.0360","1.4306","0.0017"
"128.0560","1.5106","0.0017"
"128.0760","1.5906","0.0017"
"128.0960","1.6707","0.0017"
"128.1160","1.7507","0.0017"
"128.1360","1.8307","0.0017"
"128.1560","1.9107","0.0017"
"128.1760","1.9907","0.0017"
"128.1960","2.0707","0.0017"
"128.2160","2.1507","0.0017"
"128.2360","2.2307","0.0016"
"128.2560","2.3106","0.0016"
"128.2760","2.3906","0.0017"
"128.2960","2.4706","0.0017"
"128.3160","2.5506","0.0017"
"128.3360","2.6306","0.0016"
"128.3560","2.7106","0.0017"
"128.3760","2.7907","0.0018"
"128.3960","2.8707","0.0018"
"128.4160","2.9506","0.0018"
"128.4290","3.0026","0.0018"
"128.4300","3.0066","0.0018"
"128.4310","3.0105","0.0018"
"128.4510","3.0896","0.0014"
"128.4710","3.1540","0.0009"
"128.4910","3.1837","0.0009"
"128.5110","3.1707","0.0010"
"128.5310","3.1169","0.0013"
"128.5510","3.0388","0.0018"
"128.5710","2.9584","0.0017"
"128.5910","2.8807","0.0016"
"128.6110","2.8024","0.0017"
"128.6310","2.7216","0.0017"
"128.6510","2.6392","0.0018"
"128.6710","2.5572","0.0017"
"128.6910","2.4762","0.0016"
"128.7110","2.3960","0.0017"
"128.7310","2.3161","0.0017"
"128.7510","2.2362","0.0016"
"128.7710","2.1562","0.0016"
"128.7910","2.0760","0.0016"
"128.8110","1.9960","0.0018"
"128.8310","1.9160","0.0018"
"128.8510","1.8359","0.0018"
"128.8710","1.7559","0.0017"
"128.8910","1.6759","0.0017"
"128.9110","1.5958","0.0017"
"128.9310","1.5158","0.0017"
"128.9510","1.4358","0.0017"
"128.9710","1.3558","0.0017"
"128.9910","1.2758","0.0017"
"129.0110","1.1959","0.0017"
"129.0310","1.1159","0.0016"
"129.0510","1.0359","0.0016"
"129.0710","0.9559","0.0017"
"129.0910","0.8759","0.0017"
"129.1110","0.7959","0.0016"
"129.1310","0.7158","0.0016"
"129.1510","0.6358","0.0016"
"129.1710","0.5558","0.0017"
"129.1910","0.4759","0.0015"
"129.2110","0.3959","0.0014"
"129.2310","0.3160","0.0012"
"129.2510","0.2360","0.0008"
"129.2710","0.1559","0.0002"
"129.2850","0.0999","-0.0004"
"129.2860","0.0959","-0.0004"
"129.2870","0.0919","-0.0005"
"129.3070","0.0129","-0.0010"
"129.3270","-0.0513","-0.0010"
"129.3470","-0.0801","-0.0010"
"129.3670","-0.0653","-0.0007"
"129.3870","-0.0094","-0.0003"
"129.4070","0.0698","0.0001"
"129.4270","0.1506","0.0007"
"129.4470","0.2282","0.0013"
"129.4670","0.3063","0.0017"
"129.4870","0.3869","0.0017"
"129.5070","0.4690","0.0017"
"129.5270","0.5509","0.0016"
"129.5470","0.6320","0.0016"
"129.5670","0.7122","0.0016"
"129.5870","0.7921","0.0016"
"129.6070","0.8720","0.0017"
"129.6270","0.9521","0.0017"
"129.6470","1.0322","0.0017"
"129.6670","1.1123","0.0017"
"129.6870","1.1924","0.0017"
"129.7070","1.2723","0.0018"
"129.7270","1.3523","0.0017"
"129.7470","1.4323","0.0018"
"129.7670","1.5122","0.0018"
"129.7870","1.5922","0.0017"
"129.8070","1.6723","0.0018"
"129.8270","1.7523","0.0018"
"129.8470","1.8323","0.0018"
"129.8670","1.9124","0.0017"
"129.8870","1.9924","0.0017"
"129.9070","2.0724","0.0017"
"129.9270","2.1523","0.0017"
"129.9470","2.2322","0.0017"
"129.9670","2.3122","0.0017"
"129.9870","2.3922","0.0017"
"130.0070","2.4722","0.0017"
"130.0270","2.5522","0.0017"
"130.0470","2.6323","0.0017"
"130.0670","2.7122","0.0016"
"130.0870","2.7923","0.0017"
"130.1070","2.8723","0.0018"
"130.1270","2.9522","0.0017"
"130.1390","3.0002","0.0017"
"130.1400","3.0042","0.0017"
"130.1410","3.0082","0.0017"
"130.1610","3.0872","0.0014"
"130.1810","3.1516","0.0009"
"130.2010","3.1811","0.0009"
"130.2210","3.1680","0.0009"
"130.2410","3.1141","0.0012"
"130.2610","3.0359","0.0018"
"130.2810","2.9554","0.0017"
"130.3010","2.8778","0.0017"
"130.3210","2.7995","0.0016"
"130.3410","2.7188","0.0017"
"130.3610","2.6364","0.0018"
"130.3810","2.5543","0.0017"
"130.4010","2.4733","0.0016"
"130.4210","2.3931","0.0017"
"130.4410","2.3132","0.0016"
"130.4610","2.2334","0.0017"
"130.4810","2.1533","0.0017"
"130.5010","2.0732","0.0017"
"130.5210","1.9931","0.0016"
"130.5410","1.9131","0.0016"
"130.5610","1.8331","0.0016"
"130.5810","1.7530","0.0017"
"130.6010","1.6730","0.0017"
"130.6210","1.5929","0.0018"
"130.6410","1.5129","0.0017"
"130.6610","1.4329","0.0017"
"130.6810","1.3529","0.0017"
"130.7010","1.2729","0.0017"
"130.7210","1.1930","0.0017"
"130.7410","1.1130","0.0017"
"130.7610","1.0331","0.0016"
"130.7810","0.9531","0.0016"
"130.8010","0.8730","0.0016"
"130.8210","0.7930","0.0016"
"130.8410","0.7130","0.0016"
"130.8610","0.6329","0.0015"
"130.8810","0.5530","0.0015"
"130.9010","0.4730","0.0015"
"130.9210","0.3930","0.0014"
"130.9410","0.3131","0.0012"
"130.9610","0.2331","0.0009"
"130.9810","0.1530","0.0002"
"130.9950","0.0970","-0.0003"
"130.9960","0.0930","-0.0004"
"130.9970","0.0890","-0.0004"
"131.0170","0.0100","-0.0010"
"131.0370","-0.0541","-0.0010"
"131.0570","-0.0829","-0.0009"
"131.0770","-0.0682","-0.0006"
"131.0970","-0.0123","-0.0002"
"131.1170","0.0670","0.0001"
"131.1370","0.1477","0.0008"
"131.1570","0.2253","0.0013"
"131.1770","0.3035","0.0016"
"131.1970","0.3841","0.0017"
"131.2170","0.4663","0.0016"
"131.2370","0.5482","0.0017"
"131.2570","0.6292","0.0017"
"131.2770","0.7094","0.0017"
"131.2970","0.7892","0.0017"
"131.3170","0.8691","0.0018"
"131.3370","0.9492","0.0018"
"131.3570","1.0293","0.0018"
"131.3770","1.1095","0.0018"
"131.3970","1.1895","0.0018"
"131.4170","1.2695","0.0017"
"131.4370","1.3494","0.0017"
"131.4570","1.4294","0.0017"
"131.4770","1.5094","0.0016"
"131.4970","1.5894","0.0017"
"131.5170","1.6695","0.0016"
"131.5370","1.7495","0.0017"
"131.5570","1.8295","0.0017"
"131.5770","1.9095","0.0017"
"131.5970","1.9895","0.0017"
"131.6170","2.0695","0.0018"
"131.6370","2.1495","0.0017"
"131.6570","2.2294","0.0017"
"131.6770","2.3094","0.0017"
"131.6970","2.3894","0.0017"
"131.7170","2.4693","0.0017"
"131.7370","2.5494","0.0017"
"131.7570","2.6294","0.0016"
"131.7770","2.7094","0.0017"
"131.7970","2.7894","0.0017"
"131.8170","2.8695","0.0017"
"131.8370","2.9494","0.0017"
"131.8500","3.0013","0.0017"
"131.8510","3.0053","0.0017"
"131.8520","3.0093","0.0017"
"131.8720","3.0883","0.0014"
"131.8920","3.1527","0.0009"
"131.9120","3.1822","0.0008"
"131.9320","3.1691","0.0008"
"131.9520","3.1152","0.0012"
"131.9720","3.0371","0.0017"
"131.9920","2.9567","0.0018"
"132.0120","2.8790","0.0016"
"132.0320","2.8007","0.0016"
"132.0520","2.7199","0.0017"
"132.0720","2.6376","0.0017"
"132.0920","2.5555","0.0018"
"132.1120","2.4745","0.0018"
"132.1320","2.3943","0.0018"
"132.1520","2.3144","0.0017"
"132.1720","2.2345","0.0017"
"132.1920","2.1544","0.0017"
"132.2120","2.0743","0.0017"
"132.2320","1.9943","0.0017"
"132.2520","1.9142","0.0016"
"132.2720","1.8342","0.0017"
"132.2920","1.7542","0.0018"
"132.3120","1.6741","0.0018"
"132.3320","1.5941","0.0018"
"132.3520","1.5141","0.0017"
"132.3720","1.4341","0.0017"
"132.3920","1.3541","0.0017"
"132.4120","1.2741","0.0017"
"132.4320","1.1941","0.0017"
"132.4520","1.1141","0.0016"
"132.4720","1.0342","0.0016"
"132.4920","0.9542","0.0016"
"132.5120","0.8741","0.0016"
"132.5320","0.7941","0.0017"
"132.5520","0.7141","0.0016"
"132.5720","0.6341","0.0016"
"132.5920","0.5541","0.0015"
"132.6120","0.4741","0.0015"
"132.6320","0.3941","0.0014"
"132.6520","0.3142","0.0012"
"132.6720","0.2342","0.0008"
"132.6920","0.1542","0.0001"
"132.7060","0.0982","-0.0004"
"132.7070","0.0942","-0.0004"
"132.7080","0.0902","-0.0005"
"132.7280","0.0112","-0.0010"
"132.7480","-0.0530","-0.0009"
"132.7680","-0.0818","-0.0010"
"132.7880","-0.0671","-0.0006"
"132.8080","-0.0112","-0.0003"
"132.8280","0.0680","0.0000"
"132.8480","0.1487","0.0007"
"132.8680","0.2264","0.0013"
"132.8880","0.3045","0.0015"
"132.9080","0.3851","0.0016"
"132.9280","0.4673","0.0015"
"132.9480","0.5492","0.0016"
"132.9680","0.6302","0.0017"
"132.9880","0.7104","0.0017"
"133.0080","0.7902","0.0017"
"133.0280","0.8701","0.0018"
"133.0480","0.9502","0.0018"
"133.0680","1.0304","0.0018"
"133.0880","1.1105","0.0017"
"133.1080","1.1906","0.0017"
"133.1280","1.2706","0.0017"
"133.1480","1.3504","0.0018"
"133.1680","1.4304","0.0018"
"133.1880","1.5104","0.0019"
"133.2080","1.5905","0.0018"
"133.2280","1.6706","0.0018"
"133.2480","1.7506","0.0017"
"133.2680","1.8306","0.0017"
"133.2880","1.9106","0.0017"
"133.3080","1.9906","0.0017"
"133.3280","2.0706","0.0018"
"133.3480","2.1506","0.0018"
"133.3680","2.2305","0.0017"
"133.3880","2.3105","0.0017"
"133.4080","2.3905","0.0017"
"133.4280","2.4704","0.0017"
"133.4480","2.5505","0.0016"
"133.4680","2.6305","0.0017"
"133.4880","2.7105","0.0017"
"133.5080","2.7905","0.0017"
"133.5280","2.8706","0.0016"
"133.5480","2.9505","0.0016"
"133.5610","3.0025","0.0016"
"133.5620","3.0065","0.0016"
"133.5630","3.0104","0.0016"
"133.5830","3.0894","0.0014"
"133.6030","3.1539","0.0009"
"133.6230","3.1835","0.0008"
"133.6430","3.1705","0.0009"
"133.6630","3.1168","0.0012"
"133.6830","3.0387","0.0018"
"133.7030","2.9583","0.0018"
"133.7230","2.8806","0.0017"
"133.7430","2.8023","0.0017"
"133.7630","2.7214","0.0016"
"133.7830","2.6391","0.0016"
"133.8030","2.5570","0.0017"
"133.8230","2.4760","0.0016"
"133.8430","2.3959","0.0017"
"133.8630","2.3160","0.0017"
"133.8830","2.2361","0.0018"
"133.9030","2.1560","0.0018"
"133.9230","2.0759","0.0017"
"133.9430","1.9958","0.0017"
"133.9630","1.9158","0.0017"
"133.9830","1.8358","0.0017"
"134.0030","1.7558","0.0017"
"134.0230","1.6757","0.0016"
"134.0430","1.5957","0.0016"
"134.0630","1.5157","0.0017"
"134.0830","1.4357","0.0017"
"134.1030","1.3556","0.0016"
"134.1230","1.2757","0.0015"
"134.1430","1.1957","0.0016"
"134.1630","1.1157","0.0017"
"134.1830","1.0358","0.0017"
"134.2030","0.9557","0.0016"
"134.2230","0.8757","0.0016"
"134.2430","0.7957","0.0015"
"134.2630","0.7157","0.0016"
"134.2830","0.6357","0.0016"
"134.3030","0.5557","0.0016"
"134.3230","0.4757","0.0015"
"134.3430","0.3957","0.0014"
"134.3630","0.3158","0.0012"
"134.3830","0.2358","0.0008"
"134.4030","0.1557","0.0001"
"134.4170","0.0997","-0.0004"
"134.4180","0.0957","-0.0005"
"134.4190","0.0917","-0.0005"
"134.4390","0.0127","-0.0009"
"134.4590","-0.0515","-0.0009"
"134.4790","-0.0802","-0.0009"
"134.4990","-0.0654","-0.0006"
"134.5190","-0.0095","-0.0003"
"134.5390","0.0699","0.0000"
"134.5590","0.1506","0.0008"
"134.5790","0.2282","0.0014"
"134.5990","0.3063","0.0017"
"134.6190","0.3870","0.0017"
"134.6390","0.4691","0.0017"
"134.6590","0.5511","0.0017"
"134.6790","0.6321","0.0017"
"134.6990","0.7122","0.0016"
"134.7190","0.7920","0.0017"
"134.7390","0.8719","0.0017"
"134.7590","0.9520","0.0017"
"134.7790","1.0321","0.0017"
"134.7990","1.1123","0.0017"
"134.8190","1.1923","0.0018"
"134.8390","1.2723","0.0017"
"134.8590","1.3522","0.0017"
"134.8790","1.4322","0.0017"
"134.8990","1.5121","0.0018"
"134.9190","1.5922","0.0018"
"134.9390","1.6723","0.0017"
"134.9590","1.7523","0.0017"
"134.9790","1.8323","0.0016"
"134.9990","1.9123","0.0016"
"135.0190","1.9923","0.0017"
"135.0390","2.0723","0.0017"
"135.0590","2.1523","0.0018"
"135.0790","2.2323","0.0018"
"135.0990","2.3122","0.0018"
"135.1190","2.3922","0.0017"
"135.1390","2.4722","0.0017"
"135.1590","2.5521","0.0017"
"135.1790","2.6322","0.0018"
"135.1990","2.7122","0.0018"
"135.2190","2.7923","0.0018"
"135.2390","2.8723","0.0017"
"135.2590","2.9523","0.0017"
"135.2710","3.0002","0.0017"
"135.2720","3.0042","0.0017"
"135.2730","3.0082","0.0017"
"135.2930","3.0872","0.0015"
"135.3130","3.1515","0.0009"
"135.3330","3.1810","0.0008"
"135.3530","3.1679","0.0008"
"135.3730","3.1140","0.0012"
"135.3930","3.0358","0.0018"
"135.4130","2.9554","0.0018"
"135.4330","2.8778","0.0017"
"135.4530","2.7994","0.0017"
"135.4730","2.7186","0.0017"
"135.4930","2.6363","0.0017"
"135.5130","2.5542","0.0017"
"135.5330","2.4732","0.0017"
"135.5530","2.3931","0.0017"
"135.5730","2.3132","0.0016"
"135.5930","2.2333","0.0017"
"135.6130","2.1532","0.0017"
"135.6330","2.0731","0.0017"
"135.6530","1.9931","0.0017"
"135.6730","1.9130","0.0016"
"135.6930","1.8329","0.0017"
"135.7130","1.7530","0.0016"
"135.7330","1.6729","0.0016"
"135.7530","1.5929","0.0017"
"135.7730","1.5129","0.0017"
"135.7930","1.4329","0.0016"
"135.8130","1.3528","0.0016"
"135.8330","1.2729","0.0016"
"135.8530","1.1929","0.0016"
"135.8730","1.1130","0.0016"
"135.8930","1.0330","0.0016"
"135.9130","0.9530","0.0017"
"135.9330","0.8729","0.0017"
"135.9530","0.7929","0.0017"
"135.9730","0.7129","0.0016"
"135.9930","0.6329","0.0016"
"136.0130","0.5529","0.0016"
"136.0330","0.4729","0.0014"
"136.0530","0.3929","0.0013"
"136.0730","0.3130","0.0012"
"136.0930","0.2330","0.0008"
"136.1130","0.1530","0.0002"
"136.1270","0.0969","-0.0003"
"136.1280","0.0929","-0.0004"
"136.1290","0.0889","-0.0004"
"136.1490","0.0099","-0.0009"
"136.1690","-0.0543","-0.0008"
"136.1890","-0.0830","-0.0008"
"136.2090","-0.0682","-0.0006"
"136.2290","-0.0123","-0.0003"
"136.2490","0.0670","0.0001"
"136.2690","0.1478","0.0007"
"136.2890","0.2254","0.0012"
"136.3090","0.3035","0.0016"
"136.3290","0.3841","0.0018"
"136.3490","0.4663","0.0017"
"136.3690","0.5482","0.0017"
"136.3890","0.6292","0.0018"
"136.4090","0.7094","0.0018"
"136.4290","0.7892","0.0017"
"136.4490","0.8691","0.0017"
"136.4690","0.9492","0.0016"
"136.4890","1.0293","0.0017"
"136.5090","1.1094","0.0016"
"136.5290","1.1895","0.0017"
"136.5490","1.2695","0.0017"
"136.5690","1.3494","0.0017"
"136.5890","1.4294","0.0017"
"136.6090","1.5093","0.0018"
"136.6290","1.5893","0.0018"
"136.6490","1.6694","0.0017"
"136.6690","1.7494","0.0017"
"136.6890","1.8294","0.0018"
"136.7090","1.9094","0.0016"
"136.7290","1.9894","0.0016"
"136.7490","2.0695","0.0017"
"136.7690","2.1495","0.0018"
"136.7890","2.2294","0.0017"
"136.8090","2.3093","0.0017"
"136.8290","2.3893","0.0018"
"136.8490","2.4693","0.0018"
"136.8690","2.5493","0.0017"
"136.8890","2.6294","0.0017"
"136.9090","2.7094","0.0017"
"136.9290","2.7894","0.0017"
"136.9490","2.8694","0.0017"
"136.9690","2.9494","0.0018"
"136.9820","3.0014","0.0018"
"136.9830","3.0054","0.0018"
"136.9840","3.0094","0.0018"
"137.0040","3.0883","0.0015"
"137.0240","3.1527","0.0009"
"137.0440","3.1822","0.0008"
"137.0640","3.1692","0.0008"
"137.0840","3.1154","0.0011"
"137.1040","3.0373","0.0016"
"137.1240","2.9569","0.0017"
"137.1440","2.8793","0.0016"
"137.1640","2.8010","0.0016"
"137.1840","2.7201","0.0017"
"137.2040","2.6378","0.0017"
"137.2240","2.5556","0.0017"
"137.2440","2.4746","0.0017"
"137.2640","2.3944","0.0017"
"137.2840","2.3146","0.0016"
"137.3040","2.2347","0.0017"
"137.3240","2.1546","0.0016"
"137.3440","2.0745","0.0017"
"137.3640","1.9945","0.0017"
"137.3840","1.9144","0.0018"
"137.4040","1.8344","0.0016"
"137.4240","1.7544","0.0016"
"137.4440","1.6744","0.0016"
"137.4640","1.5943","0.0017"
"137.4840","1.5143","0.0017"
"137.5040","1.4343","0.0018"
"137.5240","1.3543","0.0019"
"137.5440","1.2743","0.0018"
"137.5640","1.1943","0.0017"
"137.5840","1.1143","0.0017"
"137.6040","1.0344","0.0017"
"137.6240","0.9544","0.0016"
"137.6440","0.8743","0.0016"
"137.6640","0.7943","0.0016"
"137.6840","0.7143","0.0016"
"137.7040","0.6342","0.0016"
"137.7240","0.5542","0.0015"
"137.7440","0.4743","0.0015"
"137.7640","0.3943","0.0014"
"137.7840","0.3143","0.0013"
"137.8040","0.2344","0.0009"
"137.8240","0.1543","0.0002"
"137.8380","0.0983","-0.0004"
"137.8390","0.0943","-0.0004"
"137.8400","0.0903","-0.0005"
"137.8600","0.0114","-0.0009"
"137.8800","-0.0528","-0.0009"
"137.9000","-0.0816","-0.0009"
"137.9200","-0.0669","-0.0005"
"137.9400","-0.0110","-0.0003"
"137.9600","0.0683","0.0000"
"137.9800","0.1491","0.0007"
"138.0000","0.2268","0.0013"
"138.0200","0.3049","0.0016"
"138.0400","0.3854","0.0016"
"138.0600","0.4676","0.0016"
"138.0800","0.5495","0.0016"
"138.1000","0.6305","0.0016"
"138.1200","0.7107","0.0016"
"138.1400","0.7905","0.0017"
"138.1600","0.8704","0.0017"
"138.1800","0.9505","0.0017"
"138.2000","1.0306","0.0017"
"138.2200","1.1107","0.0018"
"138.2400","1.1908","0.0017"
"138.2600","1.2708","0.0017"
"138.2800","1.3507","0.0017"
"138.3000","1.4307","0.0017"
"138.3200","1.5106","0.0017"
"138.3400","1.5907","0.0017"
"138.3600","1.6707","0.0017"
"138.3800","1.7508","0.0017"
"138.4000","1.8308","0.0017"
"138.4200","1.9108","0.0016"
"138.4400","1.9907","0.0016"
"138.4600","2.0708","0.0016"
"138.4800","2.1508","0.0017"
"138.5000","2.2307","0.0017"
"138.5200","2.3107","0.0017"
"138.5400","2.3907","0.0018"
"138.5600","2.4707","0.0018"
"138.5800","2.5506","0.0018"
"138.6000","2.6307","0.0018"
"138.6200","2.7107","0.0017"
"138.6400","2.7907","0.0016"
"138.6600","2.8708","0.0016"
"138.6800","2.9507","0.0017"
"138.6930","3.0027","0.0017"
"138.6940","3.0067","0.0017"
"138.6950","3.0106","0.0017"
"138.7150","3.0896","0.0015"
"138.7350","3.1540","0.0009"
"138.7550","3.1835","0.0008"
"138.7750","3.1705","0.0009"
"138.7950","3.1166","0.0012"
"138.8150","3.0384","0.0018"
"138.8350","2.9580","0.0018"
"138.8550","2.8803","0.0018"
"138.8750","2.8020","0.0017"
"138.8950","2.7212","0.0017"
"138.9150","2.6389","0.0018"
"138.9350","2.5568","0.0018"
"138.9550","2.4758","0.0017"
"138.9750","2.3956","0.0017"
"138.9950","2.3158","0.0017"
"139.0150","2.2359","0.0018"
"139.0350","2.1558","0.0018"
"139.0550","2.0757","0.0017"
"139.0750","1.9956","0.0016"
"139.0950","1.9156","0.0017"
"139.1150","1.8356","0.0017"
"139.1350","1.7556","0.0017"
"139.1550","1.6755","0.0018"
"139.1750","1.5955","0.0017"
"139.1950","1.5155","0.0017"
"139.2150","1.4355","0.0016"
"139.2350","1.3554","0.0017"
"139.2550","1.2755","0.0016"
"139.2750","1.1955","0.0016"
"139.2950","1.1155","0.0016"
"139.3150","1.0356","0.0017"
"139.3350","0.9556","0.0016"
"139.3550","0.8756","0.0017"
"139.3750","0.7955","0.0016"
"139.3950","0.7155","0.0016"
"139.4150","0.6354","0.0015"
"139.4350","0.5555","0.0015"
"139.4550","0.4755","0.0015"
"139.4750","0.3955","0.0014"
"139.4950","0.3156","0.0012"
"139.5150","0.2356","0.0007"
"139.5350","0.1555","0.0002"
"139.5490","0.0996","-0.0003"
"139.5500","0.0956","-0.0003"
"139.5510","0.0916","-0.0004"
"139.5710","0.0126","-0.0009"
"139.5910","-0.0516","-0.0010"
"139.6110","-0.0803","-0.0010"
"139.6310","-0.0656","-0.0006"
"139.6510","-0.0097","-0.0002"
"139.6710","0.0695","0.0001"
"139.6910","0.1503","0.0007"
"139.7110","0.2280","0.0013"
"139.7310","0.3061","0.0016"
"139.7510","0.3867","0.0017"
"139.7710","0.4688","0.0017"
"139.7910","0.5507","0.0017"
"139.8110","0.6317","0.0016"
"139.8310","0.7119","0.0016"
"139.8510","0.7917","0.0017"
"139.8710","0.8716","0.0017"
"139.8910","0.9517","0.0017"
"139.9110","1.0319","0.0018"
"139.9310","1.1120","0.0017"
"139.9510","1.1921","0.0017"
"139.9710","1.2720","0.0017"
"139.9910","1.3520","0.0016"
"140.0110","1.4319","0.0017"
"140.0310","1.5119","0.0018"
"140.0510","1.5919","0.0018"
"140.0710","1.6720","0.0017"
"140.0910","1.7520","0.0017"
"140.1110","1.8320","0.0017"
"140.1310","1.9120","0.0016"
"140.1510","1.9920","0.0016"
"140.1710","2.0720","0.0017"
"140.1910","2.1520","0.0017"
"140.2110","2.2320","0.0018"
"140.2310","2.3119","0.0017"
"140.2510","2.3919","0.0017"
"140.2710","2.4719","0.0017"
"140.2910","2.5519","0.0017"
"140.3110","2.6319","0.0017"
"140.3310","2.7119","0.0017"
"140.3510","2.7919","0.0017"
"140.3710","2.8720","0.0017"
"140.3910","2.9520","0.0017"
"140.4040","3.0040","0.0017"
"140.4050","3.0080","0.0017"
"140.4060","3.0120","0.0017"
"140.4260","3.0909","0.0015"
"140.4460","3.1553","0.0009"
"140.4660","3.1849","0.0009"
"140.4860","3.1718","0.0009"
"140.5060","3.1178","0.0013"
"140.5260","3.0396","0.0019"
"140.5460","2.9592","0.0019"
"140.5660","2.8816","0.0018"
"140.5860","2.8033","0.0018"
"140.6060","2.7225","0.0017"
"140.6260","2.6401","0.0017"
"140.6460","2.5581","0.0017"
"140.6660","2.4771","0.0017"
"140.6860","2.3969","0.0017"
"140.7060","2.3170","0.0017"
"140.7260","2.2371","0.0017"
"140.7460","2.1571","0.0017"
"140.7660","2.0769","0.0016"
"140.7860","1.9969","0.0016"
"140.8060","1.9168","0.0017"
"140.8260","1.8368","0.0017"
"140.8460","1.7568","0.0015"
"140.8660","1.6768","0.0015"
"140.8860","1.5967","0.0017"
"140.9060","1.5167","0.0018"
"140.9260","1.4367","0.0017"
"140.9460","1.3567","0.0016"
"140.9660","1.2767","0.0016"
"140.9860","1.1967","0.0017"
"141.0060","1.1168","0.0017"
"141.0260","1.0368","0.0016"
"141.0460","0.9568","0.0016"
"141.0660","0.8768","0.0016"
"141.0860","0.7968","0.0016"
"141.1060","0.7167","0.0017"
"141.1260","0.6367","0.0017"
"141.1460","0.5567","0.0016"
"141.1660","0.4768","0.0015"
"141.1860","0.3968","0.0014"
"141.2060","0.3169","0.0012"
"141.2260","0.2369","0.0008"
"141.2460","0.1568","0.0002"
"141.2610","0.0968","-0.0004"
"141.2620","0.0928","-0.0005"
"141.2630","0.0888","-0.0005"
"141.2830","0.0098","-0.0010"
"141.3030","-0.0544","-0.0010"
"141.3230","-0.0831","-0.0011"
"141.3430","-0.0684","-0.0007"
"141.3630","-0.0125","-0.0003"
"141.3830","0.0667","0.0000"
"141.4030","0.1474","0.0007"
"141.4230","0.2250","0.0013"
"141.4430","0.3031","0.0016"
"141.4630","0.3838","0.0017"
"141.4830","0.4660","0.0016"
"141.5030","0.5479","0.0017"
"141.5230","0.6289","0.0016"
"141.5430","0.7091","0.0017"
"141.5630","0.7889","0.0017"
"141.5830","0.8688","0.0017"
"141.6030","0.9489","0.0017"
"141.6230","1.0290","0.0018"
"141.6430","1.1092","0.0018"
"141.6630","1.1893","0.0018"
"141.6830","1.2692","0.0017"
"141.7030","1.3492","0.0017"
"141.7230","1.4291","0.0017"
"141.7430","1.5091","0.0018"
"141.7630","1.5891","0.0018"
"141.7830","1.6691","0.0017"
"141.8030","1.7492","0.0018"
"141.8230","1.8292","0.0017"
"141.8430","1.9092","0.0018"
"141.8630","1.9892","0.0018"
"141.8830","2.0692","0.0018"
"141.9030","2.1492","0.0018"
"141.9230","2.2291","0.0018"
"141.9430","2.3091","0.0017"
"141.9630","2.3890","0.0018"
"141.9830","2.4691","0.0018"
"142.0030","2.5491","0.0017"
"142.0230","2.6291","0.0016"
"142.0430","2.7091","0.0017"
"142.0630","2.7891","0.0017"
"142.0830","2.8692","0.0017"
"142.1030","2.9492","0.0018"
"142.1160","3.0012","0.0018"
"142.1170","3.0052","0.0018"
"142.1180","3.0092","0.0018"
"142.1380","3.0882","0.0015"
"142.1580","3.1525","0.0009"
"142.1780","3.1818","0.0009"
"142.1980","3.1686","0.0008"
"142.2180","3.1146","0.0011"
"142.2380","3.0363","0.0018"
"142.2580","2.9559","0.0018"
"142.2780","2.8783","0.0017"
"142.2980","2.8000","0.0017"
"142.3180","2.7192","0.0016"
"142.3380","2.6369","0.0016"
"142.3580","2.5548","0.0016"
"142.3780","2.4738","0.0016"
"142.3980","2.3936","0.0017"
"142.4180","2.3137","0.0016"
"142.4380","2.2338","0.0016"
"142.4580","2.1538","0.0017"
"142.4780","2.0737","0.0017"
"142.4980","1.9936","0.0017"
"142.5180","1.9136","0.0016"
"142.5380","1.8335","0.0016"
"142.5580","1.7535","0.0017"
"142.5780","1.6735","0.0017"
"142.5980","1.5934","0.0018"
"142.6180","1.5134","0.0016"
"142.6380","1.4334","0.0016"
"142.6580","1.3534","0.0017"
"142.6780","1.2734","0.0017"
"142.6980","1.1935","0.0017"
"142.7180","1.1135","0.0016"
"142.7380","1.0335","0.0017"
"142.7580","0.9535","0.0016"
"142.7780","0.8735","0.0017"
"142.7980","0.7935","0.0017"
"142.8180","0.7135","0.0017"
"142.8380","0.6334","0.0016"
"142.8580","0.5535","0.0016"
"142.8780","0.4735","0.0015"
"142.8980","0.3935","0.0014"
"142.9180","0.3136","0.0011"
"142.9380","0.2336","0.0006"
"142.9580","0.1536","0.0001"
"142.9720","0.0976","-0.0004"
"142.9730","0.0936","-0.0004"
"142.9740","0.0896","-0.0004"
"142.9940","0.0106","-0.0009"
"143.0140","-0.0536","-0.0009"
"143.0340","-0.0823","-0.0010"
"143.0540","-0.0676","-0.0007"
"143.0740","-0.0116","-0.0003"
"143.0940","0.0676","0.0000"
"143.1140","0.1483","0.0007"
"143.1340","0.2259","0.0013"
"143.1540","0.3040","0.0016"
"143.1740","0.3847","0.0016"
"143.1940","0.4669","0.0016"
"143.2140","0.5488","0.0017"
"143.2340","0.6298","0.0017"
"143.2540","0.7100","0.0017"
"143.2740","0.7898","0.0016"
"143.2940","0.8697","0.0016"
"143.3140","0.9498","0.0015"
"143.3340","1.0300","0.0017"
"143.3540","1.1101","0.0017"
"143.3740","1.1902","0.0017"
"143.3940","1.2702","0.0016"
"143.4140","1.3501","0.0017"
"143.4340","1.4300","0.0017"
"143.4540","1.5100","0.0017"
"143.4740","1.5901","0.0017"
"143.4940","1.6702","0.0016"
"143.5140","1.7502","0.0017"
"143.5340","1.8301","0.0018"
"143.5540","1.9101","0.0018"
"143.5740","1.9901","0.0018"
"143.5940","2.0701","0.0018"
"143.6140","2.1501","0.0018"
"143.6340","2.2301","0.0017"
"143.6540","2.3101","0.0017"
"143.6740","2.3901","0.0017"
"143.6940","2.4700","0.0017"
"143.7140","2.5500","0.0017"
"143.7340","2.6301","0.0017"
"143.7540","2.7101","0.0016"
"143.7740","2.7901","0.0016"
"143.7940","2.8701","0.0018"
"143.8140","2.9501","0.0018"
"143.8270","3.0020","0.0018"
"143.8280","3.0060","0.0018"
"143.8290","3.0100","0.0018"
"143.8490","3.0890","0.0015"
"143.8690","3.1534","0.0009"
"143.8890","3.1830","0.0009"
"143.9090","3.1701","0.0009"
"143.9290","3.1163","0.0012"
"143.9490","3.0383","0.0018"
"143.9690","2.9580","0.0018"
"143.9890","2.8803","0.0017"
"144.0090","2.8020","0.0017"
"144.0290","2.7211","0.0017"
"144.0490","2.6387","0.0017"
"144.0690","2.5566","0.0017"
"144.0890","2.4756","0.0017"
"144.1090","2.3955","0.0017"
"144.1290","2.3156","0.0017"
"144.1490","2.2357","0.0017"
"144.1690","2.1556","0.0018"
"144.1890","2.0755","0.0018"
"144.2090","1.9954","0.0017"
"144.2290","1.9154","0.0017"
"144.2490","1.8354","0.0016"
"144.2690","1.7554","0.0017"
"144.2890","1.6753","0.0017"
"144.3090","1.5952","0.0016"
"144.3290","1.5152","0.0016"
"144.3490","1.4352","0.0017"
"144.3690","1.3552","0.0018"
"144.3890","1.2753","0.0017"
"144.4090","1.1953","0.0016"
"144.4290","1.1153","0.0016"
"144.4490","1.0354","0.0017"
"144.4690","0.9554","0.0017"
"144.4890","0.8753","0.0016"
"144.5090","0.7953","0.0015"
"144.5290","0.7153","0.0015"
"144.5490","0.6352","0.0015"
"144.5690","0.5553","0.0015"
"144.5890","0.4753","0.0016"
"144.6090","0.3953","0.0015"
"144.6290","0.3154","0.0013"
"144.6490","0.2354","0.0008"
"144.6690","0.1554","0.0000"
"144.6830","0.0994","-0.0005"
"144.6840","0.0954","-0.0005"
"144.6850","0.0914","-0.0005"
"144.7050","0.0123","-0.0009"
"144.7250","-0.0519","-0.0009"
"144.7450","-0.0806","-0.0009"
"144.7650","-0.0659","-0.0006"
"144.7850","-0.0099","-0.0002"
"144.8050","0.0694","0.0000"
"144.8250","0.1502","0.0007"
"144.8450","0.2278","0.0012"
"144.8650","0.3059","0.0015"
"144.8850","0.3865","0.0017"
"144.9050","0.4687","0.0016"
"144.9250","0.5506","0.0016"
"144.9450","0.6316","0.0016"
"144.9650","0.7117","0.0016"
"144.9850","0.7915","0.0017"
"145.0050","0.8714","0.0016"
"145.0250","0.9515","0.0016"
"145.0450","1.0317","0.0017"
"145.0650","1.1118","0.0017"
"145.0850","1.1919","0.0017"
"145.1050","1.2719","0.0017"
"145.1250","1.3518","0.0017"
"145.1450","1.4317","0.0018"
"145.1650","1.5117","0.0018"
"145.1850","1.5918","0.0017"
"145.2050","1.6719","0.0017"
"145.2250","1.7519","0.0017"
"145.2450","1.8319","0.0018"
"145.2650","1.9118","0.0018"
"145.2850","1.9918","0.0017"
"145.3050","2.0718","0.0017"
"145.3250","2.1519","0.0017"
"145.3450","2.2318","0.0018"
"145.3650","2.3117","0.0017"
"145.3850","2.3917","0.0018"
"145.4050","2.4717","0.0017"
"145.4250","2.5517","0.0017"
"145.4450","2.6318","0.0017"
"145.4650","2.7118","0.0017"
"145.4850","2.7919","0.0017"
"145.5050","2.8719","0.0018"
"145.5250","2.9518","0.0018"
"145.5380","3.0038","0.0018"
"145.5390","3.0078","0.0018"
"145.5400","3.0118","0.0018"
"145.5600","3.0907","0.0014"
"145.5800","3.1551","0.0008"
"145.6000","3.1846","0.0008"
"145.6200","3.1714","0.0009"
"145.6400","3.1174","0.0012"
"145.6600","3.0392","0.0017"
"145.6800","2.9587","0.0017"
"145.7000","2.8811","0.0016"
"145.7200","2.8028","0.0016"
"145.7400","2.7220","0.0017"
"145.7600","2.6397","0.0017"
"145.7800","2.5577","0.0017"
"145.8000","2.4767","0.0016"
"145.8200","2.3965","0.0017"
"145.8400","2.3166","0.0016"
"145.8600","2.2367","0.0017"
"145.8800","2.1567","0.0017"
"145.9000","2.0765","0.0017"
"145.9200","1.9965","0.0018"
"145.9400","1.9164","0.0017"
"145.9600","1.8364","0.0017"
"145.9800","1.7564","0.0017"
"146.0000","1.6764","0.0018"
"146.0200","1.5963","0.0018"
"146.0400","1.5163","0.0019"
"146.0600","1.4363","0.0017"
"146.0800","1.3563","0.0016"
"146.1000","1.2763","0.0016"
"146.1200","1.1963","0.0016"
"146.1400","1.1164","0.0016"
"146.1600","1.0364","0.0017"
"146.1800","0.9564","0.0017"
"146.2000","0.8764","0.0017"
"146.2200","0.7964","0.0017"
"146.2400","0.7163","0.0016"
"146.2600","0.6363","0.0016"
"146.2800","0.5563","0.0016"
"146.3000","0.4764","0.0015"
"146.3200","0.3964","0.0015"
"146.3400","0.3164","0.0013"
"146.3600","0.2365","0.0009"
"146.3800","0.1564","0.0003"
"146.3950","0.0964","-0.0003"
"146.3960","0.0924","-0.0004"
"146.3970","0.0884","-0.0004"
"146.4170","0.0094","-0.0009"
"146.4370","-0.0547","-0.0010"
"146.4570","-0.0834","-0.0010"
"146.4770","-0.0686","-0.0006"
"146.4970","-0.0126","-0.0002"
"146.5170","0.0666","0.0000"
"146.5370","0.1474","0.0007"
"146.5570","0.2250","0.0013"
"146.5770","0.3031","0.0016"
"146.5970","0.3837","0.0016"
"146.6170","0.4659","0.0016"
"146.6370","0.5479","0.0017"
"146.6570","0.6289","0.0017"
"146.6770","0.7091","0.0017"
"146.6970","0.7889","0.0017"
"146.7170","0.8688","0.0018"
"146.7370","0.9489","0.0018"
"146.7570","1.0290","0.0018"
"146.7770","1.1091","0.0018"
"146.7970","1.1891","0.0017"
"146.8170","1.2691","0.0017"
"146.8370","1.3491","0.0017"
"146.8570","1.4291","0.0017"
"146.8770","1.5091","0.0017"
"146.8970","1.5891","0.0018"
"146.9170","1.6691","0.0018"
"146.9370","1.7491","0.0017"
"146.9570","1.8291","0.0018"
"146.9770","1.9091","0.0018"
"146.9970","1.9891","0.0018"
"147.0170","2.0692","0.0017"
"147.0370","2.1491","0.0018"
"147.0570","2.2291","0.0017"
"147.0770","2.3090","0.0017"
"147.0970","2.3890","0.0018"
"147.1170","2.4690","0.0017"
"147.1370","2.5490","0.0017"
"147.1570","2.6291","0.0016"
"147.1770","2.7091","0.0017"
"147.1970","2.7891","0.0017"
"147.2170","2.8691","0.0018"
"147.2370","2.9491","0.0018"
"147.2500","3.0010","0.0018"
"147.2510","3.0050","0.0018"
"147.2520","3.0090","0.0018"
"147.2720","3.0880","0.0014"
"147.2920","3.1524","0.0009"
"147.3120","3.1819","0.0008"
"147.3320","3.1689","0.0008"
"147.3520","3.1151","0.0012"
"147.3720","3.0369","0.0018"
"147.3920","2.9565","0.0019"
"147.4120","2.8789","0.0017"
"147.4320","2.8006","0.0016"
"147.4520","2.7198","0.0017"
"147.4720","2.6374","0.0017"
"147.4920","2.5554","0.0018"
"147.5120","2.4744","0.0017"
"147.5320","2.3942","0.0017"
"147.5520","2.3143","0.0017"
"147.5720","2.2344","0.0017"
"147.5920","2.1543","0.0017"
"147.6120","2.0742","0.0017"
"147.6320","1.9942","0.0017"
"147.6520","1.9141","0.0018"
"147.6720","1.8341","0.0016"
"147.6920","1.7541","0.0017"
"147.7120","1.6740","0.0017"
"147.7320","1.5940","0.0017"
"147.7520","1.5140","0.0017"
"147.7720","1.4340","0.0016"
"147.7920","1.3539","0.0016"
"147.8120","1.2740","0.0016"
"147.8320","1.1940","0.0016"
"147.8520","1.1140","0.0017"
"147.8720","1.0341","0.0016"
"147.8920","0.9541","0.0016"
"147.9120","0.8740","0.0016"
"147.9320","0.7940","0.0016"
"147.9520","0.7140","0.0017"
"147.9720","0.6339","0.0016"
"147.9920","0.5540","0.0015"
"148.0120","0.4740","0.0014"
"148.0320","0.3941","0.0014"
"148.0520","0.3141","0.0011"
"148.0720","0.2341","0.0007"
"148.0920","0.1541","0.0001"
"148.1060","0.0981","-0.0004"
"148.1070","0.0941","-0.0004"
"148.1080","0.0901","-0.0005"
"148.1280","0.0111","-0.0009"
"148.1480","-0.0531","-0.0009"
"148.1680","-0.0819","-0.0010"
"148.1880","-0.0671","-0.0007"
"148.2080","-0.0112","-0.0003"
"148.2280","0.0680","0.0000"
"148.2480","0.1488","0.0008"
"148.2680","0.2263","0.0014"
"148.2880","0.3044","0.0017"
"148.3080","0.3851","0.0017"
"148.3280","0.4673","0.0017"
"148.3480","0.5492","0.0016"
"148.3680","0.6303","0.0016"
"148.3880","0.7105","0.0016"
"148.4080","0.7903","0.0016"
"148.4280","0.8702","0.0016"
"148.4480","0.9503","0.0017"
"148.4680","1.0304","0.0017"
"148.4880","1.1105","0.0017"
"148.5080","1.1906","0.0018"
"148.5280","1.2706","0.0017"
"148.5480","1.3505","0.0016"
"148.5680","1.4304","0.0017"
"148.5880","1.5104","0.0017"
"148.6080","1.5905","0.0017"
"148.6280","1.6706","0.0017"
"148.6480","1.7506","0.0017"
"148.6680","1.8306","0.0017"
"148.6880","1.9105","0.0017"
"148.7080","1.9905","0.0017"
"148.7280","2.0705","0.0017"
"148.7480","2.1506","0.0017"
"148.7680","2.2305","0.0019"
"148.7880","2.3105","0.0018"
"148.8080","2.3905","0.0018"
"148.8280","2.4705","0.0018"
"148.8480","2.5505","0.0017"
"148.8680","2.6305","0.0016"
"148.8880","2.7105","0.0016"
"148.9080","2.7905","0.0017"
"148.9280","2.8706","0.0017"
"148.9480","2.9505","0.0018"
"148.9610","3.0025","0.0018"
"148.9620","3.0065","0.0018"
"148.9630","3.0105","0.0018"
"148.9830","3.0895","0.0014"
"149.0030","3.1539","0.0008"
"149.0230","3.1834","0.0007"
"149.0430","3.1704","0.0007"
"149.0630","3.1166","0.0012"
"149.0830","3.0385","0.0018"
"149.1030","2.9581","0.0017"
"149.1230","2.8805","0.0017"
"149.1430","2.8021","0.0017"
"149.1630","2.7214","0.0017"
"149.1830","2.6390","0.0017"
"149.2030","2.5569","0.0017"
"149.2230","2.4759","0.0016"
"149.2430","2.3957","0.0017"
"149.2630","2.3158","0.0017"
"149.2830","2.2359","0.0016"
"149.3030","2.1558","0.0016"
"149.3230","2.0757","0.0017"
"149.3430","1.9957","0.0017"
"149.3630","1.9156","0.0017"
"149.3830","1.8356","0.0017"
"149.4030","1.7556","0.0017"
"149.4230","1.6756","0.0016"
"149.4430","1.5955","0.0016"
"149.4630","1.5155","0.0017"
"149.4830","1.4355","0.0016"
"149.5030","1.3555","0.0016"
"149.5230","1.2755","0.0016"
"149.5430","1.1955","0.0016"
"149.5630","1.1156","0.0016"
"149.5830","1.0356","0.0016"
"149.6030","0.9556","0.0016"
"149.6230","0.8756","0.0015"
"149.6430","0.7956","0.0016"
"149.6630","0.7155","0.0015"
"149.6830","0.6355","0.0015"
"149.7030","0.5555","0.0015"
"149.7230","0.4756","0.0016"
"149.7430","0.3956","0.0015"
"149.7630","0.3156","0.0013"
"149.7830","0.2356","0.0007"
"149.8030","0.1556","0.0001"
"149.8170","0.0996","-0.0005"
"149.8180","0.0956","-0.0005"
"149.8190","0.0916","-0.0005"
"149.8390","0.0126","-0.0009"
"149.8590","-0.0515","-0.0009"
"149.8790","-0.0802","-0.0010"
"149.8990","-0.0653","-0.0007"
"149.9190","-0.0093","-0.0004"
"149.9390","0.0700","0.0000"
"149.9590","0.1508","0.0006"
"149.9790","0.2284","0.0012"
"149.9990","0.3065","0.0016"
"150.0190","0.3870","0.0017"
"150.0390","0.4692","0.0017"
"150.0590","0.5512","0.0017"
"150.0790","0.6322","0.0016"
"150.0990","0.7124","0.0016"
"150.1190","0.7922","0.0017"
"150.1390","0.8721","0.0017"
"150.1590","0.9522","0.0017"
"150.1790","1.0323","0.0018"
"150.1990","1.1124","0.0017"
"150.2190","1.1925","0.0017"
"150.2390","1.2724","0.0017"
"150.2590","1.3524","0.0017"
"150.2790","1.4324","0.0017"
"150.2990","1.5123","0.0017"
"150.3190","1.5924","0.0018"
"150.3390","1.6724","0.0018"
"150.3590","1.7524","0.0017"
"150.3790","1.8324","0.0016"
"150.3990","1.9125","0.0016"
"150.4190","1.9924","0.0017"
"150.4390","2.0724","0.0018"
"150.4590","2.1524","0.0018"
"150.4790","2.2324","0.0018"
"150.4990","2.3124","0.0018"
"150.5190","2.3924","0.0018"
"150.5390","2.4723","0.0017"
"150.5590","2.5523","0.0017"
"150.5790","2.6324","0.0017"
"150.5990","2.7124","0.0018"
"150.6190","2.7924","0.0018"
"150.6390","2.8725","0.0017"
"150.6590","2.9524","0.0017"
"150.6710","3.0004","0.0017"
"150.6720","3.0044","0.0017"
"150.6730","3.0084","0.0017"
"150.6930","3.0873","0.0014"
"150.7130","3.1517","0.0009"
"150.7330","3.1812","0.0008"
"150.7530","3.1681","0.0008"
"150.7730","3.1142","0.0012"
"150.7930","3.0361","0.0017"
"150.8130","2.9556","0.0017"
"150.8330","2.8779","0.0017"
"150.8530","2.7997","0.0016"
"150.8730","2.7189","0.0016"
"150.8930","2.6366","0.0017"
"150.9130","2.5545","0.0017"
"150.9330","2.4735","0.0017"
"150.9530","2.3933","0.0017"
"150.9730","2.3134","0.0017"
"150.9930","2.2335","0.0018"
"151.0130","2.1534","0.0017"
"151.0330","2.0733","0.0017"
"151.0530","1.9933","0.0017"
"151.0730","1.9133","0.0018"
"151.0930","1.8333","0.0018"
"151.1130","1.7533","0.0017"
"151.1330","1.6732","0.0017"
"151.1530","1.5931","0.0016"
"151.1730","1.5131","0.0016"
"151.1930","1.4331","0.0016"
"151.2130","1.3531","0.0016"
"151.2330","1.2731","0.0016"
"151.2530","1.1931","0.0016"
"151.2730","1.1132","0.0015"
"151.2930","1.0332","0.0016"
"151.3130","0.9532","0.0016"
"151.3330","0.8732","0.0016"
"151.3530","0.7932","0.0016"
"151.3730","0.7131","0.0016"
"151.3930","0.6330","0.0016"
"151.4130","0.5531","0.0015"
"151.4330","0.4731","0.0015"
"151.4530","0.3931","0.0014"
"151.4730","0.3132","0.0013"
"151.4930","0.2332","0.0008"
"151.5130","0.1532","0.0002"
"151.5270","0.0972","-0.0005"
"151.5280","0.0932","-0.0005"
"151.5290","0.0892","-0.0006"
"151.5490","0.0102","-0.0010"
"151.5690","-0.0540","-0.0010"
"151.5890","-0.0827","-0.0010"
"151.6090","-0.0680","-0.0006"
"151.6290","-0.0122","-0.0003"
"151.6490","0.0670","0.0000"
"151.6690","0.1477","0.0007"
"151.6890","0.2254","0.0013"
"151.7090","0.3035","0.0016"
"151.7290","0.3841","0.0016"
"151.7490","0.4663","0.0016"
"151.7690","0.5482","0.0016"
"151.7890","0.6293","0.0016"
"151.8090","0.7095","0.0016"
"151.8290","0.7893","0.0017"
"151.8490","0.8692","0.0017"
"151.8690","0.9493","0.0017"
"151.8890","1.0294","0.0017"
"151.9090","1.1095","0.0017"
"151.9290","1.1896","0.0018"
"151.9490","1.2696","0.0018"
"151.9690","1.3495","0.0017"
"151.9890","1.4295","0.0017"
"152.0090","1.5095","0.0018"
"152.0290","1.5895","0.0017"
"152.0490","1.6695","0.0017"
"152.0690","1.7495","0.0017"
"152.0890","1.8295","0.0018"
"152.1090","1.9095","0.0017"
"152.1290","1.9896","0.0017"
"152.1490","2.0696","0.0016"
"152.1690","2.1496","0.0017"
"152.1890","2.2295","0.0017"
"152.2090","2.3095","0.0017"
"152.2290","2.3895","0.0018"
"152.2490","2.4695","0.0018"
"152.2690","2.5495","0.0017"
"152.2890","2.6295","0.0017"
"152.3090","2.7096","0.0018"
"152.3290","2.7896","0.0018"
"152.3490","2.8696","0.0017"
"152.3690","2.9495","0.0017"
"152.3820","3.0015","0.0017"
"152.3830","3.0054","0.0017"
"152.3840","3.0094","0.0017"
"152.4040","3.0884","0.0014"
"152.4240","3.1528","0.0009"
"152.4440","3.1824","0.0009"
"152.4640","3.1693","0.0009"
"152.4840","3.1156","0.0013"
"152.5040","3.0375","0.0019"
"152.5240","2.9571","0.0018"
"152.5440","2.8795","0.0016"
"152.5640","2.8011","0.0016"
"152.5840","2.7203","0.0016"
"152.6040","2.6380","0.0016"
"152.6240","2.5559","0.0017"
"152.6440","2.4748","0.0017"
"152.6640","2.3946","0.0018"
"152.6840","2.3147","0.0017"
"152.7040","2.2348","0.0017"
"152.7240","2.1548","0.0018"
"152.7440","2.0747","0.0018"
"152.7640","1.9946","0.0018"
"152.7840","1.9146","0.0017"
"152.8040","1.8345","0.0017"
"152.8240","1.7545","0.0017"
"152.8440","1.6745","0.0017"
"152.8640","1.5944","0.0017"
"152.8840","1.5144","0.0016"
"152.9040","1.4344","0.0016"
"152.9240","1.3544","0.0017"
"152.9440","1.2745","0.0017"
"152.9640","1.1945","0.0017"
"152.9840","1.1145","0.0017"
"153.0040","1.0346","0.0016"
"153.0240","0.9546","0.0016"
"153.0440","0.8745","0.0016"
"153.0640","0.7945","0.0015"
"153.0840","0.7145","0.0015"
"153.1040","0.6344","0.0015"
"153.1240","0.5545","0.0015"
"153.1440","0.4745","0.0015"
"153.1640","0.3945","0.0014"
"153.1840","0.3146","0.0012"
"153.2040","0.2346","0.0007"
"153.2240","0.1545","0.0001"
"153.2380","0.0986","-0.0004"
"153.2390","0.0946","-0.0005"
"153.2400","0.0906","-0.0005"
"153.2600","0.0116","-0.0010"
"153.2800","-0.0527","-0.0009"
"153.3000","-0.0814","-0.0010"
"153.3200","-0.0667","-0.0007"
"153.3400","-0.0108","-0.0003"
"153.3600","0.0684","0.0000"
"153.3800","0.1492","0.0007"
"153.4000","0.2268","0.0013"
"153.4200","0.3049","0.0016"
"153.4400","0.3855","0.0017"
"153.4600","0.4676","0.0017"
"153.4800","0.5496","0.0017"
"153.5000","0.6306","0.0017"
"153.5200","0.7108","0.0017"
"153.5400","0.7907","0.0018"
"153.5600","0.8706","0.0018"
"153.5800","0.9507","0.0016"
"153.6000","1.0308","0.0017"
"153.6200","1.1109","0.0017"
"153.6400","1.1910","0.0018"
"153.6600","1.2709","0.0017"
"153.6800","1.3509","0.0017"
"153.7000","1.4308","0.0017"
"153.7200","1.5108","0.0017"
"153.7400","1.5908","0.0018"
"153.7600","1.6709","0.0018"
"153.7800","1.7509","0.0017"
"153.8000","1.8309","0.0018"
"153.8200","1.9109","0.0017"
"153.8400","1.9909","0.0017"
"153.8600","2.0709","0.0018"
"153.8800","2.1509","0.0017"
"153.9000","2.2309","0.0018"
"153.9200","2.3109","0.0018"
"153.9400","2.3909","0.0018"
"153.9600","2.4708","0.0017"
"153.9800","2.5509","0.0017"
"154.0000","2.6309","0.0017"
"154.0200","2.7109","0.0017"
"154.0400","2.7909","0.0016"
"154.0600","2.8709","0.0016"
"154.0800","2.9509","0.0017"
"154.0930","3.0029","0.0017"
"154.0940","3.0069","0.0017"
"154.0950","3.0109","0.0017"
"154.1150","3.0898","0.0014"
"154.1350","3.1542","0.0009"
"154.1550","3.1837","0.0007"
"154.1750","3.1706","0.0009"
"154.1950","3.1168","0.0012"
"154.2150","3.0387","0.0018"
"154.2350","2.9583","0.0018"
"154.2550","2.8806","0.0017"
"154.2750","2.8023","0.0017"
"154.2950","2.7215","0.0017"
"154.3150","2.6392","0.0018"
"154.3350","2.5571","0.0017"
"154.3550","2.4760","0.0016"
"154.3750","2.3958","0.0017"
"154.3950","2.3159","0.0017"
"154.4150","2.2360","0.0017"
"154.4350","2.1560","0.0017"
"154.4550","2.0759","0.0017"
"154.4750","1.9958","0.0017"
"154.4950","1.9158","0.0018"
"154.5150","1.8357","0.0017"
"154.5350","1.7557","0.0017"
"154.5550","1.6757","0.0017"
"154.5750","1.5956","0.0018"
"154.5950","1.5156","0.0016"
"154.6150","1.4356","0.0016"
"154.6350","1.3556","0.0016"
"154.6550","1.2756","0.0016"
"154.6750","1.1957","0.0017"
"154.6950","1.1157","0.0016"
"154.7150","1.0358","0.0016"
"154.7350","0.9558","0.0016"
"154.7550","0.8757","0.0016"
"154.7750","0.7957","0.0015"
"154.7950","0.7157","0.0015"
"154.8150","0.6356","0.0015"
"154.8350","0.5557","0.0015"
"154.8550","0.4757","0.0015"
"154.8750","0.3957","0.0013"
"154.8950","0.3158","0.0012"
"154.9150","0.2358","0.0008"
"154.9350","0.1558","0.0001"
"154.9490","0.0998","-0.0005"
"154.9500","0.0958","-0.0005"
"154.9510","0.0918","-0.0005"
"154.9710","0.0127","-0.0010"
"154.9910","-0.0515","-0.0010"
"155.0110","-0.0802","-0.0010"
"155.0310","-0.0655","-0.0006"
"155.0510","-0.0096","-0.0004"
"155.0710","0.0696","-0.0001"
"155.0910","0.1504","0.0006"
"155.1110","0.2280","0.0013"
"155.1310","0.3061","0.0016"
"155.1510","0.3867","0.0017"
"155.1710","0.4689","0.0016"
"155.1910","0.5508","0.0017"
"155.2110","0.6318","0.0017"
"155.2310","0.7120","0.0017"
"155.2510","0.7918","0.0016"
"155.2710","0.8718","0.0018"
"155.2910","0.9519","0.0017"
"155.3110","1.0320","0.0017"
"155.3310","1.1121","0.0017"
"155.3510","1.1922","0.0017"
"155.3710","1.2721","0.0017"
"155.3910","1.3521","0.0018"
"155.4110","1.4321","0.0017"
"155.4310","1.5120","0.0018"
"155.4510","1.5920","0.0018"
"155.4710","1.6721","0.0018"
"155.4910","1.7520","0.0017"
"155.5110","1.8321","0.0017"
"155.5310","1.9121","0.0016"
"155.5510","1.9921","0.0016"
"155.5710","2.0721","0.0016"
"155.5910","2.1521","0.0017"
"155.6110","2.2321","0.0017"
"155.6310","2.3121","0.0017"
"155.6510","2.3921","0.0017"
"155.6710","2.4720","0.0017"
"155.6910","2.5521","0.0017"
"155.7110","2.6321","0.0017"
"155.7310","2.7121","0.0017"
"155.7510","2.7921","0.0017"
"155.7710","2.8721","0.0017"
"155.7910","2.9521","0.0016"
"155.8030","3.0000","0.0016"
"155.8040","3.0040","0.0016"
"155.8050","3.0080","0.0016"
"155.8250","3.0870","0.0014"
"155.8450","3.1514","0.0008"
"155.8650","3.1810","0.0008"
"155.8850","3.1680","0.0008"
"155.9050","3.1142","0.0012"
"155.9250","3.0361","0.0017"
"155.9450","2.9557","0.0018"
"155.9650","2.8780","0.0018"
"155.9850","2.7998","0.0016"
"156.0050","2.7190","0.0016"
"156.0250","2.6366","0.0017"
"156.0450","2.5545","0.0018"
"156.0650","2.4735","0.0018"
"156.0850","2.3933","0.0018"
"156.1050","2.3134","0.0017"
"156.1250","2.2335","0.0016"
"156.1450","2.1534","0.0016"
"156.1650","2.0733","0.0016"
"156.1850","1.9933","0.0016"
"156.2050","1.9132","0.0017"
"156.2250","1.8332","0.0017"
"156.2450","1.7532","0.0017"
"156.2650","1.6731","0.0017"
"156.2850","1.5931","0.0016"
"156.3050","1.5131","0.0016"
"156.3250","1.4331","0.0016"
"156.3450","1.3531","0.0015"
"156.3650","1.2731","0.0015"
"156.3850","1.1931","0.0016"
"156.4050","1.1132","0.0016"
"156.4250","1.0332","0.0016"
"156.4450","0.9532","0.0016"
"156.4650","0.8732","0.0016"
"156.4850","0.7932","0.0015"
"156.5050","0.7131","0.0014"
"156.5250","0.6331","0.0014"
"156.5450","0.5531","0.0015"
"156.5650","0.4731","0.0014"
"156.5850","0.3932","0.0013"
"156.6050","0.3132","0.0011"
"156.6250","0.2332","0.0007"
"156.6450","0.1532","0.0000"
"156.6590","0.0972","-0.0005"
"156.6600","0.0932","-0.0006"
"156.6610","0.0892","-0.0006"
"156.6810","0.0102","-0.0011"
"156.7010","-0.0540","-0.0010"
"156.7210","-0.0828","-0.0010"
"156.7410","-0.0681","-0.0006"
"156.7610","-0.0123","-0.0004"
"156.7810","0.0669","-0.0001"
"156.8010","0.1476","0.0007"
"156.8210","0.2252","0.0013"
"156.8410","0.3033","0.0015"
"156.8610","0.3840","0.0016"
"156.8810","0.4661","0.0016"
"156.9010","0.5481","0.0015"
"156.9210","0.6291","0.0017"
"156.9410","0.7093","0.0018"
"156.9610","0.7892","0.0017"
"156.9810","0.8691","0.0017"
"157.0010","0.9491","0.0017"
"157.0210","1.0293","0.0017"
"157.0410","1.1094","0.0017"
"157.0610","1.1895","0.0017"
"157.0810","1.2694","0.0017"
"157.1010","1.3494","0.0017"
"157.1210","1.4293","0.0017"
"157.1410","1.5093","0.0017"
"157.1610","1.5893","0.0017"
"157.1810","1.6694","0.0017"
"157.2010","1.7493","0.0016"
"157.2210","1.8294","0.0016"
"157.2410","1.9094","0.0017"
"157.2610","1.9894","0.0017"
"157.2810","2.0694","0.0017"
"157.3010","2.1494","0.0017"
"157.3210","2.2294","0.0017"
"157.3410","2.3094","0.0017"
"157.3610","2.3894","0.0017"
"157.3810","2.4693","0.0017"
"157.4010","2.5494","0.0018"
"157.4210","2.6294","0.0018"
"157.4410","2.7094","0.0018"
"157.4610","2.7894","0.0016"
"157.4810","2.8694","0.0017"
"157.5010","2.9493","0.0017"
"157.5140","3.0013","0.0017"
"157.5150","3.0053","0.0017"
"157.5160","3.0093","0.0017"
"157.5360","3.0883","0.0015"
"157.5560","3.1526","0.0008"
"157.5760","3.1821","0.0008"
"157.5960","3.1690","0.0008"
"157.6160","3.1151","0.0012"
"157.6360","3.0370","0.0018"
"157.6560","2.9565","0.0018"
"157.6760","2.8788","0.0018"
"157.6960","2.8006","0.0017"
"157.7160","2.7198","0.0016"
"157.7360","2.6375","0.0017"
"157.7560","2.5554","0.0017"
"157.7760","2.4744","0.0016"
"157.7960","2.3942","0.0017"
"157.8160","2.3143","0.0018"
"157.8360","2.2344","0.0018"
"157.8560","2.1543","0.0017"
"157.8760","2.0742","0.0016"
"157.8960","1.9942","0.0015"
"157.9160","1.9141","0.0016"
"157.9360","1.8341","0.0017"
"157.9560","1.7541","0.0017"
"157.9760","1.6740","0.0017"
"157.9960","1.5940","0.0017"
"158.0160","1.5140","0.0017"
"158.0360","1.4340","0.0018"
"158.0560","1.3540","0.0017"
"158.0760","1.2740","0.0017"
"158.0960","1.1940","0.0017"
"158.1160","1.1141","0.0017"
"158.1360","1.0341","0.0015"
"158.1560","0.9541","0.0016"
"158.1760","0.8741","0.0017"
"158.1960","0.7941","0.0016"
"158.2160","0.7140","0.0015"
"158.2360","0.6340","0.0015"
"158.2560","0.5540","0.0015"
"158.2760","0.4741","0.0015"
"158.2960","0.3941","0.0014"
"158.3160","0.3141","0.0013"
"158.3360","0.2341","0.0008"
"158.3560","0.1541","0.0001"
"158.3700","0.0981","-0.0005"
"158.3710","0.0941","-0.0005"
"158.3720","0.0901","-0.0006"
"158.3920","0.0111","-0.0010"
"158.4120","-0.0531","-0.0010"
"158.4320","-0.0819","-0.0010"
"158.4520","-0.0672","-0.0007"
"158.4720","-0.0113","-0.0003"
"158.4920","0.0679","0.0001"
"158.5120","0.1486","0.0008"
"158.5320","0.2262","0.0014"
"158.5520","0.3043","0.0016"
"158.5720","0.3850","0.0017"
"158.5920","0.4671","0.0017"
"158.6120","0.5491","0.0017"
"158.6320","0.6301","0.0016"
"158.6520","0.7103","0.0017"
"158.6720","0.7901","0.0017"
"158.6920","0.8700","0.0017"
"158.7120","0.9501","0.0016"
"158.7320","1.0303","0.0017"
"158.7520","1.1104","0.0016"
"158.7720","1.1905","0.0017"
"158.7920","1.2704","0.0017"
"158.8120","1.3504","0.0017"
"158.8320","1.4304","0.0017"
"158.8520","1.5103","0.0017"
"158.8720","1.5903","0.0017"
"158.8920","1.6704","0.0017"
"158.9120","1.7504","0.0017"
"158.9320","1.8304","0.0017"
"158.9520","1.9104","0.0017"
"158.9720","1.9904","0.0017"
"158.9920","2.0704","0.0016"
"159.0120","2.1504","0.0016"
"159.0320","2.2304","0.0017"
"159.0520","2.3104","0.0017"
"159.0720","2.3904","0.0017"
"159.0920","2.4703","0.0017"
"159.1120","2.5503","0.0017"
"159.1320","2.6304","0.0017"
"159.1520","2.7104","0.0017"
"159.1720","2.7904","0.0017"
"159.1920","2.8704","0.0016"
"159.2120","2.9504","0.0016"
"159.2250","3.0023","0.0016"
"159.2260","3.0063","0.0016"
"159.2270","3.0103","0.0016"
"159.2470","3.0893","0.0014"
"159.2670","3.1537","0.0008"
"159.2870","3.1831","0.0008"
"159.3070","3.1700","0.0008"
"159.3270","3.1162","0.0012"
"159.3470","3.0381","0.0018"
"159.3670","2.9577","0.0018"
"159.3870","2.8800","0.0017"
"159.4070","2.8017","0.0016"
"159.4270","2.7210","0.0016"
"159.4470","2.6386","0.0018"
"159.4670","2.5565","0.0017"
"159.4870","2.4755","0.0016"
"159.5070","2.3953","0.0017"
"159.5270","2.3154","0.0016"
"159.5470","2.2355","0.0017"
"159.5670","2.1554","0.0017"
"159.5870","2.0753","0.0016"
"159.6070","1.9952","0.0016"
"159.6270","1.9152","0.0016"
"159.6470","1.8352","0.0017"
"159.6670","1.7551","0.0016"
"159.6870","1.6751","0.0016"
"159.7070","1.5951","0.0017"
"159.7270","1.5151","0.0017"
"159.7470","1.4350","0.0016"
"159.7670","1.3550","0.0016"
"159.7870","1.2751","0.0015"
"159.8070","1.1951","0.0016"
"159.8270","1.1151","0.0016"
"159.8470","1.0352","0.0016"
"159.8670","0.9552","0.0015"
"159.8870","0.8751","0.0015"
"159.9070","0.7951","0.0015"
"159.9270","0.7151","0.0015"
"159.9470","0.6350","0.0015"
"159.9670","0.5551","0.0015"
"159.9870","0.4751","0.0014"
"160.0070","0.3951","0.0014"
"160.0270","0.3151","0.0013"
"160.0470","0.2352","0.0009"
"160.0670","0.1551","0.0001"
"160.0810","0.0992","-0.0005"
"160.0820","0.0952","-0.0006"
"160.0830","0.0912","-0.0006"
"160.1030","0.0122","-0.0010"
"160.1230","-0.0520","-0.0009"
"160.1430","-0.0807","-0.0009"
"160.1630","-0.0660","-0.0005"
"160.1830","-0.0101","-0.0002"
"160.2030","0.0691","0.0000"
"160.2230","0.1498","0.0006"
"160.2430","0.2275","0.0012"
"160.2630","0.3056","0.0015"
"160.2830","0.3862","0.0016"
"160.3030","0.4684","0.0015"
"160.3230","0.5503","0.0015"
"160.3430","0.6313","0.0015"
"160.3630","0.7115","0.0016"
"160.3830","0.7913","0.0017"
"160.4030","0.8713","0.0017"
"160.4230","0.9514","0.0017"
"160.4430","1.0315","0.0017"
"160.4630","1.1117","0.0017"
"160.4830","1.1917","0.0017"
"160.5030","1.2717","0.0017"
"160.5230","1.3516","0.0018"
"160.5430","1.4316","0.0018"
"160.5630","1.5115","0.0018"
"160.5830","1.5915","0.0017"
"160.6030","1.6716","0.0016"
"160.6230","1.7516","0.0016"
"160.6430","1.8316","0.0017"
"160.6630","1.9117","0.0016"
"160.6830","1.9917","0.0017"
"160.7030","2.0716","0.0017"
"160.7230","2.1517","0.0018"
"160.7430","2.2316","0.0018"
"160.7630","2.3116","0.0017"
"160.7830","2.3916","0.0017"
"160.8030","2.4716","0.0017"
"160.8230","2.5516","0.0017"
"160.8430","2.6316","0.0017"
"160.8630","2.7116","0.0018"
"160.8830","2.7917","0.0017"
"160.9030","2.8717","0.0017"
"160.9230","2.9516","0.0017"
"160.9360","3.0036","0.0017"
"160.9370","3.0076","0.0017"
"160.9380","3.0116","0.0017"
"160.9580","3.0906","0.0014"
"160.9780","3.1549","0.0009"
"160.9980","3.1844","0.0007"
"161.0180","3.1712","0.0008"
"161.0380","3.1173","0.0011"
"161.0580","3.0391","0.0016"
"161.0780","2.9586","0.0018"
"161.0980","2.8809","0.0018"
"161.1180","2.8027","0.0018"
"161.1380","2.7220","0.0017"
"161.1580","2.6397","0.0017"
"161.1780","2.5576","0.0017"
"161.1980","2.4765","0.0017"
"161.2180","2.3963","0.0018"
"161.2380","2.3164","0.0017"
"161.2580","2.2365","0.0016"
"161.2780","2.1565","0.0016"
"161.2980","2.0764","0.0016"
"161.3180","1.9963","0.0017"
"161.3380","1.9163","0.0017"
"161.3580","1.8362","0.0016"
"161.3780","1.7562","0.0017"
"161.3980","1.6762","0.0017"
"161.4180","1.5961","0.0018"
"161.4380","1.5161","0.0017"
"161.4580","1.4361","0.0017"
"161.4780","1.3561","0.0017"
"161.4980","1.2761","0.0017"
"161.5180","1.1962","0.0017"
"161.5380","1.1162","0.0017"
"161.5580","1.0363","0.0017"
"161.5780","0.9563","0.0017"
"161.5980","0.8762","0.0016"
"161.6180","0.7962","0.0016"
"161.6380","0.7162","0.0016"
"161.6580","0.6361","0.0016"
"161.6780","0.5562","0.0015"
"161.6980","0.4762","0.0014"
"161.7180","0.3962","0.0013"
"161.7380","0.3162","0.0012"
"161.7580","0.2362","0.0008"
"161.7780","0.1562","0.0001"
"161.7930","0.0962","-0.0006"
"161.7940","0.0922","-0.0006"
"161.7950","0.0882","-0.0007"
"161.8150","0.0093","-0.0011"
"161.8350","-0.0550","-0.0011"
"161.8550","-0.0837","-0.0009"
"161.8750","-0.0691","-0.0006"
"161.8950","-0.0133","-0.0003"
"161.9150","0.0659","0.0000"
"161.9350","0.1466","0.0008"
"161.9550","0.2243","0.0013"
"161.9750","0.3024","0.0015"
"161.9950","0.3831","0.0016"
"162.0150","0.4653","0.0016"
"162.0350","0.5472","0.0017"
"162.0550","0.6282","0.0017"
"162.0750","0.7084","0.0017"
"162.0950","0.7882","0.0017"
"162.1150","0.8681","0.0017"
"162.1350","0.9482","0.0016"
"162.1550","1.0283","0.0017"
"162.1750","1.1084","0.0017"
"162.1950","1.1885","0.0017"
"162.2150","1.2685","0.0017"
"162.2350","1.3485","0.0017"
"162.2550","1.4284","0.0018"
"162.2750","1.5084","0.0018"
"162.2950","1.5884","0.0018"
"162.3150","1.6684","0.0018"
"162.3350","1.7484","0.0018"
"162.3550","1.8284","0.0018"
"162.3750","1.9085","0.0018"
"162.3950","1.9885","0.0018"
"162.4150","2.0685","0.0017"
"162.4350","2.1485","0.0017"
"162.4550","2.2284","0.0017"
"162.4750","2.3084","0.0017"
"162.4950","2.3884","0.0017"
"162.5150","2.4684","0.0016"
"162.5350","2.5484","0.0016"
"162.5550","2.6285","0.0017"
"162.5750","2.7085","0.0018"
"162.5950","2.7885","0.0017"
"162.6150","2.8685","0.0017"
"162.6350","2.9484","0.0017"
"162.6480","3.0004","0.0017"
"162.6490","3.0044","0.0017"
"162.6500","3.0084","0.0017"
"162.6700","3.0873","0.0014"
"162.6900","3.1518","0.0008"
"162.7100","3.1814","0.0007"
"162.7300","3.1685","0.0008"
"162.7500","3.1147","0.0012"
"162.7700","3.0366","0.0017"
"162.7900","2.9562","0.0017"
"162.8100","2.8785","0.0017"
"162.8300","2.8002","0.0018"
"162.8500","2.7195","0.0017"
"162.8700","2.6372","0.0017"
"162.8900","2.5550","0.0017"
"162.9100","2.4740","0.0017"
"162.9300","2.3938","0.0017"
"162.9500","2.3139","0.0017"
"162.9700","2.2340","0.0017"
"162.9900","2.1540","0.0016"
"163.0100","2.0739","0.0016"
"163.0300","1.9938","0.0017"
"163.0500","1.9138","0.0016"
"163.0700","1.8337","0.0016"
"163.0900","1.7537","0.0017"
"163.1100","1.6737","0.0017"
"163.1300","1.5936","0.0017"
"163.1500","1.5136","0.0017"
"163.1700","1.4336","0.0017"
"163.1900","1.3536","0.0016"
"163.2100","1.2736","0.0016"
"163.2300","1.1937","0.0016"
"163.2500","1.1137","0.0016"
"163.2700","1.0338","0.0016"
"163.2900","0.9538","0.0016"
"163.3100","0.8737","0.0016"
"163.3300","0.7937","0.0016"
"163.3500","0.7136","0.0015"
"163.3700","0.6336","0.0015"
"163.3900","0.5536","0.0015"
"163.4100","0.4737","0.0015"
"163.4300","0.3937","0.0014"
"163.4500","0.3137","0.0012"
"163.4700","0.2337","0.0008"
"163.4900","0.1537","0.0001"
"163.5040","0.0977","-0.0005"
"163.5050","0.0938","-0.0005"
"163.5060","0.0898","-0.0005"
"163.5260","0.0108","-0.0009"
"163.5460","-0.0535","-0.0009"
"163.5660","-0.0823","-0.0010"
"163.5860","-0.0677","-0.0007"
"163.6060","-0.0119","-0.0003"
"163.6260","0.0673","0.0000"
"163.6460","0.1480","0.0007"
"163.6660","0.2256","0.0013"
"163.6860","0.3038","0.0016"
"163.7060","0.3844","0.0017"
"163.7260","0.4665","0.0017"
"163.7460","0.5485","0.0017"
"163.7660","0.6295","0.0016"
"163.7860","0.7097","0.0015"
"163.8060","0.7895","0.0016"
"163.8260","0.8694","0.0016"
"163.8460","0.9495","0.0017"
"163.8660","1.0297","0.0017"
"163.8860","1.1098","0.0017"
"163.9060","1.1899","0.0017"
"163.9260","1.2698","0.0017"
"163.9460","1.3498","0.0017"
"163.9660","1.4297","0.0017"
"163.9860","1.5097","0.0017"
"164.0060","1.5897","0.0017"
"164.0260","1.6698","0.0018"
"164.0460","1.7498","0.0017"
"164.0660","1.8298","0.0017"
"164.0860","1.9098","0.0016"
"164.1060","1.9898","0.0017"
"164.1260","2.0698","0.0017"
"164.1460","2.1498","0.0017"
"164.1660","2.2298","0.0018"
"164.1860","2.3097","0.0018"
"164.2060","2.3897","0.0017"
"164.2260","2.4697","0.0016"
"164.2460","2.5498","0.0017"
"164.2660","2.6298","0.0017"
"164.2860","2.7097","0.0018"
"164.3060","2.7898","0.0018"
"164.3260","2.8698","0.0017"
"164.3460","2.9497","0.0017"
"164.3590","3.0017","0.0017"
"164.3600","3.0057","0.0017"
"164.3610","3.0097","0.0017"
"164.3810","3.0887","0.0015"
"164.4010","3.1530","0.0010"
"164.4210","3.1826","0.0009"
"164.4410","3.1695","0.0009"
"164.4610","3.1157","0.0011"
"164.4810","3.0375","0.0017"
"164.5010","2.9571","0.0018"
"164.5210","2.8794","0.0017"
"164.5410","2.8012","0.0016"
"164.5610","2.7205","0.0016"
"164.5810","2.6381","0.0018"
"164.6010","2.5560","0.0018"
"164.6210","2.4750","0.0018"
"164.6410","2.3948","0.0018"
"164.6610","2.3148","0.0017"
"164.6810","2.2350","0.0016"
"164.7010","2.1549","0.0016"
"164.7210","2.0748","0.0016"
"164.7410","1.9948","0.0017"
"164.7610","1.9147","0.0017"
"164.7810","1.8347","0.0017"
"164.8010","1.7547","0.0016"
"164.8210","1.6746","0.0017"
"164.8410","1.5946","0.0017"
"164.8610","1.5146","0.0017"
"164.8810","1.4345","0.0017"
"164.9010","1.3545","0.0017"
"164.9210","1.2746","0.0016"
"164.9410","1.1946","0.0016"
"164.9610","1.1147","0.0017"
"164.9810","1.0347","0.0017"
"165.0010","0.9547","0.0017"
"165.0210","0.8746","0.0016"
"165.0410","0.7946","0.0015"
"165.0610","0.7146","0.0016"
"165.0810","0.6346","0.0016"
"165.1010","0.5546","0.0014"
"165.1210","0.4746","0.0014"
"165.1410","0.3946","0.0014"
"165.1610","0.3147","0.0012"
"165.1810","0.2347","0.0008"
"165.2010","0.1547","0.0001"
"165.2150","0.0987","-0.0005"
"165.2160","0.0947","-0.0005"
"165.2170","0.0907","-0.0005"
"165.2370","0.0117","-0.0010"
"165.2570","-0.0525","-0.0010"
"165.2770","-0.0812","-0.0010"
"165.2970","-0.0665","-0.0006"
"165.3170","-0.0106","-0.0002"
"165.3370","0.0686","0.0000"
"165.3570","0.1493","0.0007"
"165.3770","0.2269","0.0013"
"165.3970","0.3051","0.0016"
"165.4170","0.3857","0.0017"
"165.4370","0.4679","0.0017"
"165.4570","0.5498","0.0017"
"165.4770","0.6309","0.0017"
"165.4970","0.7111","0.0017"
"165.5170","0.7909","0.0017"
"165.5370","0.8707","0.0016"
"165.5570","0.9508","0.0016"
"165.5770","1.0310","0.0017"
"165.5970","1.1112","0.0018"
"165.6170","1.1913","0.0018"
"165.6370","1.2712","0.0017"
"165.6570","1.3512","0.0017"
"165.6770","1.4311","0.0018"
"165.6970","1.5110","0.0017"
"165.7170","1.5911","0.0018"
"165.7370","1.6712","0.0017"
"165.7570","1.7512","0.0016"
"165.7770","1.8312","0.0017"
"165.7970","1.9112","0.0017"
"165.8170","1.9912","0.0018"
"165.8370","2.0712","0.0018"
"165.8570","2.1512","0.0018"
"165.8770","2.2311","0.0018"
"165.8970","2.3111","0.0017"
"165.9170","2.3911","0.0018"
"165.9370","2.4711","0.0018"
"165.9570","2.5511","0.0017"
"165.9770","2.6311","0.0017"
"165.9970","2.7112","0.0017"
"166.0170","2.7912","0.0017"
"166.0370","2.8712","0.0017"
"166.0570","2.9511","0.0017"
"166.0700","3.0031","0.0017"
"166.0710","3.0071","0.0017"
"166.0720","3.0111","0.0017"
"166.0920","3.0901","0.0014"
"166.1120","3.1544","0.0008"
"166.1320","3.1841","0.0008"
"166.1520","3.1711","0.0009"
"166.1720","3.1172","0.0013"
"166.1920","3.0391","0.0018"
"166.2120","2.9587","0.0018"
"166.2320","2.8811","0.0017"
"166.2520","2.8028","0.0017"
"166.2720","2.7220","0.0017"
"166.2920","2.6397","0.0016"
"166.3120","2.5575","0.0017"
"166.3320","2.4765","0.0017"
"166.3520","2.3963","0.0018"
"166.3720","2.3164","0.0017"
"166.3920","2.2365","0.0017"
"166.4120","2.1565","0.0017"
"166.4320","2.0763","0.0017"
"166.4520","1.9963","0.0017"
"166.4720","1.9163","0.0017"
"166.4920","1.8362","0.0016"
"166.5120","1.7562","0.0017"
"166.5320","1.6762","0.0017"
"166.5520","1.5961","0.0017"
"166.5720","1.5161","0.0017"
"166.5920","1.4361","0.0017"
"166.6120","1.3561","0.0017"
"166.6320","1.2761","0.0017"
"166.6520","1.1961","0.0017"
"166.6720","1.1162","0.0016"
"166.6920","1.0362","0.0017"
"166.7120","0.9562","0.0017"
"166.7320","0.8762","0.0016"
"166.7520","0.7962","0.0016"
"166.7720","0.7161","0.0016"
"166.7920","0.6361","0.0016"
"166.8120","0.5561","0.0015"
"166.8320","0.4762","0.0015"
"166.8520","0.3962","0.0015"
"166.8720","0.3162","0.0014"
"166.8920","0.2362","0.0008"
"166.9120","0.1562","0.0001"
"166.9270","0.0962","-0.0005"
"166.9280","0.0922","-0.0006"
"166.9290","0.0882","-0.0006"
"166.9490","0.0092","-0.0011"
"166.9690","-0.0550","-0.0010"
"166.9890","-0.0838","-0.0010"
"167.0090","-0.0691","-0.0006"
"167.0290","-0.0133","-0.0002"
"167.0490","0.0659","0.0000"
"167.0690","0.1466","0.0007"
"167.0890","0.2243","0.0013"
"167.1090","0.3024","0.0016"
"167.1290","0.3830","0.0017"
"167.1490","0.4651","0.0017"
"167.1690","0.5471","0.0017"
"167.1890","0.6281","0.0016"
"167.2090","0.7083","0.0016"
"167.2290","0.7881","0.0016"
"167.2490","0.8680","0.0017"
"167.2690","0.9481","0.0017"
"167.2890","1.0282","0.0017"
"167.3090","1.1084","0.0017"
"167.3290","1.1885","0.0017"
"167.3490","1.2685","0.0017"
"167.3690","1.3484","0.0018"
"167.3890","1.4283","0.0018"
"167.4090","1.5083","0.0017"
"167.4290","1.5883","0.0017"
"167.4490","1.6684","0.0017"
"167.4690","1.7485","0.0017"
"167.4890","1.8285","0.0017"
"167.5090","1.9085","0.0017"
"167.5290","1.9884","0.0018"
"167.5490","2.0684","0.0017"
"167.5690","2.1484","0.0016"
"167.5890","2.2284","0.0017"
"167.6090","2.3084","0.0017"
"167.6290","2.3883","0.0018"
"167.6490","2.4683","0.0018"
"167.6690","2.5483","0.0018"
"167.6890","2.6283","0.0017"
"167.7090","2.7083","0.0018"
"167.7290","2.7884","0.0018"
"167.7490","2.8684","0.0019"
"167.7690","2.9484","0.0019"
"167.7820","3.0004","0.0019"
"167.7830","3.0044","0.0019"
"167.7840","3.0084","0.0019"
"167.8040","3.0874","0.0015"
"167.8240","3.1517","0.0010"
"167.8440","3.1812","0.0008"
"167.8640","3.1681","0.0009"
"167.8840","3.1142","0.0012"
"167.9040","3.0360","0.0018"
"167.9240","2.9556","0.0017"
"167.9440","2.8779","0.0017"
"167.9640","2.7997","0.0017"
"167.9840","2.7189","0.0018"
"168.0040","2.6365","0.0018"
"168.0240","2.5544","0.0018"
"168.0440","2.4734","0.0017"
"168.0640","2.3932","0.0018"
"168.0840","2.3133","0.0017"
"168.1040","2.2334","0.0018"
"168.1240","2.1534","0.0017"
"168.1440","2.0733","0.0017"
"168.1640","1.9932","0.0015"
"168.1840","1.9132","0.0015"
"168.2040","1.8331","0.0016"
"168.2240","1.7531","0.0017"
"168.2440","1.6731","0.0018"
"168.2640","1.5930","0.0017"
"168.2840","1.5130","0.0017"
"168.3040","1.4330","0.0017"
"168.3240","1.3530","0.0017"
"168.3440","1.2730","0.0017"
"168.3640","1.1931","0.0017"
"168.3840","1.1131","0.0017"
"168.4040","1.0332","0.0017"
"168.4240","0.9531","0.0017"
"168.4440","0.8731","0.0016"
"168.4640","0.7931","0.0015"
"168.4840","0.7130","0.0015"
"168.5040","0.6330","0.0015"
"168.5240","0.5530","0.0016"
"168.5440","0.4731","0.0015"
"168.5640","0.3931","0.0015"
"168.5840","0.3131","0.0012"
"168.6040","0.2331","0.0008"
"168.6240","0.1531","0.0002"
"168.6380","0.0971","-0.0004"
"168.6390","0.0931","-0.0004"
"168.6400","0.0891","-0.0005"
"168.6600","0.0102","-0.0010"
"168.6800","-0.0540","-0.0010"
"168.7000","-0.0827","-0.0010"
"168.7200","-0.0680","-0.0006"
"168.7400","-0.0121","-0.0002"
"168.7600","0.0671","0.0000"
"168.7800","0.1478","0.0008"
"168.8000","0.2255","0.0013"
"168.8200","0.3037","0.0016"
"168.8400","0.3843","0.0017"
"168.8600","0.4664","0.0017"
"168.8800","0.5483","0.0017"
"168.9000","0.6293","0.0016"
"168.9200","0.7095","0.0016"
"168.9400","0.7893","0.0016"
"168.9600","0.8693","0.0017"
"168.9800","0.9494","0.0018"
"169.0000","1.0295","0.0018"
"169.0200","1.1096","0.0017"
"169.0400","1.1897","0.0017"
"169.0600","1.2697","0.0016"
"169.0800","1.3496","0.0017"
"169.1000","1.4295","0.0017"
"169.1200","1.5095","0.0017"
"169.1400","1.5895","0.0017"
"169.1600","1.6696","0.0017"
"169.1800","1.7496","0.0017"
"169.2000","1.8296","0.0017"
"169.2200","1.9097","0.0017"
"169.2400","1.9896","0.0017"
"169.2600","2.0696","0.0017"
"169.2800","2.1496","0.0017"
"169.3000","2.2296","0.0018"
"169.3200","2.3096","0.0018"
"169.3400","2.3896","0.0018"
"169.3600","2.4695","0.0017"
"169.3800","2.5495","0.0018"
"169.4000","2.6296","0.0018"
"169.4200","2.7096","0.0018"
"169.4400","2.7896","0.0018"
"169.4600","2.8697","0.0018"
"169.4800","2.9496","0.0018"
"169.4930","3.0016","0.0018"
"169.4940","3.0056","0.0018"
"169.4950","3.0096","0.0018"
"169.5150","3.0885","0.0014"
"169.5350","3.1529","0.0009"
"169.5550","3.1825","0.0008"
"169.5750","3.1695","0.0008"
"169.5950","3.1157","0.0011"
"169.6150","3.0376","0.0017"
"169.6350","2.9572","0.0018"
"169.6550","2.8796","0.0017"
"169.6750","2.8013","0.0016"
"169.6950","2.7205","0.0016"
"169.7150","2.6381","0.0017"
"169.7350","2.5560","0.0017"
"169.7550","2.4750","0.0017"
"169.7750","2.3948","0.0017"
"169.7950","2.3149","0.0017"
"169.8150","2.2350","0.0017"
"169.8350","2.1550","0.0018"
"169.8550","2.0748","0.0018"
"169.8750","1.9948","0.0016"
"169.8950","1.9148","0.0016"
"169.9150","1.8347","0.0017"
"169.9350","1.7547","0.0017"
"169.9550","1.6746","0.0016"
"169.9750","1.5946","0.0017"
"169.9950","1.5146","0.0017"
"170.0150","1.4346","0.0016"
"170.0350","1.3546","0.0016"
"170.0550","1.2746","0.0017"
"170.0750","1.1946","0.0016"
"170.0950","1.1147","0.0015"
"170.1150","1.0347","0.0015"
"170.1350","0.9547","0.0016"
"170.1550","0.8747","0.0016"
"170.1750","0.7946","0.0016"
"170.1950","0.7146","0.0015"
"170.2150","0.6346","0.0015"
"170.2350","0.5546","0.0015"
"170.2550","0.4746","0.0015"
"170.2750","0.3946","0.0015"
"170.2950","0.3147","0.0012"
"170.3150","0.2347","0.0008"
"170.3350","0.1547","0.0002"
"170.3490","0.0987","-0.0004"
"170.3500","0.0947","-0.0004"
"170.3510","0.0907","-0.0005"
"170.3710","0.0117","-0.0010"
"170.3910","-0.0525","-0.0011"
"170.4110","-0.0812","-0.0010"
"170.4310","-0.0665","-0.0007"
"170.4510","-0.0107","-0.0003"
"170.4710","0.0686","0.0000"
"170.4910","0.1492","0.0007"
"170.5110","0.2268","0.0013"
"170.5310","0.3050","0.0015"
"170.5510","0.3857","0.0016"
"170.5710","0.4679","0.0017"
"170.5910","0.5498","0.0017"
"170.6110","0.6308","0.0016"
"170.6310","0.7110","0.0016"
"170.6510","0.7908","0.0016"
"170.6710","0.8707","0.0017"
"170.6910","0.9508","0.0017"
"170.7110","1.0309","0.0017"
"170.7310","1.1111","0.0017"
"170.7510","1.1912","0.0018"
"170.7710","1.2711","0.0017"
"170.7910","1.3511","0.0018"
"170.8110","1.4310","0.0018"
"170.8310","1.5110","0.0017"
"170.8510","1.5910","0.0017"
"170.8710","1.6710","0.0017"
"170.8910","1.7511","0.0017"
"170.9110","1.8311","0.0018"
"170.9310","1.9111","0.0017"
"170.9510","1.9911","0.0017"
"170.9710","2.0711","0.0018"
"170.9910","2.1511","0.0017"
"171.0110","2.2311","0.0017"
"171.0310","2.3110","0.0017"
"171.0510","2.3910","0.0017"
"171.0710","2.4710","0.0017"
"171.0910","2.5510","0.0017"
"171.1110","2.6310","0.0017"
"171.1310","2.7110","0.0017"
"171.1510","2.7911","0.0018"
"171.1710","2.8711","0.0017"
"171.1910","2.9511","0.0017"
"171.2040","3.0030","0.0017"
"171.2050","3.0070","0.0018"
"171.2060","3.0110","0.0018"
"171.2260","3.0900","0.0015"
"171.2460","3.1543","0.0009"
"171.2660","3.1839","0.0008"
"171.2860","3.1708","0.0009"
"171.3060","3.1170","0.0012"
"171.3260","3.0388","0.0017"
"171.3460","2.9583","0.0018"
"171.3660","2.8807","0.0017"
"171.3860","2.8025","0.0016"
"171.4060","2.7217","0.0016"
"171.4260","2.6394","0.0017"
"171.4460","2.5573","0.0017"
"171.4660","2.4763","0.0017"
"171.4860","2.3961","0.0017"
"171.5060","2.3162","0.0017"
"171.5260","2.2363","0.0017"
"171.5460","2.1562","0.0017"
"171.5660","2.0761","0.0017"
"171.5860","1.9961","0.0017"
"171.6060","1.9160","0.0018"
"171.6260","1.8360","0.0017"
"171.6460","1.7560","0.0017"
"171.6660","1.6759","0.0016"
"171.6860","1.5959","0.0017"
"171.7060","1.5159","0.0017"
"171.7260","1.4358","0.0017"
"171.7460","1.3558","0.0017"
"171.7660","1.2759","0.0017"
"171.7860","1.1959","0.0017"
"171.8060","1.1159","0.0017"
"171.8260","1.0360","0.0016"
"171.8460","0.9560","0.0016"
"171.8660","0.8759","0.0017"
"171.8860","0.7959","0.0017"
"171.9060","0.7159","0.0015"
"171.9260","0.6358","0.0015"
"171.9460","0.5559","0.0015"
"171.9660","0.4759","0.0015"
"171.9860","0.3959","0.0013"
"172.0060","0.3159","0.0011"
"172.0260","0.2359","0.0008"
"172.0460","0.1559","0.0002"
"172.0600","0.1000","-0.0004"
"172.0610","0.0960","-0.0005"
"172.0620","0.0920","-0.0005"
"172.0820","0.0130","-0.0009"
"172.1020","-0.0511","-0.0009"
"172.1220","-0.0799","-0.0010"
"172.1420","-0.0651","-0.0006"
"172.1620","-0.0092","-0.0002"
"172.1820","0.0700","0.0001"
"172.2020","0.1507","0.0007"
"172.2220","0.2283","0.0012"
"172.2420","0.3065","0.0015"
"172.2620","0.3871","0.0016"
"172.2820","0.4693","0.0015"
"172.3020","0.5512","0.0015"
"172.3220","0.6322","0.0016"
"172.3420","0.7124","0.0017"
"172.3620","0.7922","0.0017"
"172.3820","0.8721","0.0017"
"172.4020","0.9522","0.0016"
"172.4220","1.0324","0.0017"
"172.4420","1.1125","0.0017"
"172.4620","1.1926","0.0017"
"172.4820","1.2725","0.0017"
"172.5020","1.3525","0.0018"
"172.5220","1.4325","0.0017"
"172.5420","1.5124","0.0018"
"172.5620","1.5924","0.0017"
"172.5820","1.6725","0.0017"
"172.6020","1.7525","0.0017"
"172.6220","1.8325","0.0017"
"172.6420","1.9125","0.0016"
"172.6620","1.9925","0.0017"
"172.6820","2.0725","0.0016"
"172.7020","2.1525","0.0017"
"172.7220","2.2325","0.0017"
"172.7420","2.3124","0.0016"
"172.7620","2.3924","0.0017"
"172.7820","2.4724","0.0017"
"172.8020","2.5524","0.0017"
"172.8220","2.6324","0.0017"
"172.8420","2.7125","0.0018"
"172.8620","2.7925","0.0018"
"172.8820","2.8725","0.0017"
"172.9020","2.9525","0.0017"
"172.9140","3.0005","0.0017"
"172.9150","3.0045","0.0017"
"172.9160","3.0084","0.0017"
"172.9360","3.0874","0.0014"
"172.9560","3.1518","0.0009"
"172.9760","3.1813","0.0009"
"172.9960","3.1683","0.0008"
"173.0160","3.1145","0.0011"
"173.0360","3.0364","0.0017"
"173.0560","2.9559","0.0017"
"173.0760","2.8782","0.0016"
"173.0960","2.8000","0.0017"
"173.1160","2.7192","0.0017"
"173.1360","2.6369","0.0018"
"173.1560","2.5548","0.0017"
"173.1760","2.4738","0.0017"
"173.1960","2.3936","0.0017"
"173.2160","2.3137","0.0017"
"173.2360","2.2338","0.0017"
"173.2560","2.1538","0.0017"
"173.2760","2.0736","0.0016"
"173.2960","1.9936","0.0016"
"173.3160","1.9135","0.0017"
"173.3360","1.8335","0.0017"
"173.3560","1.7535","0.0017"
"173.3760","1.6735","0.0017"
"173.3960","1.5934","0.0017"
"173.4160","1.5134","0.0017"
"173.4360","1.4334","0.0016"
"173.4560","1.3534","0.0017"
"173.4760","1.2734","0.0017"
"173.4960","1.1934","0.0017"
"173.5160","1.1135","0.0017"
"173.5360","1.0335","0.0016"
"173.5560","0.9535","0.0017"
"173.5760","0.8734","0.0017"
"173.5960","0.7934","0.0017"
"173.6160","0.7134","0.0016"
"173.6360","0.6334","0.0015"
"173.6560","0.5534","0.0015"
"173.6760","0.4734","0.0014"
"173.6960","0.3935","0.0013"
"173.7160","0.3135","0.0010"
"173.7360","0.2335","0.0007"
"173.7560","0.1535","0.0001"
"173.7700","0.0975","-0.0004"
"173.7710","0.0935","-0.0004"
"173.7720","0.0895","-0.0005"
"173.7920","0.0105","-0.0009"
"173.8120","-0.0537","-0.0010"
"173.8320","-0.0824","-0.0009"
"173.8520","-0.0676","-0.0006"
"173.8720","-0.0116","-0.0004"
"173.8920","0.0676","0.0000"
"173.9120","0.1483","0.0008"
"173.9320","0.2259","0.0013"
"173.9520","0.3040","0.0015"
"173.9720","0.3848","0.0016"
"173.9920","0.4670","0.0015"
"174.0120","0.5489","0.0016"
"174.0320","0.6299","0.0017"
"174.0520","0.7100","0.0017"
"174.0720","0.7898","0.0018"
"174.0920","0.8698","0.0017"
"174.1120","0.9499","0.0017"
"174.1320","1.0300","0.0017"
"174.1520","1.1101","0.0017"
"174.1720","1.1902","0.0017"
"174.1920","1.2701","0.0016"
"174.2120","1.3501","0.0016"
"174.2320","1.4301","0.0017"
"174.2520","1.5101","0.0018"
"174.2720","1.5901","0.0018"
"174.2920","1.6701","0.0017"
"174.3120","1.7501","0.0017"
"174.3320","1.8301","0.0016"
"174.3520","1.9101","0.0017"
"174.3720","1.9901","0.0017"
"174.3920","2.0701","0.0017"
"174.4120","2.1501","0.0016"
"174.4320","2.2301","0.0017"
"174.4520","2.3100","0.0017"
"174.4720","2.3900","0.0018"
"174.4920","2.4700","0.0017"
"174.5120","2.5500","0.0017"
"174.5320","2.6300","0.0017"
"174.5520","2.7100","0.0017"
"174.5720","2.7901","0.0017"
"174.5920","2.8701","0.0018"
"174.6120","2.9501","0.0018"
"174.6250","3.0021","0.0018"
"174.6260","3.0061","0.0017"
"174.6270","3.0101","0.0017"
"174.6470","3.0890","0.0014"
"174.6670","3.1534","0.0009"
"174.6870","3.1829","0.0008"
"174.7070","3.1699","0.0008"
"174.7270","3.1161","0.0012"
"174.7470","3.0380","0.0017"
"174.7670","2.9576","0.0017"
"174.7870","2.8799","0.0018"
"174.8070","2.8017","0.0017"
"174.8270","2.7209","0.0017"
"174.8470","2.6385","0.0017"
"174.8670","2.5564","0.0018"
"174.8870","2.4754","0.0017"
"174.9070","2.3952","0.0018"
"174.9270","2.3153","0.0017"
"174.9470","2.2354","0.0017"
"174.9670","2.1553","0.0016"
"174.9870","2.0752","0.0016"
"175.0070","1.9952","0.0016"
"175.0270","1.9151","0.0017"
"175.0470","1.8351","0.0017"
"175.0670","1.7551","0.0016"
"175.0870","1.6750","0.0016"
"175.1070","1.5950","0.0016"
"175.1270","1.5150","0.0017"
"175.1470","1.4350","0.0016"
"175.1670","1.3550","0.0016"
"175.1870","1.2750","0.0016"
"175.2070","1.1950","0.0016"
"175.2270","1.1151","0.0017"
"175.2470","1.0351","0.0016"
"175.2670","0.9551","0.0017"
"175.2870","0.8750","0.0016"
"175.3070","0.7950","0.0015"
"175.3270","0.7150","0.0014"
"175.3470","0.6350","0.0015"
"175.3670","0.5550","0.0016"
"175.3870","0.4750","0.0015"
"175.4070","0.3950","0.0014"
"175.4270","0.3151","0.0013"
"175.4470","0.2351","0.0009"
"175.4670","0.1551","0.0002"
"175.4810","0.0991","-0.0005"
"175.4820","0.0951","-0.0005"
"175.4830","0.0911","-0.0006"
"175.5030","0.0121","-0.0010"
"175.5230","-0.0521","-0.0010"
"175.5430","-0.0809","-0.0010"
"175.5630","-0.0661","-0.0007"
"175.5830","-0.0103","-0.0003"
"175.6030","0.0689","0.0000"
"175.6230","0.1496","0.0007"
"175.6430","0.2271","0.0013"
"175.6630","0.3053","0.0015"
"175.6830","0.3861","0.0016"
"175.7030","0.4683","0.0016"
"175.7230","0.5502","0.0016"
"175.7430","0.6312","0.0016"
"175.7630","0.7114","0.0016"
"175.7830","0.7912","0.0016"
"175.8030","0.8711","0.0017"
"175.8230","0.9512","0.0017"
"175.8430","1.0313","0.0017"
"175.8630","1.1114","0.0017"
"175.8830","1.1915","0.0018"
"175.9030","1.2715","0.0018"
"175.9230","1.3514","0.0018"
"175.9430","1.4314","0.0017"
"175.9630","1.5114","0.0017"
"175.9830","1.5914","0.0018"
"176.0030","1.6714","0.0017"
"176.0230","1.7514","0.0017"
"176.0430","1.8314","0.0017"
"176.0630","1.9115","0.0017"
"176.0830","1.9915","0.0017"
"176.1030","2.0715","0.0017"
"176.1230","2.1515","0.0017"
"176.1430","2.2315","0.0017"
"176.1630","2.3114","0.0017"
"176.1830","2.3914","0.0017"
"176.2030","2.4714","0.0016"
"176.2230","2.5513","0.0016"
"176.2430","2.6314","0.0017"
"176.2630","2.7114","0.0018"
"176.2830","2.7914","0.0018"
"176.3030","2.8715","0.0017"
"176.3230","2.9514","0.0017"
"176.3360","3.0034","0.0017"
"176.3370","3.0074","0.0017"
"176.3380","3.0114","0.0017"
"176.3580","3.0904","0.0014"
"176.3780","3.1547","0.0009"
"176.3980","3.1841","0.0008"
"176.4180","3.1709","0.0008"
"176.4380","3.1170","0.0012"
"176.4580","3.0387","0.0018"
"176.4780","2.9582","0.0019"
"176.4980","2.8805","0.0017"
"176.5180","2.8023","0.0016"
"176.5380","2.7216","0.0017"
"176.5580","2.6393","0.0017"
"176.5780","2.5572","0.0017"
"176.5980","2.4762","0.0017"
"176.6180","2.3960","0.0017"
"176.6380","2.3161","0.0017"
"176.6580","2.2362","0.0017"
"176.6780","2.1562","0.0016"
"176.6980","2.0761","0.0017"
"176.7180","1.9960","0.0017"
"176.7380","1.9160","0.0017"
"176.7580","1.8359","0.0016"
"176.7780","1.7559","0.0016"
"176.7980","1.6759","0.0017"
"176.8180","1.5958","0.0017"
"176.8380","1.5158","0.0015"
"176.8580","1.4358","0.0015"
"176.8780","1.3558","0.0016"
"176.8980","1.2758","0.0016"
"176.9180","1.1959","0.0015"
"176.9380","1.1159","0.0016"
"176.9580","1.0359","0.0015"
"176.9780","0.9559","0.0016"
"176.9980","0.8759","0.0016"
"177.0180","0.7959","0.0016"
"177.0380","0.7158","0.0017"
"177.0580","0.6358","0.0016"
"177.0780","0.5558","0.0015"
"177.0980","0.4759","0.0014"
"177.1180","0.3959","0.0014"
"177.1380","0.3160","0.0013"
"177.1580","0.2359","0.0009"
"177.1780","0.1559","0.0002"
"177.1920","0.0999","-0.0004"
"177.1930","0.0959","-0.0004"
"177.1940","0.0919","-0.0004"
"177.2140","0.0129","-0.0010"
"177.2340","-0.0513","-0.0009"
"177.2540","-0.0799","-0.0010"
"177.2740","-0.0651","-0.0007"
"177.2940","-0.0092","-0.0003"
"177.3140","0.0700","0.0000"
"177.3340","0.1507","0.0007"
"177.3540","0.2282","0.0013"
"177.3740","0.3063","0.0017"
"177.3940","0.3871","0.0017"
"177.4140","0.4694","0.0016"
"177.4340","0.5513","0.0016"
"177.4540","0.6323","0.0017"
"177.4740","0.7125","0.0017"
"177.4940","0.7923","0.0017"
"177.5140","0.8722","0.0017"
"177.5340","0.9523","0.0017"
"177.5540","1.0324","0.0018"
"177.5740","1.1125","0.0017"
"177.5940","1.1926","0.0017"
"177.6140","1.2726","0.0017"
"177.6340","1.3525","0.0018"
"177.6540","1.4325","0.0017"
"177.6740","1.5125","0.0017"
"177.6940","1.5925","0.0017"
"177.7140","1.6725","0.0017"
"177.7340","1.7525","0.0017"
"177.7540","1.8325","0.0017"
"177.7740","1.9126","0.0017"
"177.7940","1.9926","0.0018"
"177.8140","2.0726","0.0017"
"177.8340","2.1526","0.0018"
"177.8540","2.2325","0.0017"
"177.8740","2.3125","0.0017"
"177.8940","2.3925","0.0017"
"177.9140","2.4724","0.0017"
"177.9340","2.5524","0.0018"
"177.9540","2.6325","0.0017"
"177.9740","2.7125","0.0018"
"177.9940","2.7925","0.0019"
"178.0140","2.8725","0.0019"
"178.0340","2.9525","0.0018"
"178.0460","3.0005","0.0018"
"178.0470","3.0045","0.0018"
"178.0480","3.0085","0.0018"
"178.0680","3.0875","0.0014"
"178.0880","3.1519","0.0009"
"178.1080","3.1814","0.0008"
"178.1280","3.1684","0.0008"
"178.1480","3.1146","0.0012"
"178.1680","3.0364","0.0018"
"178.1880","2.9560","0.0019"
"178.2080","2.8783","0.0017"
"178.2280","2.8001","0.0016"
"178.2480","2.7193","0.0016"
"178.2680","2.6370","0.0017"
"178.2880","2.5549","0.0017"
"178.3080","2.4738","0.0017"
"178.3280","2.3937","0.0017"
"178.3480","2.3138","0.0017"
"178.3680","2.2339","0.0016"
"178.3880","2.1539","0.0017"
"178.4080","2.0737","0.0016"
"178.4280","1.9937","0.0016"
"178.4480","1.9136","0.0016"
"178.4680","1.8336","0.0016"
"178.4880","1.7536","0.0016"
"178.5080","1.6735","0.0016"
"178.5280","1.5935","0.0017"
"178.5480","1.5135","0.0017"
"178.5680","1.4335","0.0016"
"178.5880","1.3535","0.0017"
"178.6080","1.2735","0.0017"
"178.6280","1.1935","0.0017"
"178.6480","1.1136","0.0016"
"178.6680","1.0336","0.0016"
"178.6880","0.9536","0.0016"
"178.7080","0.8735","0.0016"
"178.7280","0.7935","0.0016"
"178.7480","0.7135","0.0016"
"178.7680","0.6335","0.0016"
"178.7880","0.5535","0.0016"
"178.8080","0.4735","0.0015"
"178.8280","0.3936","0.0014"
"178.8480","0.3136","0.0012"
"178.8680","0.2336","0.0008"
"178.8880","0.1536","0.0001"
"178.9020","0.0976","-0.0004"
"178.9030","0.0936","-0.0005"
"178.9040","0.0896","-0.0005"
"178.9240","0.0106","-0.0009"
"178.9440","-0.0536","-0.0010"
"178.9640","-0.0824","-0.0009"
"178.9840","-0.0677","-0.0005"
"179.0040","-0.0119","-0.0003"
"179.0240","0.0673","0.0000"
"179.0440","0.1480","0.0006"
"179.0640","0.2256","0.0011"
"179.0840","0.3037","0.0014"
"179.1040","0.3845","0.0016"
"179.1240","0.4667","0.0016"
"179.1440","0.5486","0.0016"
"179.1640","0.6295","0.0016"
"179.1840","0.7097","0.0016"
"179.2040","0.7896","0.0016"
"179.2240","0.8695","0.0016"
"179.2440","0.9496","0.0017"
"179.2640","1.0297","0.0016"
"179.2840","1.1098","0.0016"
"179.3040","1.1899","0.0017"
"179.3240","1.2698","0.0018"
"179.3440","1.3498","0.0018"
"179.3640","1.4298","0.0017"
"179.3840","1.5098","0.0017"
"179.4040","1.5898","0.0017"
"179.4240","1.6698","0.0017"
"179.4440","1.7498","0.0017"
"179.4640","1.8298","0.0018"
"179.4840","1.9098","0.0018"
"179.5040","1.9898","0.0017"
"179.5240","2.0698","0.0016"
"179.5440","2.1498","0.0017"
"179.5640","2.2298","0.0017"
"179.5840","2.3098","0.0018"
"179.6040","2.3898","0.0018"
"179.6240","2.4698","0.0018"
"179.6440","2.5497","0.0018"
"179.6640","2.6298","0.0017"
"179.6840","2.7098","0.0017"
"179.7040","2.7898","0.0017"
"179.7240","2.8699","0.0017"
"179.7440","2.9498","0.0018"
"179.7570","3.0018","0.0018"
"179.7580","3.0058","0.0018"
"179.7590","3.0098","0.0018"
"179.7790","3.0888","0.0015"
"179.7990","3.1531","0.0010"
"179.8190","3.1825","0.0009"
"179.8390","3.1694","0.0009"
"179.8590","3.1156","0.0011"
"179.8790","3.0375","0.0017"
"179.8990","2.9571","0.0017"
"179.9190","2.8793","0.0017"
"179.9390","2.8011","0.0017"
"179.9590","2.7203","0.0018"
"179.9790","2.6380","0.0018"
"179.9990","2.5559","0.0017"
"180.0190","2.4749","0.0017"
"180.0390","2.3947","0.0017"
"180.0590","2.3148","0.0017"
"180.0790","2.2349","0.0017"
"180.0990","2.1548","0.0016"
"180.1190","2.0747","0.0016"
"180.1390","1.9947","0.0017"
"180.1590","1.9146","0.0017"
"180.1790","1.8346","0.0018"
"180.1990","1.7546","0.0018"
"180.2190","1.6745","0.0017"
"180.2390","1.5945","0.0017"
"180.2590","1.5145","0.0017"
"180.2790","1.4344","0.0016"
"180.2990","1.3544","0.0016"
"180.3190","1.2745","0.0015"
"180.3390","1.1945","0.0017"
"180.3590","1.1145","0.0017"
"180.3790","1.0346","0.0017"
"180.3990","0.9546","0.0016"
"180.4190","0.8745","0.0015"
"180.4390","0.7945","0.0015"
"180.4590","0.7145","0.0015"
"180.4790","0.6344","0.0016"
"180.4990","0.5545","0.0015"
"180.5190","0.4745","0.0014"
"180.5390","0.3945","0.0013"
"180.5590","0.3146","0.0011"
"180.5790","0.2346","0.0007"
"180.5990","0.1546","0.0000"
"180.6130","0.0986","-0.0005"
"180.6140","0.0946","-0.0005"
"180.6150","0.0906","-0.0006"
"180.6350","0.0116","-0.0011"
"180.6550","-0.0526","-0.0010"
"180.6750","-0.0812","-0.0010"
"180.6950","-0.0664","-0.0006"
"180.7150","-0.0104","-0.0002"
"180.7350","0.0688","0.0001"
"180.7550","0.1496","0.0007"
"180.7750","0.2271","0.0013"
"180.7950","0.3052","0.0015"
"180.8150","0.3859","0.0017"
"180.8350","0.4682","0.0018"
"180.8550","0.5501","0.0017"
"180.8750","0.6311","0.0017"
"180.8950","0.7113","0.0016"
"180.9150","0.7911","0.0017"
"180.9350","0.8710","0.0017"
"180.9550","0.9511","0.0017"
"180.9750","1.0312","0.0017"
"180.9950","1.1113","0.0017"
"181.0150","1.1914","0.0017"
"181.0350","1.2714","0.0018"
"181.0550","1.3513","0.0018"
"181.0750","1.4313","0.0017"
"181.0950","1.5113","0.0018"
"181.1150","1.5913","0.0017"
"181.1350","1.6713","0.0017"
"181.1550","1.7513","0.0018"
"181.1750","1.8313","0.0018"
"181.1950","1.9114","0.0017"
"181.2150","1.9913","0.0018"
"181.2350","2.0713","0.0017"
"181.2550","2.1513","0.0017"
"181.2750","2.2313","0.0017"
"181.2950","2.3113","0.0017"
"181.3150","2.3913","0.0018"
"181.3350","2.4713","0.0018"
"181.3550","2.5513","0.0017"
"181.3750","2.6313","0.0016"
"181.3950","2.7113","0.0016"
"181.4150","2.7914","0.0017"
"181.4350","2.8714","0.0018"
"181.4550","2.9513","0.0018"
"181.4680","3.0033","0.0018"
"181.4690","3.0073","0.0018"
"181.4700","3.0113","0.0018"
"181.4900","3.0902","0.0015"
"181.5100","3.1546","0.0010"
"181.5300","3.1841","0.0009"
"181.5500","3.1711","0.0009"
"181.5700","3.1173","0.0013"
"181.5900","3.0392","0.0017"
"181.6100","2.9588","0.0018"
"181.6300","2.8811","0.0018"
"181.6500","2.8029","0.0017"
"181.6700","2.7222","0.0017"
"181.6900","2.6398","0.0016"
"181.7100","2.5576","0.0017"
"181.7300","2.4765","0.0018"
"181.7500","2.3963","0.0018"
"181.7700","2.3164","0.0017"
"181.7900","2.2365","0.0017"
"181.8100","2.1565","0.0017"
"181.8300","2.0764","0.0017"
"181.8500","1.9963","0.0016"
"181.8700","1.9163","0.0017"
"181.8900","1.8363","0.0017"
"181.9100","1.7562","0.0017"
"181.9300","1.6762","0.0017"
"181.9500","1.5962","0.0017"
"181.9700","1.5162","0.0017"
"181.9900","1.4361","0.0017"
"182.0100","1.3561","0.0017"
"182.0300","1.2762","0.0017"
"182.0500","1.1962","0.0017"
"182.0700","1.1162","0.0017"
"182.0900","1.0363","0.0017"
"182.1100","0.9563","0.0017"
"182.1300","0.8762","0.0016"
"182.1500","0.7962","0.0016"
"182.1700","0.7162","0.0015"
"182.1900","0.6361","0.0016"
"182.2100","0.5562","0.0015"
"182.2300","0.4762","0.0015"
"182.2500","0.3962","0.0013"
"182.2700","0.3163","0.0012"
"182.2900","0.2363","0.0007"
"182.3100","0.1562","0.0001"
"182.3250","0.0963","-0.0005"
"182.3260","0.0923","-0.0005"
"182.3270","0.0883","-0.0006"
"182.3470","0.0093","-0.0010"
"182.3670","-0.0549","-0.0010"
"182.3870","-0.0837","-0.0009"
"182.4070","-0.0690","-0.0006"
"182.4270","-0.0132","-0.0002"
"182.4470","0.0660","0.0000"
"182.4670","0.1467","0.0007"
"182.4870","0.2243","0.0013"
"182.5070","0.3023","0.0016"
"182.5270","0.3830","0.0018"
"182.5470","0.4653","0.0017"
"182.5670","0.5473","0.0018"
"182.5870","0.6282","0.0017"
"182.6070","0.7084","0.0017"
"182.6270","0.7882","0.0017"
"182.6470","0.8682","0.0017"
"182.6670","0.9482","0.0018"
"182.6870","1.0284","0.0018"
"182.7070","1.1085","0.0018"
"182.7270","1.1886","0.0018"
"182.7470","1.2685","0.0018"
"182.7670","1.3485","0.0018"
"182.7870","1.4285","0.0018"
"182.8070","1.5084","0.0017"
"182.8270","1.5884","0.0017"
"182.8470","1.6685","0.0018"
"182.8670","1.7485","0.0018"
"182.8870","1.8285","0.0017"
"182.9070","1.9085","0.0017"
"182.9270","1.9885","0.0017"
"182.9470","2.0685","0.0017"
"182.9670","2.1485","0.0017"
"182.9870","2.2285","0.0017"
"183.0070","2.3085","0.0017"
"183.0270","2.3885","0.0017"
"183.0470","2.4684","0.0017"
"183.0670","2.5484","0.0017"
"183.0870","2.6284","0.0018"
"183.1070","2.7085","0.0018"
"183.1270","2.7885","0.0018"
"183.1470","2.8685","0.0016"
"183.1670","2.9485","0.0017"
"183.1800","3.0005","0.0017"
"183.1810","3.0045","0.0017"
"183.1820","3.0085","0.0016"
"183.2020","3.0874","0.0014"
"183.2220","3.1518","0.0009"
"183.2420","3.1813","0.0008"
"183.2620","3.1683","0.0008"
"183.2820","3.1145","0.0012"
"183.3020","3.0364","0.0018"
"183.3220","2.9560","0.0017"
"183.3420","2.8783","0.0017"
"183.3620","2.8001","0.0017"
"183.3820","2.7194","0.0017"
"183.4020","2.6370","0.0017"
"183.4220","2.5548","0.0018"
"183.4420","2.4738","0.0017"
"183.4620","2.3936","0.0018"
"183.4820","2.3137","0.0017"
"183.5020","2.2338","0.0017"
"183.5220","2.1537","0.0017"
"183.5420","2.0736","0.0017"
"183.5620","1.9936","0.0018"
"183.5820","1.9135","0.0018"
"183.6020","1.8335","0.0017"
"183.6220","1.7535","0.0017"
"183.6420","1.6734","0.0016"
"183.6620","1.5934","0.0017"
"183.6820","1.5134","0.0017"
"183.7020","1.4333","0.0017"
"183.7220","1.3533","0.0017"
"183.7420","1.2734","0.0017"
"183.7620","1.1934","0.0018"
"183.7820","1.1135","0.0017"
"183.8020","1.0335","0.0017"
"183.8220","0.9535","0.0016"
"183.8420","0.8734","0.0017"
"183.8620","0.7934","0.0017"
"183.8820","0.7134","0.0017"
"183.9020","0.6334","0.0016"
"183.9220","0.5534","0.0015"
"183.9420","0.4734","0.0014"
"183.9620","0.3935","0.0013"
"183.9820","0.3135","0.0011"
"184.0020","0.2335","0.0007"
"184.0220","0.1535","0.0001"
"184.0360","0.0975","-0.0005"
"184.0370","0.0935","-0.0005"
"184.0380","0.0895","-0.0005"
"184.0580","0.0105","-0.0010"
"184.0780","-0.0537","-0.0010"
"184.0980","-0.0824","-0.0008"
"184.1180","-0.0678","-0.0007"
"184.1380","-0.0119","-0.0004"
"184.1580","0.0673","-0.0001"
"184.1780","0.1481","0.0007"
"184.1980","0.2257","0.0014"
"184.2180","0.3038","0.0017"
"184.2380","0.3844","0.0018"
"184.2580","0.4666","0.0018"
"184.2780","0.5486","0.0017"
"184.2980","0.6296","0.0016"
"184.3180","0.7097","0.0016"
"184.3380","0.7896","0.0017"
"184.3580","0.8695","0.0018"
"184.3780","0.9496","0.0018"
"184.3980","1.0297","0.0018"
"184.4180","1.1098","0.0016"
"184.4380","1.1899","0.0017"
"184.4580","1.2698","0.0017"
"184.4780","1.3498","0.0017"
"184.4980","1.4298","0.0017"
"184.5180","1.5097","0.0018"
"184.5380","1.5898","0.0017"
"184.5580","1.6698","0.0017"
"184.5780","1.7498","0.0018"
"184.5980","1.8298","0.0018"
"184.6180","1.9098","0.0017"
"184.6380","1.9898","0.0018"
"184.6580","2.0698","0.0018"
"184.6780","2.1498","0.0018"
"184.6980","2.2298","0.0018"
"184.7180","2.3098","0.0018"
"184.7380","2.3898","0.0018"
"184.7580","2.4698","0.0018"
"184.7780","2.5497","0.0017"
"184.7980","2.6297","0.0017"
"184.8180","2.7098","0.0017"
"184.8380","2.7899","0.0017"
"184.8580","2.8699","0.0017"
"184.8780","2.9499","0.0017"
"184.8910","3.0018","0.0017"
"184.8920","3.0058","0.0017"
"184.8930","3.0098","0.0017"
"184.9130","3.0887","0.0015"
"184.9330","3.1531","0.0010"
"184.9530","3.1826","0.0009"
"184.9730","3.1695","0.0009"
"184.9930","3.1157","0.0012"
"185.0130","3.0376","0.0018"
"185.0330","2.9573","0.0018"
"185.0530","2.8796","0.0016"
"185.0730","2.8013","0.0015"
"185.0930","2.7206","0.0017"
"185.1130","2.6382","0.0018"
"185.1330","2.5561","0.0018"
"185.1530","2.4750","0.0017"
"185.1730","2.3948","0.0018"
"185.1930","2.3149","0.0018"
"185.2130","2.2350","0.0018"
"185.2330","2.1550","0.0017"
"185.2530","2.0749","0.0016"
"185.2730","1.9948","0.0017"
"185.2930","1.9148","0.0018"
"185.3130","1.8347","0.0017"
"185.3330","1.7547","0.0017"
"185.3530","1.6747","0.0016"
"185.3730","1.5946","0.0017"
"185.3930","1.5146","0.0017"
"185.4130","1.4346","0.0017"
"185.4330","1.3546","0.0017"
"185.4530","1.2747","0.0017"
"185.4730","1.1947","0.0017"
"185.4930","1.1147","0.0017"
"185.5130","1.0348","0.0017"
"185.5330","0.9548","0.0016"
"185.5530","0.8747","0.0017"
"185.5730","0.7947","0.0017"
"185.5930","0.7146","0.0017"
"185.6130","0.6346","0.0016"
"185.6330","0.5547","0.0016"
"185.6530","0.4747","0.0015"
"185.6730","0.3947","0.0014"
"185.6930","0.3147","0.0013"
"185.7130","0.2348","0.0009"
"185.7330","0.1548","0.0002"
"185.7470","0.0988","-0.0004"
"185.7480","0.0948","-0.0004"
"185.7490","0.0908","-0.0005"
"185.7690","0.0118","-0.0010"
"185.7890","-0.0524","-0.0009"
"185.8090","-0.0811","-0.0009"
"185.8290","-0.0664","-0.0006"
"185.8490","-0.0105","-0.0002"
"185.8690","0.0687","0.0001"
"185.8890","0.1493","0.0007"
"185.9090","0.2269","0.0012"
"185.9290","0.3050","0.0016"
"185.9490","0.3857","0.0017"
"185.9690","0.4680","0.0017"
"185.9890","0.5500","0.0017"
"186.0090","0.6310","0.0016"
"186.0290","0.7111","0.0017"
"186.0490","0.7910","0.0018"
"186.0690","0.8709","0.0018"
"186.0890","0.9510","0.0018"
"186.1090","1.0311","0.0018"
"186.1290","1.1112","0.0018"
"186.1490","1.1913","0.0018"
"186.1690","1.2713","0.0018"
"186.1890","1.3512","0.0018"
"186.2090","1.4312","0.0018"
"186.2290","1.5112","0.0018"
"186.2490","1.5912","0.0018"
"186.2690","1.6712","0.0018"
"186.2890","1.7513","0.0017"
"186.3090","1.8313","0.0016"
"186.3290","1.9113","0.0017"
"186.3490","1.9913","0.0017"
"186.3690","2.0713","0.0017"
"186.3890","2.1513","0.0017"
"186.4090","2.2312","0.0018"
"186.4290","2.3112","0.0018"
"186.4490","2.3912","0.0018"
"186.4690","2.4712","0.0017"
"186.4890","2.5511","0.0018"
"186.5090","2.6312","0.0018"
"186.5290","2.7112","0.0018"
"186.5490","2.7913","0.0017"
"186.5690","2.8713","0.0017"
"186.5890","2.9512","0.0017"
"186.6020","3.0032","0.0018"
"186.6030","3.0072","0.0018"
"186.6040","3.0112","0.0018"
"186.6240","3.0902","0.0016"
"186.6440","3.1545","0.0011"
"186.6640","3.1840","0.0010"
"186.6840","3.1708","0.0009"
"186.7040","3.1169","0.0012"
"186.7240","3.0387","0.0018"
"186.7440","2.9583","0.0018"
"186.7640","2.8806","0.0017"
"186.7840","2.8024","0.0017"
"186.8040","2.7217","0.0018"
"186.8240","2.6394","0.0018"
"186.8440","2.5572","0.0018"
"186.8640","2.4762","0.0018"
"186.8840","2.3960","0.0017"
"186.9040","2.3161","0.0017"
"186.9240","2.2362","0.0017"
"186.9440","2.1562","0.0017"
"186.9640","2.0761","0.0017"
"186.9840","1.9960","0.0018"
"187.0040","1.9160","0.0017"
"187.0240","1.8359","0.0017"
"187.0440","1.7559","0.0017"
"187.0640","1.6759","0.0018"
"187.0840","1.5958","0.0017"
"187.1040","1.5158","0.0016"
"187.1240","1.4358","0.0016"
"187.1440","1.3558","0.0018"
"187.1640","1.2758","0.0018"
"187.1840","1.1958","0.0018"
"187.2040","1.1159","0.0017"
"187.2240","1.0360","0.0016"
"187.2440","0.9559","0.0015"
"187.2640","0.8759","0.0016"
"187.2840","0.7959","0.0016"
"187.3040","0.7158","0.0017"
"187.3240","0.6358","0.0016"
"187.3440","0.5558","0.0016"
"187.3640","0.4759","0.0016"
"187.3840","0.3959","0.0014"
"187.4040","0.3159","0.0013"
"187.4240","0.2359","0.0008"
"187.4440","0.1559","0.0002"
"187.4580","0.0999","-0.0004"
"187.4590","0.0959","-0.0004"
"187.4600","0.0919","-0.0004"
"187.4800","0.0129","-0.0009"
"187.5000","-0.0512","-0.0009"
"187.5200","-0.0799","-0.0010"
"187.5400","-0.0652","-0.0006"
"187.5600","-0.0093","-0.0003"
"187.5800","0.0699","0.0000"
"187.6000","0.1507","0.0006"
"187.6200","0.2283","0.0013"
"187.6400","0.3064","0.0016"
"187.6600","0.3870","0.0017"
"187.6800","0.4693","0.0017"
"187.7000","0.5512","0.0017"
"187.7200","0.6322","0.0017"
"187.7400","0.7124","0.0017"
"187.7600","0.7922","0.0017"
"187.7800","0.8721","0.0017"
"187.8000","0.9522","0.0018"
"187.8200","1.0324","0.0018"
"187.8400","1.1125","0.0017"
"187.8600","1.1925","0.0017"
"187.8800","1.2725","0.0017"
"187.9000","1.3525","0.0018"
"187.9200","1.4325","0.0017"
"187.9400","1.5124","0.0018"
"187.9600","1.5924","0.0018"
"187.9800","1.6725","0.0019"
"188.0000","1.7525","0.0018"
"188.0200","1.8325","0.0018"
"188.0400","1.9125","0.0018"
"188.0600","1.9925","0.0017"
"188.0800","2.0725","0.0018"
"188.1000","2.1525","0.0018"
"188.1200","2.2325","0.0018"
"188.1400","2.3125","0.0018"
"188.1600","2.3925","0.0018"
"188.1800","2.4724","0.0018"
"188.2000","2.5524","0.0018"
"188.2200","2.6324","0.0017"
"188.2400","2.7124","0.0018"
"188.2600","2.7925","0.0018"
"188.2800","2.8725","0.0018"
"188.3000","2.9525","0.0018"
"188.3120","3.0004","0.0018"
"188.3130","3.0044","0.0018"
"188.3140","3.0084","0.0018"
"188.3340","3.0874","0.0015"
"188.3540","3.1517","0.0009"
"188.3740","3.1812","0.0009"
"188.3940","3.1682","0.0009"
"188.4140","3.1144","0.0012"
"188.4340","3.0362","0.0018"
"188.4540","2.9558","0.0017"
"188.4740","2.8781","0.0017"
"188.4940","2.7998","0.0018"
"188.5140","2.7191","0.0018"
"188.5340","2.6368","0.0018"
"188.5540","2.5546","0.0018"
"188.5740","2.4736","0.0017"
"188.5940","2.3934","0.0017"
"188.6140","2.3136","0.0017"
"188.6340","2.2337","0.0017"
"188.6540","2.1536","0.0018"
"188.6740","2.0735","0.0018"
"188.6940","1.9934","0.0017"
"188.7140","1.9134","0.0017"
"188.7340","1.8334","0.0017"
"188.7540","1.7533","0.0017"
"188.7740","1.6733","0.0017"
"188.7940","1.5932","0.0018"
"188.8140","1.5132","0.0018"
"188.8340","1.4332","0.0018"
"188.8540","1.3532","0.0016"
"188.8740","1.2733","0.0017"
"188.8940","1.1933","0.0018"
"188.9140","1.1133","0.0017"
"188.9340","1.0334","0.0017"
"188.9540","0.9534","0.0017"
"188.9740","0.8733","0.0016"
"188.9940","0.7933","0.0016"
"189.0140","0.7132","0.0016"
"189.0340","0.6332","0.0016"
"189.0540","0.5533","0.0016"
"189.0740","0.4733","0.0016"
"189.0940","0.3933","0.0016"
"189.1140","0.3133","0.0014"
"189.1340","0.2333","0.0008"
"189.1540","0.1533","0.0002"
"189.1680","0.0973","-0.0005"
"189.1690","0.0933","-0.0005"
"189.1700","0.0893","-0.0006"
"189.1900","0.0104","-0.0011"
"189.2100","-0.0538","-0.0009"
"189.2300","-0.0825","-0.0009"
"189.2500","-0.0678","-0.0005"
"189.2700","-0.0120","-0.0002"
"189.2900","0.0672","0.0001"
"189.3100","0.1479","0.0008"
"189.3300","0.2255","0.0014"
"189.3500","0.3036","0.0017"
"189.3700","0.3843","0.0018"
"189.3900","0.4665","0.0017"
"189.4100","0.5485","0.0017"
"189.4300","0.6294","0.0017"
"189.4500","0.7096","0.0017"
"189.4700","0.7895","0.0017"
"189.4900","0.8694","0.0017"
"189.5100","0.9495","0.0017"
"189.5300","1.0296","0.0018"
"189.5500","1.1097","0.0017"
"189.5700","1.1898","0.0018"
"189.5900","1.2697","0.0017"
"189.6100","1.3497","0.0017"
"189.6300","1.4297","0.0018"
"189.6500","1.5097","0.0018"
"189.6700","1.5897","0.0017"
"189.6900","1.6697","0.0018"
"189.7100","1.7497","0.0018"
"189.7300","1.8297","0.0018"
"189.7500","1.9097","0.0017"
"189.7700","1.9897","0.0018"
"189.7900","2.0697","0.0018"
"189.8100","2.1498","0.0017"
"189.8300","2.2297","0.0019"
"189.8500","2.3097","0.0018"
"189.8700","2.3897","0.0018"
"189.8900","2.4696","0.0018"
"189.9100","2.5496","0.0018"
"189.9300","2.6296","0.0018"
"189.9500","2.7097","0.0017"
"189.9700","2.7898","0.0018"
"189.9900","2.8698","0.0018"
"190.0100","2.9497","0.0018"
"190.0230","3.0017","0.0018"
"190.0240","3.0057","0.0018"
"190.0250","3.0097","0.0018"
"190.0450","3.0886","0.0015"
"190.0650","3.1529","0.0010"
"190.0850","3.1826","0.0009"
"190.1050","3.1696","0.0009"
"190.1250","3.1158","0.0012"
"190.1450","3.0367","0.0019"
"190.1650","2.9553","0.0019"
"190.1850","2.8777","0.0018"
"190.2050","2.8001","0.0017"
"190.2250","2.7201","0.0017"
"190.2450","2.6382","0.0018"
"190.2650","2.5562","0.0019"
"190.2850","2.4751","0.0019"
"190.3050","2.3948","0.0019"
"190.3250","2.3149","0.0019"
"190.3450","2.2351","0.0018"
"190.3650","2.1551","0.0017"
"190.3850","2.0750","0.0017"
"190.4050","1.9949","0.0017"
"190.4250","1.9149","0.0018"
"190.4450","1.8349","0.0018"
"190.4650","1.7549","0.0017"
"190.4850","1.6748","0.0017"
"190.5050","1.5948","0.0018"
"190.5250","1.5148","0.0017"
"190.5450","1.4347","0.0017"
"190.5650","1.3547","0.0016"
"190.5850","1.2748","0.0017"
"190.6050","1.1948","0.0018"
"190.6250","1.1148","0.0017"
"190.6450","1.0349","0.0017"
"190.6650","0.9549","0.0017"
"190.6850","0.8748","0.0017"
"190.7050","0.7948","0.0016"
"190.7250","0.7148","0.0016"
"190.7450","0.6347","0.0015"
"190.7650","0.5548","0.0016"
"190.7850","0.4748","0.0016"
"190.8050","0.3949","0.0014"
"190.8250","0.3149","0.0012"
"190.8450","0.2349","0.0007"
"190.8650","0.1549","0.0001"
"190.8790","0.0989","-0.0004"
"190.8800","0.0949","-0.0005"
"190.8810","0.0909","-0.0005"
"190.9010","0.0119","-0.0010"
"190.9210","-0.0523","-0.0010"
"190.9410","-0.0809","-0.0009"
"190.9610","-0.0662","-0.0006"
"190.9810","-0.0102","-0.0003"
"191.0010","0.0690","0.0000"
"191.0210","0.1498","0.0007"
"191.0410","0.2274","0.0013"
"191.0610","0.3055","0.0016"
"191.0810","0.3861","0.0017"
"191.1010","0.4683","0.0017"
"191.1210","0.5503","0.0017"
"191.1410","0.6313","0.0017"
"191.1610","0.7114","0.0017"
"191.1810","0.7913","0.0017"
"191.2010","0.8712","0.0017"
"191.2210","0.9513","0.0017"
"191.2410","1.0314","0.0018"
"191.2610","1.1115","0.0017"
"191.2810","1.1916","0.0017"
"191.3010","1.2715","0.0017"
"191.3210","1.3515","0.0017"
"191.3410","1.4315","0.0018"
"191.3610","1.5114","0.0018"
"191.3810","1.5914","0.0017"
"191.4010","1.6715","0.0017"
"191.4210","1.7515","0.0017"
"191.4410","1.8315","0.0017"
"191.4610","1.9115","0.0017"
"191.4810","1.9915","0.0016"
"191.5010","2.0715","0.0017"
"191.5210","2.1515","0.0017"
"191.5410","2.2315","0.0018"
"191.5610","2.3115","0.0018"
"191.5810","2.3915","0.0018"
"191.6010","2.4714","0.0018"
"191.6210","2.5514","0.0018"
"191.6410","2.6314","0.0018"
"191.6610","2.7115","0.0018"
"191.6810","2.7915","0.0017"
"191.7010","2.8716","0.0018"
"191.7210","2.9515","0.0018"
"191.7340","3.0035","0.0017"
"191.7350","3.0075","0.0017"
"191.7360","3.0115","0.0017"
"191.7560","3.0904","0.0014"
"191.7760","3.1548","0.0009"
"191.7960","3.1844","0.0009"
"191.8160","3.1714","0.0009"
"191.8360","3.1175","0.0012"
"191.8560","3.0394","0.0018"
"191.8760","2.9590","0.0018"
"191.8960","2.8813","0.0017"
"191.9160","2.8030","0.0018"
"191.9360","2.7223","0.0018"
"191.9560","2.6400","0.0017"
"191.9760","2.5578","0.0017"
"191.9960","2.4768","0.0017"
"192.0160","2.3966","0.0017"
"192.0360","2.3167","0.0017"
"192.0560","2.2368","0.0017"
"192.0760","2.1568","0.0018"
"192.0960","2.0767","0.0018"
"192.1160","1.9966","0.0017"
"192.1360","1.9166","0.0017"
"192.1560","1.8365","0.0017"
"192.1760","1.7565","0.0017"
"192.1960","1.6765","0.0017"
"192.2160","1.5964","0.0016"
"192.2360","1.5164","0.0017"
"192.2560","1.4364","0.0016"
"192.2760","1.3564","0.0017"
"192.2960","1.2764","0.0017"
"192.3160","1.1965","0.0018"
"192.3360","1.1165","0.0017"
"192.3560","1.0366","0.0016"
"192.3760","0.9566","0.0017"
"192.3960","0.8765","0.0016"
"192.4160","0.7965","0.0016"
"192.4360","0.7164","0.0016"
"192.4560","0.6364","0.0016"
"192.4760","0.5565","0.0016"
"192.4960","0.4765","0.0014"
"192.5160","0.3965","0.0014"
"192.5360","0.3165","0.0013"
"192.5560","0.2366","0.0009"
"192.5760","0.1566","0.0002"
"192.5910","0.0966","-0.0004"
"192.5920","0.0926","-0.0004"
"192.5930","0.0886","-0.0005"
"192.6130","0.0095","-0.0009"
"192.6330","-0.0547","-0.0010"
"192.6530","-0.0834","-0.0010"
"192.6730","-0.0687","-0.0007"
"192.6930","-0.0129","-0.0003"
"192.7130","0.0663","0.0000"
"192.7330","0.1471","0.0007"
"192.7530","0.2247","0.0013"
"192.7730","0.3028","0.0016"
"192.7930","0.3834","0.0017"
"192.8130","0.4656","0.0016"
"192.8330","0.5476","0.0017"
"192.8530","0.6286","0.0017"
"192.8730","0.7088","0.0018"
"192.8930","0.7886","0.0017"
"192.9130","0.8685","0.0017"
"192.9330","0.9486","0.0018"
"192.9530","1.0287","0.0017"
"192.9730","1.1088","0.0017"
"192.9930","1.1889","0.0017"
"193.0130","1.2689","0.0017"
"193.0330","1.3488","0.0018"
"193.0530","1.4288","0.0018"
"193.0730","1.5088","0.0018"
"193.0930","1.5888","0.0017"
"193.1130","1.6688","0.0018"
"193.1330","1.7488","0.0018"
"193.1530","1.8288","0.0019"
"193.1730","1.9088","0.0018"
"193.1930","1.9889","0.0018"
"193.2130","2.0689","0.0018"
"193.2330","2.1489","0.0017"
"193.2530","2.2288","0.0017"
"193.2730","2.3088","0.0018"
"193.2930","2.3888","0.0018"
"193.3130","2.4688","0.0017"
"193.3330","2.5488","0.0017"
"193.3530","2.6288","0.0018"
"193.3730","2.7088","0.0018"
"193.3930","2.7888","0.0017"
"193.4130","2.8688","0.0017"
"193.4330","2.9488","0.0017"
"193.4460","3.0008","0.0017"
"193.4470","3.0048","0.0017"
"193.4480","3.0088","0.0017"
"193.4680","3.0878","0.0016"
"193.4880","3.1521","0.0010"
"193.5080","3.1817","0.0008"
"193.5280","3.1687","0.0008"
"193.5480","3.1149","0.0011"
"193.5680","3.0368","0.0019"
"193.5880","2.9565","0.0019"
"193.6080","2.8788","0.0018"
"193.6280","2.8005","0.0017"
"193.6480","2.7197","0.0017"
"193.6680","2.6374","0.0017"
"193.6880","2.5552","0.0017"
"193.7080","2.4742","0.0017"
"193.7280","2.3940","0.0018"
"193.7480","2.3142","0.0018"
"193.7680","2.2343","0.0018"
"193.7880","2.1542","0.0017"
"193.8080","2.0741","0.0017"
"193.8280","1.9940","0.0016"
"193.8480","1.9140","0.0016"
"193.8680","1.8340","0.0016"
"193.8880","1.7539","0.0016"
"193.9080","1.6739","0.0017"
"193.9280","1.5939","0.0017"
"193.9480","1.5138","0.0016"
"193.9680","1.4338","0.0017"
"193.9880","1.3538","0.0017"
"194.0080","1.2739","0.0017"
"194.0280","1.1939","0.0017"
"194.0480","1.1139","0.0017"
"194.0680","1.0340","0.0016"
"194.0880","0.9540","0.0017"
"194.1080","0.8739","0.0016"
"194.1280","0.7939","0.0016"
"194.1480","0.7139","0.0015"
"194.1680","0.6338","0.0015"
"194.1880","0.5539","0.0015"
"194.2080","0.4739","0.0015"
"194.2280","0.3939","0.0014"
"194.2480","0.3140","0.0013"
"194.2680","0.2340","0.0008"
"194.2880","0.1540","0.0002"
"194.3020","0.0980","-0.0004"
"194.3030","0.0940","-0.0004"
"194.3040","0.0900","-0.0005"
"194.3240","0.0110","-0.0010"
"194.3440","-0.0532","-0.0011"
"194.3640","-0.0819","-0.0011"
"194.3840","-0.0672","-0.0007"
"194.4040","-0.0113","-0.0004"
"194.4240","0.0679","-0.0001"
"194.4440","0.1486","0.0007"
"194.4640","0.2263","0.0013"
"194.4840","0.3043","0.0016"
"194.5040","0.3850","0.0017"
"194.5240","0.4672","0.0017"
"194.5440","0.5492","0.0017"
"194.5640","0.6302","0.0016"
"194.5840","0.7104","0.0016"
"194.6040","0.7902","0.0016"
"194.6240","0.8701","0.0016"
"194.6440","0.9502","0.0016"
"194.6640","1.0303","0.0018"
"194.6840","1.1104","0.0018"
"194.7040","1.1905","0.0017"
"194.7240","1.2705","0.0017"
"194.7440","1.3504","0.0018"
"194.7640","1.4304","0.0018"
"194.7840","1.5103","0.0017"
"194.8040","1.5903","0.0017"
"194.8240","1.6704","0.0017"
"194.8440","1.7504","0.0017"
"194.8640","1.8304","0.0017"
"194.8840","1.9105","0.0018"
"194.9040","1.9904","0.0018"
"194.9240","2.0704","0.0016"
"194.9440","2.1505","0.0016"
"194.9640","2.2304","0.0017"
"194.9840","2.3104","0.0017"
"195.0040","2.3904","0.0018"
"195.0240","2.4704","0.0018"
"195.0440","2.5503","0.0018"
"195.0640","2.6304","0.0018"
"195.0840","2.7104","0.0017"
"195.1040","2.7905","0.0017"
"195.1240","2.8705","0.0017"
"195.1440","2.9504","0.0017"
"195.1570","3.0024","0.0017"
"195.1580","3.0064","0.0017"
"195.1590","3.0104","0.0017"
"195.1790","3.0893","0.0014"
"195.1990","3.1536","0.0008"
"195.2190","3.1832","0.0008"
"195.2390","3.1701","0.0008"
"195.2590","3.1163","0.0012"
"195.2790","3.0382","0.0018"
"195.2990","2.9578","0.0017"
"195.3190","2.8801","0.0017"
"195.3390","2.8018","0.0018"
"195.3590","2.7211","0.0017"
"195.3790","2.6388","0.0016"
"195.3990","2.5567","0.0017"
"195.4190","2.4756","0.0017"
"195.4390","2.3954","0.0018"
"195.4590","2.3155","0.0017"
"195.4790","2.2356","0.0017"
"195.4990","2.1556","0.0017"
"195.5190","2.0755","0.0016"
"195.5390","1.9954","0.0017"
"195.5590","1.9154","0.0017"
"195.5790","1.8353","0.0017"
"195.5990","1.7553","0.0017"
"195.6190","1.6753","0.0016"
"195.6390","1.5953","0.0016"
"195.6590","1.5153","0.0017"
"195.6790","1.4353","0.0016"
"195.6990","1.3553","0.0016"
"195.7190","1.2753","0.0016"
"195.7390","1.1953","0.0017"
"195.7590","1.1153","0.0017"
"195.7790","1.0354","0.0016"
"195.7990","0.9554","0.0016"
"195.8190","0.8753","0.0016"
"195.8390","0.7953","0.0016"
"195.8590","0.7152","0.0016"
"195.8790","0.6352","0.0015"
"195.8990","0.5552","0.0016"
"195.9190","0.4753","0.0015"
"195.9390","0.3953","0.0014"
"195.9590","0.3153","0.0012"
"195.9790","0.2354","0.0008"
"195.9990","0.1554","0.0002"
"196.0130","0.0993","-0.0004"
"196.0140","0.0953","-0.0005"
"196.0150","0.0913","-0.0005"
"196.0350","0.0123","-0.0010"
"196.0550","-0.0518","-0.0010"
"196.0750","-0.0805","-0.0009"
"196.0950","-0.0657","-0.0006"
"196.1150","-0.0098","-0.0002"
"196.1350","0.0694","0.0000"
"196.1550","0.1501","0.0007"
"196.1750","0.2277","0.0013"
"196.1950","0.3058","0.0016"
"196.2150","0.3864","0.0017"
"196.2350","0.4687","0.0016"
"196.2550","0.5507","0.0016"
"196.2750","0.6317","0.0017"
"196.2950","0.7119","0.0016"
"196.3150","0.7917","0.0016"
"196.3350","0.8716","0.0017"
"196.3550","0.9517","0.0017"
"196.3750","1.0318","0.0018"
"196.3950","1.1119","0.0018"
"196.4150","1.1920","0.0018"
"196.4350","1.2720","0.0018"
"196.4550","1.3519","0.0018"
"196.4750","1.4319","0.0018"
"196.4950","1.5118","0.0017"
"196.5150","1.5918","0.0017"
"196.5350","1.6719","0.0017"
"196.5550","1.7520","0.0017"
"196.5750","1.8319","0.0018"
"196.5950","1.9120","0.0018"
"196.6150","1.9920","0.0018"
"196.6350","2.0719","0.0018"
"196.6550","2.1520","0.0017"
"196.6750","2.2319","0.0017"
"196.6950","2.3119","0.0017"
"196.7150","2.3919","0.0018"
"196.7350","2.4719","0.0017"
"196.7550","2.5518","0.0017"
"196.7750","2.6318","0.0017"
"196.7950","2.7119","0.0017"
"196.8150","2.7919","0.0017"
"196.8350","2.8719","0.0017"
"196.8550","2.9519","0.0017"
"196.8680","3.0039","0.0018"
"196.8690","3.0079","0.0018"
"196.8700","3.0119","0.0018"
"196.8900","3.0908","0.0015"
"196.9100","3.1551","0.0009"
"196.9300","3.1846","0.0008"
"196.9500","3.1715","0.0009"
"196.9700","3.1175","0.0012"
"196.9900","3.0392","0.0019"
"197.0100","2.9588","0.0018"
"197.0300","2.8811","0.0017"
"197.0500","2.8028","0.0016"
"197.0700","2.7221","0.0016"
"197.0900","2.6399","0.0017"
"197.1100","2.5578","0.0018"
"197.1300","2.4767","0.0017"
"197.1500","2.3965","0.0017"
"197.1700","2.3166","0.0017"
"197.1900","2.2368","0.0018"
"197.2100","2.1567","0.0017"
"197.2300","2.0766","0.0017"
"197.2500","1.9966","0.0017"
"197.2700","1.9165","0.0018"
"197.2900","1.8365","0.0018"
"197.3100","1.7564","0.0018"
"197.3300","1.6764","0.0017"
"197.3500","1.5963","0.0017"
"197.3700","1.5163","0.0017"
"197.3900","1.4363","0.0017"
"197.4100","1.3563","0.0017"
"197.4300","1.2764","0.0017"
"197.4500","1.1964","0.0017"
"197.4700","1.1164","0.0015"
"197.4900","1.0365","0.0015"
"197.5100","0.9565","0.0016"
"197.5300","0.8764","0.0016"
"197.5500","0.7964","0.0016"
"197.5700","0.7164","0.0015"
"197.5900","0.6364","0.0015"
"197.6100","0.5564","0.0016"
"197.6300","0.4764","0.0015"
"197.6500","0.3964","0.0014"
"197.6700","0.3165","0.0013"
"197.6900","0.2365","0.0009"
"197.7100","0.1565","0.0001"
"197.7250","0.0965","-0.0004"
