Time,Displacement,Force
(s),(mm),(kN)
"0.0000","0.0000","0.0000"
"0.0200","0.0000","0.0000"
"0.0400","0.0000","-0.0001"
"0.0410","0.0000","-0.0001"
"0.0610","0.0000","-0.0001"
"0.0810","0.0000","-0.0001"
"0.1010","0.0000","0.0001"
"0.1210","0.0001","0.0001"
"0.1410","0.0002","0.0001"
"0.1610","0.0004","0.0000"
"0.1810","0.0004","0.0000"
"0.2010","0.0005","0.0000"
"0.2210","0.0005","0.0000"
"0.2410","0.0007","0.0000"
"0.2610","0.0010","0.0000"
"0.2810","0.0016","0.0001"
"0.3010","0.0023","0.0000"
"0.3210","0.0028","0.0000"
"0.3410","0.0033","0.0001"
"0.3610","0.0038","0.0000"
"0.3810","0.0042","0.0000"
"0.4010","0.0044","0.0000"
"0.4210","0.0047","0.0000"
"0.4410","0.0049","0.0000"
"0.4610","0.0052","0.0000"
"0.4810","0.0055","0.0000"
"0.5010","0.0059","0.0001"
"0.5210","0.0064","0.0001"
"0.5410","0.0068","0.0001"
"0.5610","0.0073","0.0002"
"0.5810","0.0077","0.0002"
"0.6010","0.0080","0.0001"
"0.6210","0.0083","0.0001"
"0.6410","0.0087","0.0001"
"0.6610","0.0090","0.0001"
"0.6810","0.0093","0.0001"
"0.7010","0.0096","0.0001"
"0.7210","0.0098","0.0001"
"0.7410","0.0101","0.0001"
"0.7610","0.0103","0.0001"
"0.7810","0.0106","0.0001"
"0.8010","0.0109","0.0001"
"0.8210","0.0113","0.0001"
"0.8410","0.0118","0.0001"
"0.8610","0.0123","0.0001"
"0.8810","0.0128","0.0001"
"0.9010","0.0131","0.0001"
"0.9210","0.0134","0.0001"
"0.9410","0.0136","0.0001"
"0.9610","0.0138","0.0001"
"0.9810","0.0141","0.0001"
"1.0010","0.0144","0.0001"
"1.0210","0.0148","0.0002"
"1.0410","0.0152","0.0002"
"1.0610","0.0156","0.0002"
"1.0810","0.0158","0.0001"
"1.1010","0.0161","0.0000"
"1.1210","0.0163","0.0001"
"1.1410","0.0166","0.0001"
"1.1610","0.0169","0.0001"
"1.1810","0.0172","0.0002"
"1.2010","0.0177","0.0002"
"1.2210","0.0181","0.0002"
"1.2410","0.0186","0.0002"
"1.2610","0.0190","0.0003"
"1.2810","0.0194","0.0002"
"1.3010","0.0197","0.0002"
"1.3210","0.0200","0.0001"
"1.3410","0.0203","0.0001"
"1.3610","0.0206","0.0002"
"1.3810","0.0209","0.0002"
"1.4010","0.0212","0.0002"
"1.4210","0.0215","0.0002"
"1.4410","0.0217","0.0002"
"1.4610","0.0220","0.0002"
"1.4810","0.0223","0.0002"
"1.5010","0.0226","0.0002"
"1.5210","0.0230","0.0001"
"1.5410","0.0235","0.0002"
"1.5610","0.0239","0.0002"
"1.5810","0.0244","0.0002"
"1.6010","0.0247","0.0002"
"1.6210","0.0250","0.0001"
"1.6410","0.0252","0.0002"
"1.6610","0.0255","0.0003"
"1.6810","0.0258","0.0003"
"1.7010","0.0262","0.0002"
"1.7210","0.0266","0.0001"
"1.7410","0.0270","0.0002"
"1.7610","0.0272","0.0002"
"1.7810","0.0275","0.0002"
"1.8010","0.0277","0.0002"
"1.8210","0.0279","0.0003"
"1.8410","0.0282","0.0003"
"1.8610","0.0286","0.0003"
"1.8810","0.0290","0.0002"
"1.9010","0.0294","0.0002"
"1.9210","0.0299","0.0002"
"1.9410","0.0303","0.0002"
"1.9610","0.0307","0.0002"
"1.9810","0.0310","0.0002"
"2.0010","0.0313","0.0002"
"2.0210","0.0316","0.0002"
"2.0410","0.0319","0.0002"
"2.0610","0.0322","0.0002"
"2.0810","0.0325","0.0003"
"2.1010","0.0328","0.0003"
"2.1210","0.0330","0.0003"
"2.1410","0.0333","0.0002"
"2.1610","0.0336","0.0002"
"2.1810","0.0339","0.0003"
"2.2010","0.0343","0.0003"
"2.2210","0.0347","0.0002"
"2.2410","0.0352","0.0002"
"2.2610","0.0357","0.0002"
"2.2810","0.0361","0.0002"
"2.3010","0.0364","0.0003"
"2.3210","0.0366","0.0003"
"2.3410","0.0369","0.0003"
"2.3610","0.0372","0.0002"
"2.3810","0.0375","0.0003"
"2.4010","0.0379","0.0004"
"2.4210","0.0383","0.0004"
"2.4410","0.0386","0.0002"
"2.4610","0.0388","0.0002"
"2.4810","0.0391","0.0003"
"2.5010","0.0393","0.0003"
"2.5210","0.0396","0.0003"
"2.5410","0.0399","0.0003"
"2.5610","0.0403","0.0003"
"2.5810","0.0407","0.0003"
"2.6010","0.0411","0.0003"
"2.6210","0.0416","0.0004"
"2.6410","0.0420","0.0004"
"2.6610","0.0423","0.0003"
"2.6810","0.0426","0.0003"
"2.7010","0.0429","0.0003"
"2.7210","0.0432","0.0004"
"2.7410","0.0435","0.0004"
"2.7610","0.0439","0.0004"
"2.7810","0.0442","0.0004"
"2.8010","0.0445","0.0004"
"2.8210","0.0447","0.0004"
"2.8410","0.0449","0.0003"
"2.8610","0.0452","0.0003"
"2.8810","0.0456","0.0004"
"2.9010","0.0460","0.0003"
"2.9210","0.0465","0.0003"
"2.9410","0.0470","0.0003"
"2.9610","0.0474","0.0003"
"2.9810","0.0478","0.0004"
"3.0010","0.0480","0.0003"
"3.0210","0.0482","0.0004"
"3.0410","0.0485","0.0003"
"3.0610","0.0488","0.0004"
"3.0810","0.0492","0.0004"
"3.1010","0.0496","0.0004"
"3.1210","0.0500","0.0004"
"3.1410","0.0502","0.0004"
"3.1610","0.0505","0.0004"
"3.1810","0.0507","0.0003"
"3.2010","0.0509","0.0004"
"3.2210","0.0512","0.0004"
"3.2410","0.0516","0.0004"
"3.2610","0.0520","0.0005"
"3.2810","0.0524","0.0004"
"3.3010","0.0529","0.0004"
"3.3210","0.0533","0.0005"
"3.3410","0.0537","0.0004"
"3.3610","0.0540","0.0004"
"3.3810","0.0543","0.0005"
"3.4010","0.0546","0.0005"
"3.4210","0.0549","0.0004"
"3.4410","0.0552","0.0004"
"3.4610","0.0555","0.0003"
"3.4810","0.0558","0.0003"
"3.5010","0.0560","0.0004"
"3.5210","0.0563","0.0004"
"3.5410","0.0566","0.0004"
"3.5610","0.0569","0.0004"
"3.5810","0.0573","0.0003"
"3.6010","0.0578","0.0004"
"3.6210","0.0583","0.0004"
"3.6410","0.0588","0.0004"
"3.6610","0.0591","0.0005"
"3.6810","0.0593","0.0005"
"3.7010","0.0595","0.0005"
"3.7210","0.0598","0.0005"
"3.7410","0.0601","0.0004"
"3.7610","0.0605","0.0004"
"3.7810","0.0609","0.0004"
"3.8010","0.0613","0.0004"
"3.8210","0.0616","0.0004"
"3.8410","0.0619","0.0004"
"3.8610","0.0621","0.0004"
"3.8810","0.0623","0.0004"
"3.9010","0.0626","0.0005"
"3.9210","0.0629","0.0005"
"3.9410","0.0633","0.0005"
"3.9610","0.0637","0.0005"
"3.9810","0.0642","0.0005"
"4.0010","0.0647","0.0004"
"4.0210","0.0651","0.0005"
"4.0410","0.0654","0.0005"
"4.0610","0.0657","0.0005"
"4.0810","0.0660","0.0005"
"4.1010","0.0663","0.0005"
"4.1210","0.0666","0.0004"
"4.1410","0.0669","0.0004"
"4.1610","0.0672","0.0004"
"4.1810","0.0674","0.0004"
"4.2010","0.0676","0.0004"
"4.2210","0.0679","0.0004"
"4.2410","0.0682","0.0003"
"4.2610","0.0686","0.0004"
"4.2810","0.0690","0.0005"
"4.3010","0.0695","0.0005"
"4.3210","0.0700","0.0005"
"4.3410","0.0704","0.0004"
"4.3610","0.0707","0.0005"
"4.3810","0.0709","0.0005"
"4.4010","0.0712","0.0005"
"4.4210","0.0715","0.0005"
"4.4410","0.0718","0.0006"
"4.4610","0.0722","0.0006"
"4.4810","0.0726","0.0007"
"4.5010","0.0730","0.0007"
"4.5210","0.0733","0.0006"
"4.5410","0.0735","0.0005"
"4.5610","0.0737","0.0004"
"4.5810","0.0740","0.0005"
"4.6010","0.0743","0.0006"
"4.6210","0.0746","0.0006"
"4.6410","0.0750","0.0006"
"4.6610","0.0755","0.0005"
"4.6810","0.0759","0.0004"
"4.7010","0.0764","0.0006"
"4.7210","0.0767","0.0006"
"4.7410","0.0770","0.0005"
"4.7610","0.0773","0.0005"
"4.7810","0.0776","0.0005"
"4.8010","0.0779","0.0006"
"4.8210","0.0782","0.0005"
"4.8410","0.0785","0.0005"
"4.8610","0.0788","0.0005"
"4.8810","0.0790","0.0005"
"4.9010","0.0793","0.0006"
"4.9210","0.0796","0.0005"
"4.9410","0.0799","0.0006"
"4.9610","0.0803","0.0006"
"4.9810","0.0808","0.0006"
"5.0010","0.0813","0.0005"
"5.0210","0.0817","0.0005"
"5.0410","0.0821","0.0006"
"5.0610","0.0823","0.0005"
"5.0810","0.0826","0.0006"
"5.1010","0.0828","0.0005"
"5.1210","0.0831","0.0005"
"5.1410","0.0835","0.0006"
"5.1610","0.0839","0.0005"
"5.1810","0.0843","0.0005"
"5.2010","0.0846","0.0005"
"5.2210","0.0848","0.0007"
"5.2410","0.0851","0.0007"
"5.2610","0.0853","0.0008"
"5.2810","0.0856","0.0008"
"5.3010","0.0859","0.0007"
"5.3210","0.0863","0.0006"
"5.3410","0.0867","0.0006"
"5.3610","0.0871","0.0006"
"5.3810","0.0876","0.0006"
"5.4010","0.0880","0.0007"
"5.4210","0.0884","0.0007"
"5.4410","0.0887","0.0006"
"5.4610","0.0890","0.0006"
"5.4810","0.0893","0.0006"
"5.5010","0.0896","0.0007"
"5.5210","0.0899","0.0007"
"5.5410","0.0902","0.0007"
"5.5610","0.0904","0.0006"
"5.5810","0.0907","0.0006"
"5.6010","0.0909","0.0006"
"5.6210","0.0912","0.0006"
"5.6410","0.0916","0.0006"
"5.6610","0.0921","0.0006"
"5.6810","0.0925","0.0006"
"5.7010","0.0930","0.0006"
"5.7210","0.0934","0.0007"
"5.7410","0.0937","0.0006"
"5.7610","0.0939","0.0006"
"5.7810","0.0942","0.0006"
"5.8010","0.0945","0.0006"
"5.8210","0.0948","0.0007"
"5.8410","0.0952","0.0007"
"5.8610","0.0956","0.0006"
"5.8810","0.0959","0.0006"
"5.9010","0.0962","0.0006"
"5.9210","0.0964","0.0007"
"5.9410","0.0967","0.0007"
"5.9610","0.0969","0.0007"
"5.9810","0.0972","0.0007"
"6.0010","0.0976","0.0007"
"6.0210","0.0980","0.0006"
"6.0410","0.0985","0.0007"
"6.0610","0.0989","0.0007"
"6.0810","0.0994","0.0007"
"6.1010","0.0997","0.0006"
"6.1210","0.1000","0.0006"
"6.1220","0.1000","0.0006"
"6.1230","0.1000","0.0006"
"6.1430","0.1003","0.0006"
"6.1630","0.1005","0.0006"
"6.1830","0.1005","0.0006"
"6.2030","0.1005","0.0006"
"6.2230","0.1005","0.0006"
"6.2430","0.1005","0.0007"
"6.2630","0.1005","0.0007"
"6.2830","0.1005","0.0007"
"6.3030","0.1005","0.0007"
"6.3230","0.1005","0.0006"
"6.3430","0.1005","0.0007"
"6.3630","0.1005","0.0006"
"6.3830","0.1004","0.0007"
"6.4030","0.1004","0.0007"
"6.4230","0.1004","0.0006"
"6.4430","0.1004","0.0006"
"6.4630","0.1004","0.0007"
"6.4830","0.1004","0.0007"
"6.5030","0.1004","0.0007"
"6.5230","0.1003","0.0007"
"6.5430","0.1003","0.0007"
"6.5630","0.1003","0.0007"
"6.5830","0.1003","0.0008"
"6.6030","0.1003","0.0007"
"6.6230","0.1002","0.0007"
"6.6430","0.1002","0.0006"
"6.6630","0.1002","0.0007"
"6.6830","0.1002","0.0007"
"6.7030","0.1002","0.0007"
"6.7230","0.1002","0.0006"
"6.7430","0.1002","0.0006"
"6.7630","0.1001","0.0006"
"6.7830","0.1001","0.0006"
"6.8030","0.1001","0.0006"
"6.8230","0.1001","0.0007"
"6.8430","0.1001","0.0007"
"6.8630","0.1001","0.0008"
"6.8830","0.1001","0.0007"
"6.9030","0.1001","0.0007"
"6.9230","0.1001","0.0006"
"6.9430","0.1000","0.0005"
"6.9630","0.1000","0.0006"
"6.9830","0.1000","0.0005"
"7.0030","0.1000","0.0004"
"7.0230","0.1000","0.0003"
"7.0430","0.1000","0.0002"
"7.0630","0.1000","0.0002"
"7.0830","0.1000","0.0003"
"7.1030","0.1000","0.0002"
"7.1230","0.1000","0.0002"
"7.1430","0.1000","0.0002"
"7.1630","0.1000","0.0003"
"7.1830","0.1000","0.0004"
"7.2030","0.1000","0.0004"
"7.2230","0.1000","0.0005"
"7.2430","0.1000","0.0004"
"7.2630","0.1000","0.0003"
"7.2830","0.1000","0.0004"
"7.3030","0.1000","0.0004"
"7.3230","0.1000","0.0004"
"7.3430","0.1000","0.0003"
"7.3630","0.1000","0.0004"
"7.3830","0.1000","0.0005"
"7.4030","0.1000","0.0006"
"7.4230","0.1000","0.0006"
"7.4430","0.1000","0.0006"
"7.4630","0.1000","0.0007"
"7.4830","0.1000","0.0006"
"7.5030","0.1000","0.0006"
"7.5230","0.1000","0.0006"
"7.5430","0.1000","0.0006"
"7.5630","0.1000","0.0007"
"7.5830","0.1000","0.0008"
"7.6030","0.1000","0.0008"
"7.6230","0.1000","0.0007"
"7.6430","0.1000","0.0007"
"7.6630","0.1000","0.0008"
"7.6830","0.1000","0.0007"
"7.7030","0.1000","0.0008"
"7.7230","0.1000","0.0008"
"7.7430","0.1000","0.0007"
"7.7630","0.1000","0.0008"
"7.7830","0.1000","0.0008"
"7.8030","0.1000","0.0008"
"7.8230","0.1000","0.0008"
"7.8430","0.1000","0.0008"
"7.8630","0.1000","0.0008"
"7.8830","0.1000","0.0008"
"7.9030","0.1000","0.0008"
"7.9230","0.1000","0.0007"
"7.9430","0.1000","0.0008"
"7.9630","0.1000","0.0007"
"7.9830","0.1000","0.0007"
"8.0030","0.1000","0.0008"
"8.0230","0.1000","0.0007"
"8.0430","0.1000","0.0006"
"8.0630","0.1000","0.0007"
"8.0830","0.1000","0.0008"
"8.1030","0.1000","0.0008"
"8.1230","0.1000","0.0007"
"8.1430","0.1000","0.0007"
"8.1630","0.1000","0.0006"
"8.1830","0.1000","0.0006"
"8.2030","0.1000","0.0006"
"8.2230","0.1000","0.0007"
"8.2430","0.1000","0.0007"
"8.2630","0.1000","0.0007"
"8.2830","0.1000","0.0008"
"8.3030","0.1000","0.0008"
"8.3230","0.1000","0.0008"
"8.3430","0.1000","0.0007"
"8.3630","0.1000","0.0008"
"8.3830","0.1000","0.0008"
"8.4030","0.1000","0.0007"
"8.4230","0.1000","0.0007"
"8.4430","0.1000","0.0007"
"8.4630","0.1000","0.0007"
"8.4830","0.1000","0.0007"
"8.5030","0.1000","0.0008"
"8.5230","0.1000","0.0007"
"8.5430","0.1000","0.0007"
"8.5630","0.1000","0.0007"
"8.5830","0.1000","0.0007"
"8.6030","0.1000","0.0007"
"8.6230","0.1000","0.0008"
"8.6430","0.1000","0.0007"
"8.6630","0.1000","0.0007"
"8.6830","0.1000","0.0007"
"8.7030","0.1000","0.0006"
"8.7230","0.1000","0.0006"
"8.7430","0.1000","0.0007"
"8.7630","0.1000","0.0007"
"8.7830","0.1000","0.0006"
"8.8030","0.1000","0.0007"
"8.8230","0.1000","0.0007"
"8.8430","0.1000","0.0007"
"8.8630","0.1000","0.0007"
"8.8830","0.1000","0.0007"
"8.9030","0.1000","0.0006"
"8.9230","0.1000","0.0006"
"8.9430","0.1000","0.0007"
"8.9630","0.1000","0.0007"
"8.9830","0.1000","0.0006"
"9.0030","0.1000","0.0007"
"9.0230","0.1000","0.0007"
"9.0430","0.1000","0.0007"
"9.0630","0.1000","0.0007"
"9.0830","0.1000","0.0007"
"9.1030","0.1000","0.0007"
"9.1230","0.1000","0.0007"
"9.1430","0.1000","0.0006"
"9.1630","0.1000","0.0006"
"9.1830","0.1000","0.0007"
"9.2030","0.1000","0.0007"
"9.2230","0.1000","0.0008"
"9.2430","0.1000","0.0007"
"9.2630","0.1000","0.0006"
"9.2830","0.1000","0.0006"
"9.3030","0.1000","0.0006"
"9.3230","0.1000","0.0005"
"9.3430","0.1000","0.0006"
"9.3630","0.1000","0.0007"
"9.3830","0.1000","0.0007"
"9.4030","0.1000","0.0006"
"9.4230","0.1000","0.0006"
"9.4430","0.1000","0.0007"
"9.4630","0.1000","0.0007"
"9.4830","0.1000","0.0007"
"9.5030","0.1000","0.0006"
"9.5230","0.1000","0.0006"
"9.5430","0.1000","0.0007"
"9.5630","0.1000","0.0008"
"9.5830","0.1000","0.0008"
"9.6030","0.1000","0.0008"
"9.6230","0.1000","0.0007"
"9.6430","0.1000","0.0007"
"9.6630","0.1000","0.0007"
"9.6830","0.1000","0.0007"
"9.7030","0.1000","0.0007"
"9.7230","0.1000","0.0007"
"9.7430","0.1000","0.0007"
"9.7630","0.1000","0.0008"
"9.7830","0.1000","0.0008"
"9.8030","0.1000","0.0006"
"9.8230","0.1000","0.0006"
"9.8430","0.1000","0.0006"
"9.8630","0.1000","0.0005"
"9.8830","0.1000","0.0004"
"9.9030","0.1000","0.0003"
"9.9230","0.1000","0.0004"
"9.9430","0.1000","0.0006"
"9.9630","0.1000","0.0008"
"9.9830","0.1000","0.0008"
"10.0030","0.1000","0.0007"
"10.0230","0.1000","0.0007"
"10.0430","0.1000","0.0008"
"10.0630","0.1000","0.0008"
"10.0830","0.1000","0.0007"
"10.1030","0.1000","0.0007"
"10.1230","0.1000","0.0006"
"10.1430","0.1000","0.0007"
"10.1630","0.1000","0.0007"
"10.1830","0.1000","0.0007"
"10.2030","0.1000","0.0006"
"10.2230","0.1000","0.0006"
"10.2430","0.1000","0.0006"
"10.2630","0.1000","0.0006"
"10.2830","0.1000","0.0007"
"10.3030","0.1000","0.0008"
"10.3230","0.1000","0.0008"
"10.3430","0.1000","0.0007"
"10.3630","0.1000","0.0007"
"10.3830","0.1000","0.0007"
"10.4030","0.1000","0.0006"
"10.4230","0.1000","0.0006"
"10.4430","0.1000","0.0007"
"10.4630","0.1000","0.0008"
"10.4830","0.1000","0.0007"
"10.5030","0.1000","0.0006"
"10.5230","0.1000","0.0007"
"10.5430","0.1000","0.0007"
"10.5630","0.1000","0.0007"
"10.5830","0.1000","0.0007"
"10.6030","0.1000","0.0008"
"10.6230","0.1000","0.0007"
"10.6430","0.1000","0.0007"
"10.6630","0.1000","0.0007"
"10.6830","0.1000","0.0007"
"10.7030","0.1000","0.0008"
"10.7230","0.1000","0.0008"
"10.7430","0.1000","0.0008"
"10.7630","0.1000","0.0008"
"10.7830","0.1000","0.0006"
"10.8030","0.1000","0.0007"
"10.8230","0.1000","0.0006"
"10.8430","0.1000","0.0006"
"10.8630","0.1000","0.0006"
"10.8830","0.1000","0.0007"
"10.9030","0.1000","0.0008"
"10.9230","0.1000","0.0008"
"10.9430","0.1000","0.0007"
"10.9630","0.1000","0.0006"
"10.9830","0.1000","0.0006"
"11.0030","0.1000","0.0007"
"11.0230","0.1000","0.0007"
"11.0430","0.1000","0.0007"
"11.0630","0.1000","0.0006"
"11.0830","0.1000","0.0006"
"11.1030","0.1000","0.0007"
"11.1230","0.1000","0.0006"
"11.1430","0.1000","0.0006"
"11.1630","0.1000","0.0006"
"11.1830","0.1000","0.0006"
"11.2030","0.1000","0.0006"
"11.2230","0.1000","0.0006"
"11.2430","0.1000","0.0007"
"11.2630","0.1000","0.0008"
"11.2830","0.1000","0.0007"
"11.3030","0.1000","0.0007"
"11.3230","0.1000","0.0007"
"11.3430","0.1000","0.0006"
"11.3630","0.1000","0.0007"
"11.3830","0.1000","0.0007"
"11.4030","0.1000","0.0007"
"11.4230","0.1000","0.0007"
"11.4430","0.1000","0.0007"
"11.4630","0.1000","0.0007"
"11.4830","0.1000","0.0007"
"11.5030","0.1000","0.0007"
"11.5230","0.1000","0.0008"
"11.5430","0.1000","0.0007"
"11.5630","0.1000","0.0006"
"11.5830","0.1000","0.0006"
"11.6030","0.1000","0.0006"
"11.6230","0.1000","0.0005"
"11.6430","0.1000","0.0004"
"11.6630","0.1000","0.0004"
"11.6830","0.1000","0.0006"
"11.7030","0.1000","0.0007"
"11.7230","0.1000","0.0008"
"11.7430","0.1000","0.0007"
"11.7630","0.1000","0.0007"
"11.7830","0.1000","0.0006"
"11.8030","0.1000","0.0007"
"11.8230","0.1000","0.0008"
"11.8430","0.1000","0.0008"
"11.8630","0.1000","0.0008"
"11.8830","0.1000","0.0007"
"11.9030","0.1000","0.0006"
"11.9230","0.1000","0.0006"
"11.9430","0.1000","0.0007"
"11.9630","0.1000","0.0007"
"11.9830","0.1000","0.0006"
"12.0030","0.1000","0.0007"
"12.0230","0.1000","0.0007"
"12.0430","0.1000","0.0007"
"12.0630","0.1000","0.0006"
"12.0830","0.1000","0.0007"
"12.1030","0.1000","0.0007"
"12.1230","0.1000","0.0007"
"12.1430","0.1000","0.0006"
"12.1630","0.1000","0.0006"
"12.1830","0.1000","0.0006"
"12.2030","0.1000","0.0006"
"12.2230","0.1000","0.0006"
"12.2430","0.1000","0.0007"
"12.2630","0.1000","0.0006"
"12.2830","0.1000","0.0007"
"12.3030","0.1000","0.0007"
"12.3230","0.1000","0.0007"
"12.3430","0.1000","0.0006"
"12.3630","0.1000","0.0007"
"12.3830","0.1000","0.0007"
"12.4030","0.1000","0.0006"
"12.4230","0.1000","0.0006"
"12.4430","0.1000","0.0006"
"12.4630","0.1000","0.0006"
"12.4830","0.1000","0.0007"
"12.5030","0.1000","0.0008"
"12.5230","0.1000","0.0007"
"12.5430","0.1000","0.0007"
"12.5630","0.1000","0.0007"
"12.5830","0.1000","0.0007"
"12.6030","0.1000","0.0006"
"12.6230","0.1000","0.0007"
"12.6430","0.1000","0.0007"
"12.6630","0.1000","0.0007"
"12.6830","0.1000","0.0008"
"12.7030","0.1000","0.0008"
"12.7230","0.1000","0.0008"
"12.7430","0.1000","0.0007"
"12.7630","0.1000","0.0006"
"12.7830","0.1000","0.0007"
"12.8030","0.1000","0.0006"
"12.8230","0.1000","0.0006"
"12.8430","0.1000","0.0007"
"12.8630","0.1000","0.0007"
"12.8830","0.1000","0.0007"
"12.9030","0.1000","0.0007"
"12.9230","0.1000","0.0007"
"12.9430","0.1000","0.0007"
"12.9630","0.1000","0.0006"
"12.9830","0.1000","0.0007"
"13.0030","0.1000","0.0007"
"13.0230","0.1000","0.0007"
"13.0430","0.1000","0.0006"
"13.0630","0.1000","0.0006"
"13.0830","0.1000","0.0006"
"13.1030","0.1000","0.0006"
"13.1230","0.1000","0.0006"
"13.1430","0.1000","0.0006"
"13.1630","0.1000","0.0006"
"13.1830","0.1000","0.0006"
"13.2030","0.1000","0.0007"
"13.2230","0.1000","0.0007"
"13.2430","0.1000","0.0007"
"13.2630","0.1000","0.0006"
"13.2830","0.1000","0.0006"
"13.3030","0.1000","0.0006"
"13.3230","0.1000","0.0007"
"13.3430","0.1000","0.0008"
"13.3630","0.1000","0.0008"
"13.3830","0.1000","0.0007"
"13.4030","0.1000","0.0007"
"13.4230","0.1000","0.0007"
"13.4430","0.1000","0.0006"
"13.4630","0.1000","0.0006"
"13.4830","0.1000","0.0007"
"13.5030","0.1000","0.0008"
"13.5230","0.1000","0.0007"
"13.5430","0.1000","0.0006"
"13.5630","0.1000","0.0007"
"13.5830","0.1000","0.0007"
"13.6030","0.1000","0.0006"
"13.6230","0.1000","0.0007"
"13.6430","0.1000","0.0007"
"13.6630","0.1000","0.0006"
"13.6830","0.1000","0.0006"
"13.7030","0.1000","0.0007"
"13.7230","0.1000","0.0007"
"13.7430","0.1000","0.0006"
"13.7630","0.1000","0.0006"
"13.7830","0.1000","0.0007"
"13.8030","0.1000","0.0006"
"13.8230","0.1000","0.0006"
"13.8430","0.1000","0.0006"
"13.8630","0.1000","0.0006"
"13.8830","0.1000","0.0006"
"13.9030","0.1000","0.0005"
"13.9230","0.1000","0.0006"
"13.9430","0.1000","0.0005"
"13.9630","0.1000","0.0005"
"13.9830","0.1000","0.0006"
"14.0030","0.1000","0.0007"
"14.0230","0.1000","0.0007"
"14.0430","0.1000","0.0007"
"14.0630","0.1000","0.0006"
"14.0830","0.1000","0.0006"
"14.1030","0.1000","0.0006"
"14.1230","0.1000","0.0006"
"14.1430","0.1000","0.0006"
"14.1630","0.1000","0.0006"
"14.1830","0.1000","0.0007"
"14.2030","0.1000","0.0006"
"14.2230","0.1000","0.0006"
"14.2430","0.1000","0.0007"
"14.2630","0.1000","0.0007"
"14.2830","0.1000","0.0006"
"14.3030","0.1000","0.0006"
"14.3230","0.1000","0.0006"
"14.3430","0.1000","0.0006"
"14.3630","0.1000","0.0006"
"14.3830","0.1000","0.0006"
"14.4030","0.1000","0.0007"
"14.4230","0.1000","0.0007"
"14.4430","0.1000","0.0007"
"14.4630","0.1000","0.0007"
"14.4830","0.1000","0.0007"
"14.5030","0.1000","0.0007"
"14.5230","0.1000","0.0006"
"14.5430","0.1000","0.0006"
"14.5630","0.1000","0.0006"
"14.5830","0.1000","0.0006"
"14.6030","0.1000","0.0006"
"14.6230","0.1000","0.0006"
"14.6430","0.1000","0.0007"
"14.6630","0.1000","0.0007"
"14.6830","0.1000","0.0007"
"14.7030","0.1000","0.0007"
"14.7230","0.1000","0.0006"
"14.7430","0.1000","0.0007"
"14.7630","0.1000","0.0006"
"14.7830","0.1000","0.0006"
"14.8030","0.1000","0.0006"
"14.8230","0.1000","0.0005"
"14.8430","0.1000","0.0006"
"14.8630","0.1000","0.0007"
"14.8830","0.1000","0.0007"
"14.9030","0.1000","0.0007"
"14.9230","0.1000","0.0007"
"14.9430","0.1000","0.0007"
"14.9630","0.1000","0.0007"
"14.9830","0.1000","0.0006"
"15.0030","0.1000","0.0006"
"15.0230","0.1000","0.0007"
"15.0430","0.1000","0.0007"
"15.0630","0.1000","0.0007"
"15.0830","0.1000","0.0007"
"15.1030","0.1000","0.0007"
"15.1230","0.1000","0.0007"
"15.1430","0.1000","0.0007"
"15.1630","0.1000","0.0006"
"15.1830","0.1000","0.0006"
"15.2030","0.1000","0.0006"
"15.2230","0.1000","0.0007"
"15.2430","0.1000","0.0006"
"15.2630","0.1000","0.0005"
"15.2830","0.1000","0.0006"
"15.3030","0.1000","0.0007"
"15.3230","0.1000","0.0007"
"15.3430","0.1000","0.0007"
"15.3630","0.1000","0.0006"
"15.3830","0.1000","0.0007"
"15.4030","0.1000","0.0007"
"15.4230","0.1000","0.0006"
"15.4430","0.1000","0.0007"
"15.4630","0.1000","0.0007"
"15.4830","0.1000","0.0007"
"15.5030","0.1000","0.0007"
"15.5230","0.1000","0.0007"
"15.5430","0.1000","0.0007"
"15.5630","0.1000","0.0007"
"15.5830","0.1000","0.0007"
"15.6030","0.1000","0.0006"
"15.6230","0.1000","0.0006"
"15.6430","0.1000","0.0007"
"15.6630","0.1000","0.0006"
"15.6830","0.1000","0.0007"
"15.7030","0.1000","0.0007"
"15.7230","0.1000","0.0007"
"15.7430","0.1000","0.0006"
"15.7630","0.1000","0.0006"
"15.7830","0.1000","0.0006"
"15.8030","0.1000","0.0006"
"15.8230","0.1000","0.0006"
"15.8430","0.1000","0.0007"
"15.8630","0.1000","0.0007"
"15.8830","0.1000","0.0006"
"15.9030","0.1000","0.0005"
"15.9230","0.1000","0.0007"
"15.9430","0.1000","0.0007"
"15.9630","0.1000","0.0006"
"15.9830","0.1000","0.0006"
"16.0030","0.1000","0.0007"
"16.0230","0.1000","0.0007"
"16.0430","0.1000","0.0006"
"16.0630","0.1000","0.0006"
"16.0830","0.1000","0.0006"
"16.1030","0.1000","0.0006"
"16.1220","0.1000","0.0006"
"16.1230","0.1000","0.0006"
"16.1340","0.1000","0.0006"
"16.1540","0.1005","0.0008"
"16.1740","0.1114","0.0013"
"16.1940","0.1502","0.0017"
"16.2140","0.2190","0.0014"
"16.2340","0.2985","0.0013"
"16.2540","0.3775","0.0014"
"16.2740","0.4564","0.0013"
"16.2940","0.5369","0.0013"
"16.3140","0.6189","0.0013"
"16.3340","0.7007","0.0012"
"16.3540","0.7818","0.0011"
"16.3740","0.8620","0.0011"
"16.3940","0.9418","0.0012"
"16.4090","1.0017","0.0013"
"16.4100","1.0057","0.0013"
"16.4110","1.0097","0.0013"
"16.4310","1.0887","0.0009"
"16.4510","1.1533","0.0004"
"16.4710","1.1832","0.0003"
"16.4910","1.1708","0.0003"
"16.5110","1.1177","0.0005"
"16.5310","1.0394","0.0011"
"16.5510","0.9585","0.0012"
"16.5710","0.8809","0.0011"
"16.5910","0.8030","0.0011"
"16.6110","0.7226","0.0012"
"16.6310","0.6405","0.0012"
"16.6510","0.5584","0.0012"
"16.6710","0.4773","0.0011"
"16.6910","0.3970","0.0009"
"16.7110","0.3171","0.0005"
"16.7310","0.2372","0.0002"
"16.7510","0.1572","-0.0002"
"16.7660","0.0972","-0.0005"
"16.7670","0.0931","-0.0005"
"16.7680","0.0891","-0.0005"
"16.7880","0.0101","-0.0007"
"16.8080","-0.0540","-0.0006"
"16.8280","-0.0829","-0.0007"
"16.8480","-0.0689","-0.0005"
"16.8680","-0.0139","-0.0002"
"16.8880","0.0655","-0.0001"
"16.9080","0.1467","0.0006"
"16.9280","0.2243","0.0009"
"16.9480","0.3020","0.0010"
"16.9680","0.3822","0.0011"
"16.9880","0.4641","0.0010"
"17.0080","0.5461","0.0010"
"17.0280","0.6273","0.0010"
"17.0480","0.7075","0.0010"
"17.0680","0.7873","0.0011"
"17.0880","0.8672","0.0010"
"17.1080","0.9472","0.0010"
"17.1220","1.0032","0.0010"
"17.1230","1.0072","0.0010"
"17.1240","1.0112","0.0010"
"17.1440","1.0903","0.0008"
"17.1640","1.1549","0.0003"
"17.1840","1.1847","0.0001"
"17.2040","1.1722","0.0001"
"17.2240","1.1190","0.0004"
"17.2440","1.0407","0.0010"
"17.2640","0.9597","0.0010"
"17.2840","0.8821","0.0010"
"17.3040","0.8042","0.0010"
"17.3240","0.7239","0.0010"
"17.3440","0.6418","0.0010"
"17.3640","0.5597","0.0011"
"17.3840","0.4786","0.0011"
"17.4040","0.3984","0.0011"
"17.4240","0.3184","0.0011"
"17.4440","0.2386","0.0009"
"17.4640","0.1585","0.0007"
"17.4790","0.0985","0.0003"
"17.4800","0.0944","0.0002"
"17.4810","0.0904","0.0002"
"17.5010","0.0114","-0.0001"
"17.5210","-0.0528","-0.0002"
"17.5410","-0.0818","-0.0002"
"17.5610","-0.0678","0.0000"
"17.5810","-0.0129","0.0003"
"17.6010","0.0665","0.0005"
"17.6210","0.1477","0.0008"
"17.6410","0.2252","0.0011"
"17.6610","0.3030","0.0012"
"17.6810","0.3832","0.0013"
"17.7010","0.4651","0.0011"
"17.7210","0.5471","0.0010"
"17.7410","0.6283","0.0009"
"17.7610","0.7085","0.0009"
"17.7810","0.7883","0.0010"
"17.8010","0.8682","0.0011"
"17.8210","0.9482","0.0011"
"17.8340","1.0002","0.0010"
"17.8350","1.0042","0.0010"
"17.8360","1.0082","0.0010"
"17.8560","1.0873","0.0007"
"17.8760","1.1519","0.0002"
"17.8960","1.1819","0.0001"
"17.9160","1.1694","0.0001"
"17.9360","1.1162","0.0004"
"17.9560","1.0378","0.0010"
"17.9760","0.9568","0.0012"
"17.9960","0.8792","0.0011"
"18.0160","0.8014","0.0010"
"18.0360","0.7210","0.0010"
"18.0560","0.6389","0.0010"
"18.0760","0.5568","0.0010"
"18.0960","0.4758","0.0010"
"18.1160","0.3955","0.0010"
"18.1360","0.3156","0.0010"
"18.1560","0.2357","0.0009"
"18.1760","0.1557","0.0007"
"18.1900","0.0996","0.0003"
"18.1910","0.0956","0.0003"
"18.1920","0.0916","0.0002"
"18.2120","0.0125","-0.0001"
"18.2320","-0.0517","-0.0002"
"18.2520","-0.0808","-0.0003"
"18.2720","-0.0670","0.0000"
"18.2920","-0.0122","0.0003"
"18.3120","0.0671","0.0004"
"18.3320","0.1483","0.0009"
"18.3520","0.2259","0.0010"
"18.3720","0.3037","0.0010"
"18.3920","0.3839","0.0011"
"18.4120","0.4657","0.0010"
"18.4320","0.5478","0.0010"
"18.4520","0.6289","0.0011"
"18.4720","0.7091","0.0011"
"18.4920","0.7890","0.0011"
"18.5120","0.8689","0.0011"
"18.5320","0.9488","0.0010"
"18.5450","1.0009","0.0010"
"18.5460","1.0049","0.0010"
"18.5470","1.0089","0.0010"
"18.5670","1.0880","0.0007"
"18.5870","1.1526","0.0002"
"18.6070","1.1826","0.0000"
"18.6270","1.1700","0.0001"
"18.6470","1.1168","0.0005"
"18.6670","1.0383","0.0011"
"18.6870","0.9574","0.0010"
"18.7070","0.8797","0.0009"
"18.7270","0.8019","0.0009"
"18.7470","0.7216","0.0009"
"18.7670","0.6395","0.0010"
"18.7870","0.5574","0.0010"
"18.8070","0.4763","0.0010"
"18.8270","0.3961","0.0010"
"18.8470","0.3162","0.0009"
"18.8670","0.2363","0.0009"
"18.8870","0.1563","0.0007"
"18.9020","0.0962","0.0003"
"18.9030","0.0922","0.0003"
"18.9040","0.0882","0.0003"
"18.9240","0.0091","-0.0002"
"18.9440","-0.0551","-0.0002"
"18.9640","-0.0843","-0.0002"
"18.9840","-0.0705","0.0000"
"19.0040","-0.0157","0.0003"
"19.0240","0.0636","0.0004"
"19.0440","0.1447","0.0009"
"19.0640","0.2223","0.0010"
"19.0840","0.3001","0.0011"
"19.1040","0.3803","0.0011"
"19.1240","0.4622","0.0010"
"19.1440","0.5442","0.0010"
"19.1640","0.6253","0.0010"
"19.1840","0.7056","0.0009"
"19.2040","0.7854","0.0009"
"19.2240","0.8653","0.0009"
"19.2440","0.9453","0.0011"
"19.2580","1.0013","0.0011"
"19.2590","1.0053","0.0011"
"19.2600","1.0093","0.0011"
"19.2800","1.0885","0.0008"
"19.3000","1.1530","0.0002"
"19.3200","1.1830","0.0001"
"19.3400","1.1705","0.0001"
"19.3600","1.1173","0.0004"
"19.3800","1.0389","0.0010"
"19.4000","0.9580","0.0011"
"19.4200","0.8803","0.0010"
"19.4400","0.8024","0.0009"
"19.4600","0.7221","0.0010"
"19.4800","0.6400","0.0010"
"19.5000","0.5579","0.0010"
"19.5200","0.4768","0.0010"
"19.5400","0.3966","0.0010"
"19.5600","0.3167","0.0009"
"19.5800","0.2368","0.0008"
"19.6000","0.1568","0.0007"
"19.6150","0.0967","0.0003"
"19.6160","0.0927","0.0003"
"19.6170","0.0887","0.0002"
"19.6370","0.0096","-0.0001"
"19.6570","-0.0547","-0.0001"
"19.6770","-0.0838","-0.0003"
"19.6970","-0.0701","0.0000"
"19.7170","-0.0154","0.0003"
"19.7370","0.0638","0.0004"
"19.7570","0.1450","0.0009"
"19.7770","0.2226","0.0011"
"19.7970","0.3004","0.0012"
"19.8170","0.3806","0.0012"
"19.8370","0.4625","0.0010"
"19.8570","0.5445","0.0010"
"19.8770","0.6256","0.0010"
"19.8970","0.7058","0.0009"
"19.9170","0.7857","0.0009"
"19.9370","0.8656","0.0010"
"19.9570","0.9456","0.0010"
"19.9710","1.0016","0.0010"
"19.9720","1.0056","0.0010"
"19.9730","1.0096","0.0010"
"19.9930","1.0888","0.0007"
"20.0130","1.1534","0.0003"
"20.0330","1.1834","0.0002"
"20.0530","1.1710","0.0002"
"20.0730","1.1179","0.0004"
"20.0930","1.0396","0.0011"
"20.1130","0.9588","0.0011"
"20.1330","0.8811","0.0010"
"20.1530","0.8033","0.0009"
"20.1730","0.7229","0.0009"
"20.1930","0.6407","0.0010"
"20.2130","0.5586","0.0010"
"20.2330","0.4776","0.0009"
"20.2530","0.3973","0.0010"
"20.2730","0.3174","0.0010"
"20.2930","0.2375","0.0009"
"20.3130","0.1575","0.0007"
"20.3280","0.0974","0.0003"
"20.3290","0.0934","0.0003"
"20.3300","0.0894","0.0002"
"20.3500","0.0103","-0.0001"
"20.3700","-0.0539","-0.0002"
"20.3900","-0.0831","-0.0003"
"20.4100","-0.0693","0.0000"
"20.4300","-0.0146","0.0003"
"20.4500","0.0647","0.0004"
"20.4700","0.1458","0.0008"
"20.4900","0.2234","0.0010"
"20.5100","0.3012","0.0011"
"20.5300","0.3814","0.0011"
"20.5500","0.4633","0.0010"
"20.5700","0.5453","0.0009"
"20.5900","0.6265","0.0010"
"20.6100","0.7067","0.0011"
"20.6300","0.7865","0.0010"
"20.6500","0.8664","0.0010"
"20.6700","0.9464","0.0010"
"20.6840","1.0024","0.0010"
"20.6850","1.0065","0.0010"
"20.6860","1.0105","0.0010"
"20.7060","1.0896","0.0007"
"20.7260","1.1542","0.0002"
"20.7460","1.1841","0.0001"
"20.7660","1.1717","0.0001"
"20.7860","1.1186","0.0004"
"20.8060","1.0404","0.0010"
"20.8260","0.9595","0.0010"
"20.8460","0.8819","0.0009"
"20.8660","0.8040","0.0009"
"20.8860","0.7236","0.0010"
"20.9060","0.6415","0.0010"
"20.9260","0.5594","0.0010"
"20.9460","0.4783","0.0010"
"20.9660","0.3980","0.0010"
"20.9860","0.3181","0.0009"
"21.0060","0.2383","0.0008"
"21.0260","0.1582","0.0006"
"21.0410","0.0981","0.0002"
"21.0420","0.0941","0.0002"
"21.0430","0.0901","0.0002"
"21.0630","0.0110","-0.0001"
"21.0830","-0.0532","-0.0002"
"21.1030","-0.0824","-0.0002"
"21.1230","-0.0686","0.0001"
"21.1430","-0.0139","0.0003"
"21.1630","0.0654","0.0004"
"21.1830","0.1465","0.0008"
"21.2030","0.2241","0.0012"
"21.2230","0.3019","0.0012"
"21.2430","0.3821","0.0011"
"21.2630","0.4640","0.0010"
"21.2830","0.5460","0.0010"
"21.3030","0.6272","0.0010"
"21.3230","0.7074","0.0010"
"21.3430","0.7872","0.0010"
"21.3630","0.8671","0.0009"
"21.3830","0.9471","0.0009"
"21.3970","1.0031","0.0009"
"21.3980","1.0071","0.0009"
"21.3990","1.0112","0.0009"
"21.4190","1.0903","0.0007"
"21.4390","1.1549","0.0002"
"21.4590","1.1848","0.0001"
"21.4790","1.1724","0.0002"
"21.4990","1.1193","0.0004"
"21.5190","1.0410","0.0010"
"21.5390","0.9601","0.0011"
"21.5590","0.8824","0.0009"
"21.5790","0.8045","0.0008"
"21.5990","0.7241","0.0009"
"21.6190","0.6420","0.0010"
"21.6390","0.5599","0.0010"
"21.6590","0.4789","0.0010"
"21.6790","0.3986","0.0009"
"21.6990","0.3187","0.0009"
"21.7190","0.2388","0.0008"
"21.7390","0.1588","0.0006"
"21.7540","0.0987","0.0003"
"21.7550","0.0947","0.0002"
"21.7560","0.0907","0.0002"
"21.7760","0.0116","-0.0002"
"21.7960","-0.0526","-0.0002"
"21.8160","-0.0817","-0.0002"
"21.8360","-0.0679","0.0000"
"21.8560","-0.0130","0.0004"
"21.8760","0.0663","0.0005"
"21.8960","0.1475","0.0009"
"21.9160","0.2251","0.0012"
"21.9360","0.3028","0.0012"
"21.9560","0.3830","0.0010"
"21.9760","0.4649","0.0010"
"21.9960","0.5469","0.0010"
"22.0160","0.6280","0.0010"
"22.0360","0.7082","0.0011"
"22.0560","0.7881","0.0011"
"22.0760","0.8680","0.0010"
"22.0960","0.9480","0.0010"
"22.1100","1.0040","0.0010"
"22.1110","1.0080","0.0010"
"22.1120","1.0120","0.0010"
"22.1320","1.0911","0.0007"
"22.1520","1.1557","0.0002"
"22.1720","1.1856","0.0001"
"22.1920","1.1731","0.0000"
"22.2120","1.1198","0.0004"
"22.2320","1.0414","0.0010"
"22.2520","0.9604","0.0010"
"22.2720","0.8828","0.0010"
"22.2920","0.8050","0.0010"
"22.3120","0.7247","0.0010"
"22.3320","0.6426","0.0009"
"22.3520","0.5605","0.0009"
"22.3720","0.4794","0.0010"
"22.3920","0.3992","0.0010"
"22.4120","0.3192","0.0009"
"22.4320","0.2394","0.0009"
"22.4520","0.1593","0.0007"
"22.4670","0.0992","0.0004"
"22.4680","0.0952","0.0003"
"22.4690","0.0912","0.0003"
"22.4890","0.0122","-0.0001"
"22.5090","-0.0521","-0.0002"
"22.5290","-0.0813","-0.0003"
"22.5490","-0.0676","0.0000"
"22.5690","-0.0129","0.0003"
"22.5890","0.0664","0.0005"
"22.6090","0.1475","0.0009"
"22.6290","0.2251","0.0010"
"22.6490","0.3029","0.0011"
"22.6690","0.3831","0.0010"
"22.6890","0.4650","0.0010"
"22.7090","0.5470","0.0010"
"22.7290","0.6281","0.0010"
"22.7490","0.7084","0.0010"
"22.7690","0.7882","0.0010"
"22.7890","0.8681","0.0009"
"22.8090","0.9481","0.0010"
"22.8220","1.0001","0.0010"
"22.8230","1.0041","0.0010"
"22.8240","1.0081","0.0010"
"22.8440","1.0872","0.0008"
"22.8640","1.1518","0.0003"
"22.8840","1.1817","0.0001"
"22.9040","1.1691","0.0001"
"22.9240","1.1158","0.0004"
"22.9440","1.0373","0.0011"
"22.9640","0.9563","0.0010"
"22.9840","0.8787","0.0010"
"23.0040","0.8009","0.0011"
"23.0240","0.7206","0.0010"
"23.0440","0.6385","0.0010"
"23.0640","0.5565","0.0010"
"23.0840","0.4754","0.0010"
"23.1040","0.3951","0.0009"
"23.1240","0.3152","0.0008"
"23.1440","0.2353","0.0008"
"23.1640","0.1553","0.0006"
"23.1780","0.0992","0.0003"
"23.1790","0.0952","0.0002"
"23.1800","0.0912","0.0002"
"23.2000","0.0121","-0.0001"
"23.2200","-0.0521","-0.0002"
"23.2400","-0.0813","-0.0003"
"23.2600","-0.0674","-0.0001"
"23.2800","-0.0126","0.0003"
"23.3000","0.0666","0.0005"
"23.3200","0.1478","0.0010"
"23.3400","0.2253","0.0011"
"23.3600","0.3031","0.0011"
"23.3800","0.3834","0.0012"
"23.4000","0.4653","0.0011"
"23.4200","0.5473","0.0010"
"23.4400","0.6284","0.0010"
"23.4600","0.7086","0.0010"
"23.4800","0.7885","0.0011"
"23.5000","0.8684","0.0011"
"23.5200","0.9484","0.0010"
"23.5330","1.0004","0.0010"
"23.5340","1.0044","0.0010"
"23.5350","1.0084","0.0010"
"23.5550","1.0875","0.0008"
"23.5750","1.1521","0.0003"
"23.5950","1.1821","0.0000"
"23.6150","1.1695","0.0001"
"23.6350","1.1162","0.0004"
"23.6550","1.0378","0.0010"
"23.6750","0.9569","0.0011"
"23.6950","0.8793","0.0011"
"23.7150","0.8015","0.0011"
"23.7350","0.7211","0.0010"
"23.7550","0.6391","0.0011"
"23.7750","0.5570","0.0011"
"23.7950","0.4758","0.0010"
"23.8150","0.3955","0.0010"
"23.8350","0.3156","0.0009"
"23.8550","0.2358","0.0009"
"23.8750","0.1558","0.0006"
"23.8890","0.0997","0.0003"
"23.8900","0.0957","0.0002"
"23.8910","0.0917","0.0002"
"23.9110","0.0126","-0.0002"
"23.9310","-0.0516","-0.0002"
"23.9510","-0.0806","-0.0003"
"23.9710","-0.0667","-0.0001"
"23.9910","-0.0118","0.0003"
"24.0110","0.0674","0.0004"
"24.0310","0.1486","0.0009"
"24.0510","0.2262","0.0010"
"24.0710","0.3040","0.0011"
"24.0910","0.3843","0.0011"
"24.1110","0.4661","0.0010"
"24.1310","0.5481","0.0010"
"24.1510","0.6292","0.0010"
"24.1710","0.7094","0.0010"
"24.1910","0.7893","0.0010"
"24.2110","0.8692","0.0011"
"24.2310","0.9491","0.0011"
"24.2440","1.0012","0.0011"
"24.2450","1.0052","0.0011"
"24.2460","1.0092","0.0011"
"24.2660","1.0883","0.0008"
"24.2860","1.1529","0.0002"
"24.3060","1.1829","0.0001"
"24.3260","1.1704","0.0000"
"24.3460","1.1173","0.0003"
"24.3660","1.0389","0.0010"
"24.3860","0.9580","0.0010"
"24.4060","0.8803","0.0010"
"24.4260","0.8025","0.0009"
"24.4460","0.7221","0.0009"
"24.4660","0.6400","0.0010"
"24.4860","0.5580","0.0010"
"24.5060","0.4769","0.0010"
"24.5260","0.3966","0.0010"
"24.5460","0.3167","0.0010"
"24.5660","0.2368","0.0008"
"24.5860","0.1568","0.0006"
"24.6010","0.0967","0.0002"
"24.6020","0.0927","0.0002"
"24.6030","0.0887","0.0001"
"24.6230","0.0097","-0.0002"
"24.6430","-0.0546","-0.0003"
"24.6630","-0.0837","-0.0004"
"24.6830","-0.0699","-0.0001"
"24.7030","-0.0152","0.0004"
"24.7230","0.0640","0.0005"
"24.7430","0.1450","0.0010"
"24.7630","0.2225","0.0011"
"24.7830","0.3004","0.0011"
"24.8030","0.3808","0.0011"
"24.8230","0.4629","0.0011"
"24.8430","0.5449","0.0010"
"24.8630","0.6259","0.0009"
"24.8830","0.7061","0.0010"
"24.9030","0.7859","0.0010"
"24.9230","0.8658","0.0011"
"24.9430","0.9458","0.0011"
"24.9570","1.0018","0.0011"
"24.9580","1.0058","0.0011"
"24.9590","1.0098","0.0011"
"24.9790","1.0889","0.0007"
"24.9990","1.1535","0.0002"
"25.0190","1.1834","0.0001"
"25.0390","1.1709","0.0001"
"25.0590","1.1177","0.0004"
"25.0790","1.0394","0.0010"
"25.0990","0.9585","0.0011"
"25.1190","0.8808","0.0010"
"25.1390","0.8030","0.0010"
"25.1590","0.7226","0.0010"
"25.1790","0.6405","0.0010"
"25.1990","0.5584","0.0011"
"25.2190","0.4773","0.0011"
"25.2390","0.3971","0.0011"
"25.2590","0.3172","0.0010"
"25.2790","0.2373","0.0008"
"25.2990","0.1573","0.0006"
"25.3140","0.0972","0.0003"
"25.3150","0.0932","0.0002"
"25.3160","0.0892","0.0002"
"25.3360","0.0101","-0.0002"
"25.3560","-0.0542","-0.0003"
"25.3760","-0.0833","-0.0003"
"25.3960","-0.0696","-0.0001"
"25.4160","-0.0149","0.0003"
"25.4360","0.0643","0.0004"
"25.4560","0.1453","0.0008"
"25.4760","0.2228","0.0011"
"25.4960","0.3007","0.0011"
"25.5160","0.3812","0.0012"
"25.5360","0.4633","0.0010"
"25.5560","0.5452","0.0010"
"25.5760","0.6263","0.0010"
"25.5960","0.7064","0.0010"
"25.6160","0.7862","0.0010"
"25.6360","0.8661","0.0010"
"25.6560","0.9461","0.0010"
"25.6700","1.0021","0.0010"
"25.6710","1.0061","0.0010"
"25.6720","1.0101","0.0010"
"25.6920","1.0892","0.0007"
"25.7120","1.1538","0.0001"
"25.7320","1.1838","0.0001"
"25.7520","1.1715","0.0002"
"25.7720","1.1184","0.0005"
"25.7920","1.0402","0.0011"
"25.8120","0.9593","0.0011"
"25.8320","0.8817","0.0011"
"25.8520","0.8038","0.0010"
"25.8720","0.7234","0.0010"
"25.8920","0.6412","0.0011"
"25.9120","0.5592","0.0012"
"25.9320","0.4781","0.0010"
"25.9520","0.3978","0.0009"
"25.9720","0.3179","0.0009"
"25.9920","0.2381","0.0008"
"26.0120","0.1581","0.0006"
"26.0270","0.0980","0.0001"
"26.0280","0.0940","0.0001"
"26.0290","0.0900","0.0001"
"26.0490","0.0109","-0.0003"
"26.0690","-0.0533","-0.0002"
"26.0890","-0.0823","-0.0002"
"26.1090","-0.0684","0.0000"
"26.1290","-0.0135","0.0003"
"26.1490","0.0658","0.0004"
"26.1690","0.1469","0.0009"
"26.1890","0.2244","0.0011"
"26.2090","0.3023","0.0011"
"26.2290","0.3827","0.0011"
"26.2490","0.4647","0.0011"
"26.2690","0.5467","0.0011"
"26.2890","0.6277","0.0011"
"26.3090","0.7078","0.0011"
"26.3290","0.7876","0.0011"
"26.3490","0.8675","0.0010"
"26.3690","0.9475","0.0010"
"26.3830","1.0035","0.0010"
"26.3840","1.0075","0.0010"
"26.3850","1.0115","0.0010"
"26.4050","1.0907","0.0008"
"26.4250","1.1553","0.0002"
"26.4450","1.1853","0.0000"
"26.4650","1.1728","0.0000"
"26.4850","1.1197","0.0003"
"26.5050","1.0414","0.0011"
"26.5250","0.9604","0.0011"
"26.5450","0.8828","0.0010"
"26.5650","0.8049","0.0009"
"26.5850","0.7246","0.0009"
"26.6050","0.6425","0.0010"
"26.6250","0.5604","0.0011"
"26.6450","0.4793","0.0010"
"26.6650","0.3991","0.0010"
"26.6850","0.3192","0.0009"
"26.7050","0.2393","0.0009"
"26.7250","0.1593","0.0006"
"26.7400","0.0992","0.0001"
"26.7410","0.0952","0.0001"
"26.7420","0.0912","0.0001"
"26.7620","0.0121","-0.0003"
"26.7820","-0.0522","-0.0002"
"26.8020","-0.0813","-0.0003"
"26.8220","-0.0675","0.0000"
"26.8420","-0.0127","0.0003"
"26.8620","0.0665","0.0005"
"26.8820","0.1475","0.0009"
"26.9020","0.2250","0.0010"
"26.9220","0.3029","0.0011"
"26.9420","0.3834","0.0011"
"26.9620","0.4655","0.0011"
"26.9820","0.5475","0.0011"
"27.0020","0.6285","0.0011"
"27.0220","0.7086","0.0010"
"27.0420","0.7884","0.0010"
"27.0620","0.8683","0.0011"
"27.0820","0.9483","0.0011"
"27.0950","1.0003","0.0011"
"27.0960","1.0043","0.0011"
"27.0970","1.0083","0.0011"
"27.1170","1.0874","0.0008"
"27.1370","1.1520","0.0002"
"27.1570","1.1819","0.0001"
"27.1770","1.1693","0.0001"
"27.1970","1.1160","0.0005"
"27.2170","1.0376","0.0011"
"27.2370","0.9566","0.0010"
"27.2570","0.8790","0.0010"
"27.2770","0.8011","0.0009"
"27.2970","0.7208","0.0009"
"27.3170","0.6387","0.0010"
"27.3370","0.5567","0.0010"
"27.3570","0.4755","0.0009"
"27.3770","0.3953","0.0009"
"27.3970","0.3154","0.0009"
"27.4170","0.2355","0.0008"
"27.4370","0.1555","0.0007"
"27.4510","0.0995","0.0003"
"27.4520","0.0954","0.0003"
"27.4530","0.0914","0.0003"
"27.4730","0.0124","-0.0001"
"27.4930","-0.0519","-0.0002"
"27.5130","-0.0810","-0.0003"
"27.5330","-0.0671","-0.0001"
"27.5530","-0.0123","0.0003"
"27.5730","0.0669","0.0004"
"27.5930","0.1479","0.0009"
"27.6130","0.2254","0.0011"
"27.6330","0.3033","0.0011"
"27.6530","0.3838","0.0011"
"27.6730","0.4658","0.0011"
"27.6930","0.5478","0.0011"
"27.7130","0.6288","0.0011"
"27.7330","0.7089","0.0010"
"27.7530","0.7887","0.0009"
"27.7730","0.8686","0.0010"
"27.7930","0.9486","0.0010"
"27.8060","1.0007","0.0010"
"27.8070","1.0047","0.0010"
"27.8080","1.0087","0.0010"
"27.8280","1.0878","0.0008"
"27.8480","1.1524","0.0003"
"27.8680","1.1824","0.0002"
"27.8880","1.1699","0.0001"
"27.9080","1.1167","0.0004"
"27.9280","1.0383","0.0011"
"27.9480","0.9574","0.0011"
"27.9680","0.8797","0.0009"
"27.9880","0.8019","0.0009"
"28.0080","0.7215","0.0009"
"28.0280","0.6395","0.0010"
"28.0480","0.5574","0.0010"
"28.0680","0.4763","0.0010"
"28.0880","0.3960","0.0009"
"28.1080","0.3162","0.0009"
"28.1280","0.2363","0.0009"
"28.1480","0.1562","0.0007"
"28.1630","0.0962","0.0002"
"28.1640","0.0922","0.0002"
"28.1650","0.0882","0.0002"
"28.1850","0.0091","-0.0002"
"28.2050","-0.0552","-0.0002"
"28.2250","-0.0842","-0.0003"
"28.2450","-0.0704","-0.0001"
"28.2650","-0.0156","0.0003"
"28.2850","0.0636","0.0003"
"28.3050","0.1446","0.0008"
"28.3250","0.2222","0.0012"
"28.3450","0.3000","0.0012"
"28.3650","0.3805","0.0011"
"28.3850","0.4626","0.0010"
"28.4050","0.5446","0.0010"
"28.4250","0.6256","0.0010"
"28.4450","0.7057","0.0011"
"28.4650","0.7855","0.0011"
"28.4850","0.8654","0.0011"
"28.5050","0.9454","0.0011"
"28.5190","1.0015","0.0011"
"28.5200","1.0055","0.0011"
"28.5210","1.0095","0.0011"
"28.5410","1.0886","0.0008"
"28.5610","1.1532","0.0002"
"28.5810","1.1832","0.0001"
"28.6010","1.1708","0.0001"
"28.6210","1.1177","0.0005"
"28.6410","1.0394","0.0011"
"28.6610","0.9585","0.0011"
"28.6810","0.8809","0.0010"
"28.7010","0.8030","0.0009"
"28.7210","0.7226","0.0010"
"28.7410","0.6405","0.0010"
"28.7610","0.5584","0.0010"
"28.7810","0.4773","0.0011"
"28.8010","0.3971","0.0011"
"28.8210","0.3172","0.0009"
"28.8410","0.2373","0.0008"
"28.8610","0.1573","0.0006"
"28.8760","0.0972","0.0003"
"28.8770","0.0932","0.0003"
"28.8780","0.0892","0.0002"
"28.8980","0.0101","-0.0001"
"28.9180","-0.0542","-0.0002"
"28.9380","-0.0833","-0.0004"
"28.9580","-0.0696","-0.0001"
"28.9780","-0.0148","0.0002"
"28.9980","0.0643","0.0004"
"29.0180","0.1453","0.0008"
"29.0380","0.2228","0.0010"
"29.0580","0.3006","0.0011"
"29.0780","0.3812","0.0011"
"29.0980","0.4633","0.0010"
"29.1180","0.5453","0.0011"
"29.1380","0.6263","0.0012"
"29.1580","0.7064","0.0012"
"29.1780","0.7862","0.0012"
"29.1980","0.8661","0.0011"
"29.2180","0.9461","0.0012"
"29.2320","1.0021","0.0011"
"29.2330","1.0061","0.0011"
"29.2340","1.0101","0.0011"
"29.2540","1.0893","0.0007"
"29.2740","1.1538","0.0002"
"29.2940","1.1838","0.0002"
"29.3140","1.1714","0.0002"
"29.3340","1.1184","0.0004"
"29.3540","1.0402","0.0011"
"29.3740","0.9593","0.0010"
"29.3940","0.8817","0.0009"
"29.4140","0.8037","0.0009"
"29.4340","0.7233","0.0010"
"29.4540","0.6412","0.0010"
"29.4740","0.5591","0.0010"
"29.4940","0.4780","0.0010"
"29.5140","0.3978","0.0009"
"29.5340","0.3179","0.0009"
"29.5540","0.2380","0.0008"
"29.5740","0.1580","0.0006"
"29.5890","0.0979","0.0003"
"29.5900","0.0939","0.0003"
"29.5910","0.0899","0.0002"
"29.6110","0.0108","-0.0001"
"29.6310","-0.0535","-0.0002"
"29.6510","-0.0826","-0.0002"
"29.6710","-0.0688","0.0000"
"29.6910","-0.0141","0.0002"
"29.7110","0.0651","0.0004"
"29.7310","0.1461","0.0009"
"29.7510","0.2236","0.0011"
"29.7710","0.3015","0.0011"
"29.7910","0.3820","0.0011"
"29.8110","0.4641","0.0011"
"29.8310","0.5461","0.0011"
"29.8510","0.6271","0.0011"
"29.8710","0.7072","0.0010"
"29.8910","0.7870","0.0010"
"29.9110","0.8669","0.0009"
"29.9310","0.9469","0.0010"
"29.9450","1.0029","0.0011"
"29.9460","1.0069","0.0011"
"29.9470","1.0109","0.0011"
"29.9670","1.0901","0.0008"
"29.9870","1.1546","0.0002"
"30.0070","1.1846","0.0001"
"30.0270","1.1722","0.0001"
"30.0470","1.1191","0.0004"
"30.0670","1.0408","0.0010"
"30.0870","0.9599","0.0010"
"30.1070","0.8823","0.0010"
"30.1270","0.8044","0.0010"
"30.1470","0.7240","0.0010"
"30.1670","0.6419","0.0010"
"30.1870","0.5598","0.0010"
"30.2070","0.4787","0.0009"
"30.2270","0.3985","0.0009"
"30.2470","0.3186","0.0008"
"30.2670","0.2387","0.0007"
"30.2870","0.1587","0.0006"
"30.3020","0.0986","0.0002"
"30.3030","0.0946","0.0002"
"30.3040","0.0906","0.0002"
"30.3240","0.0115","-0.0003"
"30.3440","-0.0528","-0.0003"
"30.3640","-0.0818","-0.0003"
"30.3840","-0.0680","0.0001"
"30.4040","-0.0131","0.0004"
"30.4240","0.0661","0.0004"
"30.4440","0.1471","0.0009"
"30.4640","0.2246","0.0011"
"30.4840","0.3024","0.0012"
"30.5040","0.3829","0.0011"
"30.5240","0.4650","0.0010"
"30.5440","0.5470","0.0010"
"30.5640","0.6280","0.0010"
"30.5840","0.7081","0.0010"
"30.6040","0.7879","0.0011"
"30.6240","0.8678","0.0010"
"30.6440","0.9478","0.0009"
"30.6580","1.0039","0.0010"
"30.6590","1.0079","0.0010"
"30.6600","1.0119","0.0010"
"30.6800","1.0910","0.0008"
"30.7000","1.1556","0.0002"
"30.7200","1.1855","0.0001"
"30.7400","1.1730","0.0001"
"30.7600","1.1197","0.0005"
"30.7800","1.0413","0.0011"
"30.8000","0.9604","0.0011"
"30.8200","0.8828","0.0010"
"30.8400","0.8050","0.0009"
"30.8600","0.7246","0.0010"
"30.8800","0.6425","0.0010"
"30.9000","0.5604","0.0011"
"30.9200","0.4793","0.0010"
"30.9400","0.3991","0.0010"
"30.9600","0.3192","0.0009"
"30.9800","0.2393","0.0009"
"31.0000","0.1593","0.0007"
"31.0150","0.0992","0.0003"
"31.0160","0.0952","0.0002"
"31.0170","0.0912","0.0002"
"31.0370","0.0121","-0.0002"
"31.0570","-0.0522","-0.0003"
"31.0770","-0.0812","-0.0003"
"31.0970","-0.0674","0.0000"
"31.1170","-0.0126","0.0003"
"31.1370","0.0667","0.0004"
"31.1570","0.1477","0.0008"
"31.1770","0.2252","0.0011"
"31.1970","0.3030","0.0011"
"31.2170","0.3835","0.0011"
"31.2370","0.4656","0.0010"
"31.2570","0.5476","0.0010"
"31.2770","0.6286","0.0011"
"31.2970","0.7087","0.0011"
"31.3170","0.7885","0.0011"
"31.3370","0.8684","0.0010"
"31.3570","0.9484","0.0010"
"31.3700","1.0004","0.0010"
"31.3710","1.0044","0.0010"
"31.3720","1.0084","0.0011"
"31.3920","1.0876","0.0008"
"31.4120","1.1521","0.0003"
"31.4320","1.1821","0.0002"
"31.4520","1.1695","0.0002"
"31.4720","1.1163","0.0005"
"31.4920","1.0379","0.0010"
"31.5120","0.9569","0.0009"
"31.5320","0.8793","0.0010"
"31.5520","0.8015","0.0010"
"31.5720","0.7211","0.0010"
"31.5920","0.6391","0.0009"
"31.6120","0.5570","0.0009"
"31.6320","0.4759","0.0010"
"31.6520","0.3956","0.0009"
"31.6720","0.3157","0.0009"
"31.6920","0.2359","0.0008"
"31.7120","0.1558","0.0005"
"31.7260","0.0998","0.0002"
"31.7270","0.0958","0.0001"
"31.7280","0.0917","0.0001"
"31.7480","0.0127","-0.0002"
"31.7680","-0.0516","-0.0002"
"31.7880","-0.0807","-0.0002"
"31.8080","-0.0668","-0.0001"
"31.8280","-0.0120","0.0003"
"31.8480","0.0672","0.0004"
"31.8680","0.1482","0.0008"
"31.8880","0.2257","0.0010"
"31.9080","0.3035","0.0010"
"31.9280","0.3840","0.0010"
"31.9480","0.4661","0.0010"
"31.9680","0.5481","0.0010"
"31.9880","0.6291","0.0010"
"32.0080","0.7092","0.0010"
"32.0280","0.7890","0.0010"
"32.0480","0.8689","0.0010"
"32.0680","0.9489","0.0011"
"32.0810","1.0010","0.0011"
"32.0820","1.0050","0.0011"
"32.0830","1.0090","0.0011"
"32.1030","1.0881","0.0009"
"32.1230","1.1527","0.0002"
"32.1430","1.1826","0.0001"
"32.1630","1.1701","0.0000"
"32.1830","1.1169","0.0003"
"32.2030","1.0385","0.0010"
"32.2230","0.9575","0.0011"
"32.2430","0.8799","0.0010"
"32.2630","0.8020","0.0010"
"32.2830","0.7217","0.0009"
"32.3030","0.6396","0.0010"
"32.3230","0.5576","0.0010"
"32.3430","0.4765","0.0010"
"32.3630","0.3962","0.0010"
"32.3830","0.3163","0.0009"
"32.4030","0.2365","0.0008"
"32.4230","0.1564","0.0006"
"32.4380","0.0964","0.0002"
"32.4390","0.0924","0.0002"
"32.4400","0.0884","0.0002"
"32.4600","0.0093","-0.0002"
"32.4800","-0.0550","-0.0002"
"32.5000","-0.0842","-0.0003"
"32.5200","-0.0704","-0.0001"
"32.5400","-0.0156","0.0002"
"32.5600","0.0635","0.0004"
"32.5800","0.1445","0.0008"
"32.6000","0.2220","0.0011"
"32.6200","0.2999","0.0011"
"32.6400","0.3804","0.0011"
"32.6600","0.4625","0.0011"
"32.6800","0.5445","0.0011"
"32.7000","0.6255","0.0011"
"32.7200","0.7056","0.0011"
"32.7400","0.7854","0.0011"
"32.7600","0.8653","0.0010"
"32.7800","0.9453","0.0010"
"32.7940","1.0013","0.0011"
"32.7950","1.0053","0.0011"
"32.7960","1.0093","0.0011"
"32.8160","1.0884","0.0008"
"32.8360","1.1530","0.0002"
"32.8560","1.1829","0.0001"
"32.8760","1.1703","0.0002"
"32.8960","1.1170","0.0004"
"32.9160","1.0385","0.0011"
"32.9360","0.9575","0.0011"
"32.9560","0.8799","0.0010"
"32.9760","0.8021","0.0009"
"32.9960","0.7217","0.0009"
"33.0160","0.6397","0.0010"
"33.0360","0.5576","0.0010"
"33.0560","0.4766","0.0010"
"33.0760","0.3963","0.0009"
"33.0960","0.3164","0.0009"
"33.1160","0.2365","0.0008"
"33.1360","0.1565","0.0007"
"33.1510","0.0965","0.0002"
"33.1520","0.0924","0.0002"
"33.1530","0.0884","0.0002"
"33.1730","0.0094","-0.0003"
"33.1930","-0.0549","-0.0003"
"33.2130","-0.0841","-0.0003"
"33.2330","-0.0703","-0.0002"
"33.2530","-0.0155","0.0002"
"33.2730","0.0637","0.0003"
"33.2930","0.1447","0.0008"
"33.3130","0.2222","0.0009"
"33.3330","0.3000","0.0010"
"33.3530","0.3805","0.0011"
"33.3730","0.4626","0.0011"
"33.3930","0.5446","0.0010"
"33.4130","0.6256","0.0010"
"33.4330","0.7057","0.0010"
"33.4530","0.7855","0.0011"
"33.4730","0.8654","0.0010"
"33.4930","0.9454","0.0010"
"33.5070","1.0015","0.0011"
"33.5080","1.0055","0.0011"
"33.5090","1.0095","0.0011"
"33.5290","1.0886","0.0008"
"33.5490","1.1532","0.0003"
"33.5690","1.1832","0.0002"
"33.5890","1.1707","0.0001"
"33.6090","1.1176","0.0004"
"33.6290","1.0393","0.0010"
"33.6490","0.9584","0.0011"
"33.6690","0.8807","0.0010"
"33.6890","0.8029","0.0009"
"33.7090","0.7225","0.0010"
"33.7290","0.6404","0.0010"
"33.7490","0.5583","0.0011"
"33.7690","0.4772","0.0010"
"33.7890","0.3970","0.0010"
"33.8090","0.3171","0.0009"
"33.8290","0.2372","0.0007"
"33.8490","0.1572","0.0006"
"33.8640","0.0971","0.0002"
"33.8650","0.0931","0.0002"
"33.8660","0.0891","0.0002"
"33.8860","0.0100","-0.0002"
"33.9060","-0.0542","-0.0003"
"33.9260","-0.0832","-0.0005"
"33.9460","-0.0694","-0.0002"
"33.9660","-0.0145","0.0001"
"33.9860","0.0646","0.0003"
"34.0060","0.1457","0.0008"
"34.0260","0.2232","0.0010"
"34.0460","0.3010","0.0012"
"34.0660","0.3815","0.0010"
"34.0860","0.4636","0.0009"
"34.1060","0.5456","0.0009"
"34.1260","0.6266","0.0010"
"34.1460","0.7067","0.0011"
"34.1660","0.7865","0.0011"
"34.1860","0.8664","0.0010"
"34.2060","0.9464","0.0011"
"34.2200","1.0025","0.0011"
"34.2210","1.0065","0.0011"
"34.2220","1.0105","0.0011"
"34.2420","1.0896","0.0008"
"34.2620","1.1541","0.0003"
"34.2820","1.1841","0.0002"
"34.3020","1.1717","0.0001"
"34.3220","1.1186","0.0004"
"34.3420","1.0403","0.0011"
"34.3620","0.9594","0.0011"
"34.3820","0.8818","0.0010"
"34.4020","0.8039","0.0009"
"34.4220","0.7235","0.0009"
"34.4420","0.6414","0.0010"
"34.4620","0.5593","0.0010"
"34.4820","0.4782","0.0010"
"34.5020","0.3980","0.0009"
"34.5220","0.3181","0.0008"
"34.5420","0.2382","0.0007"
"34.5620","0.1582","0.0005"
"34.5770","0.0981","0.0001"
"34.5780","0.0941","0.0001"
"34.5790","0.0901","0.0001"
"34.5990","0.0110","-0.0002"
"34.6190","-0.0533","-0.0002"
"34.6390","-0.0823","-0.0003"
"34.6590","-0.0685","-0.0001"
"34.6790","-0.0137","0.0003"
"34.6990","0.0655","0.0004"
"34.7190","0.1466","0.0008"
"34.7390","0.2240","0.0010"
"34.7590","0.3019","0.0011"
"34.7790","0.3823","0.0011"
"34.7990","0.4645","0.0010"
"34.8190","0.5464","0.0010"
"34.8390","0.6275","0.0010"
"34.8590","0.7076","0.0011"
"34.8790","0.7874","0.0011"
"34.8990","0.8672","0.0011"
"34.9190","0.9472","0.0011"
"34.9330","1.0033","0.0010"
"34.9340","1.0073","0.0010"
"34.9350","1.0113","0.0010"
"34.9550","1.0904","0.0008"
"34.9750","1.1549","0.0002"
"34.9950","1.1848","0.0001"
"35.0150","1.1722","0.0002"
"35.0350","1.1190","0.0005"
"35.0550","1.0406","0.0011"
"35.0750","0.9597","0.0011"
"35.0950","0.8820","0.0010"
"35.1150","0.8042","0.0009"
"35.1350","0.7238","0.0008"
"35.1550","0.6417","0.0009"
"35.1750","0.5597","0.0010"
"35.1950","0.4786","0.0010"
"35.2150","0.3983","0.0010"
"35.2350","0.3184","0.0010"
"35.2550","0.2386","0.0009"
"35.2750","0.1585","0.0006"
"35.2900","0.0985","0.0002"
"35.2910","0.0944","0.0002"
"35.2920","0.0904","0.0001"
"35.3120","0.0114","-0.0002"
"35.3320","-0.0529","-0.0003"
"35.3520","-0.0820","-0.0003"
"35.3720","-0.0682","0.0000"
"35.3920","-0.0134","0.0004"
"35.4120","0.0658","0.0004"
"35.4320","0.1469","0.0008"
"35.4520","0.2243","0.0011"
"35.4720","0.3021","0.0011"
"35.4920","0.3826","0.0011"
"35.5120","0.4647","0.0011"
"35.5320","0.5467","0.0009"
"35.5520","0.6278","0.0010"
"35.5720","0.7079","0.0010"
"35.5920","0.7877","0.0011"
"35.6120","0.8675","0.0011"
"35.6320","0.9475","0.0010"
"35.6460","1.0036","0.0010"
"35.6470","1.0076","0.0010"
"35.6480","1.0116","0.0010"
"35.6680","1.0907","0.0007"
"35.6880","1.1553","0.0003"
"35.7080","1.1852","0.0002"
"35.7280","1.1727","0.0002"
"35.7480","1.1195","0.0005"
"35.7680","1.0411","0.0011"
"35.7880","0.9602","0.0011"
"35.8080","0.8826","0.0010"
"35.8280","0.8047","0.0010"
"35.8480","0.7244","0.0010"
"35.8680","0.6423","0.0009"
"35.8880","0.5602","0.0010"
"35.9080","0.4791","0.0010"
"35.9280","0.3989","0.0011"
"35.9480","0.3190","0.0009"
"35.9680","0.2391","0.0008"
"35.9880","0.1591","0.0006"
"36.0030","0.0990","0.0003"
"36.0040","0.0950","0.0002"
"36.0050","0.0910","0.0002"
"36.0250","0.0119","-0.0002"
"36.0450","-0.0524","-0.0003"
"36.0650","-0.0815","-0.0003"
"36.0850","-0.0677","-0.0001"
"36.1050","-0.0129","0.0004"
"36.1250","0.0663","0.0004"
"36.1450","0.1473","0.0008"
"36.1650","0.2248","0.0010"
"36.1850","0.3027","0.0011"
"36.2050","0.3832","0.0010"
"36.2250","0.4653","0.0010"
"36.2450","0.5473","0.0010"
"36.2650","0.6283","0.0010"
"36.2850","0.7084","0.0010"
"36.3050","0.7882","0.0011"
"36.3250","0.8681","0.0011"
"36.3450","0.9481","0.0011"
"36.3580","1.0001","0.0011"
"36.3590","1.0041","0.0011"
"36.3600","1.0081","0.0011"
"36.3800","1.0873","0.0008"
"36.4000","1.1519","0.0002"
"36.4200","1.1818","0.0000"
"36.4400","1.1694","0.0001"
"36.4600","1.1161","0.0004"
"36.4800","1.0377","0.0010"
"36.5000","0.9568","0.0010"
"36.5200","0.8792","0.0010"
"36.5400","0.8013","0.0009"
"36.5600","0.7210","0.0009"
"36.5800","0.6389","0.0010"
"36.6000","0.5568","0.0010"
"36.6200","0.4757","0.0009"
"36.6400","0.3955","0.0009"
"36.6600","0.3156","0.0008"
"36.6800","0.2357","0.0008"
"36.7000","0.1557","0.0006"
"36.7140","0.0996","0.0002"
"36.7150","0.0956","0.0002"
"36.7160","0.0916","0.0002"
"36.7360","0.0125","-0.0002"
"36.7560","-0.0518","-0.0001"
"36.7760","-0.0809","-0.0003"
"36.7960","-0.0671","0.0000"
"36.8160","-0.0123","0.0003"
"36.8360","0.0669","0.0003"
"36.8560","0.1479","0.0008"
"36.8760","0.2253","0.0009"
"36.8960","0.3032","0.0011"
"36.9160","0.3837","0.0011"
"36.9360","0.4658","0.0010"
"36.9560","0.5478","0.0010"
"36.9760","0.6288","0.0010"
"36.9960","0.7090","0.0010"
"37.0160","0.7888","0.0010"
"37.0360","0.8686","0.0011"
"37.0560","0.9486","0.0011"
"37.0690","1.0007","0.0011"
"37.0700","1.0047","0.0011"
"37.0710","1.0087","0.0011"
"37.0910","1.0878","0.0008"
"37.1110","1.1523","0.0003"
"37.1310","1.1822","0.0001"
"37.1510","1.1697","0.0001"
"37.1710","1.1163","0.0003"
"37.1910","1.0379","0.0011"
"37.2110","0.9569","0.0011"
"37.2310","0.8793","0.0010"
"37.2510","0.8014","0.0010"
"37.2710","0.7211","0.0010"
"37.2910","0.6391","0.0010"
"37.3110","0.5570","0.0010"
"37.3310","0.4759","0.0009"
"37.3510","0.3956","0.0010"
"37.3710","0.3157","0.0009"
"37.3910","0.2359","0.0008"
"37.4110","0.1559","0.0006"
"37.4250","0.0998","0.0003"
"37.4260","0.0958","0.0002"
"37.4270","0.0918","0.0002"
"37.4470","0.0127","-0.0001"
"37.4670","-0.0516","-0.0002"
"37.4870","-0.0807","-0.0002"
"37.5070","-0.0668","0.0000"
"37.5270","-0.0120","0.0002"
"37.5470","0.0672","0.0003"
"37.5670","0.1482","0.0008"
"37.5870","0.2257","0.0010"
"37.6070","0.3035","0.0012"
"37.6270","0.3840","0.0011"
"37.6470","0.4661","0.0009"
"37.6670","0.5481","0.0010"
"37.6870","0.6291","0.0012"
"37.7070","0.7092","0.0011"
"37.7270","0.7890","0.0010"
"37.7470","0.8689","0.0010"
"37.7670","0.9489","0.0011"
"37.7800","1.0010","0.0011"
"37.7810","1.0050","0.0011"
"37.7820","1.0090","0.0011"
"37.8020","1.0881","0.0008"
"37.8220","1.1527","0.0003"
"37.8420","1.1827","0.0001"
"37.8620","1.1702","0.0001"
"37.8820","1.1170","0.0004"
"37.9020","1.0386","0.0010"
"37.9220","0.9576","0.0011"
"37.9420","0.8800","0.0010"
"37.9620","0.8021","0.0010"
"37.9820","0.7218","0.0010"
"38.0020","0.6397","0.0010"
"38.0220","0.5577","0.0010"
"38.0420","0.4765","0.0010"
"38.0620","0.3963","0.0010"
"38.0820","0.3164","0.0009"
"38.1020","0.2366","0.0007"
"38.1220","0.1565","0.0006"
"38.1370","0.0965","0.0003"
"38.1380","0.0925","0.0002"
"38.1390","0.0884","0.0002"
"38.1590","0.0094","-0.0001"
"38.1790","-0.0549","-0.0002"
"38.1990","-0.0839","-0.0003"
"38.2190","-0.0700","-0.0002"
"38.2390","-0.0152","0.0002"
"38.2590","0.0640","0.0003"
"38.2790","0.1451","0.0008"
"38.2990","0.2226","0.0011"
"38.3190","0.3004","0.0011"
"38.3390","0.3809","0.0011"
"38.3590","0.4630","0.0011"
"38.3790","0.5450","0.0010"
"38.3990","0.6260","0.0011"
"38.4190","0.7061","0.0010"
"38.4390","0.7859","0.0010"
"38.4590","0.8658","0.0010"
"38.4790","0.9458","0.0011"
"38.4930","1.0018","0.0011"
"38.4940","1.0058","0.0011"
"38.4950","1.0098","0.0011"
"38.5150","1.0890","0.0008"
"38.5350","1.1535","0.0002"
"38.5550","1.1835","0.0001"
"38.5750","1.1712","0.0002"
"38.5950","1.1181","0.0004"
"38.6150","1.0398","0.0011"
"38.6350","0.9590","0.0012"
"38.6550","0.8813","0.0010"
"38.6750","0.8034","0.0009"
"38.6950","0.7230","0.0009"
"38.7150","0.6409","0.0009"
"38.7350","0.5588","0.0009"
"38.7550","0.4777","0.0009"
"38.7750","0.3975","0.0010"
"38.7950","0.3176","0.0010"
"38.8150","0.2377","0.0009"
"38.8350","0.1577","0.0007"
"38.8500","0.0976","0.0002"
"38.8510","0.0936","0.0002"
"38.8520","0.0896","0.0002"
"38.8720","0.0105","-0.0002"
"38.8920","-0.0538","-0.0003"
"38.9120","-0.0828","-0.0003"
"38.9320","-0.0689","-0.0001"
"38.9520","-0.0141","0.0003"
"38.9720","0.0651","0.0004"
"38.9920","0.1462","0.0008"
"39.0120","0.2236","0.0011"
"39.0320","0.3014","0.0011"
"39.0520","0.3819","0.0011"
"39.0720","0.4640","0.0011"
"39.0920","0.5460","0.0011"
"39.1120","0.6270","0.0011"
"39.1320","0.7071","0.0011"
"39.1520","0.7869","0.0011"
"39.1720","0.8668","0.0010"
"39.1920","0.9468","0.0011"
"39.2060","1.0029","0.0011"
"39.2070","1.0069","0.0011"
"39.2080","1.0109","0.0011"
"39.2280","1.0900","0.0009"
"39.2480","1.1546","0.0003"
"39.2680","1.1845","0.0002"
"39.2880","1.1721","0.0001"
"39.3080","1.1189","0.0004"
"39.3280","1.0406","0.0011"
"39.3480","0.9597","0.0012"
"39.3680","0.8821","0.0011"
"39.3880","0.8042","0.0009"
"39.4080","0.7238","0.0010"
"39.4280","0.6417","0.0011"
"39.4480","0.5596","0.0011"
"39.4680","0.4785","0.0011"
"39.4880","0.3983","0.0010"
"39.5080","0.3184","0.0010"
"39.5280","0.2386","0.0010"
"39.5480","0.1585","0.0007"
"39.5630","0.0984","0.0003"
"39.5640","0.0944","0.0003"
"39.5650","0.0904","0.0002"
"39.5850","0.0113","-0.0003"
"39.6050","-0.0529","-0.0003"
"39.6250","-0.0820","-0.0004"
"39.6450","-0.0681","0.0000"
"39.6650","-0.0132","0.0003"
"39.6850","0.0660","0.0004"
"39.7050","0.1471","0.0008"
"39.7250","0.2246","0.0010"
"39.7450","0.3023","0.0011"
"39.7650","0.3828","0.0011"
"39.7850","0.4649","0.0009"
"39.8050","0.5469","0.0009"
"39.8250","0.6279","0.0010"
"39.8450","0.7080","0.0010"
"39.8650","0.7878","0.0010"
"39.8850","0.8677","0.0010"
"39.9050","0.9477","0.0010"
"39.9190","1.0038","0.0011"
"39.9200","1.0078","0.0011"
"39.9210","1.0118","0.0011"
"39.9410","1.0909","0.0008"
"39.9610","1.1555","0.0002"
"39.9810","1.1854","0.0001"
"40.0010","1.1730","0.0002"
"40.0210","1.1198","0.0003"
"40.0410","1.0414","0.0010"
"40.0610","0.9605","0.0012"
"40.0810","0.8829","0.0011"
"40.1010","0.8050","0.0010"
"40.1210","0.7247","0.0010"
"40.1410","0.6426","0.0010"
"40.1610","0.5605","0.0010"
"40.1810","0.4794","0.0010"
"40.2010","0.3991","0.0009"
"40.2210","0.3193","0.0009"
"40.2410","0.2394","0.0008"
"40.2610","0.1594","0.0005"
"40.2760","0.0993","0.0002"
"40.2770","0.0953","0.0002"
"40.2780","0.0913","0.0002"
"40.2980","0.0122","-0.0002"
"40.3180","-0.0521","-0.0003"
"40.3380","-0.0811","-0.0003"
"40.3580","-0.0672","-0.0001"
"40.3780","-0.0124","0.0003"
"40.3980","0.0669","0.0003"
"40.4180","0.1480","0.0007"
"40.4380","0.2255","0.0010"
"40.4580","0.3033","0.0011"
"40.4780","0.3837","0.0010"
"40.4980","0.4658","0.0010"
"40.5180","0.5478","0.0010"
"40.5380","0.6288","0.0010"
"40.5580","0.7089","0.0011"
"40.5780","0.7887","0.0010"
"40.5980","0.8686","0.0010"
"40.6180","0.9486","0.0009"
"40.6310","1.0006","0.0010"
"40.6320","1.0047","0.0010"
"40.6330","1.0087","0.0010"
"40.6530","1.0878","0.0008"
"40.6730","1.1524","0.0003"
"40.6930","1.1824","0.0001"
"40.7130","1.1699","0.0001"
"40.7330","1.1167","0.0004"
"40.7530","1.0383","0.0011"
"40.7730","0.9573","0.0011"
"40.7930","0.8797","0.0010"
"40.8130","0.8019","0.0010"
"40.8330","0.7215","0.0010"
"40.8530","0.6394","0.0009"
"40.8730","0.5573","0.0010"
"40.8930","0.4762","0.0010"
"40.9130","0.3960","0.0010"
"40.9330","0.3161","0.0010"
"40.9530","0.2363","0.0008"
"40.9730","0.1562","0.0006"
"40.9880","0.0962","0.0002"
"40.9890","0.0921","0.0002"
"40.9900","0.0881","0.0001"
"41.0100","0.0090","-0.0002"
"41.0300","-0.0552","-0.0002"
"41.0500","-0.0843","-0.0004"
"41.0700","-0.0704","-0.0001"
"41.0900","-0.0156","0.0003"
"41.1100","0.0636","0.0003"
"41.1300","0.1447","0.0008"
"41.1500","0.2222","0.0010"
"41.1700","0.3000","0.0010"
"41.1900","0.3804","0.0010"
"41.2100","0.4625","0.0010"
"41.2300","0.5445","0.0010"
"41.2500","0.6255","0.0010"
"41.2700","0.7057","0.0011"
"41.2900","0.7855","0.0011"
"41.3100","0.8653","0.0010"
"41.3300","0.9453","0.0010"
"41.3440","1.0014","0.0011"
"41.3450","1.0054","0.0011"
"41.3460","1.0094","0.0011"
"41.3660","1.0885","0.0008"
"41.3860","1.1531","0.0003"
"41.4060","1.1831","0.0002"
"41.4260","1.1707","0.0001"
"41.4460","1.1175","0.0004"
"41.4660","1.0392","0.0010"
"41.4860","0.9583","0.0012"
"41.5060","0.8807","0.0012"
"41.5260","0.8028","0.0010"
"41.5460","0.7224","0.0010"
"41.5660","0.6403","0.0010"
"41.5860","0.5583","0.0010"
"41.6060","0.4771","0.0009"
"41.6260","0.3969","0.0009"
"41.6460","0.3170","0.0009"
"41.6660","0.2372","0.0009"
"41.6860","0.1571","0.0006"
"41.7010","0.0971","0.0003"
"41.7020","0.0930","0.0002"
"41.7030","0.0890","0.0002"
"41.7230","0.0100","-0.0001"
"41.7430","-0.0543","-0.0002"
"41.7630","-0.0833","-0.0003"
"41.7830","-0.0694","-0.0001"
"41.8030","-0.0146","0.0003"
"41.8230","0.0646","0.0004"
"41.8430","0.1457","0.0008"
"41.8630","0.2232","0.0010"
"41.8830","0.3010","0.0012"
"41.9030","0.3814","0.0011"
"41.9230","0.4635","0.0010"
"41.9430","0.5455","0.0011"
"41.9630","0.6265","0.0011"
"41.9830","0.7067","0.0010"
"42.0030","0.7865","0.0010"
"42.0230","0.8663","0.0010"
"42.0430","0.9463","0.0010"
"42.0570","1.0024","0.0009"
"42.0580","1.0064","0.0009"
"42.0590","1.0104","0.0009"
"42.0790","1.0895","0.0007"
"42.0990","1.1541","0.0002"
"42.1190","1.1841","0.0001"
"42.1390","1.1717","0.0002"
"42.1590","1.1187","0.0004"
"42.1790","1.0404","0.0011"
"42.1990","0.9595","0.0011"
"42.2190","0.8819","0.0011"
"42.2390","0.8040","0.0009"
"42.2590","0.7236","0.0010"
"42.2790","0.6415","0.0010"
"42.2990","0.5594","0.0010"
"42.3190","0.4783","0.0010"
"42.3390","0.3981","0.0009"
"42.3590","0.3182","0.0008"
"42.3790","0.2383","0.0008"
"42.3990","0.1583","0.0006"
"42.4140","0.0982","0.0002"
"42.4150","0.0942","0.0002"
"42.4160","0.0902","0.0002"
"42.4360","0.0111","-0.0002"
"42.4560","-0.0532","-0.0002"
"42.4760","-0.0822","-0.0003"
"42.4960","-0.0683","-0.0001"
"42.5160","-0.0135","0.0003"
"42.5360","0.0657","0.0004"
"42.5560","0.1468","0.0008"
"42.5760","0.2243","0.0011"
"42.5960","0.3021","0.0011"
"42.6160","0.3826","0.0011"
"42.6360","0.4646","0.0010"
"42.6560","0.5466","0.0009"
"42.6760","0.6276","0.0010"
"42.6960","0.7078","0.0010"
"42.7160","0.7876","0.0010"
"42.7360","0.8675","0.0011"
"42.7560","0.9475","0.0011"
"42.7700","1.0035","0.0010"
"42.7710","1.0075","0.0010"
"42.7720","1.0115","0.0010"
"42.7920","1.0906","0.0007"
"42.8120","1.1552","0.0002"
"42.8320","1.1851","0.0001"
"42.8520","1.1726","0.0000"
"42.8720","1.1193","0.0003"
"42.8920","1.0409","0.0010"
"42.9120","0.9600","0.0010"
"42.9320","0.8823","0.0009"
"42.9520","0.8045","0.0009"
"42.9720","0.7242","0.0010"
"42.9920","0.6421","0.0010"
"43.0120","0.5600","0.0010"
"43.0320","0.4789","0.0010"
"43.0520","0.3987","0.0010"
"43.0720","0.3188","0.0009"
"43.0920","0.2389","0.0008"
"43.1120","0.1589","0.0006"
"43.1270","0.0988","0.0002"
"43.1280","0.0948","0.0002"
"43.1290","0.0908","0.0002"
"43.1490","0.0117","-0.0003"
"43.1690","-0.0525","-0.0003"
"43.1890","-0.0816","-0.0003"
"43.2090","-0.0677","-0.0001"
"43.2290","-0.0128","0.0003"
"43.2490","0.0665","0.0004"
"43.2690","0.1476","0.0008"
"43.2890","0.2251","0.0010"
"43.3090","0.3029","0.0011"
"43.3290","0.3833","0.0011"
"43.3490","0.4653","0.0010"
"43.3690","0.5473","0.0010"
"43.3890","0.6283","0.0010"
"43.4090","0.7085","0.0010"
"43.4290","0.7883","0.0010"
"43.4490","0.8682","0.0011"
"43.4690","0.9482","0.0011"
"43.4820","1.0002","0.0011"
"43.4830","1.0042","0.0010"
"43.4840","1.0082","0.0010"
"43.5040","1.0873","0.0007"
"43.5240","1.1519","0.0002"
"43.5440","1.1819","0.0001"
"43.5640","1.1694","0.0001"
"43.5840","1.1161","0.0003"
"43.6040","1.0376","0.0010"
"43.6240","0.9566","0.0011"
"43.6440","0.8789","0.0010"
"43.6640","0.8011","0.0009"
"43.6840","0.7208","0.0009"
"43.7040","0.6388","0.0009"
"43.7240","0.5567","0.0010"
"43.7440","0.4756","0.0010"
"43.7640","0.3954","0.0009"
"43.7840","0.3155","0.0009"
"43.8040","0.2356","0.0008"
"43.8240","0.1556","0.0006"
"43.8380","0.0995","0.0002"
"43.8390","0.0955","0.0001"
"43.8400","0.0915","0.0001"
"43.8600","0.0124","-0.0002"
"43.8800","-0.0518","-0.0002"
"43.9000","-0.0808","-0.0003"
"43.9200","-0.0668","0.0000"
"43.9400","-0.0119","0.0003"
"43.9600","0.0673","0.0003"
"43.9800","0.1485","0.0008"
"44.0000","0.2260","0.0010"
"44.0200","0.3037","0.0010"
"44.0400","0.3841","0.0010"
"44.0600","0.4662","0.0010"
"44.0800","0.5482","0.0010"
"44.1000","0.6292","0.0010"
"44.1200","0.7093","0.0010"
"44.1400","0.7892","0.0010"
"44.1600","0.8690","0.0010"
"44.1800","0.9490","0.0010"
"44.1930","1.0011","0.0011"
"44.1940","1.0051","0.0011"
"44.1950","1.0091","0.0011"
"44.2150","1.0882","0.0009"
"44.2350","1.1528","0.0002"
"44.2550","1.1828","0.0001"
"44.2750","1.1704","0.0002"
"44.2950","1.1172","0.0004"
"44.3150","1.0388","0.0011"
"44.3350","0.9579","0.0012"
"44.3550","0.8802","0.0010"
"44.3750","0.8024","0.0009"
"44.3950","0.7220","0.0009"
"44.4150","0.6399","0.0009"
"44.4350","0.5578","0.0011"
"44.4550","0.4767","0.0011"
"44.4750","0.3965","0.0010"
"44.4950","0.3166","0.0009"
"44.5150","0.2368","0.0008"
"44.5350","0.1567","0.0006"
"44.5500","0.0967","0.0002"
"44.5510","0.0927","0.0002"
"44.5520","0.0886","0.0002"
"44.5720","0.0096","-0.0003"
"44.5920","-0.0547","-0.0003"
"44.6120","-0.0838","-0.0003"
"44.6320","-0.0699","0.0000"
"44.6520","-0.0151","0.0004"
"44.6720","0.0640","0.0003"
"44.6920","0.1450","0.0008"
"44.7120","0.2225","0.0011"
"44.7320","0.3003","0.0011"
"44.7520","0.3808","0.0011"
"44.7720","0.4629","0.0010"
"44.7920","0.5449","0.0010"
"44.8120","0.6259","0.0010"
"44.8320","0.7061","0.0011"
"44.8520","0.7859","0.0011"
"44.8720","0.8658","0.0010"
"44.8920","0.9458","0.0010"
"44.9060","1.0018","0.0010"
"44.9070","1.0058","0.0010"
"44.9080","1.0098","0.0010"
"44.9280","1.0889","0.0007"
"44.9480","1.1535","0.0003"
"44.9680","1.1834","0.0002"
"44.9880","1.1709","0.0002"
"45.0080","1.1177","0.0005"
"45.0280","1.0394","0.0010"
"45.0480","0.9584","0.0011"
"45.0680","0.8808","0.0010"
"45.0880","0.8029","0.0010"
"45.1080","0.7225","0.0009"
"45.1280","0.6405","0.0009"
"45.1480","0.5584","0.0010"
"45.1680","0.4773","0.0009"
"45.1880","0.3970","0.0009"
"45.2080","0.3172","0.0009"
"45.2280","0.2373","0.0008"
"45.2480","0.1573","0.0006"
"45.2630","0.0972","0.0001"
"45.2640","0.0932","0.0001"
"45.2650","0.0892","0.0001"
"45.2850","0.0101","-0.0003"
"45.3050","-0.0542","-0.0003"
"45.3250","-0.0833","-0.0004"
"45.3450","-0.0695","-0.0001"
"45.3650","-0.0148","0.0002"
"45.3850","0.0643","0.0003"
"45.4050","0.1454","0.0008"
"45.4250","0.2229","0.0010"
"45.4450","0.3007","0.0011"
"45.4650","0.3811","0.0010"
"45.4850","0.4633","0.0010"
"45.5050","0.5453","0.0010"
"45.5250","0.6263","0.0011"
"45.5450","0.7064","0.0010"
"45.5650","0.7863","0.0010"
"45.5850","0.8662","0.0010"
"45.6050","0.9461","0.0010"
"45.6190","1.0022","0.0010"
"45.6200","1.0062","0.0010"
"45.6210","1.0102","0.0010"
"45.6410","1.0893","0.0007"
"45.6610","1.1539","0.0001"
"45.6810","1.1839","0.0002"
"45.7010","1.1715","0.0002"
"45.7210","1.1185","0.0004"
"45.7410","1.0402","0.0010"
"45.7610","0.9594","0.0010"
"45.7810","0.8817","0.0009"
"45.8010","0.8038","0.0009"
"45.8210","0.7234","0.0011"
"45.8410","0.6413","0.0011"
"45.8610","0.5592","0.0011"
"45.8810","0.4781","0.0010"
"45.9010","0.3979","0.0010"
"45.9210","0.3180","0.0009"
"45.9410","0.2381","0.0008"
"45.9610","0.1581","0.0005"
"45.9760","0.0980","0.0001"
"45.9770","0.0940","0.0001"
"45.9780","0.0900","0.0000"
"45.9980","0.0109","-0.0003"
"46.0180","-0.0533","-0.0003"
"46.0380","-0.0823","-0.0003"
"46.0580","-0.0683","-0.0001"
"46.0780","-0.0134","0.0002"
"46.0980","0.0658","0.0004"
"46.1180","0.1469","0.0008"
"46.1380","0.2244","0.0011"
"46.1580","0.3022","0.0011"
"46.1780","0.3826","0.0012"
"46.1980","0.4647","0.0011"
"46.2180","0.5467","0.0010"
"46.2380","0.6277","0.0010"
"46.2580","0.7078","0.0011"
"46.2780","0.7877","0.0012"
"46.2980","0.8676","0.0011"
"46.3180","0.9476","0.0010"
"46.3320","1.0036","0.0010"
"46.3330","1.0076","0.0010"
"46.3340","1.0116","0.0010"
"46.3540","1.0908","0.0007"
"46.3740","1.1553","0.0001"
"46.3940","1.1853","0.0001"
"46.4140","1.1728","0.0001"
"46.4340","1.1196","0.0004"
"46.4540","1.0413","0.0011"
"46.4740","0.9603","0.0011"
"46.4940","0.8827","0.0010"
"46.5140","0.8049","0.0010"
"46.5340","0.7245","0.0010"
"46.5540","0.6424","0.0009"
"46.5740","0.5603","0.0010"
"46.5940","0.4792","0.0010"
"46.6140","0.3990","0.0011"
"46.6340","0.3191","0.0009"
"46.6540","0.2392","0.0007"
"46.6740","0.1592","0.0005"
"46.6890","0.0991","0.0001"
"46.6900","0.0951","0.0000"
"46.6910","0.0911","0.0000"
"46.7110","0.0120","-0.0003"
"46.7310","-0.0522","-0.0003"
"46.7510","-0.0813","-0.0003"
"46.7710","-0.0674","-0.0001"
"46.7910","-0.0126","0.0002"
"46.8110","0.0667","0.0004"
"46.8310","0.1478","0.0008"
"46.8510","0.2253","0.0010"
"46.8710","0.3030","0.0011"
"46.8910","0.3835","0.0011"
"46.9110","0.4656","0.0010"
"46.9310","0.5475","0.0010"
"46.9510","0.6285","0.0009"
"46.9710","0.7087","0.0009"
"46.9910","0.7885","0.0010"
"47.0110","0.8684","0.0010"
"47.0310","0.9484","0.0010"
"47.0440","1.0005","0.0010"
"47.0450","1.0045","0.0010"
"47.0460","1.0085","0.0010"
"47.0660","1.0876","0.0008"
"47.0860","1.1521","0.0002"
"47.1060","1.1820","0.0001"
"47.1260","1.1695","0.0001"
"47.1460","1.1161","0.0004"
"47.1660","1.0377","0.0011"
"47.1860","0.9566","0.0010"
"47.2060","0.8790","0.0010"
"47.2260","0.8012","0.0010"
"47.2460","0.7209","0.0010"
"47.2660","0.6388","0.0009"
"47.2860","0.5568","0.0009"
"47.3060","0.4757","0.0009"
"47.3260","0.3954","0.0009"
"47.3460","0.3155","0.0009"
"47.3660","0.2357","0.0008"
"47.3860","0.1557","0.0006"
"47.4000","0.0996","0.0002"
"47.4010","0.0956","0.0002"
"47.4020","0.0916","0.0001"
"47.4220","0.0125","-0.0003"
"47.4420","-0.0518","-0.0003"
"47.4620","-0.0808","-0.0004"
"47.4820","-0.0670","-0.0001"
"47.5020","-0.0121","0.0002"
"47.5220","0.0671","0.0003"
"47.5420","0.1482","0.0007"
"47.5620","0.2257","0.0009"
"47.5820","0.3034","0.0010"
"47.6020","0.3839","0.0011"
"47.6220","0.4660","0.0010"
"47.6420","0.5480","0.0010"
"47.6620","0.6290","0.0009"
"47.6820","0.7091","0.0009"
"47.7020","0.7890","0.0010"
"47.7220","0.8689","0.0010"
"47.7420","0.9488","0.0010"
"47.7550","1.0009","0.0010"
"47.7560","1.0049","0.0010"
"47.7570","1.0089","0.0010"
"47.7770","1.0880","0.0007"
"47.7970","1.1526","0.0002"
"47.8170","1.1826","0.0002"
"47.8370","1.1701","0.0002"
"47.8570","1.1169","0.0004"
"47.8770","1.0385","0.0010"
"47.8970","0.9575","0.0011"
"47.9170","0.8798","0.0011"
"47.9370","0.8020","0.0011"
"47.9570","0.7217","0.0011"
"47.9770","0.6396","0.0011"
"47.9970","0.5575","0.0010"
"48.0170","0.4764","0.0009"
"48.0370","0.3962","0.0009"
"48.0570","0.3163","0.0008"
"48.0770","0.2365","0.0007"
"48.0970","0.1564","0.0005"
"48.1120","0.0964","0.0001"
"48.1130","0.0924","0.0000"
"48.1140","0.0883","0.0000"
"48.1340","0.0093","-0.0004"
"48.1540","-0.0550","-0.0004"
"48.1740","-0.0840","-0.0005"
"48.1940","-0.0701","-0.0002"
"48.2140","-0.0152","0.0001"
"48.2340","0.0640","0.0003"
"48.2540","0.1451","0.0009"
"48.2740","0.2226","0.0011"
"48.2940","0.3004","0.0011"
"48.3140","0.3808","0.0011"
"48.3340","0.4629","0.0010"
"48.3540","0.5448","0.0010"
"48.3740","0.6259","0.0010"
"48.3940","0.7060","0.0009"
"48.4140","0.7858","0.0009"
"48.4340","0.8657","0.0010"
"48.4540","0.9457","0.0011"
"48.4680","1.0018","0.0011"
"48.4690","1.0058","0.0011"
"48.4700","1.0098","0.0011"
"48.4900","1.0889","0.0007"
"48.5100","1.1535","0.0002"
"48.5300","1.1835","0.0001"
"48.5500","1.1711","0.0001"
"48.5700","1.1180","0.0004"
"48.5900","1.0397","0.0011"
"48.6100","0.9589","0.0011"
"48.6300","0.8812","0.0010"
"48.6500","0.8034","0.0009"
"48.6700","0.7230","0.0009"
"48.6900","0.6408","0.0009"
"48.7100","0.5587","0.0009"
"48.7300","0.4776","0.0008"
"48.7500","0.3974","0.0008"
"48.7700","0.3175","0.0008"
"48.7900","0.2376","0.0008"
"48.8100","0.1576","0.0006"
"48.8250","0.0975","0.0003"
"48.8260","0.0935","0.0002"
"48.8270","0.0895","0.0002"
"48.8470","0.0104","-0.0003"
"48.8670","-0.0539","-0.0004"
"48.8870","-0.0830","-0.0004"
"48.9070","-0.0692","-0.0001"
"48.9270","-0.0144","0.0002"
"48.9470","0.0647","0.0003"
"48.9670","0.1458","0.0008"
"48.9870","0.2233","0.0010"
"49.0070","0.3010","0.0011"
"49.0270","0.3815","0.0011"
"49.0470","0.4636","0.0010"
"49.0670","0.5456","0.0009"
"49.0870","0.6266","0.0010"
"49.1070","0.7068","0.0010"
"49.1270","0.7866","0.0011"
"49.1470","0.8665","0.0011"
"49.1670","0.9465","0.0011"
"49.1810","1.0025","0.0011"
"49.1820","1.0066","0.0011"
"49.1830","1.0106","0.0011"
"49.2030","1.0897","0.0008"
"49.2230","1.1542","0.0003"
"49.2430","1.1842","0.0001"
"49.2630","1.1718","0.0001"
"49.2830","1.1186","0.0004"
"49.3030","1.0404","0.0010"
"49.3230","0.9595","0.0010"
"49.3430","0.8818","0.0010"
"49.3630","0.8039","0.0009"
"49.3830","0.7236","0.0009"
"49.4030","0.6415","0.0008"
"49.4230","0.5594","0.0009"
"49.4430","0.4782","0.0010"
"49.4630","0.3980","0.0011"
"49.4830","0.3181","0.0009"
"49.5030","0.2383","0.0008"
"49.5230","0.1583","0.0005"
"49.5380","0.0982","0.0000"
"49.5390","0.0942","0.0000"
"49.5400","0.0902","0.0000"
"49.5600","0.0111","-0.0003"
"49.5800","-0.0532","-0.0003"
"49.6000","-0.0823","-0.0003"
"49.6200","-0.0684","0.0000"
"49.6400","-0.0136","0.0002"
"49.6600","0.0656","0.0003"
"49.6800","0.1466","0.0007"
"49.7000","0.2241","0.0010"
"49.7200","0.3019","0.0011"
"49.7400","0.3823","0.0010"
"49.7600","0.4644","0.0010"
"49.7800","0.5464","0.0010"
"49.8000","0.6275","0.0010"
"49.8200","0.7076","0.0011"
"49.8400","0.7875","0.0011"
"49.8600","0.8673","0.0011"
"49.8800","0.9473","0.0011"
"49.8940","1.0034","0.0011"
"49.8950","1.0074","0.0010"
"49.8960","1.0114","0.0010"
"49.9160","1.0905","0.0007"
"49.9360","1.1551","0.0002"
"49.9560","1.1850","0.0000"
"49.9760","1.1726","0.0000"
"49.9960","1.1194","0.0003"
"50.0160","1.0410","0.0010"
"50.0360","0.9601","0.0010"
"50.0560","0.8825","0.0010"
"50.0760","0.8046","0.0010"
"50.0960","0.7243","0.0010"
"50.1160","0.6422","0.0010"
"50.1360","0.5601","0.0010"
"50.1560","0.4790","0.0009"
"50.1760","0.3988","0.0009"
"50.1960","0.3189","0.0009"
"50.2160","0.2390","0.0008"
"50.2360","0.1590","0.0006"
"50.2510","0.0989","0.0002"
"50.2520","0.0949","0.0001"
"50.2530","0.0909","0.0001"
"50.2730","0.0118","-0.0003"
"50.2930","-0.0525","-0.0003"
"50.3130","-0.0815","-0.0003"
"50.3330","-0.0676","0.0000"
"50.3530","-0.0127","0.0003"
"50.3730","0.0665","0.0003"
"50.3930","0.1476","0.0007"
"50.4130","0.2251","0.0010"
"50.4330","0.3028","0.0011"
"50.4530","0.3832","0.0011"
"50.4730","0.4653","0.0010"
"50.4930","0.5473","0.0010"
"50.5130","0.6284","0.0010"
"50.5330","0.7085","0.0010"
"50.5530","0.7884","0.0011"
"50.5730","0.8682","0.0010"
"50.5930","0.9482","0.0010"
"50.6060","1.0003","0.0010"
"50.6070","1.0043","0.0010"
"50.6080","1.0083","0.0010"
"50.6280","1.0874","0.0008"
"50.6480","1.1520","0.0002"
"50.6680","1.1819","0.0002"
"50.6880","1.1694","0.0002"
"50.7080","1.1162","0.0004"
"50.7280","1.0377","0.0010"
"50.7480","0.9568","0.0011"
"50.7680","0.8791","0.0010"
"50.7880","0.8013","0.0010"
"50.8080","0.7210","0.0010"
"50.8280","0.6389","0.0011"
"50.8480","0.5568","0.0011"
"50.8680","0.4757","0.0011"
"50.8880","0.3955","0.0010"
"50.9080","0.3156","0.0009"
"50.9280","0.2358","0.0007"
"50.9480","0.1558","0.0005"
"50.9620","0.0997","0.0002"
"50.9630","0.0957","0.0001"
"50.9640","0.0917","0.0001"
"50.9840","0.0126","-0.0002"
"51.0040","-0.0517","-0.0003"
"51.0240","-0.0808","-0.0004"
"51.0440","-0.0670","-0.0002"
"51.0640","-0.0122","0.0002"
"51.0840","0.0670","0.0003"
"51.1040","0.1481","0.0008"
"51.1240","0.2255","0.0010"
"51.1440","0.3033","0.0011"
"51.1640","0.3837","0.0011"
"51.1840","0.4659","0.0010"
"51.2040","0.5479","0.0010"
"51.2240","0.6289","0.0009"
"51.2440","0.7091","0.0009"
"51.2640","0.7889","0.0010"
"51.2840","0.8688","0.0009"
"51.3040","0.9488","0.0009"
"51.3170","1.0008","0.0009"
"51.3180","1.0048","0.0009"
"51.3190","1.0088","0.0009"
"51.3390","1.0880","0.0007"
"51.3590","1.1526","0.0002"
"51.3790","1.1825","0.0001"
"51.3990","1.1700","0.0001"
"51.4190","1.1168","0.0004"
"51.4390","1.0383","0.0010"
"51.4590","0.9574","0.0010"
"51.4790","0.8797","0.0010"
"51.4990","0.8019","0.0009"
"51.5190","0.7216","0.0009"
"51.5390","0.6395","0.0009"
"51.5590","0.5574","0.0010"
"51.5790","0.4763","0.0009"
"51.5990","0.3961","0.0010"
"51.6190","0.3162","0.0009"
"51.6390","0.2363","0.0008"
"51.6590","0.1563","0.0006"
"51.6740","0.0962","0.0002"
"51.6750","0.0922","0.0002"
"51.6760","0.0882","0.0001"
"51.6960","0.0091","-0.0004"
"51.7160","-0.0551","-0.0004"
"51.7360","-0.0842","-0.0004"
"51.7560","-0.0703","-0.0001"
"51.7760","-0.0155","0.0002"
"51.7960","0.0637","0.0003"
"51.8160","0.1448","0.0007"
"51.8360","0.2223","0.0010"
"51.8560","0.3001","0.0011"
"51.8760","0.3805","0.0011"
"51.8960","0.4626","0.0010"
"51.9160","0.5446","0.0010"
"51.9360","0.6256","0.0010"
"51.9560","0.7058","0.0010"
"51.9760","0.7856","0.0010"
"51.9960","0.8655","0.0010"
"52.0160","0.9455","0.0011"
"52.0300","1.0015","0.0010"
"52.0310","1.0056","0.0010"
"52.0320","1.0096","0.0010"
"52.0520","1.0887","0.0008"
"52.0720","1.1532","0.0003"
"52.0920","1.1832","0.0000"
"52.1120","1.1708","0.0001"
"52.1320","1.1176","0.0004"
"52.1520","1.0393","0.0011"
"52.1720","0.9584","0.0011"
"52.1920","0.8807","0.0010"
"52.2120","0.8029","0.0009"
"52.2320","0.7225","0.0009"
"52.2520","0.6404","0.0010"
"52.2720","0.5583","0.0010"
"52.2920","0.4772","0.0010"
"52.3120","0.3970","0.0009"
"52.3320","0.3171","0.0009"
"52.3520","0.2372","0.0008"
"52.3720","0.1572","0.0005"
"52.3870","0.0971","0.0000"
"52.3880","0.0931","0.0000"
"52.3890","0.0891","0.0000"
"52.4090","0.0100","-0.0003"
"52.4290","-0.0542","-0.0002"
"52.4490","-0.0833","-0.0003"
"52.4690","-0.0695","-0.0002"
"52.4890","-0.0148","0.0001"
"52.5090","0.0644","0.0002"
"52.5290","0.1454","0.0008"
"52.5490","0.2229","0.0010"
"52.5690","0.3007","0.0011"
"52.5890","0.3811","0.0010"
"52.6090","0.4632","0.0010"
"52.6290","0.5453","0.0009"
"52.6490","0.6263","0.0009"
"52.6690","0.7065","0.0010"
"52.6890","0.7863","0.0010"
"52.7090","0.8662","0.0010"
"52.7290","0.9462","0.0010"
"52.7430","1.0022","0.0011"
"52.7440","1.0062","0.0011"
"52.7450","1.0102","0.0011"
"52.7650","1.0894","0.0008"
"52.7850","1.1539","0.0003"
"52.8050","1.1838","0.0002"
"52.8250","1.1714","0.0001"
"52.8450","1.1182","0.0003"
"52.8650","1.0399","0.0010"
"52.8850","0.9590","0.0010"
"52.9050","0.8813","0.0010"
"52.9250","0.8035","0.0010"
"52.9450","0.7231","0.0010"
"52.9650","0.6410","0.0010"
"52.9850","0.5589","0.0010"
"53.0050","0.4778","0.0009"
"53.0250","0.3976","0.0009"
"53.0450","0.3177","0.0009"
"53.0650","0.2378","0.0009"
"53.0850","0.1578","0.0007"
"53.1000","0.0977","0.0002"
"53.1010","0.0937","0.0001"
"53.1020","0.0897","0.0001"
"53.1220","0.0106","-0.0002"
"53.1420","-0.0537","-0.0002"
"53.1620","-0.0828","-0.0004"
"53.1820","-0.0689","-0.0001"
"53.2020","-0.0142","0.0003"
"53.2220","0.0650","0.0003"
"53.2420","0.1460","0.0008"
"53.2620","0.2235","0.0010"
"53.2820","0.3012","0.0011"
"53.3020","0.3817","0.0011"
"53.3220","0.4638","0.0010"
"53.3420","0.5458","0.0009"
"53.3620","0.6269","0.0009"
"53.3820","0.7070","0.0009"
"53.4020","0.7869","0.0010"
"53.4220","0.8668","0.0010"
"53.4420","0.9468","0.0010"
"53.4560","1.0028","0.0010"
"53.4570","1.0068","0.0010"
"53.4580","1.0108","0.0010"
"53.4780","1.0899","0.0007"
"53.4980","1.1545","0.0002"
"53.5180","1.1844","0.0000"
"53.5380","1.1718","0.0001"
"53.5580","1.1186","0.0004"
"53.5780","1.0403","0.0011"
"53.5980","0.9594","0.0011"
"53.6180","0.8817","0.0010"
"53.6380","0.8039","0.0009"
"53.6580","0.7235","0.0010"
"53.6780","0.6414","0.0010"
"53.6980","0.5593","0.0010"
"53.7180","0.4782","0.0009"
"53.7380","0.3980","0.0009"
"53.7580","0.3181","0.0008"
"53.7780","0.2383","0.0008"
"53.7980","0.1582","0.0006"
"53.8130","0.0982","0.0002"
"53.8140","0.0941","0.0001"
"53.8150","0.0901","0.0001"
"53.8350","0.0111","-0.0003"
"53.8550","-0.0531","-0.0002"
"53.8750","-0.0821","-0.0002"
"53.8950","-0.0680","-0.0001"
"53.9150","-0.0131","0.0003"
"53.9350","0.0662","0.0003"
"53.9550","0.1473","0.0008"
"53.9750","0.2247","0.0010"
"53.9950","0.3025","0.0010"
"54.0150","0.3829","0.0010"
"54.0350","0.4649","0.0010"
"54.0550","0.5470","0.0010"
"54.0750","0.6280","0.0009"
"54.0950","0.7082","0.0009"
"54.1150","0.7880","0.0009"
"54.1350","0.8679","0.0010"
"54.1550","0.9478","0.0010"
"54.1690","1.0039","0.0010"
"54.1700","1.0079","0.0010"
"54.1710","1.0119","0.0010"
"54.1910","1.0910","0.0008"
"54.2110","1.1557","0.0003"
"54.2310","1.1856","0.0002"
"54.2510","1.1731","0.0002"
"54.2710","1.1199","0.0004"
"54.2910","1.0415","0.0010"
"54.3110","0.9606","0.0011"
"54.3310","0.8829","0.0009"
"54.3510","0.8051","0.0009"
"54.3710","0.7247","0.0009"
"54.3910","0.6426","0.0010"
"54.4110","0.5605","0.0010"
"54.4310","0.4794","0.0009"
"54.4510","0.3992","0.0008"
"54.4710","0.3193","0.0008"
"54.4910","0.2394","0.0008"
"54.5110","0.1594","0.0006"
"54.5260","0.0993","0.0002"
"54.5270","0.0953","0.0002"
"54.5280","0.0913","0.0001"
"54.5480","0.0122","-0.0003"
"54.5680","-0.0520","-0.0004"
"54.5880","-0.0811","-0.0004"
"54.6080","-0.0672","-0.0002"
"54.6280","-0.0124","0.0002"
"54.6480","0.0668","0.0003"
"54.6680","0.1478","0.0008"
"54.6880","0.2253","0.0010"
"54.7080","0.3031","0.0010"
"54.7280","0.3835","0.0010"
"54.7480","0.4656","0.0010"
"54.7680","0.5476","0.0010"
"54.7880","0.6286","0.0010"
"54.8080","0.7088","0.0010"
"54.8280","0.7886","0.0011"
"54.8480","0.8685","0.0011"
"54.8680","0.9485","0.0010"
"54.8810","1.0006","0.0010"
"54.8820","1.0046","0.0010"
"54.8830","1.0086","0.0010"
"54.9030","1.0877","0.0006"
"54.9230","1.1522","0.0002"
"54.9430","1.1821","0.0002"
"54.9630","1.1695","0.0001"
"54.9830","1.1161","0.0003"
"55.0030","1.0376","0.0010"
"55.0230","0.9566","0.0011"
"55.0430","0.8790","0.0010"
"55.0630","0.8012","0.0009"
"55.0830","0.7209","0.0009"
"55.1030","0.6388","0.0010"
"55.1230","0.5567","0.0010"
"55.1430","0.4756","0.0010"
"55.1630","0.3954","0.0010"
"55.1830","0.3155","0.0010"
"55.2030","0.2357","0.0009"
"55.2230","0.1556","0.0006"
"55.2370","0.0996","0.0001"
"55.2380","0.0955","0.0001"
"55.2390","0.0915","0.0000"
"55.2590","0.0125","-0.0004"
"55.2790","-0.0518","-0.0004"
"55.2990","-0.0809","-0.0004"
"55.3190","-0.0670","-0.0001"
"55.3390","-0.0123","0.0002"
"55.3590","0.0669","0.0004"
"55.3790","0.1479","0.0008"
"55.3990","0.2254","0.0010"
"55.4190","0.3032","0.0011"
"55.4390","0.3836","0.0010"
"55.4590","0.4657","0.0009"
"55.4790","0.5478","0.0010"
"55.4990","0.6288","0.0010"
"55.5190","0.7090","0.0009"
"55.5390","0.7888","0.0009"
"55.5590","0.8687","0.0009"
"55.5790","0.9487","0.0009"
"55.5920","1.0007","0.0010"
"55.5930","1.0047","0.0010"
"55.5940","1.0087","0.0010"
"55.6140","1.0879","0.0007"
"55.6340","1.1525","0.0002"
"55.6540","1.1824","0.0000"
"55.6740","1.1698","0.0000"
"55.6940","1.1165","0.0003"
"55.7140","1.0380","0.0010"
"55.7340","0.9571","0.0011"
"55.7540","0.8794","0.0010"
"55.7740","0.8016","0.0011"
"55.7940","0.7213","0.0009"
"55.8140","0.6392","0.0009"
"55.8340","0.5571","0.0009"
"55.8540","0.4760","0.0008"
"55.8740","0.3958","0.0009"
"55.8940","0.3159","0.0009"
"55.9140","0.2361","0.0008"
"55.9340","0.1561","0.0006"
"55.9480","0.1000","0.0002"
"55.9490","0.0960","0.0002"
"55.9500","0.0920","0.0002"
"55.9700","0.0129","-0.0003"
"55.9900","-0.0514","-0.0004"
"56.0100","-0.0804","-0.0005"
"56.0300","-0.0666","-0.0002"
"56.0500","-0.0118","0.0003"
"56.0700","0.0673","0.0004"
"56.0900","0.1483","0.0008"
"56.1100","0.2259","0.0009"
"56.1300","0.3037","0.0010"
"56.1500","0.3841","0.0011"
"56.1700","0.4662","0.0010"
"56.1900","0.5482","0.0010"
"56.2100","0.6292","0.0010"
"56.2300","0.7094","0.0010"
"56.2500","0.7892","0.0010"
"56.2700","0.8691","0.0009"
"56.2900","0.9491","0.0011"
"56.3030","1.0011","0.0010"
"56.3040","1.0051","0.0010"
"56.3050","1.0092","0.0010"
"56.3250","1.0883","0.0007"
"56.3450","1.1529","0.0002"
"56.3650","1.1828","0.0001"
"56.3850","1.1703","0.0001"
"56.4050","1.1171","0.0004"
"56.4250","1.0387","0.0011"
"56.4450","0.9577","0.0010"
"56.4650","0.8800","0.0009"
"56.4850","0.8022","0.0009"
"56.5050","0.7219","0.0009"
"56.5250","0.6398","0.0009"
"56.5450","0.5577","0.0009"
"56.5650","0.4766","0.0009"
"56.5850","0.3964","0.0009"
"56.6050","0.3166","0.0008"
"56.6250","0.2367","0.0007"
"56.6450","0.1567","0.0006"
"56.6600","0.0966","0.0002"
"56.6610","0.0926","0.0002"
"56.6620","0.0886","0.0001"
"56.6820","0.0095","-0.0003"
"56.7020","-0.0548","-0.0003"
"56.7220","-0.0838","-0.0004"
"56.7420","-0.0699","-0.0002"
"56.7620","-0.0151","0.0001"
"56.7820","0.0640","0.0002"
"56.8020","0.1450","0.0006"
"56.8220","0.2225","0.0010"
"56.8420","0.3003","0.0012"
"56.8620","0.3807","0.0011"
"56.8820","0.4628","0.0010"
"56.9020","0.5448","0.0009"
"56.9220","0.6259","0.0009"
"56.9420","0.7061","0.0010"
"56.9620","0.7859","0.0010"
"56.9820","0.8658","0.0011"
"57.0020","0.9458","0.0011"
"57.0160","1.0018","0.0011"
"57.0170","1.0059","0.0011"
"57.0180","1.0099","0.0011"
"57.0380","1.0890","0.0008"
"57.0580","1.1535","0.0004"
"57.0780","1.1835","0.0002"
"57.0980","1.1710","0.0002"
"57.1180","1.1179","0.0003"
"57.1380","1.0395","0.0009"
"57.1580","0.9586","0.0010"
"57.1780","0.8810","0.0010"
"57.1980","0.8031","0.0008"
"57.2180","0.7227","0.0008"
"57.2380","0.6406","0.0009"
"57.2580","0.5585","0.0010"
"57.2780","0.4774","0.0009"
"57.2980","0.3972","0.0009"
"57.3180","0.3173","0.0009"
"57.3380","0.2375","0.0007"
"57.3580","0.1574","0.0005"
"57.3730","0.0973","0.0001"
"57.3740","0.0933","0.0001"
"57.3750","0.0893","0.0001"
"57.3950","0.0102","-0.0003"
"57.4150","-0.0540","-0.0003"
"57.4350","-0.0831","-0.0004"
"57.4550","-0.0694","-0.0002"
"57.4750","-0.0146","0.0002"
"57.4950","0.0645","0.0004"
"57.5150","0.1456","0.0007"
"57.5350","0.2231","0.0009"
"57.5550","0.3009","0.0011"
"57.5750","0.3813","0.0010"
"57.5950","0.4634","0.0010"
"57.6150","0.5454","0.0011"
"57.6350","0.6264","0.0010"
"57.6550","0.7066","0.0009"
"57.6750","0.7864","0.0009"
"57.6950","0.8663","0.0010"
"57.7150","0.9463","0.0010"
"57.7290","1.0023","0.0010"
"57.7300","1.0063","0.0010"
"57.7310","1.0103","0.0010"
"57.7510","1.0895","0.0008"
"57.7710","1.1541","0.0003"
"57.7910","1.1841","0.0001"
"57.8110","1.1717","0.0001"
"57.8310","1.1186","0.0005"
"57.8510","1.0404","0.0012"
"57.8710","0.9595","0.0011"
"57.8910","0.8819","0.0010"
"57.9110","0.8040","0.0009"
"57.9310","0.7236","0.0009"
"57.9510","0.6415","0.0009"
"57.9710","0.5593","0.0010"
"57.9910","0.4782","0.0010"
"58.0110","0.3980","0.0009"
"58.0310","0.3182","0.0009"
"58.0510","0.2383","0.0008"
"58.0710","0.1583","0.0007"
"58.0860","0.0982","0.0003"
"58.0870","0.0942","0.0003"
"58.0880","0.0901","0.0002"
"58.1080","0.0111","-0.0001"
"58.1280","-0.0532","-0.0003"
"58.1480","-0.0822","-0.0003"
"58.1680","-0.0682","-0.0001"
"58.1880","-0.0134","0.0001"
"58.2080","0.0658","0.0002"
"58.2280","0.1469","0.0007"
"58.2480","0.2244","0.0010"
"58.2680","0.3022","0.0011"
"58.2880","0.3826","0.0011"
"58.3080","0.4646","0.0011"
"58.3280","0.5466","0.0010"
"58.3480","0.6277","0.0010"
"58.3680","0.7078","0.0010"
"58.3880","0.7877","0.0010"
"58.4080","0.8676","0.0010"
"58.4280","0.9476","0.0010"
"58.4420","1.0036","0.0010"
"58.4430","1.0076","0.0010"
"58.4440","1.0116","0.0010"
"58.4640","1.0908","0.0008"
"58.4840","1.1553","0.0003"
"58.5040","1.1853","0.0002"
"58.5240","1.1728","0.0001"
"58.5440","1.1195","0.0004"
"58.5640","1.0411","0.0010"
"58.5840","0.9602","0.0010"
"58.6040","0.8825","0.0010"
"58.6240","0.8047","0.0010"
"58.6440","0.7244","0.0009"
"58.6640","0.6423","0.0010"
"58.6840","0.5602","0.0009"
"58.7040","0.4791","0.0008"
"58.7240","0.3989","0.0008"
"58.7440","0.3190","0.0008"
"58.7640","0.2391","0.0007"
"58.7840","0.1591","0.0005"
"58.7990","0.0990","0.0002"
"58.8000","0.0950","0.0001"
"58.8010","0.0910","0.0001"
"58.8210","0.0119","-0.0003"
"58.8410","-0.0524","-0.0002"
"58.8610","-0.0815","-0.0003"
"58.8810","-0.0677","-0.0001"
"58.9010","-0.0130","0.0003"
"58.9210","0.0662","0.0003"
"58.9410","0.1473","0.0007"
"58.9610","0.2248","0.0010"
"58.9810","0.3025","0.0011"
"59.0010","0.3829","0.0011"
"59.0210","0.4650","0.0010"
"59.0410","0.5470","0.0010"
"59.0610","0.6281","0.0010"
"59.0810","0.7083","0.0010"
"59.1010","0.7881","0.0011"
"59.1210","0.8680","0.0011"
"59.1410","0.9480","0.0011"
"59.1540","1.0000","0.0010"
"59.1550","1.0040","0.0010"
"59.1560","1.0080","0.0010"
"59.1760","1.0872","0.0007"
"59.1960","1.1517","0.0002"
"59.2160","1.1816","0.0000"
"59.2360","1.1691","0.0000"
"59.2560","1.1157","0.0003"
"59.2760","1.0373","0.0010"
"59.2960","0.9563","0.0011"
"59.3160","0.8786","0.0010"
"59.3360","0.8008","0.0008"
"59.3560","0.7205","0.0009"
"59.3760","0.6384","0.0009"
"59.3960","0.5563","0.0011"
"59.4160","0.4752","0.0009"
"59.4360","0.3950","0.0008"
"59.4560","0.3151","0.0009"
"59.4760","0.2353","0.0008"
"59.4960","0.1553","0.0006"
"59.5100","0.0992","0.0002"
"59.5110","0.0952","0.0002"
"59.5120","0.0911","0.0002"
"59.5320","0.0121","-0.0003"
"59.5520","-0.0522","-0.0003"
"59.5720","-0.0813","-0.0004"
"59.5920","-0.0675","-0.0002"
"59.6120","-0.0127","0.0002"
"59.6320","0.0665","0.0003"
"59.6520","0.1476","0.0008"
"59.6720","0.2251","0.0009"
"59.6920","0.3028","0.0010"
"59.7120","0.3832","0.0009"
"59.7320","0.4653","0.0009"
"59.7520","0.5473","0.0009"
"59.7720","0.6284","0.0010"
"59.7920","0.7086","0.0011"
"59.8120","0.7884","0.0010"
"59.8320","0.8683","0.0010"
"59.8520","0.9483","0.0010"
"59.8650","1.0003","0.0011"
"59.8660","1.0043","0.0011"
"59.8670","1.0083","0.0011"
"59.8870","1.0875","0.0008"
"59.9070","1.1521","0.0003"
"59.9270","1.1821","0.0001"
"59.9470","1.1695","0.0000"
"59.9670","1.1163","0.0003"
"59.9870","1.0378","0.0010"
"60.0070","0.9568","0.0010"
"60.0270","0.8792","0.0009"
"60.0470","0.8014","0.0009"
"60.0670","0.7211","0.0009"
"60.0870","0.6390","0.0009"
"60.1070","0.5569","0.0009"
"60.1270","0.4758","0.0009"
"60.1470","0.3956","0.0009"
"60.1670","0.3157","0.0009"
"60.1870","0.2358","0.0008"
"60.2070","0.1558","0.0006"
"60.2210","0.0997","0.0002"
"60.2220","0.0957","0.0002"
"60.2230","0.0917","0.0001"
"60.2430","0.0126","-0.0003"
"60.2630","-0.0516","-0.0003"
"60.2830","-0.0807","-0.0004"
"60.3030","-0.0668","-0.0002"
"60.3230","-0.0120","0.0002"
"60.3430","0.0671","0.0002"
"60.3630","0.1482","0.0007"
"60.3830","0.2257","0.0010"
"60.4030","0.3035","0.0010"
"60.4230","0.3839","0.0010"
"60.4430","0.4660","0.0009"
"60.4630","0.5480","0.0010"
"60.4830","0.6290","0.0010"
"60.5030","0.7092","0.0010"
"60.5230","0.7890","0.0011"
"60.5430","0.8689","0.0010"
"60.5630","0.9489","0.0010"
"60.5760","1.0010","0.0010"
"60.5770","1.0050","0.0010"
"60.5780","1.0090","0.0010"
"60.5980","1.0881","0.0007"
"60.6180","1.1527","0.0002"
"60.6380","1.1826","0.0001"
"60.6580","1.1701","0.0002"
"60.6780","1.1168","0.0004"
"60.6980","1.0383","0.0010"
"60.7180","0.9573","0.0010"
"60.7380","0.8797","0.0010"
"60.7580","0.8019","0.0009"
"60.7780","0.7216","0.0009"
"60.7980","0.6395","0.0010"
"60.8180","0.5574","0.0010"
"60.8380","0.4763","0.0009"
"60.8580","0.3961","0.0009"
"60.8780","0.3162","0.0008"
"60.8980","0.2363","0.0008"
"60.9180","0.1563","0.0005"
"60.9330","0.0962","0.0001"
"60.9340","0.0922","0.0001"
"60.9350","0.0882","0.0000"
"60.9550","0.0091","-0.0004"
"60.9750","-0.0551","-0.0004"
"60.9950","-0.0842","-0.0004"
"61.0150","-0.0704","-0.0001"
"61.0350","-0.0156","0.0002"
"61.0550","0.0636","0.0003"
"61.0750","0.1447","0.0008"
"61.0950","0.2222","0.0011"
"61.1150","0.2999","0.0012"
"61.1350","0.3803","0.0011"
"61.1550","0.4624","0.0009"
"61.1750","0.5444","0.0010"
"61.1950","0.6255","0.0009"
"61.2150","0.7056","0.0009"
"61.2350","0.7855","0.0010"
"61.2550","0.8653","0.0010"
"61.2750","0.9453","0.0010"
"61.2890","1.0014","0.0010"
"61.2900","1.0054","0.0010"
"61.2910","1.0094","0.0010"
"61.3110","1.0885","0.0007"
"61.3310","1.1531","0.0001"
"61.3510","1.1830","0.0000"
"61.3710","1.1704","0.0001"
"61.3910","1.1171","0.0004"
"61.4110","1.0386","0.0010"
"61.4310","0.9576","0.0010"
"61.4510","0.8800","0.0010"
"61.4710","0.8022","0.0009"
"61.4910","0.7219","0.0009"
"61.5110","0.6398","0.0010"
"61.5310","0.5577","0.0010"
"61.5510","0.4766","0.0010"
"61.5710","0.3964","0.0009"
"61.5910","0.3165","0.0008"
"61.6110","0.2367","0.0007"
"61.6310","0.1566","0.0005"
"61.6460","0.0965","0.0001"
"61.6470","0.0925","0.0001"
"61.6480","0.0885","0.0001"
"61.6680","0.0095","-0.0003"
"61.6880","-0.0548","-0.0003"
"61.7080","-0.0839","-0.0005"
"61.7280","-0.0700","-0.0003"
"61.7480","-0.0153","0.0002"
"61.7680","0.0639","0.0003"
"61.7880","0.1449","0.0007"
"61.8080","0.2224","0.0009"
"61.8280","0.3002","0.0011"
"61.8480","0.3806","0.0011"
"61.8680","0.4627","0.0009"
"61.8880","0.5447","0.0009"
"61.9080","0.6258","0.0010"
"61.9280","0.7059","0.0010"
"61.9480","0.7858","0.0010"
"61.9680","0.8657","0.0010"
"61.9880","0.9456","0.0009"
"62.0020","1.0017","0.0010"
"62.0030","1.0057","0.0010"
"62.0040","1.0097","0.0010"
"62.0240","1.0889","0.0007"
"62.0440","1.1534","0.0002"
"62.0640","1.1834","0.0000"
"62.0840","1.1709","0.0001"
"62.1040","1.1177","0.0004"
"62.1240","1.0394","0.0010"
"62.1440","0.9584","0.0011"
"62.1640","0.8808","0.0010"
"62.1840","0.8030","0.0009"
"62.2040","0.7226","0.0008"
"62.2240","0.6405","0.0009"
"62.2440","0.5584","0.0010"
"62.2640","0.4773","0.0010"
"62.2840","0.3971","0.0009"
"62.3040","0.3172","0.0008"
"62.3240","0.2373","0.0007"
"62.3440","0.1573","0.0005"
"62.3590","0.0972","0.0000"
"62.3600","0.0932","0.0000"
"62.3610","0.0892","0.0000"
"62.3810","0.0101","-0.0004"
"62.4010","-0.0541","-0.0005"
"62.4210","-0.0832","-0.0004"
"62.4410","-0.0694","-0.0001"
"62.4610","-0.0146","0.0002"
"62.4810","0.0645","0.0003"
"62.5010","0.1455","0.0007"
"62.5210","0.2231","0.0009"
"62.5410","0.3008","0.0010"
"62.5610","0.3813","0.0010"
"62.5810","0.4634","0.0010"
"62.6010","0.5454","0.0009"
"62.6210","0.6264","0.0009"
"62.6410","0.7066","0.0010"
"62.6610","0.7864","0.0009"
"62.6810","0.8663","0.0010"
"62.7010","0.9463","0.0010"
"62.7150","1.0023","0.0010"
"62.7160","1.0064","0.0010"
"62.7170","1.0104","0.0010"
"62.7370","1.0895","0.0007"
"62.7570","1.1540","0.0002"
"62.7770","1.1839","0.0001"
"62.7970","1.1715","0.0001"
"62.8170","1.1183","0.0004"
"62.8370","1.0400","0.0010"
"62.8570","0.9591","0.0011"
"62.8770","0.8815","0.0010"
"62.8970","0.8036","0.0009"
"62.9170","0.7232","0.0009"
"62.9370","0.6411","0.0009"
"62.9570","0.5590","0.0010"
"62.9770","0.4779","0.0010"
"62.9970","0.3977","0.0009"
"63.0170","0.3178","0.0009"
"63.0370","0.2380","0.0008"
"63.0570","0.1579","0.0005"
"63.0720","0.0978","0.0001"
"63.0730","0.0938","0.0001"
"63.0740","0.0898","0.0000"
"63.0940","0.0107","-0.0003"
"63.1140","-0.0535","-0.0004"
"63.1340","-0.0826","-0.0003"
"63.1540","-0.0687","-0.0001"
"63.1740","-0.0139","0.0002"
"63.1940","0.0653","0.0004"
"63.2140","0.1464","0.0008"
"63.2340","0.2239","0.0009"
"63.2540","0.3017","0.0010"
"63.2740","0.3820","0.0010"
"63.2940","0.4641","0.0009"
"63.3140","0.5461","0.0010"
"63.3340","0.6272","0.0011"
"63.3540","0.7074","0.0010"
"63.3740","0.7872","0.0010"
"63.3940","0.8671","0.0010"
"63.4140","0.9471","0.0010"
"63.4280","1.0031","0.0010"
"63.4290","1.0072","0.0010"
"63.4300","1.0112","0.0010"
"63.4500","1.0903","0.0007"
"63.4700","1.1549","0.0002"
"63.4900","1.1848","0.0001"
"63.5100","1.1723","0.0002"
"63.5300","1.1191","0.0005"
"63.5500","1.0407","0.0010"
"63.5700","0.9598","0.0010"
"63.5900","0.8822","0.0010"
"63.6100","0.8043","0.0009"
"63.6300","0.7240","0.0009"
"63.6500","0.6419","0.0009"
"63.6700","0.5598","0.0009"
"63.6900","0.4787","0.0009"
"63.7100","0.3985","0.0010"
"63.7300","0.3186","0.0009"
"63.7500","0.2387","0.0009"
"63.7700","0.1587","0.0006"
"63.7850","0.0986","0.0001"
"63.7860","0.0946","0.0000"
"63.7870","0.0906","0.0000"
"63.8070","0.0115","-0.0004"
"63.8270","-0.0527","-0.0004"
"63.8470","-0.0817","-0.0005"
"63.8670","-0.0678","-0.0002"
"63.8870","-0.0129","0.0002"
"63.9070","0.0664","0.0002"
"63.9270","0.1475","0.0007"
"63.9470","0.2250","0.0009"
"63.9670","0.3028","0.0011"
"63.9870","0.3831","0.0011"
"64.0070","0.4652","0.0010"
"64.0270","0.5472","0.0010"
"64.0470","0.6282","0.0010"
"64.0670","0.7084","0.0010"
"64.0870","0.7882","0.0010"
"64.1070","0.8681","0.0010"
"64.1270","0.9481","0.0009"
"64.1400","1.0001","0.0009"
"64.1410","1.0041","0.0009"
"64.1420","1.0081","0.0010"
"64.1620","1.0873","0.0007"
"64.1820","1.1519","0.0001"
"64.2020","1.1818","0.0000"
"64.2220","1.1693","0.0000"
"64.2420","1.1160","0.0003"
"64.2620","1.0375","0.0010"
"64.2820","0.9565","0.0010"
"64.3020","0.8789","0.0009"
"64.3220","0.8011","0.0008"
"64.3420","0.7208","0.0008"
"64.3620","0.6387","0.0009"
"64.3820","0.5566","0.0010"
"64.4020","0.4755","0.0009"
"64.4220","0.3953","0.0008"
"64.4420","0.3154","0.0009"
"64.4620","0.2355","0.0008"
"64.4820","0.1555","0.0006"
"64.4960","0.0994","0.0002"
"64.4970","0.0954","0.0002"
"64.4980","0.0914","0.0001"
"64.5180","0.0123","-0.0003"
"64.5380","-0.0519","-0.0004"
"64.5580","-0.0810","-0.0005"
"64.5780","-0.0671","-0.0003"
"64.5980","-0.0123","0.0001"
"64.6180","0.0669","0.0003"
"64.6380","0.1479","0.0008"
"64.6580","0.2254","0.0010"
"64.6780","0.3032","0.0010"
"64.6980","0.3835","0.0009"
"64.7180","0.4656","0.0009"
"64.7380","0.5477","0.0009"
"64.7580","0.6287","0.0008"
"64.7780","0.7089","0.0008"
"64.7980","0.7887","0.0009"
"64.8180","0.8686","0.0010"
"64.8380","0.9486","0.0011"
"64.8510","1.0006","0.0011"
"64.8520","1.0047","0.0011"
"64.8530","1.0087","0.0011"
"64.8730","1.0878","0.0007"
"64.8930","1.1524","0.0002"
"64.9130","1.1822","0.0001"
"64.9330","1.1696","0.0000"
"64.9530","1.1163","0.0003"
"64.9730","1.0378","0.0010"
"64.9930","0.9568","0.0010"
"65.0130","0.8791","0.0010"
"65.0330","0.8013","0.0009"
"65.0530","0.7210","0.0009"
"65.0730","0.6389","0.0008"
"65.0930","0.5568","0.0008"
"65.1130","0.4758","0.0009"
"65.1330","0.3956","0.0008"
"65.1530","0.3157","0.0008"
"65.1730","0.2358","0.0007"
"65.1930","0.1558","0.0005"
"65.2070","0.0997","0.0001"
"65.2080","0.0957","0.0001"
"65.2090","0.0917","0.0000"
"65.2290","0.0126","-0.0003"
"65.2490","-0.0517","-0.0003"
"65.2690","-0.0807","-0.0004"
"65.2890","-0.0669","-0.0002"
"65.3090","-0.0122","0.0002"
"65.3290","0.0670","0.0003"
"65.3490","0.1480","0.0007"
"65.3690","0.2255","0.0009"
"65.3890","0.3033","0.0010"
"65.4090","0.3837","0.0010"
"65.4290","0.4658","0.0009"
"65.4490","0.5478","0.0009"
"65.4690","0.6289","0.0010"
"65.4890","0.7091","0.0010"
"65.5090","0.7889","0.0010"
"65.5290","0.8688","0.0009"
"65.5490","0.9488","0.0010"
"65.5620","1.0008","0.0009"
"65.5630","1.0048","0.0009"
"65.5640","1.0088","0.0009"
"65.5840","1.0880","0.0006"
"65.6040","1.1526","0.0001"
"65.6240","1.1825","0.0000"
"65.6440","1.1699","0.0000"
"65.6640","1.1166","0.0002"
"65.6840","1.0381","0.0009"
"65.7040","0.9571","0.0009"
"65.7240","0.8795","0.0008"
"65.7440","0.8017","0.0007"
"65.7640","0.7214","0.0007"
"65.7840","0.6393","0.0008"
"65.8040","0.5572","0.0008"
"65.8240","0.4761","0.0009"
"65.8440","0.3959","0.0009"
"65.8640","0.3160","0.0007"
"65.8840","0.2361","0.0007"
"65.9040","0.1561","0.0005"
"65.9190","0.0960","0.0002"
"65.9200","0.0920","0.0001"
"65.9210","0.0880","0.0001"
"65.9410","0.0089","-0.0003"
"65.9610","-0.0553","-0.0004"
"65.9810","-0.0843","-0.0004"
"66.0010","-0.0703","-0.0002"
"66.0210","-0.0155","0.0003"
"66.0410","0.0637","0.0003"
"66.0610","0.1448","0.0007"
"66.0810","0.2224","0.0010"
"66.1010","0.3001","0.0010"
"66.1210","0.3805","0.0010"
"66.1410","0.4625","0.0010"
"66.1610","0.5445","0.0010"
"66.1810","0.6256","0.0010"
"66.2010","0.7057","0.0010"
"66.2210","0.7856","0.0010"
"66.2410","0.8655","0.0010"
"66.2610","0.9455","0.0010"
"66.2750","1.0015","0.0011"
"66.2760","1.0055","0.0011"
"66.2770","1.0095","0.0011"
"66.2970","1.0887","0.0007"
"66.3170","1.1533","0.0002"
"66.3370","1.1832","0.0001"
"66.3570","1.1708","0.0001"
"66.3770","1.1176","0.0004"
"66.3970","1.0392","0.0010"
"66.4170","0.9583","0.0011"
"66.4370","0.8807","0.0009"
"66.4570","0.8029","0.0008"
"66.4770","0.7225","0.0008"
"66.4970","0.6404","0.0009"
"66.5170","0.5583","0.0009"
"66.5370","0.4772","0.0009"
"66.5570","0.3969","0.0009"
"66.5770","0.3171","0.0008"
"66.5970","0.2372","0.0007"
"66.6170","0.1572","0.0005"
"66.6320","0.0971","0.0000"
"66.6330","0.0931","0.0000"
"66.6340","0.0891","-0.0001"
"66.6540","0.0100","-0.0004"
"66.6740","-0.0543","-0.0005"
"66.6940","-0.0834","-0.0005"
"66.7140","-0.0696","-0.0002"
"66.7340","-0.0148","0.0002"
"66.7540","0.0643","0.0002"
"66.7740","0.1453","0.0006"
"66.7940","0.2228","0.0008"
"66.8140","0.3006","0.0010"
"66.8340","0.3810","0.0010"
"66.8540","0.4631","0.0009"
"66.8740","0.5452","0.0010"
"66.8940","0.6262","0.0010"
"66.9140","0.7064","0.0010"
"66.9340","0.7862","0.0010"
"66.9540","0.8661","0.0010"
"66.9740","0.9461","0.0010"
"66.9880","1.0021","0.0010"
"66.9890","1.0061","0.0010"
"66.9900","1.0101","0.0010"
"67.0100","1.0893","0.0007"
"67.0300","1.1539","0.0002"
"67.0500","1.1838","0.0001"
"67.0700","1.1713","0.0002"
"67.0900","1.1182","0.0004"
"67.1100","1.0399","0.0010"
"67.1300","0.9590","0.0010"
"67.1500","0.8813","0.0010"
"67.1700","0.8034","0.0009"
"67.1900","0.7231","0.0009"
"67.2100","0.6409","0.0009"
"67.2300","0.5588","0.0008"
"67.2500","0.4777","0.0007"
"67.2700","0.3975","0.0008"
"67.2900","0.3177","0.0008"
"67.3100","0.2378","0.0007"
"67.3300","0.1578","0.0005"
"67.3450","0.0977","0.0001"
"67.3460","0.0937","0.0001"
"67.3470","0.0897","0.0000"
"67.3670","0.0106","-0.0004"
"67.3870","-0.0537","-0.0005"
"67.4070","-0.0827","-0.0005"
"67.4270","-0.0689","-0.0002"
"67.4470","-0.0141","0.0002"
"67.4670","0.0651","0.0003"
"67.4870","0.1462","0.0009"
"67.5070","0.2237","0.0010"
"67.5270","0.3014","0.0011"
"67.5470","0.3818","0.0010"
"67.5670","0.4639","0.0009"
"67.5870","0.5459","0.0009"
"67.6070","0.6270","0.0009"
"67.6270","0.7071","0.0010"
"67.6470","0.7870","0.0009"
"67.6670","0.8668","0.0009"
"67.6870","0.9468","0.0009"
"67.7010","1.0029","0.0010"
"67.7020","1.0069","0.0010"
"67.7030","1.0109","0.0010"
"67.7230","1.0901","0.0008"
"67.7430","1.1546","0.0002"
"67.7630","1.1845","0.0002"
"67.7830","1.1721","0.0001"
"67.8030","1.1189","0.0004"
"67.8230","1.0405","0.0009"
"67.8430","0.9596","0.0010"
"67.8630","0.8819","0.0009"
"67.8830","0.8041","0.0008"
"67.9030","0.7238","0.0008"
"67.9230","0.6416","0.0009"
"67.9430","0.5595","0.0009"
"67.9630","0.4784","0.0008"
"67.9830","0.3982","0.0008"
"68.0030","0.3184","0.0008"
"68.0230","0.2385","0.0007"
"68.0430","0.1585","0.0005"
"68.0580","0.0984","0.0000"
"68.0590","0.0944","0.0000"
"68.0600","0.0904","-0.0001"
"68.0800","0.0113","-0.0004"
"68.1000","-0.0529","-0.0004"
"68.1200","-0.0819","-0.0005"
"68.1400","-0.0680","-0.0002"
"68.1600","-0.0131","0.0001"
"68.1800","0.0661","0.0002"
"68.2000","0.1472","0.0006"
"68.2200","0.2248","0.0009"
"68.2400","0.3025","0.0011"
"68.2600","0.3829","0.0010"
"68.2800","0.4649","0.0010"
"68.3000","0.5469","0.0009"
"68.3200","0.6280","0.0009"
"68.3400","0.7081","0.0010"
"68.3600","0.7880","0.0010"
"68.3800","0.8679","0.0010"
"68.4000","0.9478","0.0009"
"68.4140","1.0039","0.0009"
"68.4150","1.0079","0.0009"
"68.4160","1.0119","0.0009"
"68.4360","1.0911","0.0007"
"68.4560","1.1556","0.0001"
"68.4760","1.1854","0.0000"
"68.4960","1.1728","0.0000"
"68.5160","1.1194","0.0003"
"68.5360","1.0409","0.0009"
"68.5560","0.9599","0.0010"
"68.5760","0.8823","0.0010"
"68.5960","0.8045","0.0009"
"68.6160","0.7242","0.0009"
"68.6360","0.6421","0.0008"
"68.6560","0.5600","0.0009"
"68.6760","0.4789","0.0009"
"68.6960","0.3987","0.0009"
"68.7160","0.3188","0.0007"
"68.7360","0.2390","0.0007"
"68.7560","0.1590","0.0005"
"68.7710","0.0989","0.0001"
"68.7720","0.0949","0.0001"
"68.7730","0.0908","0.0001"
"68.7930","0.0118","-0.0003"
"68.8130","-0.0525","-0.0004"
"68.8330","-0.0815","-0.0004"
"68.8530","-0.0677","-0.0002"
"68.8730","-0.0128","0.0001"
"68.8930","0.0664","0.0002"
"68.9130","0.1475","0.0007"
"68.9330","0.2251","0.0009"
"68.9530","0.3028","0.0009"
"68.9730","0.3831","0.0010"
"68.9930","0.4652","0.0010"
"69.0130","0.5472","0.0011"
"69.0330","0.6282","0.0011"
"69.0530","0.7084","0.0010"
"69.0730","0.7883","0.0009"
"69.0930","0.8681","0.0009"
"69.1130","0.9481","0.0009"
"69.1260","1.0002","0.0009"
"69.1270","1.0042","0.0009"
"69.1280","1.0082","0.0009"
"69.1480","1.0873","0.0007"
"69.1680","1.1519","0.0001"
"69.1880","1.1817","0.0000"
"69.2080","1.1690","0.0001"
"69.2280","1.1155","0.0004"
"69.2480","1.0369","0.0009"
"69.2680","0.9559","0.0010"
"69.2880","0.8783","0.0009"
"69.3080","0.8005","0.0008"
"69.3280","0.7203","0.0008"
"69.3480","0.6382","0.0009"
"69.3680","0.5561","0.0010"
"69.3880","0.4750","0.0009"
"69.4080","0.3948","0.0009"
"69.4280","0.3149","0.0009"
"69.4480","0.2350","0.0008"
"69.4680","0.1550","0.0005"
"69.4820","0.0989","0.0001"
"69.4830","0.0949","0.0001"
"69.4840","0.0909","0.0001"
"69.5040","0.0119","-0.0004"
"69.5240","-0.0524","-0.0004"
"69.5440","-0.0814","-0.0005"
"69.5640","-0.0675","-0.0003"
"69.5840","-0.0127","0.0001"
"69.6040","0.0666","0.0003"
"69.6240","0.1476","0.0007"
"69.6440","0.2251","0.0009"
"69.6640","0.3029","0.0010"
"69.6840","0.3833","0.0010"
"69.7040","0.4654","0.0009"
"69.7240","0.5474","0.0008"
"69.7440","0.6284","0.0009"
"69.7640","0.7086","0.0010"
"69.7840","0.7884","0.0011"
"69.8040","0.8683","0.0010"
"69.8240","0.9483","0.0008"
"69.8370","1.0003","0.0008"
"69.8380","1.0043","0.0008"
"69.8390","1.0083","0.0008"
"69.8590","1.0875","0.0006"
"69.8790","1.1521","0.0002"
"69.8990","1.1819","0.0001"
"69.9190","1.1693","0.0000"
"69.9390","1.1159","0.0003"
"69.9590","1.0372","0.0010"
"69.9790","0.9562","0.0010"
"69.9990","0.8786","0.0010"
"70.0190","0.8009","0.0009"
"70.0390","0.7206","0.0009"
"70.0590","0.6385","0.0009"
"70.0790","0.5564","0.0010"
"70.0990","0.4753","0.0008"
"70.1190","0.3951","0.0008"
"70.1390","0.3152","0.0008"
"70.1590","0.2354","0.0007"
"70.1790","0.1554","0.0004"
"70.1930","0.0993","0.0001"
"70.1940","0.0953","0.0001"
"70.1950","0.0913","0.0000"
"70.2150","0.0122","-0.0004"
"70.2350","-0.0520","-0.0004"
"70.2550","-0.0810","-0.0004"
"70.2750","-0.0671","-0.0002"
"70.2950","-0.0123","0.0001"
"70.3150","0.0669","0.0003"
"70.3350","0.1481","0.0007"
"70.3550","0.2256","0.0010"
"70.3750","0.3033","0.0011"
"70.3950","0.3837","0.0011"
"70.4150","0.4657","0.0011"
"70.4350","0.5477","0.0010"
"70.4550","0.6288","0.0010"
"70.4750","0.7090","0.0010"
"70.4950","0.7888","0.0010"
"70.5150","0.8687","0.0009"
"70.5350","0.9487","0.0009"
"70.5480","1.0007","0.0009"
"70.5490","1.0047","0.0009"
"70.5500","1.0087","0.0009"
"70.5700","1.0879","0.0007"
"70.5900","1.1525","0.0002"
"70.6100","1.1823","0.0000"
"70.6300","1.1697","0.0001"
"70.6500","1.1164","0.0003"
"70.6700","1.0378","0.0009"
"70.6900","0.9568","0.0010"
"70.7100","0.8792","0.0010"
"70.7300","0.8014","0.0010"
"70.7500","0.7211","0.0008"
"70.7700","0.6391","0.0009"
"70.7900","0.5569","0.0009"
"70.8100","0.4759","0.0008"
"70.8300","0.3956","0.0007"
"70.8500","0.3158","0.0007"
"70.8700","0.2359","0.0007"
"70.8900","0.1559","0.0004"
"70.9040","0.0998","0.0001"
"70.9050","0.0958","0.0001"
"70.9060","0.0918","0.0000"
"70.9260","0.0127","-0.0004"
"70.9460","-0.0516","-0.0004"
"70.9660","-0.0806","-0.0004"
"70.9860","-0.0668","-0.0001"
"71.0060","-0.0121","0.0003"
"71.0260","0.0671","0.0003"
"71.0460","0.1481","0.0008"
"71.0660","0.2256","0.0010"
"71.0860","0.3034","0.0010"
"71.1060","0.3838","0.0010"
"71.1260","0.4659","0.0009"
"71.1460","0.5479","0.0009"
"71.1660","0.6290","0.0009"
"71.1860","0.7091","0.0010"
"71.2060","0.7890","0.0010"
"71.2260","0.8689","0.0010"
"71.2460","0.9489","0.0011"
"71.2590","1.0009","0.0011"
"71.2600","1.0049","0.0011"
"71.2610","1.0089","0.0011"
"71.2810","1.0881","0.0007"
"71.3010","1.1526","0.0000"
"71.3210","1.1825","0.0000"
"71.3410","1.1699","0.0000"
"71.3610","1.1166","0.0004"
"71.3810","1.0380","0.0010"
"71.4010","0.9570","0.0010"
"71.4210","0.8794","0.0009"
"71.4410","0.8016","0.0009"
"71.4610","0.7213","0.0009"
"71.4810","0.6392","0.0009"
"71.5010","0.5571","0.0009"
"71.5210","0.4761","0.0009"
"71.5410","0.3958","0.0009"
"71.5610","0.3160","0.0008"
"71.5810","0.2361","0.0007"
"71.6010","0.1561","0.0004"
"71.6150","0.1000","0.0001"
"71.6160","0.0960","0.0000"
"71.6170","0.0920","0.0000"
"71.6370","0.0129","-0.0004"
"71.6570","-0.0514","-0.0004"
"71.6770","-0.0804","-0.0005"
"71.6970","-0.0667","-0.0002"
"71.7170","-0.0120","0.0002"
"71.7370","0.0672","0.0003"
"71.7570","0.1482","0.0007"
"71.7770","0.2257","0.0008"
"71.7970","0.3035","0.0010"
"71.8170","0.3839","0.0010"
"71.8370","0.4660","0.0009"
"71.8570","0.5480","0.0009"
"71.8770","0.6291","0.0010"
"71.8970","0.7093","0.0011"
"71.9170","0.7891","0.0011"
"71.9370","0.8690","0.0011"
"71.9570","0.9490","0.0011"
"71.9700","1.0010","0.0011"
"71.9710","1.0050","0.0011"
"71.9720","1.0090","0.0011"
"71.9920","1.0882","0.0008"
"72.0120","1.1527","0.0001"
"72.0320","1.1826","-0.0001"
"72.0520","1.1699","0.0000"
"72.0720","1.1165","0.0003"
"72.0920","1.0379","0.0008"
"72.1120","0.9569","0.0009"
"72.1320","0.8793","0.0009"
"72.1520","0.8015","0.0009"
"72.1720","0.7213","0.0009"
"72.1920","0.6392","0.0009"
"72.2120","0.5571","0.0009"
"72.2320","0.4760","0.0009"
"72.2520","0.3957","0.0009"
"72.2720","0.3159","0.0008"
"72.2920","0.2360","0.0008"
"72.3120","0.1560","0.0005"
"72.3260","0.0999","0.0001"
"72.3270","0.0959","0.0001"
"72.3280","0.0919","0.0001"
"72.3480","0.0128","-0.0003"
"72.3680","-0.0514","-0.0004"
"72.3880","-0.0805","-0.0004"
"72.4080","-0.0667","-0.0001"
"72.4280","-0.0120","0.0002"
"72.4480","0.0672","0.0002"
"72.4680","0.1482","0.0007"
"72.4880","0.2258","0.0009"
"72.5080","0.3035","0.0010"
"72.5280","0.3839","0.0009"
"72.5480","0.4660","0.0009"
"72.5680","0.5480","0.0008"
"72.5880","0.6291","0.0008"
"72.6080","0.7093","0.0008"
"72.6280","0.7891","0.0009"
"72.6480","0.8690","0.0010"
"72.6680","0.9490","0.0010"
"72.6810","1.0010","0.0010"
"72.6820","1.0050","0.0010"
"72.6830","1.0090","0.0010"
"72.7030","1.0882","0.0007"
"72.7230","1.1527","0.0002"
"72.7430","1.1825","0.0001"
"72.7630","1.1698","0.0000"
"72.7830","1.1163","0.0003"
"72.8030","1.0376","0.0010"
"72.8230","0.9566","0.0010"
"72.8430","0.8790","0.0008"
"72.8630","0.8013","0.0009"
"72.8830","0.7210","0.0009"
"72.9030","0.6389","0.0010"
"72.9230","0.5568","0.0010"
"72.9430","0.4758","0.0009"
"72.9630","0.3955","0.0009"
"72.9830","0.3157","0.0008"
"73.0030","0.2358","0.0008"
"73.0230","0.1558","0.0005"
"73.0370","0.0997","0.0001"
"73.0380","0.0957","0.0001"
"73.0390","0.0917","0.0000"
"73.0590","0.0126","-0.0004"
"73.0790","-0.0516","-0.0005"
"73.0990","-0.0807","-0.0004"
"73.1190","-0.0669","-0.0002"
"73.1390","-0.0121","0.0002"
"73.1590","0.0671","0.0002"
"73.1790","0.1481","0.0006"
"73.1990","0.2257","0.0008"
"73.2190","0.3034","0.0009"
"73.2390","0.3838","0.0010"
"73.2590","0.4659","0.0010"
"73.2790","0.5479","0.0010"
"73.2990","0.6290","0.0009"
"73.3190","0.7091","0.0010"
"73.3390","0.7890","0.0010"
"73.3590","0.8689","0.0009"
"73.3790","0.9488","0.0010"
"73.3920","1.0009","0.0010"
"73.3930","1.0049","0.0010"
"73.3940","1.0089","0.0010"
"73.4140","1.0881","0.0007"
"73.4340","1.1526","0.0002"
"73.4540","1.1825","0.0001"
"73.4740","1.1699","0.0000"
"73.4940","1.1164","0.0002"
"73.5140","1.0379","0.0009"
"73.5340","0.9569","0.0010"
"73.5540","0.8793","0.0009"
"73.5740","0.8015","0.0009"
"73.5940","0.7212","0.0009"
"73.6140","0.6391","0.0009"
"73.6340","0.5570","0.0010"
"73.6540","0.4759","0.0009"
"73.6740","0.3957","0.0009"
"73.6940","0.3158","0.0008"
"73.7140","0.2360","0.0007"
"73.7340","0.1560","0.0006"
"73.7480","0.0999","0.0002"
"73.7490","0.0959","0.0002"
"73.7500","0.0919","0.0001"
"73.7700","0.0128","-0.0004"
"73.7900","-0.0514","-0.0005"
"73.8100","-0.0804","-0.0005"
"73.8300","-0.0664","-0.0002"
"73.8500","-0.0116","0.0001"
"73.8700","0.0676","0.0002"
"73.8900","0.1487","0.0007"
"73.9100","0.2262","0.0009"
"73.9300","0.3040","0.0010"
"73.9500","0.3843","0.0010"
"73.9700","0.4664","0.0011"
"73.9900","0.5484","0.0010"
"74.0100","0.6295","0.0010"
"74.0300","0.7096","0.0010"
"74.0500","0.7895","0.0010"
"74.0700","0.8693","0.0010"
"74.0900","0.9493","0.0010"
"74.1030","1.0014","0.0010"
"74.1040","1.0054","0.0010"
"74.1050","1.0094","0.0010"
"74.1250","1.0885","0.0007"
"74.1450","1.1531","0.0001"
"74.1650","1.1830","0.0000"
"74.1850","1.1704","0.0000"
"74.2050","1.1171","0.0003"
"74.2250","1.0386","0.0009"
"74.2450","0.9576","0.0010"
"74.2650","0.8800","0.0009"
"74.2850","0.8023","0.0009"
"74.3050","0.7219","0.0010"
"74.3250","0.6398","0.0010"
"74.3450","0.5577","0.0010"
"74.3650","0.4766","0.0009"
"74.3850","0.3964","0.0008"
"74.4050","0.3165","0.0008"
"74.4250","0.2367","0.0006"
"74.4450","0.1566","0.0004"
"74.4600","0.0965","0.0000"
"74.4610","0.0925","0.0000"
"74.4620","0.0885","0.0000"
"74.4820","0.0094","-0.0004"
"74.5020","-0.0548","-0.0004"
"74.5220","-0.0838","-0.0005"
"74.5420","-0.0700","-0.0002"
"74.5620","-0.0152","0.0001"
"74.5820","0.0639","0.0003"
"74.6020","0.1450","0.0008"
"74.6220","0.2225","0.0010"
"74.6420","0.3003","0.0010"
"74.6620","0.3807","0.0009"
"74.6820","0.4627","0.0009"
"74.7020","0.5448","0.0010"
"74.7220","0.6258","0.0009"
"74.7420","0.7060","0.0009"
"74.7620","0.7859","0.0010"
"74.7820","0.8658","0.0010"
"74.8020","0.9457","0.0009"
"74.8160","1.0018","0.0010"
"74.8170","1.0058","0.0010"
"74.8180","1.0098","0.0010"
"74.8380","1.0889","0.0007"
"74.8580","1.1534","0.0002"
"74.8780","1.1832","0.0000"
"74.8980","1.1705","0.0000"
"74.9180","1.1171","0.0003"
"74.9380","1.0386","0.0009"
"74.9580","0.9576","0.0009"
"74.9780","0.8800","0.0009"
"74.9980","0.8022","0.0008"
"75.0180","0.7219","0.0008"
"75.0380","0.6398","0.0009"
"75.0580","0.5577","0.0008"
"75.0780","0.4766","0.0008"
"75.0980","0.3964","0.0008"
"75.1180","0.3165","0.0008"
"75.1380","0.2367","0.0007"
"75.1580","0.1567","0.0005"
"75.1730","0.0966","0.0001"
"75.1740","0.0926","0.0001"
"75.1750","0.0886","0.0001"
"75.1950","0.0095","-0.0004"
"75.2150","-0.0548","-0.0006"
"75.2350","-0.0838","-0.0006"
"75.2550","-0.0699","-0.0003"
"75.2750","-0.0151","0.0001"
"75.2950","0.0641","0.0003"
"75.3150","0.1452","0.0007"
"75.3350","0.2227","0.0009"
"75.3550","0.3005","0.0010"
"75.3750","0.3808","0.0010"
"75.3950","0.4629","0.0010"
"75.4150","0.5449","0.0009"
"75.4350","0.6260","0.0009"
"75.4550","0.7062","0.0009"
"75.4750","0.7860","0.0009"
"75.4950","0.8659","0.0009"
"75.5150","0.9459","0.0009"
"75.5290","1.0019","0.0010"
"75.5300","1.0059","0.0010"
"75.5310","1.0099","0.0010"
"75.5510","1.0891","0.0007"
"75.5710","1.1536","0.0002"
"75.5910","1.1835","0.0000"
"75.6110","1.1710","0.0000"
"75.6310","1.1177","0.0003"
"75.6510","1.0393","0.0010"
"75.6710","0.9583","0.0011"
"75.6910","0.8807","0.0010"
"75.7110","0.8029","0.0009"
"75.7310","0.7226","0.0008"
"75.7510","0.6405","0.0008"
"75.7710","0.5584","0.0009"
"75.7910","0.4773","0.0009"
"75.8110","0.3971","0.0008"
"75.8310","0.3172","0.0008"
"75.8510","0.2373","0.0008"
"75.8710","0.1573","0.0005"
"75.8860","0.0972","0.0001"
"75.8870","0.0932","0.0001"
"75.8880","0.0892","0.0000"
"75.9080","0.0101","-0.0004"
"75.9280","-0.0541","-0.0004"
"75.9480","-0.0831","-0.0006"
"75.9680","-0.0692","-0.0002"
"75.9880","-0.0144","0.0001"
"76.0080","0.0647","0.0002"
"76.0280","0.1458","0.0007"
"76.0480","0.2234","0.0010"
"76.0680","0.3012","0.0011"
"76.0880","0.3815","0.0010"
"76.1080","0.4636","0.0009"
"76.1280","0.5456","0.0009"
"76.1480","0.6267","0.0010"
"76.1680","0.7068","0.0010"
"76.1880","0.7867","0.0011"
"76.2080","0.8666","0.0010"
"76.2280","0.9465","0.0009"
"76.2420","1.0026","0.0009"
"76.2430","1.0066","0.0009"
"76.2440","1.0106","0.0009"
"76.2640","1.0898","0.0006"
"76.2840","1.1543","0.0001"
"76.3040","1.1842","0.0001"
"76.3240","1.1716","0.0001"
"76.3440","1.1184","0.0003"
"76.3640","1.0400","0.0009"
"76.3840","0.9591","0.0010"
"76.4040","0.8815","0.0009"
"76.4240","0.8036","0.0008"
"76.4440","0.7233","0.0009"
"76.4640","0.6412","0.0009"
"76.4840","0.5591","0.0008"
"76.5040","0.4780","0.0009"
"76.5240","0.3978","0.0010"
"76.5440","0.3179","0.0009"
"76.5640","0.2380","0.0008"
"76.5840","0.1580","0.0006"
"76.5990","0.0979","0.0001"
"76.6000","0.0939","0.0000"
"76.6010","0.0899","0.0000"
"76.6210","0.0108","-0.0005"
"76.6410","-0.0534","-0.0005"
"76.6610","-0.0824","-0.0005"
"76.6810","-0.0685","-0.0003"
"76.7010","-0.0137","0.0001"
"76.7210","0.0655","0.0002"
"76.7410","0.1466","0.0007"
"76.7610","0.2241","0.0009"
"76.7810","0.3019","0.0009"
"76.8010","0.3822","0.0009"
"76.8210","0.4642","0.0009"
"76.8410","0.5463","0.0009"
"76.8610","0.6274","0.0009"
"76.8810","0.7075","0.0009"
"76.9010","0.7874","0.0009"
"76.9210","0.8673","0.0009"
"76.9410","0.9472","0.0009"
"76.9550","1.0033","0.0010"
"76.9560","1.0073","0.0010"
"76.9570","1.0113","0.0010"
"76.9770","1.0904","0.0007"
"76.9970","1.1549","0.0002"
"77.0170","1.1847","0.0000"
"77.0370","1.1720","0.0001"
"77.0570","1.1187","0.0003"
"77.0770","1.0402","0.0009"
"77.0970","0.9591","0.0010"
"77.1170","0.8815","0.0009"
"77.1370","0.8037","0.0009"
"77.1570","0.7234","0.0008"
"77.1770","0.6413","0.0009"
"77.1970","0.5593","0.0009"
"77.2170","0.4782","0.0009"
"77.2370","0.3979","0.0008"
"77.2570","0.3181","0.0007"
"77.2770","0.2382","0.0006"
"77.2970","0.1582","0.0005"
"77.3120","0.0981","0.0001"
"77.3130","0.0941","0.0000"
"77.3140","0.0901","0.0000"
"77.3340","0.0110","-0.0004"
"77.3540","-0.0532","-0.0005"
"77.3740","-0.0822","-0.0005"
"77.3940","-0.0683","-0.0002"
"77.4140","-0.0135","0.0002"
"77.4340","0.0657","0.0003"
"77.4540","0.1468","0.0007"
"77.4740","0.2243","0.0010"
"77.4940","0.3021","0.0010"
"77.5140","0.3824","0.0009"
"77.5340","0.4645","0.0009"
"77.5540","0.5465","0.0009"
"77.5740","0.6276","0.0009"
"77.5940","0.7078","0.0009"
"77.6140","0.7876","0.0010"
"77.6340","0.8675","0.0010"
"77.6540","0.9475","0.0010"
"77.6680","1.0035","0.0010"
"77.6690","1.0076","0.0010"
"77.6700","1.0116","0.0010"
"77.6900","1.0907","0.0007"
"77.7100","1.1553","0.0001"
"77.7300","1.1851","0.0000"
"77.7500","1.1725","0.0001"
"77.7700","1.1192","0.0004"
"77.7900","1.0408","0.0010"
"77.8100","0.9598","0.0011"
"77.8300","0.8822","0.0009"
"77.8500","0.8044","0.0008"
"77.8700","0.7240","0.0008"
"77.8900","0.6420","0.0008"
"77.9100","0.5599","0.0008"
"77.9300","0.4788","0.0008"
"77.9500","0.3985","0.0008"
"77.9700","0.3187","0.0007"
"77.9900","0.2388","0.0007"
"78.0100","0.1588","0.0005"
"78.0250","0.0987","0.0001"
"78.0260","0.0947","0.0000"
"78.0270","0.0907","0.0000"
"78.0470","0.0116","-0.0004"
"78.0670","-0.0526","-0.0004"
"78.0870","-0.0815","-0.0005"
"78.1070","-0.0675","-0.0002"
"78.1270","-0.0126","0.0002"
"78.1470","0.0666","0.0003"
"78.1670","0.1477","0.0007"
"78.1870","0.2253","0.0009"
"78.2070","0.3030","0.0010"
"78.2270","0.3834","0.0009"
"78.2470","0.4654","0.0009"
"78.2670","0.5474","0.0009"
"78.2870","0.6285","0.0010"
"78.3070","0.7087","0.0010"
"78.3270","0.7885","0.0010"
"78.3470","0.8684","0.0010"
"78.3670","0.9484","0.0009"
"78.3800","1.0004","0.0009"
"78.3810","1.0044","0.0009"
"78.3820","1.0084","0.0009"
"78.4020","1.0876","0.0007"
"78.4220","1.1521","0.0002"
"78.4420","1.1819","0.0001"
"78.4620","1.1692","0.0001"
"78.4820","1.1158","0.0004"
"78.5020","1.0372","0.0010"
"78.5220","0.9562","0.0010"
"78.5420","0.8786","0.0009"
"78.5620","0.8008","0.0008"
"78.5820","0.7206","0.0009"
"78.6020","0.6385","0.0010"
"78.6220","0.5564","0.0010"
"78.6420","0.4753","0.0009"
"78.6620","0.3951","0.0009"
"78.6820","0.3152","0.0008"
"78.7020","0.2354","0.0007"
"78.7220","0.1553","0.0005"
"78.7360","0.0992","0.0002"
"78.7370","0.0952","0.0001"
"78.7380","0.0912","0.0001"
"78.7580","0.0121","-0.0004"
"78.7780","-0.0521","-0.0004"
"78.7980","-0.0812","-0.0004"
"78.8180","-0.0672","-0.0002"
"78.8380","-0.0124","0.0001"
"78.8580","0.0668","0.0002"
"78.8780","0.1479","0.0007"
"78.8980","0.2254","0.0009"
"78.9180","0.3031","0.0010"
"78.9380","0.3835","0.0010"
"78.9580","0.4655","0.0009"
"78.9780","0.5476","0.0009"
"78.9980","0.6287","0.0010"
"79.0180","0.7089","0.0009"
"79.0380","0.7887","0.0009"
"79.0580","0.8686","0.0009"
"79.0780","0.9486","0.0009"
"79.0910","1.0006","0.0009"
"79.0920","1.0046","0.0009"
"79.0930","1.0086","0.0009"
"79.1130","1.0878","0.0006"
"79.1330","1.1523","0.0001"
"79.1530","1.1821","0.0000"
"79.1730","1.1694","0.0001"
"79.1930","1.1159","0.0003"
"79.2130","1.0374","0.0010"
"79.2330","0.9563","0.0010"
"79.2530","0.8787","0.0008"
"79.2730","0.8009","0.0009"
"79.2930","0.7207","0.0009"
"79.3130","0.6386","0.0009"
"79.3330","0.5565","0.0009"
"79.3530","0.4754","0.0008"
"79.3730","0.3952","0.0008"
"79.3930","0.3153","0.0008"
"79.4130","0.2355","0.0006"
"79.4330","0.1555","0.0004"
"79.4470","0.0994","0.0000"
"79.4480","0.0954","0.0000"
"79.4490","0.0914","-0.0001"
"79.4690","0.0123","-0.0004"
"79.4890","-0.0520","-0.0004"
"79.5090","-0.0810","-0.0004"
"79.5290","-0.0671","-0.0003"
"79.5490","-0.0123","0.0001"
"79.5690","0.0669","0.0002"
"79.5890","0.1480","0.0008"
"79.6090","0.2255","0.0010"
"79.6290","0.3033","0.0011"
"79.6490","0.3836","0.0010"
"79.6690","0.4657","0.0010"
"79.6890","0.5477","0.0010"
"79.7090","0.6288","0.0010"
"79.7290","0.7090","0.0009"
"79.7490","0.7888","0.0009"
"79.7690","0.8687","0.0009"
"79.7890","0.9487","0.0009"
"79.8020","1.0007","0.0009"
"79.8030","1.0047","0.0009"
"79.8040","1.0087","0.0009"
"79.8240","1.0879","0.0006"
"79.8440","1.1524","0.0001"
"79.8640","1.1823","0.0000"
"79.8840","1.1696","0.0001"
"79.9040","1.1163","0.0003"
"79.9240","1.0377","0.0009"
"79.9440","0.9567","0.0010"
"79.9640","0.8791","0.0010"
"79.9840","0.8013","0.0009"
"80.0040","0.7210","0.0009"
"80.0240","0.6389","0.0010"
"80.0440","0.5569","0.0009"
"80.0640","0.4758","0.0008"
"80.0840","0.3955","0.0008"
"80.1040","0.3157","0.0008"
"80.1240","0.2358","0.0006"
"80.1440","0.1558","0.0004"
"80.1580","0.0997","0.0001"
"80.1590","0.0957","0.0001"
"80.1600","0.0917","0.0001"
"80.1800","0.0126","-0.0003"
"80.2000","-0.0516","-0.0004"
"80.2200","-0.0806","-0.0005"
"80.2400","-0.0667","-0.0002"
"80.2600","-0.0120","0.0002"
"80.2800","0.0672","0.0003"
"80.3000","0.1483","0.0007"
"80.3200","0.2258","0.0009"
"80.3400","0.3036","0.0010"
"80.3600","0.3840","0.0010"
"80.3800","0.4660","0.0009"
"80.4000","0.5480","0.0010"
"80.4200","0.6291","0.0010"
"80.4400","0.7093","0.0010"
"80.4600","0.7892","0.0009"
"80.4800","0.8690","0.0009"
"80.5000","0.9490","0.0009"
"80.5130","1.0011","0.0009"
"80.5140","1.0051","0.0009"
"80.5150","1.0091","0.0009"
"80.5350","1.0882","0.0006"
"80.5550","1.1528","0.0001"
"80.5750","1.1826","-0.0001"
"80.5950","1.1700","0.0000"
"80.6150","1.1166","0.0003"
"80.6350","1.0380","0.0010"
"80.6550","0.9570","0.0011"
"80.6750","0.8794","0.0010"
"80.6950","0.8016","0.0009"
"80.7150","0.7214","0.0009"
"80.7350","0.6393","0.0009"
"80.7550","0.5571","0.0009"
"80.7750","0.4760","0.0009"
"80.7950","0.3958","0.0009"
"80.8150","0.3159","0.0008"
"80.8350","0.2361","0.0007"
"80.8550","0.1561","0.0005"
"80.8690","0.1000","0.0001"
"80.8700","0.0960","0.0001"
"80.8710","0.0919","0.0001"
"80.8910","0.0129","-0.0003"
"80.9110","-0.0514","-0.0004"
"80.9310","-0.0806","-0.0005"
"80.9510","-0.0669","-0.0002"
"80.9710","-0.0123","0.0002"
"80.9910","0.0669","0.0002"
"81.0110","0.1479","0.0006"
"81.0310","0.2255","0.0009"
"81.0510","0.3032","0.0010"
"81.0710","0.3835","0.0010"
"81.0910","0.4656","0.0009"
"81.1110","0.5476","0.0009"
"81.1310","0.6287","0.0010"
"81.1510","0.7089","0.0010"
"81.1710","0.7888","0.0010"
"81.1910","0.8687","0.0010"
"81.2110","0.9487","0.0009"
"81.2240","1.0007","0.0009"
"81.2250","1.0047","0.0009"
"81.2260","1.0087","0.0009"
"81.2460","1.0879","0.0006"
"81.2660","1.1524","0.0002"
"81.2860","1.1823","0.0001"
"81.3060","1.1696","0.0000"
"81.3260","1.1162","0.0003"
"81.3460","1.0376","0.0009"
"81.3660","0.9566","0.0010"
"81.3860","0.8789","0.0009"
"81.4060","0.8012","0.0009"
"81.4260","0.7209","0.0009"
"81.4460","0.6389","0.0009"
"81.4660","0.5568","0.0008"
"81.4860","0.4757","0.0008"
"81.5060","0.3954","0.0009"
"81.5260","0.3156","0.0008"
"81.5460","0.2357","0.0008"
"81.5660","0.1557","0.0006"
"81.5800","0.0996","0.0002"
"81.5810","0.0956","0.0001"
"81.5820","0.0916","0.0001"
"81.6020","0.0125","-0.0004"
"81.6220","-0.0517","-0.0004"
"81.6420","-0.0809","-0.0005"
"81.6620","-0.0671","-0.0002"
"81.6820","-0.0124","0.0001"
"81.7020","0.0668","0.0002"
"81.7220","0.1480","0.0007"
"81.7420","0.2255","0.0009"
"81.7620","0.3032","0.0010"
"81.7820","0.3835","0.0009"
"81.8020","0.4655","0.0009"
"81.8220","0.5475","0.0010"
"81.8420","0.6286","0.0009"
"81.8620","0.7088","0.0008"
"81.8820","0.7887","0.0009"
"81.9020","0.8686","0.0010"
"81.9220","0.9486","0.0010"
"81.9350","1.0006","0.0010"
"81.9360","1.0046","0.0010"
"81.9370","1.0086","0.0010"
"81.9570","1.0878","0.0007"
"81.9770","1.1523","0.0001"
"81.9970","1.1822","0.0000"
"82.0170","1.1695","0.0000"
"82.0370","1.1161","0.0003"
"82.0570","1.0375","0.0009"
"82.0770","0.9565","0.0010"
"82.0970","0.8789","0.0009"
"82.1170","0.8011","0.0009"
"82.1370","0.7209","0.0009"
"82.1570","0.6388","0.0009"
"82.1770","0.5567","0.0010"
"82.1970","0.4756","0.0009"
"82.2170","0.3954","0.0009"
"82.2370","0.3155","0.0008"
"82.2570","0.2357","0.0007"
"82.2770","0.1556","0.0005"
"82.2910","0.0995","0.0001"
"82.2920","0.0955","0.0001"
"82.2930","0.0915","0.0000"
"82.3130","0.0124","-0.0004"
"82.3330","-0.0518","-0.0004"
"82.3530","-0.0810","-0.0005"
"82.3730","-0.0672","-0.0003"
"82.3930","-0.0125","0.0001"
"82.4130","0.0667","0.0003"
"82.4330","0.1478","0.0007"
"82.4530","0.2253","0.0009"
"82.4730","0.3031","0.0010"
"82.4930","0.3834","0.0009"
"82.5130","0.4654","0.0009"
"82.5330","0.5474","0.0009"
"82.5530","0.6285","0.0009"
"82.5730","0.7087","0.0010"
"82.5930","0.7886","0.0010"
"82.6130","0.8685","0.0008"
"82.6330","0.9485","0.0008"
"82.6460","1.0005","0.0008"
"82.6470","1.0045","0.0008"
"82.6480","1.0085","0.0009"
"82.6680","1.0877","0.0006"
"82.6880","1.1522","0.0001"
"82.7080","1.1820","0.0000"
"82.7280","1.1693","0.0000"
"82.7480","1.1158","0.0003"
"82.7680","1.0371","0.0009"
"82.7880","0.9560","0.0010"
"82.8080","0.8784","0.0009"
"82.8280","0.8007","0.0008"
"82.8480","0.7205","0.0009"
"82.8680","0.6384","0.0009"
"82.8880","0.5564","0.0009"
"82.9080","0.4753","0.0008"
"82.9280","0.3950","0.0009"
"82.9480","0.3151","0.0008"
"82.9680","0.2353","0.0006"
"82.9880","0.1553","0.0005"
"83.0020","0.0992","0.0001"
"83.0030","0.0952","0.0001"
"83.0040","0.0912","0.0001"
"83.0240","0.0121","-0.0004"
"83.0440","-0.0522","-0.0005"
"83.0640","-0.0812","-0.0005"
"83.0840","-0.0673","-0.0002"
"83.1040","-0.0125","0.0001"
"83.1240","0.0667","0.0002"
"83.1440","0.1478","0.0008"
"83.1640","0.2253","0.0010"
"83.1840","0.3031","0.0010"
"83.2040","0.3834","0.0010"
"83.2240","0.4654","0.0011"
"83.2440","0.5475","0.0010"
"83.2640","0.6286","0.0010"
"83.2840","0.7088","0.0010"
"83.3040","0.7886","0.0010"
"83.3240","0.8685","0.0010"
"83.3440","0.9485","0.0009"
"83.3570","1.0005","0.0010"
"83.3580","1.0045","0.0010"
"83.3590","1.0085","0.0010"
"83.3790","1.0877","0.0007"
"83.3990","1.1522","0.0001"
"83.4190","1.1821","0.0000"
"83.4390","1.1694","0.0001"
"83.4590","1.1160","0.0004"
"83.4790","1.0374","0.0010"
"83.4990","0.9564","0.0010"
"83.5190","0.8788","0.0009"
"83.5390","0.8010","0.0009"
"83.5590","0.7208","0.0009"
"83.5790","0.6387","0.0010"
"83.5990","0.5566","0.0009"
"83.6190","0.4755","0.0009"
"83.6390","0.3953","0.0009"
"83.6590","0.3154","0.0008"
"83.6790","0.2355","0.0006"
"83.6990","0.1555","0.0004"
"83.7130","0.0994","0.0001"
"83.7140","0.0954","0.0001"
"83.7150","0.0914","0.0000"
"83.7350","0.0123","-0.0003"
"83.7550","-0.0519","-0.0004"
"83.7750","-0.0810","-0.0005"
"83.7950","-0.0672","-0.0002"
"83.8150","-0.0124","0.0001"
"83.8350","0.0668","0.0002"
"83.8550","0.1479","0.0006"
"83.8750","0.2255","0.0008"
"83.8950","0.3032","0.0009"
"83.9150","0.3835","0.0010"
"83.9350","0.4655","0.0010"
"83.9550","0.5475","0.0010"
"83.9750","0.6286","0.0010"
"83.9950","0.7088","0.0009"
"84.0150","0.7887","0.0009"
"84.0350","0.8685","0.0009"
"84.0550","0.9485","0.0009"
"84.0680","1.0006","0.0009"
"84.0690","1.0046","0.0009"
"84.0700","1.0086","0.0009"
"84.0900","1.0877","0.0007"
"84.1100","1.1523","0.0002"
"84.1300","1.1822","0.0000"
"84.1500","1.1695","0.0001"
"84.1700","1.1161","0.0004"
"84.1900","1.0375","0.0009"
"84.2100","0.9565","0.0011"
"84.2300","0.8788","0.0009"
"84.2500","0.8011","0.0007"
"84.2700","0.7209","0.0008"
"84.2900","0.6388","0.0008"
"84.3100","0.5567","0.0009"
"84.3300","0.4756","0.0009"
"84.3500","0.3954","0.0009"
"84.3700","0.3155","0.0009"
"84.3900","0.2356","0.0008"
"84.4100","0.1556","0.0004"
"84.4240","0.0995","0.0000"
"84.4250","0.0955","0.0000"
"84.4260","0.0915","-0.0001"
"84.4460","0.0124","-0.0003"
"84.4660","-0.0519","-0.0003"
"84.4860","-0.0810","-0.0004"
"84.5060","-0.0673","-0.0002"
"84.5260","-0.0126","0.0002"
"84.5460","0.0666","0.0004"
"84.5660","0.1477","0.0008"
"84.5860","0.2253","0.0010"
"84.6060","0.3030","0.0010"
"84.6260","0.3833","0.0009"
"84.6460","0.4653","0.0009"
"84.6660","0.5473","0.0009"
"84.6860","0.6284","0.0010"
"84.7060","0.7086","0.0009"
"84.7260","0.7885","0.0009"
"84.7460","0.8684","0.0009"
"84.7660","0.9483","0.0010"
"84.7790","1.0004","0.0010"
"84.7800","1.0044","0.0010"
"84.7810","1.0084","0.0010"
"84.8010","1.0876","0.0006"
"84.8210","1.1521","0.0001"
"84.8410","1.1818","0.0001"
"84.8610","1.1691","0.0001"
"84.8810","1.1156","0.0003"
"84.9010","1.0370","0.0009"
"84.9210","0.9559","0.0009"
"84.9410","0.8782","0.0009"
"84.9610","0.8005","0.0009"
"84.9810","0.7202","0.0009"
"85.0010","0.6382","0.0009"
"85.0210","0.5561","0.0009"
"85.0410","0.4751","0.0008"
"85.0610","0.3948","0.0008"
"85.0810","0.3150","0.0007"
"85.1010","0.2351","0.0006"
"85.1210","0.1551","0.0004"
"85.1350","0.0990","0.0001"
"85.1360","0.0950","0.0000"
"85.1370","0.0910","0.0000"
"85.1570","0.0119","-0.0004"
"85.1770","-0.0524","-0.0004"
"85.1970","-0.0815","-0.0005"
"85.2170","-0.0677","-0.0003"
"85.2370","-0.0129","0.0000"
"85.2570","0.0663","0.0001"
"85.2770","0.1474","0.0007"
"85.2970","0.2249","0.0009"
"85.3170","0.3027","0.0010"
"85.3370","0.3830","0.0010"
"85.3570","0.4651","0.0009"
"85.3770","0.5471","0.0009"
"85.3970","0.6282","0.0010"
"85.4170","0.7084","0.0009"
"85.4370","0.7882","0.0009"
"85.4570","0.8681","0.0009"
"85.4770","0.9481","0.0011"
"85.4900","1.0001","0.0010"
"85.4910","1.0042","0.0010"
"85.4920","1.0082","0.0010"
"85.5120","1.0873","0.0006"
"85.5320","1.1518","0.0001"
"85.5520","1.1817","0.0000"
"85.5720","1.1690","0.0001"
"85.5920","1.1156","0.0003"
"85.6120","1.0370","0.0009"
"85.6320","0.9560","0.0009"
"85.6520","0.8784","0.0008"
"85.6720","0.8006","0.0009"
"85.6920","0.7203","0.0009"
"85.7120","0.6383","0.0009"
"85.7320","0.5562","0.0009"
"85.7520","0.4751","0.0009"
"85.7720","0.3948","0.0008"
"85.7920","0.3150","0.0008"
"85.8120","0.2351","0.0006"
"85.8320","0.1551","0.0004"
"85.8460","0.0990","0.0001"
"85.8470","0.0950","0.0000"
"85.8480","0.0910","0.0000"
"85.8680","0.0119","-0.0004"
"85.8880","-0.0523","-0.0004"
"85.9080","-0.0814","-0.0005"
"85.9280","-0.0676","-0.0002"
"85.9480","-0.0128","0.0002"
"85.9680","0.0664","0.0003"
"85.9880","0.1476","0.0008"
"86.0080","0.2251","0.0010"
"86.0280","0.3029","0.0010"
"86.0480","0.3832","0.0009"
"86.0680","0.4652","0.0008"
"86.0880","0.5472","0.0008"
"86.1080","0.6283","0.0009"
"86.1280","0.7085","0.0009"
"86.1480","0.7883","0.0010"
"86.1680","0.8682","0.0009"
"86.1880","0.9482","0.0009"
"86.2010","1.0002","0.0009"
"86.2020","1.0042","0.0010"
"86.2030","1.0082","0.0010"
"86.2230","1.0874","0.0008"
"86.2430","1.1519","0.0001"
"86.2630","1.1818","0.0000"
"86.2830","1.1691","0.0001"
"86.3030","1.1157","0.0003"
"86.3230","1.0371","0.0009"
"86.3430","0.9561","0.0010"
"86.3630","0.8785","0.0009"
"86.3830","0.8007","0.0008"
"86.4030","0.7204","0.0008"
"86.4230","0.6384","0.0008"
"86.4430","0.5563","0.0008"
"86.4630","0.4752","0.0008"
"86.4830","0.3950","0.0009"
"86.5030","0.3151","0.0008"
"86.5230","0.2353","0.0008"
"86.5430","0.1552","0.0005"
"86.5570","0.0992","0.0001"
"86.5580","0.0951","0.0001"
"86.5590","0.0911","0.0000"
"86.5790","0.0120","-0.0004"
"86.5990","-0.0523","-0.0004"
"86.6190","-0.0814","-0.0004"
"86.6390","-0.0677","-0.0002"
"86.6590","-0.0130","0.0001"
"86.6790","0.0662","0.0001"
"86.6990","0.1474","0.0006"
"86.7190","0.2249","0.0009"
"86.7390","0.3026","0.0010"
"86.7590","0.3829","0.0010"
"86.7790","0.4650","0.0010"
"86.7990","0.5470","0.0009"
"86.8190","0.6280","0.0009"
"86.8390","0.7082","0.0009"
"86.8590","0.7881","0.0010"
"86.8790","0.8680","0.0010"
"86.8990","0.9480","0.0010"
"86.9120","1.0000","0.0010"
"86.9130","1.0040","0.0011"
"86.9140","1.0080","0.0011"
"86.9340","1.0872","0.0008"
"86.9540","1.1517","0.0002"
"86.9740","1.1815","0.0001"
"86.9940","1.1688","0.0002"
"87.0140","1.1153","0.0004"
"87.0340","1.0368","0.0010"
"87.0540","0.9557","0.0011"
"87.0740","0.8780","0.0009"
"87.0940","0.8002","0.0008"
"87.1140","0.7200","0.0008"
"87.1340","0.6380","0.0009"
"87.1540","0.5559","0.0009"
"87.1740","0.4749","0.0009"
"87.1940","0.3946","0.0009"
"87.2140","0.3147","0.0009"
"87.2340","0.2349","0.0007"
"87.2540","0.1548","0.0004"
"87.2680","0.0988","0.0000"
"87.2690","0.0948","-0.0001"
"87.2700","0.0907","-0.0001"
"87.2900","0.0117","-0.0005"
"87.3100","-0.0526","-0.0005"
"87.3300","-0.0816","-0.0005"
"87.3500","-0.0678","-0.0003"
"87.3700","-0.0130","0.0000"
"87.3900","0.0663","0.0002"
"87.4100","0.1474","0.0006"
"87.4300","0.2249","0.0009"
"87.4500","0.3026","0.0010"
"87.4700","0.3830","0.0010"
"87.4900","0.4650","0.0010"
"87.5100","0.5470","0.0008"
"87.5300","0.6281","0.0008"
"87.5500","0.7083","0.0009"
"87.5700","0.7881","0.0010"
"87.5900","0.8680","0.0009"
"87.6100","0.9480","0.0009"
"87.6230","1.0000","0.0009"
"87.6240","1.0040","0.0009"
"87.6250","1.0080","0.0009"
"87.6450","1.0872","0.0007"
"87.6650","1.1518","0.0001"
"87.6850","1.1817","0.0000"
"87.7050","1.1690","0.0000"
"87.7250","1.1157","0.0003"
"87.7450","1.0372","0.0010"
"87.7650","0.9561","0.0010"
"87.7850","0.8785","0.0009"
"87.8050","0.8007","0.0008"
"87.8250","0.7205","0.0008"
"87.8450","0.6384","0.0008"
"87.8650","0.5563","0.0008"
"87.8850","0.4752","0.0008"
"87.9050","0.3950","0.0009"
"87.9250","0.3151","0.0008"
"87.9450","0.2352","0.0007"
"87.9650","0.1552","0.0004"
"87.9790","0.0991","0.0000"
"87.9800","0.0951","0.0000"
"87.9810","0.0911","-0.0001"
"88.0010","0.0120","-0.0004"
"88.0210","-0.0522","-0.0004"
"88.0410","-0.0814","-0.0004"
"88.0610","-0.0676","-0.0003"
"88.0810","-0.0128","0.0001"
"88.1010","0.0664","0.0002"
"88.1210","0.1475","0.0007"
"88.1410","0.2251","0.0009"
"88.1610","0.3029","0.0010"
"88.1810","0.3832","0.0011"
"88.2010","0.4651","0.0009"
"88.2210","0.5471","0.0008"
"88.2410","0.6282","0.0009"
"88.2610","0.7084","0.0009"
"88.2810","0.7882","0.0009"
"88.3010","0.8681","0.0010"
"88.3210","0.9481","0.0009"
"88.3340","1.0001","0.0009"
"88.3350","1.0042","0.0009"
"88.3360","1.0082","0.0009"
"88.3560","1.0873","0.0006"
"88.3760","1.1519","0.0001"
"88.3960","1.1819","0.0000"
"88.4160","1.1693","0.0000"
"88.4360","1.1160","0.0003"
"88.4560","1.0375","0.0008"
"88.4760","0.9564","0.0009"
"88.4960","0.8788","0.0009"
"88.5160","0.8010","0.0008"
"88.5360","0.7207","0.0008"
"88.5560","0.6387","0.0009"
"88.5760","0.5566","0.0010"
"88.5960","0.4755","0.0009"
"88.6160","0.3953","0.0009"
"88.6360","0.3154","0.0008"
"88.6560","0.2355","0.0007"
"88.6760","0.1555","0.0004"
"88.6900","0.0994","0.0000"
"88.6910","0.0954","0.0000"
"88.6920","0.0914","-0.0001"
"88.7120","0.0123","-0.0004"
"88.7320","-0.0520","-0.0004"
"88.7520","-0.0811","-0.0004"
"88.7720","-0.0674","-0.0002"
"88.7920","-0.0126","0.0001"
"88.8120","0.0666","0.0002"
"88.8320","0.1477","0.0007"
"88.8520","0.2253","0.0010"
"88.8720","0.3030","0.0011"
"88.8920","0.3833","0.0010"
"88.9120","0.4653","0.0009"
"88.9320","0.5473","0.0009"
"88.9520","0.6284","0.0010"
"88.9720","0.7086","0.0010"
"88.9920","0.7884","0.0010"
"89.0120","0.8683","0.0010"
"89.0320","0.9483","0.0010"
"89.0450","1.0003","0.0010"
"89.0460","1.0043","0.0010"
"89.0470","1.0083","0.0010"
"89.0670","1.0875","0.0006"
"89.0870","1.1521","0.0001"
"89.1070","1.1819","-0.0001"
"89.1270","1.1693","-0.0001"
"89.1470","1.1159","0.0002"
"89.1670","1.0373","0.0010"
"89.1870","0.9562","0.0011"
"89.2070","0.8786","0.0009"
"89.2270","0.8008","0.0008"
"89.2470","0.7205","0.0009"
"89.2670","0.6385","0.0008"
"89.2870","0.5565","0.0007"
"89.3070","0.4754","0.0007"
"89.3270","0.3952","0.0008"
"89.3470","0.3153","0.0008"
"89.3670","0.2354","0.0007"
"89.3870","0.1554","0.0004"
"89.4010","0.0993","0.0000"
"89.4020","0.0953","0.0000"
"89.4030","0.0913","0.0000"
"89.4230","0.0122","-0.0003"
"89.4430","-0.0520","-0.0003"
"89.4630","-0.0811","-0.0004"
"89.4830","-0.0673","-0.0002"
"89.5030","-0.0126","0.0001"
"89.5230","0.0666","0.0002"
"89.5430","0.1476","0.0007"
"89.5630","0.2251","0.0010"
"89.5830","0.3029","0.0011"
"89.6030","0.3834","0.0010"
"89.6230","0.4655","0.0009"
"89.6430","0.5476","0.0009"
"89.6630","0.6286","0.0009"
"89.6830","0.7087","0.0009"
"89.7030","0.7885","0.0009"
"89.7230","0.8683","0.0009"
"89.7430","0.9484","0.0009"
"89.7560","1.0004","0.0009"
"89.7570","1.0044","0.0009"
"89.7580","1.0084","0.0009"
"89.7780","1.0876","0.0007"
"89.7980","1.1522","0.0001"
"89.8180","1.1820","0.0000"
"89.8380","1.1694","0.0000"
"89.8580","1.1161","0.0002"
"89.8780","1.0375","0.0009"
"89.8980","0.9565","0.0010"
"89.9180","0.8789","0.0009"
"89.9380","0.8011","0.0008"
"89.9580","0.7209","0.0008"
"89.9780","0.6388","0.0009"
"89.9980","0.5567","0.0009"
"90.0180","0.4756","0.0009"
"90.0380","0.3953","0.0008"
"90.0580","0.3155","0.0007"
"90.0780","0.2356","0.0007"
"90.0980","0.1556","0.0005"
"90.1120","0.0995","0.0002"
"90.1130","0.0955","0.0001"
"90.1140","0.0915","0.0001"
"90.1340","0.0124","-0.0004"
"90.1540","-0.0519","-0.0004"
"90.1740","-0.0811","-0.0005"
"90.1940","-0.0674","-0.0002"
"90.2140","-0.0127","0.0002"
"90.2340","0.0664","0.0002"
"90.2540","0.1475","0.0006"
"90.2740","0.2250","0.0009"
"90.2940","0.3028","0.0010"
"90.3140","0.3832","0.0009"
"90.3340","0.4652","0.0009"
"90.3540","0.5472","0.0009"
"90.3740","0.6283","0.0008"
"90.3940","0.7085","0.0009"
"90.4140","0.7883","0.0010"
"90.4340","0.8682","0.0011"
"90.4540","0.9482","0.0010"
"90.4670","1.0002","0.0010"
"90.4680","1.0042","0.0010"
"90.4690","1.0082","0.0010"
"90.4890","1.0874","0.0007"
"90.5090","1.1520","0.0002"
"90.5290","1.1819","0.0001"
"90.5490","1.1694","0.0002"
"90.5690","1.1160","0.0003"
"90.5890","1.0375","0.0009"
"90.6090","0.9565","0.0009"
"90.6290","0.8788","0.0009"
"90.6490","0.8010","0.0008"
"90.6690","0.7208","0.0008"
"90.6890","0.6387","0.0008"
"90.7090","0.5566","0.0008"
"90.7290","0.4756","0.0008"
"90.7490","0.3953","0.0008"
"90.7690","0.3155","0.0008"
"90.7890","0.2356","0.0007"
"90.8090","0.1556","0.0005"
"90.8230","0.0995","0.0001"
"90.8240","0.0955","0.0001"
"90.8250","0.0915","0.0001"
"90.8450","0.0124","-0.0003"
"90.8650","-0.0519","-0.0003"
"90.8850","-0.0812","-0.0004"
"90.9050","-0.0675","-0.0002"
"90.9250","-0.0129","0.0002"
"90.9450","0.0662","0.0001"
"90.9650","0.1473","0.0006"
"90.9850","0.2248","0.0009"
"91.0050","0.3026","0.0010"
"91.0250","0.3830","0.0009"
"91.0450","0.4651","0.0010"
"91.0650","0.5471","0.0010"
"91.0850","0.6282","0.0010"
"91.1050","0.7083","0.0010"
"91.1250","0.7882","0.0010"
"91.1450","0.8680","0.0010"
"91.1650","0.9480","0.0010"
"91.1780","1.0001","0.0010"
"91.1790","1.0041","0.0010"
"91.1800","1.0081","0.0010"
"91.2000","1.0873","0.0006"
"91.2200","1.1518","0.0001"
"91.2400","1.1817","-0.0001"
"91.2600","1.1691","-0.0001"
"91.2800","1.1158","0.0003"
"91.3000","1.0372","0.0009"
"91.3200","0.9562","0.0008"
"91.3400","0.8786","0.0009"
"91.3600","0.8008","0.0009"
"91.3800","0.7205","0.0009"
"91.4000","0.6384","0.0010"
"91.4200","0.5564","0.0010"
"91.4400","0.4753","0.0009"
"91.4600","0.3950","0.0008"
"91.4800","0.3152","0.0008"
"91.5000","0.2353","0.0007"
"91.5200","0.1553","0.0004"
"91.5340","0.0992","0.0000"
"91.5350","0.0952","0.0000"
"91.5360","0.0912","0.0000"
"91.5560","0.0121","-0.0004"
"91.5760","-0.0521","-0.0004"
"91.5960","-0.0813","-0.0005"
"91.6160","-0.0676","-0.0003"
"91.6360","-0.0128","0.0001"
"91.6560","0.0664","0.0003"
"91.6760","0.1475","0.0007"
"91.6960","0.2250","0.0008"
"91.7160","0.3028","0.0009"
"91.7360","0.3831","0.0009"
"91.7560","0.4651","0.0010"
"91.7760","0.5471","0.0010"
"91.7960","0.6282","0.0009"
"91.8160","0.7084","0.0009"
"91.8360","0.7882","0.0010"
"91.8560","0.8681","0.0009"
"91.8760","0.9481","0.0008"
"91.8890","1.0001","0.0008"
"91.8900","1.0041","0.0008"
"91.8910","1.0081","0.0008"
"91.9110","1.0873","0.0006"
"91.9310","1.1519","0.0001"
"91.9510","1.1817","0.0000"
"91.9710","1.1691","0.0000"
"91.9910","1.1158","0.0003"
"92.0110","1.0372","0.0010"
"92.0310","0.9562","0.0010"
"92.0510","0.8786","0.0009"
"92.0710","0.8008","0.0008"
"92.0910","0.7205","0.0008"
"92.1110","0.6384","0.0008"
"92.1310","0.5563","0.0009"
"92.1510","0.4753","0.0008"
"92.1710","0.3950","0.0008"
"92.1910","0.3152","0.0008"
"92.2110","0.2353","0.0007"
"92.2310","0.1553","0.0004"
"92.2450","0.0992","0.0000"
"92.2460","0.0952","-0.0001"
"92.2470","0.0912","-0.0001"
"92.2670","0.0121","-0.0005"
"92.2870","-0.0522","-0.0006"
"92.3070","-0.0813","-0.0006"
"92.3270","-0.0676","-0.0003"
"92.3470","-0.0129","0.0001"
"92.3670","0.0663","0.0002"
"92.3870","0.1474","0.0007"
"92.4070","0.2249","0.0009"
"92.4270","0.3027","0.0009"
"92.4470","0.3831","0.0010"
"92.4670","0.4652","0.0010"
"92.4870","0.5472","0.0009"
"92.5070","0.6283","0.0009"
"92.5270","0.7084","0.0008"
"92.5470","0.7882","0.0009"
"92.5670","0.8680","0.0009"
"92.5870","0.9480","0.0010"
"92.6000","1.0001","0.0009"
"92.6010","1.0041","0.0009"
"92.6020","1.0081","0.0009"
"92.6220","1.0873","0.0006"
"92.6420","1.1518","0.0001"
"92.6620","1.1816","0.0000"
"92.6820","1.1690","0.0000"
"92.7020","1.1155","0.0003"
"92.7220","1.0370","0.0009"
"92.7420","0.9559","0.0010"
"92.7620","0.8783","0.0010"
"92.7820","0.8005","0.0009"
"92.8020","0.7203","0.0009"
"92.8220","0.6382","0.0009"
"92.8420","0.5561","0.0009"
"92.8620","0.4750","0.0008"
"92.8820","0.3948","0.0008"
"92.9020","0.3149","0.0008"
"92.9220","0.2351","0.0007"
"92.9420","0.1550","0.0003"
"92.9560","0.0989","-0.0001"
"92.9570","0.0949","-0.0001"
"92.9580","0.0909","-0.0001"
"92.9780","0.0118","-0.0004"
"92.9980","-0.0525","-0.0005"
"93.0180","-0.0817","-0.0005"
"93.0380","-0.0681","-0.0002"
"93.0580","-0.0134","0.0001"
"93.0780","0.0657","0.0002"
"93.0980","0.1468","0.0007"
"93.1180","0.2243","0.0009"
"93.1380","0.3021","0.0010"
"93.1580","0.3825","0.0010"
"93.1780","0.4646","0.0009"
"93.1980","0.5467","0.0008"
"93.2180","0.6277","0.0009"
"93.2380","0.7078","0.0010"
"93.2580","0.7876","0.0010"
"93.2780","0.8675","0.0009"
"93.2980","0.9475","0.0010"
"93.3120","1.0036","0.0011"
"93.3130","1.0076","0.0011"
"93.3140","1.0116","0.0011"
"93.3340","1.0907","0.0007"
"93.3540","1.1553","0.0002"
"93.3740","1.1852","0.0000"
"93.3940","1.1726","0.0000"
"93.4140","1.1193","0.0002"
"93.4340","1.0408","0.0009"
"93.4540","0.9598","0.0010"
"93.4740","0.8822","0.0010"
"93.4940","0.8044","0.0009"
"93.5140","0.7241","0.0009"
"93.5340","0.6420","0.0009"
"93.5540","0.5599","0.0009"
"93.5740","0.4788","0.0009"
"93.5940","0.3986","0.0009"
"93.6140","0.3187","0.0009"
"93.6340","0.2388","0.0008"
"93.6540","0.1588","0.0005"
"93.6690","0.0987","0.0001"
"93.6700","0.0947","0.0001"
"93.6710","0.0907","0.0000"
"93.6910","0.0116","-0.0004"
"93.7110","-0.0526","-0.0004"
"93.7310","-0.0817","-0.0004"
"93.7510","-0.0680","-0.0002"
"93.7710","-0.0132","0.0001"
"93.7910","0.0660","0.0002"
"93.8110","0.1472","0.0007"
"93.8310","0.2247","0.0009"
"93.8510","0.3025","0.0010"
"93.8710","0.3828","0.0010"
"93.8910","0.4648","0.0009"
"93.9110","0.5468","0.0008"
"93.9310","0.6279","0.0009"
"93.9510","0.7080","0.0010"
"93.9710","0.7878","0.0010"
"93.9910","0.8677","0.0009"
"94.0110","0.9477","0.0010"
"94.0250","1.0038","0.0010"
"94.0260","1.0078","0.0010"
"94.0270","1.0118","0.0010"
"94.0470","1.0909","0.0007"
"94.0670","1.1555","0.0001"
"94.0870","1.1854","0.0001"
"94.1070","1.1728","0.0000"
"94.1270","1.1195","0.0003"
"94.1470","1.0410","0.0009"
"94.1670","0.9599","0.0010"
"94.1870","0.8823","0.0010"
"94.2070","0.8045","0.0008"
"94.2270","0.7243","0.0008"
"94.2470","0.6422","0.0009"
"94.2670","0.5601","0.0009"
"94.2870","0.4790","0.0008"
"94.3070","0.3988","0.0008"
"94.3270","0.3189","0.0009"
"94.3470","0.2391","0.0007"
"94.3670","0.1590","0.0003"
"94.3820","0.0989","-0.0001"
"94.3830","0.0949","-0.0001"
"94.3840","0.0909","-0.0001"
"94.4040","0.0118","-0.0005"
"94.4240","-0.0525","-0.0004"
"94.4440","-0.0817","-0.0005"
"94.4640","-0.0680","-0.0003"
"94.4840","-0.0133","0.0000"
"94.5040","0.0658","0.0001"
"94.5240","0.1469","0.0006"
"94.5440","0.2245","0.0009"
"94.5640","0.3022","0.0011"
"94.5840","0.3827","0.0010"
"94.6040","0.4647","0.0009"
"94.6240","0.5467","0.0009"
"94.6440","0.6278","0.0009"
"94.6640","0.7079","0.0009"
"94.6840","0.7877","0.0009"
"94.7040","0.8676","0.0010"
"94.7240","0.9476","0.0010"
"94.7380","1.0037","0.0010"
"94.7390","1.0077","0.0010"
"94.7400","1.0117","0.0010"
"94.7600","1.0908","0.0007"
"94.7800","1.1553","0.0002"
"94.8000","1.1851","0.0001"
"94.8200","1.1725","0.0001"
"94.8400","1.1191","0.0004"
"94.8600","1.0406","0.0010"
"94.8800","0.9595","0.0010"
"94.9000","0.8819","0.0009"
"94.9200","0.8041","0.0008"
"94.9400","0.7238","0.0008"
"94.9600","0.6417","0.0008"
"94.9800","0.5596","0.0009"
"95.0000","0.4786","0.0009"
"95.0200","0.3984","0.0009"
"95.0400","0.3185","0.0009"
"95.0600","0.2387","0.0009"
"95.0800","0.1586","0.0005"
"95.0950","0.0985","0.0001"
"95.0960","0.0945","0.0000"
"95.0970","0.0905","0.0000"
"95.1170","0.0114","-0.0004"
"95.1370","-0.0529","-0.0004"
"95.1570","-0.0821","-0.0005"
"95.1770","-0.0684","-0.0003"
"95.1970","-0.0138","0.0001"
"95.2170","0.0654","0.0001"
"95.2370","0.1464","0.0007"
"95.2570","0.2240","0.0010"
"95.2770","0.3017","0.0011"
"95.2970","0.3822","0.0010"
"95.3170","0.4643","0.0009"
"95.3370","0.5463","0.0009"
"95.3570","0.6273","0.0009"
"95.3770","0.7075","0.0009"
"95.3970","0.7873","0.0009"
"95.4170","0.8671","0.0009"
"95.4370","0.9471","0.0009"
"95.4510","1.0032","0.0009"
"95.4520","1.0072","0.0009"
"95.4530","1.0112","0.0009"
"95.4730","1.0904","0.0007"
"95.4930","1.1549","0.0002"
"95.5130","1.1848","0.0001"
"95.5330","1.1723","0.0001"
"95.5530","1.1190","0.0003"
"95.5730","1.0405","0.0009"
"95.5930","0.9595","0.0010"
"95.6130","0.8819","0.0009"
"95.6330","0.8041","0.0008"
"95.6530","0.7238","0.0009"
"95.6730","0.6417","0.0009"
"95.6930","0.5595","0.0010"
"95.7130","0.4785","0.0010"
"95.7330","0.3983","0.0009"
"95.7530","0.3184","0.0009"
"95.7730","0.2385","0.0008"
"95.7930","0.1585","0.0005"
"95.8080","0.0984","0.0001"
"95.8090","0.0944","0.0001"
"95.8100","0.0904","0.0000"
"95.8300","0.0113","-0.0004"
"95.8500","-0.0529","-0.0005"
"95.8700","-0.0820","-0.0005"
"95.8900","-0.0683","-0.0003"
"95.9100","-0.0135","0.0001"
"95.9300","0.0657","0.0002"
"95.9500","0.1468","0.0006"
"95.9700","0.2243","0.0009"
"95.9900","0.3021","0.0011"
"96.0100","0.3825","0.0011"
"96.0300","0.4646","0.0009"
"96.0500","0.5466","0.0008"
"96.0700","0.6276","0.0009"
"96.0900","0.7077","0.0009"
"96.1100","0.7875","0.0010"
"96.1300","0.8674","0.0009"
"96.1500","0.9474","0.0009"
"96.1640","1.0034","0.0009"
"96.1650","1.0074","0.0009"
"96.1660","1.0114","0.0009"
"96.1860","1.0906","0.0006"
"96.2060","1.1552","0.0001"
"96.2260","1.1852","0.0000"
"96.2460","1.1727","0.0001"
"96.2660","1.1194","0.0003"
"96.2860","1.0410","0.0008"
"96.3060","0.9600","0.0009"
"96.3260","0.8824","0.0010"
"96.3460","0.8046","0.0008"
"96.3660","0.7242","0.0008"
"96.3860","0.6421","0.0009"
"96.4060","0.5600","0.0009"
"96.4260","0.4789","0.0009"
"96.4460","0.3987","0.0008"
"96.4660","0.3189","0.0008"
"96.4860","0.2390","0.0007"
"96.5060","0.1590","0.0005"
"96.5210","0.0989","0.0000"
"96.5220","0.0949","0.0000"
"96.5230","0.0909","0.0000"
"96.5430","0.0118","-0.0005"
"96.5630","-0.0525","-0.0005"
"96.5830","-0.0817","-0.0006"
"96.6030","-0.0680","-0.0002"
"96.6230","-0.0133","0.0003"
"96.6430","0.0659","0.0002"
"96.6630","0.1469","0.0006"
"96.6830","0.2244","0.0009"
"96.7030","0.3022","0.0009"
"96.7230","0.3826","0.0009"
"96.7430","0.4648","0.0009"
"96.7630","0.5468","0.0009"
"96.7830","0.6278","0.0009"
"96.8030","0.7080","0.0010"
"96.8230","0.7878","0.0010"
"96.8430","0.8676","0.0010"
"96.8630","0.9476","0.0010"
"96.8770","1.0037","0.0011"
"96.8780","1.0077","0.0011"
"96.8790","1.0117","0.0011"
"96.8990","1.0908","0.0007"
"96.9190","1.1554","0.0001"
"96.9390","1.1852","-0.0001"
"96.9590","1.1726","-0.0001"
"96.9790","1.1193","0.0002"
"96.9990","1.0407","0.0009"
"97.0190","0.9597","0.0010"
"97.0390","0.8821","0.0009"
"97.0590","0.8043","0.0009"
"97.0790","0.7240","0.0009"
"97.0990","0.6419","0.0010"
"97.1190","0.5598","0.0009"
"97.1390","0.4788","0.0009"
"97.1590","0.3985","0.0009"
"97.1790","0.3186","0.0008"
"97.1990","0.2388","0.0007"
"97.2190","0.1588","0.0004"
"97.2340","0.0987","0.0000"
"97.2350","0.0947","-0.0001"
"97.2360","0.0907","-0.0001"
"97.2560","0.0116","-0.0004"
"97.2760","-0.0527","-0.0004"
"97.2960","-0.0818","-0.0005"
"97.3160","-0.0681","-0.0002"
"97.3360","-0.0134","0.0001"
"97.3560","0.0658","0.0001"
"97.3760","0.1469","0.0006"
"97.3960","0.2244","0.0009"
"97.4160","0.3021","0.0010"
"97.4360","0.3825","0.0009"
"97.4560","0.4646","0.0009"
"97.4760","0.5467","0.0009"
"97.4960","0.6277","0.0009"
"97.5160","0.7079","0.0009"
"97.5360","0.7877","0.0010"
"97.5560","0.8675","0.0010"
"97.5760","0.9475","0.0009"
"97.5900","1.0036","0.0010"
"97.5910","1.0076","0.0010"
"97.5920","1.0116","0.0010"
"97.6120","1.0907","0.0007"
"97.6320","1.1553","0.0002"
"97.6520","1.1852","0.0001"
"97.6720","1.1727","0.0001"
"97.6920","1.1194","0.0003"
"97.7120","1.0409","0.0009"
"97.7320","0.9600","0.0010"
"97.7520","0.8824","0.0008"
"97.7720","0.8046","0.0008"
"97.7920","0.7242","0.0008"
"97.8120","0.6421","0.0008"
"97.8320","0.5600","0.0009"
"97.8520","0.4789","0.0009"
"97.8720","0.3987","0.0008"
"97.8920","0.3188","0.0007"
"97.9120","0.2390","0.0007"
"97.9320","0.1590","0.0004"
"97.9470","0.0989","0.0001"
"97.9480","0.0949","0.0000"
"97.9490","0.0909","0.0000"
"97.9690","0.0118","-0.0003"
"97.9890","-0.0525","-0.0004"
"98.0090","-0.0817","-0.0005"
"98.0290","-0.0679","-0.0002"
"98.0490","-0.0132","0.0001"
"98.0690","0.0659","0.0001"
"98.0890","0.1470","0.0005"
"98.1090","0.2245","0.0008"
"98.1290","0.3023","0.0009"
"98.1490","0.3827","0.0009"
"98.1690","0.4648","0.0009"
"98.1890","0.5469","0.0008"
"98.2090","0.6279","0.0010"
"98.2290","0.7080","0.0010"
"98.2490","0.7878","0.0010"
"98.2690","0.8677","0.0010"
"98.2890","0.9477","0.0010"
"98.3030","1.0037","0.0010"
"98.3040","1.0077","0.0010"
"98.3050","1.0117","0.0009"
"98.3250","1.0909","0.0006"
"98.3450","1.1554","0.0000"
"98.3650","1.1852","0.0000"
"98.3850","1.1726","0.0000"
"98.4050","1.1192","0.0003"
"98.4250","1.0407","0.0009"
"98.4450","0.9597","0.0010"
"98.4650","0.8820","0.0009"
"98.4850","0.8043","0.0008"
"98.5050","0.7240","0.0007"
"98.5250","0.6419","0.0009"
"98.5450","0.5598","0.0009"
"98.5650","0.4787","0.0009"
"98.5850","0.3985","0.0009"
"98.6050","0.3186","0.0008"
"98.6250","0.2388","0.0008"
"98.6450","0.1588","0.0004"
"98.6600","0.0987","0.0000"
"98.6610","0.0947","-0.0001"
"98.6620","0.0906","-0.0001"
"98.6820","0.0116","-0.0005"
"98.7020","-0.0527","-0.0005"
"98.7220","-0.0819","-0.0006"
"98.7420","-0.0683","-0.0003"
"98.7620","-0.0136","0.0001"
"98.7820","0.0656","0.0002"
"98.8020","0.1466","0.0006"
"98.8220","0.2241","0.0009"
"98.8420","0.3019","0.0010"
"98.8620","0.3823","0.0010"
"98.8820","0.4644","0.0010"
"98.9020","0.5465","0.0010"
"98.9220","0.6275","0.0009"
"98.9420","0.7077","0.0009"
"98.9620","0.7875","0.0010"
"98.9820","0.8673","0.0009"
"99.0020","0.9473","0.0009"
"99.0160","1.0033","0.0010"
"99.0170","1.0074","0.0010"
"99.0180","1.0114","0.0010"
"99.0380","1.0905","0.0007"
"99.0580","1.1551","0.0002"
"99.0780","1.1850","0.0000"
"99.0980","1.1724","0.0001"
"99.1180","1.1192","0.0003"
"99.1380","1.0407","0.0009"
"99.1580","0.9597","0.0009"
"99.1780","0.8821","0.0009"
"99.1980","0.8043","0.0008"
"99.2180","0.7240","0.0008"
"99.2380","0.6419","0.0009"
"99.2580","0.5598","0.0009"
"99.2780","0.4787","0.0009"
"99.2980","0.3985","0.0009"
"99.3180","0.3186","0.0009"
"99.3380","0.2388","0.0007"
"99.3580","0.1588","0.0005"
"99.3730","0.0986","0.0001"
"99.3740","0.0946","0.0001"
"99.3750","0.0906","0.0001"
"99.3950","0.0115","-0.0003"
"99.4150","-0.0527","-0.0004"
"99.4350","-0.0819","-0.0005"
"99.4550","-0.0683","-0.0003"
"99.4750","-0.0136","0.0001"
"99.4950","0.0656","0.0002"
"99.5150","0.1466","0.0007"
"99.5350","0.2241","0.0009"
"99.5550","0.3019","0.0009"
"99.5750","0.3823","0.0009"
"99.5950","0.4644","0.0008"
"99.6150","0.5465","0.0009"
"99.6350","0.6275","0.0009"
"99.6550","0.7077","0.0009"
"99.6750","0.7875","0.0010"
"99.6950","0.8673","0.0009"
"99.7150","0.9473","0.0009"
"99.7290","1.0034","0.0009"
"99.7300","1.0074","0.0009"
"99.7310","1.0114","0.0009"
"99.7510","1.0905","0.0006"
"99.7710","1.1550","0.0001"
"99.7910","1.1849","0.0000"
"99.8110","1.1723","0.0000"
"99.8310","1.1190","0.0003"
"99.8510","1.0406","0.0010"
"99.8710","0.9596","0.0011"
"99.8910","0.8820","0.0009"
"99.9110","0.8042","0.0008"
"99.9310","0.7239","0.0009"
"99.9510","0.6418","0.0009"
"99.9710","0.5597","0.0009"
"99.9910","0.4786","0.0008"
"100.0110","0.3984","0.0008"
"100.0310","0.3185","0.0008"
"100.0510","0.2387","0.0006"
"100.0710","0.1586","0.0003"
"100.0860","0.0985","-0.0001"
"100.0870","0.0945","-0.0001"
"100.0880","0.0905","-0.0001"
"100.1080","0.0114","-0.0005"
"100.1280","-0.0528","-0.0005"
"100.1480","-0.0820","-0.0005"
"100.1680","-0.0682","-0.0002"
"100.1880","-0.0134","0.0002"
"100.2080","0.0657","0.0003"
"100.2280","0.1468","0.0007"
"100.2480","0.2243","0.0009"
"100.2680","0.3020","0.0010"
"100.2880","0.3824","0.0010"
"100.3080","0.4646","0.0009"
"100.3280","0.5467","0.0008"
"100.3480","0.6277","0.0008"
"100.3680","0.7079","0.0009"
"100.3880","0.7876","0.0010"
"100.4080","0.8675","0.0009"
"100.4280","0.9475","0.0009"
"100.4420","1.0035","0.0009"
"100.4430","1.0075","0.0009"
"100.4440","1.0115","0.0009"
"100.4640","1.0907","0.0006"
"100.4840","1.1553","0.0002"
"100.5040","1.1852","0.0000"
"100.5240","1.1727","0.0000"
"100.5440","1.1195","0.0003"
"100.5640","1.0411","0.0009"
"100.5840","0.9601","0.0009"
"100.6040","0.8825","0.0008"
"100.6240","0.8047","0.0007"
"100.6440","0.7243","0.0008"
"100.6640","0.6422","0.0009"
"100.6840","0.5601","0.0009"
"100.7040","0.4790","0.0009"
"100.7240","0.3988","0.0008"
"100.7440","0.3189","0.0008"
"100.7640","0.2391","0.0008"
"100.7840","0.1590","0.0006"
"100.7990","0.0989","0.0001"
"100.8000","0.0949","0.0001"
"100.8010","0.0909","0.0001"
"100.8210","0.0118","-0.0004"
"100.8410","-0.0525","-0.0005"
"100.8610","-0.0817","-0.0005"
"100.8810","-0.0680","-0.0002"
"100.9010","-0.0133","0.0001"
"100.9210","0.0658","0.0002"
"100.9410","0.1469","0.0006"
"100.9610","0.2244","0.0010"
"100.9810","0.3022","0.0011"
"101.0010","0.3826","0.0010"
"101.0210","0.4647","0.0009"
"101.0410","0.5468","0.0010"
"101.0610","0.6278","0.0010"
"101.0810","0.7080","0.0009"
"101.1010","0.7878","0.0009"
"101.1210","0.8676","0.0009"
"101.1410","0.9476","0.0009"
"101.1550","1.0037","0.0009"
"101.1560","1.0077","0.0009"
"101.1570","1.0117","0.0009"
"101.1770","1.0908","0.0006"
"101.1970","1.1553","0.0000"
"101.2170","1.1852","0.0000"
"101.2370","1.1726","0.0000"
"101.2570","1.1193","0.0002"
"101.2770","1.0408","0.0010"
"101.2970","0.9598","0.0010"
"101.3170","0.8822","0.0010"
"101.3370","0.8044","0.0009"
"101.3570","0.7241","0.0009"
"101.3770","0.6420","0.0008"
"101.3970","0.5599","0.0008"
"101.4170","0.4788","0.0008"
"101.4370","0.3986","0.0009"
"101.4570","0.3187","0.0008"
"101.4770","0.2389","0.0007"
"101.4970","0.1588","0.0005"
"101.5120","0.0987","0.0001"
"101.5130","0.0947","0.0001"
"101.5140","0.0907","0.0000"
"101.5340","0.0116","-0.0004"
"101.5540","-0.0526","-0.0005"
"101.5740","-0.0818","-0.0006"
"101.5940","-0.0680","-0.0003"
"101.6140","-0.0133","0.0001"
"101.6340","0.0660","0.0003"
"101.6540","0.1470","0.0008"
"101.6740","0.2245","0.0009"
"101.6940","0.3023","0.0009"
"101.7140","0.3827","0.0009"
"101.7340","0.4648","0.0008"
"101.7540","0.5468","0.0009"
"101.7740","0.6279","0.0010"
"101.7940","0.7080","0.0010"
"101.8140","0.7878","0.0010"
"101.8340","0.8677","0.0010"
"101.8540","0.9476","0.0010"
"101.8680","1.0037","0.0010"
"101.8690","1.0077","0.0010"
"101.8700","1.0117","0.0010"
"101.8900","1.0909","0.0007"
"101.9100","1.1555","0.0002"
"101.9300","1.1854","-0.0001"
"101.9500","1.1728","0.0000"
"101.9700","1.1195","0.0003"
"101.9900","1.0411","0.0009"
"102.0100","0.9601","0.0010"
"102.0300","0.8825","0.0010"
"102.0500","0.8047","0.0009"
"102.0700","0.7244","0.0009"
"102.0900","0.6423","0.0008"
"102.1100","0.5601","0.0009"
"102.1300","0.4791","0.0009"
"102.1500","0.3988","0.0009"
"102.1700","0.3190","0.0008"
"102.1900","0.2391","0.0007"
"102.2100","0.1591","0.0004"
"102.2250","0.0990","0.0001"
"102.2260","0.0950","0.0000"
"102.2270","0.0910","0.0000"
"102.2470","0.0119","-0.0003"
"102.2670","-0.0524","-0.0005"
"102.2870","-0.0816","-0.0006"
"102.3070","-0.0679","-0.0003"
"102.3270","-0.0133","0.0000"
"102.3470","0.0659","0.0001"
"102.3670","0.1469","0.0007"
"102.3870","0.2244","0.0009"
"102.4070","0.3022","0.0010"
"102.4270","0.3826","0.0010"
"102.4470","0.4647","0.0010"
"102.4670","0.5468","0.0010"
"102.4870","0.6278","0.0009"
"102.5070","0.7080","0.0010"
"102.5270","0.7878","0.0010"
"102.5470","0.8676","0.0010"
"102.5670","0.9476","0.0011"
"102.5810","1.0037","0.0012"
"102.5820","1.0077","0.0012"
"102.5830","1.0117","0.0012"
"102.6030","1.0908","0.0008"
"102.6230","1.1553","0.0002"
"102.6430","1.1851","0.0001"
"102.6630","1.1725","0.0002"
"102.6830","1.1191","0.0004"
"102.7030","1.0406","0.0009"
"102.7230","0.9596","0.0009"
"102.7430","0.8820","0.0009"
"102.7630","0.8042","0.0008"
"102.7830","0.7239","0.0009"
"102.8030","0.6418","0.0009"
"102.8230","0.5597","0.0009"
"102.8430","0.4787","0.0008"
"102.8630","0.3984","0.0008"
"102.8830","0.3186","0.0008"
"102.9030","0.2387","0.0007"
"102.9230","0.1587","0.0004"
"102.9380","0.0986","0.0000"
"102.9390","0.0946","-0.0001"
"102.9400","0.0906","-0.0001"
"102.9600","0.0115","-0.0004"
"102.9800","-0.0528","-0.0004"
"103.0000","-0.0819","-0.0005"
"103.0200","-0.0682","-0.0003"
"103.0400","-0.0135","0.0000"
"103.0600","0.0657","0.0002"
"103.0800","0.1468","0.0006"
"103.1000","0.2243","0.0009"
"103.1200","0.3020","0.0010"
"103.1400","0.3824","0.0010"
"103.1600","0.4645","0.0009"
"103.1800","0.5466","0.0008"
"103.2000","0.6277","0.0009"
"103.2200","0.7078","0.0010"
"103.2400","0.7876","0.0009"
"103.2600","0.8674","0.0009"
"103.2800","0.9474","0.0010"
"103.2940","1.0035","0.0009"
"103.2950","1.0075","0.0009"
"103.2960","1.0115","0.0009"
"103.3160","1.0906","0.0006"
"103.3360","1.1552","0.0000"
"103.3560","1.1851","-0.0001"
"103.3760","1.1726","0.0000"
"103.3960","1.1194","0.0003"
"103.4160","1.0409","0.0009"
"103.4360","0.9599","0.0009"
"103.4560","0.8823","0.0009"
"103.4760","0.8045","0.0008"
"103.4960","0.7242","0.0008"
"103.5160","0.6421","0.0007"
"103.5360","0.5600","0.0009"
"103.5560","0.4789","0.0008"
"103.5760","0.3987","0.0008"
"103.5960","0.3188","0.0008"
"103.6160","0.2389","0.0006"
"103.6360","0.1589","0.0004"
"103.6510","0.0988","0.0000"
"103.6520","0.0948","0.0000"
"103.6530","0.0908","-0.0001"
"103.6730","0.0117","-0.0004"
"103.6930","-0.0525","-0.0004"
"103.7130","-0.0817","-0.0006"
"103.7330","-0.0680","-0.0004"
"103.7530","-0.0133","0.0000"
"103.7730","0.0659","0.0001"
"103.7930","0.1469","0.0006"
"103.8130","0.2245","0.0008"
"103.8330","0.3022","0.0009"
"103.8530","0.3826","0.0010"
"103.8730","0.4648","0.0009"
"103.8930","0.5468","0.0009"
"103.9130","0.6279","0.0009"
"103.9330","0.7080","0.0009"
"103.9530","0.7878","0.0009"
"103.9730","0.8676","0.0008"
"103.9930","0.9476","0.0009"
"104.0070","1.0037","0.0009"
"104.0080","1.0077","0.0009"
"104.0090","1.0117","0.0009"
"104.0290","1.0908","0.0006"
"104.0490","1.1554","0.0001"
"104.0690","1.1852","0.0000"
"104.0890","1.1726","0.0001"
"104.1090","1.1193","0.0003"
"104.1290","1.0408","0.0010"
"104.1490","0.9598","0.0010"
"104.1690","0.8821","0.0009"
"104.1890","0.8044","0.0008"
"104.2090","0.7241","0.0009"
"104.2290","0.6420","0.0009"
"104.2490","0.5599","0.0009"
"104.2690","0.4788","0.0009"
"104.2890","0.3986","0.0008"
"104.3090","0.3187","0.0008"
"104.3290","0.2389","0.0007"
"104.3490","0.1588","0.0004"
"104.3640","0.0987","0.0000"
"104.3650","0.0947","0.0000"
"104.3660","0.0907","0.0000"
"104.3860","0.0116","-0.0003"
"104.4060","-0.0527","-0.0004"
"104.4260","-0.0818","-0.0005"
"104.4460","-0.0681","-0.0003"
"104.4660","-0.0134","0.0001"
"104.4860","0.0658","0.0002"
"104.5060","0.1469","0.0007"
"104.5260","0.2244","0.0008"
"104.5460","0.3021","0.0010"
"104.5660","0.3825","0.0010"
"104.5860","0.4646","0.0010"
"104.6060","0.5467","0.0009"
"104.6260","0.6278","0.0009"
"104.6460","0.7079","0.0009"
"104.6660","0.7877","0.0010"
"104.6860","0.8675","0.0010"
"104.7060","0.9475","0.0009"
"104.7200","1.0035","0.0009"
"104.7210","1.0075","0.0009"
"104.7220","1.0115","0.0009"
"104.7420","1.0907","0.0006"
"104.7620","1.1552","0.0001"
"104.7820","1.1850","0.0000"
"104.8020","1.1723","0.0000"
"104.8220","1.1190","0.0003"
"104.8420","1.0405","0.0010"
"104.8620","0.9594","0.0010"
"104.8820","0.8818","0.0008"
"104.9020","0.8040","0.0008"
"104.9220","0.7238","0.0008"
"104.9420","0.6417","0.0008"
"104.9620","0.5596","0.0009"
"104.9820","0.4785","0.0009"
"105.0020","0.3983","0.0008"
"105.0220","0.3184","0.0008"
"105.0420","0.2386","0.0007"
"105.0620","0.1585","0.0005"
"105.0770","0.0984","0.0000"
"105.0780","0.0944","0.0000"
"105.0790","0.0904","-0.0001"
"105.0990","0.0113","-0.0005"
"105.1190","-0.0530","-0.0005"
"105.1390","-0.0821","-0.0005"
"105.1590","-0.0684","-0.0003"
"105.1790","-0.0137","0.0001"
"105.1990","0.0654","0.0002"
"105.2190","0.1465","0.0007"
"105.2390","0.2240","0.0009"
"105.2590","0.3017","0.0009"
"105.2790","0.3821","0.0009"
"105.2990","0.4643","0.0009"
"105.3190","0.5464","0.0009"
"105.3390","0.6274","0.0009"
"105.3590","0.7076","0.0009"
"105.3790","0.7873","0.0010"
"105.3990","0.8672","0.0009"
"105.4190","0.9472","0.0009"
"105.4330","1.0032","0.0009"
"105.4340","1.0072","0.0009"
"105.4350","1.0112","0.0009"
"105.4550","1.0904","0.0006"
"105.4750","1.1549","0.0001"
"105.4950","1.1848","0.0000"
"105.5150","1.1722","0.0000"
"105.5350","1.1190","0.0003"
"105.5550","1.0406","0.0010"
"105.5750","0.9596","0.0010"
"105.5950","0.8820","0.0009"
"105.6150","0.8042","0.0009"
"105.6350","0.7238","0.0009"
"105.6550","0.6417","0.0009"
"105.6750","0.5596","0.0009"
"105.6950","0.4785","0.0007"
"105.7150","0.3983","0.0008"
"105.7350","0.3184","0.0008"
"105.7550","0.2386","0.0007"
"105.7750","0.1586","0.0004"
"105.7900","0.0985","0.0000"
"105.7910","0.0945","0.0000"
"105.7920","0.0904","0.0000"
"105.8120","0.0114","-0.0004"
"105.8320","-0.0529","-0.0004"
"105.8520","-0.0820","-0.0005"
"105.8720","-0.0682","-0.0002"
"105.8920","-0.0134","0.0001"
"105.9120","0.0658","0.0002"
"105.9320","0.1469","0.0007"
"105.9520","0.2244","0.0009"
"105.9720","0.3021","0.0010"
"105.9920","0.3825","0.0009"
"106.0120","0.4647","0.0009"
"106.0320","0.5467","0.0009"
"106.0520","0.6278","0.0009"
"106.0720","0.7079","0.0009"
"106.0920","0.7877","0.0009"
"106.1120","0.8675","0.0009"
"106.1320","0.9475","0.0009"
"106.1460","1.0036","0.0010"
"106.1470","1.0076","0.0010"
"106.1480","1.0116","0.0010"
"106.1680","1.0907","0.0007"
"106.1880","1.1553","0.0001"
"106.2080","1.1852","0.0000"
"106.2280","1.1726","0.0000"
"106.2480","1.1193","0.0003"
"106.2680","1.0408","0.0010"
"106.2880","0.9598","0.0011"
"106.3080","0.8822","0.0010"
"106.3280","0.8044","0.0009"
"106.3480","0.7241","0.0008"
"106.3680","0.6420","0.0008"
"106.3880","0.5599","0.0007"
"106.4080","0.4789","0.0007"
"106.4280","0.3987","0.0007"
"106.4480","0.3188","0.0008"
"106.4680","0.2389","0.0007"
"106.4880","0.1589","0.0005"
"106.5030","0.0988","0.0000"
"106.5040","0.0948","0.0000"
"106.5050","0.0908","0.0000"
"106.5250","0.0117","-0.0004"
"106.5450","-0.0526","-0.0005"
"106.5650","-0.0816","-0.0005"
"106.5850","-0.0678","-0.0003"
"106.6050","-0.0130","0.0001"
"106.6250","0.0661","0.0002"
"106.6450","0.1471","0.0007"
"106.6650","0.2246","0.0009"
"106.6850","0.3024","0.0010"
"106.7050","0.3828","0.0009"
"106.7250","0.4650","0.0008"
"106.7450","0.5471","0.0009"
"106.7650","0.6282","0.0009"
"106.7850","0.7083","0.0010"
"106.8050","0.7881","0.0010"
"106.8250","0.8679","0.0009"
"106.8450","0.9479","0.0009"
"106.8590","1.0039","0.0010"
"106.8600","1.0079","0.0010"
"106.8610","1.0119","0.0010"
"106.8810","1.0911","0.0006"
"106.9010","1.1556","0.0002"
"106.9210","1.1854","0.0001"
"106.9410","1.1727","0.0001"
"106.9610","1.1194","0.0003"
"106.9810","1.0408","0.0010"
"107.0010","0.9598","0.0010"
"107.0210","0.8822","0.0009"
"107.0410","0.8044","0.0009"
"107.0610","0.7241","0.0008"
"107.0810","0.6420","0.0009"
"107.1010","0.5599","0.0009"
"107.1210","0.4789","0.0008"
"107.1410","0.3986","0.0008"
"107.1610","0.3187","0.0007"
"107.1810","0.2389","0.0006"
"107.2010","0.1589","0.0004"
"107.2160","0.0988","0.0000"
"107.2170","0.0948","0.0000"
"107.2180","0.0908","0.0000"
"107.2380","0.0117","-0.0005"
"107.2580","-0.0526","-0.0005"
"107.2780","-0.0818","-0.0005"
"107.2980","-0.0680","-0.0002"
"107.3180","-0.0133","0.0001"
"107.3380","0.0659","0.0002"
"107.3580","0.1470","0.0007"
"107.3780","0.2245","0.0009"
"107.3980","0.3022","0.0011"
"107.4180","0.3826","0.0010"
"107.4380","0.4647","0.0009"
"107.4580","0.5468","0.0010"
"107.4780","0.6279","0.0009"
"107.4980","0.7080","0.0009"
"107.5180","0.7878","0.0010"
"107.5380","0.8676","0.0010"
"107.5580","0.9476","0.0010"
"107.5720","1.0036","0.0010"
"107.5730","1.0077","0.0010"
"107.5740","1.0117","0.0010"
"107.5940","1.0908","0.0007"
"107.6140","1.1553","0.0002"
"107.6340","1.1852","0.0001"
"107.6540","1.1725","0.0000"
"107.6740","1.1192","0.0003"
"107.6940","1.0407","0.0009"
"107.7140","0.9597","0.0009"
"107.7340","0.8821","0.0008"
"107.7540","0.8043","0.0007"
"107.7740","0.7240","0.0009"
"107.7940","0.6419","0.0008"
"107.8140","0.5598","0.0008"
"107.8340","0.4787","0.0009"
"107.8540","0.3985","0.0008"
"107.8740","0.3186","0.0007"
"107.8940","0.2388","0.0006"
"107.9140","0.1588","0.0005"
"107.9290","0.0987","0.0002"
"107.9300","0.0947","0.0001"
"107.9310","0.0907","0.0001"
"107.9510","0.0116","-0.0003"
"107.9710","-0.0526","-0.0004"
"107.9910","-0.0816","-0.0005"
"108.0110","-0.0677","-0.0003"
"108.0310","-0.0129","0.0001"
"108.0510","0.0663","0.0002"
"108.0710","0.1474","0.0007"
"108.0910","0.2249","0.0010"
"108.1110","0.3026","0.0011"
"108.1310","0.3830","0.0010"
"108.1510","0.4652","0.0010"
"108.1710","0.5473","0.0010"
"108.1910","0.6283","0.0011"
"108.2110","0.7085","0.0011"
"108.2310","0.7883","0.0010"
"108.2510","0.8681","0.0009"
"108.2710","0.9480","0.0009"
"108.2840","1.0001","0.0010"
"108.2850","1.0041","0.0010"
"108.2860","1.0081","0.0010"
"108.3060","1.0872","0.0007"
"108.3260","1.1518","0.0002"
"108.3460","1.1817","0.0001"
"108.3660","1.1692","0.0001"
"108.3860","1.1159","0.0003"
"108.4060","1.0373","0.0009"
"108.4260","0.9563","0.0009"
"108.4460","0.8787","0.0009"
"108.4660","0.8010","0.0008"
"108.4860","0.7207","0.0009"
"108.5060","0.6386","0.0009"
"108.5260","0.5565","0.0008"
"108.5460","0.4754","0.0008"
"108.5660","0.3952","0.0008"
"108.5860","0.3153","0.0007"
"108.6060","0.2354","0.0007"
"108.6260","0.1554","0.0004"
"108.6400","0.0993","0.0000"
"108.6410","0.0953","0.0000"
"108.6420","0.0913","0.0000"
"108.6620","0.0122","-0.0004"
"108.6820","-0.0521","-0.0004"
"108.7020","-0.0813","-0.0005"
"108.7220","-0.0676","-0.0002"
"108.7420","-0.0129","0.0001"
"108.7620","0.0663","0.0002"
"108.7820","0.1473","0.0007"
"108.8020","0.2248","0.0009"
"108.8220","0.3025","0.0010"
"108.8420","0.3830","0.0009"
"108.8620","0.4651","0.0008"
"108.8820","0.5472","0.0009"
"108.9020","0.6283","0.0010"
"108.9220","0.7084","0.0011"
"108.9420","0.7882","0.0010"
"108.9620","0.8680","0.0009"
"108.9820","0.9480","0.0010"
"108.9950","1.0001","0.0009"
"108.9960","1.0041","0.0009"
"108.9970","1.0081","0.0009"
"109.0170","1.0872","0.0006"
"109.0370","1.1518","0.0002"
"109.0570","1.1816","0.0001"
"109.0770","1.1691","0.0001"
"109.0970","1.1157","0.0003"
"109.1170","1.0372","0.0010"
"109.1370","0.9561","0.0011"
"109.1570","0.8785","0.0009"
"109.1770","0.8007","0.0008"
"109.1970","0.7205","0.0009"
"109.2170","0.6384","0.0010"
"109.2370","0.5563","0.0010"
"109.2570","0.4753","0.0008"
"109.2770","0.3950","0.0009"
"109.2970","0.3152","0.0009"
"109.3170","0.2353","0.0007"
"109.3370","0.1553","0.0004"
"109.3510","0.0992","0.0001"
"109.3520","0.0952","0.0000"
"109.3530","0.0912","0.0000"
"109.3730","0.0121","-0.0003"
"109.3930","-0.0522","-0.0004"
"109.4130","-0.0812","-0.0006"
"109.4330","-0.0674","-0.0003"
"109.4530","-0.0126","0.0001"
"109.4730","0.0665","0.0002"
"109.4930","0.1476","0.0007"
"109.5130","0.2251","0.0009"
"109.5330","0.3028","0.0010"
"109.5530","0.3832","0.0009"
"109.5730","0.4654","0.0009"
"109.5930","0.5475","0.0009"
"109.6130","0.6286","0.0010"
"109.6330","0.7087","0.0009"
"109.6530","0.7885","0.0010"
"109.6730","0.8683","0.0010"
"109.6930","0.9483","0.0010"
"109.7060","1.0003","0.0010"
"109.7070","1.0043","0.0010"
"109.7080","1.0083","0.0010"
"109.7280","1.0875","0.0007"
"109.7480","1.1521","0.0001"
"109.7680","1.1820","0.0000"
"109.7880","1.1695","0.0000"
"109.8080","1.1162","0.0004"
"109.8280","1.0376","0.0011"
"109.8480","0.9566","0.0011"
"109.8680","0.8791","0.0010"
"109.8880","0.8013","0.0008"
"109.9080","0.7210","0.0008"
"109.9280","0.6389","0.0007"
"109.9480","0.5568","0.0009"
"109.9680","0.4757","0.0009"
"109.9880","0.3955","0.0009"
"110.0080","0.3156","0.0008"
"110.0280","0.2357","0.0007"
"110.0480","0.1557","0.0004"
"110.0620","0.0996","0.0000"
"110.0630","0.0956","0.0000"
"110.0640","0.0916","-0.0001"
"110.0840","0.0125","-0.0005"
"110.1040","-0.0518","-0.0005"
"110.1240","-0.0809","-0.0004"
"110.1440","-0.0672","-0.0002"
"110.1640","-0.0125","0.0001"
"110.1840","0.0667","0.0001"
"110.2040","0.1478","0.0007"
"110.2240","0.2253","0.0009"
"110.2440","0.3030","0.0010"
"110.2640","0.3834","0.0010"
"110.2840","0.4655","0.0009"
"110.3040","0.5476","0.0010"
"110.3240","0.6286","0.0010"
"110.3440","0.7088","0.0009"
"110.3640","0.7886","0.0009"
"110.3840","0.8684","0.0009"
"110.4040","0.9484","0.0010"
"110.4170","1.0004","0.0010"
"110.4180","1.0044","0.0010"
"110.4190","1.0084","0.0010"
"110.4390","1.0876","0.0007"
"110.4590","1.1522","0.0002"
"110.4790","1.1821","-0.0001"
"110.4990","1.1696","0.0000"
"110.5190","1.1163","0.0004"
"110.5390","1.0378","0.0010"
"110.5590","0.9567","0.0011"
"110.5790","0.8791","0.0010"
"110.5990","0.8014","0.0008"
"110.6190","0.7211","0.0008"
"110.6390","0.6390","0.0008"
"110.6590","0.5569","0.0008"
"110.6790","0.4758","0.0008"
"110.6990","0.3956","0.0008"
"110.7190","0.3157","0.0007"
"110.7390","0.2358","0.0007"
"110.7590","0.1558","0.0005"
"110.7730","0.0997","0.0000"
"110.7740","0.0957","0.0000"
"110.7750","0.0917","-0.0001"
"110.7950","0.0126","-0.0005"
"110.8150","-0.0516","-0.0005"
"110.8350","-0.0807","-0.0004"
"110.8550","-0.0669","-0.0002"
"110.8750","-0.0122","0.0002"
"110.8950","0.0669","0.0003"
"110.9150","0.1480","0.0007"
"110.9350","0.2255","0.0009"
"110.9550","0.3032","0.0011"
"110.9750","0.3836","0.0010"
"110.9950","0.4657","0.0010"
"111.0150","0.5478","0.0009"
"111.0350","0.6289","0.0009"
"111.0550","0.7091","0.0009"
"111.0750","0.7889","0.0010"
"111.0950","0.8687","0.0010"
"111.1150","0.9486","0.0010"
"111.1280","1.0007","0.0010"
"111.1290","1.0047","0.0010"
"111.1300","1.0087","0.0010"
"111.1500","1.0878","0.0007"
"111.1700","1.1524","0.0001"
"111.1900","1.1824","-0.0001"
"111.2100","1.1698","0.0000"
"111.2300","1.1165","0.0003"
"111.2500","1.0380","0.0009"
"111.2700","0.9570","0.0010"
"111.2900","0.8794","0.0009"
"111.3100","0.8016","0.0009"
"111.3300","0.7213","0.0009"
"111.3500","0.6392","0.0009"
"111.3700","0.5571","0.0009"
"111.3900","0.4760","0.0009"
"111.4100","0.3958","0.0008"
"111.4300","0.3159","0.0008"
"111.4500","0.2361","0.0007"
"111.4700","0.1560","0.0005"
"111.4840","0.1000","0.0001"
"111.4850","0.0959","0.0001"
"111.4860","0.0919","0.0000"
"111.5060","0.0129","-0.0003"
"111.5260","-0.0514","-0.0004"
"111.5460","-0.0805","-0.0005"
"111.5660","-0.0667","-0.0003"
"111.5860","-0.0120","0.0000"
"111.6060","0.0672","0.0002"
"111.6260","0.1482","0.0006"
"111.6460","0.2257","0.0009"
"111.6660","0.3034","0.0010"
"111.6860","0.3838","0.0011"
"111.7060","0.4660","0.0010"
"111.7260","0.5481","0.0009"
"111.7460","0.6292","0.0009"
"111.7660","0.7093","0.0009"
"111.7860","0.7891","0.0009"
"111.8060","0.8690","0.0009"
"111.8260","0.9489","0.0009"
"111.8390","1.0010","0.0010"
"111.8400","1.0050","0.0010"
"111.8410","1.0090","0.0010"
"111.8610","1.0881","0.0007"
"111.8810","1.1527","0.0001"
"111.9010","1.1826","0.0000"
"111.9210","1.1701","0.0001"
"111.9410","1.1167","0.0003"
"111.9610","1.0382","0.0010"
"111.9810","0.9572","0.0009"
"112.0010","0.8796","0.0008"
"112.0210","0.8018","0.0008"
"112.0410","0.7216","0.0009"
"112.0610","0.6395","0.0009"
"112.0810","0.5573","0.0009"
"112.1010","0.4763","0.0009"
"112.1210","0.3960","0.0009"
"112.1410","0.3161","0.0008"
"112.1610","0.2363","0.0007"
"112.1810","0.1563","0.0005"
"112.1960","0.0962","0.0001"
"112.1970","0.0922","0.0000"
"112.1980","0.0882","0.0000"
"112.2180","0.0091","-0.0004"
"112.2380","-0.0552","-0.0005"
"112.2580","-0.0844","-0.0005"
"112.2780","-0.0707","-0.0002"
"112.2980","-0.0161","0.0001"
"112.3180","0.0631","0.0002"
"112.3380","0.1441","0.0007"
"112.3580","0.2216","0.0010"
"112.3780","0.2994","0.0011"
"112.3980","0.3797","0.0010"
"112.4180","0.4619","0.0010"
"112.4380","0.5440","0.0009"
"112.4580","0.6251","0.0009"
"112.4780","0.7052","0.0009"
"112.4980","0.7850","0.0010"
"112.5180","0.8649","0.0011"
"112.5380","0.9448","0.0011"
"112.5520","1.0009","0.0011"
"112.5530","1.0049","0.0011"
"112.5540","1.0089","0.0011"
"112.5740","1.0880","0.0007"
"112.5940","1.1526","0.0001"
"112.6140","1.1824","0.0001"
"112.6340","1.1698","0.0001"
"112.6540","1.1164","0.0003"
"112.6740","1.0379","0.0010"
"112.6940","0.9568","0.0010"
"112.7140","0.8792","0.0009"
"112.7340","0.8015","0.0009"
"112.7540","0.7212","0.0009"
"112.7740","0.6391","0.0009"
"112.7940","0.5570","0.0010"
"112.8140","0.4759","0.0009"
"112.8340","0.3957","0.0009"
"112.8540","0.3158","0.0008"
"112.8740","0.2360","0.0008"
"112.8940","0.1560","0.0005"
"112.9080","0.0999","0.0000"
"112.9090","0.0959","0.0000"
"112.9100","0.0919","0.0000"
"112.9300","0.0128","-0.0004"
"112.9500","-0.0515","-0.0004"
"112.9700","-0.0806","-0.0004"
"112.9900","-0.0669","-0.0002"
"113.0100","-0.0122","0.0001"
"113.0300","0.0668","0.0001"
"113.0500","0.1479","0.0007"
"113.0700","0.2254","0.0010"
"113.0900","0.3031","0.0011"
"113.1100","0.3835","0.0009"
"113.1300","0.4657","0.0009"
"113.1500","0.5478","0.0009"
"113.1700","0.6289","0.0010"
"113.1900","0.7091","0.0009"
"113.2100","0.7889","0.0010"
"113.2300","0.8687","0.0009"
"113.2500","0.9486","0.0008"
"113.2630","1.0007","0.0009"
"113.2640","1.0047","0.0009"
"113.2650","1.0087","0.0009"
"113.2850","1.0879","0.0007"
"113.3050","1.1525","0.0002"
"113.3250","1.1824","0.0001"
"113.3450","1.1699","0.0001"
"113.3650","1.1167","0.0003"
"113.3850","1.0382","0.0010"
"113.4050","0.9572","0.0010"
"113.4250","0.8796","0.0009"
"113.4450","0.8018","0.0008"
"113.4650","0.7215","0.0008"
"113.4850","0.6394","0.0009"
"113.5050","0.5573","0.0009"
"113.5250","0.4762","0.0009"
"113.5450","0.3960","0.0009"
"113.5650","0.3161","0.0008"
"113.5850","0.2362","0.0006"
"113.6050","0.1562","0.0005"
"113.6200","0.0961","0.0001"
"113.6210","0.0921","0.0000"
"113.6220","0.0881","0.0000"
"113.6420","0.0090","-0.0004"
"113.6620","-0.0552","-0.0004"
"113.6820","-0.0843","-0.0005"
"113.7020","-0.0706","-0.0003"
"113.7220","-0.0158","0.0001"
"113.7420","0.0633","0.0002"
"113.7620","0.1444","0.0007"
"113.7820","0.2219","0.0009"
"113.8020","0.2996","0.0010"
"113.8220","0.3800","0.0010"
"113.8420","0.4622","0.0010"
"113.8620","0.5442","0.0009"
"113.8820","0.6253","0.0009"
"113.9020","0.7055","0.0009"
"113.9220","0.7853","0.0010"
"113.9420","0.8651","0.0010"
"113.9620","0.9451","0.0010"
"113.9760","1.0011","0.0009"
"113.9770","1.0051","0.0009"
"113.9780","1.0091","0.0009"
"113.9980","1.0883","0.0007"
"114.0180","1.1529","0.0002"
"114.0380","1.1828","0.0001"
"114.0580","1.1703","0.0001"
"114.0780","1.1171","0.0004"
"114.0980","1.0386","0.0011"
"114.1180","0.9576","0.0011"
"114.1380","0.8800","0.0009"
"114.1580","0.8023","0.0009"
"114.1780","0.7220","0.0009"
"114.1980","0.6398","0.0009"
"114.2180","0.5577","0.0009"
"114.2380","0.4767","0.0008"
"114.2580","0.3964","0.0008"
"114.2780","0.3165","0.0008"
"114.2980","0.2367","0.0007"
"114.3180","0.1567","0.0004"
"114.3330","0.0966","0.0001"
"114.3340","0.0926","0.0001"
"114.3350","0.0886","0.0000"
"114.3550","0.0095","-0.0004"
"114.3750","-0.0548","-0.0004"
"114.3950","-0.0839","-0.0005"
"114.4150","-0.0701","-0.0003"
"114.4350","-0.0154","0.0000"
"114.4550","0.0637","0.0001"
"114.4750","0.1447","0.0006"
"114.4950","0.2222","0.0009"
"114.5150","0.2999","0.0011"
"114.5350","0.3803","0.0011"
"114.5550","0.4625","0.0010"
"114.5750","0.5447","0.0009"
"114.5950","0.6258","0.0010"
"114.6150","0.7059","0.0010"
"114.6350","0.7857","0.0009"
"114.6550","0.8655","0.0009"
"114.6750","0.9455","0.0010"
"114.6890","1.0015","0.0010"
"114.6900","1.0055","0.0010"
"114.6910","1.0095","0.0010"
"114.7110","1.0887","0.0006"
"114.7310","1.1532","0.0001"
"114.7510","1.1831","-0.0001"
"114.7710","1.1706","0.0000"
"114.7910","1.1173","0.0004"
"114.8110","1.0389","0.0010"
"114.8310","0.9580","0.0011"
"114.8510","0.8803","0.0009"
"114.8710","0.8025","0.0008"
"114.8910","0.7222","0.0008"
"114.9110","0.6401","0.0008"
"114.9310","0.5579","0.0008"
"114.9510","0.4769","0.0008"
"114.9710","0.3967","0.0008"
"114.9910","0.3168","0.0007"
"115.0110","0.2369","0.0007"
"115.0310","0.1569","0.0005"
"115.0460","0.0968","0.0001"
"115.0470","0.0928","0.0000"
"115.0480","0.0888","0.0000"
"115.0680","0.0097","-0.0004"
"115.0880","-0.0545","-0.0004"
"115.1080","-0.0836","-0.0005"
"115.1280","-0.0699","-0.0003"
"115.1480","-0.0152","0.0000"
"115.1680","0.0639","0.0002"
"115.1880","0.1449","0.0006"
"115.2080","0.2224","0.0009"
"115.2280","0.3002","0.0011"
"115.2480","0.3806","0.0010"
"115.2680","0.4627","0.0010"
"115.2880","0.5448","0.0009"
"115.3080","0.6259","0.0009"
"115.3280","0.7060","0.0009"
"115.3480","0.7858","0.0009"
"115.3680","0.8657","0.0010"
"115.3880","0.9457","0.0009"
"115.4020","1.0017","0.0009"
"115.4030","1.0057","0.0009"
"115.4040","1.0097","0.0009"
"115.4240","1.0889","0.0007"
"115.4440","1.1535","0.0002"
"115.4640","1.1834","0.0001"
"115.4840","1.1710","0.0000"
"115.5040","1.1178","0.0004"
"115.5240","1.0394","0.0010"
"115.5440","0.9584","0.0011"
"115.5640","0.8808","0.0010"
"115.5840","0.8030","0.0010"
"115.6040","0.7227","0.0009"
"115.6240","0.6405","0.0009"
"115.6440","0.5584","0.0009"
"115.6640","0.4774","0.0008"
"115.6840","0.3971","0.0008"
"115.7040","0.3172","0.0007"
"115.7240","0.2374","0.0007"
"115.7440","0.1574","0.0005"
"115.7590","0.0972","0.0001"
"115.7600","0.0932","0.0001"
"115.7610","0.0892","0.0001"
"115.7810","0.0102","-0.0004"
"115.8010","-0.0541","-0.0005"
"115.8210","-0.0832","-0.0006"
"115.8410","-0.0694","-0.0003"
"115.8610","-0.0147","0.0000"
"115.8810","0.0644","0.0002"
"115.9010","0.1455","0.0007"
"115.9210","0.2231","0.0009"
"115.9410","0.3008","0.0009"
"115.9610","0.3811","0.0009"
"115.9810","0.4632","0.0010"
"116.0010","0.5453","0.0009"
"116.0210","0.6264","0.0010"
"116.0410","0.7066","0.0009"
"116.0610","0.7864","0.0010"
"116.0810","0.8662","0.0010"
"116.1010","0.9462","0.0009"
"116.1150","1.0022","0.0009"
"116.1160","1.0062","0.0009"
"116.1170","1.0102","0.0009"
"116.1370","1.0894","0.0006"
"116.1570","1.1540","0.0001"
"116.1770","1.1839","0.0000"
"116.1970","1.1715","0.0000"
"116.2170","1.1184","0.0002"
"116.2370","1.0401","0.0009"
"116.2570","0.9592","0.0010"
"116.2770","0.8815","0.0009"
"116.2970","0.8037","0.0009"
"116.3170","0.7233","0.0009"
"116.3370","0.6412","0.0009"
"116.3570","0.5591","0.0009"
"116.3770","0.4780","0.0009"
"116.3970","0.3978","0.0008"
"116.4170","0.3179","0.0008"
"116.4370","0.2381","0.0007"
"116.4570","0.1580","0.0004"
"116.4720","0.0979","0.0000"
"116.4730","0.0939","0.0000"
"116.4740","0.0899","0.0000"
"116.4940","0.0108","-0.0004"
"116.5140","-0.0534","-0.0005"
"116.5340","-0.0826","-0.0006"
"116.5540","-0.0689","-0.0003"
"116.5740","-0.0142","0.0001"
"116.5940","0.0649","0.0002"
"116.6140","0.1460","0.0006"
"116.6340","0.2235","0.0009"
"116.6540","0.3012","0.0010"
"116.6740","0.3816","0.0010"
"116.6940","0.4637","0.0009"
"116.7140","0.5458","0.0008"
"116.7340","0.6269","0.0009"
"116.7540","0.7071","0.0009"
"116.7740","0.7869","0.0010"
"116.7940","0.8667","0.0010"
"116.8140","0.9467","0.0010"
"116.8280","1.0027","0.0010"
"116.8290","1.0067","0.0010"
"116.8300","1.0108","0.0010"
"116.8500","1.0899","0.0007"
"116.8700","1.1544","0.0002"
"116.8900","1.1843","0.0001"
"116.9100","1.1718","0.0000"
"116.9300","1.1186","0.0002"
"116.9500","1.0402","0.0009"
"116.9700","0.9593","0.0010"
"116.9900","0.8817","0.0010"
"117.0100","0.8038","0.0009"
"117.0300","0.7235","0.0009"
"117.0500","0.6414","0.0008"
"117.0700","0.5592","0.0008"
"117.0900","0.4782","0.0008"
"117.1100","0.3979","0.0008"
"117.1300","0.3181","0.0008"
"117.1500","0.2382","0.0007"
"117.1700","0.1582","0.0004"
"117.1850","0.0981","0.0001"
"117.1860","0.0941","0.0000"
"117.1870","0.0901","0.0000"
"117.2070","0.0110","-0.0003"
"117.2270","-0.0533","-0.0004"
"117.2470","-0.0824","-0.0005"
"117.2670","-0.0686","-0.0003"
"117.2870","-0.0139","0.0001"
"117.3070","0.0653","0.0002"
"117.3270","0.1463","0.0007"
"117.3470","0.2239","0.0010"
"117.3670","0.3016","0.0010"
"117.3870","0.3819","0.0010"
"117.4070","0.4641","0.0010"
"117.4270","0.5461","0.0010"
"117.4470","0.6272","0.0010"
"117.4670","0.7074","0.0010"
"117.4870","0.7872","0.0010"
"117.5070","0.8670","0.0010"
"117.5270","0.9470","0.0010"
"117.5410","1.0030","0.0010"
"117.5420","1.0070","0.0010"
"117.5430","1.0111","0.0010"
"117.5630","1.0902","0.0008"
"117.5830","1.1548","0.0002"
"117.6030","1.1847","0.0000"
"117.6230","1.1723","0.0000"
"117.6430","1.1191","0.0003"
"117.6630","1.0407","0.0009"
"117.6830","0.9597","0.0009"
"117.7030","0.8821","0.0008"
"117.7230","0.8043","0.0008"
"117.7430","0.7240","0.0009"
"117.7630","0.6418","0.0009"
"117.7830","0.5597","0.0010"
"117.8030","0.4787","0.0009"
"117.8230","0.3984","0.0008"
"117.8430","0.3185","0.0007"
"117.8630","0.2387","0.0007"
"117.8830","0.1587","0.0004"
"117.8980","0.0986","-0.0001"
"117.8990","0.0946","-0.0001"
"117.9000","0.0906","-0.0001"
"117.9200","0.0115","-0.0005"
"117.9400","-0.0527","-0.0005"
"117.9600","-0.0817","-0.0005"
"117.9800","-0.0678","-0.0003"
"118.0000","-0.0130","0.0001"
"118.0200","0.0662","0.0002"
"118.0400","0.1474","0.0007"
"118.0600","0.2249","0.0010"
"118.0800","0.3026","0.0010"
"118.1000","0.3829","0.0010"
"118.1200","0.4650","0.0010"
"118.1400","0.5471","0.0010"
"118.1600","0.6282","0.0010"
"118.1800","0.7084","0.0009"
"118.2000","0.7882","0.0010"
"118.2200","0.8680","0.0010"
"118.2400","0.9479","0.0010"
"118.2540","1.0040","0.0010"
"118.2550","1.0080","0.0010"
"118.2560","1.0120","0.0010"
"118.2760","1.0912","0.0008"
"118.2960","1.1557","0.0003"
"118.3160","1.1857","0.0001"
"118.3360","1.1731","0.0001"
"118.3560","1.1198","0.0003"
"118.3760","1.0413","0.0010"
"118.3960","0.9603","0.0010"
"118.4160","0.8827","0.0010"
"118.4360","0.8050","0.0009"
"118.4560","0.7247","0.0009"
"118.4760","0.6425","0.0008"
"118.4960","0.5604","0.0008"
"118.5160","0.4794","0.0008"
"118.5360","0.3991","0.0008"
"118.5560","0.3192","0.0007"
"118.5760","0.2394","0.0007"
"118.5960","0.1594","0.0005"
"118.6110","0.0993","0.0000"
"118.6120","0.0953","0.0000"
"118.6130","0.0912","0.0000"
"118.6330","0.0122","-0.0004"
"118.6530","-0.0521","-0.0004"
"118.6730","-0.0813","-0.0005"
"118.6930","-0.0676","-0.0003"
"118.7130","-0.0129","0.0001"
"118.7330","0.0662","0.0003"
"118.7530","0.1473","0.0008"
"118.7730","0.2248","0.0010"
"118.7930","0.3025","0.0009"
"118.8130","0.3829","0.0009"
"118.8330","0.4650","0.0010"
"118.8530","0.5471","0.0009"
"118.8730","0.6282","0.0009"
"118.8930","0.7084","0.0008"
"118.9130","0.7882","0.0009"
"118.9330","0.8680","0.0010"
"118.9530","0.9480","0.0010"
"118.9660","1.0000","0.0010"
"118.9670","1.0040","0.0010"
"118.9680","1.0080","0.0010"
"118.9880","1.0872","0.0007"
"119.0080","1.1518","0.0002"
"119.0280","1.1817","0.0001"
"119.0480","1.1691","0.0001"
"119.0680","1.1158","0.0003"
"119.0880","1.0373","0.0010"
"119.1080","0.9563","0.0011"
"119.1280","0.8786","0.0009"
"119.1480","0.8009","0.0008"
"119.1680","0.7206","0.0009"
"119.1880","0.6385","0.0009"
"119.2080","0.5564","0.0009"
"119.2280","0.4754","0.0010"
"119.2480","0.3951","0.0009"
"119.2680","0.3152","0.0008"
"119.2880","0.2354","0.0007"
"119.3080","0.1554","0.0004"
"119.3220","0.0993","0.0001"
"119.3230","0.0952","0.0001"
"119.3240","0.0912","0.0000"
"119.3440","0.0122","-0.0003"
"119.3640","-0.0521","-0.0004"
"119.3840","-0.0812","-0.0005"
"119.4040","-0.0674","-0.0002"
"119.4240","-0.0127","0.0001"
"119.4440","0.0665","0.0002"
"119.4640","0.1476","0.0007"
"119.4840","0.2251","0.0010"
"119.5040","0.3028","0.0010"
"119.5240","0.3832","0.0009"
"119.5440","0.4653","0.0009"
"119.5640","0.5474","0.0010"
"119.5840","0.6285","0.0009"
"119.6040","0.7086","0.0009"
"119.6240","0.7884","0.0009"
"119.6440","0.8683","0.0009"
"119.6640","0.9482","0.0009"
"119.6770","1.0003","0.0010"
"119.6780","1.0043","0.0010"
"119.6790","1.0083","0.0010"
"119.6990","1.0875","0.0007"
"119.7190","1.1520","0.0001"
"119.7390","1.1819","0.0000"
"119.7590","1.1694","0.0001"
"119.7790","1.1160","0.0004"
"119.7990","1.0375","0.0010"
"119.8190","0.9565","0.0010"
"119.8390","0.8789","0.0009"
"119.8590","0.8011","0.0007"
"119.8790","0.7208","0.0007"
"119.8990","0.6387","0.0008"
"119.9190","0.5566","0.0009"
"119.9390","0.4755","0.0009"
"119.9590","0.3953","0.0008"
"119.9790","0.3154","0.0008"
"119.9990","0.2356","0.0007"
"120.0190","0.1556","0.0004"
"120.0330","0.0995","0.0000"
"120.0340","0.0955","0.0000"
"120.0350","0.0915","0.0000"
"120.0550","0.0124","-0.0004"
"120.0750","-0.0518","-0.0006"
"120.0950","-0.0809","-0.0005"
"120.1150","-0.0671","-0.0003"
"120.1350","-0.0124","0.0001"
"120.1550","0.0668","0.0002"
"120.1750","0.1479","0.0007"
"120.1950","0.2254","0.0010"
"120.2150","0.3031","0.0010"
"120.2350","0.3835","0.0010"
"120.2550","0.4656","0.0009"
"120.2750","0.5477","0.0009"
"120.2950","0.6288","0.0009"
"120.3150","0.7089","0.0009"
"120.3350","0.7887","0.0010"
"120.3550","0.8686","0.0010"
"120.3750","0.9485","0.0010"
"120.3880","1.0006","0.0010"
"120.3890","1.0046","0.0010"
"120.3900","1.0086","0.0010"
"120.4100","1.0877","0.0007"
"120.4300","1.1523","0.0002"
"120.4500","1.1822","0.0000"
"120.4700","1.1696","0.0001"
"120.4900","1.1163","0.0003"
"120.5100","1.0377","0.0009"
"120.5300","0.9567","0.0010"
"120.5500","0.8791","0.0010"
"120.5700","0.8014","0.0009"
"120.5900","0.7211","0.0008"
"120.6100","0.6390","0.0009"
"120.6300","0.5569","0.0009"
"120.6500","0.4758","0.0009"
"120.6700","0.3956","0.0009"
"120.6900","0.3157","0.0008"
"120.7100","0.2358","0.0007"
"120.7300","0.1558","0.0005"
"120.7440","0.0997","0.0001"
"120.7450","0.0957","0.0000"
"120.7460","0.0917","0.0000"
"120.7660","0.0126","-0.0004"
"120.7860","-0.0517","-0.0005"
"120.8060","-0.0809","-0.0005"
"120.8260","-0.0672","-0.0003"
"120.8460","-0.0126","0.0000"
"120.8660","0.0665","0.0002"
"120.8860","0.1476","0.0007"
"120.9060","0.2251","0.0009"
"120.9260","0.3028","0.0011"
"120.9460","0.3832","0.0011"
"120.9660","0.4653","0.0010"
"120.9860","0.5474","0.0010"
"121.0060","0.6285","0.0010"
"121.0260","0.7087","0.0010"
"121.0460","0.7885","0.0010"
"121.0660","0.8683","0.0009"
"121.0860","0.9483","0.0009"
"121.0990","1.0004","0.0008"
"121.1000","1.0044","0.0008"
"121.1010","1.0084","0.0008"
"121.1210","1.0875","0.0005"
"121.1410","1.1521","0.0001"
"121.1610","1.1820","0.0000"
"121.1810","1.1695","0.0000"
"121.2010","1.1162","0.0003"
"121.2210","1.0377","0.0010"
"121.2410","0.9567","0.0010"
"121.2610","0.8790","0.0009"
"121.2810","0.8012","0.0009"
"121.3010","0.7210","0.0009"
"121.3210","0.6388","0.0009"
"121.3410","0.5567","0.0008"
"121.3610","0.4757","0.0009"
"121.3810","0.3955","0.0009"
"121.4010","0.3156","0.0009"
"121.4210","0.2358","0.0008"
"121.4410","0.1557","0.0005"
"121.4550","0.0996","0.0001"
"121.4560","0.0956","0.0000"
"121.4570","0.0916","0.0000"
"121.4770","0.0125","-0.0004"
"121.4970","-0.0517","-0.0004"
"121.5170","-0.0807","-0.0005"
"121.5370","-0.0669","-0.0003"
"121.5570","-0.0122","0.0001"
"121.5770","0.0669","0.0002"
"121.5970","0.1480","0.0008"
"121.6170","0.2255","0.0010"
"121.6370","0.3032","0.0012"
"121.6570","0.3835","0.0010"
"121.6770","0.4657","0.0008"
"121.6970","0.5478","0.0008"
"121.7170","0.6290","0.0009"
"121.7370","0.7091","0.0010"
"121.7570","0.7889","0.0010"
"121.7770","0.8687","0.0009"
"121.7970","0.9487","0.0010"
"121.8100","1.0007","0.0010"
"121.8110","1.0047","0.0010"
"121.8120","1.0087","0.0010"
"121.8320","1.0879","0.0006"
"121.8520","1.1525","0.0000"
"121.8720","1.1824","0.0000"
"121.8920","1.1698","0.0001"
"121.9120","1.1165","0.0004"
"121.9320","1.0380","0.0009"
"121.9520","0.9571","0.0010"
"121.9720","0.8795","0.0009"
"121.9920","0.8017","0.0008"
"122.0120","0.7214","0.0008"
"122.0320","0.6392","0.0008"
"122.0520","0.5571","0.0008"
"122.0720","0.4760","0.0008"
"122.0920","0.3958","0.0008"
"122.1120","0.3159","0.0008"
"122.1320","0.2361","0.0006"
"122.1520","0.1561","0.0004"
"122.1660","0.1000","0.0000"
"122.1670","0.0960","0.0000"
"122.1680","0.0920","0.0000"
"122.1880","0.0129","-0.0003"
"122.2080","-0.0514","-0.0005"
"122.2280","-0.0805","-0.0006"
"122.2480","-0.0668","-0.0003"
"122.2680","-0.0121","0.0001"
"122.2880","0.0669","0.0001"
"122.3080","0.1480","0.0006"
"122.3280","0.2255","0.0009"
"122.3480","0.3032","0.0010"
"122.3680","0.3836","0.0011"
"122.3880","0.4658","0.0010"
"122.4080","0.5479","0.0009"
"122.4280","0.6290","0.0010"
"122.4480","0.7091","0.0010"
"122.4680","0.7889","0.0010"
"122.4880","0.8688","0.0010"
"122.5080","0.9487","0.0010"
"122.5210","1.0008","0.0011"
"122.5220","1.0048","0.0011"
"122.5230","1.0088","0.0011"
"122.5430","1.0879","0.0007"
"122.5630","1.1525","0.0002"
"122.5830","1.1823","0.0000"
"122.6030","1.1697","0.0000"
"122.6230","1.1164","0.0004"
"122.6430","1.0379","0.0010"
"122.6630","0.9568","0.0010"
"122.6830","0.8792","0.0009"
"122.7030","0.8015","0.0008"
"122.7230","0.7212","0.0008"
"122.7430","0.6391","0.0008"
"122.7630","0.5569","0.0009"
"122.7830","0.4759","0.0009"
"122.8030","0.3957","0.0009"
"122.8230","0.3158","0.0009"
"122.8430","0.2359","0.0007"
"122.8630","0.1559","0.0003"
"122.8770","0.0998","-0.0001"
