Time,Displacement,Force
(s),(mm),(kN)
"0.0000","0.0000","0.0000"
"0.0200","0.0000","0.0000"
"0.0230","0.0000","0.0000"
"0.0430","0.0000","-0.0001"
"0.0630","0.0000","0.0000"
"0.0830","0.0000","0.0000"
"0.1030","0.0001","0.0000"
"0.1230","0.0003","0.0000"
"0.1430","0.0004","0.0000"
"0.1630","0.0004","0.0000"
"0.1830","0.0005","0.0000"
"0.2030","0.0006","0.0000"
"0.2230","0.0008","0.0000"
"0.2430","0.0013","-0.0001"
"0.2630","0.0019","-0.0001"
"0.2830","0.0025","0.0000"
"0.3030","0.0032","0.0000"
"0.3230","0.0038","0.0000"
"0.3430","0.0041","0.0000"
"0.3630","0.0044","0.0001"
"0.3830","0.0046","0.0000"
"0.4030","0.0049","0.0000"
"0.4230","0.0053","0.0000"
"0.4430","0.0057","0.0000"
"0.4630","0.0060","0.0000"
"0.4830","0.0063","0.0000"
"0.5030","0.0066","0.0000"
"0.5230","0.0068","0.0002"
"0.5430","0.0071","0.0001"
"0.5630","0.0074","0.0000"
"0.5830","0.0077","0.0000"
"0.6030","0.0082","0.0001"
"0.6230","0.0086","0.0001"
"0.6430","0.0091","0.0000"
"0.6630","0.0095","0.0000"
"0.6830","0.0098","0.0000"
"0.7030","0.0101","0.0001"
"0.7230","0.0105","0.0000"
"0.7430","0.0108","0.0000"
"0.7630","0.0111","0.0001"
"0.7830","0.0114","0.0000"
"0.8030","0.0117","0.0001"
"0.8230","0.0119","0.0001"
"0.8430","0.0122","0.0001"
"0.8630","0.0124","0.0001"
"0.8830","0.0127","0.0001"
"0.9030","0.0131","0.0001"
"0.9230","0.0135","0.0001"
"0.9430","0.0139","0.0001"
"0.9630","0.0144","0.0001"
"0.9830","0.0148","0.0001"
"1.0030","0.0152","0.0001"
"1.0230","0.0154","0.0001"
"1.0430","0.0157","0.0001"
"1.0630","0.0160","0.0001"
"1.0830","0.0163","0.0001"
"1.1030","0.0167","0.0001"
"1.1230","0.0171","0.0001"
"1.1430","0.0174","0.0001"
"1.1630","0.0177","0.0001"
"1.1830","0.0180","0.0001"
"1.2030","0.0182","0.0001"
"1.2230","0.0184","0.0001"
"1.2430","0.0187","0.0000"
"1.2630","0.0191","0.0001"
"1.2830","0.0195","0.0002"
"1.3030","0.0199","0.0002"
"1.3230","0.0204","0.0002"
"1.3430","0.0208","0.0002"
"1.3630","0.0212","0.0000"
"1.3830","0.0215","0.0000"
"1.4030","0.0218","0.0000"
"1.4230","0.0221","0.0001"
"1.4430","0.0224","0.0001"
"1.4630","0.0227","0.0002"
"1.4830","0.0230","0.0002"
"1.5030","0.0233","0.0002"
"1.5230","0.0235","0.0001"
"1.5430","0.0238","0.0001"
"1.5630","0.0241","0.0002"
"1.5830","0.0244","0.0001"
"1.6030","0.0248","0.0001"
"1.6230","0.0252","0.0002"
"1.6430","0.0257","0.0003"
"1.6630","0.0262","0.0002"
"1.6830","0.0266","0.0002"
"1.7030","0.0269","0.0002"
"1.7230","0.0271","0.0002"
"1.7430","0.0274","0.0001"
"1.7630","0.0277","0.0002"
"1.7830","0.0280","0.0002"
"1.8030","0.0284","0.0003"
"1.8230","0.0288","0.0003"
"1.8430","0.0291","0.0002"
"1.8630","0.0293","0.0002"
"1.8830","0.0296","0.0002"
"1.9030","0.0298","0.0002"
"1.9230","0.0301","0.0003"
"1.9430","0.0304","0.0003"
"1.9630","0.0308","0.0003"
"1.9830","0.0312","0.0003"
"2.0030","0.0316","0.0003"
"2.0230","0.0320","0.0003"
"2.0430","0.0324","0.0003"
"2.0630","0.0328","0.0003"
"2.0830","0.0331","0.0002"
"2.1030","0.0334","0.0001"
"2.1230","0.0337","0.0002"
"2.1430","0.0341","0.0002"
"2.1630","0.0344","0.0002"
"2.1830","0.0347","0.0003"
"2.2030","0.0349","0.0003"
"2.2230","0.0352","0.0002"
"2.2430","0.0354","0.0002"
"2.2630","0.0357","0.0002"
"2.2830","0.0361","0.0002"
"2.3030","0.0365","0.0002"
"2.3230","0.0370","0.0002"
"2.3430","0.0375","0.0002"
"2.3630","0.0379","0.0003"
"2.3830","0.0382","0.0003"
"2.4030","0.0385","0.0002"
"2.4230","0.0387","0.0003"
"2.4430","0.0390","0.0003"
"2.4630","0.0393","0.0002"
"2.4830","0.0397","0.0002"
"2.5030","0.0401","0.0002"
"2.5230","0.0404","0.0002"
"2.5430","0.0407","0.0002"
"2.5630","0.0409","0.0003"
"2.5830","0.0412","0.0003"
"2.6030","0.0414","0.0003"
"2.6230","0.0417","0.0002"
"2.6430","0.0421","0.0002"
"2.6630","0.0425","0.0003"
"2.6830","0.0429","0.0003"
"2.7030","0.0434","0.0003"
"2.7230","0.0438","0.0003"
"2.7430","0.0442","0.0003"
"2.7630","0.0445","0.0002"
"2.7830","0.0448","0.0002"
"2.8030","0.0451","0.0002"
"2.8230","0.0454","0.0003"
"2.8430","0.0457","0.0003"
"2.8630","0.0460","0.0002"
"2.8830","0.0463","0.0002"
"2.9030","0.0465","0.0003"
"2.9230","0.0468","0.0003"
"2.9430","0.0471","0.0003"
"2.9630","0.0474","0.0003"
"2.9830","0.0478","0.0003"
"3.0030","0.0483","0.0004"
"3.0230","0.0488","0.0003"
"3.0430","0.0493","0.0002"
"3.0630","0.0496","0.0003"
"3.0830","0.0498","0.0002"
"3.1030","0.0500","0.0002"
"3.1230","0.0503","0.0002"
"3.1430","0.0506","0.0003"
"3.1630","0.0510","0.0004"
"3.1830","0.0514","0.0003"
"3.2030","0.0518","0.0003"
"3.2230","0.0521","0.0004"
"3.2430","0.0523","0.0004"
"3.2630","0.0526","0.0003"
"3.2830","0.0528","0.0003"
"3.3030","0.0531","0.0004"
"3.3230","0.0534","0.0003"
"3.3430","0.0538","0.0002"
"3.3630","0.0542","0.0003"
"3.3830","0.0547","0.0004"
"3.4030","0.0551","0.0004"
"3.4230","0.0555","0.0004"
"3.4430","0.0559","0.0003"
"3.4630","0.0562","0.0003"
"3.4830","0.0564","0.0002"
"3.5030","0.0568","0.0002"
"3.5230","0.0571","0.0002"
"3.5430","0.0574","0.0003"
"3.5630","0.0577","0.0004"
"3.5830","0.0579","0.0004"
"3.6030","0.0581","0.0003"
"3.6230","0.0584","0.0002"
"3.6430","0.0587","0.0002"
"3.6630","0.0591","0.0003"
"3.6830","0.0595","0.0004"
"3.7030","0.0600","0.0003"
"3.7230","0.0605","0.0003"
"3.7430","0.0609","0.0003"
"3.7630","0.0612","0.0004"
"3.7830","0.0614","0.0004"
"3.8030","0.0617","0.0004"
"3.8230","0.0620","0.0004"
"3.8430","0.0623","0.0003"
"3.8630","0.0627","0.0004"
"3.8830","0.0631","0.0004"
"3.9030","0.0635","0.0004"
"3.9230","0.0638","0.0004"
"3.9430","0.0640","0.0004"
"3.9630","0.0642","0.0004"
"3.9830","0.0644","0.0004"
"4.0030","0.0647","0.0003"
"4.0230","0.0651","0.0003"
"4.0430","0.0655","0.0003"
"4.0630","0.0659","0.0004"
"4.0830","0.0664","0.0004"
"4.1030","0.0668","0.0005"
"4.1230","0.0672","0.0005"
"4.1430","0.0675","0.0004"
"4.1630","0.0678","0.0005"
"4.1830","0.0680","0.0004"
"4.2030","0.0684","0.0004"
"4.2230","0.0687","0.0004"
"4.2430","0.0690","0.0005"
"4.2630","0.0693","0.0004"
"4.2830","0.0695","0.0004"
"4.3030","0.0698","0.0004"
"4.3230","0.0700","0.0004"
"4.3430","0.0704","0.0005"
"4.3630","0.0708","0.0004"
"4.3830","0.0713","0.0004"
"4.4030","0.0717","0.0004"
"4.4230","0.0722","0.0004"
"4.4430","0.0725","0.0005"
"4.4630","0.0728","0.0004"
"4.4830","0.0730","0.0003"
"4.5030","0.0733","0.0004"
"4.5230","0.0736","0.0005"
"4.5430","0.0740","0.0004"
"4.5630","0.0744","0.0003"
"4.5830","0.0748","0.0003"
"4.6030","0.0751","0.0003"
"4.6230","0.0753","0.0004"
"4.6430","0.0756","0.0005"
"4.6630","0.0758","0.0005"
"4.6830","0.0761","0.0005"
"4.7030","0.0764","0.0004"
"4.7230","0.0767","0.0004"
"4.7430","0.0772","0.0004"
"4.7630","0.0776","0.0005"
"4.7830","0.0781","0.0005"
"4.8030","0.0785","0.0004"
"4.8230","0.0788","0.0004"
"4.8430","0.0791","0.0005"
"4.8630","0.0794","0.0006"
"4.8830","0.0797","0.0005"
"4.9030","0.0800","0.0005"
"4.9230","0.0804","0.0005"
"4.9430","0.0806","0.0004"
"4.9630","0.0809","0.0004"
"4.9830","0.0811","0.0005"
"5.0030","0.0814","0.0005"
"5.0230","0.0817","0.0005"
"5.0430","0.0821","0.0004"
"5.0630","0.0825","0.0004"
"5.0830","0.0830","0.0005"
"5.1030","0.0835","0.0004"
"5.1230","0.0839","0.0005"
"5.1430","0.0842","0.0005"
"5.1630","0.0844","0.0005"
"5.1830","0.0846","0.0005"
"5.2030","0.0849","0.0005"
"5.2230","0.0852","0.0005"
"5.2430","0.0856","0.0006"
"5.2630","0.0860","0.0006"
"5.2830","0.0864","0.0005"
"5.3030","0.0867","0.0005"
"5.3230","0.0869","0.0005"
"5.3430","0.0872","0.0004"
"5.3630","0.0874","0.0004"
"5.3830","0.0877","0.0005"
"5.4030","0.0881","0.0006"
"5.4230","0.0885","0.0006"
"5.4430","0.0890","0.0006"
"5.4630","0.0894","0.0006"
"5.4830","0.0898","0.0006"
"5.5030","0.0902","0.0006"
"5.5230","0.0905","0.0005"
"5.5430","0.0908","0.0004"
"5.5630","0.0911","0.0005"
"5.5830","0.0914","0.0005"
"5.6030","0.0917","0.0006"
"5.6230","0.0920","0.0005"
"5.6430","0.0923","0.0005"
"5.6630","0.0925","0.0005"
"5.6830","0.0928","0.0006"
"5.7030","0.0931","0.0006"
"5.7230","0.0934","0.0006"
"5.7430","0.0938","0.0006"
"5.7630","0.0943","0.0006"
"5.7830","0.0947","0.0005"
"5.8030","0.0951","0.0005"
"5.8230","0.0955","0.0005"
"5.8430","0.0957","0.0005"
"5.8630","0.0960","0.0005"
"5.8830","0.0963","0.0005"
"5.9030","0.0966","0.0006"
"5.9230","0.0970","0.0005"
"5.9430","0.0974","0.0005"
"5.9630","0.0978","0.0005"
"5.9830","0.0981","0.0005"
"6.0030","0.0984","0.0005"
"6.0230","0.0986","0.0005"
"6.0430","0.0988","0.0006"
"6.0630","0.0991","0.0006"
"6.0830","0.0994","0.0005"
"6.1030","0.0998","0.0005"
"6.1130","0.1000","0.0006"
"6.1140","0.1000","0.0006"
"6.1150","0.1000","0.0006"
"6.1350","0.1004","0.0006"
"6.1550","0.1005","0.0006"
"6.1750","0.1006","0.0006"
"6.1950","0.1005","0.0006"
"6.2150","0.1005","0.0006"
"6.2350","0.1005","0.0005"
"6.2550","0.1005","0.0005"
"6.2750","0.1005","0.0005"
"6.2950","0.1005","0.0006"
"6.3150","0.1005","0.0006"
"6.3350","0.1005","0.0005"
"6.3550","0.1005","0.0005"
"6.3750","0.1005","0.0006"
"6.3950","0.1004","0.0006"
"6.4150","0.1004","0.0006"
"6.4350","0.1004","0.0006"
"6.4550","0.1004","0.0005"
"6.4750","0.1004","0.0006"
"6.4950","0.1004","0.0006"
"6.5150","0.1003","0.0005"
"6.5350","0.1003","0.0005"
"6.5550","0.1003","0.0005"
"6.5750","0.1003","0.0006"
"6.5950","0.1003","0.0006"
"6.6150","0.1003","0.0006"
"6.6350","0.1002","0.0006"
"6.6550","0.1002","0.0006"
"6.6750","0.1002","0.0006"
"6.6950","0.1002","0.0006"
"6.7150","0.1002","0.0006"
"6.7350","0.1002","0.0005"
"6.7550","0.1002","0.0005"
"6.7750","0.1002","0.0006"
"6.7950","0.1002","0.0006"
"6.8150","0.1002","0.0006"
"6.8350","0.1001","0.0006"
"6.8550","0.1001","0.0006"
"6.8750","0.1001","0.0006"
"6.8950","0.1001","0.0006"
"6.9150","0.1001","0.0006"
"6.9350","0.1001","0.0006"
"6.9550","0.1001","0.0006"
"6.9750","0.1001","0.0007"
"6.9950","0.1001","0.0007"
"7.0150","0.1001","0.0006"
"7.0350","0.1001","0.0005"
"7.0550","0.1001","0.0005"
"7.0750","0.1000","0.0005"
"7.0950","0.1000","0.0006"
"7.1150","0.1000","0.0006"
"7.1350","0.1000","0.0006"
"7.1550","0.1000","0.0005"
"7.1750","0.1000","0.0006"
"7.1950","0.1000","0.0006"
"7.2150","0.1000","0.0006"
"7.2350","0.1000","0.0006"
"7.2550","0.1000","0.0006"
"7.2750","0.1000","0.0007"
"7.2950","0.1000","0.0006"
"7.3150","0.1000","0.0006"
"7.3350","0.1000","0.0006"
"7.3550","0.1000","0.0006"
"7.3750","0.1000","0.0006"
"7.3950","0.1000","0.0006"
"7.4150","0.1000","0.0006"
"7.4350","0.1000","0.0006"
"7.4550","0.1000","0.0006"
"7.4750","0.1000","0.0005"
"7.4950","0.1000","0.0005"
"7.5150","0.1000","0.0005"
"7.5350","0.1000","0.0005"
"7.5550","0.1000","0.0006"
"7.5750","0.1000","0.0007"
"7.5950","0.1000","0.0006"
"7.6150","0.1000","0.0005"
"7.6350","0.1000","0.0005"
"7.6550","0.1000","0.0006"
"7.6750","0.1000","0.0007"
"7.6950","0.1000","0.0007"
"7.7150","0.1000","0.0006"
"7.7350","0.1000","0.0006"
"7.7550","0.1000","0.0006"
"7.7750","0.1000","0.0006"
"7.7950","0.1000","0.0006"
"7.8150","0.1000","0.0007"
"7.8350","0.1000","0.0006"
"7.8550","0.1000","0.0005"
"7.8750","0.1000","0.0005"
"7.8950","0.1000","0.0005"
"7.9150","0.1000","0.0006"
"7.9350","0.1000","0.0006"
"7.9550","0.1000","0.0006"
"7.9750","0.1000","0.0006"
"7.9950","0.1000","0.0005"
"8.0150","0.1000","0.0005"
"8.0350","0.1000","0.0005"
"8.0550","0.1000","0.0005"
"8.0750","0.1000","0.0005"
"8.0950","0.1000","0.0005"
"8.1150","0.1000","0.0005"
"8.1350","0.1000","0.0005"
"8.1550","0.1000","0.0005"
"8.1750","0.1000","0.0005"
"8.1950","0.1000","0.0005"
"8.2150","0.1000","0.0005"
"8.2350","0.1000","0.0005"
"8.2550","0.1000","0.0006"
"8.2750","0.1000","0.0006"
"8.2950","0.1000","0.0006"
"8.3150","0.1000","0.0006"
"8.3350","0.1000","0.0005"
"8.3550","0.1000","0.0005"
"8.3750","0.1000","0.0006"
"8.3950","0.1000","0.0005"
"8.4150","0.1000","0.0005"
"8.4350","0.1000","0.0005"
"8.4550","0.1000","0.0005"
"8.4750","0.1000","0.0005"
"8.4950","0.1000","0.0006"
"8.5150","0.1000","0.0005"
"8.5350","0.1000","0.0005"
"8.5550","0.1000","0.0005"
"8.5750","0.1000","0.0004"
"8.5950","0.1000","0.0005"
"8.6150","0.1000","0.0004"
"8.6350","0.1000","0.0005"
"8.6550","0.1000","0.0006"
"8.6750","0.1000","0.0006"
"8.6950","0.1000","0.0005"
"8.7150","0.1000","0.0005"
"8.7350","0.1000","0.0004"
"8.7550","0.1000","0.0004"
"8.7750","0.1000","0.0004"
"8.7950","0.1000","0.0005"
"8.8150","0.1000","0.0005"
"8.8350","0.1000","0.0005"
"8.8550","0.1000","0.0005"
"8.8750","0.1000","0.0005"
"8.8950","0.1000","0.0006"
"8.9150","0.1000","0.0006"
"8.9350","0.1000","0.0005"
"8.9550","0.1000","0.0006"
"8.9750","0.1000","0.0005"
"8.9950","0.1000","0.0006"
"9.0150","0.1000","0.0005"
"9.0350","0.1000","0.0005"
"9.0550","0.1000","0.0006"
"9.0750","0.1000","0.0005"
"9.0950","0.1000","0.0005"
"9.1150","0.1000","0.0004"
"9.1350","0.1000","0.0004"
"9.1550","0.1000","0.0004"
"9.1750","0.1000","0.0005"
"9.1950","0.1000","0.0005"
"9.2150","0.1000","0.0005"
"9.2350","0.1000","0.0005"
"9.2550","0.1000","0.0005"
"9.2750","0.1000","0.0006"
"9.2950","0.1000","0.0005"
"9.3150","0.1000","0.0005"
"9.3350","0.1000","0.0006"
"9.3550","0.1000","0.0007"
"9.3750","0.1000","0.0006"
"9.3950","0.1000","0.0005"
"9.4150","0.1000","0.0004"
"9.4350","0.1000","0.0004"
"9.4550","0.1000","0.0005"
"9.4750","0.1000","0.0004"
"9.4950","0.1000","0.0004"
"9.5150","0.1000","0.0004"
"9.5350","0.1000","0.0005"
"9.5550","0.1000","0.0005"
"9.5750","0.1000","0.0005"
"9.5950","0.1000","0.0005"
"9.6150","0.1000","0.0004"
"9.6350","0.1000","0.0005"
"9.6550","0.1000","0.0005"
"9.6750","0.1000","0.0006"
"9.6950","0.1000","0.0006"
"9.7150","0.1000","0.0006"
"9.7350","0.1000","0.0006"
"9.7550","0.1000","0.0005"
"9.7750","0.1000","0.0005"
"9.7950","0.1000","0.0005"
"9.8150","0.1000","0.0005"
"9.8350","0.1000","0.0005"
"9.8550","0.1000","0.0006"
"9.8750","0.1000","0.0005"
"9.8950","0.1000","0.0005"
"9.9150","0.1000","0.0005"
"9.9350","0.1000","0.0005"
"9.9550","0.1000","0.0005"
"9.9750","0.1000","0.0006"
"9.9950","0.1000","0.0006"
"10.0150","0.1000","0.0005"
"10.0350","0.1000","0.0004"
"10.0550","0.1000","0.0004"
"10.0750","0.1000","0.0004"
"10.0950","0.1000","0.0005"
"10.1150","0.1000","0.0005"
"10.1350","0.1000","0.0005"
"10.1550","0.1000","0.0006"
"10.1750","0.1000","0.0005"
"10.1950","0.1000","0.0006"
"10.2150","0.1000","0.0006"
"10.2350","0.1000","0.0006"
"10.2550","0.1000","0.0006"
"10.2750","0.1000","0.0005"
"10.2950","0.1000","0.0005"
"10.3150","0.1000","0.0005"
"10.3350","0.1000","0.0004"
"10.3550","0.1000","0.0004"
"10.3750","0.1000","0.0004"
"10.3950","0.1000","0.0005"
"10.4150","0.1000","0.0005"
"10.4350","0.1000","0.0006"
"10.4550","0.1000","0.0005"
"10.4750","0.1000","0.0004"
"10.4950","0.1000","0.0005"
"10.5150","0.1000","0.0005"
"10.5350","0.1000","0.0006"
"10.5550","0.1000","0.0006"
"10.5750","0.1000","0.0006"
"10.5950","0.1000","0.0006"
"10.6150","0.1000","0.0005"
"10.6350","0.1000","0.0006"
"10.6550","0.1000","0.0005"
"10.6750","0.1000","0.0004"
"10.6950","0.1000","0.0005"
"10.7150","0.1000","0.0005"
"10.7350","0.1000","0.0005"
"10.7550","0.1000","0.0004"
"10.7750","0.1000","0.0004"
"10.7950","0.1000","0.0005"
"10.8150","0.1000","0.0005"
"10.8350","0.1000","0.0005"
"10.8550","0.1000","0.0005"
"10.8750","0.1000","0.0005"
"10.8950","0.1000","0.0005"
"10.9150","0.1000","0.0006"
"10.9350","0.1000","0.0006"
"10.9550","0.1000","0.0005"
"10.9750","0.1000","0.0005"
"10.9950","0.1000","0.0005"
"11.0150","0.1000","0.0005"
"11.0350","0.1000","0.0005"
"11.0550","0.1000","0.0005"
"11.0750","0.1000","0.0005"
"11.0950","0.1000","0.0006"
"11.1150","0.1000","0.0005"
"11.1350","0.1000","0.0005"
"11.1550","0.1000","0.0005"
"11.1750","0.1000","0.0005"
"11.1950","0.1000","0.0004"
"11.2150","0.1000","0.0004"
"11.2350","0.1000","0.0005"
"11.2550","0.1000","0.0006"
"11.2750","0.1000","0.0005"
"11.2950","0.1000","0.0005"
"11.3150","0.1000","0.0006"
"11.3350","0.1000","0.0006"
"11.3550","0.1000","0.0005"
"11.3750","0.1000","0.0005"
"11.3950","0.1000","0.0006"
"11.4150","0.1000","0.0006"
"11.4350","0.1000","0.0005"
"11.4550","0.1000","0.0005"
"11.4750","0.1000","0.0005"
"11.4950","0.1000","0.0005"
"11.5150","0.1000","0.0006"
"11.5350","0.1000","0.0006"
"11.5550","0.1000","0.0005"
"11.5750","0.1000","0.0004"
"11.5950","0.1000","0.0004"
"11.6150","0.1000","0.0005"
"11.6350","0.1000","0.0005"
"11.6550","0.1000","0.0005"
"11.6750","0.1000","0.0005"
"11.6950","0.1000","0.0005"
"11.7150","0.1000","0.0005"
"11.7350","0.1000","0.0004"
"11.7550","0.1000","0.0005"
"11.7750","0.1000","0.0005"
"11.7950","0.1000","0.0005"
"11.8150","0.1000","0.0004"
"11.8350","0.1000","0.0005"
"11.8550","0.1000","0.0005"
"11.8750","0.1000","0.0005"
"11.8950","0.1000","0.0005"
"11.9150","0.1000","0.0005"
"11.9350","0.1000","0.0005"
"11.9550","0.1000","0.0005"
"11.9750","0.1000","0.0005"
"11.9950","0.1000","0.0005"
"12.0150","0.1000","0.0006"
"12.0350","0.1000","0.0006"
"12.0550","0.1000","0.0005"
"12.0750","0.1000","0.0004"
"12.0950","0.1000","0.0004"
"12.1150","0.1000","0.0005"
"12.1350","0.1000","0.0006"
"12.1550","0.1000","0.0006"
"12.1750","0.1000","0.0006"
"12.1950","0.1000","0.0005"
"12.2150","0.1000","0.0005"
"12.2350","0.1000","0.0005"
"12.2550","0.1000","0.0005"
"12.2750","0.1000","0.0005"
"12.2950","0.1000","0.0005"
"12.3150","0.1000","0.0006"
"12.3350","0.1000","0.0005"
"12.3550","0.1000","0.0005"
"12.3750","0.1000","0.0005"
"12.3950","0.1000","0.0005"
"12.4150","0.1000","0.0006"
"12.4350","0.1000","0.0005"
"12.4550","0.1000","0.0004"
"12.4750","0.1000","0.0005"
"12.4950","0.1000","0.0004"
"12.5150","0.1000","0.0004"
"12.5350","0.1000","0.0004"
"12.5550","0.1000","0.0006"
"12.5750","0.1000","0.0006"
"12.5950","0.1000","0.0004"
"12.6150","0.1000","0.0004"
"12.6350","0.1000","0.0005"
"12.6550","0.1000","0.0005"
"12.6750","0.1000","0.0006"
"12.6950","0.1000","0.0005"
"12.7150","0.1000","0.0005"
"12.7350","0.1000","0.0005"
"12.7550","0.1000","0.0005"
"12.7750","0.1000","0.0005"
"12.7950","0.1000","0.0006"
"12.8150","0.1000","0.0006"
"12.8350","0.1000","0.0005"
"12.8550","0.1000","0.0005"
"12.8750","0.1000","0.0005"
"12.8950","0.1000","0.0006"
"12.9150","0.1000","0.0006"
"12.9350","0.1000","0.0005"
"12.9550","0.1000","0.0005"
"12.9750","0.1000","0.0005"
"12.9950","0.1000","0.0005"
"13.0150","0.1000","0.0006"
"13.0350","0.1000","0.0006"
"13.0550","0.1000","0.0005"
"13.0750","0.1000","0.0005"
"13.0950","0.1000","0.0005"
"13.1150","0.1000","0.0006"
"13.1350","0.1000","0.0006"
"13.1550","0.1000","0.0006"
"13.1750","0.1000","0.0005"
"13.1950","0.1000","0.0004"
"13.2150","0.1000","0.0005"
"13.2350","0.1000","0.0005"
"13.2550","0.1000","0.0004"
"13.2750","0.1000","0.0005"
"13.2950","0.1000","0.0005"
"13.3150","0.1000","0.0005"
"13.3350","0.1000","0.0004"
"13.3550","0.1000","0.0005"
"13.3750","0.1000","0.0005"
"13.3950","0.1000","0.0005"
"13.4150","0.1000","0.0005"
"13.4350","0.1000","0.0005"
"13.4550","0.1000","0.0004"
"13.4750","0.1000","0.0005"
"13.4950","0.1000","0.0005"
"13.5150","0.1000","0.0005"
"13.5350","0.1000","0.0005"
"13.5550","0.1000","0.0005"
"13.5750","0.1000","0.0004"
"13.5950","0.1000","0.0005"
"13.6150","0.1000","0.0004"
"13.6350","0.1000","0.0004"
"13.6550","0.1000","0.0005"
"13.6750","0.1000","0.0005"
"13.6950","0.1000","0.0006"
"13.7150","0.1000","0.0005"
"13.7350","0.1000","0.0004"
"13.7550","0.1000","0.0005"
"13.7750","0.1000","0.0005"
"13.7950","0.1000","0.0004"
"13.8150","0.1000","0.0006"
"13.8350","0.1000","0.0006"
"13.8550","0.1000","0.0006"
"13.8750","0.1000","0.0005"
"13.8950","0.1000","0.0004"
"13.9150","0.1000","0.0003"
"13.9350","0.1000","0.0005"
"13.9550","0.1000","0.0006"
"13.9750","0.1000","0.0006"
"13.9950","0.1000","0.0006"
"14.0150","0.1000","0.0005"
"14.0350","0.1000","0.0005"
"14.0550","0.1000","0.0005"
"14.0750","0.1000","0.0005"
"14.0950","0.1000","0.0004"
"14.1150","0.1000","0.0004"
"14.1350","0.1000","0.0005"
"14.1550","0.1000","0.0005"
"14.1750","0.1000","0.0004"
"14.1950","0.1000","0.0005"
"14.2150","0.1000","0.0005"
"14.2350","0.1000","0.0006"
"14.2550","0.1000","0.0006"
"14.2750","0.1000","0.0005"
"14.2950","0.1000","0.0005"
"14.3150","0.1000","0.0005"
"14.3350","0.1000","0.0005"
"14.3550","0.1000","0.0005"
"14.3750","0.1000","0.0006"
"14.3950","0.1000","0.0006"
"14.4150","0.1000","0.0006"
"14.4350","0.1000","0.0006"
"14.4550","0.1000","0.0005"
"14.4750","0.1000","0.0005"
"14.4950","0.1000","0.0005"
"14.5150","0.1000","0.0005"
"14.5350","0.1000","0.0005"
"14.5550","0.1000","0.0005"
"14.5750","0.1000","0.0005"
"14.5950","0.1000","0.0005"
"14.6150","0.1000","0.0006"
"14.6350","0.1000","0.0005"
"14.6550","0.1000","0.0004"
"14.6750","0.1000","0.0004"
"14.6950","0.1000","0.0005"
"14.7150","0.1000","0.0005"
"14.7350","0.1000","0.0006"
"14.7550","0.1000","0.0006"
"14.7750","0.1000","0.0006"
"14.7950","0.1000","0.0006"
"14.8150","0.1000","0.0005"
"14.8350","0.1000","0.0004"
"14.8550","0.1000","0.0005"
"14.8750","0.1000","0.0005"
"14.8950","0.1000","0.0005"
"14.9150","0.1000","0.0004"
"14.9350","0.1000","0.0005"
"14.9550","0.1000","0.0005"
"14.9750","0.1000","0.0004"
"14.9950","0.1000","0.0005"
"15.0150","0.1000","0.0006"
"15.0350","0.1000","0.0005"
"15.0550","0.1000","0.0005"
"15.0750","0.1000","0.0005"
"15.0950","0.1000","0.0004"
"15.1150","0.1000","0.0005"
"15.1350","0.1000","0.0005"
"15.1550","0.1000","0.0005"
"15.1750","0.1000","0.0004"
"15.1950","0.1000","0.0004"
"15.2150","0.1000","0.0005"
"15.2350","0.1000","0.0006"
"15.2550","0.1000","0.0005"
"15.2750","0.1000","0.0006"
"15.2950","0.1000","0.0006"
"15.3150","0.1000","0.0005"
"15.3350","0.1000","0.0005"
"15.3550","0.1000","0.0005"
"15.3750","0.1000","0.0005"
"15.3950","0.1000","0.0006"
"15.4150","0.1000","0.0006"
"15.4350","0.1000","0.0005"
"15.4550","0.1000","0.0004"
"15.4750","0.1000","0.0005"
"15.4950","0.1000","0.0005"
"15.5150","0.1000","0.0006"
"15.5350","0.1000","0.0005"
"15.5550","0.1000","0.0005"
"15.5750","0.1000","0.0005"
"15.5950","0.1000","0.0004"
"15.6150","0.1000","0.0005"
"15.6350","0.1000","0.0005"
"15.6550","0.1000","0.0005"
"15.6750","0.1000","0.0005"
"15.6950","0.1000","0.0005"
"15.7150","0.1000","0.0005"
"15.7350","0.1000","0.0005"
"15.7550","0.1000","0.0004"
"15.7750","0.1000","0.0004"
"15.7950","0.1000","0.0005"
"15.8150","0.1000","0.0005"
"15.8350","0.1000","0.0005"
"15.8550","0.1000","0.0005"
"15.8750","0.1000","0.0006"
"15.8950","0.1000","0.0005"
"15.9150","0.1000","0.0005"
"15.9350","0.1000","0.0005"
"15.9550","0.1000","0.0005"
"15.9750","0.1000","0.0004"
"15.9950","0.1000","0.0004"
"16.0150","0.1000","0.0004"
"16.0350","0.1000","0.0005"
"16.0550","0.1000","0.0005"
"16.0750","0.1000","0.0005"
"16.0950","0.1000","0.0005"
"16.1140","0.1000","0.0005"
"16.1150","0.1000","0.0005"
"16.1310","0.1000","0.0005"
"16.1510","0.1005","0.0007"
"16.1710","0.1112","0.0013"
"16.1910","0.1496","0.0017"
"16.2110","0.2181","0.0015"
"16.2310","0.2979","0.0013"
"16.2510","0.3772","0.0013"
"16.2710","0.4559","0.0013"
"16.2910","0.5361","0.0013"
"16.3110","0.6177","0.0013"
"16.3310","0.6995","0.0013"
"16.3510","0.7805","0.0013"
"16.3710","0.8607","0.0013"
"16.3910","0.9406","0.0013"
"16.4060","1.0005","0.0013"
"16.4070","1.0045","0.0013"
"16.4080","1.0085","0.0013"
"16.4280","1.0875","0.0009"
"16.4480","1.1521","0.0004"
"16.4680","1.1820","0.0002"
"16.4880","1.1694","0.0003"
"16.5080","1.1163","0.0006"
"16.5280","1.0382","0.0013"
"16.5480","0.9574","0.0014"
"16.5680","0.8798","0.0013"
"16.5880","0.8018","0.0012"
"16.6080","0.7214","0.0011"
"16.6280","0.6392","0.0013"
"16.6480","0.5571","0.0013"
"16.6680","0.4759","0.0012"
"16.6880","0.3957","0.0012"
"16.7080","0.3158","0.0011"
"16.7280","0.2360","0.0009"
"16.7480","0.1560","0.0006"
"16.7620","0.0999","0.0002"
"16.7630","0.0959","0.0001"
"16.7640","0.0919","0.0001"
"16.7840","0.0128","-0.0003"
"16.8040","-0.0515","-0.0002"
"16.8240","-0.0806","-0.0002"
"16.8440","-0.0669","-0.0001"
"16.8640","-0.0123","0.0002"
"16.8840","0.0667","0.0004"
"16.9040","0.1476","0.0009"
"16.9240","0.2250","0.0012"
"16.9440","0.3028","0.0013"
"16.9640","0.3833","0.0014"
"16.9840","0.4655","0.0012"
"17.0040","0.5477","0.0012"
"17.0240","0.6288","0.0013"
"17.0440","0.7090","0.0012"
"17.0640","0.7888","0.0013"
"17.0840","0.8686","0.0012"
"17.1040","0.9486","0.0013"
"17.1170","1.0007","0.0013"
"17.1180","1.0047","0.0013"
"17.1190","1.0087","0.0013"
"17.1390","1.0879","0.0009"
"17.1590","1.1524","0.0003"
"17.1790","1.1823","0.0003"
"17.1990","1.1697","0.0003"
"17.2190","1.1166","0.0006"
"17.2390","1.0384","0.0012"
"17.2590","0.9575","0.0013"
"17.2790","0.8799","0.0012"
"17.2990","0.8019","0.0011"
"17.3190","0.7215","0.0012"
"17.3390","0.6394","0.0012"
"17.3590","0.5572","0.0012"
"17.3790","0.4761","0.0011"
"17.3990","0.3959","0.0011"
"17.4190","0.3161","0.0011"
"17.4390","0.2362","0.0010"
"17.4590","0.1562","0.0005"
"17.4740","0.0961","0.0000"
"17.4750","0.0921","-0.0001"
"17.4760","0.0881","-0.0001"
"17.4960","0.0090","-0.0004"
"17.5160","-0.0554","-0.0003"
"17.5360","-0.0846","-0.0003"
"17.5560","-0.0710","0.0000"
"17.5760","-0.0166","0.0002"
"17.5960","0.0621","0.0003"
"17.6160","0.1428","0.0008"
"17.6360","0.2203","0.0012"
"17.6560","0.2982","0.0013"
"17.6760","0.3789","0.0013"
"17.6960","0.4611","0.0012"
"17.7160","0.5433","0.0011"
"17.7360","0.6244","0.0012"
"17.7560","0.7045","0.0013"
"17.7760","0.7843","0.0013"
"17.7960","0.8642","0.0013"
"17.8160","0.9442","0.0013"
"17.8300","1.0003","0.0012"
"17.8310","1.0043","0.0012"
"17.8320","1.0083","0.0012"
"17.8520","1.0875","0.0008"
"17.8720","1.1521","0.0004"
"17.8920","1.1820","0.0003"
"17.9120","1.1694","0.0004"
"17.9320","1.1163","0.0007"
"17.9520","1.0382","0.0014"
"17.9720","0.9574","0.0015"
"17.9920","0.8798","0.0014"
"18.0120","0.8018","0.0012"
"18.0320","0.7214","0.0011"
"18.0520","0.6392","0.0010"
"18.0720","0.5570","0.0009"
"18.0920","0.4759","0.0006"
"18.1120","0.3957","0.0006"
"18.1320","0.3158","0.0006"
"18.1520","0.2359","0.0005"
"18.1720","0.1559","0.0003"
"18.1860","0.0998","0.0000"
"18.1870","0.0958","0.0000"
"18.1880","0.0918","0.0000"
"18.2080","0.0127","-0.0003"
"18.2280","-0.0515","-0.0001"
"18.2480","-0.0806","-0.0002"
"18.2680","-0.0669","0.0000"
"18.2880","-0.0123","0.0003"
"18.3080","0.0666","0.0003"
"18.3280","0.1475","0.0009"
"18.3480","0.2251","0.0014"
"18.3680","0.3030","0.0014"
"18.3880","0.3834","0.0013"
"18.4080","0.4655","0.0010"
"18.4280","0.5476","0.0008"
"18.4480","0.6287","0.0007"
"18.4680","0.7089","0.0008"
"18.4880","0.7887","0.0009"
"18.5080","0.8686","0.0010"
"18.5280","0.9486","0.0010"
"18.5410","1.0006","0.0010"
"18.5420","1.0046","0.0010"
"18.5430","1.0087","0.0010"
"18.5630","1.0878","0.0008"
"18.5830","1.1525","0.0004"
"18.6030","1.1825","0.0004"
"18.6230","1.1700","0.0003"
"18.6430","1.1170","0.0005"
"18.6630","1.0390","0.0010"
"18.6830","0.9582","0.0011"
"18.7030","0.8806","0.0011"
"18.7230","0.8026","0.0009"
"18.7430","0.7221","0.0009"
"18.7630","0.6400","0.0009"
"18.7830","0.5578","0.0010"
"18.8030","0.4767","0.0008"
"18.8230","0.3965","0.0007"
"18.8430","0.3166","0.0006"
"18.8630","0.2367","0.0005"
"18.8830","0.1567","0.0003"
"18.8980","0.0967","0.0000"
"18.8990","0.0926","0.0000"
"18.9000","0.0886","-0.0001"
"18.9200","0.0095","-0.0003"
"18.9400","-0.0548","-0.0002"
"18.9600","-0.0840","-0.0002"
"18.9800","-0.0705","0.0000"
"19.0000","-0.0161","0.0002"
"19.0200","0.0627","0.0003"
"19.0400","0.1435","0.0009"
"19.0600","0.2210","0.0013"
"19.0800","0.2989","0.0014"
"19.1000","0.3795","0.0015"
"19.1200","0.4618","0.0014"
"19.1400","0.5439","0.0014"
"19.1600","0.6250","0.0013"
"19.1800","0.7051","0.0013"
"19.2000","0.7849","0.0014"
"19.2200","0.8648","0.0013"
"19.2400","0.9448","0.0013"
"19.2540","1.0008","0.0012"
"19.2550","1.0049","0.0012"
"19.2560","1.0089","0.0012"
"19.2760","1.0880","0.0010"
"19.2960","1.1526","0.0005"
"19.3160","1.1825","0.0003"
"19.3360","1.1699","0.0003"
"19.3560","1.1168","0.0006"
"19.3760","1.0387","0.0012"
"19.3960","0.9579","0.0013"
"19.4160","0.8802","0.0013"
"19.4360","0.8023","0.0012"
"19.4560","0.7218","0.0012"
"19.4760","0.6397","0.0012"
"19.4960","0.5575","0.0012"
"19.5160","0.4764","0.0012"
"19.5360","0.3962","0.0013"
"19.5560","0.3164","0.0012"
"19.5760","0.2365","0.0010"
"19.5960","0.1565","0.0005"
"19.6110","0.0964","0.0001"
"19.6120","0.0924","0.0000"
"19.6130","0.0884","0.0000"
"19.6330","0.0093","-0.0004"
"19.6530","-0.0550","-0.0004"
"19.6730","-0.0843","-0.0003"
"19.6930","-0.0707","-0.0001"
"19.7130","-0.0163","0.0002"
"19.7330","0.0624","0.0002"
"19.7530","0.1432","0.0009"
"19.7730","0.2207","0.0013"
"19.7930","0.2986","0.0014"
"19.8130","0.3792","0.0013"
"19.8330","0.4615","0.0013"
"19.8530","0.5436","0.0012"
"19.8730","0.6247","0.0012"
"19.8930","0.7048","0.0012"
"19.9130","0.7846","0.0013"
"19.9330","0.8645","0.0012"
"19.9530","0.9445","0.0012"
"19.9670","1.0006","0.0011"
"19.9680","1.0046","0.0011"
"19.9690","1.0086","0.0011"
"19.9890","1.0878","0.0009"
"20.0090","1.1524","0.0004"
"20.0290","1.1823","0.0003"
"20.0490","1.1699","0.0005"
"20.0690","1.1168","0.0008"
"20.0890","1.0387","0.0013"
"20.1090","0.9579","0.0009"
"20.1290","0.8803","0.0005"
"20.1490","0.8023","0.0004"
"20.1690","0.7218","0.0004"
"20.1890","0.6397","0.0004"
"20.2090","0.5576","0.0004"
"20.2290","0.4765","0.0004"
"20.2490","0.3963","0.0004"
"20.2690","0.3164","0.0003"
"20.2890","0.2365","0.0001"
"20.3090","0.1565","-0.0001"
"20.3240","0.0964","-0.0004"
"20.3250","0.0924","-0.0004"
"20.3260","0.0884","-0.0004"
"20.3460","0.0093","-0.0005"
"20.3660","-0.0550","-0.0003"
"20.3860","-0.0842","-0.0003"
"20.4060","-0.0706","-0.0002"
"20.4260","-0.0162","0.0001"
"20.4460","0.0625","0.0001"
"20.4660","0.1433","0.0006"
"20.4860","0.2208","0.0009"
"20.5060","0.2987","0.0011"
"20.5260","0.3794","0.0012"
"20.5460","0.4616","0.0011"
"20.5660","0.5437","0.0011"
"20.5860","0.6248","0.0011"
"20.6060","0.7049","0.0011"
"20.6260","0.7848","0.0012"
"20.6460","0.8646","0.0012"
"20.6660","0.9446","0.0012"
"20.6800","1.0007","0.0011"
"20.6810","1.0047","0.0011"
"20.6820","1.0087","0.0011"
"20.7020","1.0879","0.0009"
"20.7220","1.1525","0.0004"
"20.7420","1.1825","0.0004"
"20.7620","1.1700","0.0004"
"20.7820","1.1170","0.0006"
"20.8020","1.0389","0.0011"
"20.8220","0.9581","0.0011"
"20.8420","0.8805","0.0010"
"20.8620","0.8025","0.0011"
"20.8820","0.7221","0.0011"
"20.9020","0.6399","0.0010"
"20.9220","0.5577","0.0010"
"20.9420","0.4766","0.0009"
"20.9620","0.3964","0.0009"
"20.9820","0.3165","0.0008"
"21.0020","0.2367","0.0006"
"21.0220","0.1567","0.0002"
"21.0370","0.0966","-0.0002"
"21.0380","0.0926","-0.0002"
"21.0390","0.0886","-0.0003"
"21.0590","0.0095","-0.0005"
"21.0790","-0.0549","-0.0004"
"21.0990","-0.0841","-0.0004"
"21.1190","-0.0706","-0.0002"
"21.1390","-0.0162","0.0001"
"21.1590","0.0625","0.0001"
"21.1790","0.1432","0.0005"
"21.1990","0.2207","0.0009"
"21.2190","0.2987","0.0011"
"21.2390","0.3793","0.0011"
"21.2590","0.4616","0.0011"
"21.2790","0.5437","0.0011"
"21.2990","0.6248","0.0012"
"21.3190","0.7049","0.0012"
"21.3390","0.7847","0.0012"
"21.3590","0.8646","0.0011"
"21.3790","0.9446","0.0011"
"21.3930","1.0007","0.0011"
"21.3940","1.0047","0.0011"
"21.3950","1.0087","0.0011"
"21.4150","1.0878","0.0008"
"21.4350","1.1524","0.0004"
"21.4550","1.1823","0.0003"
"21.4750","1.1698","0.0003"
"21.4950","1.1166","0.0005"
"21.5150","1.0385","0.0011"
"21.5350","0.9576","0.0011"
"21.5550","0.8800","0.0010"
"21.5750","0.8020","0.0009"
"21.5950","0.7216","0.0009"
"21.6150","0.6395","0.0008"
"21.6350","0.5573","0.0008"
"21.6550","0.4762","0.0007"
"21.6750","0.3960","0.0006"
"21.6950","0.3161","0.0005"
"21.7150","0.2362","0.0003"
"21.7350","0.1562","0.0001"
"21.7500","0.0961","-0.0003"
"21.7510","0.0921","-0.0003"
"21.7520","0.0881","-0.0003"
"21.7720","0.0090","-0.0005"
"21.7920","-0.0553","-0.0004"
"21.8120","-0.0846","-0.0005"
"21.8320","-0.0711","-0.0003"
"21.8520","-0.0169","-0.0002"
"21.8720","0.0618","-0.0002"
"21.8920","0.1425","0.0003"
"21.9120","0.2200","0.0007"
"21.9320","0.2980","0.0009"
"21.9520","0.3786","0.0009"
"21.9720","0.4609","0.0010"
"21.9920","0.5430","0.0010"
"22.0120","0.6241","0.0011"
"22.0320","0.7042","0.0011"
"22.0520","0.7841","0.0011"
"22.0720","0.8639","0.0012"
"22.0920","0.9439","0.0012"
"22.1060","1.0000","0.0012"
"22.1070","1.0040","0.0012"
"22.1080","1.0080","0.0012"
"22.1280","1.0872","0.0008"
"22.1480","1.1518","0.0004"
"22.1680","1.1817","0.0003"
"22.1880","1.1692","0.0003"
"22.2080","1.1161","0.0006"
"22.2280","1.0380","0.0012"
"22.2480","0.9572","0.0013"
"22.2680","0.8796","0.0011"
"22.2880","0.8017","0.0011"
"22.3080","0.7212","0.0011"
"22.3280","0.6390","0.0011"
"22.3480","0.5569","0.0011"
"22.3680","0.4757","0.0010"
"22.3880","0.3955","0.0009"
"22.4080","0.3157","0.0008"
"22.4280","0.2358","0.0005"
"22.4480","0.1558","0.0001"
"22.4620","0.0997","-0.0002"
"22.4630","0.0957","-0.0002"
"22.4640","0.0917","-0.0003"
"22.4840","0.0126","-0.0005"
"22.5040","-0.0517","-0.0004"
"22.5240","-0.0809","-0.0003"
"22.5440","-0.0673","-0.0001"
"22.5640","-0.0129","0.0001"
"22.5840","0.0658","0.0001"
"22.6040","0.1466","0.0005"
"22.6240","0.2241","0.0008"
"22.6440","0.3021","0.0011"
"22.6640","0.3827","0.0013"
"22.6840","0.4649","0.0013"
"22.7040","0.5470","0.0013"
"22.7240","0.6281","0.0013"
"22.7440","0.7082","0.0012"
"22.7640","0.7880","0.0014"
"22.7840","0.8679","0.0014"
"22.8040","0.9479","0.0013"
"22.8180","1.0040","0.0012"
"22.8190","1.0080","0.0012"
"22.8200","1.0120","0.0012"
"22.8400","1.0911","0.0009"
"22.8600","1.1558","0.0004"
"22.8800","1.1858","0.0003"
"22.9000","1.1735","0.0004"
"22.9200","1.1207","0.0007"
"22.9400","1.0429","0.0013"
"22.9600","0.9622","0.0012"
"22.9800","0.8846","0.0011"
"23.0000","0.8065","0.0011"
"23.0200","0.7260","0.0011"
"23.0400","0.6437","0.0011"
"23.0600","0.5616","0.0012"
"23.0800","0.4805","0.0011"
"23.1000","0.4003","0.0010"
"23.1200","0.3204","0.0009"
"23.1400","0.2405","0.0006"
"23.1600","0.1605","0.0002"
"23.1760","0.0964","-0.0002"
"23.1770","0.0924","-0.0003"
"23.1780","0.0884","-0.0003"
"23.1980","0.0093","-0.0005"
"23.2180","-0.0550","-0.0005"
"23.2380","-0.0843","-0.0005"
"23.2580","-0.0708","-0.0002"
"23.2780","-0.0165","0.0000"
"23.2980","0.0622","0.0000"
"23.3180","0.1430","0.0005"
"23.3380","0.2205","0.0009"
"23.3580","0.2984","0.0012"
"23.3780","0.3791","0.0012"
"23.3980","0.4613","0.0011"
"23.4180","0.5435","0.0011"
"23.4380","0.6245","0.0012"
"23.4580","0.7047","0.0012"
"23.4780","0.7845","0.0013"
"23.4980","0.8643","0.0013"
"23.5180","0.9443","0.0013"
"23.5320","1.0004","0.0012"
"23.5330","1.0044","0.0012"
"23.5340","1.0084","0.0012"
"23.5540","1.0876","0.0009"
"23.5740","1.1522","0.0005"
"23.5940","1.1822","0.0003"
"23.6140","1.1697","0.0004"
"23.6340","1.1166","0.0007"
"23.6540","1.0386","0.0012"
"23.6740","0.9578","0.0013"
"23.6940","0.8801","0.0012"
"23.7140","0.8021","0.0012"
"23.7340","0.7217","0.0011"
"23.7540","0.6395","0.0011"
"23.7740","0.5574","0.0011"
"23.7940","0.4763","0.0010"
"23.8140","0.3961","0.0008"
"23.8340","0.3162","0.0006"
"23.8540","0.2363","0.0003"
"23.8740","0.1563","0.0001"
"23.8890","0.0962","-0.0003"
"23.8900","0.0922","-0.0003"
"23.8910","0.0882","-0.0003"
"23.9110","0.0091","-0.0005"
"23.9310","-0.0552","-0.0004"
"23.9510","-0.0844","-0.0004"
"23.9710","-0.0709","-0.0002"
"23.9910","-0.0166","-0.0001"
"24.0110","0.0621","0.0000"
"24.0310","0.1428","0.0004"
"24.0510","0.2203","0.0007"
"24.0710","0.2983","0.0009"
"24.0910","0.3789","0.0011"
"24.1110","0.4612","0.0011"
"24.1310","0.5433","0.0011"
"24.1510","0.6244","0.0012"
"24.1710","0.7046","0.0012"
"24.1910","0.7844","0.0012"
"24.2110","0.8642","0.0012"
"24.2310","0.9442","0.0013"
"24.2450","1.0003","0.0013"
"24.2460","1.0043","0.0013"
"24.2470","1.0083","0.0013"
"24.2670","1.0875","0.0010"
"24.2870","1.1521","0.0004"
"24.3070","1.1821","0.0002"
"24.3270","1.1696","0.0002"
"24.3470","1.1165","0.0005"
"24.3670","1.0384","0.0010"
"24.3870","0.9576","0.0010"
"24.4070","0.8800","0.0010"
"24.4270","0.8020","0.0010"
"24.4470","0.7215","0.0010"
"24.4670","0.6394","0.0009"
"24.4870","0.5572","0.0009"
"24.5070","0.4761","0.0007"
"24.5270","0.3959","0.0006"
"24.5470","0.3161","0.0004"
"24.5670","0.2362","0.0002"
"24.5870","0.1562","0.0000"
"24.6020","0.0961","-0.0004"
"24.6030","0.0921","-0.0004"
"24.6040","0.0881","-0.0004"
"24.6240","0.0090","-0.0006"
"24.6440","-0.0554","-0.0006"
"24.6640","-0.0846","-0.0005"
"24.6840","-0.0711","-0.0003"
"24.7040","-0.0168","-0.0001"
"24.7240","0.0618","-0.0001"
"24.7440","0.1425","0.0003"
"24.7640","0.2200","0.0007"
"24.7840","0.2980","0.0009"
"24.8040","0.3787","0.0010"
"24.8240","0.4610","0.0011"
"24.8440","0.5431","0.0011"
"24.8640","0.6242","0.0011"
"24.8840","0.7043","0.0011"
"24.9040","0.7842","0.0011"
"24.9240","0.8640","0.0011"
"24.9440","0.9440","0.0011"
"24.9580","1.0001","0.0012"
"24.9590","1.0041","0.0012"
"24.9600","1.0081","0.0012"
"24.9800","1.0872","0.0009"
"25.0000","1.1518","0.0005"
"25.0200","1.1817","0.0003"
"25.0400","1.1691","0.0003"
"25.0600","1.1160","0.0005"
"25.0800","1.0378","0.0011"
"25.1000","0.9570","0.0011"
"25.1200","0.8794","0.0011"
"25.1400","0.8014","0.0010"
"25.1600","0.7210","0.0010"
"25.1800","0.6388","0.0010"
"25.2000","0.5567","0.0009"
"25.2200","0.4756","0.0008"
"25.2400","0.3954","0.0007"
"25.2600","0.3155","0.0006"
"25.2800","0.2357","0.0004"
"25.3000","0.1557","0.0001"
"25.3140","0.0996","-0.0003"
"25.3150","0.0956","-0.0003"
"25.3160","0.0916","-0.0004"
"25.3360","0.0124","-0.0006"
"25.3560","-0.0519","-0.0005"
"25.3760","-0.0812","-0.0004"
"25.3960","-0.0676","-0.0003"
"25.4160","-0.0132","-0.0001"
"25.4360","0.0655","-0.0001"
"25.4560","0.1463","0.0003"
"25.4760","0.2238","0.0007"
"25.4960","0.3017","0.0009"
"25.5160","0.3823","0.0010"
"25.5360","0.4646","0.0010"
"25.5560","0.5467","0.0011"
"25.5760","0.6278","0.0011"
"25.5960","0.7079","0.0011"
"25.6160","0.7877","0.0012"
"25.6360","0.8676","0.0012"
"25.6560","0.9476","0.0012"
"25.6700","1.0036","0.0012"
"25.6710","1.0077","0.0012"
"25.6720","1.0117","0.0012"
"25.6920","1.0908","0.0009"
"25.7120","1.1554","0.0004"
"25.7320","1.1854","0.0004"
"25.7520","1.1731","0.0004"
"25.7720","1.1203","0.0007"
"25.7920","1.0424","0.0013"
"25.8120","0.9618","0.0013"
"25.8320","0.8842","0.0011"
"25.8520","0.8061","0.0010"
"25.8720","0.7255","0.0009"
"25.8920","0.6433","0.0008"
"25.9120","0.5611","0.0008"
"25.9320","0.4800","0.0008"
"25.9520","0.3998","0.0008"
"25.9720","0.3200","0.0005"
"25.9920","0.2401","0.0002"
"26.0120","0.1601","0.0000"
"26.0280","0.0960","-0.0004"
"26.0290","0.0920","-0.0004"
"26.0300","0.0880","-0.0004"
"26.0500","0.0089","-0.0005"
"26.0700","-0.0555","-0.0004"
"26.0900","-0.0847","-0.0003"
"26.1100","-0.0712","-0.0001"
"26.1300","-0.0169","0.0000"
"26.1500","0.0618","0.0000"
"26.1700","0.1425","0.0005"
"26.1900","0.2201","0.0009"
"26.2100","0.2980","0.0011"
"26.2300","0.3787","0.0012"
"26.2500","0.4610","0.0012"
"26.2700","0.5431","0.0012"
"26.2900","0.6241","0.0012"
"26.3100","0.7043","0.0012"
"26.3300","0.7841","0.0012"
"26.3500","0.8640","0.0012"
"26.3700","0.9439","0.0012"
"26.3840","1.0000","0.0012"
"26.3850","1.0040","0.0012"
"26.3860","1.0080","0.0012"
"26.4060","1.0872","0.0010"
"26.4260","1.1518","0.0004"
"26.4460","1.1818","0.0003"
"26.4660","1.1693","0.0004"
"26.4860","1.1163","0.0007"
"26.5060","1.0381","0.0013"
"26.5260","0.9573","0.0013"
"26.5460","0.8797","0.0012"
"26.5660","0.8017","0.0012"
"26.5860","0.7213","0.0012"
"26.6060","0.6391","0.0012"
"26.6260","0.5570","0.0012"
"26.6460","0.4759","0.0011"
"26.6660","0.3956","0.0011"
"26.6860","0.3158","0.0010"
"26.7060","0.2360","0.0007"
"26.7260","0.1560","0.0004"
"26.7400","0.0999","0.0000"
"26.7410","0.0959","0.0000"
"26.7420","0.0919","0.0000"
"26.7620","0.0127","-0.0002"
"26.7820","-0.0516","-0.0002"
"26.8020","-0.0809","-0.0002"
"26.8220","-0.0673","0.0000"
"26.8420","-0.0129","0.0002"
"26.8620","0.0658","0.0003"
"26.8820","0.1466","0.0009"
"26.9020","0.2240","0.0013"
"26.9220","0.3020","0.0014"
"26.9420","0.3826","0.0013"
"26.9620","0.4649","0.0013"
"26.9820","0.5470","0.0013"
"27.0020","0.6281","0.0012"
"27.0220","0.7082","0.0013"
"27.0420","0.7881","0.0013"
"27.0620","0.8679","0.0012"
"27.0820","0.9479","0.0012"
"27.0960","1.0040","0.0013"
"27.0970","1.0080","0.0013"
"27.0980","1.0120","0.0013"
"27.1180","1.0912","0.0010"
"27.1380","1.1557","0.0005"
"27.1580","1.1856","0.0005"
"27.1780","1.1732","0.0005"
"27.1980","1.1203","0.0008"
"27.2180","1.0423","0.0012"
"27.2380","0.9617","0.0013"
"27.2580","0.8840","0.0013"
"27.2780","0.8060","0.0012"
"27.2980","0.7254","0.0013"
"27.3180","0.6432","0.0013"
"27.3380","0.5610","0.0012"
"27.3580","0.4799","0.0013"
"27.3780","0.3997","0.0013"
"27.3980","0.3198","0.0012"
"27.4180","0.2400","0.0009"
"27.4380","0.1600","0.0005"
"27.4530","0.0999","0.0000"
"27.4540","0.0959","0.0000"
"27.4550","0.0919","0.0000"
"27.4750","0.0128","-0.0004"
"27.4950","-0.0515","-0.0003"
"27.5150","-0.0808","-0.0003"
"27.5350","-0.0672","-0.0001"
"27.5550","-0.0128","0.0002"
"27.5750","0.0660","0.0001"
"27.5950","0.1467","0.0007"
"27.6150","0.2242","0.0011"
"27.6350","0.3022","0.0013"
"27.6550","0.3828","0.0013"
"27.6750","0.4650","0.0013"
"27.6950","0.5471","0.0013"
"27.7150","0.6282","0.0012"
"27.7350","0.7083","0.0012"
"27.7550","0.7882","0.0012"
"27.7750","0.8680","0.0013"
"27.7950","0.9480","0.0013"
"27.8080","1.0001","0.0013"
"27.8090","1.0041","0.0013"
"27.8100","1.0081","0.0013"
"27.8300","1.0873","0.0011"
"27.8500","1.1519","0.0005"
"27.8700","1.1818","0.0004"
"27.8900","1.1693","0.0004"
"27.9100","1.1162","0.0007"
"27.9300","1.0381","0.0012"
"27.9500","0.9574","0.0012"
"27.9700","0.8797","0.0013"
"27.9900","0.8018","0.0013"
"28.0100","0.7213","0.0012"
"28.0300","0.6391","0.0013"
"28.0500","0.5570","0.0012"
"28.0700","0.4759","0.0012"
"28.0900","0.3956","0.0012"
"28.1100","0.3158","0.0010"
"28.1300","0.2359","0.0007"
"28.1500","0.1560","0.0004"
"28.1640","0.0999","0.0000"
"28.1650","0.0958","-0.0001"
"28.1660","0.0918","-0.0001"
"28.1860","0.0127","-0.0004"
"28.2060","-0.0516","-0.0003"
"28.2260","-0.0808","-0.0003"
"28.2460","-0.0671","-0.0001"
"28.2660","-0.0127","0.0002"
"28.2860","0.0660","0.0002"
"28.3060","0.1468","0.0007"
"28.3260","0.2243","0.0011"
"28.3460","0.3023","0.0013"
"28.3660","0.3829","0.0013"
"28.3860","0.4651","0.0012"
"28.4060","0.5472","0.0013"
"28.4260","0.6283","0.0013"
"28.4460","0.7084","0.0013"
"28.4660","0.7883","0.0013"
"28.4860","0.8681","0.0013"
"28.5060","0.9481","0.0012"
"28.5190","1.0002","0.0012"
"28.5200","1.0042","0.0011"
"28.5210","1.0082","0.0011"
"28.5410","1.0874","0.0009"
"28.5610","1.1520","0.0004"
"28.5810","1.1819","0.0003"
"28.6010","1.1694","0.0003"
"28.6210","1.1163","0.0006"
"28.6410","1.0382","0.0012"
"28.6610","0.9574","0.0013"
"28.6810","0.8798","0.0012"
"28.7010","0.8019","0.0012"
"28.7210","0.7214","0.0012"
"28.7410","0.6392","0.0012"
"28.7610","0.5570","0.0012"
"28.7810","0.4759","0.0011"
"28.8010","0.3957","0.0009"
"28.8210","0.3159","0.0009"
"28.8410","0.2360","0.0006"
"28.8610","0.1561","0.0002"
"28.8750","0.1000","-0.0001"
"28.8760","0.0959","-0.0001"
"28.8770","0.0919","-0.0002"
"28.8970","0.0128","-0.0004"
"28.9170","-0.0515","-0.0002"
"28.9370","-0.0808","-0.0003"
"28.9570","-0.0672","0.0000"
"28.9770","-0.0128","0.0002"
"28.9970","0.0660","0.0002"
"29.0170","0.1467","0.0007"
"29.0370","0.2242","0.0011"
"29.0570","0.3022","0.0013"
"29.0770","0.3828","0.0013"
"29.0970","0.4650","0.0012"
"29.1170","0.5471","0.0012"
"29.1370","0.6282","0.0012"
"29.1570","0.7084","0.0013"
"29.1770","0.7882","0.0013"
"29.1970","0.8681","0.0013"
"29.2170","0.9480","0.0013"
"29.2300","1.0001","0.0013"
"29.2310","1.0041","0.0013"
"29.2320","1.0081","0.0013"
"29.2520","1.0873","0.0010"
"29.2720","1.1519","0.0005"
"29.2920","1.1818","0.0004"
"29.3120","1.1692","0.0004"
"29.3320","1.1161","0.0007"
"29.3520","1.0380","0.0013"
"29.3720","0.9572","0.0013"
"29.3920","0.8795","0.0013"
"29.4120","0.8015","0.0012"
"29.4320","0.7211","0.0013"
"29.4520","0.6390","0.0013"
"29.4720","0.5568","0.0012"
"29.4920","0.4757","0.0012"
"29.5120","0.3955","0.0010"
"29.5320","0.3157","0.0007"
"29.5520","0.2358","0.0004"
"29.5720","0.1559","0.0001"
"29.5860","0.0998","-0.0002"
"29.5870","0.0957","-0.0002"
"29.5880","0.0917","-0.0003"
"29.6080","0.0126","-0.0005"
"29.6280","-0.0517","-0.0003"
"29.6480","-0.0810","-0.0003"
"29.6680","-0.0674","-0.0001"
"29.6880","-0.0130","0.0002"
"29.7080","0.0658","0.0001"
"29.7280","0.1465","0.0006"
"29.7480","0.2240","0.0010"
"29.7680","0.3020","0.0012"
"29.7880","0.3826","0.0012"
"29.8080","0.4649","0.0012"
"29.8280","0.5470","0.0013"
"29.8480","0.6280","0.0013"
"29.8680","0.7082","0.0012"
"29.8880","0.7880","0.0012"
"29.9080","0.8679","0.0012"
"29.9280","0.9479","0.0013"
"29.9420","1.0039","0.0012"
"29.9430","1.0080","0.0012"
"29.9440","1.0120","0.0012"
"29.9640","1.0911","0.0009"
"29.9840","1.1557","0.0004"
"30.0040","1.1857","0.0004"
"30.0240","1.1734","0.0005"
"30.0440","1.1206","0.0007"
"30.0640","1.0427","0.0013"
"30.0840","0.9621","0.0013"
"30.1040","0.8844","0.0012"
"30.1240","0.8064","0.0012"
"30.1440","0.7258","0.0012"
"30.1640","0.6436","0.0012"
"30.1840","0.5615","0.0012"
"30.2040","0.4803","0.0011"
"30.2240","0.4002","0.0010"
"30.2440","0.3203","0.0008"
"30.2640","0.2405","0.0006"
"30.2840","0.1605","0.0003"
"30.3000","0.0964","-0.0001"
"30.3010","0.0924","-0.0002"
"30.3020","0.0883","-0.0002"
"30.3220","0.0092","-0.0004"
"30.3420","-0.0551","-0.0003"
"30.3620","-0.0843","-0.0003"
"30.3820","-0.0707","-0.0001"
"30.4020","-0.0164","0.0002"
"30.4220","0.0623","0.0002"
"30.4420","0.1431","0.0007"
"30.4620","0.2206","0.0012"
"30.4820","0.2986","0.0014"
"30.5020","0.3792","0.0013"
"30.5220","0.4614","0.0012"
"30.5420","0.5435","0.0012"
"30.5620","0.6246","0.0011"
"30.5820","0.7048","0.0012"
"30.6020","0.7846","0.0014"
"30.6220","0.8645","0.0013"
"30.6420","0.9444","0.0013"
"30.6560","1.0005","0.0012"
"30.6570","1.0045","0.0012"
"30.6580","1.0085","0.0012"
"30.6780","1.0877","0.0009"
"30.6980","1.1523","0.0005"
"30.7180","1.1823","0.0003"
"30.7380","1.1699","0.0004"
"30.7580","1.1169","0.0007"
"30.7780","1.0389","0.0013"
"30.7980","0.9581","0.0014"
"30.8180","0.8805","0.0012"
"30.8380","0.8025","0.0012"
"30.8580","0.7220","0.0012"
"30.8780","0.6398","0.0013"
"30.8980","0.5577","0.0013"
"30.9180","0.4766","0.0012"
"30.9380","0.3964","0.0012"
"30.9580","0.3165","0.0010"
"30.9780","0.2367","0.0006"
"30.9980","0.1567","0.0002"
"31.0130","0.0966","-0.0002"
"31.0140","0.0926","-0.0002"
"31.0150","0.0886","-0.0002"
"31.0350","0.0094","-0.0004"
"31.0550","-0.0549","-0.0003"
"31.0750","-0.0842","-0.0002"
"31.0950","-0.0707","0.0000"
"31.1150","-0.0164","0.0003"
"31.1350","0.0622","0.0003"
"31.1550","0.1430","0.0008"
"31.1750","0.2205","0.0012"
"31.1950","0.2984","0.0013"
"31.2150","0.3791","0.0013"
"31.2350","0.4613","0.0013"
"31.2550","0.5435","0.0013"
"31.2750","0.6245","0.0012"
"31.2950","0.7047","0.0012"
"31.3150","0.7845","0.0013"
"31.3350","0.8644","0.0012"
"31.3550","0.9444","0.0012"
"31.3690","1.0004","0.0012"
"31.3700","1.0045","0.0012"
"31.3710","1.0085","0.0012"
"31.3910","1.0876","0.0009"
"31.4110","1.1522","0.0005"
"31.4310","1.1822","0.0004"
"31.4510","1.1697","0.0004"
"31.4710","1.1166","0.0007"
"31.4910","1.0385","0.0012"
"31.5110","0.9577","0.0013"
"31.5310","0.8800","0.0013"
"31.5510","0.8020","0.0012"
"31.5710","0.7216","0.0011"
"31.5910","0.6395","0.0011"
"31.6110","0.5574","0.0011"
"31.6310","0.4762","0.0011"
"31.6510","0.3960","0.0010"
"31.6710","0.3161","0.0008"
"31.6910","0.2362","0.0005"
"31.7110","0.1562","0.0001"
"31.7260","0.0962","-0.0003"
"31.7270","0.0922","-0.0004"
"31.7280","0.0882","-0.0004"
"31.7480","0.0091","-0.0006"
"31.7680","-0.0552","-0.0004"
"31.7880","-0.0845","-0.0005"
"31.8080","-0.0710","-0.0002"
"31.8280","-0.0167","0.0000"
"31.8480","0.0620","0.0001"
"31.8680","0.1428","0.0006"
"31.8880","0.2203","0.0011"
"31.9080","0.2982","0.0013"
"31.9280","0.3788","0.0014"
"31.9480","0.4611","0.0013"
"31.9680","0.5432","0.0013"
"31.9880","0.6243","0.0012"
"32.0080","0.7044","0.0012"
"32.0280","0.7843","0.0013"
"32.0480","0.8641","0.0013"
"32.0680","0.9441","0.0013"
"32.0820","1.0002","0.0013"
"32.0830","1.0042","0.0013"
"32.0840","1.0082","0.0013"
"32.1040","1.0873","0.0009"
"32.1240","1.1520","0.0004"
"32.1440","1.1819","0.0003"
"32.1640","1.1695","0.0003"
"32.1840","1.1165","0.0006"
"32.2040","1.0383","0.0013"
"32.2240","0.9575","0.0013"
"32.2440","0.8799","0.0011"
"32.2640","0.8019","0.0009"
"32.2840","0.7215","0.0010"
"32.3040","0.6394","0.0011"
"32.3240","0.5572","0.0010"
"32.3440","0.4761","0.0009"
"32.3640","0.3959","0.0008"
"32.3840","0.3160","0.0007"
"32.4040","0.2362","0.0004"
"32.4240","0.1562","0.0002"
"32.4390","0.0961","-0.0002"
"32.4400","0.0921","-0.0002"
"32.4410","0.0881","-0.0002"
"32.4610","0.0089","-0.0004"
"32.4810","-0.0554","-0.0003"
"32.5010","-0.0847","-0.0003"
"32.5210","-0.0711","-0.0001"
"32.5410","-0.0168","0.0001"
"32.5610","0.0618","0.0001"
"32.5810","0.1426","0.0006"
"32.6010","0.2201","0.0010"
"32.6210","0.2980","0.0011"
"32.6410","0.3787","0.0012"
"32.6610","0.4610","0.0012"
"32.6810","0.5431","0.0012"
"32.7010","0.6242","0.0012"
"32.7210","0.7043","0.0013"
"32.7410","0.7842","0.0013"
"32.7610","0.8640","0.0012"
"32.7810","0.9440","0.0012"
"32.7950","1.0001","0.0012"
"32.7960","1.0041","0.0012"
"32.7970","1.0081","0.0012"
"32.8170","1.0872","0.0009"
"32.8370","1.1518","0.0004"
"32.8570","1.1818","0.0003"
"32.8770","1.1693","0.0003"
"32.8970","1.1163","0.0007"
"32.9170","1.0381","0.0012"
"32.9370","0.9573","0.0012"
"32.9570","0.8797","0.0011"
"32.9770","0.8017","0.0009"
"32.9970","0.7213","0.0009"
"33.0170","0.6391","0.0009"
"33.0370","0.5570","0.0009"
"33.0570","0.4759","0.0008"
"33.0770","0.3957","0.0006"
"33.0970","0.3158","0.0005"
"33.1170","0.2360","0.0004"
"33.1370","0.1560","0.0001"
"33.1510","0.0999","-0.0002"
"33.1520","0.0959","-0.0002"
"33.1530","0.0919","-0.0002"
"33.1730","0.0127","-0.0005"
"33.1930","-0.0516","-0.0004"
"33.2130","-0.0809","-0.0004"
"33.2330","-0.0673","-0.0002"
"33.2530","-0.0129","0.0000"
"33.2730","0.0658","0.0000"
"33.2930","0.1466","0.0004"
"33.3130","0.2240","0.0008"
"33.3330","0.3020","0.0011"
"33.3530","0.3826","0.0012"
"33.3730","0.4649","0.0012"
"33.3930","0.5470","0.0012"
"33.4130","0.6281","0.0013"
"33.4330","0.7082","0.0012"
"33.4530","0.7881","0.0012"
"33.4730","0.8679","0.0011"
"33.4930","0.9479","0.0012"
"33.5070","1.0040","0.0012"
"33.5080","1.0080","0.0012"
"33.5090","1.0120","0.0012"
"33.5290","1.0911","0.0010"
"33.5490","1.1558","0.0005"
"33.5690","1.1858","0.0003"
"33.5890","1.1736","0.0004"
"33.6090","1.1208","0.0006"
"33.6290","1.0430","0.0012"
"33.6490","0.9623","0.0012"
"33.6690","0.8847","0.0011"
"33.6890","0.8066","0.0011"
"33.7090","0.7260","0.0010"
"33.7290","0.6438","0.0010"
"33.7490","0.5616","0.0010"
"33.7690","0.4805","0.0009"
"33.7890","0.4003","0.0008"
"33.8090","0.3205","0.0006"
"33.8290","0.2406","0.0004"
"33.8490","0.1606","0.0001"
"33.8650","0.0965","-0.0003"
"33.8660","0.0925","-0.0003"
"33.8670","0.0885","-0.0003"
"33.8870","0.0094","-0.0004"
"33.9070","-0.0549","-0.0003"
"33.9270","-0.0841","-0.0004"
"33.9470","-0.0704","-0.0001"
"33.9670","-0.0160","0.0002"
"33.9870","0.0627","0.0002"
"34.0070","0.1435","0.0005"
"34.0270","0.2210","0.0008"
"34.0470","0.2989","0.0011"
"34.0670","0.3795","0.0011"
"34.0870","0.4617","0.0011"
"34.1070","0.5438","0.0012"
"34.1270","0.6249","0.0012"
"34.1470","0.7051","0.0012"
"34.1670","0.7849","0.0013"
"34.1870","0.8648","0.0012"
"34.2070","0.9448","0.0011"
"34.2210","1.0008","0.0012"
"34.2220","1.0049","0.0012"
"34.2230","1.0089","0.0012"
"34.2430","1.0880","0.0009"
"34.2630","1.1526","0.0004"
"34.2830","1.1826","0.0003"
"34.3030","1.1702","0.0003"
"34.3230","1.1172","0.0006"
"34.3430","1.0392","0.0013"
"34.3630","0.9584","0.0013"
"34.3830","0.8808","0.0011"
"34.4030","0.8028","0.0011"
"34.4230","0.7223","0.0011"
"34.4430","0.6401","0.0011"
"34.4630","0.5580","0.0011"
"34.4830","0.4769","0.0009"
"34.5030","0.3967","0.0007"
"34.5230","0.3168","0.0006"
"34.5430","0.2370","0.0004"
"34.5630","0.1570","0.0001"
"34.5780","0.0969","-0.0004"
"34.5790","0.0929","-0.0004"
"34.5800","0.0889","-0.0004"
"34.6000","0.0098","-0.0006"
"34.6200","-0.0546","-0.0004"
"34.6400","-0.0838","-0.0004"
"34.6600","-0.0703","-0.0001"
"34.6800","-0.0159","0.0001"
"34.7000","0.0628","0.0000"
"34.7200","0.1435","0.0005"
"34.7400","0.2210","0.0009"
"34.7600","0.2990","0.0011"
"34.7800","0.3797","0.0011"
"34.8000","0.4619","0.0011"
"34.8200","0.5440","0.0012"
"34.8400","0.6250","0.0012"
"34.8600","0.7052","0.0012"
"34.8800","0.7850","0.0013"
"34.9000","0.8649","0.0012"
"34.9200","0.9449","0.0013"
"34.9340","1.0009","0.0013"
"34.9350","1.0049","0.0013"
"34.9360","1.0089","0.0013"
"34.9560","1.0881","0.0010"
"34.9760","1.1527","0.0005"
"34.9960","1.1827","0.0004"
"35.0160","1.1703","0.0004"
"35.0360","1.1173","0.0007"
"35.0560","1.0393","0.0012"
"35.0760","0.9586","0.0011"
"35.0960","0.8809","0.0010"
"35.1160","0.8029","0.0010"
"35.1360","0.7224","0.0009"
"35.1560","0.6402","0.0009"
"35.1760","0.5580","0.0008"
"35.1960","0.4769","0.0006"
"35.2160","0.3967","0.0006"
"35.2360","0.3169","0.0005"
"35.2560","0.2370","0.0002"
"35.2760","0.1570","0.0000"
"35.2910","0.0969","-0.0003"
"35.2920","0.0929","-0.0003"
"35.2930","0.0889","-0.0004"
"35.3130","0.0098","-0.0006"
"35.3330","-0.0546","-0.0005"
"35.3530","-0.0839","-0.0004"
"35.3730","-0.0704","-0.0001"
"35.3930","-0.0161","0.0000"
"35.4130","0.0626","0.0000"
"35.4330","0.1434","0.0005"
"35.4530","0.2209","0.0009"
"35.4730","0.2989","0.0010"
"35.4930","0.3795","0.0011"
"35.5130","0.4617","0.0012"
"35.5330","0.5438","0.0012"
"35.5530","0.6248","0.0012"
"35.5730","0.7050","0.0012"
"35.5930","0.7849","0.0013"
"35.6130","0.8647","0.0013"
"35.6330","0.9447","0.0013"
"35.6470","1.0008","0.0013"
"35.6480","1.0048","0.0013"
"35.6490","1.0088","0.0013"
"35.6690","1.0880","0.0010"
"35.6890","1.1526","0.0005"
"35.7090","1.1825","0.0004"
"35.7290","1.1701","0.0004"
"35.7490","1.1171","0.0006"
"35.7690","1.0391","0.0012"
"35.7890","0.9583","0.0013"
"35.8090","0.8807","0.0012"
"35.8290","0.8027","0.0012"
"35.8490","0.7222","0.0011"
"35.8690","0.6400","0.0011"
"35.8890","0.5579","0.0011"
"35.9090","0.4768","0.0010"
"35.9290","0.3966","0.0009"
"35.9490","0.3167","0.0008"
"35.9690","0.2369","0.0005"
"35.9890","0.1569","0.0002"
"36.0040","0.0968","-0.0002"
"36.0050","0.0928","-0.0002"
"36.0060","0.0888","-0.0003"
"36.0260","0.0097","-0.0005"
"36.0460","-0.0547","-0.0003"
"36.0660","-0.0839","-0.0003"
"36.0860","-0.0703","-0.0002"
"36.1060","-0.0159","0.0000"
"36.1260","0.0628","0.0000"
"36.1460","0.1435","0.0005"
"36.1660","0.2210","0.0009"
"36.1860","0.2990","0.0011"
"36.2060","0.3797","0.0013"
"36.2260","0.4619","0.0012"
"36.2460","0.5440","0.0012"
"36.2660","0.6251","0.0012"
"36.2860","0.7052","0.0013"
"36.3060","0.7851","0.0013"
"36.3260","0.8649","0.0012"
"36.3460","0.9449","0.0012"
"36.3600","1.0010","0.0012"
"36.3610","1.0050","0.0012"
"36.3620","1.0090","0.0012"
"36.3820","1.0881","0.0010"
"36.4020","1.1528","0.0005"
"36.4220","1.1828","0.0003"
"36.4420","1.1705","0.0003"
"36.4620","1.1177","0.0006"
"36.4820","1.0397","0.0012"
"36.5020","0.9590","0.0012"
"36.5220","0.8814","0.0011"
"36.5420","0.8034","0.0011"
"36.5620","0.7228","0.0012"
"36.5820","0.6406","0.0013"
"36.6020","0.5584","0.0013"
"36.6220","0.4773","0.0012"
"36.6420","0.3971","0.0011"
"36.6620","0.3173","0.0009"
"36.6820","0.2374","0.0006"
"36.7020","0.1574","0.0002"
"36.7170","0.0973","-0.0002"
"36.7180","0.0933","-0.0002"
"36.7190","0.0893","-0.0002"
"36.7390","0.0102","-0.0004"
"36.7590","-0.0541","-0.0004"
"36.7790","-0.0834","-0.0004"
"36.7990","-0.0698","-0.0001"
"36.8190","-0.0153","0.0001"
"36.8390","0.0635","0.0002"
"36.8590","0.1443","0.0007"
"36.8790","0.2218","0.0011"
"36.8990","0.2998","0.0013"
"36.9190","0.3803","0.0013"
"36.9390","0.4625","0.0013"
"36.9590","0.5446","0.0013"
"36.9790","0.6257","0.0012"
"36.9990","0.7058","0.0011"
"37.0190","0.7857","0.0013"
"37.0390","0.8656","0.0013"
"37.0590","0.9455","0.0012"
"37.0730","1.0016","0.0012"
"37.0740","1.0056","0.0012"
"37.0750","1.0096","0.0012"
"37.0950","1.0887","0.0009"
"37.1150","1.1533","0.0005"
"37.1350","1.1833","0.0005"
"37.1550","1.1709","0.0005"
"37.1750","1.1180","0.0007"
"37.1950","1.0399","0.0012"
"37.2150","0.9592","0.0012"
"37.2350","0.8816","0.0012"
"37.2550","0.8036","0.0010"
"37.2750","0.7230","0.0011"
"37.2950","0.6408","0.0012"
"37.3150","0.5587","0.0013"
"37.3350","0.4776","0.0013"
"37.3550","0.3974","0.0012"
"37.3750","0.3175","0.0011"
"37.3950","0.2377","0.0008"
"37.4150","0.1576","0.0004"
"37.4300","0.0975","0.0000"
"37.4310","0.0935","-0.0001"
"37.4320","0.0895","-0.0001"
"37.4520","0.0104","-0.0004"
"37.4720","-0.0539","-0.0003"
"37.4920","-0.0832","-0.0004"
"37.5120","-0.0696","-0.0001"
"37.5320","-0.0152","0.0001"
"37.5520","0.0636","0.0002"
"37.5720","0.1444","0.0008"
"37.5920","0.2219","0.0012"
"37.6120","0.2999","0.0013"
"37.6320","0.3804","0.0013"
"37.6520","0.4626","0.0013"
"37.6720","0.5447","0.0013"
"37.6920","0.6258","0.0013"
"37.7120","0.7059","0.0013"
"37.7320","0.7858","0.0012"
"37.7520","0.8657","0.0013"
"37.7720","0.9456","0.0013"
"37.7860","1.0017","0.0013"
"37.7870","1.0057","0.0013"
"37.7880","1.0097","0.0013"
"37.8080","1.0889","0.0011"
"37.8280","1.1535","0.0006"
"37.8480","1.1836","0.0004"
"37.8680","1.1713","0.0004"
"37.8880","1.1185","0.0007"
"37.9080","1.0406","0.0012"
"37.9280","0.9599","0.0013"
"37.9480","0.8823","0.0013"
"37.9680","0.8042","0.0012"
"37.9880","0.7237","0.0012"
"38.0080","0.6414","0.0012"
"38.0280","0.5593","0.0012"
"38.0480","0.4782","0.0012"
"38.0680","0.3980","0.0011"
"38.0880","0.3181","0.0009"
"38.1080","0.2383","0.0006"
"38.1280","0.1583","0.0002"
"38.1430","0.0982","-0.0002"
"38.1440","0.0942","-0.0003"
"38.1450","0.0902","-0.0003"
"38.1650","0.0111","-0.0004"
"38.1850","-0.0533","-0.0003"
"38.2050","-0.0825","-0.0004"
"38.2250","-0.0689","-0.0002"
"38.2450","-0.0144","0.0000"
"38.2650","0.0643","0.0001"
"38.2850","0.1451","0.0006"
"38.3050","0.2226","0.0010"
"38.3250","0.3006","0.0012"
"38.3450","0.3812","0.0012"
"38.3650","0.4634","0.0012"
"38.3850","0.5455","0.0013"
"38.4050","0.6265","0.0013"
"38.4250","0.7067","0.0012"
"38.4450","0.7865","0.0012"
"38.4650","0.8664","0.0011"
"38.4850","0.9464","0.0013"
"38.4990","1.0024","0.0012"
"38.5000","1.0064","0.0012"
"38.5010","1.0104","0.0012"
"38.5210","1.0896","0.0009"
"38.5410","1.1542","0.0004"
"38.5610","1.1842","0.0003"
"38.5810","1.1719","0.0004"
"38.6010","1.1191","0.0007"
"38.6210","1.0411","0.0013"
"38.6410","0.9604","0.0013"
"38.6610","0.8827","0.0013"
"38.6810","0.8047","0.0012"
"38.7010","0.7242","0.0012"
"38.7210","0.6420","0.0012"
"38.7410","0.5598","0.0012"
"38.7610","0.4787","0.0012"
"38.7810","0.3985","0.0012"
"38.8010","0.3187","0.0010"
"38.8210","0.2388","0.0007"
"38.8410","0.1588","0.0004"
"38.8560","0.0987","-0.0001"
"38.8570","0.0947","-0.0001"
"38.8580","0.0907","-0.0002"
"38.8780","0.0116","-0.0005"
"38.8980","-0.0528","-0.0004"
"38.9180","-0.0821","-0.0004"
"38.9380","-0.0686","-0.0001"
"38.9580","-0.0142","0.0002"
"38.9780","0.0645","0.0002"
"38.9980","0.1453","0.0007"
"39.0180","0.2228","0.0011"
"39.0380","0.3008","0.0012"
"39.0580","0.3814","0.0013"
"39.0780","0.4636","0.0012"
"39.0980","0.5457","0.0012"
"39.1180","0.6267","0.0012"
"39.1380","0.7069","0.0012"
"39.1580","0.7868","0.0012"
"39.1780","0.8667","0.0013"
"39.1980","0.9466","0.0013"
"39.2120","1.0027","0.0013"
"39.2130","1.0067","0.0012"
"39.2140","1.0107","0.0012"
"39.2340","1.0898","0.0009"
"39.2540","1.1544","0.0004"
"39.2740","1.1844","0.0004"
"39.2940","1.1720","0.0004"
"39.3140","1.1190","0.0008"
"39.3340","1.0410","0.0013"
"39.3540","0.9603","0.0013"
"39.3740","0.8826","0.0011"
"39.3940","0.8046","0.0011"
"39.4140","0.7241","0.0012"
"39.4340","0.6419","0.0012"
"39.4540","0.5598","0.0012"
"39.4740","0.4787","0.0012"
"39.4940","0.3985","0.0012"
"39.5140","0.3186","0.0010"
"39.5340","0.2388","0.0007"
"39.5540","0.1588","0.0003"
"39.5690","0.0987","-0.0001"
"39.5700","0.0947","-0.0002"
"39.5710","0.0906","-0.0002"
"39.5910","0.0115","-0.0004"
"39.6110","-0.0528","-0.0004"
"39.6310","-0.0821","-0.0005"
"39.6510","-0.0685","-0.0002"
"39.6710","-0.0141","0.0001"
"39.6910","0.0647","0.0002"
"39.7110","0.1454","0.0008"
"39.7310","0.2229","0.0012"
"39.7510","0.3009","0.0013"
"39.7710","0.3815","0.0013"
"39.7910","0.4637","0.0013"
"39.8110","0.5458","0.0013"
"39.8310","0.6269","0.0012"
"39.8510","0.7071","0.0012"
"39.8710","0.7869","0.0012"
"39.8910","0.8668","0.0013"
"39.9110","0.9468","0.0013"
"39.9250","1.0029","0.0013"
"39.9260","1.0069","0.0013"
"39.9270","1.0109","0.0013"
"39.9470","1.0900","0.0010"
"39.9670","1.1547","0.0004"
"39.9870","1.1847","0.0004"
"40.0070","1.1724","0.0003"
"40.0270","1.1196","0.0007"
"40.0470","1.0416","0.0013"
"40.0670","0.9609","0.0012"
"40.0870","0.8833","0.0012"
"40.1070","0.8053","0.0012"
"40.1270","0.7248","0.0012"
"40.1470","0.6426","0.0012"
"40.1670","0.5604","0.0014"
"40.1870","0.4793","0.0014"
"40.2070","0.3991","0.0012"
"40.2270","0.3192","0.0010"
"40.2470","0.2394","0.0007"
"40.2670","0.1594","0.0004"
"40.2820","0.0993","0.0000"
"40.2830","0.0953","-0.0001"
"40.2840","0.0913","-0.0001"
"40.3040","0.0121","-0.0004"
"40.3240","-0.0522","-0.0003"
"40.3440","-0.0814","-0.0004"
"40.3640","-0.0678","-0.0002"
"40.3840","-0.0134","-0.0001"
"40.4040","0.0654","0.0000"
"40.4240","0.1462","0.0007"
"40.4440","0.2237","0.0011"
"40.4640","0.3016","0.0013"
"40.4840","0.3822","0.0012"
"40.5040","0.4644","0.0012"
"40.5240","0.5465","0.0011"
"40.5440","0.6276","0.0013"
"40.5640","0.7078","0.0013"
"40.5840","0.7876","0.0014"
"40.6040","0.8675","0.0014"
"40.6240","0.9475","0.0013"
"40.6380","1.0035","0.0012"
"40.6390","1.0076","0.0012"
"40.6400","1.0116","0.0012"
"40.6600","1.0907","0.0009"
"40.6800","1.1553","0.0004"
"40.7000","1.1854","0.0003"
"40.7200","1.1731","0.0003"
"40.7400","1.1203","0.0006"
"40.7600","1.0424","0.0013"
"40.7800","0.9617","0.0013"
"40.8000","0.8841","0.0012"
"40.8200","0.8061","0.0012"
"40.8400","0.7255","0.0012"
"40.8600","0.6433","0.0012"
"40.8800","0.5611","0.0013"
"40.9000","0.4800","0.0013"
"40.9200","0.3998","0.0012"
"40.9400","0.3199","0.0011"
"40.9600","0.2401","0.0007"
"40.9800","0.1601","0.0003"
"40.9950","0.1000","0.0000"
"40.9960","0.0960","-0.0001"
"40.9970","0.0920","-0.0001"
"41.0170","0.0128","-0.0003"
"41.0370","-0.0515","-0.0004"
"41.0570","-0.0807","-0.0003"
"41.0770","-0.0671","-0.0001"
"41.0970","-0.0127","0.0002"
"41.1170","0.0660","0.0003"
"41.1370","0.1468","0.0008"
"41.1570","0.2243","0.0012"
"41.1770","0.3022","0.0014"
"41.1970","0.3828","0.0014"
"41.2170","0.4651","0.0013"
"41.2370","0.5472","0.0012"
"41.2570","0.6283","0.0012"
"41.2770","0.7084","0.0012"
"41.2970","0.7882","0.0013"
"41.3170","0.8681","0.0012"
"41.3370","0.9481","0.0013"
"41.3500","1.0001","0.0013"
"41.3510","1.0041","0.0013"
"41.3520","1.0081","0.0013"
"41.3720","1.0873","0.0010"
"41.3920","1.1519","0.0005"
"41.4120","1.1819","0.0004"
"41.4320","1.1695","0.0003"
"41.4520","1.1165","0.0006"
"41.4720","1.0384","0.0012"
"41.4920","0.9576","0.0012"
"41.5120","0.8800","0.0011"
"41.5320","0.8020","0.0011"
"41.5520","0.7215","0.0011"
"41.5720","0.6393","0.0011"
"41.5920","0.5572","0.0012"
"41.6120","0.4761","0.0012"
"41.6320","0.3959","0.0012"
"41.6520","0.3161","0.0011"
"41.6720","0.2362","0.0007"
"41.6920","0.1562","0.0003"
"41.7070","0.0961","-0.0001"
"41.7080","0.0921","-0.0001"
"41.7090","0.0881","-0.0002"
"41.7290","0.0090","-0.0003"
"41.7490","-0.0554","-0.0003"
"41.7690","-0.0846","-0.0003"
"41.7890","-0.0711","-0.0001"
"41.8090","-0.0167","0.0001"
"41.8290","0.0620","0.0001"
"41.8490","0.1427","0.0007"
"41.8690","0.2202","0.0011"
"41.8890","0.2982","0.0013"
"41.9090","0.3788","0.0013"
"41.9290","0.4610","0.0013"
"41.9490","0.5432","0.0013"
"41.9690","0.6242","0.0013"
"41.9890","0.7044","0.0012"
"42.0090","0.7842","0.0013"
"42.0290","0.8641","0.0013"
"42.0490","0.9441","0.0013"
"42.0630","1.0001","0.0012"
"42.0640","1.0041","0.0012"
"42.0650","1.0082","0.0012"
"42.0850","1.0873","0.0009"
"42.1050","1.1519","0.0005"
"42.1250","1.1819","0.0003"
"42.1450","1.1694","0.0003"
"42.1650","1.1164","0.0006"
"42.1850","1.0383","0.0012"
"42.2050","0.9576","0.0013"
"42.2250","0.8800","0.0013"
"42.2450","0.8020","0.0012"
"42.2650","0.7216","0.0012"
"42.2850","0.6394","0.0012"
"42.3050","0.5572","0.0013"
"42.3250","0.4760","0.0013"
"42.3450","0.3958","0.0013"
"42.3650","0.3160","0.0012"
"42.3850","0.2362","0.0009"
"42.4050","0.1562","0.0004"
"42.4200","0.0961","0.0000"
"42.4210","0.0920","0.0000"
"42.4220","0.0880","0.0000"
"42.4420","0.0089","-0.0004"
"42.4620","-0.0555","-0.0004"
"42.4820","-0.0847","-0.0004"
"42.5020","-0.0712","-0.0001"
"42.5220","-0.0169","0.0001"
"42.5420","0.0617","0.0002"
"42.5620","0.1424","0.0007"
"42.5820","0.2199","0.0011"
"42.6020","0.2979","0.0014"
"42.6220","0.3785","0.0013"
"42.6420","0.4608","0.0012"
"42.6620","0.5430","0.0012"
"42.6820","0.6240","0.0011"
"42.7020","0.7042","0.0011"
"42.7220","0.7840","0.0012"
"42.7420","0.8639","0.0012"
"42.7620","0.9439","0.0013"
"42.7770","1.0039","0.0014"
"42.7780","1.0080","0.0014"
"42.7790","1.0120","0.0014"
"42.7990","1.0911","0.0011"
"42.8190","1.1557","0.0006"
"42.8390","1.1857","0.0003"
"42.8590","1.1734","0.0004"
"42.8790","1.1206","0.0007"
"42.8990","1.0427","0.0013"
"42.9190","0.9620","0.0014"
"42.9390","0.8844","0.0012"
"42.9590","0.8063","0.0012"
"42.9790","0.7258","0.0012"
"42.9990","0.6436","0.0013"
"43.0190","0.5614","0.0013"
"43.0390","0.4803","0.0012"
"43.0590","0.4001","0.0012"
"43.0790","0.3202","0.0011"
"43.0990","0.2404","0.0008"
"43.1190","0.1604","0.0005"
"43.1350","0.0962","0.0000"
"43.1360","0.0922","0.0000"
"43.1370","0.0882","-0.0001"
"43.1570","0.0091","-0.0004"
"43.1770","-0.0552","-0.0003"
"43.1970","-0.0845","-0.0003"
"43.2170","-0.0709","-0.0001"
"43.2370","-0.0166","0.0000"
"43.2570","0.0621","0.0002"
"43.2770","0.1428","0.0009"
"43.2970","0.2203","0.0012"
"43.3170","0.2983","0.0013"
"43.3370","0.3789","0.0013"
"43.3570","0.4612","0.0012"
"43.3770","0.5433","0.0011"
"43.3970","0.6244","0.0012"
"43.4170","0.7045","0.0012"
"43.4370","0.7843","0.0013"
"43.4570","0.8642","0.0013"
"43.4770","0.9442","0.0013"
"43.4910","1.0003","0.0013"
"43.4920","1.0043","0.0013"
"43.4930","1.0083","0.0013"
"43.5130","1.0874","0.0010"
"43.5330","1.1521","0.0005"
"43.5530","1.1821","0.0004"
"43.5730","1.1697","0.0004"
"43.5930","1.1168","0.0007"
"43.6130","1.0387","0.0013"
"43.6330","0.9580","0.0013"
"43.6530","0.8803","0.0012"
"43.6730","0.8023","0.0012"
"43.6930","0.7218","0.0011"
"43.7130","0.6397","0.0011"
"43.7330","0.5575","0.0012"
"43.7530","0.4764","0.0012"
"43.7730","0.3962","0.0012"
"43.7930","0.3164","0.0012"
"43.8130","0.2365","0.0008"
"43.8330","0.1565","0.0004"
"43.8480","0.0964","-0.0001"
"43.8490","0.0924","-0.0001"
"43.8500","0.0884","-0.0001"
"43.8700","0.0093","-0.0004"
"43.8900","-0.0551","-0.0003"
"43.9100","-0.0842","-0.0003"
"43.9300","-0.0707","0.0000"
"43.9500","-0.0163","0.0001"
"43.9700","0.0624","0.0002"
"43.9900","0.1431","0.0007"
"44.0100","0.2206","0.0011"
"44.0300","0.2986","0.0013"
"44.0500","0.3793","0.0014"
"44.0700","0.4615","0.0014"
"44.0900","0.5436","0.0013"
"44.1100","0.6247","0.0012"
"44.1300","0.7048","0.0013"
"44.1500","0.7847","0.0013"
"44.1700","0.8645","0.0012"
"44.1900","0.9445","0.0012"
"44.2040","1.0006","0.0012"
"44.2050","1.0046","0.0012"
"44.2060","1.0086","0.0012"
"44.2260","1.0877","0.0010"
"44.2460","1.1524","0.0005"
"44.2660","1.1825","0.0005"
"44.2860","1.1702","0.0005"
"44.3060","1.1173","0.0007"
"44.3260","1.0393","0.0012"
"44.3460","0.9587","0.0013"
"44.3660","0.8811","0.0012"
"44.3860","0.8030","0.0011"
"44.4060","0.7225","0.0012"
"44.4260","0.6403","0.0012"
"44.4460","0.5581","0.0013"
"44.4660","0.4770","0.0012"
"44.4860","0.3968","0.0012"
"44.5060","0.3169","0.0011"
"44.5260","0.2371","0.0009"
"44.5460","0.1571","0.0005"
"44.5610","0.0970","0.0000"
"44.5620","0.0930","0.0000"
"44.5630","0.0890","-0.0001"
"44.5830","0.0098","-0.0004"
"44.6030","-0.0545","-0.0003"
"44.6230","-0.0838","-0.0004"
"44.6430","-0.0702","-0.0002"
"44.6630","-0.0159","0.0001"
"44.6830","0.0628","0.0002"
"44.7030","0.1436","0.0008"
"44.7230","0.2211","0.0012"
"44.7430","0.2990","0.0014"
"44.7630","0.3797","0.0014"
"44.7830","0.4619","0.0013"
"44.8030","0.5440","0.0013"
"44.8230","0.6251","0.0014"
"44.8430","0.7052","0.0013"
"44.8630","0.7851","0.0013"
"44.8830","0.8649","0.0013"
"44.9030","0.9449","0.0013"
"44.9170","1.0010","0.0012"
"44.9180","1.0050","0.0012"
"44.9190","1.0090","0.0012"
"44.9390","1.0881","0.0009"
"44.9590","1.1527","0.0004"
"44.9790","1.1827","0.0004"
"44.9990","1.1703","0.0004"
"45.0190","1.1174","0.0007"
"45.0390","1.0393","0.0012"
"45.0590","0.9586","0.0013"
"45.0790","0.8810","0.0011"
"45.0990","0.8029","0.0011"
"45.1190","0.7224","0.0011"
"45.1390","0.6402","0.0012"
"45.1590","0.5581","0.0013"
"45.1790","0.4770","0.0012"
"45.1990","0.3968","0.0013"
"45.2190","0.3170","0.0012"
"45.2390","0.2371","0.0010"
"45.2590","0.1571","0.0006"
"45.2740","0.0970","0.0001"
"45.2750","0.0930","0.0001"
"45.2760","0.0890","0.0000"
"45.2960","0.0098","-0.0002"
"45.3160","-0.0545","-0.0002"
"45.3360","-0.0838","-0.0003"
"45.3560","-0.0703","-0.0001"
"45.3760","-0.0159","0.0002"
"45.3960","0.0628","0.0002"
"45.4160","0.1436","0.0008"
"45.4360","0.2211","0.0012"
"45.4560","0.2990","0.0014"
"45.4760","0.3797","0.0013"
"45.4960","0.4619","0.0012"
"45.5160","0.5440","0.0012"
"45.5360","0.6250","0.0012"
"45.5560","0.7052","0.0012"
"45.5760","0.7850","0.0013"
"45.5960","0.8649","0.0013"
"45.6160","0.9449","0.0012"
"45.6300","1.0010","0.0012"
"45.6310","1.0050","0.0012"
"45.6320","1.0090","0.0012"
"45.6520","1.0881","0.0009"
"45.6720","1.1528","0.0004"
"45.6920","1.1828","0.0003"
"45.7120","1.1705","0.0004"
"45.7320","1.1176","0.0007"
"45.7520","1.0396","0.0013"
"45.7720","0.9589","0.0013"
"45.7920","0.8813","0.0012"
"45.8120","0.8033","0.0012"
"45.8320","0.7228","0.0012"
"45.8520","0.6406","0.0012"
"45.8720","0.5584","0.0013"
"45.8920","0.4773","0.0013"
"45.9120","0.3971","0.0013"
"45.9320","0.3172","0.0012"
"45.9520","0.2374","0.0009"
"45.9720","0.1574","0.0005"
"45.9870","0.0973","0.0000"
"45.9880","0.0933","-0.0001"
"45.9890","0.0893","-0.0001"
"46.0090","0.0101","-0.0004"
"46.0290","-0.0542","-0.0003"
"46.0490","-0.0833","-0.0003"
"46.0690","-0.0697","0.0000"
"46.0890","-0.0152","0.0002"
"46.1090","0.0635","0.0003"
"46.1290","0.1444","0.0008"
"46.1490","0.2219","0.0012"
"46.1690","0.2998","0.0014"
"46.1890","0.3804","0.0014"
"46.2090","0.4626","0.0013"
"46.2290","0.5447","0.0013"
"46.2490","0.6258","0.0014"
"46.2690","0.7059","0.0012"
"46.2890","0.7858","0.0012"
"46.3090","0.8657","0.0013"
"46.3290","0.9456","0.0013"
"46.3430","1.0017","0.0012"
"46.3440","1.0057","0.0012"
"46.3450","1.0097","0.0012"
"46.3650","1.0888","0.0010"
"46.3850","1.1535","0.0005"
"46.4050","1.1835","0.0004"
"46.4250","1.1712","0.0004"
"46.4450","1.1183","0.0007"
"46.4650","1.0403","0.0013"
"46.4850","0.9597","0.0014"
"46.5050","0.8820","0.0013"
"46.5250","0.8040","0.0011"
"46.5450","0.7235","0.0011"
"46.5650","0.6413","0.0012"
"46.5850","0.5591","0.0013"
"46.6050","0.4780","0.0013"
"46.6250","0.3978","0.0013"
"46.6450","0.3179","0.0012"
"46.6650","0.2381","0.0010"
"46.6850","0.1581","0.0005"
"46.7000","0.0980","0.0000"
"46.7010","0.0940","-0.0001"
"46.7020","0.0900","-0.0001"
"46.7220","0.0108","-0.0004"
"46.7420","-0.0535","-0.0003"
"46.7620","-0.0828","-0.0002"
"46.7820","-0.0692","0.0000"
"46.8020","-0.0148","0.0002"
"46.8220","0.0639","0.0004"
"46.8420","0.1447","0.0009"
"46.8620","0.2222","0.0013"
"46.8820","0.3001","0.0014"
"46.9020","0.3807","0.0014"
"46.9220","0.4630","0.0013"
"46.9420","0.5451","0.0012"
"46.9620","0.6262","0.0013"
"46.9820","0.7063","0.0013"
"47.0020","0.7861","0.0013"
"47.0220","0.8660","0.0012"
"47.0420","0.9460","0.0013"
"47.0560","1.0021","0.0013"
"47.0570","1.0061","0.0013"
"47.0580","1.0101","0.0013"
"47.0780","1.0892","0.0009"
"47.0980","1.1538","0.0004"
"47.1180","1.1838","0.0004"
"47.1380","1.1714","0.0004"
"47.1580","1.1185","0.0007"
"47.1780","1.0405","0.0012"
"47.1980","0.9598","0.0013"
"47.2180","0.8821","0.0012"
"47.2380","0.8041","0.0012"
"47.2580","0.7236","0.0012"
"47.2780","0.6414","0.0012"
"47.2980","0.5592","0.0012"
"47.3180","0.4781","0.0012"
"47.3380","0.3979","0.0011"
"47.3580","0.3180","0.0011"
"47.3780","0.2382","0.0008"
"47.3980","0.1582","0.0004"
"47.4130","0.0981","0.0000"
"47.4140","0.0941","0.0000"
"47.4150","0.0901","-0.0001"
"47.4350","0.0110","-0.0004"
"47.4550","-0.0534","-0.0003"
"47.4750","-0.0827","-0.0003"
"47.4950","-0.0691","-0.0001"
"47.5150","-0.0148","0.0002"
"47.5350","0.0639","0.0002"
"47.5550","0.1446","0.0008"
"47.5750","0.2221","0.0013"
"47.5950","0.3001","0.0014"
"47.6150","0.3808","0.0013"
"47.6350","0.4630","0.0012"
"47.6550","0.5451","0.0011"
"47.6750","0.6262","0.0012"
"47.6950","0.7063","0.0013"
"47.7150","0.7862","0.0013"
"47.7350","0.8660","0.0013"
"47.7550","0.9460","0.0013"
"47.7690","1.0021","0.0012"
"47.7700","1.0061","0.0012"
"47.7710","1.0101","0.0012"
"47.7910","1.0892","0.0010"
"47.8110","1.1539","0.0005"
"47.8310","1.1839","0.0004"
"47.8510","1.1716","0.0003"
"47.8710","1.1187","0.0006"
"47.8910","1.0408","0.0013"
"47.9110","0.9601","0.0013"
"47.9310","0.8825","0.0012"
"47.9510","0.8045","0.0011"
"47.9710","0.7240","0.0010"
"47.9910","0.6417","0.0010"
"48.0110","0.5595","0.0012"
"48.0310","0.4784","0.0012"
"48.0510","0.3982","0.0013"
"48.0710","0.3183","0.0011"
"48.0910","0.2385","0.0010"
"48.1110","0.1585","0.0005"
"48.1260","0.0984","0.0001"
"48.1270","0.0944","0.0000"
"48.1280","0.0904","0.0000"
"48.1480","0.0113","-0.0003"
"48.1680","-0.0531","-0.0003"
"48.1880","-0.0823","-0.0003"
"48.2080","-0.0686","0.0000"
"48.2280","-0.0142","0.0002"
"48.2480","0.0645","0.0002"
"48.2680","0.1452","0.0008"
"48.2880","0.2227","0.0012"
"48.3080","0.3007","0.0014"
"48.3280","0.3813","0.0014"
"48.3480","0.4635","0.0012"
"48.3680","0.5457","0.0012"
"48.3880","0.6267","0.0012"
"48.4080","0.7069","0.0012"
"48.4280","0.7867","0.0012"
"48.4480","0.8666","0.0012"
"48.4680","0.9466","0.0012"
"48.4820","1.0026","0.0012"
"48.4830","1.0066","0.0012"
"48.4840","1.0107","0.0012"
"48.5040","1.0898","0.0009"
"48.5240","1.1544","0.0005"
"48.5440","1.1845","0.0004"
"48.5640","1.1722","0.0003"
"48.5840","1.1194","0.0007"
"48.6040","1.0415","0.0013"
"48.6240","0.9608","0.0012"
"48.6440","0.8832","0.0011"
"48.6640","0.8052","0.0011"
"48.6840","0.7247","0.0013"
"48.7040","0.6424","0.0012"
"48.7240","0.5602","0.0012"
"48.7440","0.4790","0.0012"
"48.7640","0.3989","0.0012"
"48.7840","0.3190","0.0011"
"48.8040","0.2392","0.0009"
"48.8240","0.1592","0.0004"
"48.8390","0.0991","-0.0001"
"48.8400","0.0951","-0.0001"
"48.8410","0.0911","-0.0001"
"48.8610","0.0119","-0.0004"
"48.8810","-0.0525","-0.0004"
"48.9010","-0.0817","-0.0004"
"48.9210","-0.0682","-0.0001"
"48.9410","-0.0138","0.0001"
"48.9610","0.0649","0.0002"
"48.9810","0.1457","0.0008"
"49.0010","0.2232","0.0012"
"49.0210","0.3011","0.0013"
"49.0410","0.3818","0.0014"
"49.0610","0.4640","0.0013"
"49.0810","0.5461","0.0012"
"49.1010","0.6272","0.0012"
"49.1210","0.7073","0.0012"
"49.1410","0.7871","0.0013"
"49.1610","0.8670","0.0013"
"49.1810","0.9470","0.0013"
"49.1950","1.0031","0.0012"
"49.1960","1.0071","0.0012"
"49.1970","1.0111","0.0012"
"49.2170","1.0902","0.0010"
"49.2370","1.1548","0.0005"
"49.2570","1.1848","0.0004"
"49.2770","1.1725","0.0003"
"49.2970","1.1196","0.0007"
"49.3170","1.0417","0.0013"
"49.3370","0.9610","0.0012"
"49.3570","0.8834","0.0012"
"49.3770","0.8054","0.0012"
"49.3970","0.7249","0.0012"
"49.4170","0.6426","0.0012"
"49.4370","0.5604","0.0013"
"49.4570","0.4793","0.0013"
"49.4770","0.3991","0.0013"
"49.4970","0.3192","0.0012"
"49.5170","0.2394","0.0010"
"49.5370","0.1594","0.0006"
"49.5520","0.0993","0.0000"
"49.5530","0.0953","0.0000"
"49.5540","0.0913","0.0000"
"49.5740","0.0122","-0.0004"
"49.5940","-0.0522","-0.0004"
"49.6140","-0.0815","-0.0004"
"49.6340","-0.0679","-0.0001"
"49.6540","-0.0135","0.0003"
"49.6740","0.0652","0.0004"
"49.6940","0.1459","0.0009"
"49.7140","0.2235","0.0012"
"49.7340","0.3014","0.0013"
"49.7540","0.3820","0.0013"
"49.7740","0.4643","0.0012"
"49.7940","0.5464","0.0013"
"49.8140","0.6274","0.0013"
"49.8340","0.7076","0.0012"
"49.8540","0.7874","0.0012"
"49.8740","0.8673","0.0012"
"49.8940","0.9473","0.0012"
"49.9080","1.0033","0.0011"
"49.9090","1.0073","0.0011"
"49.9100","1.0113","0.0011"
"49.9300","1.0905","0.0008"
"49.9500","1.1551","0.0004"
"49.9700","1.1851","0.0004"
"49.9900","1.1728","0.0004"
"50.0100","1.1200","0.0006"
"50.0300","1.0421","0.0012"
"50.0500","0.9614","0.0013"
"50.0700","0.8838","0.0012"
"50.0900","0.8058","0.0011"
"50.1100","0.7253","0.0011"
"50.1300","0.6431","0.0012"
"50.1500","0.5608","0.0013"
"50.1700","0.4797","0.0012"
"50.1900","0.3995","0.0012"
"50.2100","0.3196","0.0011"
"50.2300","0.2398","0.0009"
"50.2500","0.1598","0.0004"
"50.2650","0.0997","0.0000"
"50.2660","0.0957","-0.0001"
"50.2670","0.0917","-0.0001"
"50.2870","0.0126","-0.0004"
"50.3070","-0.0518","-0.0004"
"50.3270","-0.0810","-0.0004"
"50.3470","-0.0674","-0.0001"
"50.3670","-0.0130","0.0001"
"50.3870","0.0657","0.0001"
"50.4070","0.1464","0.0008"
"50.4270","0.2240","0.0013"
"50.4470","0.3019","0.0014"
"50.4670","0.3825","0.0013"
"50.4870","0.4647","0.0011"
"50.5070","0.5469","0.0012"
"50.5270","0.6279","0.0012"
"50.5470","0.7081","0.0013"
"50.5670","0.7879","0.0014"
"50.5870","0.8678","0.0013"
"50.6070","0.9478","0.0013"
"50.6210","1.0038","0.0013"
"50.6220","1.0078","0.0013"
"50.6230","1.0118","0.0013"
"50.6430","1.0910","0.0011"
"50.6630","1.1556","0.0006"
"50.6830","1.1857","0.0005"
"50.7030","1.1734","0.0005"
"50.7230","1.1207","0.0007"
"50.7430","1.0428","0.0013"
"50.7630","0.9622","0.0013"
"50.7830","0.8846","0.0012"
"50.8030","0.8065","0.0011"
"50.8230","0.7260","0.0011"
"50.8430","0.6437","0.0012"
"50.8630","0.5615","0.0012"
"50.8830","0.4803","0.0012"
"50.9030","0.4001","0.0012"
"50.9230","0.3203","0.0011"
"50.9430","0.2405","0.0009"
"50.9630","0.1605","0.0006"
"50.9790","0.0964","0.0000"
"50.9800","0.0924","-0.0001"
"50.9810","0.0884","-0.0001"
"51.0010","0.0092","-0.0005"
"51.0210","-0.0551","-0.0004"
"51.0410","-0.0844","-0.0004"
"51.0610","-0.0708","-0.0001"
"51.0810","-0.0165","0.0001"
"51.1010","0.0621","0.0002"
"51.1210","0.1428","0.0008"
"51.1410","0.2203","0.0012"
"51.1610","0.2983","0.0014"
"51.1810","0.3790","0.0013"
"51.2010","0.4612","0.0011"
"51.2210","0.5433","0.0012"
"51.2410","0.6244","0.0012"
"51.2610","0.7046","0.0013"
"51.2810","0.7844","0.0013"
"51.3010","0.8643","0.0012"
"51.3210","0.9443","0.0013"
"51.3350","1.0003","0.0012"
"51.3360","1.0043","0.0012"
"51.3370","1.0083","0.0012"
"51.3570","1.0875","0.0009"
"51.3770","1.1521","0.0004"
"51.3970","1.1821","0.0004"
"51.4170","1.1697","0.0004"
"51.4370","1.1167","0.0006"
"51.4570","1.0386","0.0012"
"51.4770","0.9579","0.0013"
"51.4970","0.8803","0.0012"
"51.5170","0.8024","0.0011"
"51.5370","0.7219","0.0011"
"51.5570","0.6396","0.0012"
"51.5770","0.5574","0.0012"
"51.5970","0.4762","0.0013"
"51.6170","0.3960","0.0012"
"51.6370","0.3162","0.0012"
"51.6570","0.2364","0.0009"
"51.6770","0.1564","0.0005"
"51.6920","0.0963","-0.0001"
"51.6930","0.0923","-0.0001"
"51.6940","0.0883","-0.0001"
"51.7140","0.0092","-0.0004"
"51.7340","-0.0552","-0.0003"
"51.7540","-0.0844","-0.0004"
"51.7740","-0.0708","-0.0002"
"51.7940","-0.0164","0.0001"
"51.8140","0.0622","0.0002"
"51.8340","0.1430","0.0007"
"51.8540","0.2204","0.0011"
"51.8740","0.2984","0.0013"
"51.8940","0.3790","0.0012"
"51.9140","0.4613","0.0012"
"51.9340","0.5434","0.0013"
"51.9540","0.6245","0.0013"
"51.9740","0.7047","0.0013"
"51.9940","0.7845","0.0012"
"52.0140","0.8644","0.0011"
"52.0340","0.9444","0.0012"
"52.0480","1.0004","0.0012"
"52.0490","1.0044","0.0012"
"52.0500","1.0084","0.0012"
"52.0700","1.0876","0.0010"
"52.0900","1.1522","0.0005"
"52.1100","1.1822","0.0005"
"52.1300","1.1697","0.0004"
"52.1500","1.1167","0.0006"
"52.1700","1.0386","0.0012"
"52.1900","0.9578","0.0012"
"52.2100","0.8802","0.0012"
"52.2300","0.8022","0.0011"
"52.2500","0.7218","0.0012"
"52.2700","0.6396","0.0012"
"52.2900","0.5574","0.0013"
"52.3100","0.4762","0.0012"
"52.3300","0.3960","0.0012"
"52.3500","0.3162","0.0011"
"52.3700","0.2364","0.0008"
"52.3900","0.1564","0.0004"
"52.4050","0.0963","0.0000"
"52.4060","0.0923","0.0000"
"52.4070","0.0883","-0.0001"
"52.4270","0.0091","-0.0004"
"52.4470","-0.0553","-0.0003"
"52.4670","-0.0845","-0.0004"
"52.4870","-0.0710","-0.0001"
"52.5070","-0.0166","0.0002"
"52.5270","0.0620","0.0003"
"52.5470","0.1428","0.0008"
"52.5670","0.2202","0.0012"
"52.5870","0.2982","0.0013"
"52.6070","0.3789","0.0013"
"52.6270","0.4611","0.0013"
"52.6470","0.5432","0.0013"
"52.6670","0.6243","0.0013"
"52.6870","0.7045","0.0012"
"52.7070","0.7843","0.0012"
"52.7270","0.8642","0.0012"
"52.7470","0.9442","0.0013"
"52.7610","1.0002","0.0013"
"52.7620","1.0042","0.0013"
"52.7630","1.0082","0.0013"
"52.7830","1.0874","0.0010"
"52.8030","1.1520","0.0004"
"52.8230","1.1818","0.0003"
"52.8430","1.1692","0.0004"
"52.8630","1.1161","0.0007"
"52.8830","1.0379","0.0013"
"52.9030","0.9572","0.0012"
"52.9230","0.8796","0.0011"
"52.9430","0.8017","0.0010"
"52.9630","0.7212","0.0011"
"52.9830","0.6390","0.0012"
"53.0030","0.5568","0.0013"
"53.0230","0.4757","0.0013"
"53.0430","0.3955","0.0012"
"53.0630","0.3156","0.0011"
"53.0830","0.2358","0.0009"
"53.1030","0.1558","0.0004"
"53.1170","0.0997","-0.0001"
"53.1180","0.0957","-0.0001"
"53.1190","0.0917","-0.0001"
"53.1390","0.0126","-0.0005"
"53.1590","-0.0518","-0.0004"
"53.1790","-0.0810","-0.0003"
"53.1990","-0.0674","0.0000"
"53.2190","-0.0131","0.0001"
"53.2390","0.0657","0.0001"
"53.2590","0.1464","0.0007"
"53.2790","0.2239","0.0012"
"53.2990","0.3019","0.0014"
"53.3190","0.3825","0.0013"
"53.3390","0.4647","0.0012"
"53.3590","0.5468","0.0012"
"53.3790","0.6279","0.0013"
"53.3990","0.7081","0.0012"
"53.4190","0.7879","0.0011"
"53.4390","0.8678","0.0012"
"53.4590","0.9478","0.0012"
"53.4730","1.0038","0.0012"
"53.4740","1.0078","0.0012"
"53.4750","1.0118","0.0012"
"53.4950","1.0910","0.0009"
"53.5150","1.1556","0.0005"
"53.5350","1.1856","0.0004"
"53.5550","1.1732","0.0005"
"53.5750","1.1204","0.0007"
"53.5950","1.0425","0.0013"
"53.6150","0.9618","0.0013"
"53.6350","0.8842","0.0012"
"53.6550","0.8062","0.0012"
"53.6750","0.7257","0.0012"
"53.6950","0.6434","0.0012"
"53.7150","0.5612","0.0012"
"53.7350","0.4801","0.0012"
"53.7550","0.3999","0.0012"
"53.7750","0.3200","0.0010"
"53.7950","0.2402","0.0008"
"53.8150","0.1602","0.0004"
"53.8310","0.0961","-0.0001"
"53.8320","0.0921","-0.0001"
"53.8330","0.0880","-0.0001"
"53.8530","0.0089","-0.0003"
"53.8730","-0.0554","-0.0003"
"53.8930","-0.0846","-0.0004"
"53.9130","-0.0710","-0.0002"
"53.9330","-0.0167","0.0000"
"53.9530","0.0620","0.0001"
"53.9730","0.1428","0.0007"
"53.9930","0.2203","0.0012"
"54.0130","0.2983","0.0014"
"54.0330","0.3789","0.0013"
"54.0530","0.4611","0.0013"
"54.0730","0.5432","0.0013"
"54.0930","0.6243","0.0013"
"54.1130","0.7044","0.0012"
"54.1330","0.7842","0.0012"
"54.1530","0.8641","0.0012"
"54.1730","0.9441","0.0013"
"54.1870","1.0002","0.0013"
"54.1880","1.0042","0.0013"
"54.1890","1.0082","0.0013"
"54.2090","1.0873","0.0010"
"54.2290","1.1520","0.0005"
"54.2490","1.1820","0.0004"
"54.2690","1.1695","0.0004"
"54.2890","1.1165","0.0007"
"54.3090","1.0383","0.0012"
"54.3290","0.9575","0.0013"
"54.3490","0.8799","0.0012"
"54.3690","0.8020","0.0012"
"54.3890","0.7215","0.0012"
"54.4090","0.6394","0.0011"
"54.4290","0.5572","0.0012"
"54.4490","0.4760","0.0012"
"54.4690","0.3959","0.0012"
"54.4890","0.3160","0.0011"
"54.5090","0.2362","0.0009"
"54.5290","0.1562","0.0004"
"54.5440","0.0961","-0.0001"
"54.5450","0.0921","-0.0001"
"54.5460","0.0881","-0.0002"
"54.5660","0.0089","-0.0004"
"54.5860","-0.0554","-0.0004"
"54.6060","-0.0847","-0.0004"
"54.6260","-0.0712","-0.0002"
"54.6460","-0.0169","0.0001"
"54.6660","0.0618","0.0002"
"54.6860","0.1426","0.0007"
"54.7060","0.2201","0.0011"
"54.7260","0.2980","0.0013"
"54.7460","0.3787","0.0013"
"54.7660","0.4609","0.0013"
"54.7860","0.5430","0.0013"
"54.8060","0.6241","0.0013"
"54.8260","0.7042","0.0013"
"54.8460","0.7840","0.0012"
"54.8660","0.8639","0.0012"
"54.8860","0.9439","0.0012"
"54.9010","1.0040","0.0012"
"54.9020","1.0080","0.0012"
"54.9030","1.0120","0.0012"
"54.9230","1.0911","0.0010"
"54.9430","1.1557","0.0005"
"54.9630","1.1856","0.0004"
"54.9830","1.1732","0.0003"
"55.0030","1.1203","0.0006"
"55.0230","1.0423","0.0012"
"55.0430","0.9616","0.0013"
"55.0630","0.8839","0.0011"
"55.0830","0.8059","0.0011"
"55.1030","0.7254","0.0012"
"55.1230","0.6432","0.0012"
"55.1430","0.5610","0.0012"
"55.1630","0.4799","0.0012"
"55.1830","0.3997","0.0011"
"55.2030","0.3198","0.0012"
"55.2230","0.2400","0.0009"
"55.2430","0.1600","0.0005"
"55.2580","0.0999","0.0000"
"55.2590","0.0959","0.0000"
"55.2600","0.0919","-0.0001"
"55.2800","0.0128","-0.0003"
"55.3000","-0.0516","-0.0004"
"55.3200","-0.0809","-0.0005"
"55.3400","-0.0673","-0.0003"
"55.3600","-0.0130","0.0001"
"55.3800","0.0657","0.0002"
"55.4000","0.1464","0.0007"
"55.4200","0.2239","0.0011"
"55.4400","0.3019","0.0014"
"55.4600","0.3825","0.0014"
"55.4800","0.4648","0.0012"
"55.5000","0.5469","0.0012"
"55.5200","0.6280","0.0011"
"55.5400","0.7081","0.0013"
"55.5600","0.7879","0.0014"
"55.5800","0.8678","0.0013"
"55.6000","0.9478","0.0013"
"55.6140","1.0039","0.0013"
"55.6150","1.0079","0.0013"
"55.6160","1.0119","0.0013"
"55.6360","1.0910","0.0010"
"55.6560","1.1557","0.0005"
"55.6760","1.1856","0.0003"
"55.6960","1.1733","0.0003"
"55.7160","1.1205","0.0007"
"55.7360","1.0426","0.0012"
"55.7560","0.9620","0.0012"
"55.7760","0.8844","0.0011"
"55.7960","0.8063","0.0011"
"55.8160","0.7257","0.0011"
"55.8360","0.6434","0.0012"
"55.8560","0.5612","0.0012"
"55.8760","0.4801","0.0011"
"55.8960","0.4000","0.0011"
"55.9160","0.3201","0.0011"
"55.9360","0.2403","0.0009"
"55.9560","0.1603","0.0006"
"55.9720","0.0962","0.0000"
"55.9730","0.0921","0.0000"
"55.9740","0.0881","0.0000"
"55.9940","0.0091","-0.0004"
"56.0140","-0.0553","-0.0004"
"56.0340","-0.0845","-0.0005"
"56.0540","-0.0710","-0.0003"
"56.0740","-0.0166","0.0000"
"56.0940","0.0620","0.0002"
"56.1140","0.1428","0.0008"
"56.1340","0.2204","0.0012"
"56.1540","0.2983","0.0013"
"56.1740","0.3789","0.0013"
"56.1940","0.4611","0.0012"
"56.2140","0.5432","0.0012"
"56.2340","0.6243","0.0012"
"56.2540","0.7044","0.0013"
"56.2740","0.7843","0.0012"
"56.2940","0.8642","0.0011"
"56.3140","0.9442","0.0011"
"56.3280","1.0002","0.0012"
"56.3290","1.0042","0.0012"
"56.3300","1.0082","0.0012"
"56.3500","1.0874","0.0009"
"56.3700","1.1520","0.0005"
"56.3900","1.1820","0.0003"
"56.4100","1.1695","0.0003"
"56.4300","1.1164","0.0007"
"56.4500","1.0382","0.0013"
"56.4700","0.9574","0.0013"
"56.4900","0.8798","0.0012"
"56.5100","0.8019","0.0012"
"56.5300","0.7214","0.0012"
"56.5500","0.6393","0.0012"
"56.5700","0.5571","0.0012"
"56.5900","0.4759","0.0013"
"56.6100","0.3958","0.0013"
"56.6300","0.3160","0.0012"
"56.6500","0.2361","0.0009"
"56.6700","0.1562","0.0004"
"56.6850","0.0961","-0.0001"
"56.6860","0.0921","-0.0001"
"56.6870","0.0881","-0.0001"
"56.7070","0.0089","-0.0004"
"56.7270","-0.0555","-0.0003"
"56.7470","-0.0848","-0.0003"
"56.7670","-0.0713","-0.0001"
"56.7870","-0.0170","0.0001"
"56.8070","0.0617","0.0001"
"56.8270","0.1424","0.0006"
"56.8470","0.2199","0.0011"
"56.8670","0.2979","0.0013"
"56.8870","0.3786","0.0013"
"56.9070","0.4608","0.0012"
"56.9270","0.5429","0.0011"
"56.9470","0.6240","0.0011"
"56.9670","0.7041","0.0012"
"56.9870","0.7839","0.0013"
"57.0070","0.8638","0.0013"
"57.0270","0.9438","0.0014"
"57.0420","1.0039","0.0013"
"57.0430","1.0079","0.0013"
"57.0440","1.0119","0.0013"
"57.0640","1.0910","0.0010"
"57.0840","1.1556","0.0004"
"57.1040","1.1856","0.0003"
"57.1240","1.1732","0.0003"
"57.1440","1.1204","0.0007"
"57.1640","1.0425","0.0014"
"57.1840","0.9618","0.0014"
"57.2040","0.8842","0.0011"
"57.2240","0.8062","0.0011"
"57.2440","0.7256","0.0011"
"57.2640","0.6434","0.0013"
"57.2840","0.5612","0.0013"
"57.3040","0.4800","0.0012"
"57.3240","0.3998","0.0012"
"57.3440","0.3200","0.0011"
"57.3640","0.2402","0.0008"
"57.3840","0.1602","0.0004"
"57.4000","0.0961","0.0000"
"57.4010","0.0921","0.0000"
"57.4020","0.0881","-0.0001"
"57.4220","0.0089","-0.0004"
"57.4420","-0.0554","-0.0004"
"57.4620","-0.0847","-0.0005"
"57.4820","-0.0712","-0.0003"
"57.5020","-0.0170","0.0000"
"57.5220","0.0617","0.0001"
"57.5420","0.1424","0.0008"
"57.5620","0.2199","0.0012"
"57.5820","0.2979","0.0013"
"57.6020","0.3785","0.0012"
"57.6220","0.4608","0.0012"
"57.6420","0.5429","0.0012"
"57.6620","0.6240","0.0012"
"57.6820","0.7041","0.0013"
"57.7020","0.7839","0.0013"
"57.7220","0.8638","0.0012"
"57.7420","0.9438","0.0013"
"57.7570","1.0039","0.0013"
"57.7580","1.0079","0.0013"
"57.7590","1.0119","0.0013"
"57.7790","1.0910","0.0011"
"57.7990","1.1557","0.0005"
"57.8190","1.1857","0.0003"
"57.8390","1.1735","0.0003"
"57.8590","1.1207","0.0006"
"57.8790","1.0428","0.0012"
"57.8990","0.9622","0.0013"
"57.9190","0.8845","0.0012"
"57.9390","0.8065","0.0012"
"57.9590","0.7260","0.0011"
"57.9790","0.6438","0.0011"
"57.9990","0.5615","0.0012"
"58.0190","0.4804","0.0012"
"58.0390","0.4002","0.0012"
"58.0590","0.3204","0.0011"
"58.0790","0.2405","0.0009"
"58.0990","0.1605","0.0005"
"58.1150","0.0964","0.0000"
"58.1160","0.0924","-0.0001"
"58.1170","0.0884","-0.0001"
"58.1370","0.0093","-0.0005"
"58.1570","-0.0551","-0.0004"
"58.1770","-0.0843","-0.0004"
"58.1970","-0.0708","-0.0001"
"58.2170","-0.0165","0.0001"
"58.2370","0.0622","0.0001"
"58.2570","0.1430","0.0007"
"58.2770","0.2205","0.0011"
"58.2970","0.2985","0.0013"
"58.3170","0.3791","0.0013"
"58.3370","0.4613","0.0012"
"58.3570","0.5434","0.0012"
"58.3770","0.6245","0.0013"
"58.3970","0.7047","0.0013"
"58.4170","0.7845","0.0014"
"58.4370","0.8644","0.0013"
"58.4570","0.9444","0.0012"
"58.4710","1.0004","0.0012"
"58.4720","1.0044","0.0012"
"58.4730","1.0084","0.0012"
"58.4930","1.0875","0.0009"
"58.5130","1.1522","0.0004"
"58.5330","1.1821","0.0003"
"58.5530","1.1697","0.0004"
"58.5730","1.1166","0.0007"
"58.5930","1.0385","0.0013"
"58.6130","0.9577","0.0013"
"58.6330","0.8801","0.0011"
"58.6530","0.8022","0.0010"
"58.6730","0.7217","0.0011"
"58.6930","0.6395","0.0011"
"58.7130","0.5573","0.0012"
"58.7330","0.4761","0.0011"
"58.7530","0.3960","0.0011"
"58.7730","0.3161","0.0010"
"58.7930","0.2363","0.0009"
"58.8130","0.1563","0.0005"
"58.8280","0.0962","0.0000"
"58.8290","0.0922","0.0000"
"58.8300","0.0882","0.0000"
"58.8500","0.0091","-0.0004"
"58.8700","-0.0553","-0.0004"
"58.8900","-0.0846","-0.0004"
"58.9100","-0.0712","-0.0001"
"58.9300","-0.0169","0.0001"
"58.9500","0.0617","0.0003"
"58.9700","0.1424","0.0008"
"58.9900","0.2199","0.0012"
"59.0100","0.2979","0.0014"
"59.0300","0.3785","0.0013"
"59.0500","0.4608","0.0012"
"59.0700","0.5429","0.0011"
"59.0900","0.6240","0.0011"
"59.1100","0.7042","0.0012"
"59.1300","0.7840","0.0013"
"59.1500","0.8639","0.0012"
"59.1700","0.9438","0.0013"
"59.1850","1.0039","0.0012"
"59.1860","1.0079","0.0012"
"59.1870","1.0119","0.0012"
"59.2070","1.0910","0.0010"
"59.2270","1.1557","0.0004"
"59.2470","1.1856","0.0004"
"59.2670","1.1733","0.0003"
"59.2870","1.1205","0.0006"
"59.3070","1.0426","0.0013"
"59.3270","0.9619","0.0013"
"59.3470","0.8843","0.0012"
"59.3670","0.8062","0.0012"
"59.3870","0.7257","0.0011"
"59.4070","0.6435","0.0012"
"59.4270","0.5613","0.0012"
"59.4470","0.4801","0.0012"
"59.4670","0.3999","0.0012"
"59.4870","0.3201","0.0012"
"59.5070","0.2403","0.0010"
"59.5270","0.1603","0.0005"
"59.5430","0.0962","0.0000"
"59.5440","0.0922","-0.0001"
"59.5450","0.0882","-0.0001"
"59.5650","0.0090","-0.0004"
"59.5850","-0.0554","-0.0004"
"59.6050","-0.0847","-0.0004"
"59.6250","-0.0712","-0.0002"
"59.6450","-0.0169","0.0001"
"59.6650","0.0617","0.0001"
"59.6850","0.1424","0.0007"
"59.7050","0.2199","0.0012"
"59.7250","0.2979","0.0013"
"59.7450","0.3786","0.0013"
"59.7650","0.4608","0.0013"
"59.7850","0.5430","0.0013"
"59.8050","0.6240","0.0013"
"59.8250","0.7042","0.0012"
"59.8450","0.7840","0.0012"
"59.8650","0.8639","0.0012"
"59.8850","0.9439","0.0012"
"59.9000","1.0039","0.0012"
"59.9010","1.0079","0.0012"
"59.9020","1.0119","0.0012"
"59.9220","1.0911","0.0010"
"59.9420","1.1557","0.0004"
"59.9620","1.1857","0.0003"
"59.9820","1.1734","0.0004"
"60.0020","1.1206","0.0006"
"60.0220","1.0426","0.0013"
"60.0420","0.9620","0.0013"
"60.0620","0.8843","0.0012"
"60.0820","0.8063","0.0012"
"60.1020","0.7258","0.0012"
"60.1220","0.6436","0.0012"
"60.1420","0.5614","0.0013"
"60.1620","0.4802","0.0012"
"60.1820","0.4000","0.0012"
"60.2020","0.3202","0.0011"
"60.2220","0.2404","0.0009"
"60.2420","0.1604","0.0005"
"60.2580","0.0963","0.0001"
"60.2590","0.0923","0.0000"
"60.2600","0.0882","0.0000"
"60.2800","0.0091","-0.0004"
"60.3000","-0.0553","-0.0004"
"60.3200","-0.0846","-0.0004"
"60.3400","-0.0711","-0.0003"
"60.3600","-0.0168","0.0000"
"60.3800","0.0618","0.0001"
"60.4000","0.1426","0.0007"
"60.4200","0.2201","0.0011"
"60.4400","0.2981","0.0013"
"60.4600","0.3787","0.0013"
"60.4800","0.4610","0.0013"
"60.5000","0.5431","0.0012"
"60.5200","0.6242","0.0012"
"60.5400","0.7043","0.0012"
"60.5600","0.7841","0.0013"
"60.5800","0.8640","0.0013"
"60.6000","0.9440","0.0014"
"60.6140","1.0000","0.0013"
"60.6150","1.0040","0.0013"
"60.6160","1.0080","0.0013"
"60.6360","1.0872","0.0009"
"60.6560","1.1518","0.0004"
"60.6760","1.1817","0.0004"
"60.6960","1.1692","0.0004"
"60.7160","1.1161","0.0007"
"60.7360","1.0379","0.0012"
"60.7560","0.9571","0.0012"
"60.7760","0.8795","0.0011"
"60.7960","0.8016","0.0011"
"60.8160","0.7212","0.0013"
"60.8360","0.6390","0.0013"
"60.8560","0.5568","0.0013"
"60.8760","0.4756","0.0012"
"60.8960","0.3955","0.0012"
"60.9160","0.3156","0.0011"
"60.9360","0.2358","0.0009"
"60.9560","0.1558","0.0004"
"60.9700","0.0997","0.0000"
"60.9710","0.0957","0.0000"
"60.9720","0.0917","-0.0001"
"60.9920","0.0126","-0.0004"
"61.0120","-0.0518","-0.0004"
"61.0320","-0.0811","-0.0004"
"61.0520","-0.0675","-0.0002"
"61.0720","-0.0132","0.0000"
"61.0920","0.0655","0.0002"
"61.1120","0.1463","0.0007"
"61.1320","0.2238","0.0012"
"61.1520","0.3018","0.0013"
"61.1720","0.3824","0.0013"
"61.1920","0.4646","0.0013"
"61.2120","0.5467","0.0012"
"61.2320","0.6278","0.0012"
"61.2520","0.7079","0.0012"
"61.2720","0.7878","0.0013"
"61.2920","0.8676","0.0013"
"61.3120","0.9476","0.0012"
"61.3260","1.0037","0.0012"
"61.3270","1.0077","0.0012"
"61.3280","1.0117","0.0012"
"61.3480","1.0908","0.0009"
"61.3680","1.1555","0.0004"
"61.3880","1.1855","0.0003"
"61.4080","1.1731","0.0003"
"61.4280","1.1203","0.0006"
"61.4480","1.0423","0.0012"
"61.4680","0.9617","0.0013"
"61.4880","0.8841","0.0013"
"61.5080","0.8061","0.0012"
"61.5280","0.7256","0.0012"
"61.5480","0.6433","0.0013"
"61.5680","0.5610","0.0012"
"61.5880","0.4799","0.0011"
"61.6080","0.3997","0.0012"
"61.6280","0.3199","0.0011"
"61.6480","0.2401","0.0009"
"61.6680","0.1601","0.0005"
"61.6830","0.1000","0.0000"
"61.6840","0.0960","-0.0001"
"61.6850","0.0920","-0.0001"
"61.7050","0.0128","-0.0003"
"61.7250","-0.0515","-0.0002"
"61.7450","-0.0808","-0.0003"
"61.7650","-0.0672","-0.0001"
"61.7850","-0.0128","0.0002"
"61.8050","0.0659","0.0003"
"61.8250","0.1466","0.0008"
"61.8450","0.2241","0.0012"
"61.8650","0.3020","0.0014"
"61.8850","0.3827","0.0013"
"61.9050","0.4649","0.0012"
"61.9250","0.5471","0.0012"
"61.9450","0.6281","0.0013"
"61.9650","0.7083","0.0012"
"61.9850","0.7881","0.0013"
"62.0050","0.8680","0.0013"
"62.0250","0.9480","0.0012"
"62.0380","1.0000","0.0013"
"62.0390","1.0040","0.0013"
"62.0400","1.0080","0.0013"
"62.0600","1.0872","0.0010"
"62.0800","1.1518","0.0005"
"62.1000","1.1819","0.0004"
"62.1200","1.1694","0.0004"
"62.1400","1.1165","0.0006"
"62.1600","1.0384","0.0012"
"62.1800","0.9576","0.0013"
"62.2000","0.8800","0.0013"
"62.2200","0.8021","0.0013"
"62.2400","0.7216","0.0012"
"62.2600","0.6394","0.0013"
"62.2800","0.5572","0.0012"
"62.3000","0.4760","0.0011"
"62.3200","0.3959","0.0011"
"62.3400","0.3160","0.0011"
"62.3600","0.2362","0.0010"
"62.3800","0.1562","0.0005"
"62.3950","0.0961","-0.0001"
"62.3960","0.0921","-0.0001"
"62.3970","0.0881","-0.0001"
"62.4170","0.0089","-0.0006"
"62.4370","-0.0554","-0.0005"
"62.4570","-0.0847","-0.0005"
"62.4770","-0.0712","-0.0001"
"62.4970","-0.0170","0.0001"
"62.5170","0.0617","0.0002"
"62.5370","0.1424","0.0008"
"62.5570","0.2199","0.0012"
"62.5770","0.2979","0.0013"
"62.5970","0.3786","0.0013"
"62.6170","0.4608","0.0013"
"62.6370","0.5429","0.0014"
"62.6570","0.6240","0.0013"
"62.6770","0.7041","0.0012"
"62.6970","0.7840","0.0012"
"62.7170","0.8639","0.0013"
"62.7370","0.9438","0.0013"
"62.7520","1.0039","0.0012"
"62.7530","1.0079","0.0012"
"62.7540","1.0119","0.0013"
"62.7740","1.0910","0.0010"
"62.7940","1.1556","0.0004"
"62.8140","1.1855","0.0003"
"62.8340","1.1731","0.0003"
"62.8540","1.1202","0.0006"
"62.8740","1.0422","0.0012"
"62.8940","0.9615","0.0014"
"62.9140","0.8838","0.0013"
"62.9340","0.8058","0.0013"
"62.9540","0.7253","0.0012"
"62.9740","0.6431","0.0013"
"62.9940","0.5609","0.0012"
"63.0140","0.4798","0.0012"
"63.0340","0.3996","0.0012"
"63.0540","0.3198","0.0011"
"63.0740","0.2400","0.0008"
"63.0940","0.1600","0.0004"
"63.1090","0.0999","-0.0001"
"63.1100","0.0959","-0.0001"
"63.1110","0.0918","-0.0001"
"63.1310","0.0127","-0.0004"
"63.1510","-0.0517","-0.0003"
"63.1710","-0.0810","-0.0003"
"63.1910","-0.0676","-0.0001"
"63.2110","-0.0133","0.0002"
"63.2310","0.0654","0.0003"
"63.2510","0.1461","0.0008"
"63.2710","0.2236","0.0013"
"63.2910","0.3016","0.0013"
"63.3110","0.3823","0.0013"
"63.3310","0.4645","0.0012"
"63.3510","0.5466","0.0013"
"63.3710","0.6277","0.0013"
"63.3910","0.7078","0.0012"
"63.4110","0.7876","0.0012"
"63.4310","0.8675","0.0011"
"63.4510","0.9475","0.0012"
"63.4650","1.0036","0.0012"
"63.4660","1.0076","0.0012"
"63.4670","1.0116","0.0012"
"63.4870","1.0907","0.0009"
"63.5070","1.1553","0.0004"
"63.5270","1.1854","0.0004"
"63.5470","1.1731","0.0004"
"63.5670","1.1203","0.0007"
"63.5870","1.0423","0.0013"
"63.6070","0.9617","0.0014"
"63.6270","0.8840","0.0013"
"63.6470","0.8060","0.0012"
"63.6670","0.7255","0.0011"
"63.6870","0.6432","0.0011"
"63.7070","0.5610","0.0011"
"63.7270","0.4799","0.0012"
"63.7470","0.3997","0.0012"
"63.7670","0.3199","0.0012"
"63.7870","0.2401","0.0010"
"63.8070","0.1601","0.0004"
"63.8220","0.1000","-0.0001"
"63.8230","0.0959","-0.0001"
"63.8240","0.0919","-0.0001"
"63.8440","0.0128","-0.0005"
"63.8640","-0.0516","-0.0004"
"63.8840","-0.0808","-0.0004"
"63.9040","-0.0673","-0.0002"
"63.9240","-0.0130","0.0001"
"63.9440","0.0657","0.0001"
"63.9640","0.1464","0.0007"
"63.9840","0.2239","0.0011"
"64.0040","0.3019","0.0013"
"64.0240","0.3826","0.0013"
"64.0440","0.4648","0.0012"
"64.0640","0.5469","0.0012"
"64.0840","0.6280","0.0012"
"64.1040","0.7081","0.0013"
"64.1240","0.7880","0.0014"
"64.1440","0.8679","0.0013"
"64.1640","0.9479","0.0013"
"64.1780","1.0039","0.0013"
"64.1790","1.0079","0.0013"
"64.1800","1.0119","0.0013"
"64.2000","1.0910","0.0011"
"64.2200","1.1557","0.0005"
"64.2400","1.1857","0.0003"
"64.2600","1.1734","0.0004"
"64.2800","1.1206","0.0007"
"64.3000","1.0427","0.0012"
"64.3200","0.9621","0.0013"
"64.3400","0.8845","0.0012"
"64.3600","0.8065","0.0012"
"64.3800","0.7259","0.0012"
"64.4000","0.6436","0.0012"
"64.4200","0.5614","0.0013"
"64.4400","0.4802","0.0012"
"64.4600","0.4000","0.0012"
"64.4800","0.3202","0.0010"
"64.5000","0.2404","0.0008"
"64.5200","0.1604","0.0005"
"64.5360","0.0963","0.0000"
"64.5370","0.0923","-0.0001"
"64.5380","0.0883","-0.0001"
"64.5580","0.0091","-0.0004"
"64.5780","-0.0552","-0.0003"
"64.5980","-0.0845","-0.0003"
"64.6180","-0.0710","-0.0002"
"64.6380","-0.0167","0.0001"
"64.6580","0.0619","0.0002"
"64.6780","0.1426","0.0008"
"64.6980","0.2201","0.0012"
"64.7180","0.2981","0.0014"
"64.7380","0.3787","0.0013"
"64.7580","0.4610","0.0012"
"64.7780","0.5431","0.0012"
"64.7980","0.6242","0.0013"
"64.8180","0.7044","0.0013"
"64.8380","0.7842","0.0013"
"64.8580","0.8641","0.0012"
"64.8780","0.9441","0.0013"
"64.8920","1.0001","0.0012"
"64.8930","1.0041","0.0012"
"64.8940","1.0081","0.0012"
"64.9140","1.0872","0.0010"
"64.9340","1.1518","0.0005"
"64.9540","1.1817","0.0004"
"64.9740","1.1692","0.0004"
"64.9940","1.1161","0.0007"
"65.0140","1.0380","0.0013"
"65.0340","0.9573","0.0013"
"65.0540","0.8796","0.0011"
"65.0740","0.8017","0.0012"
"65.0940","0.7212","0.0011"
"65.1140","0.6391","0.0012"
"65.1340","0.5569","0.0012"
"65.1540","0.4757","0.0012"
"65.1740","0.3955","0.0012"
"65.1940","0.3157","0.0011"
"65.2140","0.2358","0.0009"
"65.2340","0.1558","0.0005"
"65.2480","0.0997","0.0001"
"65.2490","0.0957","0.0001"
"65.2500","0.0917","0.0000"
"65.2700","0.0126","-0.0003"
"65.2900","-0.0518","-0.0003"
"65.3100","-0.0811","-0.0003"
"65.3300","-0.0676","0.0000"
"65.3500","-0.0134","0.0001"
"65.3700","0.0653","0.0002"
"65.3900","0.1460","0.0008"
"65.4100","0.2235","0.0012"
"65.4300","0.3014","0.0013"
"65.4500","0.3821","0.0013"
"65.4700","0.4644","0.0013"
"65.4900","0.5465","0.0013"
"65.5100","0.6276","0.0013"
"65.5300","0.7077","0.0013"
"65.5500","0.7875","0.0013"
"65.5700","0.8674","0.0012"
"65.5900","0.9474","0.0012"
"65.6040","1.0035","0.0013"
"65.6050","1.0075","0.0013"
"65.6060","1.0115","0.0013"
"65.6260","1.0906","0.0010"
"65.6460","1.1552","0.0005"
"65.6660","1.1852","0.0004"
"65.6860","1.1729","0.0004"
"65.7060","1.1201","0.0007"
"65.7260","1.0422","0.0013"
"65.7460","0.9615","0.0014"
"65.7660","0.8838","0.0013"
"65.7860","0.8058","0.0012"
"65.8060","0.7253","0.0012"
"65.8260","0.6431","0.0013"
"65.8460","0.5609","0.0012"
"65.8660","0.4798","0.0012"
"65.8860","0.3996","0.0013"
"65.9060","0.3197","0.0011"
"65.9260","0.2398","0.0009"
"65.9460","0.1598","0.0006"
"65.9610","0.0998","0.0000"
"65.9620","0.0957","0.0000"
"65.9630","0.0917","-0.0001"
"65.9830","0.0127","-0.0005"
"66.0030","-0.0516","-0.0005"
"66.0230","-0.0809","-0.0004"
"66.0430","-0.0673","-0.0002"
"66.0630","-0.0129","0.0001"
"66.0830","0.0658","0.0002"
"66.1030","0.1466","0.0007"
"66.1230","0.2241","0.0012"
"66.1430","0.3021","0.0012"
"66.1630","0.3827","0.0013"
"66.1830","0.4649","0.0012"
"66.2030","0.5470","0.0012"
"66.2230","0.6281","0.0012"
"66.2430","0.7082","0.0012"
"66.2630","0.7880","0.0014"
"66.2830","0.8679","0.0013"
"66.3030","0.9479","0.0013"
"66.3170","1.0040","0.0013"
"66.3180","1.0080","0.0013"
"66.3190","1.0120","0.0013"
"66.3390","1.0911","0.0009"
"66.3590","1.1557","0.0004"
"66.3790","1.1857","0.0003"
"66.3990","1.1734","0.0004"
"66.4190","1.1207","0.0007"
"66.4390","1.0428","0.0013"
"66.4590","0.9622","0.0014"
"66.4790","0.8846","0.0012"
"66.4990","0.8065","0.0011"
"66.5190","0.7259","0.0011"
"66.5390","0.6437","0.0012"
"66.5590","0.5615","0.0012"
"66.5790","0.4804","0.0013"
"66.5990","0.4002","0.0012"
"66.6190","0.3203","0.0011"
"66.6390","0.2404","0.0008"
"66.6590","0.1604","0.0003"
"66.6750","0.0963","-0.0002"
"66.6760","0.0923","-0.0002"
"66.6770","0.0883","-0.0002"
"66.6970","0.0092","-0.0005"
"66.7170","-0.0552","-0.0004"
"66.7370","-0.0847","-0.0004"
"66.7570","-0.0714","-0.0002"
"66.7770","-0.0172","0.0000"
"66.7970","0.0613","0.0002"
"66.8170","0.1420","0.0007"
"66.8370","0.2196","0.0012"
"66.8570","0.2976","0.0014"
"66.8770","0.3783","0.0014"
"66.8970","0.4605","0.0013"
"66.9170","0.5426","0.0012"
"66.9370","0.6236","0.0012"
"66.9570","0.7038","0.0012"
"66.9770","0.7836","0.0013"
"66.9970","0.8635","0.0013"
"67.0170","0.9435","0.0013"
"67.0320","1.0036","0.0013"
"67.0330","1.0076","0.0013"
"67.0340","1.0116","0.0013"
"67.0540","1.0908","0.0009"
"67.0740","1.1553","0.0004"
"67.0940","1.1853","0.0003"
"67.1140","1.1729","0.0003"
"67.1340","1.1200","0.0005"
"67.1540","1.0421","0.0012"
"67.1740","0.9614","0.0012"
"67.1940","0.8837","0.0012"
"67.2140","0.8057","0.0012"
"67.2340","0.7251","0.0011"
"67.2540","0.6430","0.0011"
"67.2740","0.5608","0.0012"
"67.2940","0.4797","0.0013"
"67.3140","0.3995","0.0013"
"67.3340","0.3196","0.0011"
"67.3540","0.2397","0.0009"
"67.3740","0.1597","0.0005"
"67.3890","0.0996","-0.0001"
"67.3900","0.0956","-0.0001"
"67.3910","0.0916","-0.0001"
"67.4110","0.0125","-0.0004"
"67.4310","-0.0519","-0.0004"
"67.4510","-0.0813","-0.0004"
"67.4710","-0.0680","-0.0002"
"67.4910","-0.0138","0.0001"
"67.5110","0.0649","0.0002"
"67.5310","0.1456","0.0008"
"67.5510","0.2232","0.0012"
"67.5710","0.3012","0.0013"
"67.5910","0.3818","0.0013"
"67.6110","0.4640","0.0012"
"67.6310","0.5461","0.0013"
"67.6510","0.6271","0.0013"
"67.6710","0.7073","0.0013"
"67.6910","0.7871","0.0014"
"67.7110","0.8670","0.0014"
"67.7310","0.9470","0.0013"
"67.7450","1.0031","0.0012"
"67.7460","1.0071","0.0012"
"67.7470","1.0111","0.0012"
"67.7670","1.0902","0.0009"
"67.7870","1.1549","0.0004"
"67.8070","1.1849","0.0003"
"67.8270","1.1725","0.0004"
"67.8470","1.1197","0.0008"
"67.8670","1.0417","0.0014"
"67.8870","0.9611","0.0013"
"67.9070","0.8835","0.0011"
"67.9270","0.8054","0.0011"
"67.9470","0.7249","0.0011"
"67.9670","0.6427","0.0012"
"67.9870","0.5605","0.0012"
"68.0070","0.4794","0.0012"
"68.0270","0.3992","0.0013"
"68.0470","0.3193","0.0012"
"68.0670","0.2394","0.0008"
"68.0870","0.1594","0.0004"
"68.1020","0.0993","-0.0001"
"68.1030","0.0953","-0.0001"
"68.1040","0.0913","-0.0001"
"68.1240","0.0123","-0.0004"
"68.1440","-0.0521","-0.0004"
"68.1640","-0.0814","-0.0004"
"68.1840","-0.0679","-0.0001"
"68.2040","-0.0136","0.0002"
"68.2240","0.0650","0.0002"
"68.2440","0.1458","0.0008"
"68.2640","0.2233","0.0012"
"68.2840","0.3013","0.0013"
"68.3040","0.3819","0.0013"
"68.3240","0.4642","0.0013"
"68.3440","0.5463","0.0012"
"68.3640","0.6273","0.0012"
"68.3840","0.7075","0.0012"
"68.4040","0.7873","0.0013"
"68.4240","0.8672","0.0014"
"68.4440","0.9472","0.0013"
"68.4580","1.0033","0.0013"
"68.4590","1.0073","0.0013"
"68.4600","1.0113","0.0012"
"68.4800","1.0904","0.0009"
"68.5000","1.1550","0.0004"
"68.5200","1.1851","0.0003"
"68.5400","1.1728","0.0004"
"68.5600","1.1199","0.0008"
"68.5800","1.0420","0.0013"
"68.6000","0.9614","0.0014"
"68.6200","0.8837","0.0012"
"68.6400","0.8057","0.0011"
"68.6600","0.7251","0.0011"
"68.6800","0.6430","0.0012"
"68.7000","0.5608","0.0013"
"68.7200","0.4797","0.0013"
"68.7400","0.3994","0.0013"
"68.7600","0.3196","0.0013"
"68.7800","0.2398","0.0010"
"68.8000","0.1598","0.0005"
"68.8150","0.0997","0.0000"
"68.8160","0.0956","0.0000"
"68.8170","0.0916","-0.0001"
"68.8370","0.0125","-0.0004"
"68.8570","-0.0519","-0.0004"
"68.8770","-0.0812","-0.0004"
"68.8970","-0.0678","-0.0001"
"68.9170","-0.0135","0.0001"
"68.9370","0.0651","0.0002"
"68.9570","0.1458","0.0008"
"68.9770","0.2233","0.0012"
"68.9970","0.3013","0.0013"
"69.0170","0.3819","0.0013"
"69.0370","0.4642","0.0013"
"69.0570","0.5463","0.0013"
"69.0770","0.6274","0.0013"
"69.0970","0.7075","0.0012"
"69.1170","0.7874","0.0012"
"69.1370","0.8673","0.0013"
"69.1570","0.9473","0.0013"
"69.1710","1.0033","0.0013"
"69.1720","1.0073","0.0013"
"69.1730","1.0113","0.0013"
"69.1930","1.0905","0.0010"
"69.2130","1.1551","0.0005"
"69.2330","1.1851","0.0003"
"69.2530","1.1728","0.0004"
"69.2730","1.1199","0.0006"
"69.2930","1.0420","0.0012"
"69.3130","0.9613","0.0014"
"69.3330","0.8837","0.0013"
"69.3530","0.8057","0.0012"
"69.3730","0.7252","0.0012"
"69.3930","0.6430","0.0011"
"69.4130","0.5607","0.0012"
"69.4330","0.4796","0.0012"
"69.4530","0.3994","0.0012"
"69.4730","0.3196","0.0012"
"69.4930","0.2397","0.0010"
"69.5130","0.1597","0.0004"
"69.5280","0.0996","0.0000"
"69.5290","0.0956","-0.0001"
"69.5300","0.0916","-0.0001"
"69.5500","0.0125","-0.0004"
"69.5700","-0.0519","-0.0003"
"69.5900","-0.0812","-0.0004"
"69.6100","-0.0678","-0.0001"
"69.6300","-0.0135","0.0001"
"69.6500","0.0651","0.0002"
"69.6700","0.1458","0.0007"
"69.6900","0.2233","0.0012"
"69.7100","0.3013","0.0013"
"69.7300","0.3820","0.0013"
"69.7500","0.4642","0.0012"
"69.7700","0.5464","0.0012"
"69.7900","0.6275","0.0012"
"69.8100","0.7076","0.0012"
"69.8300","0.7874","0.0013"
"69.8500","0.8673","0.0013"
"69.8700","0.9473","0.0013"
"69.8840","1.0034","0.0013"
"69.8850","1.0074","0.0013"
"69.8860","1.0114","0.0013"
"69.9060","1.0905","0.0009"
"69.9260","1.1551","0.0004"
"69.9460","1.1851","0.0004"
"69.9660","1.1728","0.0004"
"69.9860","1.1200","0.0007"
"70.0060","1.0420","0.0013"
"70.0260","0.9614","0.0014"
"70.0460","0.8838","0.0013"
"70.0660","0.8057","0.0012"
"70.0860","0.7251","0.0012"
"70.1060","0.6429","0.0012"
"70.1260","0.5607","0.0012"
"70.1460","0.4796","0.0011"
"70.1660","0.3994","0.0012"
"70.1860","0.3196","0.0011"
"70.2060","0.2397","0.0008"
"70.2260","0.1597","0.0004"
"70.2410","0.0996","0.0000"
"70.2420","0.0956","-0.0001"
"70.2430","0.0916","-0.0001"
"70.2630","0.0125","-0.0004"
"70.2830","-0.0519","-0.0004"
"70.3030","-0.0813","-0.0005"
"70.3230","-0.0680","-0.0002"
"70.3430","-0.0138","0.0001"
"70.3630","0.0648","0.0002"
"70.3830","0.1456","0.0009"
"70.4030","0.2231","0.0012"
"70.4230","0.3011","0.0013"
"70.4430","0.3818","0.0014"
"70.4630","0.4640","0.0013"
"70.4830","0.5461","0.0013"
"70.5030","0.6271","0.0013"
"70.5230","0.7073","0.0013"
"70.5430","0.7871","0.0013"
"70.5630","0.8670","0.0012"
"70.5830","0.9470","0.0011"
"70.5970","1.0031","0.0012"
"70.5980","1.0071","0.0012"
"70.5990","1.0111","0.0012"
"70.6190","1.0902","0.0010"
"70.6390","1.1548","0.0004"
"70.6590","1.1848","0.0004"
"70.6790","1.1724","0.0004"
"70.6990","1.1195","0.0007"
"70.7190","1.0415","0.0012"
"70.7390","0.9609","0.0013"
"70.7590","0.8832","0.0012"
"70.7790","0.8052","0.0012"
"70.7990","0.7247","0.0012"
"70.8190","0.6425","0.0012"
"70.8390","0.5603","0.0012"
"70.8590","0.4792","0.0012"
"70.8790","0.3990","0.0011"
"70.8990","0.3191","0.0011"
"70.9190","0.2393","0.0010"
"70.9390","0.1593","0.0005"
"70.9540","0.0992","0.0000"
"70.9550","0.0952","0.0000"
"70.9560","0.0912","0.0000"
"70.9760","0.0121","-0.0004"
"70.9960","-0.0523","-0.0004"
"71.0160","-0.0816","-0.0005"
"71.0360","-0.0682","-0.0002"
"71.0560","-0.0140","0.0001"
"71.0760","0.0646","0.0001"
"71.0960","0.1454","0.0006"
"71.1160","0.2229","0.0011"
"71.1360","0.3009","0.0013"
"71.1560","0.3815","0.0014"
"71.1760","0.4638","0.0011"
"71.1960","0.5459","0.0011"
"71.2160","0.6270","0.0011"
"71.2360","0.7071","0.0012"
"71.2560","0.7869","0.0012"
"71.2760","0.8668","0.0013"
"71.2960","0.9468","0.0012"
"71.3100","1.0029","0.0011"
"71.3110","1.0069","0.0011"
"71.3120","1.0109","0.0011"
"71.3320","1.0900","0.0009"
"71.3520","1.1547","0.0005"
"71.3720","1.1847","0.0004"
"71.3920","1.1724","0.0004"
"71.4120","1.1196","0.0007"
"71.4320","1.0417","0.0014"
"71.4520","0.9610","0.0014"
"71.4720","0.8834","0.0013"
"71.4920","0.8054","0.0012"
"71.5120","0.7248","0.0012"
"71.5320","0.6426","0.0012"
"71.5520","0.5604","0.0012"
"71.5720","0.4793","0.0012"
"71.5920","0.3991","0.0012"
"71.6120","0.3193","0.0012"
"71.6320","0.2395","0.0009"
"71.6520","0.1594","0.0005"
"71.6670","0.0993","0.0000"
"71.6680","0.0953","-0.0001"
"71.6690","0.0913","-0.0001"
"71.6890","0.0122","-0.0005"
"71.7090","-0.0521","-0.0005"
"71.7290","-0.0814","-0.0004"
"71.7490","-0.0678","-0.0002"
"71.7690","-0.0135","0.0001"
"71.7890","0.0652","0.0002"
"71.8090","0.1460","0.0008"
"71.8290","0.2235","0.0012"
"71.8490","0.3015","0.0013"
"71.8690","0.3822","0.0013"
"71.8890","0.4644","0.0013"
"71.9090","0.5465","0.0013"
"71.9290","0.6276","0.0013"
"71.9490","0.7077","0.0013"
"71.9690","0.7875","0.0013"
"71.9890","0.8674","0.0012"
"72.0090","0.9474","0.0012"
"72.0230","1.0034","0.0012"
"72.0240","1.0075","0.0011"
"72.0250","1.0115","0.0011"
"72.0450","1.0906","0.0009"
"72.0650","1.1552","0.0005"
"72.0850","1.1853","0.0005"
"72.1050","1.1730","0.0005"
"72.1250","1.1203","0.0007"
"72.1450","1.0424","0.0012"
"72.1650","0.9618","0.0013"
"72.1850","0.8841","0.0012"
"72.2050","0.8061","0.0012"
"72.2250","0.7255","0.0012"
"72.2450","0.6433","0.0013"
"72.2650","0.5611","0.0012"
"72.2850","0.4800","0.0011"
"72.3050","0.3998","0.0012"
"72.3250","0.3200","0.0011"
"72.3450","0.2401","0.0009"
"72.3650","0.1601","0.0004"
"72.3810","0.0960","-0.0001"
"72.3820","0.0920","-0.0002"
"72.3830","0.0880","-0.0002"
"72.4030","0.0089","-0.0005"
"72.4230","-0.0555","-0.0004"
"72.4430","-0.0849","-0.0003"
"72.4630","-0.0715","-0.0001"
"72.4830","-0.0172","0.0001"
"72.5030","0.0613","0.0002"
"72.5230","0.1420","0.0008"
"72.5430","0.2195","0.0012"
"72.5630","0.2975","0.0014"
"72.5830","0.3782","0.0014"
"72.6030","0.4605","0.0014"
"72.6230","0.5426","0.0013"
"72.6430","0.6237","0.0013"
"72.6630","0.7038","0.0013"
"72.6830","0.7836","0.0014"
"72.7030","0.8635","0.0013"
"72.7230","0.9435","0.0013"
"72.7380","1.0036","0.0012"
"72.7390","1.0076","0.0012"
"72.7400","1.0116","0.0012"
"72.7600","1.0907","0.0010"
"72.7800","1.1553","0.0005"
"72.8000","1.1852","0.0003"
"72.8200","1.1728","0.0004"
"72.8400","1.1200","0.0007"
"72.8600","1.0420","0.0013"
"72.8800","0.9613","0.0013"
"72.9000","0.8837","0.0012"
"72.9200","0.8057","0.0012"
"72.9400","0.7251","0.0012"
"72.9600","0.6429","0.0013"
"72.9800","0.5607","0.0013"
"73.0000","0.4796","0.0013"
"73.0200","0.3994","0.0012"
"73.0400","0.3196","0.0011"
"73.0600","0.2398","0.0008"
"73.0800","0.1597","0.0004"
"73.0950","0.0996","-0.0001"
"73.0960","0.0956","-0.0002"
"73.0970","0.0916","-0.0002"
"73.1170","0.0125","-0.0005"
"73.1370","-0.0519","-0.0004"
"73.1570","-0.0813","-0.0004"
"73.1770","-0.0678","-0.0001"
"73.1970","-0.0136","0.0001"
"73.2170","0.0650","0.0002"
"73.2370","0.1457","0.0008"
"73.2570","0.2232","0.0011"
"73.2770","0.3012","0.0013"
"73.2970","0.3819","0.0013"
"73.3170","0.4642","0.0013"
"73.3370","0.5463","0.0013"
"73.3570","0.6274","0.0013"
"73.3770","0.7075","0.0012"
"73.3970","0.7873","0.0013"
"73.4170","0.8672","0.0012"
"73.4370","0.9472","0.0013"
"73.4510","1.0033","0.0012"
"73.4520","1.0073","0.0012"
"73.4530","1.0113","0.0012"
"73.4730","1.0905","0.0010"
"73.4930","1.1551","0.0005"
"73.5130","1.1851","0.0005"
"73.5330","1.1729","0.0005"
"73.5530","1.1201","0.0007"
"73.5730","1.0422","0.0013"
"73.5930","0.9616","0.0013"
"73.6130","0.8840","0.0012"
"73.6330","0.8059","0.0012"
"73.6530","0.7253","0.0011"
"73.6730","0.6431","0.0012"
"73.6930","0.5609","0.0013"
"73.7130","0.4798","0.0013"
"73.7330","0.3996","0.0012"
"73.7530","0.3197","0.0010"
"73.7730","0.2399","0.0009"
"73.7930","0.1599","0.0004"
"73.8080","0.0998","-0.0001"
"73.8090","0.0958","-0.0001"
"73.8100","0.0917","-0.0001"
"73.8300","0.0126","-0.0005"
"73.8500","-0.0517","-0.0004"
"73.8700","-0.0809","-0.0004"
"73.8900","-0.0674","-0.0001"
"73.9100","-0.0131","0.0001"
"73.9300","0.0656","0.0002"
"73.9500","0.1463","0.0008"
"73.9700","0.2238","0.0012"
"73.9900","0.3018","0.0013"
"74.0100","0.3824","0.0013"
"74.0300","0.4647","0.0012"
"74.0500","0.5469","0.0012"
"74.0700","0.6280","0.0013"
"74.0900","0.7081","0.0013"
"74.1100","0.7879","0.0013"
"74.1300","0.8677","0.0013"
"74.1500","0.9478","0.0012"
"74.1640","1.0038","0.0011"
"74.1650","1.0078","0.0011"
"74.1660","1.0118","0.0011"
"74.1860","1.0910","0.0008"
"74.2060","1.1556","0.0004"
"74.2260","1.1856","0.0004"
"74.2460","1.1733","0.0005"
"74.2660","1.1205","0.0008"
"74.2860","1.0427","0.0013"
"74.3060","0.9621","0.0012"
"74.3260","0.8845","0.0012"
"74.3460","0.8064","0.0012"
"74.3660","0.7258","0.0012"
"74.3860","0.6435","0.0012"
"74.4060","0.5613","0.0013"
"74.4260","0.4802","0.0013"
"74.4460","0.4000","0.0012"
"74.4660","0.3202","0.0012"
"74.4860","0.2403","0.0010"
"74.5060","0.1603","0.0006"
"74.5220","0.0962","0.0000"
"74.5230","0.0922","-0.0001"
"74.5240","0.0882","-0.0001"
"74.5440","0.0091","-0.0004"
"74.5640","-0.0553","-0.0003"
"74.5840","-0.0847","-0.0003"
"74.6040","-0.0714","-0.0001"
"74.6240","-0.0173","0.0001"
"74.6440","0.0613","0.0001"
"74.6640","0.1419","0.0006"
"74.6840","0.2194","0.0010"
"74.7040","0.2975","0.0014"
"74.7240","0.3782","0.0014"
"74.7440","0.4605","0.0013"
"74.7640","0.5426","0.0012"
"74.7840","0.6237","0.0013"
"74.8040","0.7038","0.0013"
"74.8240","0.7836","0.0013"
"74.8440","0.8635","0.0013"
"74.8640","0.9435","0.0013"
"74.8790","1.0036","0.0012"
"74.8800","1.0076","0.0012"
"74.8810","1.0116","0.0012"
"74.9010","1.0907","0.0010"
"74.9210","1.1553","0.0004"
"74.9410","1.1853","0.0003"
"74.9610","1.1729","0.0004"
"74.9810","1.1201","0.0007"
"75.0010","1.0421","0.0013"
"75.0210","0.9615","0.0014"
"75.0410","0.8838","0.0013"
"75.0610","0.8058","0.0012"
"75.0810","0.7252","0.0011"
"75.1010","0.6430","0.0011"
"75.1210","0.5608","0.0012"
"75.1410","0.4797","0.0013"
"75.1610","0.3995","0.0012"
"75.1810","0.3197","0.0011"
"75.2010","0.2398","0.0009"
"75.2210","0.1598","0.0005"
"75.2360","0.0997","0.0000"
"75.2370","0.0957","0.0000"
"75.2380","0.0917","0.0000"
"75.2580","0.0126","-0.0004"
"75.2780","-0.0518","-0.0004"
"75.2980","-0.0812","-0.0004"
"75.3180","-0.0679","-0.0002"
"75.3380","-0.0137","0.0000"
"75.3580","0.0649","0.0001"
"75.3780","0.1456","0.0007"
"75.3980","0.2231","0.0012"
"75.4180","0.3011","0.0014"
"75.4380","0.3818","0.0014"
"75.4580","0.4641","0.0014"
"75.4780","0.5462","0.0013"
"75.4980","0.6272","0.0013"
"75.5180","0.7074","0.0013"
"75.5380","0.7872","0.0013"
"75.5580","0.8671","0.0012"
"75.5780","0.9471","0.0012"
"75.5920","1.0032","0.0012"
"75.5930","1.0072","0.0012"
"75.5940","1.0112","0.0012"
"75.6140","1.0903","0.0009"
"75.6340","1.1549","0.0004"
"75.6540","1.1849","0.0004"
"75.6740","1.1727","0.0003"
"75.6940","1.1199","0.0007"
"75.7140","1.0420","0.0013"
"75.7340","0.9613","0.0013"
"75.7540","0.8837","0.0012"
"75.7740","0.8056","0.0011"
"75.7940","0.7251","0.0012"
"75.8140","0.6429","0.0013"
"75.8340","0.5607","0.0013"
"75.8540","0.4796","0.0013"
"75.8740","0.3994","0.0012"
"75.8940","0.3195","0.0012"
"75.9140","0.2396","0.0010"
"75.9340","0.1596","0.0005"
"75.9490","0.0995","0.0000"
"75.9500","0.0955","0.0000"
"75.9510","0.0915","0.0000"
"75.9710","0.0124","-0.0004"
"75.9910","-0.0519","-0.0004"
"76.0110","-0.0813","-0.0004"
"76.0310","-0.0679","-0.0001"
"76.0510","-0.0136","0.0001"
"76.0710","0.0650","0.0001"
"76.0910","0.1457","0.0007"
"76.1110","0.2233","0.0012"
"76.1310","0.3013","0.0014"
"76.1510","0.3819","0.0014"
"76.1710","0.4642","0.0013"
"76.1910","0.5463","0.0013"
"76.2110","0.6273","0.0013"
"76.2310","0.7075","0.0014"
"76.2510","0.7873","0.0014"
"76.2710","0.8672","0.0013"
"76.2910","0.9472","0.0013"
"76.3050","1.0033","0.0013"
"76.3060","1.0073","0.0013"
"76.3070","1.0113","0.0013"
"76.3270","1.0904","0.0011"
"76.3470","1.1550","0.0005"
"76.3670","1.1851","0.0004"
"76.3870","1.1728","0.0004"
"76.4070","1.1200","0.0006"
"76.4270","1.0421","0.0012"
"76.4470","0.9615","0.0013"
"76.4670","0.8838","0.0012"
"76.4870","0.8058","0.0012"
"76.5070","0.7252","0.0011"
"76.5270","0.6430","0.0011"
"76.5470","0.5608","0.0013"
"76.5670","0.4797","0.0012"
"76.5870","0.3995","0.0012"
"76.6070","0.3196","0.0011"
"76.6270","0.2397","0.0008"
"76.6470","0.1597","0.0004"
"76.6620","0.0996","-0.0001"
"76.6630","0.0956","-0.0001"
"76.6640","0.0916","-0.0002"
"76.6840","0.0125","-0.0004"
"76.7040","-0.0519","-0.0004"
"76.7240","-0.0813","-0.0004"
"76.7440","-0.0680","-0.0001"
"76.7640","-0.0139","0.0000"
"76.7840","0.0647","0.0001"
"76.8040","0.1453","0.0007"
"76.8240","0.2228","0.0011"
"76.8440","0.3009","0.0013"
"76.8640","0.3816","0.0013"
"76.8840","0.4639","0.0013"
"76.9040","0.5460","0.0012"
"76.9240","0.6270","0.0013"
"76.9440","0.7072","0.0013"
"76.9640","0.7870","0.0013"
"76.9840","0.8669","0.0013"
"77.0040","0.9469","0.0012"
"77.0180","1.0030","0.0012"
"77.0190","1.0070","0.0012"
"77.0200","1.0110","0.0012"
"77.0400","1.0901","0.0009"
"77.0600","1.1547","0.0005"
"77.0800","1.1846","0.0003"
"77.1000","1.1723","0.0003"
"77.1200","1.1194","0.0007"
"77.1400","1.0414","0.0013"
"77.1600","0.9607","0.0013"
"77.1800","0.8831","0.0012"
"77.2000","0.8051","0.0012"
"77.2200","0.7245","0.0013"
"77.2400","0.6423","0.0013"
"77.2600","0.5601","0.0013"
"77.2800","0.4790","0.0013"
"77.3000","0.3988","0.0011"
"77.3200","0.3190","0.0011"
"77.3400","0.2391","0.0008"
"77.3600","0.1591","0.0005"
"77.3750","0.0990","0.0000"
"77.3760","0.0950","-0.0001"
"77.3770","0.0910","-0.0001"
"77.3970","0.0119","-0.0005"
"77.4170","-0.0525","-0.0005"
"77.4370","-0.0820","-0.0004"
"77.4570","-0.0686","-0.0001"
"77.4770","-0.0144","0.0001"
"77.4970","0.0641","0.0001"
"77.5170","0.1448","0.0007"
"77.5370","0.2224","0.0012"
"77.5570","0.3004","0.0013"
"77.5770","0.3811","0.0013"
"77.5970","0.4633","0.0012"
"77.6170","0.5454","0.0013"
"77.6370","0.6265","0.0013"
"77.6570","0.7066","0.0013"
"77.6770","0.7864","0.0012"
"77.6970","0.8663","0.0012"
"77.7170","0.9463","0.0012"
"77.7310","1.0024","0.0012"
"77.7320","1.0064","0.0012"
"77.7330","1.0104","0.0012"
"77.7530","1.0896","0.0008"
"77.7730","1.1542","0.0004"
"77.7930","1.1842","0.0003"
"77.8130","1.1718","0.0004"
"77.8330","1.1189","0.0007"
"77.8530","1.0409","0.0013"
"77.8730","0.9602","0.0014"
"77.8930","0.8826","0.0013"
"77.9130","0.8046","0.0012"
"77.9330","0.7240","0.0012"
"77.9530","0.6418","0.0012"
"77.9730","0.5597","0.0013"
"77.9930","0.4786","0.0012"
"78.0130","0.3984","0.0012"
"78.0330","0.3185","0.0011"
"78.0530","0.2387","0.0008"
"78.0730","0.1586","0.0004"
"78.0880","0.0986","0.0000"
"78.0890","0.0946","-0.0001"
"78.0900","0.0905","-0.0001"
"78.1100","0.0115","-0.0004"
"78.1300","-0.0529","-0.0003"
"78.1500","-0.0823","-0.0003"
"78.1700","-0.0689","-0.0001"
"78.1900","-0.0147","0.0001"
"78.2100","0.0639","0.0002"
"78.2300","0.1446","0.0008"
"78.2500","0.2221","0.0012"
"78.2700","0.3002","0.0013"
"78.2900","0.3808","0.0012"
"78.3100","0.4631","0.0012"
"78.3300","0.5452","0.0011"
"78.3500","0.6262","0.0012"
"78.3700","0.7064","0.0012"
"78.3900","0.7861","0.0012"
"78.4100","0.8660","0.0012"
"78.4300","0.9461","0.0013"
"78.4440","1.0022","0.0013"
"78.4450","1.0062","0.0013"
"78.4460","1.0102","0.0013"
"78.4660","1.0893","0.0010"
"78.4860","1.1539","0.0005"
"78.5060","1.1839","0.0003"
"78.5260","1.1716","0.0004"
"78.5460","1.1188","0.0007"
"78.5660","1.0408","0.0014"
"78.5860","0.9601","0.0014"
"78.6060","0.8825","0.0013"
"78.6260","0.8045","0.0012"
"78.6460","0.7239","0.0012"
"78.6660","0.6418","0.0012"
"78.6860","0.5596","0.0012"
"78.7060","0.4785","0.0012"
"78.7260","0.3983","0.0012"
"78.7460","0.3184","0.0011"
"78.7660","0.2385","0.0009"
"78.7860","0.1585","0.0005"
"78.8010","0.0984","0.0000"
"78.8020","0.0944","-0.0001"
"78.8030","0.0904","-0.0001"
"78.8230","0.0113","-0.0005"
"78.8430","-0.0531","-0.0004"
"78.8630","-0.0825","-0.0004"
"78.8830","-0.0692","-0.0002"
"78.9030","-0.0150","0.0000"
"78.9230","0.0637","0.0001"
"78.9430","0.1443","0.0008"
"78.9630","0.2219","0.0011"
"78.9830","0.2999","0.0013"
"79.0030","0.3806","0.0014"
"79.0230","0.4628","0.0013"
"79.0430","0.5449","0.0012"
"79.0630","0.6260","0.0012"
"79.0830","0.7061","0.0012"
"79.1030","0.7859","0.0013"
"79.1230","0.8658","0.0013"
"79.1430","0.9458","0.0013"
"79.1570","1.0019","0.0013"
"79.1580","1.0059","0.0013"
"79.1590","1.0099","0.0013"
"79.1790","1.0891","0.0010"
"79.1990","1.1537","0.0005"
"79.2190","1.1837","0.0003"
"79.2390","1.1714","0.0004"
"79.2590","1.1185","0.0007"
"79.2790","1.0405","0.0013"
"79.2990","0.9598","0.0013"
"79.3190","0.8822","0.0013"
"79.3390","0.8042","0.0012"
"79.3590","0.7236","0.0012"
"79.3790","0.6414","0.0013"
"79.3990","0.5593","0.0012"
"79.4190","0.4782","0.0011"
"79.4390","0.3980","0.0012"
"79.4590","0.3181","0.0011"
"79.4790","0.2382","0.0009"
"79.4990","0.1582","0.0004"
"79.5140","0.0981","0.0000"
"79.5150","0.0941","-0.0001"
"79.5160","0.0901","-0.0001"
"79.5360","0.0110","-0.0004"
"79.5560","-0.0533","-0.0004"
"79.5760","-0.0827","-0.0004"
"79.5960","-0.0693","-0.0002"
"79.6160","-0.0150","0.0001"
"79.6360","0.0636","0.0002"
"79.6560","0.1443","0.0007"
"79.6760","0.2218","0.0011"
"79.6960","0.2998","0.0012"
"79.7160","0.3805","0.0012"
"79.7360","0.4627","0.0012"
"79.7560","0.5449","0.0013"
"79.7760","0.6259","0.0013"
"79.7960","0.7061","0.0012"
"79.8160","0.7859","0.0012"
"79.8360","0.8658","0.0013"
"79.8560","0.9458","0.0012"
"79.8700","1.0019","0.0012"
"79.8710","1.0059","0.0012"
"79.8720","1.0099","0.0012"
"79.8920","1.0890","0.0010"
"79.9120","1.1536","0.0005"
"79.9320","1.1836","0.0003"
"79.9520","1.1713","0.0004"
"79.9720","1.1185","0.0006"
"79.9920","1.0405","0.0012"
"80.0120","0.9599","0.0013"
"80.0320","0.8822","0.0013"
"80.0520","0.8042","0.0013"
"80.0720","0.7236","0.0013"
"80.0920","0.6414","0.0012"
"80.1120","0.5593","0.0012"
"80.1320","0.4781","0.0012"
"80.1520","0.3979","0.0012"
"80.1720","0.3181","0.0012"
"80.1920","0.2382","0.0009"
"80.2120","0.1582","0.0004"
"80.2270","0.0981","0.0000"
"80.2280","0.0941","-0.0001"
"80.2290","0.0901","-0.0001"
"80.2490","0.0110","-0.0004"
"80.2690","-0.0534","-0.0004"
"80.2890","-0.0829","-0.0004"
"80.3090","-0.0695","-0.0002"
"80.3290","-0.0153","0.0000"
"80.3490","0.0633","0.0001"
"80.3690","0.1440","0.0007"
"80.3890","0.2216","0.0011"
"80.4090","0.2996","0.0013"
"80.4290","0.3803","0.0014"
"80.4490","0.4625","0.0013"
"80.4690","0.5446","0.0013"
"80.4890","0.6256","0.0012"
"80.5090","0.7058","0.0012"
"80.5290","0.7856","0.0014"
"80.5490","0.8655","0.0013"
"80.5690","0.9455","0.0013"
"80.5830","1.0016","0.0013"
"80.5840","1.0056","0.0013"
"80.5850","1.0096","0.0013"
"80.6050","1.0887","0.0010"
"80.6250","1.1533","0.0004"
"80.6450","1.1832","0.0003"
"80.6650","1.1709","0.0003"
"80.6850","1.1179","0.0006"
"80.7050","1.0398","0.0013"
"80.7250","0.9591","0.0014"
"80.7450","0.8815","0.0013"
"80.7650","0.8035","0.0012"
"80.7850","0.7230","0.0012"
"80.8050","0.6408","0.0013"
"80.8250","0.5586","0.0012"
"80.8450","0.4775","0.0012"
"80.8650","0.3974","0.0012"
"80.8850","0.3175","0.0011"
"80.9050","0.2376","0.0009"
"80.9250","0.1576","0.0005"
"80.9400","0.0975","0.0000"
"80.9410","0.0935","0.0000"
"80.9420","0.0895","0.0000"
"80.9620","0.0104","-0.0004"
"80.9820","-0.0540","-0.0004"
"81.0020","-0.0834","-0.0004"
"81.0220","-0.0701","-0.0001"
"81.0420","-0.0159","0.0001"
"81.0620","0.0628","0.0002"
"81.0820","0.1435","0.0008"
"81.1020","0.2210","0.0012"
"81.1220","0.2990","0.0013"
"81.1420","0.3797","0.0013"
"81.1620","0.4619","0.0013"
"81.1820","0.5440","0.0014"
"81.2020","0.6251","0.0013"
"81.2220","0.7052","0.0012"
"81.2420","0.7850","0.0012"
"81.2620","0.8649","0.0012"
"81.2820","0.9449","0.0014"
"81.2960","1.0010","0.0013"
"81.2970","1.0050","0.0013"
"81.2980","1.0090","0.0013"
"81.3180","1.0882","0.0010"
"81.3380","1.1528","0.0004"
"81.3580","1.1828","0.0003"
"81.3780","1.1704","0.0003"
"81.3980","1.1175","0.0006"
"81.4180","1.0394","0.0013"
"81.4380","0.9587","0.0013"
"81.4580","0.8810","0.0012"
"81.4780","0.8031","0.0012"
"81.4980","0.7226","0.0012"
"81.5180","0.6404","0.0011"
"81.5380","0.5583","0.0013"
"81.5580","0.4771","0.0012"
"81.5780","0.3969","0.0011"
"81.5980","0.3171","0.0011"
"81.6180","0.2372","0.0009"
"81.6380","0.1572","0.0005"
"81.6530","0.0971","0.0000"
"81.6540","0.0931","0.0000"
"81.6550","0.0891","-0.0001"
"81.6750","0.0100","-0.0004"
"81.6950","-0.0544","-0.0004"
"81.7150","-0.0837","-0.0005"
"81.7350","-0.0703","-0.0002"
"81.7550","-0.0160","0.0000"
"81.7750","0.0626","0.0001"
"81.7950","0.1433","0.0007"
"81.8150","0.2208","0.0011"
"81.8350","0.2988","0.0013"
"81.8550","0.3795","0.0014"
"81.8750","0.4617","0.0013"
"81.8950","0.5438","0.0013"
"81.9150","0.6249","0.0012"
"81.9350","0.7050","0.0013"
"81.9550","0.7848","0.0013"
"81.9750","0.8647","0.0013"
"81.9950","0.9447","0.0013"
"82.0090","1.0008","0.0013"
"82.0100","1.0048","0.0013"
"82.0110","1.0088","0.0013"
"82.0310","1.0880","0.0010"
"82.0510","1.1526","0.0005"
"82.0710","1.1826","0.0004"
"82.0910","1.1703","0.0004"
"82.1110","1.1173","0.0006"
"82.1310","1.0393","0.0013"
"82.1510","0.9586","0.0014"
"82.1710","0.8810","0.0013"
"82.1910","0.8030","0.0012"
"82.2110","0.7224","0.0011"
"82.2310","0.6402","0.0012"
"82.2510","0.5581","0.0012"
"82.2710","0.4769","0.0011"
"82.2910","0.3968","0.0012"
"82.3110","0.3169","0.0012"
"82.3310","0.2370","0.0009"
"82.3510","0.1570","0.0005"
"82.3660","0.0969","0.0000"
"82.3670","0.0929","0.0000"
"82.3680","0.0889","-0.0001"
"82.3880","0.0098","-0.0004"
"82.4080","-0.0546","-0.0004"
"82.4280","-0.0840","-0.0005"
"82.4480","-0.0707","-0.0002"
"82.4680","-0.0166","0.0002"
"82.4880","0.0619","0.0002"
"82.5080","0.1426","0.0007"
"82.5280","0.2201","0.0011"
"82.5480","0.2982","0.0013"
"82.5680","0.3789","0.0013"
"82.5880","0.4611","0.0013"
"82.6080","0.5432","0.0012"
"82.6280","0.6243","0.0013"
"82.6480","0.7044","0.0013"
"82.6680","0.7842","0.0013"
"82.6880","0.8641","0.0012"
"82.7080","0.9441","0.0012"
"82.7220","1.0002","0.0012"
"82.7230","1.0042","0.0012"
"82.7240","1.0082","0.0012"
"82.7440","1.0874","0.0009"
"82.7640","1.1520","0.0005"
"82.7840","1.1819","0.0004"
"82.8040","1.1694","0.0003"
"82.8240","1.1164","0.0006"
"82.8440","1.0383","0.0012"
"82.8640","0.9575","0.0012"
"82.8840","0.8798","0.0012"
"82.9040","0.8019","0.0011"
"82.9240","0.7214","0.0012"
"82.9440","0.6392","0.0013"
"82.9640","0.5571","0.0012"
"82.9840","0.4760","0.0011"
"83.0040","0.3958","0.0011"
"83.0240","0.3159","0.0010"
"83.0440","0.2361","0.0008"
"83.0640","0.1560","0.0004"
"83.0780","0.1000","0.0000"
"83.0790","0.0959","0.0000"
"83.0800","0.0919","-0.0001"
"83.1000","0.0129","-0.0004"
"83.1200","-0.0515","-0.0004"
"83.1400","-0.0809","-0.0004"
"83.1600","-0.0676","-0.0002"
"83.1800","-0.0135","0.0001"
"83.2000","0.0651","0.0002"
"83.2200","0.1458","0.0007"
"83.2400","0.2233","0.0011"
"83.2600","0.3013","0.0013"
"83.2800","0.3820","0.0013"
"83.3000","0.4643","0.0013"
"83.3200","0.5464","0.0013"
"83.3400","0.6275","0.0014"
"83.3600","0.7076","0.0012"
"83.3800","0.7874","0.0012"
"83.4000","0.8673","0.0013"
"83.4200","0.9473","0.0013"
"83.4340","1.0034","0.0013"
"83.4350","1.0074","0.0013"
"83.4360","1.0114","0.0013"
"83.4560","1.0905","0.0010"
"83.4760","1.1552","0.0004"
"83.4960","1.1852","0.0003"
"83.5160","1.1729","0.0003"
"83.5360","1.1201","0.0007"
"83.5560","1.0421","0.0014"
"83.5760","0.9615","0.0014"
"83.5960","0.8839","0.0013"
"83.6160","0.8058","0.0012"
"83.6360","0.7252","0.0012"
"83.6560","0.6430","0.0011"
"83.6760","0.5609","0.0012"
"83.6960","0.4798","0.0012"
"83.7160","0.3996","0.0011"
"83.7360","0.3197","0.0011"
"83.7560","0.2398","0.0009"
"83.7760","0.1598","0.0004"
"83.7910","0.0997","-0.0002"
"83.7920","0.0957","-0.0002"
"83.7930","0.0917","-0.0002"
"83.8130","0.0126","-0.0006"
"83.8330","-0.0517","-0.0005"
"83.8530","-0.0811","-0.0004"
"83.8730","-0.0677","-0.0002"
"83.8930","-0.0134","0.0001"
"83.9130","0.0652","0.0001"
"83.9330","0.1459","0.0007"
"83.9530","0.2235","0.0011"
"83.9730","0.3015","0.0013"
"83.9930","0.3821","0.0013"
"84.0130","0.4643","0.0013"
"84.0330","0.5464","0.0013"
"84.0530","0.6275","0.0013"
"84.0730","0.7077","0.0013"
"84.0930","0.7875","0.0013"
"84.1130","0.8673","0.0013"
"84.1330","0.9474","0.0012"
"84.1470","1.0034","0.0013"
"84.1480","1.0074","0.0013"
"84.1490","1.0114","0.0013"
"84.1690","1.0906","0.0010"
"84.1890","1.1552","0.0004"
"84.2090","1.1852","0.0002"
"84.2290","1.1730","0.0003"
"84.2490","1.1202","0.0006"
"84.2690","1.0423","0.0012"
"84.2890","0.9617","0.0012"
"84.3090","0.8841","0.0011"
"84.3290","0.8060","0.0011"
"84.3490","0.7254","0.0012"
"84.3690","0.6432","0.0012"
"84.3890","0.5610","0.0012"
"84.4090","0.4799","0.0011"
"84.4290","0.3997","0.0012"
"84.4490","0.3198","0.0011"
"84.4690","0.2400","0.0009"
"84.4890","0.1599","0.0004"
"84.5040","0.0998","-0.0001"
"84.5050","0.0958","-0.0002"
"84.5060","0.0918","-0.0002"
"84.5260","0.0127","-0.0005"
"84.5460","-0.0517","-0.0004"
"84.5660","-0.0811","-0.0003"
"84.5860","-0.0678","-0.0001"
"84.6060","-0.0136","0.0002"
"84.6260","0.0650","0.0003"
"84.6460","0.1457","0.0008"
"84.6660","0.2232","0.0012"
"84.6860","0.3012","0.0014"
"84.7060","0.3819","0.0014"
"84.7260","0.4641","0.0013"
"84.7460","0.5462","0.0013"
"84.7660","0.6273","0.0013"
"84.7860","0.7074","0.0013"
"84.8060","0.7872","0.0013"
"84.8260","0.8671","0.0012"
"84.8460","0.9471","0.0012"
"84.8600","1.0032","0.0012"
"84.8610","1.0072","0.0013"
"84.8620","1.0112","0.0013"
"84.8820","1.0904","0.0010"
"84.9020","1.1550","0.0005"
"84.9220","1.1849","0.0004"
"84.9420","1.1726","0.0004"
"84.9620","1.1197","0.0006"
"84.9820","1.0418","0.0013"
"85.0020","0.9611","0.0014"
"85.0220","0.8835","0.0013"
"85.0420","0.8055","0.0012"
"85.0620","0.7249","0.0011"
"85.0820","0.6427","0.0012"
"85.1020","0.5605","0.0012"
"85.1220","0.4794","0.0012"
"85.1420","0.3992","0.0012"
"85.1620","0.3194","0.0011"
"85.1820","0.2395","0.0009"
"85.2020","0.1594","0.0004"
"85.2170","0.0994","-0.0001"
"85.2180","0.0953","-0.0001"
"85.2190","0.0913","-0.0001"
"85.2390","0.0123","-0.0005"
"85.2590","-0.0521","-0.0004"
"85.2790","-0.0816","-0.0004"
"85.2990","-0.0683","-0.0002"
"85.3190","-0.0141","0.0002"
"85.3390","0.0644","0.0003"
"85.3590","0.1451","0.0008"
"85.3790","0.2226","0.0012"
"85.3990","0.3007","0.0013"
"85.4190","0.3813","0.0012"
"85.4390","0.4636","0.0011"
"85.4590","0.5457","0.0012"
"85.4790","0.6268","0.0013"
"85.4990","0.7069","0.0013"
"85.5190","0.7867","0.0013"
"85.5390","0.8666","0.0012"
"85.5590","0.9466","0.0012"
"85.5730","1.0027","0.0012"
"85.5740","1.0067","0.0012"
"85.5750","1.0108","0.0012"
"85.5950","1.0899","0.0009"
"85.6150","1.1545","0.0003"
"85.6350","1.1845","0.0003"
"85.6550","1.1722","0.0004"
"85.6750","1.1193","0.0007"
"85.6950","1.0414","0.0014"
"85.7150","0.9607","0.0015"
"85.7350","0.8831","0.0012"
"85.7550","0.8050","0.0011"
"85.7750","0.7245","0.0012"
"85.7950","0.6423","0.0013"
"85.8150","0.5601","0.0013"
"85.8350","0.4790","0.0012"
"85.8550","0.3988","0.0011"
"85.8750","0.3189","0.0010"
"85.8950","0.2391","0.0008"
"85.9150","0.1590","0.0003"
"85.9300","0.0989","-0.0001"
"85.9310","0.0949","-0.0002"
"85.9320","0.0909","-0.0002"
"85.9520","0.0118","-0.0004"
"85.9720","-0.0525","-0.0004"
"85.9920","-0.0819","-0.0004"
"86.0120","-0.0685","-0.0001"
"86.0320","-0.0143","0.0001"
"86.0520","0.0643","0.0001"
"86.0720","0.1450","0.0007"
"86.0920","0.2225","0.0012"
"86.1120","0.3006","0.0014"
"86.1320","0.3812","0.0014"
"86.1520","0.4634","0.0013"
"86.1720","0.5455","0.0013"
"86.1920","0.6266","0.0013"
"86.2120","0.7067","0.0013"
"86.2320","0.7865","0.0014"
"86.2520","0.8664","0.0013"
"86.2720","0.9465","0.0012"
"86.2860","1.0026","0.0013"
"86.2870","1.0066","0.0013"
"86.2880","1.0106","0.0013"
"86.3080","1.0897","0.0010"
"86.3280","1.1543","0.0004"
"86.3480","1.1843","0.0004"
"86.3680","1.1720","0.0004"
"86.3880","1.1191","0.0006"
"86.4080","1.0411","0.0013"
"86.4280","0.9604","0.0014"
"86.4480","0.8829","0.0013"
"86.4680","0.8048","0.0012"
"86.4880","0.7243","0.0012"
"86.5080","0.6420","0.0012"
"86.5280","0.5598","0.0013"
"86.5480","0.4787","0.0012"
"86.5680","0.3985","0.0013"
"86.5880","0.3187","0.0010"
"86.6080","0.2388","0.0008"
"86.6280","0.1588","0.0004"
"86.6430","0.0987","-0.0001"
"86.6440","0.0947","-0.0001"
"86.6450","0.0907","-0.0002"
"86.6650","0.0116","-0.0006"
"86.6850","-0.0528","-0.0005"
"86.7050","-0.0823","-0.0004"
"86.7250","-0.0690","-0.0002"
"86.7450","-0.0148","0.0000"
"86.7650","0.0638","0.0001"
"86.7850","0.1445","0.0008"
"86.8050","0.2220","0.0011"
"86.8250","0.3000","0.0013"
"86.8450","0.3807","0.0013"
"86.8650","0.4629","0.0012"
"86.8850","0.5450","0.0013"
"86.9050","0.6261","0.0013"
"86.9250","0.7062","0.0012"
"86.9450","0.7860","0.0013"
"86.9650","0.8659","0.0013"
"86.9850","0.9460","0.0013"
"86.9990","1.0020","0.0012"
"87.0000","1.0060","0.0012"
"87.0010","1.0101","0.0012"
"87.0210","1.0892","0.0010"
"87.0410","1.1538","0.0005"
"87.0610","1.1837","0.0004"
"87.0810","1.1713","0.0004"
"87.1010","1.1184","0.0007"
"87.1210","1.0404","0.0012"
"87.1410","0.9597","0.0013"
"87.1610","0.8820","0.0013"
"87.1810","0.8040","0.0012"
"87.2010","0.7235","0.0011"
"87.2210","0.6413","0.0011"
"87.2410","0.5591","0.0012"
"87.2610","0.4780","0.0011"
"87.2810","0.3978","0.0011"
"87.3010","0.3180","0.0010"
"87.3210","0.2381","0.0009"
"87.3410","0.1580","0.0004"
"87.3560","0.0980","0.0000"
"87.3570","0.0940","-0.0001"
"87.3580","0.0899","-0.0001"
"87.3780","0.0109","-0.0005"
"87.3980","-0.0536","-0.0005"
"87.4180","-0.0830","-0.0005"
"87.4380","-0.0697","-0.0003"
"87.4580","-0.0155","0.0000"
"87.4780","0.0631","0.0002"
"87.4980","0.1438","0.0008"
"87.5180","0.2213","0.0013"
"87.5380","0.2993","0.0014"
"87.5580","0.3800","0.0014"
"87.5780","0.4622","0.0012"
"87.5980","0.5443","0.0012"
"87.6180","0.6254","0.0012"
"87.6380","0.7055","0.0013"
"87.6580","0.7853","0.0013"
"87.6780","0.8652","0.0012"
"87.6980","0.9453","0.0012"
"87.7120","1.0013","0.0012"
"87.7130","1.0053","0.0012"
"87.7140","1.0094","0.0012"
"87.7340","1.0885","0.0009"
"87.7540","1.1531","0.0005"
"87.7740","1.1830","0.0004"
"87.7940","1.1706","0.0004"
"87.8140","1.1176","0.0006"
"87.8340","1.0396","0.0012"
"87.8540","0.9588","0.0013"
"87.8740","0.8812","0.0013"
"87.8940","0.8032","0.0012"
"87.9140","0.7227","0.0012"
"87.9340","0.6405","0.0011"
"87.9540","0.5584","0.0012"
"87.9740","0.4773","0.0012"
"87.9940","0.3971","0.0013"
"88.0140","0.3172","0.0012"
"88.0340","0.2373","0.0008"
"88.0540","0.1573","0.0004"
"88.0690","0.0972","-0.0001"
"88.0700","0.0932","-0.0001"
"88.0710","0.0892","-0.0002"
"88.0910","0.0101","-0.0005"
"88.1110","-0.0543","-0.0004"
"88.1310","-0.0837","-0.0004"
"88.1510","-0.0704","-0.0002"
"88.1710","-0.0162","0.0000"
"88.1910","0.0623","0.0001"
"88.2110","0.1430","0.0007"
"88.2310","0.2205","0.0011"
"88.2510","0.2986","0.0013"
"88.2710","0.3792","0.0012"
"88.2910","0.4615","0.0012"
"88.3110","0.5436","0.0012"
"88.3310","0.6247","0.0013"
"88.3510","0.7048","0.0013"
"88.3710","0.7846","0.0013"
"88.3910","0.8645","0.0013"
"88.4110","0.9445","0.0013"
"88.4250","1.0006","0.0013"
"88.4260","1.0046","0.0013"
"88.4270","1.0086","0.0012"
"88.4470","1.0878","0.0010"
"88.4670","1.1523","0.0005"
"88.4870","1.1822","0.0004"
"88.5070","1.1697","0.0004"
"88.5270","1.1166","0.0007"
"88.5470","1.0384","0.0013"
"88.5670","0.9576","0.0013"
"88.5870","0.8800","0.0013"
"88.6070","0.8020","0.0012"
"88.6270","0.7216","0.0011"
"88.6470","0.6395","0.0011"
"88.6670","0.5573","0.0012"
"88.6870","0.4762","0.0012"
"88.7070","0.3960","0.0012"
"88.7270","0.3161","0.0011"
"88.7470","0.2362","0.0007"
"88.7670","0.1562","0.0003"
"88.7820","0.0961","-0.0002"
"88.7830","0.0921","-0.0002"
"88.7840","0.0881","-0.0002"
"88.8040","0.0090","-0.0005"
"88.8240","-0.0553","-0.0004"
"88.8440","-0.0848","-0.0004"
"88.8640","-0.0715","-0.0002"
"88.8840","-0.0174","0.0001"
"88.9040","0.0611","0.0001"
"88.9240","0.1418","0.0006"
"88.9440","0.2193","0.0012"
"88.9640","0.2974","0.0014"
"88.9840","0.3781","0.0013"
"89.0040","0.4603","0.0012"
"89.0240","0.5424","0.0011"
"89.0440","0.6235","0.0012"
"89.0640","0.7037","0.0012"
"89.0840","0.7835","0.0013"
"89.1040","0.8633","0.0014"
"89.1240","0.9434","0.0012"
"89.1390","1.0035","0.0012"
"89.1400","1.0075","0.0012"
"89.1410","1.0115","0.0012"
"89.1610","1.0906","0.0009"
"89.1810","1.1552","0.0005"
"89.2010","1.1852","0.0004"
"89.2210","1.1729","0.0005"
"89.2410","1.1200","0.0007"
"89.2610","1.0421","0.0013"
"89.2810","0.9614","0.0013"
"89.3010","0.8838","0.0012"
"89.3210","0.8058","0.0012"
"89.3410","0.7252","0.0012"
"89.3610","0.6430","0.0012"
"89.3810","0.5608","0.0013"
"89.4010","0.4797","0.0013"
"89.4210","0.3995","0.0012"
"89.4410","0.3197","0.0012"
"89.4610","0.2398","0.0010"
"89.4810","0.1597","0.0005"
"89.4960","0.0996","0.0000"
"89.4970","0.0956","-0.0001"
"89.4980","0.0916","-0.0001"
"89.5180","0.0125","-0.0005"
"89.5380","-0.0518","-0.0004"
"89.5580","-0.0812","-0.0004"
"89.5780","-0.0677","-0.0002"
"89.5980","-0.0135","0.0000"
"89.6180","0.0650","0.0001"
"89.6380","0.1457","0.0007"
"89.6580","0.2232","0.0012"
"89.6780","0.3013","0.0013"
"89.6980","0.3819","0.0013"
"89.7180","0.4641","0.0012"
"89.7380","0.5463","0.0012"
"89.7580","0.6274","0.0013"
"89.7780","0.7075","0.0013"
"89.7980","0.7873","0.0013"
"89.8180","0.8672","0.0013"
"89.8380","0.9472","0.0012"
"89.8520","1.0033","0.0013"
"89.8530","1.0073","0.0013"
"89.8540","1.0113","0.0013"
"89.8740","1.0905","0.0010"
"89.8940","1.1551","0.0004"
"89.9140","1.1851","0.0003"
"89.9340","1.1727","0.0005"
"89.9540","1.1198","0.0008"
"89.9740","1.0419","0.0013"
"89.9940","0.9612","0.0013"
"90.0140","0.8836","0.0011"
"90.0340","0.8056","0.0012"
"90.0540","0.7250","0.0013"
"90.0740","0.6427","0.0012"
"90.0940","0.5606","0.0013"
"90.1140","0.4795","0.0011"
"90.1340","0.3993","0.0012"
"90.1540","0.3194","0.0012"
"90.1740","0.2395","0.0009"
"90.1940","0.1595","0.0004"
"90.2090","0.0994","-0.0001"
"90.2100","0.0954","-0.0002"
"90.2110","0.0914","-0.0002"
"90.2310","0.0123","-0.0006"
"90.2510","-0.0521","-0.0005"
"90.2710","-0.0815","-0.0004"
"90.2910","-0.0682","-0.0002"
"90.3110","-0.0141","0.0000"
"90.3310","0.0644","0.0001"
"90.3510","0.1451","0.0007"
"90.3710","0.2226","0.0012"
"90.3910","0.3007","0.0013"
"90.4110","0.3813","0.0012"
"90.4310","0.4636","0.0012"
"90.4510","0.5457","0.0012"
"90.4710","0.6268","0.0012"
"90.4910","0.7069","0.0013"
"90.5110","0.7867","0.0014"
"90.5310","0.8666","0.0014"
"90.5510","0.9466","0.0013"
"90.5650","1.0027","0.0013"
"90.5660","1.0067","0.0013"
"90.5670","1.0107","0.0013"
"90.5870","1.0899","0.0010"
"90.6070","1.1545","0.0005"
"90.6270","1.1843","0.0003"
"90.6470","1.1719","0.0004"
"90.6670","1.1189","0.0007"
"90.6870","1.0409","0.0013"
"90.7070","0.9601","0.0013"
"90.7270","0.8825","0.0011"
"90.7470","0.8045","0.0012"
"90.7670","0.7240","0.0013"
"90.7870","0.6418","0.0013"
"90.8070","0.5596","0.0014"
"90.8270","0.4785","0.0013"
"90.8470","0.3984","0.0012"
"90.8670","0.3185","0.0012"
"90.8870","0.2386","0.0009"
"90.9070","0.1586","0.0004"
"90.9220","0.0985","-0.0001"
"90.9230","0.0945","-0.0001"
"90.9240","0.0905","-0.0002"
"90.9440","0.0114","-0.0005"
"90.9640","-0.0530","-0.0004"
"90.9840","-0.0824","-0.0003"
"91.0040","-0.0691","-0.0002"
"91.0240","-0.0150","0.0001"
"91.0440","0.0636","0.0002"
"91.0640","0.1443","0.0007"
"91.0840","0.2218","0.0011"
"91.1040","0.2999","0.0014"
"91.1240","0.3805","0.0013"
"91.1440","0.4627","0.0012"
"91.1640","0.5448","0.0012"
"91.1840","0.6259","0.0012"
"91.2040","0.7061","0.0011"
"91.2240","0.7859","0.0012"
"91.2440","0.8658","0.0012"
"91.2640","0.9458","0.0013"
"91.2780","1.0019","0.0013"
"91.2790","1.0059","0.0013"
"91.2800","1.0099","0.0013"
"91.3000","1.0891","0.0010"
"91.3200","1.1537","0.0005"
"91.3400","1.1836","0.0004"
"91.3600","1.1712","0.0004"
"91.3800","1.1183","0.0006"
"91.4000","1.0402","0.0013"
"91.4200","0.9596","0.0013"
"91.4400","0.8820","0.0011"
"91.4600","0.8040","0.0011"
"91.4800","0.7234","0.0012"
"91.5000","0.6412","0.0012"
"91.5200","0.5590","0.0013"
"91.5400","0.4779","0.0012"
"91.5600","0.3977","0.0012"
"91.5800","0.3179","0.0011"
"91.6000","0.2380","0.0008"
"91.6200","0.1580","0.0004"
"91.6350","0.0978","-0.0001"
"91.6360","0.0938","-0.0001"
"91.6370","0.0898","-0.0001"
"91.6570","0.0108","-0.0005"
"91.6770","-0.0536","-0.0004"
"91.6970","-0.0829","-0.0004"
"91.7170","-0.0695","-0.0002"
"91.7370","-0.0152","0.0000"
"91.7570","0.0635","0.0002"
"91.7770","0.1443","0.0008"
"91.7970","0.2218","0.0011"
"91.8170","0.2998","0.0013"
"91.8370","0.3804","0.0013"
"91.8570","0.4626","0.0012"
"91.8770","0.5447","0.0012"
"91.8970","0.6258","0.0013"
"91.9170","0.7059","0.0012"
"91.9370","0.7857","0.0012"
"91.9570","0.8656","0.0012"
"91.9770","0.9456","0.0012"
"91.9910","1.0017","0.0012"
"91.9920","1.0057","0.0012"
"91.9930","1.0097","0.0012"
"92.0130","1.0889","0.0009"
"92.0330","1.1535","0.0004"
"92.0530","1.1835","0.0004"
"92.0730","1.1711","0.0004"
"92.0930","1.1182","0.0006"
"92.1130","1.0402","0.0012"
"92.1330","0.9595","0.0013"
"92.1530","0.8819","0.0012"
"92.1730","0.8039","0.0011"
"92.1930","0.7233","0.0011"
"92.2130","0.6411","0.0012"
"92.2330","0.5590","0.0013"
"92.2530","0.4779","0.0013"
"92.2730","0.3977","0.0013"
"92.2930","0.3178","0.0011"
"92.3130","0.2379","0.0009"
"92.3330","0.1579","0.0004"
"92.3480","0.0979","-0.0001"
"92.3490","0.0939","-0.0001"
"92.3500","0.0899","-0.0001"
"92.3700","0.0108","-0.0006"
"92.3900","-0.0536","-0.0004"
"92.4100","-0.0830","-0.0003"
"92.4300","-0.0696","-0.0002"
"92.4500","-0.0154","0.0000"
"92.4700","0.0632","0.0000"
"92.4900","0.1439","0.0007"
"92.5100","0.2214","0.0012"
"92.5300","0.2994","0.0013"
"92.5500","0.3801","0.0013"
"92.5700","0.4623","0.0013"
"92.5900","0.5444","0.0013"
"92.6100","0.6255","0.0013"
"92.6300","0.7056","0.0013"
"92.6500","0.7854","0.0013"
"92.6700","0.8653","0.0012"
"92.6900","0.9453","0.0013"
"92.7040","1.0014","0.0013"
"92.7050","1.0054","0.0013"
"92.7060","1.0094","0.0013"
"92.7260","1.0886","0.0010"
"92.7460","1.1531","0.0004"
"92.7660","1.1830","0.0004"
"92.7860","1.1705","0.0005"
"92.8060","1.1174","0.0008"
"92.8260","1.0394","0.0013"
"92.8460","0.9586","0.0013"
"92.8660","0.8810","0.0012"
"92.8860","0.8030","0.0012"
"92.9060","0.7225","0.0012"
"92.9260","0.6403","0.0013"
"92.9460","0.5581","0.0013"
"92.9660","0.4770","0.0012"
"92.9860","0.3968","0.0011"
"93.0060","0.3170","0.0010"
"93.0260","0.2371","0.0009"
"93.0460","0.1571","0.0004"
"93.0610","0.0970","-0.0001"
"93.0620","0.0930","-0.0001"
"93.0630","0.0890","-0.0002"
"93.0830","0.0099","-0.0005"
"93.1030","-0.0545","-0.0005"
"93.1230","-0.0840","-0.0005"
"93.1430","-0.0707","-0.0002"
"93.1630","-0.0166","0.0000"
"93.1830","0.0620","0.0002"
"93.2030","0.1427","0.0009"
"93.2230","0.2202","0.0012"
"93.2430","0.2983","0.0014"
"93.2630","0.3789","0.0012"
"93.2830","0.4611","0.0012"
"93.3030","0.5432","0.0013"
"93.3230","0.6243","0.0013"
"93.3430","0.7045","0.0013"
"93.3630","0.7843","0.0012"
"93.3830","0.8642","0.0012"
"93.4030","0.9442","0.0013"
"93.4170","1.0003","0.0013"
"93.4180","1.0043","0.0013"
"93.4190","1.0083","0.0013"
"93.4390","1.0874","0.0009"
"93.4590","1.1521","0.0004"
"93.4790","1.1820","0.0004"
"93.4990","1.1695","0.0004"
"93.5190","1.1165","0.0007"
"93.5390","1.0383","0.0013"
"93.5590","0.9576","0.0013"
"93.5790","0.8800","0.0012"
"93.5990","0.8020","0.0012"
"93.6190","0.7215","0.0011"
"93.6390","0.6393","0.0012"
"93.6590","0.5571","0.0013"
"93.6790","0.4760","0.0012"
"93.6990","0.3958","0.0012"
"93.7190","0.3160","0.0011"
"93.7390","0.2361","0.0008"
"93.7590","0.1561","0.0004"
"93.7740","0.0961","-0.0001"
"93.7750","0.0921","-0.0001"
"93.7760","0.0881","-0.0002"
"93.7960","0.0090","-0.0005"
"93.8160","-0.0554","-0.0005"
"93.8360","-0.0847","-0.0005"
"93.8560","-0.0714","-0.0002"
"93.8760","-0.0172","0.0000"
"93.8960","0.0613","0.0001"
"93.9160","0.1419","0.0007"
"93.9360","0.2195","0.0011"
"93.9560","0.2976","0.0014"
"93.9760","0.3782","0.0013"
"93.9960","0.4605","0.0013"
"94.0160","0.5426","0.0012"
"94.0360","0.6237","0.0013"
"94.0560","0.7038","0.0012"
"94.0760","0.7836","0.0012"
"94.0960","0.8635","0.0013"
"94.1160","0.9435","0.0012"
"94.1310","1.0036","0.0012"
"94.1320","1.0076","0.0012"
"94.1330","1.0116","0.0012"
"94.1530","1.0908","0.0009"
"94.1730","1.1555","0.0004"
"94.1930","1.1854","0.0004"
"94.2130","1.1731","0.0003"
"94.2330","1.1203","0.0006"
"94.2530","1.0424","0.0012"
"94.2730","0.9617","0.0013"
"94.2930","0.8840","0.0012"
"94.3130","0.8060","0.0012"
"94.3330","0.7255","0.0012"
"94.3530","0.6433","0.0013"
"94.3730","0.5611","0.0013"
"94.3930","0.4800","0.0012"
"94.4130","0.3998","0.0013"
"94.4330","0.3199","0.0012"
"94.4530","0.2400","0.0009"
"94.4730","0.1600","0.0004"
"94.4880","0.1000","0.0000"
"94.4890","0.0959","0.0000"
"94.4900","0.0919","-0.0001"
"94.5100","0.0128","-0.0003"
"94.5300","-0.0516","-0.0003"
"94.5500","-0.0811","-0.0004"
"94.5700","-0.0678","-0.0001"
"94.5900","-0.0137","0.0001"
"94.6100","0.0648","0.0002"
"94.6300","0.1455","0.0008"
"94.6500","0.2230","0.0012"
"94.6700","0.3011","0.0013"
"94.6900","0.3817","0.0013"
"94.7100","0.4639","0.0012"
"94.7300","0.5460","0.0012"
"94.7500","0.6272","0.0012"
"94.7700","0.7073","0.0013"
"94.7900","0.7871","0.0013"
"94.8100","0.8670","0.0013"
"94.8300","0.9470","0.0013"
"94.8440","1.0031","0.0012"
"94.8450","1.0071","0.0012"
"94.8460","1.0111","0.0012"
"94.8660","1.0903","0.0010"
"94.8860","1.1549","0.0005"
"94.9060","1.1848","0.0004"
"94.9260","1.1724","0.0004"
"94.9460","1.1195","0.0007"
"94.9660","1.0415","0.0013"
"94.9860","0.9608","0.0014"
"95.0060","0.8832","0.0012"
"95.0260","0.8051","0.0012"
"95.0460","0.7246","0.0012"
"95.0660","0.6424","0.0012"
"95.0860","0.5603","0.0013"
"95.1060","0.4792","0.0012"
"95.1260","0.3990","0.0012"
"95.1460","0.3191","0.0012"
"95.1660","0.2392","0.0009"
"95.1860","0.1592","0.0004"
"95.2010","0.0991","-0.0001"
"95.2020","0.0951","-0.0001"
"95.2030","0.0911","-0.0002"
"95.2230","0.0120","-0.0005"
"95.2430","-0.0524","-0.0004"
"95.2630","-0.0818","-0.0004"
"95.2830","-0.0686","-0.0002"
"95.3030","-0.0144","0.0001"
"95.3230","0.0641","0.0002"
"95.3430","0.1447","0.0007"
"95.3630","0.2223","0.0011"
"95.3830","0.3003","0.0013"
"95.4030","0.3810","0.0013"
"95.4230","0.4632","0.0013"
"95.4430","0.5453","0.0012"
"95.4630","0.6264","0.0012"
"95.4830","0.7066","0.0013"
"95.5030","0.7864","0.0013"
"95.5230","0.8663","0.0012"
"95.5430","0.9463","0.0012"
"95.5570","1.0024","0.0012"
"95.5580","1.0064","0.0012"
"95.5590","1.0104","0.0012"
"95.5790","1.0896","0.0009"
"95.5990","1.1542","0.0005"
"95.6190","1.1842","0.0004"
"95.6390","1.1719","0.0003"
"95.6590","1.1190","0.0006"
"95.6790","1.0410","0.0013"
"95.6990","0.9603","0.0014"
"95.7190","0.8828","0.0013"
"95.7390","0.8047","0.0012"
"95.7590","0.7242","0.0011"
"95.7790","0.6419","0.0012"
"95.7990","0.5597","0.0013"
"95.8190","0.4786","0.0012"
"95.8390","0.3984","0.0012"
"95.8590","0.3186","0.0010"
"95.8790","0.2387","0.0009"
"95.8990","0.1587","0.0005"
"95.9140","0.0987","0.0000"
"95.9150","0.0947","-0.0001"
"95.9160","0.0907","-0.0001"
"95.9360","0.0116","-0.0005"
"95.9560","-0.0528","-0.0005"
"95.9760","-0.0822","-0.0005"
"95.9960","-0.0689","-0.0002"
"96.0160","-0.0147","0.0000"
"96.0360","0.0638","0.0000"
"96.0560","0.1445","0.0006"
"96.0760","0.2220","0.0012"
"96.0960","0.3001","0.0014"
"96.1160","0.3807","0.0013"
"96.1360","0.4629","0.0012"
"96.1560","0.5451","0.0012"
"96.1760","0.6262","0.0012"
"96.1960","0.7063","0.0013"
"96.2160","0.7861","0.0013"
"96.2360","0.8660","0.0013"
"96.2560","0.9460","0.0012"
"96.2700","1.0021","0.0013"
"96.2710","1.0061","0.0013"
"96.2720","1.0101","0.0013"
"96.2920","1.0893","0.0010"
"96.3120","1.1540","0.0004"
"96.3320","1.1840","0.0003"
"96.3520","1.1716","0.0003"
"96.3720","1.1188","0.0007"
"96.3920","1.0408","0.0013"
"96.4120","0.9601","0.0013"
"96.4320","0.8826","0.0012"
"96.4520","0.8045","0.0012"
"96.4720","0.7239","0.0011"
"96.4920","0.6417","0.0012"
"96.5120","0.5595","0.0013"
"96.5320","0.4784","0.0012"
"96.5520","0.3982","0.0012"
"96.5720","0.3184","0.0010"
"96.5920","0.2385","0.0008"
"96.6120","0.1585","0.0005"
"96.6270","0.0984","-0.0001"
"96.6280","0.0944","-0.0001"
"96.6290","0.0904","-0.0002"
"96.6490","0.0113","-0.0005"
"96.6690","-0.0531","-0.0005"
"96.6890","-0.0825","-0.0005"
"96.7090","-0.0692","-0.0002"
"96.7290","-0.0151","0.0001"
"96.7490","0.0635","0.0001"
"96.7690","0.1442","0.0007"
"96.7890","0.2217","0.0013"
"96.8090","0.2997","0.0014"
"96.8290","0.3804","0.0013"
"96.8490","0.4626","0.0011"
"96.8690","0.5447","0.0012"
"96.8890","0.6258","0.0013"
"96.9090","0.7060","0.0013"
"96.9290","0.7858","0.0013"
"96.9490","0.8657","0.0013"
"96.9690","0.9457","0.0013"
"96.9830","1.0018","0.0013"
"96.9840","1.0058","0.0013"
"96.9850","1.0098","0.0013"
"97.0050","1.0890","0.0011"
"97.0250","1.1536","0.0006"
"97.0450","1.1835","0.0004"
"97.0650","1.1711","0.0003"
"97.0850","1.1182","0.0007"
"97.1050","1.0402","0.0013"
"97.1250","0.9595","0.0013"
"97.1450","0.8819","0.0012"
"97.1650","0.8038","0.0011"
"97.1850","0.7233","0.0011"
"97.2050","0.6411","0.0011"
"97.2250","0.5589","0.0012"
"97.2450","0.4778","0.0012"
"97.2650","0.3976","0.0012"
"97.2850","0.3178","0.0011"
"97.3050","0.2379","0.0008"
"97.3250","0.1579","0.0003"
"97.3400","0.0979","-0.0001"
"97.3410","0.0938","-0.0002"
"97.3420","0.0898","-0.0002"
"97.3620","0.0108","-0.0004"
"97.3820","-0.0536","-0.0003"
"97.4020","-0.0831","-0.0003"
"97.4220","-0.0697","-0.0002"
"97.4420","-0.0155","0.0001"
"97.4620","0.0631","0.0002"
"97.4820","0.1438","0.0008"
"97.5020","0.2213","0.0012"
"97.5220","0.2993","0.0013"
"97.5420","0.3799","0.0013"
"97.5620","0.4621","0.0013"
"97.5820","0.5443","0.0013"
"97.6020","0.6254","0.0013"
"97.6220","0.7055","0.0012"
"97.6420","0.7853","0.0012"
"97.6620","0.8652","0.0012"
"97.6820","0.9453","0.0013"
"97.6960","1.0014","0.0013"
"97.6970","1.0054","0.0013"
"97.6980","1.0094","0.0013"
"97.7180","1.0885","0.0010"
"97.7380","1.1532","0.0005"
"97.7580","1.1831","0.0005"
"97.7780","1.1707","0.0005"
"97.7980","1.1178","0.0006"
"97.8180","1.0398","0.0013"
"97.8380","0.9591","0.0013"
"97.8580","0.8815","0.0012"
"97.8780","0.8035","0.0011"
"97.8980","0.7229","0.0012"
"97.9180","0.6407","0.0012"
"97.9380","0.5585","0.0013"
"97.9580","0.4774","0.0012"
"97.9780","0.3972","0.0012"
"97.9980","0.3174","0.0010"
"98.0180","0.2375","0.0008"
"98.0380","0.1575","0.0003"
"98.0530","0.0974","-0.0002"
"98.0540","0.0934","-0.0002"
"98.0550","0.0894","-0.0002"
"98.0750","0.0103","-0.0006"
"98.0950","-0.0541","-0.0004"
"98.1150","-0.0836","-0.0003"
"98.1350","-0.0703","-0.0001"
"98.1550","-0.0162","0.0001"
"98.1750","0.0624","0.0002"
"98.1950","0.1431","0.0007"
"98.2150","0.2207","0.0012"
"98.2350","0.2987","0.0013"
"98.2550","0.3793","0.0012"
"98.2750","0.4615","0.0013"
"98.2950","0.5436","0.0013"
"98.3150","0.6247","0.0012"
"98.3350","0.7049","0.0012"
"98.3550","0.7847","0.0013"
"98.3750","0.8646","0.0013"
"98.3950","0.9446","0.0012"
"98.4090","1.0007","0.0012"
"98.4100","1.0047","0.0012"
"98.4110","1.0087","0.0012"
"98.4310","1.0879","0.0009"
"98.4510","1.1525","0.0004"
"98.4710","1.1824","0.0003"
"98.4910","1.1699","0.0003"
"98.5110","1.1169","0.0006"
"98.5310","1.0387","0.0013"
"98.5510","0.9579","0.0012"
"98.5710","0.8803","0.0011"
"98.5910","0.8024","0.0011"
"98.6110","0.7218","0.0012"
"98.6310","0.6397","0.0012"
"98.6510","0.5575","0.0012"
"98.6710","0.4764","0.0012"
"98.6910","0.3962","0.0011"
"98.7110","0.3164","0.0010"
"98.7310","0.2365","0.0008"
"98.7510","0.1565","0.0004"
"98.7660","0.0964","-0.0001"
"98.7670","0.0924","-0.0001"
"98.7680","0.0884","-0.0001"
"98.7880","0.0093","-0.0004"
"98.8080","-0.0551","-0.0004"
"98.8280","-0.0846","-0.0004"
"98.8480","-0.0714","-0.0003"
"98.8680","-0.0173","0.0001"
"98.8880","0.0611","0.0002"
"98.9080","0.1418","0.0008"
"98.9280","0.2194","0.0012"
"98.9480","0.2974","0.0014"
"98.9680","0.3781","0.0013"
"98.9880","0.4603","0.0013"
"99.0080","0.5424","0.0013"
"99.0280","0.6235","0.0013"
"99.0480","0.7036","0.0012"
"99.0680","0.7835","0.0012"
"99.0880","0.8634","0.0012"
"99.1080","0.9434","0.0012"
"99.1230","1.0035","0.0013"
"99.1240","1.0075","0.0013"
"99.1250","1.0115","0.0013"
"99.1450","1.0907","0.0009"
"99.1650","1.1553","0.0003"
"99.1850","1.1853","0.0003"
"99.2050","1.1730","0.0003"
"99.2250","1.1202","0.0007"
"99.2450","1.0423","0.0013"
"99.2650","0.9617","0.0013"
"99.2850","0.8841","0.0012"
"99.3050","0.8060","0.0011"
"99.3250","0.7254","0.0011"
"99.3450","0.6432","0.0012"
"99.3650","0.5610","0.0013"
"99.3850","0.4799","0.0012"
"99.4050","0.3997","0.0012"
"99.4250","0.3199","0.0011"
"99.4450","0.2400","0.0008"
"99.4650","0.1600","0.0003"
"99.4800","0.0999","-0.0001"
"99.4810","0.0959","-0.0002"
"99.4820","0.0919","-0.0002"
"99.5020","0.0129","-0.0006"
"99.5220","-0.0515","-0.0005"
"99.5420","-0.0809","-0.0005"
"99.5620","-0.0675","-0.0002"
"99.5820","-0.0133","0.0001"
"99.6020","0.0653","0.0002"
"99.6220","0.1460","0.0008"
"99.6420","0.2235","0.0012"
"99.6620","0.3016","0.0013"
"99.6820","0.3822","0.0013"
"99.7020","0.4644","0.0013"
"99.7220","0.5465","0.0013"
"99.7420","0.6276","0.0012"
"99.7620","0.7078","0.0013"
"99.7820","0.7876","0.0014"
"99.8020","0.8675","0.0013"
"99.8220","0.9475","0.0014"
"99.8360","1.0036","0.0013"
"99.8370","1.0076","0.0013"
"99.8380","1.0116","0.0013"
"99.8580","1.0908","0.0010"
"99.8780","1.1554","0.0005"
"99.8980","1.1855","0.0004"
"99.9180","1.1732","0.0003"
"99.9380","1.1205","0.0007"
"99.9580","1.0426","0.0013"
"99.9780","0.9620","0.0014"
"99.9980","0.8844","0.0013"
"100.0180","0.8063","0.0012"
"100.0380","0.7257","0.0012"
"100.0580","0.6434","0.0012"
"100.0780","0.5613","0.0012"
"100.0980","0.4801","0.0012"
"100.1180","0.4000","0.0011"
"100.1380","0.3201","0.0010"
"100.1580","0.2403","0.0008"
"100.1780","0.1602","0.0004"
"100.1940","0.0961","-0.0002"
"100.1950","0.0921","-0.0002"
"100.1960","0.0881","-0.0002"
"100.2160","0.0090","-0.0006"
"100.2360","-0.0554","-0.0005"
"100.2560","-0.0849","-0.0005"
"100.2760","-0.0716","-0.0002"
"100.2960","-0.0175","0.0001"
"100.3160","0.0609","0.0002"
"100.3360","0.1416","0.0007"
"100.3560","0.2192","0.0012"
"100.3760","0.2972","0.0013"
"100.3960","0.3779","0.0013"
"100.4160","0.4601","0.0013"
"100.4360","0.5422","0.0013"
"100.4560","0.6233","0.0012"
"100.4760","0.7035","0.0012"
"100.4960","0.7833","0.0013"
"100.5160","0.8632","0.0013"
"100.5360","0.9432","0.0013"
"100.5510","1.0033","0.0013"
"100.5520","1.0073","0.0013"
"100.5530","1.0113","0.0013"
"100.5730","1.0905","0.0010"
"100.5930","1.1550","0.0006"
"100.6130","1.1849","0.0004"
"100.6330","1.1725","0.0003"
"100.6530","1.1196","0.0006"
"100.6730","1.0416","0.0012"
"100.6930","0.9608","0.0013"
"100.7130","0.8832","0.0012"
"100.7330","0.8052","0.0012"
"100.7530","0.7247","0.0011"
"100.7730","0.6425","0.0011"
"100.7930","0.5604","0.0012"
"100.8130","0.4792","0.0012"
"100.8330","0.3990","0.0011"
"100.8530","0.3192","0.0011"
"100.8730","0.2393","0.0009"
"100.8930","0.1593","0.0005"
"100.9080","0.0992","0.0000"
"100.9090","0.0952","-0.0001"
"100.9100","0.0912","-0.0001"
"100.9300","0.0121","-0.0004"
"100.9500","-0.0523","-0.0004"
"100.9700","-0.0818","-0.0004"
"100.9900","-0.0685","-0.0002"
"101.0100","-0.0144","0.0000"
"101.0300","0.0641","0.0001"
"101.0500","0.1448","0.0006"
"101.0700","0.2223","0.0011"
"101.0900","0.3003","0.0013"
"101.1100","0.3810","0.0013"
"101.1300","0.4632","0.0012"
"101.1500","0.5453","0.0011"
"101.1700","0.6264","0.0011"
"101.1900","0.7066","0.0012"
"101.2100","0.7864","0.0012"
"101.2300","0.8663","0.0012"
"101.2500","0.9463","0.0012"
"101.2640","1.0024","0.0013"
"101.2650","1.0064","0.0013"
"101.2660","1.0104","0.0013"
"101.2860","1.0896","0.0012"
"101.3060","1.1542","0.0006"
"101.3260","1.1842","0.0004"
"101.3460","1.1719","0.0004"
"101.3660","1.1190","0.0006"
"101.3860","1.0410","0.0012"
"101.4060","0.9604","0.0012"
"101.4260","0.8828","0.0012"
"101.4460","0.8047","0.0012"
"101.4660","0.7241","0.0011"
"101.4860","0.6419","0.0011"
"101.5060","0.5598","0.0012"
"101.5260","0.4786","0.0013"
"101.5460","0.3984","0.0013"
"101.5660","0.3186","0.0012"
"101.5860","0.2387","0.0009"
"101.6060","0.1587","0.0005"
"101.6210","0.0987","-0.0001"
"101.6220","0.0947","-0.0001"
"101.6230","0.0907","-0.0002"
"101.6430","0.0116","-0.0005"
"101.6630","-0.0528","-0.0005"
"101.6830","-0.0821","-0.0005"
"101.7030","-0.0687","-0.0002"
"101.7230","-0.0146","0.0001"
"101.7430","0.0640","0.0001"
"101.7630","0.1447","0.0006"
"101.7830","0.2222","0.0011"
"101.8030","0.3003","0.0013"
"101.8230","0.3809","0.0013"
"101.8430","0.4631","0.0012"
"101.8630","0.5452","0.0012"
"101.8830","0.6263","0.0012"
"101.9030","0.7065","0.0012"
"101.9230","0.7863","0.0012"
"101.9430","0.8662","0.0013"
"101.9630","0.9462","0.0014"
"101.9770","1.0023","0.0013"
"101.9780","1.0063","0.0013"
"101.9790","1.0103","0.0013"
"101.9990","1.0895","0.0010"
"102.0190","1.1541","0.0005"
"102.0390","1.1841","0.0003"
"102.0590","1.1718","0.0003"
"102.0790","1.1190","0.0005"
"102.0990","1.0410","0.0012"
"102.1190","0.9604","0.0013"
"102.1390","0.8828","0.0012"
"102.1590","0.8048","0.0011"
"102.1790","0.7242","0.0012"
"102.1990","0.6419","0.0012"
"102.2190","0.5598","0.0012"
"102.2390","0.4787","0.0011"
"102.2590","0.3985","0.0012"
"102.2790","0.3186","0.0012"
"102.2990","0.2388","0.0009"
"102.3190","0.1587","0.0004"
"102.3340","0.0986","-0.0001"
"102.3350","0.0946","-0.0001"
"102.3360","0.0906","-0.0002"
"102.3560","0.0115","-0.0006"
"102.3760","-0.0529","-0.0005"
"102.3960","-0.0823","-0.0005"
"102.4160","-0.0689","-0.0003"
"102.4360","-0.0148","0.0001"
"102.4560","0.0637","0.0001"
"102.4760","0.1444","0.0007"
"102.4960","0.2220","0.0011"
"102.5160","0.3000","0.0012"
"102.5360","0.3806","0.0012"
"102.5560","0.4628","0.0011"
"102.5760","0.5450","0.0011"
"102.5960","0.6261","0.0012"
"102.6160","0.7063","0.0012"
"102.6360","0.7861","0.0012"
"102.6560","0.8659","0.0012"
"102.6760","0.9460","0.0012"
"102.6900","1.0020","0.0012"
"102.6910","1.0060","0.0012"
"102.6920","1.0101","0.0012"
"102.7120","1.0892","0.0010"
"102.7320","1.1538","0.0004"
"102.7520","1.1838","0.0003"
"102.7720","1.1713","0.0004"
"102.7920","1.1184","0.0007"
"102.8120","1.0404","0.0013"
"102.8320","0.9597","0.0013"
"102.8520","0.8821","0.0012"
"102.8720","0.8040","0.0012"
"102.8920","0.7235","0.0011"
"102.9120","0.6412","0.0012"
"102.9320","0.5591","0.0013"
"102.9520","0.4780","0.0012"
"102.9720","0.3978","0.0012"
"102.9920","0.3179","0.0011"
"103.0120","0.2381","0.0008"
"103.0320","0.1581","0.0004"
"103.0470","0.0980","-0.0001"
"103.0480","0.0940","-0.0001"
"103.0490","0.0900","-0.0001"
"103.0690","0.0109","-0.0005"
"103.0890","-0.0535","-0.0004"
"103.1090","-0.0829","-0.0005"
"103.1290","-0.0696","-0.0003"
"103.1490","-0.0154","0.0000"
"103.1690","0.0632","0.0001"
"103.1890","0.1439","0.0006"
"103.2090","0.2214","0.0011"
"103.2290","0.2995","0.0013"
"103.2490","0.3801","0.0013"
"103.2690","0.4623","0.0013"
"103.2890","0.5444","0.0013"
"103.3090","0.6255","0.0013"
"103.3290","0.7057","0.0013"
"103.3490","0.7855","0.0013"
"103.3690","0.8654","0.0013"
"103.3890","0.9454","0.0013"
"103.4030","1.0015","0.0014"
"103.4040","1.0055","0.0014"
"103.4050","1.0095","0.0014"
"103.4250","1.0887","0.0010"
"103.4450","1.1533","0.0005"
"103.4650","1.1833","0.0003"
"103.4850","1.1710","0.0004"
"103.5050","1.1181","0.0007"
"103.5250","1.0400","0.0012"
"103.5450","0.9594","0.0013"
"103.5650","0.8818","0.0012"
"103.5850","0.8037","0.0011"
"103.6050","0.7232","0.0012"
"103.6250","0.6409","0.0012"
"103.6450","0.5588","0.0013"
"103.6650","0.4777","0.0013"
"103.6850","0.3975","0.0012"
"103.7050","0.3176","0.0011"
"103.7250","0.2378","0.0008"
"103.7450","0.1577","0.0005"
"103.7600","0.0976","0.0000"
"103.7610","0.0936","-0.0001"
"103.7620","0.0896","-0.0001"
"103.7820","0.0106","-0.0004"
"103.8020","-0.0538","-0.0004"
"103.8220","-0.0832","-0.0005"
"103.8420","-0.0699","-0.0002"
"103.8620","-0.0157","0.0000"
"103.8820","0.0629","0.0001"
"103.9020","0.1437","0.0006"
"103.9220","0.2212","0.0011"
"103.9420","0.2993","0.0014"
"103.9620","0.3798","0.0014"
"103.9820","0.4620","0.0013"
"104.0020","0.5441","0.0012"
"104.0220","0.6252","0.0012"
"104.0420","0.7054","0.0012"
"104.0620","0.7852","0.0013"
"104.0820","0.8651","0.0012"
"104.1020","0.9451","0.0012"
"104.1160","1.0012","0.0012"
"104.1170","1.0052","0.0012"
"104.1180","1.0092","0.0012"
"104.1380","1.0884","0.0010"
"104.1580","1.1530","0.0005"
"104.1780","1.1830","0.0005"
"104.1980","1.1707","0.0004"
"104.2180","1.1178","0.0006"
"104.2380","1.0398","0.0012"
"104.2580","0.9591","0.0013"
"104.2780","0.8815","0.0012"
"104.2980","0.8035","0.0012"
"104.3180","0.7229","0.0012"
"104.3380","0.6407","0.0013"
"104.3580","0.5586","0.0013"
"104.3780","0.4774","0.0011"
"104.3980","0.3972","0.0011"
"104.4180","0.3174","0.0011"
"104.4380","0.2375","0.0008"
"104.4580","0.1575","0.0003"
"104.4730","0.0974","-0.0002"
"104.4740","0.0934","-0.0002"
"104.4750","0.0894","-0.0003"
"104.4950","0.0104","-0.0005"
"104.5150","-0.0541","-0.0004"
"104.5350","-0.0835","-0.0004"
"104.5550","-0.0702","-0.0003"
"104.5750","-0.0161","0.0000"
"104.5950","0.0625","0.0001"
"104.6150","0.1431","0.0006"
"104.6350","0.2207","0.0011"
"104.6550","0.2987","0.0013"
"104.6750","0.3794","0.0014"
"104.6950","0.4616","0.0012"
"104.7150","0.5437","0.0012"
"104.7350","0.6248","0.0013"
"104.7550","0.7050","0.0013"
"104.7750","0.7848","0.0012"
"104.7950","0.8647","0.0012"
"104.8150","0.9447","0.0013"
"104.8290","1.0008","0.0013"
"104.8300","1.0048","0.0013"
"104.8310","1.0088","0.0013"
"104.8510","1.0880","0.0010"
"104.8710","1.1526","0.0005"
"104.8910","1.1826","0.0003"
"104.9110","1.1702","0.0003"
"104.9310","1.1172","0.0006"
"104.9510","1.0393","0.0013"
"104.9710","0.9586","0.0014"
"104.9910","0.8809","0.0013"
"105.0110","0.8029","0.0012"
"105.0310","0.7223","0.0011"
"105.0510","0.6401","0.0012"
"105.0710","0.5580","0.0012"
"105.0910","0.4769","0.0012"
"105.1110","0.3967","0.0012"
"105.1310","0.3168","0.0012"
"105.1510","0.2369","0.0009"
"105.1710","0.1569","0.0004"
"105.1860","0.0968","-0.0001"
"105.1870","0.0928","-0.0001"
"105.1880","0.0888","-0.0002"
"105.2080","0.0097","-0.0005"
"105.2280","-0.0547","-0.0005"
"105.2480","-0.0842","-0.0006"
"105.2680","-0.0709","-0.0003"
"105.2880","-0.0168","0.0000"
"105.3080","0.0617","0.0002"
"105.3280","0.1424","0.0007"
"105.3480","0.2200","0.0012"
"105.3680","0.2980","0.0013"
"105.3880","0.3786","0.0014"
"105.4080","0.4608","0.0014"
"105.4280","0.5429","0.0013"
"105.4480","0.6240","0.0013"
"105.4680","0.7042","0.0013"
"105.4880","0.7840","0.0013"
"105.5080","0.8639","0.0012"
"105.5280","0.9439","0.0012"
"105.5420","1.0000","0.0012"
"105.5430","1.0040","0.0012"
"105.5440","1.0080","0.0012"
"105.5640","1.0872","0.0009"
"105.5840","1.1519","0.0005"
"105.6040","1.1819","0.0004"
"105.6240","1.1695","0.0004"
"105.6440","1.1165","0.0006"
"105.6640","1.0384","0.0012"
"105.6840","0.9577","0.0013"
"105.7040","0.8801","0.0011"
"105.7240","0.8021","0.0011"
"105.7440","0.7216","0.0012"
"105.7640","0.6394","0.0012"
"105.7840","0.5572","0.0012"
"105.8040","0.4761","0.0011"
"105.8240","0.3959","0.0012"
"105.8440","0.3161","0.0010"
"105.8640","0.2362","0.0008"
"105.8840","0.1562","0.0004"
"105.8990","0.0961","-0.0001"
"105.9000","0.0921","-0.0002"
"105.9010","0.0880","-0.0002"
"105.9210","0.0090","-0.0005"
"105.9410","-0.0554","-0.0005"
"105.9610","-0.0849","-0.0005"
"105.9810","-0.0716","-0.0003"
"106.0010","-0.0175","0.0000"
"106.0210","0.0609","0.0000"
"106.0410","0.1416","0.0006"
"106.0610","0.2192","0.0012"
"106.0810","0.2973","0.0013"
"106.1010","0.3779","0.0013"
"106.1210","0.4601","0.0012"
"106.1410","0.5422","0.0013"
"106.1610","0.6233","0.0012"
"106.1810","0.7035","0.0011"
"106.2010","0.7833","0.0012"
"106.2210","0.8632","0.0012"
"106.2410","0.9432","0.0013"
"106.2560","1.0033","0.0013"
"106.2570","1.0073","0.0013"
"106.2580","1.0113","0.0013"
"106.2780","1.0905","0.0010"
"106.2980","1.1551","0.0003"
"106.3180","1.1851","0.0003"
"106.3380","1.1728","0.0004"
"106.3580","1.1200","0.0007"
"106.3780","1.0421","0.0013"
"106.3980","0.9615","0.0013"
"106.4180","0.8839","0.0012"
"106.4380","0.8059","0.0012"
"106.4580","0.7253","0.0012"
"106.4780","0.6430","0.0012"
"106.4980","0.5609","0.0012"
"106.5180","0.4797","0.0012"
"106.5380","0.3995","0.0011"
"106.5580","0.3197","0.0011"
"106.5780","0.2398","0.0008"
"106.5980","0.1598","0.0004"
"106.6130","0.0997","-0.0001"
"106.6140","0.0957","-0.0001"
"106.6150","0.0917","-0.0002"
"106.6350","0.0126","-0.0005"
"106.6550","-0.0518","-0.0004"
"106.6750","-0.0812","-0.0004"
"106.6950","-0.0678","-0.0002"
"106.7150","-0.0137","0.0000"
"106.7350","0.0649","0.0001"
"106.7550","0.1455","0.0007"
"106.7750","0.2230","0.0011"
"106.7950","0.3011","0.0013"
"106.8150","0.3817","0.0013"
"106.8350","0.4639","0.0012"
"106.8550","0.5461","0.0012"
"106.8750","0.6272","0.0012"
"106.8950","0.7074","0.0012"
"106.9150","0.7872","0.0013"
"106.9350","0.8671","0.0012"
"106.9550","0.9471","0.0012"
"106.9690","1.0032","0.0012"
"106.9700","1.0072","0.0012"
"106.9710","1.0112","0.0012"
"106.9910","1.0904","0.0010"
"107.0110","1.1550","0.0005"
"107.0310","1.1850","0.0005"
"107.0510","1.1727","0.0004"
"107.0710","1.1199","0.0007"
"107.0910","1.0421","0.0013"
"107.1110","0.9614","0.0013"
"107.1310","0.8838","0.0012"
"107.1510","0.8058","0.0011"
"107.1710","0.7251","0.0012"
"107.1910","0.6429","0.0012"
"107.2110","0.5607","0.0013"
"107.2310","0.4796","0.0013"
"107.2510","0.3994","0.0012"
"107.2710","0.3196","0.0011"
"107.2910","0.2397","0.0009"
"107.3110","0.1597","0.0005"
"107.3260","0.0996","0.0000"
"107.3270","0.0956","0.0000"
"107.3280","0.0916","-0.0001"
"107.3480","0.0125","-0.0004"
"107.3680","-0.0519","-0.0005"
"107.3880","-0.0813","-0.0005"
"107.4080","-0.0680","-0.0002"
"107.4280","-0.0138","0.0000"
"107.4480","0.0648","0.0001"
"107.4680","0.1455","0.0007"
"107.4880","0.2231","0.0012"
"107.5080","0.3011","0.0013"
"107.5280","0.3817","0.0013"
"107.5480","0.4639","0.0012"
"107.5680","0.5459","0.0012"
"107.5880","0.6271","0.0013"
"107.6080","0.7072","0.0013"
"107.6280","0.7871","0.0013"
"107.6480","0.8669","0.0012"
"107.6680","0.9470","0.0011"
"107.6820","1.0030","0.0012"
"107.6830","1.0070","0.0012"
"107.6840","1.0111","0.0012"
"107.7040","1.0902","0.0009"
"107.7240","1.1549","0.0004"
"107.7440","1.1849","0.0004"
"107.7640","1.1727","0.0004"
"107.7840","1.1199","0.0007"
"107.8040","1.0420","0.0013"
"107.8240","0.9613","0.0013"
"107.8440","0.8838","0.0012"
"107.8640","0.8057","0.0011"
"107.8840","0.7251","0.0011"
"107.9040","0.6429","0.0012"
"107.9240","0.5607","0.0013"
"107.9440","0.4796","0.0012"
"107.9640","0.3994","0.0012"
"107.9840","0.3195","0.0012"
"108.0040","0.2396","0.0009"
"108.0240","0.1596","0.0004"
"108.0390","0.0995","-0.0001"
"108.0400","0.0955","-0.0002"
"108.0410","0.0915","-0.0002"
"108.0610","0.0124","-0.0006"
"108.0810","-0.0520","-0.0006"
"108.1010","-0.0814","-0.0005"
"108.1210","-0.0681","-0.0002"
"108.1410","-0.0140","0.0001"
"108.1610","0.0645","0.0002"
"108.1810","0.1452","0.0007"
"108.2010","0.2228","0.0011"
"108.2210","0.3008","0.0013"
"108.2410","0.3814","0.0013"
"108.2610","0.4636","0.0012"
"108.2810","0.5457","0.0012"
"108.3010","0.6268","0.0013"
"108.3210","0.7070","0.0013"
"108.3410","0.7868","0.0013"
"108.3610","0.8667","0.0013"
"108.3810","0.9467","0.0013"
"108.3950","1.0028","0.0013"
"108.3960","1.0068","0.0013"
"108.3970","1.0108","0.0013"
"108.4170","1.0900","0.0010"
"108.4370","1.1546","0.0005"
"108.4570","1.1846","0.0003"
"108.4770","1.1722","0.0003"
"108.4970","1.1194","0.0005"
"108.5170","1.0414","0.0011"
"108.5370","0.9607","0.0013"
"108.5570","0.8832","0.0013"
"108.5770","0.8051","0.0012"
"108.5970","0.7245","0.0012"
"108.6170","0.6423","0.0012"
"108.6370","0.5602","0.0012"
"108.6570","0.4790","0.0012"
"108.6770","0.3989","0.0012"
"108.6970","0.3190","0.0010"
"108.7170","0.2391","0.0008"
"108.7370","0.1591","0.0005"
"108.7520","0.0990","0.0000"
"108.7530","0.0950","0.0000"
"108.7540","0.0910","0.0000"
"108.7740","0.0119","-0.0004"
"108.7940","-0.0525","-0.0004"
"108.8140","-0.0819","-0.0004"
"108.8340","-0.0686","-0.0001"
"108.8540","-0.0144","0.0002"
"108.8740","0.0641","0.0002"
"108.8940","0.1447","0.0007"
"108.9140","0.2222","0.0012"
"108.9340","0.3003","0.0014"
"108.9540","0.3810","0.0014"
"108.9740","0.4632","0.0013"
"108.9940","0.5454","0.0013"
"109.0140","0.6265","0.0012"
"109.0340","0.7066","0.0012"
"109.0540","0.7864","0.0012"
"109.0740","0.8663","0.0012"
"109.0940","0.9463","0.0012"
"109.1080","1.0024","0.0012"
"109.1090","1.0064","0.0012"
"109.1100","1.0104","0.0012"
"109.1300","1.0896","0.0009"
"109.1500","1.1542","0.0004"
"109.1700","1.1842","0.0003"
"109.1900","1.1719","0.0002"
"109.2100","1.1191","0.0006"
"109.2300","1.0412","0.0012"
"109.2500","0.9605","0.0013"
"109.2700","0.8830","0.0013"
"109.2900","0.8049","0.0012"
"109.3100","0.7243","0.0012"
"109.3300","0.6421","0.0012"
"109.3500","0.5599","0.0013"
"109.3700","0.4788","0.0012"
"109.3900","0.3986","0.0012"
"109.4100","0.3188","0.0010"
"109.4300","0.2389","0.0008"
"109.4500","0.1589","0.0004"
"109.4650","0.0988","-0.0001"
"109.4660","0.0948","-0.0001"
"109.4670","0.0908","-0.0001"
"109.4870","0.0117","-0.0005"
"109.5070","-0.0527","-0.0004"
"109.5270","-0.0820","-0.0005"
"109.5470","-0.0686","-0.0002"
"109.5670","-0.0144","0.0001"
"109.5870","0.0642","0.0001"
"109.6070","0.1449","0.0007"
"109.6270","0.2224","0.0011"
"109.6470","0.3005","0.0013"
"109.6670","0.3811","0.0013"
"109.6870","0.4633","0.0013"
"109.7070","0.5454","0.0012"
"109.7270","0.6266","0.0012"
"109.7470","0.7067","0.0012"
"109.7670","0.7865","0.0013"
"109.7870","0.8664","0.0012"
"109.8070","0.9464","0.0013"
"109.8210","1.0025","0.0013"
"109.8220","1.0065","0.0013"
"109.8230","1.0105","0.0013"
"109.8430","1.0896","0.0010"
"109.8630","1.1543","0.0004"
"109.8830","1.1844","0.0004"
"109.9030","1.1722","0.0004"
"109.9230","1.1194","0.0006"
"109.9430","1.0416","0.0012"
"109.9630","0.9610","0.0012"
"109.9830","0.8834","0.0011"
"110.0030","0.8054","0.0011"
"110.0230","0.7247","0.0012"
"110.0430","0.6424","0.0012"
"110.0630","0.5603","0.0013"
"110.0830","0.4791","0.0012"
"110.1030","0.3989","0.0012"
"110.1230","0.3191","0.0010"
"110.1430","0.2392","0.0008"
"110.1630","0.1592","0.0004"
"110.1780","0.0991","-0.0001"
"110.1790","0.0951","-0.0001"
"110.1800","0.0911","-0.0001"
"110.2000","0.0120","-0.0005"
"110.2200","-0.0524","-0.0005"
"110.2400","-0.0818","-0.0004"
"110.2600","-0.0685","-0.0002"
"110.2800","-0.0143","0.0000"
"110.3000","0.0642","0.0002"
"110.3200","0.1448","0.0006"
"110.3400","0.2223","0.0011"
"110.3600","0.3004","0.0013"
"110.3800","0.3811","0.0012"
"110.4000","0.4633","0.0012"
"110.4200","0.5454","0.0012"
"110.4400","0.6266","0.0012"
"110.4600","0.7068","0.0012"
"110.4800","0.7866","0.0012"
"110.5000","0.8664","0.0012"
"110.5200","0.9464","0.0013"
"110.5340","1.0025","0.0013"
"110.5350","1.0065","0.0013"
"110.5360","1.0105","0.0013"
"110.5560","1.0897","0.0010"
"110.5760","1.1543","0.0004"
"110.5960","1.1844","0.0004"
"110.6160","1.1721","0.0003"
"110.6360","1.1193","0.0006"
"110.6560","1.0414","0.0013"
"110.6760","0.9608","0.0014"
"110.6960","0.8831","0.0012"
"110.7160","0.8051","0.0011"
"110.7360","0.7245","0.0012"
"110.7560","0.6422","0.0012"
"110.7760","0.5601","0.0012"
"110.7960","0.4789","0.0011"
"110.8160","0.3987","0.0011"
"110.8360","0.3189","0.0010"
"110.8560","0.2390","0.0009"
"110.8760","0.1590","0.0004"
"110.8910","0.0990","-0.0001"
"110.8920","0.0950","-0.0002"
"110.8930","0.0910","-0.0002"
"110.9130","0.0119","-0.0005"
"110.9330","-0.0526","-0.0005"
"110.9530","-0.0819","-0.0005"
"110.9730","-0.0686","-0.0002"
"110.9930","-0.0144","0.0000"
"111.0130","0.0641","0.0001"
"111.0330","0.1448","0.0007"
"111.0530","0.2222","0.0011"
"111.0730","0.3003","0.0013"
"111.0930","0.3811","0.0013"
"111.1130","0.4634","0.0012"
"111.1330","0.5455","0.0011"
"111.1530","0.6265","0.0012"
"111.1730","0.7067","0.0012"
"111.1930","0.7865","0.0012"
"111.2130","0.8664","0.0012"
"111.2330","0.9464","0.0012"
"111.2470","1.0024","0.0012"
"111.2480","1.0064","0.0012"
"111.2490","1.0104","0.0012"
"111.2690","1.0896","0.0008"
"111.2890","1.1543","0.0004"
"111.3090","1.1843","0.0004"
"111.3290","1.1721","0.0005"
"111.3490","1.1194","0.0007"
"111.3690","1.0415","0.0012"
"111.3890","0.9609","0.0012"
"111.4090","0.8833","0.0012"
"111.4290","0.8052","0.0012"
"111.4490","0.7246","0.0011"
"111.4690","0.6424","0.0011"
"111.4890","0.5602","0.0012"
"111.5090","0.4791","0.0012"
"111.5290","0.3989","0.0012"
"111.5490","0.3191","0.0011"
"111.5690","0.2392","0.0009"
"111.5890","0.1592","0.0004"
"111.6040","0.0991","-0.0001"
"111.6050","0.0951","-0.0001"
"111.6060","0.0911","-0.0002"
"111.6260","0.0120","-0.0005"
"111.6460","-0.0524","-0.0004"
"111.6660","-0.0818","-0.0004"
"111.6860","-0.0684","-0.0002"
"111.7060","-0.0142","0.0000"
"111.7260","0.0644","0.0001"
"111.7460","0.1450","0.0006"
"111.7660","0.2225","0.0011"
"111.7860","0.3006","0.0013"
"111.8060","0.3813","0.0014"
"111.8260","0.4636","0.0013"
"111.8460","0.5457","0.0012"
"111.8660","0.6268","0.0012"
"111.8860","0.7069","0.0012"
"111.9060","0.7867","0.0012"
"111.9260","0.8666","0.0012"
"111.9460","0.9466","0.0012"
"111.9600","1.0027","0.0013"
"111.9610","1.0067","0.0013"
"111.9620","1.0107","0.0013"
"111.9820","1.0899","0.0010"
"112.0020","1.1545","0.0005"
"112.0220","1.1845","0.0004"
"112.0420","1.1723","0.0004"
"112.0620","1.1195","0.0007"
"112.0820","1.0416","0.0012"
"112.1020","0.9609","0.0013"
"112.1220","0.8833","0.0012"
"112.1420","0.8053","0.0012"
"112.1620","0.7247","0.0012"
"112.1820","0.6424","0.0011"
"112.2020","0.5603","0.0012"
"112.2220","0.4791","0.0012"
"112.2420","0.3990","0.0012"
"112.2620","0.3191","0.0011"
"112.2820","0.2393","0.0009"
"112.3020","0.1593","0.0004"
"112.3170","0.0992","-0.0001"
"112.3180","0.0952","-0.0002"
"112.3190","0.0912","-0.0002"
"112.3390","0.0120","-0.0005"
"112.3590","-0.0524","-0.0005"
"112.3790","-0.0818","-0.0006"
"112.3990","-0.0685","-0.0003"
"112.4190","-0.0143","0.0000"
"112.4390","0.0642","0.0001"
"112.4590","0.1448","0.0006"
"112.4790","0.2222","0.0011"
"112.4990","0.3003","0.0014"
"112.5190","0.3811","0.0014"
"112.5390","0.4634","0.0012"
"112.5590","0.5455","0.0012"
"112.5790","0.6266","0.0012"
"112.5990","0.7068","0.0012"
"112.6190","0.7865","0.0013"
"112.6390","0.8664","0.0013"
"112.6590","0.9464","0.0013"
"112.6730","1.0025","0.0013"
"112.6740","1.0065","0.0013"
"112.6750","1.0105","0.0013"
"112.6950","1.0897","0.0010"
"112.7150","1.1543","0.0004"
"112.7350","1.1843","0.0003"
"112.7550","1.1720","0.0003"
"112.7750","1.1191","0.0006"
"112.7950","1.0412","0.0012"
"112.8150","0.9606","0.0013"
"112.8350","0.8830","0.0012"
"112.8550","0.8049","0.0012"
"112.8750","0.7243","0.0012"
"112.8950","0.6421","0.0011"
"112.9150","0.5599","0.0011"
"112.9350","0.4788","0.0011"
"112.9550","0.3986","0.0012"
"112.9750","0.3188","0.0011"
"112.9950","0.2389","0.0008"
"113.0150","0.1589","0.0004"
"113.0300","0.0988","0.0000"
"113.0310","0.0948","-0.0001"
"113.0320","0.0908","-0.0001"
"113.0520","0.0117","-0.0005"
"113.0720","-0.0527","-0.0004"
"113.0920","-0.0821","-0.0004"
"113.1120","-0.0687","-0.0002"
"113.1320","-0.0145","0.0000"
"113.1520","0.0640","0.0001"
"113.1720","0.1446","0.0007"
"113.1920","0.2221","0.0011"
"113.2120","0.3002","0.0012"
"113.2320","0.3810","0.0012"
"113.2520","0.4632","0.0013"
"113.2720","0.5454","0.0013"
"113.2920","0.6264","0.0012"
"113.3120","0.7066","0.0013"
"113.3320","0.7864","0.0013"
"113.3520","0.8662","0.0012"
"113.3720","0.9462","0.0012"
"113.3860","1.0023","0.0012"
"113.3870","1.0063","0.0012"
"113.3880","1.0103","0.0012"
"113.4080","1.0895","0.0010"
"113.4280","1.1542","0.0005"
"113.4480","1.1842","0.0004"
"113.4680","1.1720","0.0004"
"113.4880","1.1192","0.0006"
"113.5080","1.0413","0.0012"
"113.5280","0.9607","0.0013"
"113.5480","0.8832","0.0012"
"113.5680","0.8051","0.0012"
"113.5880","0.7245","0.0012"
"113.6080","0.6422","0.0013"
"113.6280","0.5600","0.0013"
"113.6480","0.4789","0.0012"
"113.6680","0.3987","0.0012"
"113.6880","0.3189","0.0011"
"113.7080","0.2390","0.0008"
"113.7280","0.1590","0.0003"
"113.7430","0.0989","-0.0002"
"113.7440","0.0949","-0.0003"
"113.7450","0.0909","-0.0003"
"113.7650","0.0118","-0.0005"
"113.7850","-0.0526","-0.0004"
"113.8050","-0.0820","-0.0005"
"113.8250","-0.0685","-0.0003"
"113.8450","-0.0143","0.0000"
"113.8650","0.0642","0.0001"
"113.8850","0.1449","0.0007"
"113.9050","0.2224","0.0012"
"113.9250","0.3004","0.0014"
"113.9450","0.3812","0.0013"
"113.9650","0.4635","0.0012"
"113.9850","0.5456","0.0012"
"114.0050","0.6266","0.0013"
"114.0250","0.7068","0.0013"
"114.0450","0.7866","0.0013"
"114.0650","0.8664","0.0013"
"114.0850","0.9465","0.0013"
"114.0990","1.0025","0.0013"
"114.1000","1.0065","0.0013"
"114.1010","1.0105","0.0013"
"114.1210","1.0897","0.0010"
"114.1410","1.1543","0.0005"
"114.1610","1.1844","0.0003"
"114.1810","1.1722","0.0003"
"114.2010","1.1194","0.0007"
"114.2210","1.0415","0.0013"
"114.2410","0.9609","0.0013"
"114.2610","0.8833","0.0012"
"114.2810","0.8053","0.0012"
"114.3010","0.7246","0.0012"
"114.3210","0.6424","0.0012"
"114.3410","0.5602","0.0013"
"114.3610","0.4791","0.0012"
"114.3810","0.3989","0.0012"
"114.4010","0.3190","0.0011"
"114.4210","0.2392","0.0009"
"114.4410","0.1592","0.0005"
"114.4560","0.0991","-0.0001"
"114.4570","0.0951","-0.0001"
"114.4580","0.0911","-0.0001"
"114.4780","0.0120","-0.0005"
"114.4980","-0.0524","-0.0003"
"114.5180","-0.0819","-0.0004"
"114.5380","-0.0685","-0.0002"
"114.5580","-0.0144","-0.0001"
"114.5780","0.0641","0.0000"
"114.5980","0.1447","0.0007"
"114.6180","0.2222","0.0011"
"114.6380","0.3003","0.0013"
"114.6580","0.3811","0.0013"
"114.6780","0.4634","0.0012"
"114.6980","0.5455","0.0012"
"114.7180","0.6266","0.0012"
"114.7380","0.7067","0.0013"
"114.7580","0.7865","0.0012"
"114.7780","0.8664","0.0013"
"114.7980","0.9464","0.0013"
"114.8120","1.0025","0.0013"
"114.8130","1.0065","0.0013"
"114.8140","1.0105","0.0013"
"114.8340","1.0896","0.0009"
"114.8540","1.1543","0.0004"
"114.8740","1.1844","0.0003"
"114.8940","1.1721","0.0003"
"114.9140","1.1194","0.0006"
"114.9340","1.0415","0.0013"
"114.9540","0.9609","0.0013"
"114.9740","0.8833","0.0012"
"114.9940","0.8052","0.0012"
"115.0140","0.7246","0.0012"
"115.0340","0.6424","0.0012"
"115.0540","0.5602","0.0013"
"115.0740","0.4791","0.0013"
"115.0940","0.3989","0.0013"
"115.1140","0.3190","0.0011"
"115.1340","0.2391","0.0009"
"115.1540","0.1591","0.0005"
"115.1690","0.0990","0.0000"
"115.1700","0.0950","0.0000"
"115.1710","0.0910","0.0000"
"115.1910","0.0119","-0.0005"
"115.2110","-0.0525","-0.0004"
"115.2310","-0.0819","-0.0004"
"115.2510","-0.0686","-0.0002"
"115.2710","-0.0145","0.0001"
"115.2910","0.0640","0.0002"
"115.3110","0.1446","0.0007"
"115.3310","0.2220","0.0012"
"115.3510","0.3001","0.0013"
"115.3710","0.3809","0.0013"
"115.3910","0.4633","0.0013"
"115.4110","0.5454","0.0012"
"115.4310","0.6265","0.0012"
"115.4510","0.7066","0.0012"
"115.4710","0.7864","0.0013"
"115.4910","0.8663","0.0012"
"115.5110","0.9463","0.0013"
"115.5250","1.0023","0.0013"
"115.5260","1.0064","0.0013"
"115.5270","1.0104","0.0013"
"115.5470","1.0895","0.0008"
"115.5670","1.1542","0.0003"
"115.5870","1.1843","0.0003"
"115.6070","1.1720","0.0004"
"115.6270","1.1192","0.0007"
"115.6470","1.0413","0.0013"
"115.6670","0.9607","0.0013"
"115.6870","0.8831","0.0011"
"115.7070","0.8051","0.0011"
"115.7270","0.7245","0.0012"
"115.7470","0.6422","0.0012"
"115.7670","0.5600","0.0012"
"115.7870","0.4789","0.0012"
"115.8070","0.3987","0.0013"
"115.8270","0.3189","0.0013"
"115.8470","0.2390","0.0010"
"115.8670","0.1590","0.0004"
"115.8820","0.0989","-0.0001"
"115.8830","0.0949","-0.0001"
"115.8840","0.0909","-0.0001"
"115.9040","0.0118","-0.0004"
"115.9240","-0.0526","-0.0004"
"115.9440","-0.0820","-0.0004"
"115.9640","-0.0686","-0.0002"
"115.9840","-0.0144","0.0001"
"116.0040","0.0641","0.0001"
"116.0240","0.1447","0.0008"
"116.0440","0.2221","0.0012"
"116.0640","0.3002","0.0014"
"116.0840","0.3810","0.0013"
"116.1040","0.4633","0.0012"
"116.1240","0.5455","0.0012"
"116.1440","0.6265","0.0013"
"116.1640","0.7067","0.0013"
"116.1840","0.7865","0.0013"
"116.2040","0.8663","0.0013"
"116.2240","0.9463","0.0013"
"116.2380","1.0024","0.0013"
"116.2390","1.0064","0.0013"
"116.2400","1.0104","0.0013"
"116.2600","1.0896","0.0010"
"116.2800","1.1542","0.0004"
"116.3000","1.1843","0.0003"
"116.3200","1.1720","0.0003"
"116.3400","1.1193","0.0007"
"116.3600","1.0414","0.0013"
"116.3800","0.9608","0.0013"
"116.4000","0.8832","0.0012"
"116.4200","0.8052","0.0011"
"116.4400","0.7245","0.0012"
"116.4600","0.6423","0.0012"
"116.4800","0.5601","0.0013"
"116.5000","0.4790","0.0013"
"116.5200","0.3988","0.0012"
"116.5400","0.3190","0.0011"
"116.5600","0.2391","0.0008"
"116.5800","0.1590","0.0004"
"116.5950","0.0989","-0.0001"
"116.5960","0.0949","-0.0002"
"116.5970","0.0909","-0.0002"
"116.6170","0.0118","-0.0006"
"116.6370","-0.0526","-0.0005"
"116.6570","-0.0820","-0.0005"
"116.6770","-0.0686","-0.0003"
"116.6970","-0.0144","0.0000"
"116.7170","0.0642","0.0002"
"116.7370","0.1448","0.0007"
"116.7570","0.2222","0.0012"
"116.7770","0.3003","0.0013"
"116.7970","0.3811","0.0013"
"116.8170","0.4634","0.0013"
"116.8370","0.5455","0.0012"
"116.8570","0.6266","0.0012"
"116.8770","0.7067","0.0012"
"116.8970","0.7865","0.0012"
"116.9170","0.8664","0.0011"
"116.9370","0.9464","0.0012"
"116.9510","1.0025","0.0012"
"116.9520","1.0065","0.0012"
"116.9530","1.0105","0.0012"
"116.9730","1.0896","0.0009"
"116.9930","1.1543","0.0004"
"117.0130","1.1844","0.0003"
"117.0330","1.1721","0.0004"
"117.0530","1.1194","0.0007"
"117.0730","1.0415","0.0014"
"117.0930","0.9609","0.0014"
"117.1130","0.8833","0.0012"
"117.1330","0.8052","0.0012"
"117.1530","0.7246","0.0012"
"117.1730","0.6424","0.0012"
"117.1930","0.5602","0.0013"
"117.2130","0.4791","0.0012"
"117.2330","0.3989","0.0012"
"117.2530","0.3190","0.0011"
"117.2730","0.2392","0.0008"
"117.2930","0.1592","0.0004"
"117.3080","0.0991","-0.0002"
"117.3090","0.0951","-0.0002"
"117.3100","0.0911","-0.0002"
"117.3300","0.0120","-0.0005"
"117.3500","-0.0524","-0.0004"
"117.3700","-0.0817","-0.0004"
"117.3900","-0.0683","-0.0002"
"117.4100","-0.0141","0.0001"
"117.4300","0.0645","0.0002"
"117.4500","0.1451","0.0008"
"117.4700","0.2225","0.0012"
"117.4900","0.3006","0.0013"
"117.5100","0.3814","0.0014"
"117.5300","0.4637","0.0012"
"117.5500","0.5458","0.0011"
"117.5700","0.6268","0.0011"
"117.5900","0.7070","0.0012"
"117.6100","0.7868","0.0012"
"117.6300","0.8667","0.0012"
"117.6500","0.9467","0.0013"
"117.6640","1.0027","0.0012"
"117.6650","1.0067","0.0012"
"117.6660","1.0108","0.0012"
"117.6860","1.0899","0.0009"
"117.7060","1.1546","0.0004"
"117.7260","1.1846","0.0003"
"117.7460","1.1724","0.0004"
"117.7660","1.1196","0.0007"
"117.7860","1.0418","0.0013"
"117.8060","0.9611","0.0012"
"117.8260","0.8835","0.0012"
"117.8460","0.8054","0.0011"
"117.8660","0.7248","0.0011"
"117.8860","0.6426","0.0012"
"117.9060","0.5605","0.0011"
"117.9260","0.4794","0.0011"
"117.9460","0.3992","0.0012"
"117.9660","0.3193","0.0011"
"117.9860","0.2395","0.0009"
"118.0060","0.1594","0.0005"
"118.0210","0.0993","0.0000"
"118.0220","0.0953","-0.0001"
"118.0230","0.0913","-0.0001"
"118.0430","0.0122","-0.0005"
"118.0630","-0.0522","-0.0005"
"118.0830","-0.0816","-0.0004"
"118.1030","-0.0682","-0.0001"
"118.1230","-0.0141","0.0001"
"118.1430","0.0644","0.0001"
"118.1630","0.1450","0.0007"
"118.1830","0.2224","0.0012"
"118.2030","0.3005","0.0013"
"118.2230","0.3813","0.0013"
"118.2430","0.4637","0.0013"
"118.2630","0.5458","0.0013"
"118.2830","0.6269","0.0013"
"118.3030","0.7070","0.0013"
"118.3230","0.7868","0.0012"
"118.3430","0.8667","0.0012"
"118.3630","0.9467","0.0013"
"118.3770","1.0027","0.0014"
"118.3780","1.0067","0.0014"
"118.3790","1.0108","0.0013"
"118.3990","1.0899","0.0010"
"118.4190","1.1545","0.0005"
"118.4390","1.1845","0.0004"
"118.4590","1.1721","0.0005"
"118.4790","1.1193","0.0007"
"118.4990","1.0414","0.0013"
"118.5190","0.9607","0.0013"
"118.5390","0.8831","0.0012"
"118.5590","0.8050","0.0011"
"118.5790","0.7244","0.0012"
"118.5990","0.6422","0.0011"
"118.6190","0.5601","0.0012"
"118.6390","0.4790","0.0013"
"118.6590","0.3988","0.0012"
"118.6790","0.3189","0.0011"
"118.6990","0.2391","0.0009"
"118.7190","0.1590","0.0004"
"118.7340","0.0989","-0.0001"
"118.7350","0.0949","-0.0001"
"118.7360","0.0909","-0.0002"
"118.7560","0.0118","-0.0006"
"118.7760","-0.0526","-0.0004"
"118.7960","-0.0820","-0.0004"
"118.8160","-0.0686","-0.0002"
"118.8360","-0.0145","0.0001"
"118.8560","0.0640","0.0002"
"118.8760","0.1446","0.0006"
"118.8960","0.2221","0.0012"
"118.9160","0.3002","0.0014"
"118.9360","0.3810","0.0013"
"118.9560","0.4633","0.0013"
"118.9760","0.5454","0.0013"
"118.9960","0.6265","0.0013"
"119.0160","0.7066","0.0013"
"119.0360","0.7864","0.0012"
"119.0560","0.8663","0.0012"
"119.0760","0.9463","0.0012"
"119.0900","1.0023","0.0012"
"119.0910","1.0064","0.0012"
"119.0920","1.0104","0.0012"
"119.1120","1.0895","0.0009"
"119.1320","1.1542","0.0004"
"119.1520","1.1842","0.0004"
"119.1720","1.1719","0.0004"
"119.1920","1.1191","0.0007"
"119.2120","1.0412","0.0013"
"119.2320","0.9606","0.0013"
"119.2520","0.8830","0.0012"
"119.2720","0.8050","0.0012"
"119.2920","0.7244","0.0012"
"119.3120","0.6421","0.0012"
"119.3320","0.5600","0.0013"
"119.3520","0.4789","0.0013"
"119.3720","0.3987","0.0013"
"119.3920","0.3188","0.0012"
"119.4120","0.2389","0.0009"
"119.4320","0.1589","0.0004"
"119.4470","0.0988","-0.0001"
"119.4480","0.0948","-0.0002"
"119.4490","0.0908","-0.0002"
"119.4690","0.0117","-0.0006"
"119.4890","-0.0526","-0.0005"
"119.5090","-0.0820","-0.0004"
"119.5290","-0.0685","-0.0002"
"119.5490","-0.0143","0.0000"
"119.5690","0.0643","0.0002"
"119.5890","0.1449","0.0007"
"119.6090","0.2224","0.0012"
"119.6290","0.3005","0.0014"
"119.6490","0.3813","0.0013"
"119.6690","0.4635","0.0012"
"119.6890","0.5457","0.0011"
"119.7090","0.6267","0.0012"
"119.7290","0.7069","0.0012"
"119.7490","0.7867","0.0012"
"119.7690","0.8665","0.0013"
"119.7890","0.9465","0.0013"
"119.8030","1.0026","0.0012"
"119.8040","1.0066","0.0012"
"119.8050","1.0106","0.0012"
"119.8250","1.0898","0.0009"
"119.8450","1.1544","0.0005"
"119.8650","1.1845","0.0004"
"119.8850","1.1723","0.0003"
"119.9050","1.1196","0.0006"
"119.9250","1.0417","0.0012"
"119.9450","0.9611","0.0011"
"119.9650","0.8836","0.0011"
"119.9850","0.8055","0.0012"
"120.0050","0.7248","0.0012"
"120.0250","0.6426","0.0012"
"120.0450","0.5604","0.0012"
"120.0650","0.4793","0.0011"
"120.0850","0.3991","0.0011"
"120.1050","0.3193","0.0011"
"120.1250","0.2394","0.0008"
"120.1450","0.1593","0.0004"
"120.1600","0.0992","-0.0001"
"120.1610","0.0952","-0.0002"
"120.1620","0.0912","-0.0002"
"120.1820","0.0121","-0.0005"
"120.2020","-0.0523","-0.0005"
"120.2220","-0.0817","-0.0004"
"120.2420","-0.0683","-0.0002"
"120.2620","-0.0141","0.0000"
"120.2820","0.0644","0.0001"
"120.3020","0.1450","0.0007"
"120.3220","0.2224","0.0011"
"120.3420","0.3005","0.0013"
"120.3620","0.3813","0.0013"
"120.3820","0.4637","0.0012"
"120.4020","0.5458","0.0012"
"120.4220","0.6269","0.0012"
"120.4420","0.7070","0.0012"
"120.4620","0.7868","0.0013"
"120.4820","0.8667","0.0013"
"120.5020","0.9467","0.0013"
"120.5160","1.0027","0.0012"
"120.5170","1.0067","0.0012"
"120.5180","1.0107","0.0012"
"120.5380","1.0899","0.0010"
"120.5580","1.1545","0.0005"
"120.5780","1.1845","0.0003"
"120.5980","1.1722","0.0004"
"120.6180","1.1194","0.0007"
"120.6380","1.0415","0.0013"
"120.6580","0.9608","0.0012"
"120.6780","0.8832","0.0011"
"120.6980","0.8052","0.0012"
"120.7180","0.7246","0.0012"
"120.7380","0.6423","0.0012"
"120.7580","0.5602","0.0013"
"120.7780","0.4790","0.0013"
"120.7980","0.3988","0.0012"
"120.8180","0.3190","0.0011"
"120.8380","0.2391","0.0008"
"120.8580","0.1591","0.0003"
"120.8730","0.0990","-0.0002"
"120.8740","0.0950","-0.0002"
"120.8750","0.0910","-0.0003"
"120.8950","0.0119","-0.0006"
"120.9150","-0.0525","-0.0005"
"120.9350","-0.0819","-0.0005"
"120.9550","-0.0685","-0.0002"
"120.9750","-0.0143","0.0001"
"120.9950","0.0642","0.0001"
"121.0150","0.1448","0.0007"
"121.0350","0.2222","0.0012"
"121.0550","0.3003","0.0013"
"121.0750","0.3811","0.0014"
"121.0950","0.4634","0.0014"
"121.1150","0.5456","0.0013"
"121.1350","0.6266","0.0012"
"121.1550","0.7067","0.0012"
"121.1750","0.7865","0.0013"
"121.1950","0.8664","0.0012"
"121.2150","0.9464","0.0013"
"121.2290","1.0025","0.0013"
"121.2300","1.0065","0.0013"
"121.2310","1.0105","0.0013"
"121.2510","1.0897","0.0010"
"121.2710","1.1543","0.0005"
"121.2910","1.1844","0.0005"
"121.3110","1.1722","0.0004"
"121.3310","1.1194","0.0006"
"121.3510","1.0416","0.0012"
"121.3710","0.9609","0.0014"
"121.3910","0.8833","0.0011"
"121.4110","0.8053","0.0011"
"121.4310","0.7246","0.0012"
"121.4510","0.6424","0.0013"
"121.4710","0.5602","0.0012"
"121.4910","0.4791","0.0012"
"121.5110","0.3989","0.0011"
"121.5310","0.3191","0.0010"
"121.5510","0.2392","0.0008"
"121.5710","0.1592","0.0003"
"121.5860","0.0991","-0.0002"
"121.5870","0.0951","-0.0002"
"121.5880","0.0911","-0.0003"
"121.6080","0.0120","-0.0006"
"121.6280","-0.0524","-0.0004"
"121.6480","-0.0817","-0.0005"
"121.6680","-0.0682","-0.0002"
"121.6880","-0.0140","0.0000"
"121.7080","0.0646","0.0001"
"121.7280","0.1452","0.0006"
"121.7480","0.2227","0.0011"
"121.7680","0.3008","0.0013"
"121.7880","0.3816","0.0013"
"121.8080","0.4638","0.0012"
"121.8280","0.5459","0.0012"
"121.8480","0.6270","0.0013"
"121.8680","0.7072","0.0013"
"121.8880","0.7870","0.0013"
"121.9080","0.8668","0.0012"
"121.9280","0.9468","0.0013"
"121.9420","1.0029","0.0013"
"121.9430","1.0069","0.0013"
"121.9440","1.0109","0.0013"
"121.9640","1.0901","0.0010"
"121.9840","1.1547","0.0004"
"122.0040","1.1848","0.0004"
"122.0240","1.1726","0.0004"
"122.0440","1.1199","0.0007"
"122.0640","1.0420","0.0013"
"122.0840","0.9614","0.0013"
"122.1040","0.8838","0.0012"
"122.1240","0.8057","0.0012"
"122.1440","0.7251","0.0012"
"122.1640","0.6429","0.0012"
"122.1840","0.5607","0.0012"
"122.2040","0.4796","0.0011"
"122.2240","0.3994","0.0012"
"122.2440","0.3195","0.0011"
"122.2640","0.2396","0.0009"
"122.2840","0.1597","0.0004"
"122.2990","0.0996","-0.0001"
"122.3000","0.0956","-0.0001"
"122.3010","0.0916","-0.0002"
"122.3210","0.0125","-0.0005"
"122.3410","-0.0519","-0.0006"
"122.3610","-0.0813","-0.0005"
"122.3810","-0.0680","-0.0003"
"122.4010","-0.0138","0.0000"
"122.4210","0.0647","0.0002"
"122.4410","0.1453","0.0009"
"122.4610","0.2227","0.0012"
"122.4810","0.3008","0.0014"
"122.5010","0.3816","0.0013"
"122.5210","0.4639","0.0013"
"122.5410","0.5460","0.0012"
"122.5610","0.6271","0.0012"
"122.5810","0.7072","0.0012"
"122.6010","0.7870","0.0012"
"122.6210","0.8669","0.0013"
"122.6410","0.9469","0.0013"
"122.6550","1.0030","0.0013"
"122.6560","1.0070","0.0013"
"122.6570","1.0110","0.0013"
"122.6770","1.0901","0.0009"
"122.6970","1.1548","0.0004"
"122.7170","1.1848","0.0003"
"122.7370","1.1726","0.0003"
"122.7570","1.1198","0.0006"
"122.7770","1.0419","0.0012"
"122.7970","0.9613","0.0012"
"122.8170","0.8837","0.0011"
"122.8370","0.8056","0.0012"
"122.8570","0.7250","0.0012"
"122.8770","0.6428","0.0012"
"122.8970","0.5607","0.0013"
"122.9170","0.4795","0.0012"
"122.9370","0.3993","0.0012"
"122.9570","0.3195","0.0011"
"122.9770","0.2396","0.0009"
"122.9970","0.1596","0.0004"
"123.0120","0.0995","-0.0002"
