Time,Displacement,Force
(s),(mm),(kN)
"0.0000","0.0000","0.0000"
"0.0200","0.0000","0.0001"
"0.0230","0.0000","0.0001"
"0.0430","0.0000","0.0000"
"0.0630","0.0000","0.0001"
"0.0830","0.0000","0.0001"
"0.1030","0.0001","0.0001"
"0.1230","0.0003","0.0000"
"0.1430","0.0003","-0.0001"
"0.1630","0.0004","-0.0001"
"0.1830","0.0004","0.0000"
"0.2030","0.0004","0.0000"
"0.2230","0.0006","0.0000"
"0.2430","0.0010","0.0000"
"0.2630","0.0017","0.0000"
"0.2830","0.0025","0.0000"
"0.3030","0.0031","0.0001"
"0.3230","0.0036","0.0001"
"0.3430","0.0039","0.0000"
"0.3630","0.0043","0.0000"
"0.3830","0.0046","0.0000"
"0.4030","0.0050","0.0000"
"0.4230","0.0053","0.0000"
"0.4430","0.0055","0.0000"
"0.4630","0.0058","0.0001"
"0.4830","0.0061","0.0001"
"0.5030","0.0064","0.0001"
"0.5230","0.0068","0.0002"
"0.5430","0.0072","0.0001"
"0.5630","0.0077","0.0001"
"0.5830","0.0081","0.0001"
"0.6030","0.0085","0.0002"
"0.6230","0.0088","0.0002"
"0.6430","0.0091","0.0001"
"0.6630","0.0094","0.0001"
"0.6830","0.0097","0.0000"
"0.7030","0.0100","0.0001"
"0.7230","0.0103","0.0000"
"0.7430","0.0106","0.0000"
"0.7630","0.0109","0.0000"
"0.7830","0.0111","0.0000"
"0.8030","0.0114","0.0000"
"0.8230","0.0117","0.0001"
"0.8430","0.0121","0.0001"
"0.8630","0.0125","0.0000"
"0.8830","0.0130","0.0000"
"0.9030","0.0134","0.0000"
"0.9230","0.0138","0.0001"
"0.9430","0.0141","0.0002"
"0.9630","0.0144","0.0002"
"0.9830","0.0146","0.0002"
"1.0030","0.0149","0.0002"
"1.0230","0.0152","0.0001"
"1.0430","0.0156","0.0001"
"1.0630","0.0161","0.0000"
"1.0830","0.0164","0.0000"
"1.1030","0.0167","0.0001"
"1.1230","0.0170","0.0002"
"1.1430","0.0172","0.0002"
"1.1630","0.0174","0.0002"
"1.1830","0.0177","0.0001"
"1.2030","0.0181","0.0000"
"1.2230","0.0185","0.0001"
"1.2430","0.0190","0.0002"
"1.2630","0.0194","0.0003"
"1.2830","0.0198","0.0002"
"1.3030","0.0202","0.0001"
"1.3230","0.0205","0.0002"
"1.3430","0.0208","0.0002"
"1.3630","0.0211","0.0002"
"1.3830","0.0214","0.0002"
"1.4030","0.0217","0.0001"
"1.4230","0.0220","0.0001"
"1.4430","0.0222","0.0001"
"1.4630","0.0225","0.0002"
"1.4830","0.0228","0.0002"
"1.5030","0.0231","0.0002"
"1.5230","0.0234","0.0003"
"1.5430","0.0238","0.0003"
"1.5630","0.0242","0.0002"
"1.5830","0.0247","0.0003"
"1.6030","0.0251","0.0003"
"1.6230","0.0255","0.0002"
"1.6430","0.0258","0.0003"
"1.6630","0.0260","0.0004"
"1.6830","0.0263","0.0003"
"1.7030","0.0266","0.0003"
"1.7230","0.0270","0.0002"
"1.7430","0.0274","0.0002"
"1.7630","0.0278","0.0003"
"1.7830","0.0281","0.0003"
"1.8030","0.0284","0.0003"
"1.8230","0.0286","0.0003"
"1.8430","0.0288","0.0003"
"1.8630","0.0291","0.0002"
"1.8830","0.0294","0.0002"
"1.9030","0.0298","0.0003"
"1.9230","0.0302","0.0003"
"1.9430","0.0307","0.0003"
"1.9630","0.0311","0.0003"
"1.9830","0.0315","0.0003"
"2.0030","0.0318","0.0003"
"2.0230","0.0321","0.0002"
"2.0430","0.0324","0.0002"
"2.0630","0.0327","0.0003"
"2.0830","0.0330","0.0002"
"2.1030","0.0334","0.0002"
"2.1230","0.0336","0.0003"
"2.1430","0.0339","0.0002"
"2.1630","0.0342","0.0002"
"2.1830","0.0345","0.0002"
"2.2030","0.0348","0.0002"
"2.2230","0.0352","0.0002"
"2.2430","0.0356","0.0002"
"2.2630","0.0361","0.0003"
"2.2830","0.0365","0.0003"
"2.3030","0.0369","0.0003"
"2.3230","0.0371","0.0004"
"2.3430","0.0374","0.0004"
"2.3630","0.0376","0.0004"
"2.3830","0.0379","0.0004"
"2.4030","0.0383","0.0004"
"2.4230","0.0387","0.0004"
"2.4430","0.0391","0.0004"
"2.4630","0.0394","0.0004"
"2.4830","0.0397","0.0003"
"2.5030","0.0399","0.0003"
"2.5230","0.0401","0.0003"
"2.5430","0.0404","0.0003"
"2.5630","0.0407","0.0004"
"2.5830","0.0411","0.0004"
"2.6030","0.0415","0.0004"
"2.6230","0.0420","0.0004"
"2.6430","0.0424","0.0004"
"2.6630","0.0428","0.0004"
"2.6830","0.0432","0.0003"
"2.7030","0.0435","0.0003"
"2.7230","0.0438","0.0003"
"2.7430","0.0441","0.0004"
"2.7630","0.0444","0.0004"
"2.7830","0.0447","0.0004"
"2.8030","0.0450","0.0003"
"2.8230","0.0453","0.0003"
"2.8430","0.0455","0.0003"
"2.8630","0.0458","0.0004"
"2.8830","0.0461","0.0004"
"2.9030","0.0464","0.0002"
"2.9230","0.0469","0.0002"
"2.9430","0.0473","0.0003"
"2.9630","0.0478","0.0004"
"2.9830","0.0482","0.0004"
"3.0030","0.0485","0.0005"
"3.0230","0.0487","0.0005"
"3.0430","0.0490","0.0004"
"3.0630","0.0492","0.0005"
"3.0830","0.0495","0.0004"
"3.1030","0.0499","0.0004"
"3.1230","0.0503","0.0003"
"3.1430","0.0507","0.0004"
"3.1630","0.0511","0.0004"
"3.1830","0.0513","0.0003"
"3.2030","0.0515","0.0004"
"3.2230","0.0518","0.0004"
"3.2430","0.0521","0.0004"
"3.2630","0.0524","0.0004"
"3.2830","0.0528","0.0004"
"3.3030","0.0532","0.0003"
"3.3230","0.0537","0.0004"
"3.3430","0.0541","0.0004"
"3.3630","0.0545","0.0004"
"3.3830","0.0548","0.0005"
"3.4030","0.0551","0.0004"
"3.4230","0.0554","0.0004"
"3.4430","0.0557","0.0004"
"3.4630","0.0561","0.0004"
"3.4830","0.0564","0.0003"
"3.5030","0.0567","0.0004"
"3.5230","0.0569","0.0004"
"3.5430","0.0571","0.0004"
"3.5630","0.0574","0.0004"
"3.5830","0.0577","0.0004"
"3.6030","0.0581","0.0004"
"3.6230","0.0585","0.0005"
"3.6430","0.0590","0.0005"
"3.6630","0.0594","0.0004"
"3.6830","0.0598","0.0005"
"3.7030","0.0601","0.0004"
"3.7230","0.0604","0.0004"
"3.7430","0.0606","0.0004"
"3.7630","0.0609","0.0005"
"3.7830","0.0612","0.0005"
"3.8030","0.0616","0.0005"
"3.8230","0.0620","0.0005"
"3.8430","0.0624","0.0005"
"3.8630","0.0627","0.0005"
"3.8830","0.0629","0.0005"
"3.9030","0.0631","0.0005"
"3.9230","0.0634","0.0005"
"3.9430","0.0637","0.0005"
"3.9630","0.0641","0.0005"
"3.9830","0.0645","0.0004"
"4.0030","0.0650","0.0004"
"4.0230","0.0654","0.0004"
"4.0430","0.0658","0.0005"
"4.0630","0.0662","0.0005"
"4.0830","0.0665","0.0005"
"4.1030","0.0667","0.0005"
"4.1230","0.0670","0.0005"
"4.1430","0.0674","0.0005"
"4.1630","0.0677","0.0004"
"4.1830","0.0680","0.0004"
"4.2030","0.0682","0.0005"
"4.2230","0.0685","0.0005"
"4.2430","0.0688","0.0005"
"4.2630","0.0691","0.0005"
"4.2830","0.0694","0.0005"
"4.3030","0.0699","0.0005"
"4.3230","0.0703","0.0004"
"4.3430","0.0708","0.0004"
"4.3630","0.0712","0.0005"
"4.3830","0.0715","0.0006"
"4.4030","0.0718","0.0005"
"4.4230","0.0720","0.0005"
"4.4430","0.0723","0.0005"
"4.4630","0.0726","0.0005"
"4.4830","0.0730","0.0005"
"4.5030","0.0734","0.0005"
"4.5230","0.0737","0.0005"
"4.5430","0.0740","0.0006"
"4.5630","0.0743","0.0006"
"4.5830","0.0745","0.0006"
"4.6030","0.0747","0.0005"
"4.6230","0.0750","0.0005"
"4.6430","0.0754","0.0007"
"4.6630","0.0758","0.0006"
"4.6830","0.0762","0.0005"
"4.7030","0.0767","0.0005"
"4.7230","0.0771","0.0006"
"4.7430","0.0775","0.0006"
"4.7630","0.0778","0.0006"
"4.7830","0.0781","0.0006"
"4.8030","0.0784","0.0005"
"4.8230","0.0788","0.0005"
"4.8430","0.0791","0.0006"
"4.8630","0.0794","0.0006"
"4.8830","0.0796","0.0005"
"4.9030","0.0799","0.0005"
"4.9230","0.0801","0.0006"
"4.9430","0.0804","0.0006"
"4.9630","0.0808","0.0006"
"4.9830","0.0812","0.0005"
"5.0030","0.0816","0.0005"
"5.0230","0.0821","0.0006"
"5.0430","0.0825","0.0006"
"5.0630","0.0829","0.0006"
"5.0830","0.0832","0.0006"
"5.1030","0.0834","0.0005"
"5.1230","0.0836","0.0005"
"5.1430","0.0839","0.0005"
"5.1630","0.0842","0.0005"
"5.1830","0.0846","0.0007"
"5.2030","0.0850","0.0006"
"5.2230","0.0854","0.0005"
"5.2430","0.0856","0.0006"
"5.2630","0.0859","0.0007"
"5.2830","0.0861","0.0007"
"5.3030","0.0864","0.0007"
"5.3230","0.0867","0.0006"
"5.3430","0.0871","0.0006"
"5.3630","0.0876","0.0006"
"5.3830","0.0880","0.0006"
"5.4030","0.0885","0.0006"
"5.4230","0.0889","0.0007"
"5.4430","0.0892","0.0007"
"5.4630","0.0895","0.0007"
"5.4830","0.0898","0.0007"
"5.5030","0.0901","0.0007"
"5.5230","0.0904","0.0006"
"5.5430","0.0907","0.0006"
"5.5630","0.0910","0.0006"
"5.5830","0.0912","0.0007"
"5.6030","0.0915","0.0007"
"5.6230","0.0917","0.0007"
"5.6430","0.0921","0.0007"
"5.6630","0.0925","0.0006"
"5.6830","0.0929","0.0007"
"5.7030","0.0934","0.0006"
"5.7230","0.0938","0.0007"
"5.7430","0.0942","0.0007"
"5.7630","0.0945","0.0006"
"5.7830","0.0948","0.0007"
"5.8030","0.0950","0.0006"
"5.8230","0.0953","0.0006"
"5.8430","0.0956","0.0006"
"5.8630","0.0960","0.0006"
"5.8830","0.0964","0.0006"
"5.9030","0.0968","0.0006"
"5.9230","0.0970","0.0006"
"5.9430","0.0973","0.0006"
"5.9630","0.0975","0.0006"
"5.9830","0.0977","0.0006"
"6.0030","0.0981","0.0007"
"6.0230","0.0984","0.0008"
"6.0430","0.0988","0.0008"
"6.0630","0.0993","0.0007"
"6.0830","0.0997","0.0007"
"6.0960","0.1000","0.0007"
"6.0970","0.1000","0.0007"
"6.0980","0.1001","0.0006"
"6.1180","0.1004","0.0006"
"6.1380","0.1006","0.0006"
"6.1580","0.1007","0.0006"
"6.1780","0.1007","0.0006"
"6.1980","0.1006","0.0006"
"6.2180","0.1006","0.0007"
"6.2380","0.1006","0.0007"
"6.2580","0.1006","0.0007"
"6.2780","0.1006","0.0007"
"6.2980","0.1006","0.0007"
"6.3180","0.1006","0.0007"
"6.3380","0.1005","0.0007"
"6.3580","0.1005","0.0007"
"6.3780","0.1005","0.0007"
"6.3980","0.1005","0.0007"
"6.4180","0.1005","0.0007"
"6.4380","0.1005","0.0007"
"6.4580","0.1004","0.0006"
"6.4780","0.1004","0.0007"
"6.4980","0.1004","0.0007"
"6.5180","0.1003","0.0007"
"6.5380","0.1003","0.0007"
"6.5580","0.1003","0.0007"
"6.5780","0.1003","0.0006"
"6.5980","0.1003","0.0007"
"6.6180","0.1002","0.0007"
"6.6380","0.1002","0.0007"
"6.6580","0.1002","0.0007"
"6.6780","0.1002","0.0007"
"6.6980","0.1002","0.0007"
"6.7180","0.1001","0.0006"
"6.7380","0.1001","0.0006"
"6.7580","0.1001","0.0006"
"6.7780","0.1001","0.0007"
"6.7980","0.1001","0.0007"
"6.8180","0.1000","0.0007"
"6.8380","0.1000","0.0008"
"6.8580","0.1000","0.0008"
"6.8780","0.1000","0.0007"
"6.8980","0.1000","0.0007"
"6.9180","0.1000","0.0006"
"6.9380","0.1000","0.0006"
"6.9580","0.1000","0.0007"
"6.9780","0.1000","0.0008"
"6.9980","0.1000","0.0007"
"7.0180","0.1000","0.0007"
"7.0380","0.1000","0.0007"
"7.0580","0.1000","0.0007"
"7.0780","0.1000","0.0007"
"7.0980","0.1000","0.0007"
"7.1180","0.1000","0.0007"
"7.1380","0.1000","0.0006"
"7.1580","0.1000","0.0007"
"7.1780","0.1000","0.0007"
"7.1980","0.1000","0.0007"
"7.2180","0.1000","0.0006"
"7.2380","0.1000","0.0006"
"7.2580","0.1000","0.0006"
"7.2780","0.1000","0.0006"
"7.2980","0.1000","0.0006"
"7.3180","0.1000","0.0006"
"7.3380","0.1000","0.0006"
"7.3580","0.1000","0.0006"
"7.3780","0.1000","0.0007"
"7.3980","0.1000","0.0007"
"7.4180","0.1000","0.0008"
"7.4380","0.1000","0.0008"
"7.4580","0.1000","0.0008"
"7.4780","0.1000","0.0007"
"7.4980","0.1000","0.0007"
"7.5180","0.1000","0.0007"
"7.5380","0.1000","0.0008"
"7.5580","0.1000","0.0007"
"7.5780","0.1000","0.0007"
"7.5980","0.1000","0.0008"
"7.6180","0.1000","0.0008"
"7.6380","0.1000","0.0009"
"7.6580","0.1000","0.0008"
"7.6780","0.1000","0.0007"
"7.6980","0.1000","0.0007"
"7.7180","0.1000","0.0007"
"7.7380","0.1000","0.0007"
"7.7580","0.1000","0.0007"
"7.7780","0.1000","0.0007"
"7.7980","0.1000","0.0006"
"7.8180","0.1000","0.0006"
"7.8380","0.1000","0.0006"
"7.8580","0.1000","0.0007"
"7.8780","0.1000","0.0008"
"7.8980","0.1000","0.0008"
"7.9180","0.1000","0.0008"
"7.9380","0.1000","0.0006"
"7.9580","0.1000","0.0006"
"7.9780","0.1000","0.0007"
"7.9980","0.1000","0.0007"
"8.0180","0.1000","0.0007"
"8.0380","0.1000","0.0006"
"8.0580","0.1000","0.0007"
"8.0780","0.1000","0.0007"
"8.0980","0.1000","0.0007"
"8.1180","0.1000","0.0007"
"8.1380","0.1000","0.0007"
"8.1580","0.1000","0.0007"
"8.1780","0.1000","0.0008"
"8.1980","0.1000","0.0007"
"8.2180","0.1000","0.0007"
"8.2380","0.1000","0.0007"
"8.2580","0.1000","0.0007"
"8.2780","0.1000","0.0006"
"8.2980","0.1000","0.0007"
"8.3180","0.1000","0.0006"
"8.3380","0.1000","0.0006"
"8.3580","0.1000","0.0008"
"8.3780","0.1000","0.0008"
"8.3980","0.1000","0.0007"
"8.4180","0.1000","0.0007"
"8.4380","0.1000","0.0006"
"8.4580","0.1000","0.0006"
"8.4780","0.1000","0.0006"
"8.4980","0.1000","0.0006"
"8.5180","0.1000","0.0007"
"8.5380","0.1000","0.0007"
"8.5580","0.1000","0.0007"
"8.5780","0.1000","0.0007"
"8.5980","0.1000","0.0007"
"8.6180","0.1000","0.0007"
"8.6380","0.1000","0.0007"
"8.6580","0.1000","0.0007"
"8.6780","0.1000","0.0007"
"8.6980","0.1000","0.0008"
"8.7180","0.1000","0.0007"
"8.7380","0.1000","0.0007"
"8.7580","0.1000","0.0008"
"8.7780","0.1000","0.0007"
"8.7980","0.1000","0.0007"
"8.8180","0.1000","0.0008"
"8.8380","0.1000","0.0007"
"8.8580","0.1000","0.0008"
"8.8780","0.1000","0.0008"
"8.8980","0.1000","0.0008"
"8.9180","0.1000","0.0007"
"8.9380","0.1000","0.0007"
"8.9580","0.1000","0.0006"
"8.9780","0.1000","0.0006"
"8.9980","0.1000","0.0006"
"9.0180","0.1000","0.0006"
"9.0380","0.1000","0.0006"
"9.0580","0.1000","0.0007"
"9.0780","0.1000","0.0007"
"9.0980","0.1000","0.0007"
"9.1180","0.1000","0.0007"
"9.1380","0.1000","0.0006"
"9.1580","0.1000","0.0006"
"9.1780","0.1000","0.0007"
"9.1980","0.1000","0.0007"
"9.2180","0.1000","0.0007"
"9.2380","0.1000","0.0007"
"9.2580","0.1000","0.0007"
"9.2780","0.1000","0.0007"
"9.2980","0.1000","0.0008"
"9.3180","0.1000","0.0007"
"9.3380","0.1000","0.0008"
"9.3580","0.1000","0.0008"
"9.3780","0.1000","0.0008"
"9.3980","0.1000","0.0006"
"9.4180","0.1000","0.0007"
"9.4380","0.1000","0.0008"
"9.4580","0.1000","0.0008"
"9.4780","0.1000","0.0007"
"9.4980","0.1000","0.0007"
"9.5180","0.1000","0.0006"
"9.5380","0.1000","0.0006"
"9.5580","0.1000","0.0007"
"9.5780","0.1000","0.0007"
"9.5980","0.1000","0.0007"
"9.6180","0.1000","0.0006"
"9.6380","0.1000","0.0006"
"9.6580","0.1000","0.0007"
"9.6780","0.1000","0.0007"
"9.6980","0.1000","0.0007"
"9.7180","0.1000","0.0007"
"9.7380","0.1000","0.0007"
"9.7580","0.1000","0.0007"
"9.7780","0.1000","0.0007"
"9.7980","0.1000","0.0007"
"9.8180","0.1000","0.0007"
"9.8380","0.1000","0.0006"
"9.8580","0.1000","0.0005"
"9.8780","0.1000","0.0006"
"9.8980","0.1000","0.0007"
"9.9180","0.1000","0.0008"
"9.9380","0.1000","0.0007"
"9.9580","0.1000","0.0007"
"9.9780","0.1000","0.0007"
"9.9980","0.1000","0.0007"
"10.0180","0.1000","0.0007"
"10.0380","0.1000","0.0007"
"10.0580","0.1000","0.0007"
"10.0780","0.1000","0.0007"
"10.0980","0.1000","0.0007"
"10.1180","0.1000","0.0008"
"10.1380","0.1000","0.0007"
"10.1580","0.1000","0.0007"
"10.1780","0.1000","0.0007"
"10.1980","0.1000","0.0007"
"10.2180","0.1000","0.0007"
"10.2380","0.1000","0.0007"
"10.2580","0.1000","0.0007"
"10.2780","0.1000","0.0007"
"10.2980","0.1000","0.0008"
"10.3180","0.1000","0.0008"
"10.3380","0.1000","0.0007"
"10.3580","0.1000","0.0007"
"10.3780","0.1000","0.0007"
"10.3980","0.1000","0.0007"
"10.4180","0.1000","0.0007"
"10.4380","0.1000","0.0008"
"10.4580","0.1000","0.0007"
"10.4780","0.1000","0.0007"
"10.4980","0.1000","0.0007"
"10.5180","0.1000","0.0007"
"10.5380","0.1000","0.0007"
"10.5580","0.1000","0.0007"
"10.5780","0.1000","0.0007"
"10.5980","0.1000","0.0007"
"10.6180","0.1000","0.0007"
"10.6380","0.1000","0.0007"
"10.6580","0.1000","0.0007"
"10.6780","0.1000","0.0006"
"10.6980","0.1000","0.0006"
"10.7180","0.1000","0.0007"
"10.7380","0.1000","0.0008"
"10.7580","0.1000","0.0007"
"10.7780","0.1000","0.0006"
"10.7980","0.1000","0.0007"
"10.8180","0.1000","0.0006"
"10.8380","0.1000","0.0007"
"10.8580","0.1000","0.0007"
"10.8780","0.1000","0.0006"
"10.8980","0.1000","0.0006"
"10.9180","0.1000","0.0007"
"10.9380","0.1000","0.0007"
"10.9580","0.1000","0.0007"
"10.9780","0.1000","0.0007"
"10.9980","0.1000","0.0007"
"11.0180","0.1000","0.0006"
"11.0380","0.1000","0.0007"
"11.0580","0.1000","0.0007"
"11.0780","0.1000","0.0008"
"11.0980","0.1000","0.0007"
"11.1180","0.1000","0.0006"
"11.1380","0.1000","0.0007"
"11.1580","0.1000","0.0007"
"11.1780","0.1000","0.0006"
"11.1980","0.1000","0.0007"
"11.2180","0.1000","0.0007"
"11.2380","0.1000","0.0007"
"11.2580","0.1000","0.0007"
"11.2780","0.1000","0.0007"
"11.2980","0.1000","0.0008"
"11.3180","0.1000","0.0007"
"11.3380","0.1000","0.0007"
"11.3580","0.1000","0.0007"
"11.3780","0.1000","0.0007"
"11.3980","0.1000","0.0008"
"11.4180","0.1000","0.0007"
"11.4380","0.1000","0.0006"
"11.4580","0.1000","0.0006"
"11.4780","0.1000","0.0006"
"11.4980","0.1000","0.0007"
"11.5180","0.1000","0.0006"
"11.5380","0.1000","0.0006"
"11.5580","0.1000","0.0007"
"11.5780","0.1000","0.0007"
"11.5980","0.1000","0.0007"
"11.6180","0.1000","0.0007"
"11.6380","0.1000","0.0007"
"11.6580","0.1000","0.0007"
"11.6780","0.1000","0.0008"
"11.6980","0.1000","0.0008"
"11.7180","0.1000","0.0007"
"11.7380","0.1000","0.0007"
"11.7580","0.1000","0.0007"
"11.7780","0.1000","0.0007"
"11.7980","0.1000","0.0007"
"11.8180","0.1000","0.0007"
"11.8380","0.1000","0.0006"
"11.8580","0.1000","0.0007"
"11.8780","0.1000","0.0007"
"11.8980","0.1000","0.0006"
"11.9180","0.1000","0.0006"
"11.9380","0.1000","0.0007"
"11.9580","0.1000","0.0007"
"11.9780","0.1000","0.0007"
"11.9980","0.1000","0.0007"
"12.0180","0.1000","0.0007"
"12.0380","0.1000","0.0008"
"12.0580","0.1000","0.0008"
"12.0780","0.1000","0.0008"
"12.0980","0.1000","0.0007"
"12.1180","0.1000","0.0006"
"12.1380","0.1000","0.0007"
"12.1580","0.1000","0.0007"
"12.1780","0.1000","0.0007"
"12.1980","0.1000","0.0007"
"12.2180","0.1000","0.0007"
"12.2380","0.1000","0.0007"
"12.2580","0.1000","0.0007"
"12.2780","0.1000","0.0006"
"12.2980","0.1000","0.0006"
"12.3180","0.1000","0.0007"
"12.3380","0.1000","0.0006"
"12.3580","0.1000","0.0007"
"12.3780","0.1000","0.0007"
"12.3980","0.1000","0.0007"
"12.4180","0.1000","0.0008"
"12.4380","0.1000","0.0007"
"12.4580","0.1000","0.0007"
"12.4780","0.1000","0.0007"
"12.4980","0.1000","0.0007"
"12.5180","0.1000","0.0007"
"12.5380","0.1000","0.0006"
"12.5580","0.1000","0.0005"
"12.5780","0.1000","0.0006"
"12.5980","0.1000","0.0007"
"12.6180","0.1000","0.0007"
"12.6380","0.1000","0.0007"
"12.6580","0.1000","0.0007"
"12.6780","0.1000","0.0007"
"12.6980","0.1000","0.0007"
"12.7180","0.1000","0.0006"
"12.7380","0.1000","0.0007"
"12.7580","0.1000","0.0006"
"12.7780","0.1000","0.0006"
"12.7980","0.1000","0.0007"
"12.8180","0.1000","0.0007"
"12.8380","0.1000","0.0006"
"12.8580","0.1000","0.0007"
"12.8780","0.1000","0.0007"
"12.8980","0.1000","0.0008"
"12.9180","0.1000","0.0008"
"12.9380","0.1000","0.0007"
"12.9580","0.1000","0.0006"
"12.9780","0.1000","0.0007"
"12.9980","0.1000","0.0007"
"13.0180","0.1000","0.0007"
"13.0380","0.1000","0.0007"
"13.0580","0.1000","0.0006"
"13.0780","0.1000","0.0006"
"13.0980","0.1000","0.0007"
"13.1180","0.1000","0.0007"
"13.1380","0.1000","0.0007"
"13.1580","0.1000","0.0007"
"13.1780","0.1000","0.0007"
"13.1980","0.1000","0.0007"
"13.2180","0.1000","0.0007"
"13.2380","0.1000","0.0007"
"13.2580","0.1000","0.0007"
"13.2780","0.1000","0.0007"
"13.2980","0.1000","0.0007"
"13.3180","0.1000","0.0007"
"13.3380","0.1000","0.0007"
"13.3580","0.1000","0.0007"
"13.3780","0.1000","0.0007"
"13.3980","0.1000","0.0007"
"13.4180","0.1000","0.0007"
"13.4380","0.1000","0.0008"
"13.4580","0.1000","0.0008"
"13.4780","0.1000","0.0008"
"13.4980","0.1000","0.0008"
"13.5180","0.1000","0.0008"
"13.5380","0.1000","0.0007"
"13.5580","0.1000","0.0007"
"13.5780","0.1000","0.0007"
"13.5980","0.1000","0.0008"
"13.6180","0.1000","0.0007"
"13.6380","0.1000","0.0007"
"13.6580","0.1000","0.0007"
"13.6780","0.1000","0.0007"
"13.6980","0.1000","0.0008"
"13.7180","0.1000","0.0007"
"13.7380","0.1000","0.0007"
"13.7580","0.1000","0.0006"
"13.7780","0.1000","0.0007"
"13.7980","0.1000","0.0007"
"13.8180","0.1000","0.0007"
"13.8380","0.1000","0.0006"
"13.8580","0.1000","0.0007"
"13.8780","0.1000","0.0006"
"13.8980","0.1000","0.0006"
"13.9180","0.1000","0.0006"
"13.9380","0.1000","0.0007"
"13.9580","0.1000","0.0007"
"13.9780","0.1000","0.0007"
"13.9980","0.1000","0.0007"
"14.0180","0.1000","0.0007"
"14.0380","0.1000","0.0007"
"14.0580","0.1000","0.0007"
"14.0780","0.1000","0.0007"
"14.0980","0.1000","0.0006"
"14.1180","0.1000","0.0007"
"14.1380","0.1000","0.0007"
"14.1580","0.1000","0.0007"
"14.1780","0.1000","0.0007"
"14.1980","0.1000","0.0006"
"14.2180","0.1000","0.0007"
"14.2380","0.1000","0.0007"
"14.2580","0.1000","0.0008"
"14.2780","0.1000","0.0008"
"14.2980","0.1000","0.0007"
"14.3180","0.1000","0.0006"
"14.3380","0.1000","0.0007"
"14.3580","0.1000","0.0007"
"14.3780","0.1000","0.0006"
"14.3980","0.1000","0.0007"
"14.4180","0.1000","0.0007"
"14.4380","0.1000","0.0007"
"14.4580","0.1000","0.0008"
"14.4780","0.1000","0.0007"
"14.4980","0.1000","0.0007"
"14.5180","0.1000","0.0007"
"14.5380","0.1000","0.0006"
"14.5580","0.1000","0.0007"
"14.5780","0.1000","0.0008"
"14.5980","0.1000","0.0008"
"14.6180","0.1000","0.0007"
"14.6380","0.1000","0.0006"
"14.6580","0.1000","0.0006"
"14.6780","0.1000","0.0007"
"14.6980","0.1000","0.0008"
"14.7180","0.1000","0.0008"
"14.7380","0.1000","0.0007"
"14.7580","0.1000","0.0007"
"14.7780","0.1000","0.0007"
"14.7980","0.1000","0.0006"
"14.8180","0.1000","0.0007"
"14.8380","0.1000","0.0006"
"14.8580","0.1000","0.0007"
"14.8780","0.1000","0.0006"
"14.8980","0.1000","0.0007"
"14.9180","0.1000","0.0007"
"14.9380","0.1000","0.0007"
"14.9580","0.1000","0.0007"
"14.9780","0.1000","0.0007"
"14.9980","0.1000","0.0007"
"15.0180","0.1000","0.0007"
"15.0380","0.1000","0.0008"
"15.0580","0.1000","0.0008"
"15.0780","0.1000","0.0007"
"15.0980","0.1000","0.0007"
"15.1180","0.1000","0.0006"
"15.1380","0.1000","0.0006"
"15.1580","0.1000","0.0007"
"15.1780","0.1000","0.0008"
"15.1980","0.1000","0.0008"
"15.2180","0.1000","0.0008"
"15.2380","0.1000","0.0008"
"15.2580","0.1000","0.0006"
"15.2780","0.1000","0.0005"
"15.2980","0.1000","0.0007"
"15.3180","0.1000","0.0007"
"15.3380","0.1000","0.0007"
"15.3580","0.1000","0.0007"
"15.3780","0.1000","0.0007"
"15.3980","0.1000","0.0007"
"15.4180","0.1000","0.0006"
"15.4380","0.1000","0.0006"
"15.4580","0.1000","0.0007"
"15.4780","0.1000","0.0007"
"15.4980","0.1000","0.0007"
"15.5180","0.1000","0.0008"
"15.5380","0.1000","0.0008"
"15.5580","0.1000","0.0007"
"15.5780","0.1000","0.0006"
"15.5980","0.1000","0.0006"
"15.6180","0.1000","0.0006"
"15.6380","0.1000","0.0006"
"15.6580","0.1000","0.0007"
"15.6780","0.1000","0.0007"
"15.6980","0.1000","0.0007"
"15.7180","0.1000","0.0007"
"15.7380","0.1000","0.0007"
"15.7580","0.1000","0.0006"
"15.7780","0.1000","0.0007"
"15.7980","0.1000","0.0007"
"15.8180","0.1000","0.0007"
"15.8380","0.1000","0.0007"
"15.8580","0.1000","0.0007"
"15.8780","0.1000","0.0007"
"15.8980","0.1000","0.0007"
"15.9180","0.1000","0.0007"
"15.9380","0.1000","0.0007"
"15.9580","0.1000","0.0006"
"15.9780","0.1000","0.0006"
"15.9980","0.1000","0.0006"
"16.0180","0.1000","0.0006"
"16.0380","0.1000","0.0007"
"16.0580","0.1000","0.0006"
"16.0780","0.1000","0.0006"
"16.0970","0.1000","0.0007"
"16.0980","0.1000","0.0007"
"16.1180","0.1000","0.0007"
"16.1190","0.1000","0.0007"
"16.1390","0.1005","0.0009"
"16.1590","0.1113","0.0014"
"16.1790","0.1500","0.0019"
"16.1990","0.2185","0.0020"
"16.2190","0.2978","0.0026"
"16.2390","0.3770","0.0033"
"16.2590","0.4561","0.0039"
"16.2790","0.5367","0.0041"
"16.2990","0.6185","0.0042"
"16.3190","0.7003","0.0042"
"16.3390","0.7812","0.0041"
"16.3590","0.8614","0.0040"
"16.3790","0.9413","0.0040"
"16.3940","1.0012","0.0040"
"16.3950","1.0052","0.0040"
"16.3960","1.0092","0.0040"
"16.4160","1.0882","0.0039"
"16.4360","1.1528","0.0034"
"16.4560","1.1832","0.0033"
"16.4760","1.1718","0.0033"
"16.4960","1.1201","0.0036"
"16.5160","1.0424","0.0042"
"16.5360","0.9613","0.0042"
"16.5560","0.8836","0.0040"
"16.5760","0.8059","0.0040"
"16.5960","0.7255","0.0039"
"16.6160","0.6435","0.0038"
"16.6360","0.5614","0.0035"
"16.6560","0.4802","0.0030"
"16.6760","0.4000","0.0023"
"16.6960","0.3202","0.0016"
"16.7160","0.2403","0.0009"
"16.7360","0.1603","0.0003"
"16.7520","0.0962","-0.0003"
"16.7530","0.0922","-0.0003"
"16.7540","0.0882","-0.0004"
"16.7740","0.0091","-0.0006"
"16.7940","-0.0550","-0.0006"
"16.8140","-0.0838","-0.0005"
"16.8340","-0.0694","-0.0003"
"16.8540","-0.0141","0.0000"
"16.8740","0.0646","0.0003"
"16.8940","0.1450","0.0009"
"16.9140","0.2227","0.0018"
"16.9340","0.3010","0.0024"
"16.9540","0.3819","0.0031"
"16.9740","0.4643","0.0036"
"16.9940","0.5463","0.0040"
"17.0140","0.6272","0.0042"
"17.0340","0.7073","0.0042"
"17.0540","0.7872","0.0042"
"17.0740","0.8670","0.0041"
"17.0940","0.9471","0.0041"
"17.1080","1.0031","0.0041"
"17.1090","1.0071","0.0041"
"17.1100","1.0112","0.0041"
"17.1300","1.0902","0.0039"
"17.1500","1.1549","0.0034"
"17.1700","1.1854","0.0033"
"17.1900","1.1740","0.0032"
"17.2100","1.1224","0.0034"
"17.2300","1.0447","0.0040"
"17.2500","0.9637","0.0041"
"17.2700","0.8860","0.0040"
"17.2900","0.8082","0.0040"
"17.3100","0.7279","0.0039"
"17.3300","0.6457","0.0039"
"17.3500","0.5636","0.0035"
"17.3700","0.4825","0.0029"
"17.3900","0.4023","0.0022"
"17.4100","0.3225","0.0014"
"17.4300","0.2426","0.0007"
"17.4500","0.1625","0.0002"
"17.4660","0.0985","-0.0003"
"17.4670","0.0945","-0.0004"
"17.4680","0.0904","-0.0004"
"17.4880","0.0114","-0.0007"
"17.5080","-0.0529","-0.0005"
"17.5280","-0.0817","-0.0005"
"17.5480","-0.0674","-0.0003"
"17.5680","-0.0122","-0.0001"
"17.5880","0.0665","0.0002"
"17.6080","0.1470","0.0010"
"17.6280","0.2247","0.0017"
"17.6480","0.3031","0.0024"
"17.6680","0.3839","0.0031"
"17.6880","0.4662","0.0036"
"17.7080","0.5482","0.0039"
"17.7280","0.6291","0.0041"
"17.7480","0.7093","0.0042"
"17.7680","0.7891","0.0042"
"17.7880","0.8690","0.0042"
"17.8080","0.9490","0.0041"
"17.8210","1.0011","0.0042"
"17.8220","1.0051","0.0042"
"17.8230","1.0091","0.0042"
"17.8430","1.0882","0.0040"
"17.8630","1.1528","0.0035"
"17.8830","1.1832","0.0033"
"17.9030","1.1719","0.0033"
"17.9230","1.1202","0.0035"
"17.9430","1.0425","0.0040"
"17.9630","0.9614","0.0042"
"17.9830","0.8837","0.0040"
"18.0030","0.8060","0.0040"
"18.0230","0.7257","0.0040"
"18.0430","0.6436","0.0040"
"18.0630","0.5614","0.0036"
"18.0830","0.4803","0.0029"
"18.1030","0.4001","0.0022"
"18.1230","0.3203","0.0015"
"18.1430","0.2404","0.0007"
"18.1630","0.1603","0.0001"
"18.1790","0.0963","-0.0005"
"18.1800","0.0923","-0.0005"
"18.1810","0.0882","-0.0005"
"18.2010","0.0091","-0.0008"
"18.2210","-0.0552","-0.0007"
"18.2410","-0.0842","-0.0007"
"18.2610","-0.0700","-0.0004"
"18.2810","-0.0147","-0.0001"
"18.3010","0.0650","0.0003"
"18.3210","0.1465","0.0009"
"18.3410","0.2240","0.0017"
"18.3610","0.3016","0.0023"
"18.3810","0.3816","0.0030"
"18.4010","0.4635","0.0035"
"18.4210","0.5455","0.0039"
"18.4410","0.6265","0.0040"
"18.4610","0.7067","0.0041"
"18.4810","0.7865","0.0039"
"18.5010","0.8663","0.0033"
"18.5210","0.9463","0.0030"
"18.5350","1.0024","0.0030"
"18.5360","1.0064","0.0030"
"18.5370","1.0104","0.0030"
"18.5570","1.0895","0.0027"
"18.5770","1.1541","0.0021"
"18.5970","1.1845","0.0020"
"18.6170","1.1731","0.0020"
"18.6370","1.1214","0.0024"
"18.6570","1.0436","0.0030"
"18.6770","0.9626","0.0034"
"18.6970","0.8849","0.0033"
"18.7170","0.8072","0.0031"
"18.7370","0.7269","0.0029"
"18.7570","0.6448","0.0029"
"18.7770","0.5626","0.0028"
"18.7970","0.4815","0.0026"
"18.8170","0.4013","0.0021"
"18.8370","0.3215","0.0014"
"18.8570","0.2415","0.0006"
"18.8770","0.1615","-0.0001"
"18.8930","0.0974","-0.0005"
"18.8940","0.0934","-0.0006"
"18.8950","0.0894","-0.0006"
"18.9150","0.0103","-0.0011"
"18.9350","-0.0540","-0.0009"
"18.9550","-0.0831","-0.0008"
"18.9750","-0.0690","-0.0004"
"18.9950","-0.0137","-0.0002"
"19.0150","0.0661","0.0000"
"19.0350","0.1475","0.0007"
"19.0550","0.2251","0.0015"
"19.0750","0.3026","0.0022"
"19.0950","0.3826","0.0027"
"19.1150","0.4645","0.0031"
"19.1350","0.5465","0.0034"
"19.1550","0.6275","0.0037"
"19.1750","0.7077","0.0038"
"19.1950","0.7875","0.0039"
"19.2150","0.8673","0.0041"
"19.2350","0.9473","0.0042"
"19.2490","1.0034","0.0043"
"19.2500","1.0074","0.0043"
"19.2510","1.0114","0.0043"
"19.2710","1.0905","0.0039"
"19.2910","1.1551","0.0034"
"19.3110","1.1856","0.0034"
"19.3310","1.1742","0.0033"
"19.3510","1.1225","0.0035"
"19.3710","1.0447","0.0041"
"19.3910","0.9637","0.0042"
"19.4110","0.8860","0.0040"
"19.4310","0.8083","0.0041"
"19.4510","0.7280","0.0041"
"19.4710","0.6459","0.0040"
"19.4910","0.5637","0.0035"
"19.5110","0.4826","0.0028"
"19.5310","0.4024","0.0022"
"19.5510","0.3226","0.0014"
"19.5710","0.2426","0.0006"
"19.5910","0.1626","0.0001"
"19.6070","0.0985","-0.0004"
"19.6080","0.0945","-0.0004"
"19.6090","0.0905","-0.0005"
"19.6290","0.0114","-0.0007"
"19.6490","-0.0529","-0.0007"
"19.6690","-0.0819","-0.0006"
"19.6890","-0.0678","-0.0005"
"19.7090","-0.0127","-0.0002"
"19.7290","0.0660","0.0001"
"19.7490","0.1465","0.0007"
"19.7690","0.2242","0.0015"
"19.7890","0.3025","0.0023"
"19.8090","0.3834","0.0030"
"19.8290","0.4657","0.0036"
"19.8490","0.5477","0.0041"
"19.8690","0.6286","0.0041"
"19.8890","0.7088","0.0041"
"19.9090","0.7886","0.0041"
"19.9290","0.8684","0.0041"
"19.9490","0.9485","0.0042"
"19.9620","1.0006","0.0042"
"19.9630","1.0046","0.0042"
"19.9640","1.0086","0.0042"
"19.9840","1.0877","0.0040"
"20.0040","1.1523","0.0035"
"20.0240","1.1827","0.0034"
"20.0440","1.1713","0.0033"
"20.0640","1.1196","0.0034"
"20.0840","1.0418","0.0041"
"20.1040","0.9608","0.0042"
"20.1240","0.8831","0.0039"
"20.1440","0.8054","0.0033"
"20.1640","0.7251","0.0026"
"20.1840","0.6430","0.0021"
"20.2040","0.5609","0.0015"
"20.2240","0.4797","0.0010"
"20.2440","0.3995","0.0005"
"20.2640","0.3197","0.0000"
"20.2840","0.2398","-0.0004"
"20.3040","0.1597","-0.0007"
"20.3190","0.0997","-0.0009"
"20.3200","0.0957","-0.0010"
"20.3210","0.0916","-0.0010"
"20.3410","0.0125","-0.0011"
"20.3610","-0.0518","-0.0009"
"20.3810","-0.0810","-0.0008"
"20.4010","-0.0670","-0.0005"
"20.4210","-0.0118","-0.0001"
"20.4410","0.0680","0.0000"
"20.4610","0.1495","0.0006"
"20.4810","0.2270","0.0015"
"20.5010","0.3046","0.0022"
"20.5210","0.3846","0.0027"
"20.5410","0.4665","0.0031"
"20.5610","0.5484","0.0035"
"20.5810","0.6294","0.0038"
"20.6010","0.7096","0.0039"
"20.6210","0.7895","0.0040"
"20.6410","0.8693","0.0040"
"20.6610","0.9493","0.0040"
"20.6740","1.0014","0.0040"
"20.6750","1.0054","0.0040"
"20.6760","1.0094","0.0040"
"20.6960","1.0885","0.0038"
"20.7160","1.1531","0.0033"
"20.7360","1.1835","0.0032"
"20.7560","1.1721","0.0031"
"20.7760","1.1204","0.0033"
"20.7960","1.0426","0.0038"
"20.8160","0.9616","0.0039"
"20.8360","0.8839","0.0038"
"20.8560","0.8062","0.0038"
"20.8760","0.7259","0.0037"
"20.8960","0.6438","0.0036"
"20.9160","0.5617","0.0033"
"20.9360","0.4805","0.0026"
"20.9560","0.4003","0.0019"
"20.9760","0.3205","0.0013"
"20.9960","0.2406","0.0006"
"21.0160","0.1605","0.0000"
"21.0320","0.0965","-0.0005"
"21.0330","0.0924","-0.0006"
"21.0340","0.0884","-0.0006"
"21.0540","0.0093","-0.0009"
"21.0740","-0.0550","-0.0008"
"21.0940","-0.0841","-0.0007"
"21.1140","-0.0701","-0.0004"
"21.1340","-0.0149","-0.0001"
"21.1540","0.0648","0.0000"
"21.1740","0.1463","0.0007"
"21.1940","0.2239","0.0015"
"21.2140","0.3014","0.0021"
"21.2340","0.3815","0.0028"
"21.2540","0.4633","0.0033"
"21.2740","0.5453","0.0037"
"21.2940","0.6263","0.0039"
"21.3140","0.7065","0.0039"
"21.3340","0.7863","0.0040"
"21.3540","0.8661","0.0040"
"21.3740","0.9461","0.0040"
"21.3880","1.0022","0.0039"
"21.3890","1.0062","0.0039"
"21.3900","1.0102","0.0040"
"21.4100","1.0893","0.0036"
"21.4300","1.1539","0.0030"
"21.4500","1.1844","0.0028"
"21.4700","1.1730","0.0028"
"21.4900","1.1212","0.0031"
"21.5100","1.0435","0.0038"
"21.5300","0.9624","0.0039"
"21.5500","0.8848","0.0038"
"21.5700","0.8070","0.0038"
"21.5900","0.7267","0.0037"
"21.6100","0.6446","0.0035"
"21.6300","0.5625","0.0031"
"21.6500","0.4814","0.0026"
"21.6700","0.4012","0.0020"
"21.6900","0.3214","0.0013"
"21.7100","0.2414","0.0006"
"21.7300","0.1614","0.0000"
"21.7460","0.0973","-0.0005"
"21.7470","0.0933","-0.0006"
"21.7480","0.0893","-0.0006"
"21.7680","0.0102","-0.0010"
"21.7880","-0.0542","-0.0008"
"21.8080","-0.0834","-0.0007"
"21.8280","-0.0694","-0.0004"
"21.8480","-0.0142","0.0000"
"21.8680","0.0655","0.0001"
"21.8880","0.1469","0.0008"
"21.9080","0.2245","0.0016"
"21.9280","0.3021","0.0022"
"21.9480","0.3821","0.0028"
"21.9680","0.4640","0.0032"
"21.9880","0.5459","0.0036"
"22.0080","0.6269","0.0039"
"22.0280","0.7071","0.0041"
"22.0480","0.7870","0.0041"
"22.0680","0.8668","0.0041"
"22.0880","0.9468","0.0040"
"22.1020","1.0029","0.0040"
"22.1030","1.0069","0.0040"
"22.1040","1.0109","0.0040"
"22.1240","1.0900","0.0037"
"22.1440","1.1546","0.0032"
"22.1640","1.1850","0.0031"
"22.1840","1.1735","0.0032"
"22.2040","1.1218","0.0035"
"22.2240","1.0440","0.0039"
"22.2440","0.9629","0.0040"
"22.2640","0.8853","0.0038"
"22.2840","0.8076","0.0038"
"22.3040","0.7273","0.0036"
"22.3240","0.6452","0.0034"
"22.3440","0.5630","0.0030"
"22.3640","0.4819","0.0024"
"22.3840","0.4017","0.0018"
"22.4040","0.3219","0.0012"
"22.4240","0.2420","0.0005"
"22.4440","0.1619","0.0000"
"22.4600","0.0978","-0.0005"
"22.4610","0.0938","-0.0005"
"22.4620","0.0898","-0.0005"
"22.4820","0.0107","-0.0008"
"22.5020","-0.0537","-0.0008"
"22.5220","-0.0828","-0.0008"
"22.5420","-0.0688","-0.0005"
"22.5620","-0.0136","0.0000"
"22.5820","0.0662","0.0002"
"22.6020","0.1476","0.0007"
"22.6220","0.2252","0.0015"
"22.6420","0.3028","0.0020"
"22.6620","0.3828","0.0027"
"22.6820","0.4647","0.0031"
"22.7020","0.5466","0.0035"
"22.7220","0.6276","0.0038"
"22.7420","0.7078","0.0040"
"22.7620","0.7877","0.0041"
"22.7820","0.8675","0.0041"
"22.8020","0.9475","0.0041"
"22.8160","1.0036","0.0042"
"22.8170","1.0076","0.0042"
"22.8180","1.0116","0.0042"
"22.8380","1.0907","0.0039"
"22.8580","1.1553","0.0034"
"22.8780","1.1857","0.0033"
"22.8980","1.1743","0.0032"
"22.9180","1.1225","0.0035"
"22.9380","1.0448","0.0040"
"22.9580","0.9637","0.0042"
"22.9780","0.8861","0.0040"
"22.9980","0.8083","0.0039"
"23.0180","0.7280","0.0037"
"23.0380","0.6459","0.0035"
"23.0580","0.5638","0.0032"
"23.0780","0.4826","0.0027"
"23.0980","0.4024","0.0020"
"23.1180","0.3226","0.0013"
"23.1380","0.2427","0.0006"
"23.1580","0.1627","0.0000"
"23.1740","0.0986","-0.0006"
"23.1750","0.0946","-0.0006"
"23.1760","0.0906","-0.0006"
"23.1960","0.0114","-0.0010"
"23.2160","-0.0529","-0.0008"
"23.2360","-0.0819","-0.0008"
"23.2560","-0.0679","-0.0004"
"23.2760","-0.0128","-0.0002"
"23.2960","0.0658","0.0001"
"23.3160","0.1463","0.0007"
"23.3360","0.2240","0.0015"
"23.3560","0.3024","0.0021"
"23.3760","0.3832","0.0026"
"23.3960","0.4655","0.0029"
"23.4160","0.5475","0.0033"
"23.4360","0.6284","0.0035"
"23.4560","0.7086","0.0036"
"23.4760","0.7884","0.0037"
"23.4960","0.8683","0.0038"
"23.5160","0.9483","0.0038"
"23.5290","1.0004","0.0038"
"23.5300","1.0044","0.0038"
"23.5310","1.0084","0.0038"
"23.5510","1.0875","0.0035"
"23.5710","1.1522","0.0030"
"23.5910","1.1826","0.0030"
"23.6110","1.1711","0.0030"
"23.6310","1.1194","0.0032"
"23.6510","1.0415","0.0037"
"23.6710","0.9604","0.0037"
"23.6910","0.8827","0.0035"
"23.7110","0.8050","0.0035"
"23.7310","0.7248","0.0035"
"23.7510","0.6427","0.0035"
"23.7710","0.5606","0.0031"
"23.7910","0.4794","0.0026"
"23.8110","0.3992","0.0019"
"23.8310","0.3194","0.0013"
"23.8510","0.2395","0.0005"
"23.8710","0.1595","-0.0001"
"23.8860","0.0994","-0.0005"
"23.8870","0.0954","-0.0005"
"23.8880","0.0914","-0.0005"
"23.9080","0.0123","-0.0008"
"23.9280","-0.0521","-0.0007"
"23.9480","-0.0813","-0.0007"
"23.9680","-0.0673","-0.0004"
"23.9880","-0.0123","-0.0002"
"24.0080","0.0663","0.0000"
"24.0280","0.1468","0.0008"
"24.0480","0.2245","0.0017"
"24.0680","0.3028","0.0023"
"24.0880","0.3837","0.0029"
"24.1080","0.4660","0.0034"
"24.1280","0.5480","0.0038"
"24.1480","0.6289","0.0040"
"24.1680","0.7091","0.0040"
"24.1880","0.7889","0.0040"
"24.2080","0.8688","0.0041"
"24.2280","0.9488","0.0041"
"24.2410","1.0009","0.0041"
"24.2420","1.0049","0.0041"
"24.2430","1.0089","0.0041"
"24.2630","1.0880","0.0038"
"24.2830","1.1526","0.0033"
"24.3030","1.1830","0.0031"
"24.3230","1.1715","0.0030"
"24.3430","1.1198","0.0033"
"24.3630","1.0419","0.0038"
"24.3830","0.9608","0.0039"
"24.4030","0.8831","0.0037"
"24.4230","0.8054","0.0036"
"24.4430","0.7252","0.0034"
"24.4630","0.6431","0.0034"
"24.4830","0.5610","0.0031"
"24.5030","0.4799","0.0024"
"24.5230","0.3996","0.0018"
"24.5430","0.3198","0.0012"
"24.5630","0.2399","0.0004"
"24.5830","0.1599","-0.0002"
"24.5980","0.0998","-0.0006"
"24.5990","0.0958","-0.0006"
"24.6000","0.0918","-0.0007"
"24.6200","0.0127","-0.0010"
"24.6400","-0.0517","-0.0008"
"24.6600","-0.0809","-0.0007"
"24.6800","-0.0669","-0.0004"
"24.7000","-0.0117","-0.0001"
"24.7200","0.0681","0.0001"
"24.7400","0.1496","0.0008"
"24.7600","0.2272","0.0016"
"24.7800","0.3047","0.0022"
"24.8000","0.3847","0.0028"
"24.8200","0.4665","0.0033"
"24.8400","0.5485","0.0038"
"24.8600","0.6295","0.0040"
"24.8800","0.7097","0.0042"
"24.9000","0.7895","0.0042"
"24.9200","0.8694","0.0042"
"24.9400","0.9494","0.0042"
"24.9530","1.0014","0.0041"
"24.9540","1.0055","0.0041"
"24.9550","1.0095","0.0041"
"24.9750","1.0885","0.0038"
"24.9950","1.1532","0.0034"
"25.0150","1.1836","0.0033"
"25.0350","1.1721","0.0033"
"25.0550","1.1204","0.0035"
"25.0750","1.0425","0.0041"
"25.0950","0.9614","0.0041"
"25.1150","0.8838","0.0039"
"25.1350","0.8061","0.0038"
"25.1550","0.7258","0.0037"
"25.1750","0.6437","0.0036"
"25.1950","0.5616","0.0032"
"25.2150","0.4804","0.0026"
"25.2350","0.4002","0.0018"
"25.2550","0.3204","0.0012"
"25.2750","0.2405","0.0005"
"25.2950","0.1605","0.0000"
"25.3110","0.0964","-0.0005"
"25.3120","0.0924","-0.0005"
"25.3130","0.0884","-0.0006"
"25.3330","0.0093","-0.0009"
"25.3530","-0.0551","-0.0008"
"25.3730","-0.0842","-0.0008"
"25.3930","-0.0702","-0.0005"
"25.4130","-0.0150","-0.0003"
"25.4330","0.0648","0.0000"
"25.4530","0.1462","0.0006"
"25.4730","0.2239","0.0014"
"25.4930","0.3014","0.0021"
"25.5130","0.3814","0.0027"
"25.5330","0.4633","0.0031"
"25.5530","0.5452","0.0036"
"25.5730","0.6262","0.0038"
"25.5930","0.7064","0.0039"
"25.6130","0.7863","0.0038"
"25.6330","0.8661","0.0040"
"25.6530","0.9461","0.0040"
"25.6670","1.0022","0.0041"
"25.6680","1.0062","0.0041"
"25.6690","1.0102","0.0041"
"25.6890","1.0893","0.0038"
"25.7090","1.1539","0.0033"
"25.7290","1.1843","0.0032"
"25.7490","1.1729","0.0031"
"25.7690","1.1212","0.0034"
"25.7890","1.0434","0.0039"
"25.8090","0.9623","0.0040"
"25.8290","0.8847","0.0038"
"25.8490","0.8069","0.0038"
"25.8690","0.7266","0.0037"
"25.8890","0.6446","0.0036"
"25.9090","0.5624","0.0032"
"25.9290","0.4813","0.0027"
"25.9490","0.4011","0.0019"
"25.9690","0.3212","0.0012"
"25.9890","0.2413","0.0005"
"26.0090","0.1613","0.0000"
"26.0250","0.0972","-0.0005"
"26.0260","0.0932","-0.0006"
"26.0270","0.0892","-0.0006"
"26.0470","0.0101","-0.0009"
"26.0670","-0.0543","-0.0009"
"26.0870","-0.0835","-0.0008"
"26.1070","-0.0696","-0.0005"
"26.1270","-0.0145","-0.0002"
"26.1470","0.0652","0.0001"
"26.1670","0.1466","0.0007"
"26.1870","0.2243","0.0016"
"26.2070","0.3018","0.0023"
"26.2270","0.3819","0.0030"
"26.2470","0.4637","0.0034"
"26.2670","0.5457","0.0040"
"26.2870","0.6267","0.0041"
"26.3070","0.7069","0.0041"
"26.3270","0.7867","0.0041"
"26.3470","0.8666","0.0041"
"26.3670","0.9466","0.0041"
"26.3810","1.0026","0.0041"
"26.3820","1.0066","0.0041"
"26.3830","1.0106","0.0041"
"26.4030","1.0897","0.0038"
"26.4230","1.1543","0.0033"
"26.4430","1.1847","0.0032"
"26.4630","1.1733","0.0032"
"26.4830","1.1215","0.0035"
"26.5030","1.0437","0.0042"
"26.5230","0.9625","0.0042"
"26.5430","0.8849","0.0040"
"26.5630","0.8071","0.0040"
"26.5830","0.7269","0.0040"
"26.6030","0.6448","0.0038"
"26.6230","0.5628","0.0031"
"26.6430","0.4816","0.0023"
"26.6630","0.4014","0.0016"
"26.6830","0.3215","0.0009"
"26.7030","0.2417","0.0003"
"26.7230","0.1616","-0.0002"
"26.7390","0.0976","-0.0006"
"26.7400","0.0935","-0.0007"
"26.7410","0.0895","-0.0007"
"26.7610","0.0104","-0.0010"
"26.7810","-0.0540","-0.0010"
"26.8010","-0.0832","-0.0009"
"26.8210","-0.0692","-0.0007"
"26.8410","-0.0140","-0.0004"
"26.8610","0.0657","-0.0001"
"26.8810","0.1472","0.0005"
"26.9010","0.2248","0.0013"
"26.9210","0.3023","0.0019"
"26.9410","0.3824","0.0026"
"26.9610","0.4642","0.0030"
"26.9810","0.5461","0.0034"
"27.0010","0.6271","0.0036"
"27.0210","0.7073","0.0038"
"27.0410","0.7872","0.0039"
"27.0610","0.8670","0.0039"
"27.0810","0.9470","0.0039"
"27.0950","1.0031","0.0039"
"27.0960","1.0071","0.0039"
"27.0970","1.0111","0.0039"
"27.1170","1.0902","0.0036"
"27.1370","1.1548","0.0031"
"27.1570","1.1853","0.0030"
"27.1770","1.1739","0.0030"
"27.1970","1.1222","0.0032"
"27.2170","1.0443","0.0037"
"27.2370","0.9632","0.0038"
"27.2570","0.8855","0.0036"
"27.2770","0.8078","0.0034"
"27.2970","0.7276","0.0032"
"27.3170","0.6455","0.0031"
"27.3370","0.5634","0.0028"
"27.3570","0.4823","0.0022"
"27.3770","0.4021","0.0016"
"27.3970","0.3222","0.0009"
"27.4170","0.2423","0.0003"
"27.4370","0.1623","-0.0002"
"27.4530","0.0982","-0.0007"
"27.4540","0.0942","-0.0008"
"27.4550","0.0902","-0.0008"
"27.4750","0.0111","-0.0011"
"27.4950","-0.0533","-0.0009"
"27.5150","-0.0824","-0.0009"
"27.5350","-0.0685","-0.0006"
"27.5550","-0.0132","-0.0004"
"27.5750","0.0665","-0.0002"
"27.5950","0.1479","0.0004"
"27.6150","0.2256","0.0011"
"27.6350","0.3032","0.0016"
"27.6550","0.3832","0.0021"
"27.6750","0.4650","0.0025"
"27.6950","0.5469","0.0028"
"27.7150","0.6279","0.0031"
"27.7350","0.7081","0.0032"
"27.7550","0.7880","0.0034"
"27.7750","0.8678","0.0035"
"27.7950","0.9478","0.0036"
"27.8090","1.0039","0.0037"
"27.8100","1.0079","0.0037"
"27.8110","1.0119","0.0037"
"27.8310","1.0910","0.0035"
"27.8510","1.1556","0.0031"
"27.8710","1.1861","0.0030"
"27.8910","1.1746","0.0029"
"27.9110","1.1228","0.0030"
"27.9310","1.0450","0.0035"
"27.9510","0.9639","0.0035"
"27.9710","0.8862","0.0033"
"27.9910","0.8085","0.0033"
"28.0110","0.7283","0.0031"
"28.0310","0.6462","0.0030"
"28.0510","0.5641","0.0026"
"28.0710","0.4829","0.0021"
"28.0910","0.4027","0.0016"
"28.1110","0.3229","0.0010"
"28.1310","0.2430","0.0005"
"28.1510","0.1630","-0.0001"
"28.1670","0.0989","-0.0006"
"28.1680","0.0949","-0.0007"
"28.1690","0.0909","-0.0007"
"28.1890","0.0117","-0.0010"
"28.2090","-0.0527","-0.0009"
"28.2290","-0.0819","-0.0008"
"28.2490","-0.0680","-0.0006"
"28.2690","-0.0128","-0.0002"
"28.2890","0.0669","-0.0001"
"28.3090","0.1484","0.0005"
"28.3290","0.2260","0.0013"
"28.3490","0.3036","0.0019"
"28.3690","0.3836","0.0025"
"28.3890","0.4654","0.0030"
"28.4090","0.5473","0.0033"
"28.4290","0.6283","0.0034"
"28.4490","0.7086","0.0035"
"28.4690","0.7884","0.0036"
"28.4890","0.8682","0.0038"
"28.5090","0.9482","0.0038"
"28.5220","1.0003","0.0038"
"28.5230","1.0043","0.0038"
"28.5240","1.0083","0.0039"
"28.5440","1.0874","0.0036"
"28.5640","1.1520","0.0031"
"28.5840","1.1824","0.0030"
"28.6040","1.1709","0.0031"
"28.6240","1.1191","0.0033"
"28.6440","1.0413","0.0039"
"28.6640","0.9602","0.0039"
"28.6840","0.8825","0.0037"
"28.7040","0.8048","0.0035"
"28.7240","0.7245","0.0033"
"28.7440","0.6425","0.0032"
"28.7640","0.5604","0.0028"
"28.7840","0.4792","0.0023"
"28.8040","0.3990","0.0018"
"28.8240","0.3192","0.0011"
"28.8440","0.2393","0.0006"
"28.8640","0.1593","0.0000"
"28.8790","0.0992","-0.0005"
"28.8800","0.0952","-0.0006"
"28.8810","0.0912","-0.0006"
"28.9010","0.0120","-0.0010"
"28.9210","-0.0524","-0.0009"
"28.9410","-0.0816","-0.0008"
"28.9610","-0.0677","-0.0004"
"28.9810","-0.0125","-0.0001"
"29.0010","0.0672","0.0001"
"29.0210","0.1487","0.0008"
"29.0410","0.2263","0.0015"
"29.0610","0.3039","0.0020"
"29.0810","0.3839","0.0025"
"29.1010","0.4657","0.0029"
"29.1210","0.5477","0.0033"
"29.1410","0.6287","0.0034"
"29.1610","0.7089","0.0036"
"29.1810","0.7887","0.0037"
"29.2010","0.8686","0.0038"
"29.2210","0.9486","0.0038"
"29.2340","1.0006","0.0039"
"29.2350","1.0046","0.0039"
"29.2360","1.0086","0.0039"
"29.2560","1.0877","0.0036"
"29.2760","1.1524","0.0031"
"29.2960","1.1828","0.0030"
"29.3160","1.1713","0.0030"
"29.3360","1.1195","0.0032"
"29.3560","1.0416","0.0037"
"29.3760","0.9605","0.0038"
"29.3960","0.8829","0.0036"
"29.4160","0.8052","0.0034"
"29.4360","0.7249","0.0033"
"29.4560","0.6429","0.0032"
"29.4760","0.5608","0.0028"
"29.4960","0.4796","0.0023"
"29.5160","0.3994","0.0018"
"29.5360","0.3196","0.0011"
"29.5560","0.2397","0.0005"
"29.5760","0.1597","-0.0002"
"29.5910","0.0996","-0.0006"
"29.5920","0.0956","-0.0007"
"29.5930","0.0916","-0.0007"
"29.6130","0.0124","-0.0010"
"29.6330","-0.0520","-0.0009"
"29.6530","-0.0812","-0.0009"
"29.6730","-0.0674","-0.0006"
"29.6930","-0.0122","-0.0003"
"29.7130","0.0675","0.0000"
"29.7330","0.1489","0.0006"
"29.7530","0.2266","0.0014"
"29.7730","0.3041","0.0019"
"29.7930","0.3841","0.0025"
"29.8130","0.4660","0.0029"
"29.8330","0.5479","0.0031"
"29.8530","0.6289","0.0033"
"29.8730","0.7091","0.0033"
"29.8930","0.7890","0.0035"
"29.9130","0.8688","0.0036"
"29.9330","0.9488","0.0036"
"29.9460","1.0009","0.0037"
"29.9470","1.0049","0.0037"
"29.9480","1.0089","0.0037"
"29.9680","1.0880","0.0035"
"29.9880","1.1526","0.0031"
"30.0080","1.1830","0.0030"
"30.0280","1.1716","0.0030"
"30.0480","1.1198","0.0032"
"30.0680","1.0419","0.0038"
"30.0880","0.9608","0.0038"
"30.1080","0.8831","0.0035"
"30.1280","0.8055","0.0034"
"30.1480","0.7252","0.0032"
"30.1680","0.6431","0.0031"
"30.1880","0.5610","0.0028"
"30.2080","0.4799","0.0023"
"30.2280","0.3996","0.0017"
"30.2480","0.3198","0.0011"
"30.2680","0.2399","0.0005"
"30.2880","0.1599","0.0000"
"30.3030","0.0998","-0.0005"
"30.3040","0.0958","-0.0005"
"30.3050","0.0918","-0.0006"
"30.3250","0.0127","-0.0009"
"30.3450","-0.0517","-0.0008"
"30.3650","-0.0810","-0.0007"
"30.3850","-0.0671","-0.0004"
"30.4050","-0.0119","-0.0001"
"30.4250","0.0678","0.0000"
"30.4450","0.1493","0.0007"
"30.4650","0.2269","0.0015"
"30.4850","0.3044","0.0021"
"30.5050","0.3844","0.0026"
"30.5250","0.4663","0.0030"
"30.5450","0.5482","0.0034"
"30.5650","0.6292","0.0037"
"30.5850","0.7094","0.0038"
"30.6050","0.7893","0.0039"
"30.6250","0.8691","0.0039"
"30.6450","0.9491","0.0040"
"30.6580","1.0012","0.0041"
"30.6590","1.0052","0.0041"
"30.6600","1.0092","0.0041"
"30.6800","1.0883","0.0038"
"30.7000","1.1529","0.0033"
"30.7200","1.1834","0.0032"
"30.7400","1.1720","0.0033"
"30.7600","1.1202","0.0035"
"30.7800","1.0424","0.0040"
"30.8000","0.9613","0.0040"
"30.8200","0.8836","0.0038"
"30.8400","0.8059","0.0037"
"30.8600","0.7256","0.0034"
"30.8800","0.6436","0.0032"
"30.9000","0.5615","0.0028"
"30.9200","0.4803","0.0023"
"30.9400","0.4001","0.0018"
"30.9600","0.3202","0.0011"
"30.9800","0.2404","0.0005"
"31.0000","0.1603","-0.0001"
"31.0160","0.0962","-0.0005"
"31.0170","0.0922","-0.0006"
"31.0180","0.0882","-0.0006"
"31.0380","0.0091","-0.0009"
"31.0580","-0.0553","-0.0009"
"31.0780","-0.0844","-0.0009"
"31.0980","-0.0705","-0.0006"
"31.1180","-0.0153","-0.0003"
"31.1380","0.0645","0.0001"
"31.1580","0.1459","0.0007"
"31.1780","0.2235","0.0014"
"31.1980","0.3011","0.0019"
"31.2180","0.3811","0.0026"
"31.2380","0.4629","0.0030"
"31.2580","0.5448","0.0035"
"31.2780","0.6259","0.0037"
"31.2980","0.7061","0.0038"
"31.3180","0.7859","0.0039"
"31.3380","0.8658","0.0040"
"31.3580","0.9458","0.0040"
"31.3720","1.0018","0.0040"
"31.3730","1.0058","0.0040"
"31.3740","1.0098","0.0040"
"31.3940","1.0889","0.0037"
"31.4140","1.1536","0.0033"
"31.4340","1.1840","0.0031"
"31.4540","1.1726","0.0031"
"31.4740","1.1209","0.0033"
"31.4940","1.0431","0.0039"
"31.5140","0.9621","0.0040"
"31.5340","0.8844","0.0038"
"31.5540","0.8067","0.0036"
"31.5740","0.7264","0.0034"
"31.5940","0.6443","0.0034"
"31.6140","0.5622","0.0030"
"31.6340","0.4810","0.0025"
"31.6540","0.4008","0.0019"
"31.6740","0.3210","0.0012"
"31.6940","0.2411","0.0004"
"31.7140","0.1611","-0.0001"
"31.7300","0.0970","-0.0006"
"31.7310","0.0930","-0.0007"
"31.7320","0.0890","-0.0007"
"31.7520","0.0098","-0.0009"
"31.7720","-0.0545","-0.0008"
"31.7920","-0.0838","-0.0007"
"31.8120","-0.0699","-0.0005"
"31.8320","-0.0148","-0.0002"
"31.8520","0.0649","0.0000"
"31.8720","0.1463","0.0006"
"31.8920","0.2239","0.0014"
"31.9120","0.3015","0.0020"
"31.9320","0.3815","0.0026"
"31.9520","0.4634","0.0031"
"31.9720","0.5453","0.0035"
"31.9920","0.6264","0.0037"
"32.0120","0.7066","0.0038"
"32.0320","0.7865","0.0039"
"32.0520","0.8663","0.0040"
"32.0720","0.9463","0.0040"
"32.0860","1.0024","0.0040"
"32.0870","1.0064","0.0041"
"32.0880","1.0104","0.0041"
"32.1080","1.0894","0.0038"
"32.1280","1.1540","0.0032"
"32.1480","1.1844","0.0030"
"32.1680","1.1729","0.0031"
"32.1880","1.1211","0.0033"
"32.2080","1.0432","0.0038"
"32.2280","0.9621","0.0038"
"32.2480","0.8844","0.0035"
"32.2680","0.8068","0.0034"
"32.2880","0.7265","0.0032"
"32.3080","0.6444","0.0032"
"32.3280","0.5623","0.0029"
"32.3480","0.4812","0.0024"
"32.3680","0.4010","0.0017"
"32.3880","0.3211","0.0010"
"32.4080","0.2412","0.0004"
"32.4280","0.1612","-0.0001"
"32.4440","0.0971","-0.0006"
"32.4450","0.0931","-0.0006"
"32.4460","0.0891","-0.0007"
"32.4660","0.0100","-0.0009"
"32.4860","-0.0544","-0.0008"
"32.5060","-0.0836","-0.0008"
"32.5260","-0.0698","-0.0005"
"32.5460","-0.0147","-0.0003"
"32.5660","0.0649","0.0000"
"32.5860","0.1463","0.0006"
"32.6060","0.2240","0.0014"
"32.6260","0.3015","0.0020"
"32.6460","0.3816","0.0027"
"32.6660","0.4634","0.0031"
"32.6860","0.5454","0.0035"
"32.7060","0.6264","0.0037"
"32.7260","0.7067","0.0038"
"32.7460","0.7865","0.0039"
"32.7660","0.8663","0.0040"
"32.7860","0.9463","0.0040"
"32.8000","1.0024","0.0041"
"32.8010","1.0064","0.0041"
"32.8020","1.0104","0.0041"
"32.8220","1.0895","0.0038"
"32.8420","1.1542","0.0033"
"32.8620","1.1846","0.0032"
"32.8820","1.1732","0.0032"
"32.9020","1.1215","0.0033"
"32.9220","1.0437","0.0038"
"32.9420","0.9625","0.0038"
"32.9620","0.8849","0.0036"
"32.9820","0.8072","0.0035"
"33.0020","0.7269","0.0034"
"33.0220","0.6449","0.0033"
"33.0420","0.5627","0.0029"
"33.0620","0.4816","0.0024"
"33.0820","0.4014","0.0018"
"33.1020","0.3215","0.0012"
"33.1220","0.2417","0.0005"
"33.1420","0.1616","-0.0001"
"33.1580","0.0975","-0.0006"
"33.1590","0.0935","-0.0006"
"33.1600","0.0895","-0.0006"
"33.1800","0.0104","-0.0009"
"33.2000","-0.0539","-0.0008"
"33.2200","-0.0830","-0.0007"
"33.2400","-0.0690","-0.0005"
"33.2600","-0.0139","-0.0002"
"33.2800","0.0648","0.0001"
"33.3000","0.1453","0.0007"
"33.3200","0.2230","0.0014"
"33.3400","0.3013","0.0021"
"33.3600","0.3822","0.0027"
"33.3800","0.4644","0.0032"
"33.4000","0.5464","0.0036"
"33.4200","0.6274","0.0038"
"33.4400","0.7075","0.0040"
"33.4600","0.7874","0.0039"
"33.4800","0.8672","0.0039"
"33.5000","0.9473","0.0040"
"33.5140","1.0034","0.0040"
"33.5150","1.0074","0.0039"
"33.5160","1.0114","0.0039"
"33.5360","1.0905","0.0037"
"33.5560","1.1551","0.0033"
"33.5760","1.1855","0.0031"
"33.5960","1.1741","0.0031"
"33.6160","1.1223","0.0033"
"33.6360","1.0444","0.0039"
"33.6560","0.9633","0.0039"
"33.6760","0.8856","0.0037"
"33.6960","0.8080","0.0035"
"33.7160","0.7277","0.0034"
"33.7360","0.6456","0.0031"
"33.7560","0.5635","0.0028"
"33.7760","0.4824","0.0024"
"33.7960","0.4022","0.0018"
"33.8160","0.3223","0.0012"
"33.8360","0.2424","0.0004"
"33.8560","0.1624","-0.0002"
"33.8720","0.0983","-0.0007"
"33.8730","0.0943","-0.0007"
"33.8740","0.0903","-0.0007"
"33.8940","0.0112","-0.0009"
"33.9140","-0.0532","-0.0008"
"33.9340","-0.0824","-0.0007"
"33.9540","-0.0686","-0.0006"
"33.9740","-0.0134","-0.0003"
"33.9940","0.0663","-0.0001"
"34.0140","0.1477","0.0005"
"34.0340","0.2253","0.0013"
"34.0540","0.3029","0.0019"
"34.0740","0.3829","0.0025"
"34.0940","0.4648","0.0028"
"34.1140","0.5467","0.0032"
"34.1340","0.6278","0.0034"
"34.1540","0.7080","0.0035"
"34.1740","0.7878","0.0036"
"34.1940","0.8677","0.0037"
"34.2140","0.9476","0.0038"
"34.2280","1.0037","0.0038"
"34.2290","1.0077","0.0038"
"34.2300","1.0117","0.0038"
"34.2500","1.0908","0.0036"
"34.2700","1.1554","0.0030"
"34.2900","1.1858","0.0029"
"34.3100","1.1744","0.0029"
"34.3300","1.1225","0.0031"
"34.3500","1.0447","0.0037"
"34.3700","0.9635","0.0036"
"34.3900","0.8859","0.0033"
"34.4100","0.8082","0.0032"
"34.4300","0.7279","0.0031"
"34.4500","0.6458","0.0030"
"34.4700","0.5637","0.0026"
"34.4900","0.4826","0.0022"
"34.5100","0.4024","0.0016"
"34.5300","0.3226","0.0010"
"34.5500","0.2427","0.0004"
"34.5700","0.1627","-0.0002"
"34.5860","0.0986","-0.0007"
"34.5870","0.0946","-0.0007"
"34.5880","0.0906","-0.0007"
"34.6080","0.0114","-0.0010"
"34.6280","-0.0530","-0.0008"
"34.6480","-0.0821","-0.0008"
"34.6680","-0.0682","-0.0005"
"34.6880","-0.0131","-0.0002"
"34.7080","0.0666","0.0000"
"34.7280","0.1480","0.0005"
"34.7480","0.2256","0.0012"
"34.7680","0.3032","0.0017"
"34.7880","0.3832","0.0023"
"34.8080","0.4651","0.0027"
"34.8280","0.5471","0.0032"
"34.8480","0.6281","0.0034"
"34.8680","0.7083","0.0034"
"34.8880","0.7882","0.0035"
"34.9080","0.8680","0.0036"
"34.9280","0.9480","0.0037"
"34.9410","1.0001","0.0037"
"34.9420","1.0041","0.0037"
"34.9430","1.0081","0.0037"
"34.9630","1.0871","0.0035"
"34.9830","1.1518","0.0030"
"35.0030","1.1821","0.0030"
"35.0230","1.1706","0.0030"
"35.0430","1.1188","0.0032"
"35.0630","1.0409","0.0037"
"35.0830","0.9598","0.0038"
"35.1030","0.8822","0.0036"
"35.1230","0.8045","0.0035"
"35.1430","0.7242","0.0034"
"35.1630","0.6421","0.0033"
"35.1830","0.5600","0.0030"
"35.2030","0.4789","0.0024"
"35.2230","0.3987","0.0018"
"35.2430","0.3189","0.0011"
"35.2630","0.2390","0.0005"
"35.2830","0.1590","-0.0002"
"35.2980","0.0989","-0.0006"
"35.2990","0.0949","-0.0006"
"35.3000","0.0909","-0.0006"
"35.3200","0.0117","-0.0009"
"35.3400","-0.0526","-0.0008"
"35.3600","-0.0817","-0.0008"
"35.3800","-0.0677","-0.0006"
"35.4000","-0.0124","-0.0003"
"35.4200","0.0673","0.0000"
"35.4400","0.1488","0.0006"
"35.4600","0.2264","0.0013"
"35.4800","0.3040","0.0019"
"35.5000","0.3840","0.0025"
"35.5200","0.4658","0.0030"
"35.5400","0.5477","0.0034"
"35.5600","0.6288","0.0036"
"35.5800","0.7090","0.0038"
"35.6000","0.7888","0.0040"
"35.6200","0.8687","0.0039"
"35.6400","0.9487","0.0039"
"35.6530","1.0007","0.0039"
"35.6540","1.0047","0.0039"
"35.6550","1.0087","0.0039"
"35.6750","1.0878","0.0037"
"35.6950","1.1524","0.0032"
"35.7150","1.1828","0.0030"
"35.7350","1.1714","0.0031"
"35.7550","1.1196","0.0034"
"35.7750","1.0417","0.0039"
"35.7950","0.9606","0.0039"
"35.8150","0.8830","0.0037"
"35.8350","0.8053","0.0035"
"35.8550","0.7250","0.0033"
"35.8750","0.6429","0.0032"
"35.8950","0.5608","0.0029"
"35.9150","0.4796","0.0024"
"35.9350","0.3995","0.0017"
"35.9550","0.3196","0.0011"
"35.9750","0.2398","0.0005"
"35.9950","0.1597","-0.0002"
"36.0100","0.0997","-0.0006"
"36.0110","0.0956","-0.0007"
"36.0120","0.0916","-0.0007"
"36.0320","0.0125","-0.0010"
"36.0520","-0.0520","-0.0008"
"36.0720","-0.0812","-0.0008"
"36.0920","-0.0672","-0.0005"
"36.1120","-0.0121","-0.0002"
"36.1320","0.0676","-0.0001"
"36.1520","0.1490","0.0006"
"36.1720","0.2266","0.0014"
"36.1920","0.3042","0.0020"
"36.2120","0.3843","0.0026"
"36.2320","0.4661","0.0031"
"36.2520","0.5481","0.0035"
"36.2720","0.6291","0.0036"
"36.2920","0.7093","0.0037"
"36.3120","0.7891","0.0038"
"36.3320","0.8690","0.0038"
"36.3520","0.9490","0.0039"
"36.3650","1.0010","0.0039"
"36.3660","1.0051","0.0039"
"36.3670","1.0091","0.0039"
"36.3870","1.0881","0.0037"
"36.4070","1.1527","0.0032"
"36.4270","1.1830","0.0031"
"36.4470","1.1714","0.0030"
"36.4670","1.1195","0.0032"
"36.4870","1.0416","0.0039"
"36.5070","0.9605","0.0039"
"36.5270","0.8828","0.0036"
"36.5470","0.8051","0.0035"
"36.5670","0.7248","0.0032"
"36.5870","0.6428","0.0032"
"36.6070","0.5607","0.0028"
"36.6270","0.4795","0.0024"
"36.6470","0.3993","0.0018"
"36.6670","0.3195","0.0012"
"36.6870","0.2396","0.0005"
"36.7070","0.1596","-0.0001"
"36.7220","0.0995","-0.0005"
"36.7230","0.0955","-0.0005"
"36.7240","0.0915","-0.0005"
"36.7440","0.0123","-0.0009"
"36.7640","-0.0520","-0.0008"
"36.7840","-0.0812","-0.0007"
"36.8040","-0.0672","-0.0004"
"36.8240","-0.0120","-0.0001"
"36.8440","0.0677","0.0001"
"36.8640","0.1491","0.0008"
"36.8840","0.2267","0.0015"
"36.9040","0.3042","0.0020"
"36.9240","0.3843","0.0027"
"36.9440","0.4662","0.0032"
"36.9640","0.5481","0.0037"
"36.9840","0.6292","0.0039"
"37.0040","0.7094","0.0041"
"37.0240","0.7892","0.0041"
"37.0440","0.8691","0.0041"
"37.0640","0.9491","0.0041"
"37.0770","1.0011","0.0041"
"37.0780","1.0051","0.0041"
"37.0790","1.0091","0.0041"
"37.0990","1.0882","0.0038"
"37.1190","1.1529","0.0033"
"37.1390","1.1833","0.0032"
"37.1590","1.1719","0.0032"
"37.1790","1.1201","0.0034"
"37.1990","1.0423","0.0039"
"37.2190","0.9613","0.0039"
"37.2390","0.8837","0.0037"
"37.2590","0.8059","0.0035"
"37.2790","0.7256","0.0033"
"37.2990","0.6434","0.0030"
"37.3190","0.5613","0.0028"
"37.3390","0.4802","0.0023"
"37.3590","0.4000","0.0018"
"37.3790","0.3202","0.0011"
"37.3990","0.2403","0.0005"
"37.4190","0.1603","-0.0001"
"37.4350","0.0962","-0.0006"
"37.4360","0.0922","-0.0007"
"37.4370","0.0882","-0.0007"
"37.4570","0.0090","-0.0010"
"37.4770","-0.0553","-0.0008"
"37.4970","-0.0844","-0.0007"
"37.5170","-0.0704","-0.0005"
"37.5370","-0.0151","-0.0002"
"37.5570","0.0646","0.0000"
"37.5770","0.1460","0.0007"
"37.5970","0.2237","0.0014"
"37.6170","0.3012","0.0020"
"37.6370","0.3812","0.0027"
"37.6570","0.4631","0.0031"
"37.6770","0.5451","0.0035"
"37.6970","0.6261","0.0038"
"37.7170","0.7063","0.0040"
"37.7370","0.7861","0.0041"
"37.7570","0.8660","0.0041"
"37.7770","0.9460","0.0042"
"37.7910","1.0020","0.0042"
"37.7920","1.0060","0.0042"
"37.7930","1.0100","0.0041"
"37.8130","1.0891","0.0039"
"37.8330","1.1538","0.0034"
"37.8530","1.1842","0.0033"
"37.8730","1.1728","0.0033"
"37.8930","1.1211","0.0036"
"37.9130","1.0433","0.0040"
"37.9330","0.9622","0.0039"
"37.9530","0.8846","0.0037"
"37.9730","0.8068","0.0036"
"37.9930","0.7265","0.0033"
"38.0130","0.6444","0.0032"
"38.0330","0.5623","0.0028"
"38.0530","0.4812","0.0023"
"38.0730","0.4010","0.0018"
"38.0930","0.3212","0.0012"
"38.1130","0.2413","0.0006"
"38.1330","0.1613","0.0000"
"38.1490","0.0972","-0.0005"
"38.1500","0.0932","-0.0005"
"38.1510","0.0891","-0.0006"
"38.1710","0.0100","-0.0009"
"38.1910","-0.0544","-0.0008"
"38.2110","-0.0836","-0.0007"
"38.2310","-0.0696","-0.0004"
"38.2510","-0.0145","0.0000"
"38.2710","0.0652","0.0000"
"38.2910","0.1465","0.0007"
"38.3110","0.2241","0.0015"
"38.3310","0.3017","0.0021"
"38.3510","0.3818","0.0027"
"38.3710","0.4637","0.0031"
"38.3910","0.5457","0.0035"
"38.4110","0.6267","0.0037"
"38.4310","0.7069","0.0039"
"38.4510","0.7867","0.0040"
"38.4710","0.8665","0.0040"
"38.4910","0.9466","0.0040"
"38.5050","1.0026","0.0040"
"38.5060","1.0066","0.0040"
"38.5070","1.0106","0.0040"
"38.5270","1.0897","0.0038"
"38.5470","1.1543","0.0033"
"38.5670","1.1847","0.0031"
"38.5870","1.1733","0.0031"
"38.6070","1.1215","0.0033"
"38.6270","1.0437","0.0039"
"38.6470","0.9626","0.0039"
"38.6670","0.8850","0.0037"
"38.6870","0.8072","0.0036"
"38.7070","0.7269","0.0034"
"38.7270","0.6448","0.0031"
"38.7470","0.5627","0.0027"
"38.7670","0.4816","0.0022"
"38.7870","0.4014","0.0018"
"38.8070","0.3216","0.0012"
"38.8270","0.2417","0.0004"
"38.8470","0.1617","-0.0001"
"38.8630","0.0976","-0.0006"
"38.8640","0.0936","-0.0006"
"38.8650","0.0895","-0.0007"
"38.8850","0.0104","-0.0009"
"38.9050","-0.0540","-0.0008"
"38.9250","-0.0832","-0.0008"
"38.9450","-0.0693","-0.0006"
"38.9650","-0.0142","-0.0002"
"38.9850","0.0654","0.0000"
"39.0050","0.1468","0.0006"
"39.0250","0.2244","0.0014"
"39.0450","0.3020","0.0020"
"39.0650","0.3821","0.0025"
"39.0850","0.4640","0.0029"
"39.1050","0.5460","0.0034"
"39.1250","0.6270","0.0036"
"39.1450","0.7072","0.0038"
"39.1650","0.7871","0.0039"
"39.1850","0.8669","0.0040"
"39.2050","0.9469","0.0040"
"39.2190","1.0029","0.0040"
"39.2200","1.0069","0.0040"
"39.2210","1.0109","0.0039"
"39.2410","1.0900","0.0037"
"39.2610","1.1547","0.0032"
"39.2810","1.1851","0.0031"
"39.3010","1.1737","0.0032"
"39.3210","1.1219","0.0034"
"39.3410","1.0441","0.0038"
"39.3610","0.9630","0.0038"
"39.3810","0.8853","0.0037"
"39.4010","0.8076","0.0036"
"39.4210","0.7273","0.0034"
"39.4410","0.6452","0.0032"
"39.4610","0.5631","0.0028"
"39.4810","0.4820","0.0023"
"39.5010","0.4018","0.0017"
"39.5210","0.3220","0.0011"
"39.5410","0.2421","0.0005"
"39.5610","0.1621","-0.0001"
"39.5770","0.0980","-0.0006"
"39.5780","0.0940","-0.0007"
"39.5790","0.0900","-0.0007"
"39.5990","0.0108","-0.0010"
"39.6190","-0.0536","-0.0008"
"39.6390","-0.0827","-0.0007"
"39.6590","-0.0687","-0.0005"
"39.6790","-0.0135","-0.0002"
"39.6990","0.0662","-0.0001"
"39.7190","0.1476","0.0006"
"39.7390","0.2252","0.0014"
"39.7590","0.3027","0.0020"
"39.7790","0.3828","0.0026"
"39.7990","0.4647","0.0030"
"39.8190","0.5466","0.0034"
"39.8390","0.6277","0.0038"
"39.8590","0.7079","0.0039"
"39.8790","0.7877","0.0039"
"39.8990","0.8676","0.0040"
"39.9190","0.9476","0.0040"
"39.9330","1.0036","0.0041"
"39.9340","1.0076","0.0041"
"39.9350","1.0116","0.0041"
"39.9550","1.0907","0.0038"
"39.9750","1.1553","0.0032"
"39.9950","1.1858","0.0031"
"40.0150","1.1744","0.0032"
"40.0350","1.1226","0.0033"
"40.0550","1.0447","0.0038"
"40.0750","0.9636","0.0039"
"40.0950","0.8860","0.0036"
"40.1150","0.8083","0.0034"
"40.1350","0.7280","0.0032"
"40.1550","0.6459","0.0031"
"40.1750","0.5638","0.0027"
"40.1950","0.4827","0.0022"
"40.2150","0.4025","0.0018"
"40.2350","0.3226","0.0011"
"40.2550","0.2428","0.0005"
"40.2750","0.1628","-0.0001"
"40.2910","0.0987","-0.0006"
"40.2920","0.0946","-0.0006"
"40.2930","0.0906","-0.0006"
"40.3130","0.0115","-0.0009"
"40.3330","-0.0529","-0.0008"
"40.3530","-0.0820","-0.0007"
"40.3730","-0.0680","-0.0005"
"40.3930","-0.0128","-0.0002"
"40.4130","0.0669","0.0000"
"40.4330","0.1483","0.0006"
"40.4530","0.2259","0.0013"
"40.4730","0.3035","0.0020"
"40.4930","0.3835","0.0026"
"40.5130","0.4654","0.0029"
"40.5330","0.5474","0.0034"
"40.5530","0.6284","0.0037"
"40.5730","0.7086","0.0038"
"40.5930","0.7884","0.0039"
"40.6130","0.8683","0.0040"
"40.6330","0.9483","0.0040"
"40.6460","1.0003","0.0041"
"40.6470","1.0043","0.0041"
"40.6480","1.0083","0.0041"
"40.6680","1.0874","0.0038"
"40.6880","1.1521","0.0032"
"40.7080","1.1825","0.0031"
"40.7280","1.1710","0.0031"
"40.7480","1.1192","0.0034"
"40.7680","1.0413","0.0040"
"40.7880","0.9602","0.0040"
"40.8080","0.8826","0.0037"
"40.8280","0.8049","0.0036"
"40.8480","0.7246","0.0034"
"40.8680","0.6425","0.0032"
"40.8880","0.5604","0.0029"
"40.9080","0.4793","0.0023"
"40.9280","0.3991","0.0017"
"40.9480","0.3193","0.0010"
"40.9680","0.2394","0.0005"
"40.9880","0.1594","-0.0001"
"41.0030","0.0993","-0.0006"
"41.0040","0.0953","-0.0006"
"41.0050","0.0913","-0.0007"
"41.0250","0.0121","-0.0009"
"41.0450","-0.0522","-0.0009"
"41.0650","-0.0814","-0.0008"
"41.0850","-0.0674","-0.0005"
"41.1050","-0.0122","-0.0002"
"41.1250","0.0675","0.0000"
"41.1450","0.1489","0.0007"
"41.1650","0.2265","0.0014"
"41.1850","0.3041","0.0020"
"41.2050","0.3841","0.0026"
"41.2250","0.4660","0.0031"
"41.2450","0.5480","0.0035"
"41.2650","0.6290","0.0037"
"41.2850","0.7092","0.0039"
"41.3050","0.7890","0.0040"
"41.3250","0.8689","0.0040"
"41.3450","0.9489","0.0040"
"41.3580","1.0009","0.0041"
"41.3590","1.0049","0.0041"
"41.3600","1.0089","0.0041"
"41.3800","1.0880","0.0039"
"41.4000","1.1527","0.0034"
"41.4200","1.1831","0.0032"
"41.4400","1.1717","0.0033"
"41.4600","1.1200","0.0035"
"41.4800","1.0422","0.0038"
"41.5000","0.9612","0.0038"
"41.5200","0.8835","0.0036"
"41.5400","0.8058","0.0035"
"41.5600","0.7254","0.0032"
"41.5800","0.6433","0.0031"
"41.6000","0.5612","0.0027"
"41.6200","0.4801","0.0022"
"41.6400","0.3999","0.0017"
"41.6600","0.3201","0.0011"
"41.6800","0.2402","0.0004"
"41.7000","0.1602","-0.0002"
"41.7160","0.0961","-0.0006"
"41.7170","0.0921","-0.0006"
"41.7180","0.0881","-0.0006"
"41.7380","0.0089","-0.0009"
"41.7580","-0.0555","-0.0007"
"41.7780","-0.0846","-0.0007"
"41.7980","-0.0707","-0.0005"
"41.8180","-0.0156","-0.0002"
"41.8380","0.0640","0.0000"
"41.8580","0.1454","0.0007"
"41.8780","0.2230","0.0015"
"41.8980","0.3006","0.0020"
"41.9180","0.3807","0.0026"
"41.9380","0.4626","0.0031"
"41.9580","0.5446","0.0035"
"41.9780","0.6256","0.0038"
"41.9980","0.7058","0.0039"
"42.0180","0.7856","0.0040"
"42.0380","0.8654","0.0039"
"42.0580","0.9455","0.0040"
"42.0720","1.0015","0.0040"
"42.0730","1.0055","0.0040"
"42.0740","1.0095","0.0040"
"42.0940","1.0886","0.0038"
"42.1140","1.1532","0.0034"
"42.1340","1.1835","0.0032"
"42.1540","1.1720","0.0032"
"42.1740","1.1202","0.0034"
"42.1940","1.0423","0.0039"
"42.2140","0.9611","0.0039"
"42.2340","0.8835","0.0036"
"42.2540","0.8058","0.0035"
"42.2740","0.7255","0.0033"
"42.2940","0.6434","0.0032"
"42.3140","0.5614","0.0027"
"42.3340","0.4802","0.0021"
"42.3540","0.4000","0.0015"
"42.3740","0.3202","0.0009"
"42.3940","0.2403","0.0003"
"42.4140","0.1603","-0.0003"
"42.4300","0.0962","-0.0007"
"42.4310","0.0922","-0.0008"
"42.4320","0.0882","-0.0008"
"42.4520","0.0090","-0.0010"
"42.4720","-0.0553","-0.0009"
"42.4920","-0.0845","-0.0008"
"42.5120","-0.0706","-0.0005"
"42.5320","-0.0155","-0.0002"
"42.5520","0.0641","-0.0001"
"42.5720","0.1455","0.0006"
"42.5920","0.2231","0.0014"
"42.6120","0.3007","0.0020"
"42.6320","0.3808","0.0026"
"42.6520","0.4627","0.0030"
"42.6720","0.5446","0.0034"
"42.6920","0.6257","0.0036"
"42.7120","0.7059","0.0038"
"42.7320","0.7857","0.0040"
"42.7520","0.8655","0.0040"
"42.7720","0.9455","0.0039"
"42.7860","1.0016","0.0039"
"42.7870","1.0056","0.0039"
"42.7880","1.0096","0.0039"
"42.8080","1.0887","0.0036"
"42.8280","1.1533","0.0032"
"42.8480","1.1838","0.0030"
"42.8680","1.1723","0.0031"
"42.8880","1.1206","0.0033"
"42.9080","1.0427","0.0038"
"42.9280","0.9617","0.0037"
"42.9480","0.8841","0.0035"
"42.9680","0.8063","0.0034"
"42.9880","0.7260","0.0031"
"43.0080","0.6439","0.0030"
"43.0280","0.5618","0.0027"
"43.0480","0.4807","0.0022"
"43.0680","0.4005","0.0017"
"43.0880","0.3207","0.0011"
"43.1080","0.2408","0.0004"
"43.1280","0.1608","-0.0002"
"43.1440","0.0967","-0.0008"
"43.1450","0.0927","-0.0008"
"43.1460","0.0886","-0.0008"
"43.1660","0.0095","-0.0010"
"43.1860","-0.0548","-0.0009"
"43.2060","-0.0839","-0.0008"
"43.2260","-0.0699","-0.0005"
"43.2460","-0.0147","-0.0001"
"43.2660","0.0649","0.0000"
"43.2860","0.1464","0.0006"
"43.3060","0.2240","0.0013"
"43.3260","0.3015","0.0020"
"43.3460","0.3816","0.0025"
"43.3660","0.4635","0.0029"
"43.3860","0.5455","0.0033"
"43.4060","0.6265","0.0036"
"43.4260","0.7067","0.0038"
"43.4460","0.7865","0.0038"
"43.4660","0.8663","0.0039"
"43.4860","0.9463","0.0038"
"43.5000","1.0024","0.0039"
"43.5010","1.0064","0.0039"
"43.5020","1.0104","0.0039"
"43.5220","1.0895","0.0037"
"43.5420","1.1542","0.0032"
"43.5620","1.1846","0.0031"
"43.5820","1.1732","0.0032"
"43.6020","1.1215","0.0034"
"43.6220","1.0436","0.0038"
"43.6420","0.9626","0.0037"
"43.6620","0.8849","0.0034"
"43.6820","0.8072","0.0032"
"43.7020","0.7268","0.0031"
"43.7220","0.6448","0.0030"
"43.7420","0.5627","0.0026"
"43.7620","0.4815","0.0022"
"43.7820","0.4014","0.0017"
"43.8020","0.3215","0.0011"
"43.8220","0.2417","0.0004"
"43.8420","0.1617","-0.0001"
"43.8580","0.0976","-0.0006"
"43.8590","0.0936","-0.0006"
"43.8600","0.0895","-0.0007"
"43.8800","0.0104","-0.0010"
"43.9000","-0.0540","-0.0008"
"43.9200","-0.0832","-0.0007"
"43.9400","-0.0693","-0.0005"
"43.9600","-0.0141","-0.0002"
"43.9800","0.0656","0.0001"
"44.0000","0.1470","0.0006"
"44.0200","0.2245","0.0013"
"44.0400","0.3021","0.0019"
"44.0600","0.3822","0.0024"
"44.0800","0.4640","0.0028"
"44.1000","0.5460","0.0032"
"44.1200","0.6271","0.0036"
"44.1400","0.7073","0.0038"
"44.1600","0.7871","0.0039"
"44.1800","0.8669","0.0039"
"44.2000","0.9469","0.0039"
"44.2140","1.0030","0.0039"
"44.2150","1.0070","0.0039"
"44.2160","1.0110","0.0039"
"44.2360","1.0901","0.0037"
"44.2560","1.1547","0.0031"
"44.2760","1.1850","0.0030"
"44.2960","1.1735","0.0030"
"44.3160","1.1217","0.0032"
"44.3360","1.0438","0.0038"
"44.3560","0.9627","0.0038"
"44.3760","0.8850","0.0035"
"44.3960","0.8073","0.0035"
"44.4160","0.7270","0.0034"
"44.4360","0.6449","0.0033"
"44.4560","0.5629","0.0028"
"44.4760","0.4817","0.0022"
"44.4960","0.4015","0.0017"
"44.5160","0.3217","0.0010"
"44.5360","0.2418","0.0004"
"44.5560","0.1618","-0.0002"
"44.5720","0.0977","-0.0007"
"44.5730","0.0937","-0.0007"
"44.5740","0.0897","-0.0007"
"44.5940","0.0105","-0.0010"
"44.6140","-0.0538","-0.0008"
"44.6340","-0.0830","-0.0007"
"44.6540","-0.0691","-0.0005"
"44.6740","-0.0139","-0.0003"
"44.6940","0.0657","0.0000"
"44.7140","0.1471","0.0006"
"44.7340","0.2247","0.0014"
"44.7540","0.3023","0.0020"
"44.7740","0.3823","0.0027"
"44.7940","0.4642","0.0029"
"44.8140","0.5462","0.0032"
"44.8340","0.6273","0.0035"
"44.8540","0.7075","0.0037"
"44.8740","0.7873","0.0037"
"44.8940","0.8671","0.0039"
"44.9140","0.9471","0.0040"
"44.9280","1.0032","0.0040"
"44.9290","1.0072","0.0040"
"44.9300","1.0112","0.0040"
"44.9500","1.0903","0.0037"
"44.9700","1.1549","0.0032"
"44.9900","1.1853","0.0031"
"45.0100","1.1739","0.0031"
"45.0300","1.1221","0.0033"
"45.0500","1.0443","0.0038"
"45.0700","0.9632","0.0039"
"45.0900","0.8855","0.0037"
"45.1100","0.8078","0.0036"
"45.1300","0.7275","0.0033"
"45.1500","0.6454","0.0032"
"45.1700","0.5633","0.0029"
"45.1900","0.4822","0.0025"
"45.2100","0.4020","0.0018"
"45.2300","0.3222","0.0011"
"45.2500","0.2423","0.0005"
"45.2700","0.1623","-0.0001"
"45.2860","0.0982","-0.0006"
"45.2870","0.0942","-0.0006"
"45.2880","0.0902","-0.0006"
"45.3080","0.0110","-0.0008"
"45.3280","-0.0533","-0.0008"
"45.3480","-0.0824","-0.0007"
"45.3680","-0.0684","-0.0004"
"45.3880","-0.0132","-0.0001"
"45.4080","0.0665","0.0000"
"45.4280","0.1479","0.0006"
"45.4480","0.2255","0.0013"
"45.4680","0.3031","0.0020"
"45.4880","0.3831","0.0026"
"45.5080","0.4650","0.0030"
"45.5280","0.5470","0.0035"
"45.5480","0.6280","0.0036"
"45.5680","0.7082","0.0037"
"45.5880","0.7881","0.0038"
"45.6080","0.8679","0.0039"
"45.6280","0.9479","0.0040"
"45.6420","1.0039","0.0040"
"45.6430","1.0080","0.0040"
"45.6440","1.0120","0.0040"
"45.6640","1.0910","0.0038"
"45.6840","1.1557","0.0032"
"45.7040","1.1861","0.0031"
"45.7240","1.1746","0.0032"
"45.7440","1.1228","0.0033"
"45.7640","1.0449","0.0039"
"45.7840","0.9638","0.0040"
"45.8040","0.8862","0.0037"
"45.8240","0.8085","0.0036"
"45.8440","0.7282","0.0034"
"45.8640","0.6461","0.0033"
"45.8840","0.5640","0.0029"
"45.9040","0.4829","0.0024"
"45.9240","0.4027","0.0017"
"45.9440","0.3229","0.0012"
"45.9640","0.2430","0.0005"
"45.9840","0.1630","0.0000"
"46.0000","0.0989","-0.0005"
"46.0010","0.0949","-0.0005"
"46.0020","0.0909","-0.0005"
"46.0220","0.0117","-0.0009"
"46.0420","-0.0527","-0.0007"
"46.0620","-0.0819","-0.0007"
"46.0820","-0.0680","-0.0004"
"46.1020","-0.0129","-0.0002"
"46.1220","0.0668","-0.0001"
"46.1420","0.1482","0.0006"
"46.1620","0.2258","0.0013"
"46.1820","0.3034","0.0019"
"46.2020","0.3834","0.0025"
"46.2220","0.4653","0.0029"
"46.2420","0.5473","0.0032"
"46.2620","0.6283","0.0035"
"46.2820","0.7085","0.0037"
"46.3020","0.7884","0.0038"
"46.3220","0.8682","0.0039"
"46.3420","0.9482","0.0039"
"46.3550","1.0003","0.0040"
"46.3560","1.0043","0.0040"
"46.3570","1.0083","0.0040"
"46.3770","1.0874","0.0037"
"46.3970","1.1520","0.0033"
"46.4170","1.1823","0.0031"
"46.4370","1.1708","0.0030"
"46.4570","1.1190","0.0033"
"46.4770","1.0411","0.0039"
"46.4970","0.9600","0.0039"
"46.5170","0.8823","0.0036"
"46.5370","0.8046","0.0035"
"46.5570","0.7243","0.0034"
"46.5770","0.6422","0.0032"
"46.5970","0.5602","0.0029"
"46.6170","0.4791","0.0024"
"46.6370","0.3989","0.0017"
"46.6570","0.3190","0.0011"
"46.6770","0.2392","0.0005"
"46.6970","0.1592","-0.0001"
"46.7120","0.0991","-0.0006"
"46.7130","0.0950","-0.0006"
"46.7140","0.0910","-0.0007"
"46.7340","0.0119","-0.0009"
"46.7540","-0.0526","-0.0009"
"46.7740","-0.0818","-0.0007"
"46.7940","-0.0679","-0.0004"
"46.8140","-0.0128","-0.0002"
"46.8340","0.0669","0.0000"
"46.8540","0.1483","0.0006"
"46.8740","0.2258","0.0014"
"46.8940","0.3034","0.0020"
"46.9140","0.3835","0.0026"
"46.9340","0.4654","0.0029"
"46.9540","0.5474","0.0033"
"46.9740","0.6284","0.0036"
"46.9940","0.7086","0.0038"
"47.0140","0.7885","0.0038"
"47.0340","0.8683","0.0039"
"47.0540","0.9483","0.0039"
"47.0670","1.0004","0.0040"
"47.0680","1.0044","0.0040"
"47.0690","1.0084","0.0040"
"47.0890","1.0875","0.0037"
"47.1090","1.1521","0.0033"
"47.1290","1.1825","0.0031"
"47.1490","1.1710","0.0030"
"47.1690","1.1192","0.0033"
"47.1890","1.0414","0.0038"
"47.2090","0.9603","0.0039"
"47.2290","0.8827","0.0037"
"47.2490","0.8050","0.0036"
"47.2690","0.7246","0.0034"
"47.2890","0.6425","0.0033"
"47.3090","0.5604","0.0030"
"47.3290","0.4793","0.0023"
"47.3490","0.3991","0.0017"
"47.3690","0.3193","0.0011"
"47.3890","0.2394","0.0005"
"47.4090","0.1594","-0.0001"
"47.4240","0.0993","-0.0006"
"47.4250","0.0953","-0.0006"
"47.4260","0.0913","-0.0006"
"47.4460","0.0122","-0.0009"
"47.4660","-0.0522","-0.0008"
"47.4860","-0.0813","-0.0007"
"47.5060","-0.0674","-0.0004"
"47.5260","-0.0122","-0.0002"
"47.5460","0.0676","0.0000"
"47.5660","0.1490","0.0006"
"47.5860","0.2266","0.0014"
"47.6060","0.3041","0.0018"
"47.6260","0.3841","0.0023"
"47.6460","0.4660","0.0027"
"47.6660","0.5480","0.0030"
"47.6860","0.6290","0.0032"
"47.7060","0.7092","0.0033"
"47.7260","0.7891","0.0034"
"47.7460","0.8689","0.0034"
"47.7660","0.9489","0.0035"
"47.7790","1.0010","0.0036"
"47.7800","1.0050","0.0036"
"47.7810","1.0090","0.0036"
"47.8010","1.0881","0.0034"
"47.8210","1.1527","0.0028"
"47.8410","1.1831","0.0028"
"47.8610","1.1716","0.0029"
"47.8810","1.1199","0.0032"
"47.9010","1.0420","0.0037"
"47.9210","0.9609","0.0038"
"47.9410","0.8833","0.0035"
"47.9610","0.8056","0.0034"
"47.9810","0.7253","0.0033"
"48.0010","0.6432","0.0032"
"48.0210","0.5611","0.0029"
"48.0410","0.4800","0.0024"
"48.0610","0.3998","0.0018"
"48.0810","0.3199","0.0013"
"48.1010","0.2401","0.0006"
"48.1210","0.1601","0.0000"
"48.1360","0.1000","-0.0005"
"48.1370","0.0960","-0.0006"
"48.1380","0.0919","-0.0006"
"48.1580","0.0128","-0.0009"
"48.1780","-0.0516","-0.0007"
"48.1980","-0.0808","-0.0007"
"48.2180","-0.0670","-0.0004"
"48.2380","-0.0118","-0.0002"
"48.2580","0.0678","0.0000"
"48.2780","0.1492","0.0006"
"48.2980","0.2268","0.0014"
"48.3180","0.3043","0.0020"
"48.3380","0.3844","0.0026"
"48.3580","0.4663","0.0030"
"48.3780","0.5483","0.0033"
"48.3980","0.6293","0.0035"
"48.4180","0.7095","0.0036"
"48.4380","0.7894","0.0037"
"48.4580","0.8692","0.0038"
"48.4780","0.9492","0.0039"
"48.4910","1.0013","0.0039"
"48.4920","1.0053","0.0039"
"48.4930","1.0093","0.0039"
"48.5130","1.0883","0.0037"
"48.5330","1.1530","0.0033"
"48.5530","1.1833","0.0033"
"48.5730","1.1719","0.0033"
"48.5930","1.1201","0.0036"
"48.6130","1.0423","0.0041"
"48.6330","0.9612","0.0042"
"48.6530","0.8836","0.0041"
"48.6730","0.8058","0.0041"
"48.6930","0.7255","0.0040"
"48.7130","0.6434","0.0038"
"48.7330","0.5613","0.0033"
"48.7530","0.4802","0.0025"
"48.7730","0.4000","0.0018"
"48.7930","0.3202","0.0012"
"48.8130","0.2403","0.0006"
"48.8330","0.1603","0.0000"
"48.8490","0.0962","-0.0004"
"48.8500","0.0922","-0.0005"
"48.8510","0.0881","-0.0005"
"48.8710","0.0090","-0.0008"
"48.8910","-0.0554","-0.0007"
"48.9110","-0.0846","-0.0006"
"48.9310","-0.0708","-0.0004"
"48.9510","-0.0157","-0.0002"
"48.9710","0.0639","-0.0002"
"48.9910","0.1452","0.0006"
"49.0110","0.2228","0.0014"
"49.0310","0.3004","0.0021"
"49.0510","0.3805","0.0028"
"49.0710","0.4624","0.0032"
"49.0910","0.5444","0.0037"
"49.1110","0.6255","0.0039"
"49.1310","0.7057","0.0039"
"49.1510","0.7855","0.0040"
"49.1710","0.8654","0.0040"
"49.1910","0.9454","0.0040"
"49.2050","1.0014","0.0041"
"49.2060","1.0054","0.0041"
"49.2070","1.0094","0.0041"
"49.2270","1.0885","0.0039"
"49.2470","1.1531","0.0033"
"49.2670","1.1835","0.0032"
"49.2870","1.1721","0.0033"
"49.3070","1.1203","0.0034"
"49.3270","1.0424","0.0039"
"49.3470","0.9614","0.0040"
"49.3670","0.8837","0.0036"
"49.3870","0.8060","0.0035"
"49.4070","0.7257","0.0033"
"49.4270","0.6436","0.0032"
"49.4470","0.5615","0.0028"
"49.4670","0.4804","0.0024"
"49.4870","0.4002","0.0017"
"49.5070","0.3204","0.0011"
"49.5270","0.2405","0.0005"
"49.5470","0.1605","0.0000"
"49.5630","0.0964","-0.0005"
"49.5640","0.0924","-0.0005"
"49.5650","0.0884","-0.0006"
"49.5850","0.0092","-0.0008"
"49.6050","-0.0552","-0.0008"
"49.6250","-0.0844","-0.0007"
"49.6450","-0.0705","-0.0004"
"49.6650","-0.0154","-0.0002"
"49.6850","0.0642","0.0000"
"49.7050","0.1456","0.0007"
"49.7250","0.2233","0.0014"
"49.7450","0.3009","0.0020"
"49.7650","0.3809","0.0025"
"49.7850","0.4628","0.0030"
"49.8050","0.5447","0.0035"
"49.8250","0.6258","0.0037"
"49.8450","0.7060","0.0038"
"49.8650","0.7858","0.0039"
"49.8850","0.8657","0.0040"
"49.9050","0.9457","0.0041"
"49.9190","1.0017","0.0041"
"49.9200","1.0058","0.0041"
"49.9210","1.0098","0.0041"
"49.9410","1.0888","0.0038"
"49.9610","1.1535","0.0031"
"49.9810","1.1840","0.0030"
"50.0010","1.1726","0.0030"
"50.0210","1.1209","0.0032"
"50.0410","1.0431","0.0037"
"50.0610","0.9621","0.0037"
"50.0810","0.8844","0.0035"
"50.1010","0.8067","0.0035"
"50.1210","0.7264","0.0034"
"50.1410","0.6442","0.0032"
"50.1610","0.5622","0.0028"
"50.1810","0.4810","0.0023"
"50.2010","0.4008","0.0018"
"50.2210","0.3210","0.0012"
"50.2410","0.2411","0.0005"
"50.2610","0.1611","-0.0001"
"50.2770","0.0970","-0.0006"
"50.2780","0.0930","-0.0006"
"50.2790","0.0890","-0.0007"
"50.2990","0.0098","-0.0009"
"50.3190","-0.0545","-0.0008"
"50.3390","-0.0837","-0.0007"
"50.3590","-0.0698","-0.0005"
"50.3790","-0.0148","-0.0002"
"50.3990","0.0649","-0.0001"
"50.4190","0.1462","0.0005"
"50.4390","0.2238","0.0013"
"50.4590","0.3014","0.0019"
"50.4790","0.3815","0.0025"
"50.4990","0.4634","0.0030"
"50.5190","0.5453","0.0033"
"50.5390","0.6264","0.0036"
"50.5590","0.7066","0.0038"
"50.5790","0.7864","0.0039"
"50.5990","0.8663","0.0039"
"50.6190","0.9463","0.0039"
"50.6330","1.0024","0.0039"
"50.6340","1.0064","0.0039"
"50.6350","1.0104","0.0040"
"50.6550","1.0895","0.0037"
"50.6750","1.1541","0.0032"
"50.6950","1.1845","0.0030"
"50.7150","1.1730","0.0030"
"50.7350","1.1212","0.0032"
"50.7550","1.0434","0.0038"
"50.7750","0.9623","0.0037"
"50.7950","0.8847","0.0035"
"50.8150","0.8070","0.0034"
"50.8350","0.7266","0.0032"
"50.8550","0.6445","0.0031"
"50.8750","0.5624","0.0028"
"50.8950","0.4813","0.0023"
"50.9150","0.4011","0.0016"
"50.9350","0.3213","0.0009"
"50.9550","0.2414","0.0003"
"50.9750","0.1614","-0.0002"
"50.9910","0.0973","-0.0006"
"50.9920","0.0933","-0.0006"
"50.9930","0.0893","-0.0007"
"51.0130","0.0101","-0.0010"
"51.0330","-0.0543","-0.0010"
"51.0530","-0.0836","-0.0008"
"51.0730","-0.0698","-0.0004"
"51.0930","-0.0148","-0.0001"
"51.1130","0.0647","0.0001"
"51.1330","0.1461","0.0007"
"51.1530","0.2236","0.0015"
"51.1730","0.3013","0.0021"
"51.1930","0.3814","0.0027"
"51.2130","0.4633","0.0030"
"51.2330","0.5453","0.0034"
"51.2530","0.6263","0.0036"
"51.2730","0.7065","0.0038"
"51.2930","0.7864","0.0039"
"51.3130","0.8662","0.0039"
"51.3330","0.9462","0.0039"
"51.3470","1.0023","0.0039"
"51.3480","1.0063","0.0039"
"51.3490","1.0103","0.0039"
"51.3690","1.0894","0.0037"
"51.3890","1.1540","0.0032"
"51.4090","1.1844","0.0031"
"51.4290","1.1730","0.0030"
"51.4490","1.1213","0.0032"
"51.4690","1.0434","0.0038"
"51.4890","0.9624","0.0040"
"51.5090","0.8847","0.0037"
"51.5290","0.8071","0.0036"
"51.5490","0.7267","0.0034"
"51.5690","0.6446","0.0033"
"51.5890","0.5625","0.0029"
"51.6090","0.4814","0.0023"
"51.6290","0.4012","0.0017"
"51.6490","0.3214","0.0011"
"51.6690","0.2415","0.0005"
"51.6890","0.1615","-0.0001"
"51.7050","0.0974","-0.0006"
"51.7060","0.0934","-0.0006"
"51.7070","0.0894","-0.0007"
"51.7270","0.0102","-0.0009"
"51.7470","-0.0542","-0.0009"
"51.7670","-0.0834","-0.0008"
"51.7870","-0.0696","-0.0005"
"51.8070","-0.0145","-0.0002"
"51.8270","0.0650","0.0001"
"51.8470","0.1464","0.0007"
"51.8670","0.2240","0.0015"
"51.8870","0.3016","0.0021"
"51.9070","0.3817","0.0026"
"51.9270","0.4636","0.0030"
"51.9470","0.5456","0.0035"
"51.9670","0.6266","0.0037"
"51.9870","0.7068","0.0039"
"52.0070","0.7866","0.0040"
"52.0270","0.8665","0.0040"
"52.0470","0.9465","0.0040"
"52.0610","1.0026","0.0041"
"52.0620","1.0066","0.0041"
"52.0630","1.0106","0.0041"
"52.0830","1.0896","0.0039"
"52.1030","1.1542","0.0033"
"52.1230","1.1846","0.0032"
"52.1430","1.1730","0.0032"
"52.1630","1.1212","0.0035"
"52.1830","1.0433","0.0039"
"52.2030","0.9621","0.0039"
"52.2230","0.8845","0.0036"
"52.2430","0.8068","0.0035"
"52.2630","0.7265","0.0033"
"52.2830","0.6445","0.0032"
"52.3030","0.5624","0.0027"
"52.3230","0.4813","0.0022"
"52.3430","0.4011","0.0015"
"52.3630","0.3212","0.0009"
"52.3830","0.2414","0.0003"
"52.4030","0.1614","-0.0002"
"52.4190","0.0973","-0.0006"
"52.4200","0.0933","-0.0006"
"52.4210","0.0892","-0.0007"
"52.4410","0.0101","-0.0010"
"52.4610","-0.0543","-0.0009"
"52.4810","-0.0836","-0.0008"
"52.5010","-0.0698","-0.0005"
"52.5210","-0.0147","-0.0002"
"52.5410","0.0648","0.0000"
"52.5610","0.1462","0.0006"
"52.5810","0.2238","0.0013"
"52.6010","0.3014","0.0019"
"52.6210","0.3815","0.0026"
"52.6410","0.4634","0.0030"
"52.6610","0.5454","0.0033"
"52.6810","0.6264","0.0036"
"52.7010","0.7066","0.0037"
"52.7210","0.7865","0.0038"
"52.7410","0.8663","0.0038"
"52.7610","0.9463","0.0038"
"52.7750","1.0024","0.0038"
"52.7760","1.0064","0.0038"
"52.7770","1.0104","0.0038"
"52.7970","1.0895","0.0036"
"52.8170","1.1541","0.0031"
"52.8370","1.1846","0.0030"
"52.8570","1.1731","0.0030"
"52.8770","1.1214","0.0033"
"52.8970","1.0436","0.0037"
"52.9170","0.9625","0.0038"
"52.9370","0.8849","0.0035"
"52.9570","0.8072","0.0034"
"52.9770","0.7268","0.0033"
"52.9970","0.6447","0.0032"
"53.0170","0.5626","0.0029"
"53.0370","0.4815","0.0025"
"53.0570","0.4013","0.0019"
"53.0770","0.3215","0.0013"
"53.0970","0.2416","0.0007"
"53.1170","0.1616","0.0002"
"53.1330","0.0975","-0.0004"
"53.1340","0.0935","-0.0005"
"53.1350","0.0895","-0.0005"
"53.1550","0.0103","-0.0009"
"53.1750","-0.0540","-0.0008"
"53.1950","-0.0832","-0.0007"
"53.2150","-0.0692","-0.0004"
"53.2350","-0.0140","-0.0001"
"53.2550","0.0657","0.0001"
"53.2750","0.1471","0.0007"
"53.2950","0.2247","0.0015"
"53.3150","0.3023","0.0021"
"53.3350","0.3823","0.0029"
"53.3550","0.4642","0.0034"
"53.3750","0.5461","0.0038"
"53.3950","0.6272","0.0040"
"53.4150","0.7074","0.0042"
"53.4350","0.7872","0.0042"
"53.4550","0.8671","0.0044"
"53.4750","0.9471","0.0043"
"53.4890","1.0031","0.0043"
"53.4900","1.0072","0.0043"
"53.4910","1.0112","0.0043"
"53.5110","1.0902","0.0039"
"53.5310","1.1549","0.0033"
"53.5510","1.1853","0.0033"
"53.5710","1.1738","0.0033"
"53.5910","1.1220","0.0035"
"53.6110","1.0441","0.0040"
"53.6310","0.9631","0.0040"
"53.6510","0.8854","0.0038"
"53.6710","0.8078","0.0039"
"53.6910","0.7274","0.0039"
"53.7110","0.6453","0.0037"
"53.7310","0.5632","0.0032"
"53.7510","0.4821","0.0025"
"53.7710","0.4019","0.0019"
"53.7910","0.3221","0.0012"
"53.8110","0.2422","0.0006"
"53.8310","0.1622","-0.0001"
"53.8470","0.0981","-0.0007"
"53.8480","0.0941","-0.0007"
"53.8490","0.0901","-0.0007"
"53.8690","0.0109","-0.0010"
"53.8890","-0.0535","-0.0009"
"53.9090","-0.0827","-0.0008"
"53.9290","-0.0688","-0.0005"
"53.9490","-0.0137","-0.0002"
"53.9690","0.0660","0.0000"
"53.9890","0.1473","0.0007"
"54.0090","0.2249","0.0014"
"54.0290","0.3025","0.0019"
"54.0490","0.3825","0.0025"
"54.0690","0.4644","0.0031"
"54.0890","0.5464","0.0038"
"54.1090","0.6275","0.0042"
"54.1290","0.7077","0.0043"
"54.1490","0.7875","0.0042"
"54.1690","0.8674","0.0043"
"54.1890","0.9474","0.0042"
"54.2030","1.0034","0.0043"
"54.2040","1.0074","0.0043"
"54.2050","1.0114","0.0043"
"54.2250","1.0905","0.0040"
"54.2450","1.1551","0.0035"
"54.2650","1.1854","0.0032"
"54.2850","1.1738","0.0033"
"54.3050","1.1219","0.0035"
"54.3250","1.0440","0.0042"
"54.3450","0.9628","0.0044"
"54.3650","0.8851","0.0042"
"54.3850","0.8075","0.0041"
"54.4050","0.7272","0.0041"
"54.4250","0.6451","0.0040"
"54.4450","0.5631","0.0034"
"54.4650","0.4819","0.0026"
"54.4850","0.4017","0.0019"
"54.5050","0.3219","0.0013"
"54.5250","0.2421","0.0006"
"54.5450","0.1621","-0.0001"
"54.5610","0.0980","-0.0006"
"54.5620","0.0939","-0.0006"
"54.5630","0.0899","-0.0006"
"54.5830","0.0108","-0.0010"
"54.6030","-0.0536","-0.0009"
"54.6230","-0.0828","-0.0008"
"54.6430","-0.0689","-0.0005"
"54.6630","-0.0138","-0.0002"
"54.6830","0.0659","0.0000"
"54.7030","0.1473","0.0007"
"54.7230","0.2249","0.0016"
"54.7430","0.3025","0.0022"
"54.7630","0.3825","0.0029"
"54.7830","0.4644","0.0034"
"54.8030","0.5463","0.0040"
"54.8230","0.6274","0.0042"
"54.8430","0.7076","0.0043"
"54.8630","0.7874","0.0043"
"54.8830","0.8673","0.0043"
"54.9030","0.9473","0.0043"
"54.9170","1.0033","0.0042"
"54.9180","1.0073","0.0042"
"54.9190","1.0114","0.0042"
"54.9390","1.0904","0.0040"
"54.9590","1.1551","0.0034"
"54.9790","1.1854","0.0032"
"54.9990","1.1739","0.0034"
"55.0190","1.1221","0.0038"
"55.0390","1.0442","0.0043"
"55.0590","0.9630","0.0040"
"55.0790","0.8854","0.0034"
"55.0990","0.8078","0.0032"
"55.1190","0.7275","0.0029"
"55.1390","0.6454","0.0027"
"55.1590","0.5633","0.0023"
"55.1790","0.4821","0.0020"
"55.1990","0.4019","0.0015"
"55.2190","0.3221","0.0010"
"55.2390","0.2422","0.0005"
"55.2590","0.1622","-0.0001"
"55.2750","0.0981","-0.0006"
"55.2760","0.0941","-0.0006"
"55.2770","0.0901","-0.0007"
"55.2970","0.0109","-0.0008"
"55.3170","-0.0534","-0.0007"
"55.3370","-0.0826","-0.0006"
"55.3570","-0.0686","-0.0004"
"55.3770","-0.0134","-0.0002"
"55.3970","0.0662","0.0000"
"55.4170","0.1476","0.0007"
"55.4370","0.2253","0.0015"
"55.4570","0.3029","0.0021"
"55.4770","0.3829","0.0027"
"55.4970","0.4647","0.0032"
"55.5170","0.5467","0.0035"
"55.5370","0.6277","0.0037"
"55.5570","0.7079","0.0038"
"55.5770","0.7878","0.0039"
"55.5970","0.8676","0.0038"
"55.6170","0.9476","0.0038"
"55.6310","1.0037","0.0038"
"55.6320","1.0077","0.0038"
"55.6330","1.0117","0.0038"
"55.6530","1.0908","0.0036"
"55.6730","1.1554","0.0031"
"55.6930","1.1858","0.0030"
"55.7130","1.1743","0.0031"
"55.7330","1.1224","0.0034"
"55.7530","1.0445","0.0038"
"55.7730","0.9634","0.0038"
"55.7930","0.8858","0.0036"
"55.8130","0.8081","0.0035"
"55.8330","0.7278","0.0034"
"55.8530","0.6457","0.0033"
"55.8730","0.5636","0.0029"
"55.8930","0.4825","0.0025"
"55.9130","0.4023","0.0018"
"55.9330","0.3225","0.0012"
"55.9530","0.2426","0.0006"
"55.9730","0.1626","0.0000"
"55.9890","0.0985","-0.0005"
"55.9900","0.0945","-0.0005"
"55.9910","0.0905","-0.0005"
"56.0110","0.0113","-0.0008"
"56.0310","-0.0531","-0.0007"
"56.0510","-0.0823","-0.0007"
"56.0710","-0.0685","-0.0004"
"56.0910","-0.0134","-0.0001"
"56.1110","0.0662","0.0000"
"56.1310","0.1476","0.0006"
"56.1510","0.2252","0.0014"
"56.1710","0.3028","0.0021"
"56.1910","0.3829","0.0027"
"56.2110","0.4648","0.0030"
"56.2310","0.5467","0.0034"
"56.2510","0.6277","0.0036"
"56.2710","0.7079","0.0037"
"56.2910","0.7878","0.0038"
"56.3110","0.8677","0.0039"
"56.3310","0.9477","0.0039"
"56.3450","1.0037","0.0040"
"56.3460","1.0078","0.0040"
"56.3470","1.0118","0.0040"
"56.3670","1.0908","0.0038"
"56.3870","1.1554","0.0033"
"56.4070","1.1857","0.0032"
"56.4270","1.1741","0.0031"
"56.4470","1.1222","0.0033"
"56.4670","1.0442","0.0038"
"56.4870","0.9630","0.0037"
"56.5070","0.8854","0.0035"
"56.5270","0.8078","0.0034"
"56.5470","0.7275","0.0032"
"56.5670","0.6454","0.0030"
"56.5870","0.5633","0.0027"
"56.6070","0.4822","0.0022"
"56.6270","0.4020","0.0016"
"56.6470","0.3222","0.0011"
"56.6670","0.2423","0.0005"
"56.6870","0.1623","0.0000"
"56.7030","0.0982","-0.0006"
"56.7040","0.0942","-0.0006"
"56.7050","0.0902","-0.0007"
"56.7250","0.0110","-0.0010"
"56.7450","-0.0534","-0.0008"
"56.7650","-0.0826","-0.0008"
"56.7850","-0.0687","-0.0005"
"56.8050","-0.0136","-0.0002"
"56.8250","0.0660","0.0000"
"56.8450","0.1474","0.0006"
"56.8650","0.2249","0.0013"
"56.8850","0.3025","0.0018"
"56.9050","0.3826","0.0026"
"56.9250","0.4645","0.0031"
"56.9450","0.5465","0.0034"
"56.9650","0.6275","0.0036"
"56.9850","0.7078","0.0037"
"57.0050","0.7876","0.0037"
"57.0250","0.8675","0.0038"
"57.0450","0.9475","0.0039"
"57.0590","1.0035","0.0040"
"57.0600","1.0075","0.0040"
"57.0610","1.0115","0.0040"
"57.0810","1.0906","0.0038"
"57.1010","1.1553","0.0032"
"57.1210","1.1856","0.0031"
"57.1410","1.1741","0.0030"
"57.1610","1.1223","0.0032"
"57.1810","1.0444","0.0037"
"57.2010","0.9632","0.0037"
"57.2210","0.8856","0.0034"
"57.2410","0.8079","0.0033"
"57.2610","0.7276","0.0030"
"57.2810","0.6456","0.0028"
"57.3010","0.5635","0.0025"
"57.3210","0.4823","0.0022"
"57.3410","0.4021","0.0017"
"57.3610","0.3223","0.0010"
"57.3810","0.2425","0.0004"
"57.4010","0.1625","-0.0001"
"57.4170","0.0984","-0.0005"
"57.4180","0.0944","-0.0005"
"57.4190","0.0903","-0.0006"
"57.4390","0.0112","-0.0008"
"57.4590","-0.0532","-0.0009"
"57.4790","-0.0824","-0.0009"
"57.4990","-0.0685","-0.0006"
"57.5190","-0.0134","-0.0002"
"57.5390","0.0663","-0.0001"
"57.5590","0.1476","0.0005"
"57.5790","0.2253","0.0013"
"57.5990","0.3029","0.0019"
"57.6190","0.3830","0.0025"
"57.6390","0.4648","0.0030"
"57.6590","0.5467","0.0035"
"57.6790","0.6277","0.0036"
"57.6990","0.7080","0.0037"
"57.7190","0.7878","0.0037"
"57.7390","0.8677","0.0038"
"57.7590","0.9477","0.0038"
"57.7730","1.0038","0.0039"
"57.7740","1.0078","0.0039"
"57.7750","1.0118","0.0039"
"57.7950","1.0909","0.0036"
"57.8150","1.1555","0.0031"
"57.8350","1.1859","0.0029"
"57.8550","1.1743","0.0029"
"57.8750","1.1225","0.0032"
"57.8950","1.0446","0.0038"
"57.9150","0.9634","0.0039"
"57.9350","0.8858","0.0035"
"57.9550","0.8081","0.0034"
"57.9750","0.7278","0.0032"
"57.9950","0.6458","0.0030"
"58.0150","0.5637","0.0027"
"58.0350","0.4825","0.0022"
"58.0550","0.4024","0.0016"
"58.0750","0.3225","0.0010"
"58.0950","0.2427","0.0005"
"58.1150","0.1627","-0.0001"
"58.1310","0.0986","-0.0006"
"58.1320","0.0946","-0.0006"
"58.1330","0.0905","-0.0006"
"58.1530","0.0114","-0.0009"
"58.1730","-0.0531","-0.0009"
"58.1930","-0.0823","-0.0008"
"58.2130","-0.0684","-0.0005"
"58.2330","-0.0133","-0.0002"
"58.2530","0.0663","0.0000"
"58.2730","0.1477","0.0006"
"58.2930","0.2253","0.0014"
"58.3130","0.3029","0.0019"
"58.3330","0.3829","0.0025"
"58.3530","0.4648","0.0030"
"58.3730","0.5468","0.0033"
"58.3930","0.6278","0.0035"
"58.4130","0.7080","0.0037"
"58.4330","0.7879","0.0037"
"58.4530","0.8677","0.0038"
"58.4730","0.9477","0.0037"
"58.4870","1.0038","0.0038"
"58.4880","1.0078","0.0038"
"58.4890","1.0118","0.0038"
"58.5090","1.0909","0.0035"
"58.5290","1.1555","0.0031"
"58.5490","1.1858","0.0029"
"58.5690","1.1743","0.0029"
"58.5890","1.1223","0.0031"
"58.6090","1.0444","0.0036"
"58.6290","0.9633","0.0037"
"58.6490","0.8856","0.0035"
"58.6690","0.8079","0.0034"
"58.6890","0.7277","0.0032"
"58.7090","0.6456","0.0030"
"58.7290","0.5635","0.0026"
"58.7490","0.4824","0.0021"
"58.7690","0.4022","0.0016"
"58.7890","0.3224","0.0010"
"58.8090","0.2425","0.0004"
"58.8290","0.1625","-0.0002"
"58.8450","0.0984","-0.0007"
"58.8460","0.0944","-0.0007"
"58.8470","0.0904","-0.0008"
"58.8670","0.0112","-0.0010"
"58.8870","-0.0532","-0.0009"
"58.9070","-0.0825","-0.0009"
"58.9270","-0.0687","-0.0006"
"58.9470","-0.0136","-0.0002"
"58.9670","0.0660","0.0000"
"58.9870","0.1474","0.0006"
"59.0070","0.2250","0.0014"
"59.0270","0.3026","0.0020"
"59.0470","0.3827","0.0025"
"59.0670","0.4646","0.0028"
"59.0870","0.5465","0.0033"
"59.1070","0.6275","0.0036"
"59.1270","0.7077","0.0037"
"59.1470","0.7876","0.0037"
"59.1670","0.8674","0.0037"
"59.1870","0.9474","0.0038"
"59.2010","1.0035","0.0038"
"59.2020","1.0075","0.0038"
"59.2030","1.0115","0.0038"
"59.2230","1.0906","0.0035"
"59.2430","1.1552","0.0030"
"59.2630","1.1856","0.0028"
"59.2830","1.1740","0.0029"
"59.3030","1.1221","0.0031"
"59.3230","1.0441","0.0036"
"59.3430","0.9630","0.0037"
"59.3630","0.8854","0.0036"
"59.3830","0.8077","0.0035"
"59.4030","0.7274","0.0033"
"59.4230","0.6454","0.0031"
"59.4430","0.5633","0.0027"
"59.4630","0.4821","0.0023"
"59.4830","0.4019","0.0017"
"59.5030","0.3221","0.0011"
"59.5230","0.2423","0.0005"
"59.5430","0.1623","-0.0002"
"59.5590","0.0982","-0.0007"
"59.5600","0.0941","-0.0007"
"59.5610","0.0901","-0.0008"
"59.5810","0.0110","-0.0011"
"59.6010","-0.0535","-0.0008"
"59.6210","-0.0827","-0.0008"
"59.6410","-0.0688","-0.0006"
"59.6610","-0.0136","-0.0004"
"59.6810","0.0660","-0.0002"
"59.7010","0.1474","0.0005"
"59.7210","0.2251","0.0013"
"59.7410","0.3027","0.0019"
"59.7610","0.3827","0.0025"
"59.7810","0.4646","0.0028"
"59.8010","0.5465","0.0032"
"59.8210","0.6275","0.0035"
"59.8410","0.7077","0.0036"
"59.8610","0.7876","0.0037"
"59.8810","0.8674","0.0037"
"59.9010","0.9474","0.0038"
"59.9150","1.0035","0.0039"
"59.9160","1.0075","0.0039"
"59.9170","1.0115","0.0039"
"59.9370","1.0906","0.0038"
"59.9570","1.1552","0.0033"
"59.9770","1.1856","0.0032"
"59.9970","1.1741","0.0032"
"60.0170","1.1222","0.0034"
"60.0370","1.0443","0.0039"
"60.0570","0.9632","0.0039"
"60.0770","0.8855","0.0037"
"60.0970","0.8079","0.0036"
"60.1170","0.7276","0.0034"
"60.1370","0.6456","0.0032"
"60.1570","0.5635","0.0029"
"60.1770","0.4823","0.0024"
"60.1970","0.4021","0.0019"
"60.2170","0.3223","0.0013"
"60.2370","0.2424","0.0006"
"60.2570","0.1624","0.0000"
"60.2730","0.0983","-0.0006"
"60.2740","0.0943","-0.0006"
"60.2750","0.0903","-0.0006"
"60.2950","0.0111","-0.0009"
"60.3150","-0.0534","-0.0009"
"60.3350","-0.0827","-0.0008"
"60.3550","-0.0689","-0.0005"
"60.3750","-0.0138","-0.0002"
"60.3950","0.0658","0.0001"
"60.4150","0.1472","0.0007"
"60.4350","0.2248","0.0014"
"60.4550","0.3024","0.0019"
"60.4750","0.3825","0.0025"
"60.4950","0.4644","0.0029"
"60.5150","0.5463","0.0034"
"60.5350","0.6273","0.0036"
"60.5550","0.7075","0.0037"
"60.5750","0.7873","0.0039"
"60.5950","0.8672","0.0039"
"60.6150","0.9472","0.0039"
"60.6290","1.0033","0.0039"
"60.6300","1.0073","0.0039"
"60.6310","1.0113","0.0039"
"60.6510","1.0904","0.0036"
"60.6710","1.1550","0.0031"
"60.6910","1.1853","0.0030"
"60.7110","1.1737","0.0030"
"60.7310","1.1217","0.0032"
"60.7510","1.0438","0.0036"
"60.7710","0.9626","0.0036"
"60.7910","0.8850","0.0034"
"60.8110","0.8073","0.0034"
"60.8310","0.7271","0.0032"
"60.8510","0.6450","0.0030"
"60.8710","0.5630","0.0026"
"60.8910","0.4818","0.0022"
"60.9110","0.4016","0.0016"
"60.9310","0.3218","0.0010"
"60.9510","0.2419","0.0004"
"60.9710","0.1619","-0.0002"
"60.9870","0.0978","-0.0006"
"60.9880","0.0938","-0.0007"
"60.9890","0.0898","-0.0007"
"61.0090","0.0106","-0.0010"
"61.0290","-0.0538","-0.0008"
"61.0490","-0.0830","-0.0007"
"61.0690","-0.0691","-0.0005"
"61.0890","-0.0139","-0.0003"
"61.1090","0.0657","0.0000"
"61.1290","0.1472","0.0005"
"61.1490","0.2248","0.0013"
"61.1690","0.3023","0.0019"
"61.1890","0.3824","0.0024"
"61.2090","0.4643","0.0028"
"61.2290","0.5462","0.0032"
"61.2490","0.6272","0.0034"
"61.2690","0.7074","0.0036"
"61.2890","0.7872","0.0035"
"61.3090","0.8671","0.0036"
"61.3290","0.9471","0.0037"
"61.3430","1.0032","0.0038"
"61.3440","1.0072","0.0038"
"61.3450","1.0112","0.0039"
"61.3650","1.0903","0.0037"
"61.3850","1.1549","0.0031"
"61.4050","1.1852","0.0031"
"61.4250","1.1737","0.0030"
"61.4450","1.1218","0.0032"
"61.4650","1.0438","0.0038"
"61.4850","0.9627","0.0038"
"61.5050","0.8850","0.0035"
"61.5250","0.8074","0.0034"
"61.5450","0.7271","0.0032"
"61.5650","0.6450","0.0031"
"61.5850","0.5630","0.0027"
"61.6050","0.4818","0.0022"
"61.6250","0.4016","0.0016"
"61.6450","0.3218","0.0009"
"61.6650","0.2419","0.0004"
"61.6850","0.1619","-0.0003"
"61.7010","0.0978","-0.0007"
"61.7020","0.0938","-0.0008"
"61.7030","0.0898","-0.0008"
"61.7230","0.0106","-0.0009"
"61.7430","-0.0538","-0.0008"
"61.7630","-0.0830","-0.0008"
"61.7830","-0.0690","-0.0006"
"61.8030","-0.0139","-0.0003"
"61.8230","0.0658","-0.0001"
"61.8430","0.1472","0.0005"
"61.8630","0.2248","0.0012"
"61.8830","0.3023","0.0018"
"61.9030","0.3824","0.0024"
"61.9230","0.4643","0.0028"
"61.9430","0.5463","0.0031"
"61.9630","0.6273","0.0034"
"61.9830","0.7075","0.0034"
"62.0030","0.7873","0.0035"
"62.0230","0.8671","0.0037"
"62.0430","0.9471","0.0038"
"62.0570","1.0032","0.0039"
"62.0580","1.0072","0.0039"
"62.0590","1.0112","0.0039"
"62.0790","1.0903","0.0037"
"62.0990","1.1549","0.0031"
"62.1190","1.1852","0.0029"
"62.1390","1.1736","0.0030"
"62.1590","1.1217","0.0032"
"62.1790","1.0438","0.0036"
"62.1990","0.9626","0.0037"
"62.2190","0.8850","0.0035"
"62.2390","0.8073","0.0033"
"62.2590","0.7271","0.0030"
"62.2790","0.6450","0.0029"
"62.2990","0.5629","0.0026"
"62.3190","0.4818","0.0021"
"62.3390","0.4016","0.0016"
"62.3590","0.3218","0.0010"
"62.3790","0.2419","0.0004"
"62.3990","0.1619","-0.0002"
"62.4150","0.0978","-0.0007"
"62.4160","0.0938","-0.0007"
"62.4170","0.0898","-0.0008"
"62.4370","0.0106","-0.0010"
"62.4570","-0.0538","-0.0009"
"62.4770","-0.0831","-0.0008"
"62.4970","-0.0692","-0.0006"
"62.5170","-0.0141","-0.0004"
"62.5370","0.0656","-0.0001"
"62.5570","0.1470","0.0005"
"62.5770","0.2246","0.0012"
"62.5970","0.3022","0.0018"
"62.6170","0.3822","0.0023"
"62.6370","0.4641","0.0027"
"62.6570","0.5461","0.0031"
"62.6770","0.6271","0.0033"
"62.6970","0.7073","0.0035"
"62.7170","0.7871","0.0036"
"62.7370","0.8670","0.0036"
"62.7570","0.9470","0.0037"
"62.7710","1.0030","0.0037"
"62.7720","1.0070","0.0037"
"62.7730","1.0110","0.0037"
"62.7930","1.0901","0.0036"
"62.8130","1.1548","0.0031"
"62.8330","1.1852","0.0030"
"62.8530","1.1737","0.0029"
"62.8730","1.1219","0.0031"
"62.8930","1.0441","0.0035"
"62.9130","0.9629","0.0036"
"62.9330","0.8853","0.0033"
"62.9530","0.8076","0.0032"
"62.9730","0.7273","0.0031"
"62.9930","0.6452","0.0029"
"63.0130","0.5632","0.0025"
"63.0330","0.4820","0.0021"
"63.0530","0.4018","0.0016"
"63.0730","0.3220","0.0009"
"63.0930","0.2421","0.0003"
"63.1130","0.1621","-0.0003"
"63.1290","0.0980","-0.0007"
"63.1300","0.0940","-0.0007"
"63.1310","0.0900","-0.0007"
"63.1510","0.0108","-0.0010"
"63.1710","-0.0536","-0.0008"
"63.1910","-0.0827","-0.0008"
"63.2110","-0.0688","-0.0006"
"63.2310","-0.0137","-0.0003"
"63.2510","0.0660","-0.0001"
"63.2710","0.1474","0.0005"
"63.2910","0.2250","0.0012"
"63.3110","0.3026","0.0017"
"63.3310","0.3827","0.0022"
"63.3510","0.4645","0.0026"
"63.3710","0.5465","0.0030"
"63.3910","0.6275","0.0032"
"63.4110","0.7077","0.0034"
"63.4310","0.7875","0.0036"
"63.4510","0.8673","0.0037"
"63.4710","0.9474","0.0037"
"63.4850","1.0034","0.0037"
"63.4860","1.0074","0.0037"
"63.4870","1.0115","0.0037"
"63.5070","1.0905","0.0034"
"63.5270","1.1551","0.0030"
"63.5470","1.1854","0.0029"
"63.5670","1.1737","0.0029"
"63.5870","1.1218","0.0030"
"63.6070","1.0438","0.0035"
"63.6270","0.9627","0.0035"
"63.6470","0.8850","0.0033"
"63.6670","0.8074","0.0032"
"63.6870","0.7271","0.0029"
"63.7070","0.6451","0.0027"
"63.7270","0.5630","0.0024"
"63.7470","0.4819","0.0019"
"63.7670","0.4017","0.0014"
"63.7870","0.3218","0.0009"
"63.8070","0.2420","0.0003"
"63.8270","0.1620","-0.0002"
"63.8430","0.0979","-0.0007"
"63.8440","0.0938","-0.0007"
"63.8450","0.0898","-0.0008"
"63.8650","0.0106","-0.0010"
"63.8850","-0.0538","-0.0010"
"63.9050","-0.0830","-0.0009"
"63.9250","-0.0691","-0.0005"
"63.9450","-0.0140","-0.0003"
"63.9650","0.0657","-0.0001"
"63.9850","0.1470","0.0004"
"64.0050","0.2246","0.0012"
"64.0250","0.3022","0.0017"
"64.0450","0.3823","0.0023"
"64.0650","0.4642","0.0027"
"64.0850","0.5462","0.0031"
"64.1050","0.6272","0.0034"
"64.1250","0.7074","0.0036"
"64.1450","0.7872","0.0036"
"64.1650","0.8670","0.0037"
"64.1850","0.9470","0.0038"
"64.1990","1.0031","0.0038"
"64.2000","1.0071","0.0038"
"64.2010","1.0111","0.0038"
"64.2210","1.0902","0.0035"
"64.2410","1.1548","0.0031"
"64.2610","1.1851","0.0029"
"64.2810","1.1735","0.0028"
"64.3010","1.1216","0.0031"
"64.3210","1.0436","0.0036"
"64.3410","0.9625","0.0036"
"64.3610","0.8848","0.0034"
"64.3810","0.8071","0.0032"
"64.4010","0.7268","0.0031"
"64.4210","0.6448","0.0029"
"64.4410","0.5627","0.0025"
"64.4610","0.4816","0.0022"
"64.4810","0.4014","0.0017"
"64.5010","0.3216","0.0011"
"64.5210","0.2417","0.0006"
"64.5410","0.1617","-0.0001"
"64.5570","0.0976","-0.0005"
"64.5580","0.0936","-0.0006"
"64.5590","0.0896","-0.0006"
"64.5790","0.0104","-0.0009"
"64.5990","-0.0540","-0.0009"
"64.6190","-0.0833","-0.0008"
"64.6390","-0.0695","-0.0005"
"64.6590","-0.0145","-0.0003"
"64.6790","0.0651","0.0000"
"64.6990","0.1464","0.0006"
"64.7190","0.2241","0.0013"
"64.7390","0.3017","0.0019"
"64.7590","0.3817","0.0024"
"64.7790","0.4636","0.0028"
"64.7990","0.5456","0.0031"
"64.8190","0.6266","0.0034"
"64.8390","0.7068","0.0037"
"64.8590","0.7866","0.0037"
"64.8790","0.8665","0.0037"
"64.8990","0.9465","0.0038"
"64.9130","1.0026","0.0038"
"64.9140","1.0066","0.0038"
"64.9150","1.0106","0.0038"
"64.9350","1.0897","0.0036"
"64.9550","1.1543","0.0031"
"64.9750","1.1846","0.0030"
"64.9950","1.1731","0.0030"
"65.0150","1.1213","0.0032"
"65.0350","1.0434","0.0037"
"65.0550","0.9623","0.0037"
"65.0750","0.8846","0.0035"
"65.0950","0.8070","0.0034"
"65.1150","0.7267","0.0032"
"65.1350","0.6446","0.0031"
"65.1550","0.5625","0.0027"
"65.1750","0.4814","0.0023"
"65.1950","0.4012","0.0017"
"65.2150","0.3213","0.0010"
"65.2350","0.2415","0.0004"
"65.2550","0.1615","-0.0002"
"65.2710","0.0974","-0.0006"
"65.2720","0.0934","-0.0007"
"65.2730","0.0894","-0.0007"
"65.2930","0.0102","-0.0010"
"65.3130","-0.0542","-0.0008"
"65.3330","-0.0833","-0.0007"
"65.3530","-0.0694","-0.0005"
"65.3730","-0.0142","-0.0002"
"65.3930","0.0654","0.0000"
"65.4130","0.1469","0.0006"
"65.4330","0.2245","0.0012"
"65.4530","0.3021","0.0018"
"65.4730","0.3821","0.0024"
"65.4930","0.4640","0.0028"
"65.5130","0.5459","0.0033"
"65.5330","0.6269","0.0034"
"65.5530","0.7071","0.0036"
"65.5730","0.7870","0.0037"
"65.5930","0.8668","0.0039"
"65.6130","0.9468","0.0038"
"65.6270","1.0029","0.0038"
"65.6280","1.0069","0.0038"
"65.6290","1.0109","0.0038"
"65.6490","1.0900","0.0035"
"65.6690","1.1546","0.0030"
"65.6890","1.1849","0.0030"
"65.7090","1.1734","0.0030"
"65.7290","1.1215","0.0031"
"65.7490","1.0436","0.0037"
"65.7690","0.9624","0.0037"
"65.7890","0.8847","0.0034"
"65.8090","0.8071","0.0033"
"65.8290","0.7268","0.0031"
"65.8490","0.6448","0.0029"
"65.8690","0.5627","0.0026"
"65.8890","0.4816","0.0021"
"65.9090","0.4014","0.0015"
"65.9290","0.3215","0.0009"
"65.9490","0.2417","0.0004"
"65.9690","0.1616","-0.0001"
"65.9850","0.0975","-0.0007"
"65.9860","0.0935","-0.0007"
"65.9870","0.0895","-0.0007"
"66.0070","0.0103","-0.0011"
"66.0270","-0.0541","-0.0009"
"66.0470","-0.0834","-0.0009"
"66.0670","-0.0696","-0.0006"
"66.0870","-0.0146","-0.0003"
"66.1070","0.0650","-0.0001"
"66.1270","0.1464","0.0004"
"66.1470","0.2240","0.0011"
"66.1670","0.3016","0.0017"
"66.1870","0.3817","0.0023"
"66.2070","0.4636","0.0028"
"66.2270","0.5455","0.0032"
"66.2470","0.6265","0.0035"
"66.2670","0.7067","0.0036"
"66.2870","0.7866","0.0037"
"66.3070","0.8664","0.0037"
"66.3270","0.9464","0.0036"
"66.3410","1.0025","0.0037"
"66.3420","1.0065","0.0037"
"66.3430","1.0105","0.0037"
"66.3630","1.0896","0.0035"
"66.3830","1.1542","0.0031"
"66.4030","1.1844","0.0030"
"66.4230","1.1727","0.0030"
"66.4430","1.1208","0.0033"
"66.4630","1.0429","0.0038"
"66.4830","0.9617","0.0037"
"66.5030","0.8840","0.0034"
"66.5230","0.8063","0.0033"
"66.5430","0.7261","0.0030"
"66.5630","0.6441","0.0029"
"66.5830","0.5620","0.0026"
"66.6030","0.4809","0.0022"
"66.6230","0.4007","0.0015"
"66.6430","0.3208","0.0010"
"66.6630","0.2410","0.0004"
"66.6830","0.1610","-0.0002"
"66.6990","0.0968","-0.0007"
"66.7000","0.0928","-0.0007"
"66.7010","0.0888","-0.0008"
"66.7210","0.0096","-0.0011"
"66.7410","-0.0548","-0.0009"
"66.7610","-0.0841","-0.0007"
"66.7810","-0.0703","-0.0005"
"66.8010","-0.0153","-0.0003"
"66.8210","0.0643","-0.0002"
"66.8410","0.1457","0.0004"
"66.8610","0.2233","0.0011"
"66.8810","0.3009","0.0017"
"66.9010","0.3810","0.0023"
"66.9210","0.4629","0.0027"
"66.9410","0.5448","0.0031"
"66.9610","0.6258","0.0033"
"66.9810","0.7060","0.0035"
"67.0010","0.7859","0.0037"
"67.0210","0.8657","0.0038"
"67.0410","0.9457","0.0038"
"67.0550","1.0018","0.0038"
"67.0560","1.0058","0.0038"
"67.0570","1.0098","0.0038"
"67.0770","1.0889","0.0035"
"67.0970","1.1536","0.0030"
"67.1170","1.1840","0.0029"
"67.1370","1.1725","0.0030"
"67.1570","1.1208","0.0031"
"67.1770","1.0430","0.0036"
"67.1970","0.9619","0.0037"
"67.2170","0.8842","0.0034"
"67.2370","0.8065","0.0032"
"67.2570","0.7262","0.0030"
"67.2770","0.6441","0.0029"
"67.2970","0.5620","0.0026"
"67.3170","0.4809","0.0021"
"67.3370","0.4007","0.0015"
"67.3570","0.3209","0.0009"
"67.3770","0.2410","0.0004"
"67.3970","0.1610","-0.0001"
"67.4130","0.0969","-0.0006"
"67.4140","0.0929","-0.0007"
"67.4150","0.0889","-0.0007"
"67.4350","0.0097","-0.0009"
"67.4550","-0.0547","-0.0009"
"67.4750","-0.0839","-0.0009"
"67.4950","-0.0700","-0.0006"
"67.5150","-0.0149","-0.0004"
"67.5350","0.0647","-0.0002"
"67.5550","0.1461","0.0004"
"67.5750","0.2237","0.0012"
"67.5950","0.3013","0.0017"
"67.6150","0.3814","0.0024"
"67.6350","0.4633","0.0028"
"67.6550","0.5453","0.0031"
"67.6750","0.6263","0.0033"
"67.6950","0.7064","0.0035"
"67.7150","0.7863","0.0037"
"67.7350","0.8661","0.0038"
"67.7550","0.9461","0.0039"
"67.7690","1.0022","0.0039"
"67.7700","1.0062","0.0039"
"67.7710","1.0102","0.0039"
"67.7910","1.0893","0.0036"
"67.8110","1.1539","0.0030"
"67.8310","1.1843","0.0029"
"67.8510","1.1729","0.0030"
"67.8710","1.1212","0.0033"
"67.8910","1.0433","0.0037"
"67.9110","0.9622","0.0037"
"67.9310","0.8846","0.0034"
"67.9510","0.8069","0.0033"
"67.9710","0.7266","0.0031"
"67.9910","0.6445","0.0029"
"68.0110","0.5624","0.0026"
"68.0310","0.4813","0.0022"
"68.0510","0.4011","0.0016"
"68.0710","0.3212","0.0011"
"68.0910","0.2414","0.0005"
"68.1110","0.1614","-0.0001"
"68.1270","0.0973","-0.0006"
"68.1280","0.0933","-0.0007"
"68.1290","0.0892","-0.0007"
"68.1490","0.0101","-0.0010"
"68.1690","-0.0543","-0.0009"
"68.1890","-0.0836","-0.0008"
"68.2090","-0.0698","-0.0005"
"68.2290","-0.0148","-0.0002"
"68.2490","0.0648","-0.0001"
"68.2690","0.1461","0.0005"
"68.2890","0.2237","0.0012"
"68.3090","0.3014","0.0019"
"68.3290","0.3814","0.0025"
"68.3490","0.4634","0.0029"
"68.3690","0.5453","0.0033"
"68.3890","0.6263","0.0035"
"68.4090","0.7065","0.0036"
"68.4290","0.7864","0.0037"
"68.4490","0.8662","0.0038"
"68.4690","0.9462","0.0038"
"68.4830","1.0023","0.0038"
"68.4840","1.0063","0.0038"
"68.4850","1.0103","0.0038"
"68.5050","1.0894","0.0036"
"68.5250","1.1540","0.0031"
"68.5450","1.1844","0.0030"
"68.5650","1.1729","0.0031"
"68.5850","1.1211","0.0032"
"68.6050","1.0433","0.0037"
"68.6250","0.9621","0.0037"
"68.6450","0.8845","0.0035"
"68.6650","0.8068","0.0034"
"68.6850","0.7265","0.0032"
"68.7050","0.6444","0.0030"
"68.7250","0.5623","0.0027"
"68.7450","0.4812","0.0022"
"68.7650","0.4010","0.0017"
"68.7850","0.3212","0.0010"
"68.8050","0.2413","0.0004"
"68.8250","0.1613","-0.0001"
"68.8410","0.0972","-0.0006"
"68.8420","0.0932","-0.0007"
"68.8430","0.0892","-0.0007"
"68.8630","0.0100","-0.0010"
"68.8830","-0.0545","-0.0009"
"68.9030","-0.0837","-0.0008"
"68.9230","-0.0700","-0.0005"
"68.9430","-0.0150","-0.0002"
"68.9630","0.0647","-0.0001"
"68.9830","0.1461","0.0005"
"69.0030","0.2237","0.0013"
"69.0230","0.3013","0.0019"
"69.0430","0.3813","0.0024"
"69.0630","0.4632","0.0028"
"69.0830","0.5452","0.0031"
"69.1030","0.6262","0.0034"
"69.1230","0.7064","0.0036"
"69.1430","0.7862","0.0037"
"69.1630","0.8660","0.0037"
"69.1830","0.9460","0.0037"
"69.1970","1.0021","0.0037"
"69.1980","1.0061","0.0037"
"69.1990","1.0101","0.0037"
"69.2190","1.0892","0.0035"
"69.2390","1.1539","0.0031"
"69.2590","1.1843","0.0030"
"69.2790","1.1728","0.0031"
"69.2990","1.1211","0.0033"
"69.3190","1.0432","0.0038"
"69.3390","0.9622","0.0037"
"69.3590","0.8845","0.0035"
"69.3790","0.8068","0.0034"
"69.3990","0.7265","0.0031"
"69.4190","0.6444","0.0029"
"69.4390","0.5623","0.0026"
"69.4590","0.4812","0.0022"
"69.4790","0.4010","0.0016"
"69.4990","0.3212","0.0010"
"69.5190","0.2413","0.0004"
"69.5390","0.1613","-0.0002"
"69.5550","0.0972","-0.0006"
"69.5560","0.0932","-0.0006"
"69.5570","0.0892","-0.0007"
"69.5770","0.0100","-0.0010"
"69.5970","-0.0544","-0.0008"
"69.6170","-0.0837","-0.0008"
"69.6370","-0.0699","-0.0006"
"69.6570","-0.0149","-0.0003"
"69.6770","0.0647","-0.0001"
"69.6970","0.1461","0.0006"
"69.7170","0.2238","0.0013"
"69.7370","0.3014","0.0019"
"69.7570","0.3814","0.0025"
"69.7770","0.4633","0.0029"
"69.7970","0.5452","0.0032"
"69.8170","0.6262","0.0034"
"69.8370","0.7064","0.0035"
"69.8570","0.7863","0.0036"
"69.8770","0.8661","0.0038"
"69.8970","0.9461","0.0038"
"69.9110","1.0022","0.0038"
"69.9120","1.0062","0.0038"
"69.9130","1.0102","0.0038"
"69.9330","1.0893","0.0036"
"69.9530","1.1539","0.0031"
"69.9730","1.1843","0.0029"
"69.9930","1.1729","0.0029"
"70.0130","1.1211","0.0032"
"70.0330","1.0433","0.0038"
"70.0530","0.9621","0.0038"
"70.0730","0.8845","0.0035"
"70.0930","0.8068","0.0033"
"70.1130","0.7265","0.0030"
"70.1330","0.6444","0.0028"
"70.1530","0.5623","0.0026"
"70.1730","0.4812","0.0022"
"70.1930","0.4010","0.0015"
"70.2130","0.3212","0.0010"
"70.2330","0.2413","0.0005"
"70.2530","0.1613","-0.0001"
"70.2690","0.0972","-0.0007"
"70.2700","0.0932","-0.0007"
"70.2710","0.0892","-0.0007"
"70.2910","0.0100","-0.0009"
"70.3110","-0.0544","-0.0008"
"70.3310","-0.0836","-0.0008"
"70.3510","-0.0697","-0.0005"
"70.3710","-0.0147","-0.0003"
"70.3910","0.0649","-0.0002"
"70.4110","0.1463","0.0005"
"70.4310","0.2239","0.0013"
"70.4510","0.3015","0.0019"
"70.4710","0.3816","0.0025"
"70.4910","0.4635","0.0029"
"70.5110","0.5454","0.0033"
"70.5310","0.6265","0.0036"
"70.5510","0.7067","0.0037"
"70.5710","0.7865","0.0037"
"70.5910","0.8663","0.0038"
"70.6110","0.9463","0.0039"
"70.6250","1.0024","0.0039"
"70.6260","1.0064","0.0039"
"70.6270","1.0104","0.0039"
"70.6470","1.0895","0.0037"
"70.6670","1.1542","0.0032"
"70.6870","1.1845","0.0031"
"70.7070","1.1731","0.0031"
"70.7270","1.1214","0.0032"
"70.7470","1.0436","0.0037"
"70.7670","0.9625","0.0037"
"70.7870","0.8848","0.0035"
"70.8070","0.8071","0.0033"
"70.8270","0.7268","0.0031"
"70.8470","0.6447","0.0030"
"70.8670","0.5626","0.0027"
"70.8870","0.4815","0.0022"
"70.9070","0.4013","0.0016"
"70.9270","0.3215","0.0010"
"70.9470","0.2416","0.0004"
"70.9670","0.1616","-0.0002"
"70.9830","0.0974","-0.0007"
"70.9840","0.0934","-0.0007"
"70.9850","0.0894","-0.0007"
"71.0050","0.0103","-0.0010"
"71.0250","-0.0541","-0.0009"
"71.0450","-0.0833","-0.0008"
"71.0650","-0.0695","-0.0005"
"71.0850","-0.0144","-0.0002"
"71.1050","0.0653","0.0000"
"71.1250","0.1466","0.0006"
"71.1450","0.2242","0.0014"
"71.1650","0.3018","0.0020"
"71.1850","0.3819","0.0026"
"71.2050","0.4638","0.0030"
"71.2250","0.5457","0.0033"
"71.2450","0.6268","0.0035"
"71.2650","0.7070","0.0036"
"71.2850","0.7868","0.0037"
"71.3050","0.8667","0.0039"
"71.3250","0.9467","0.0040"
"71.3390","1.0027","0.0040"
"71.3400","1.0067","0.0040"
"71.3410","1.0107","0.0040"
"71.3610","1.0898","0.0037"
"71.3810","1.1545","0.0031"
"71.4010","1.1849","0.0030"
"71.4210","1.1735","0.0031"
"71.4410","1.1218","0.0032"
"71.4610","1.0440","0.0037"
"71.4810","0.9629","0.0038"
"71.5010","0.8853","0.0035"
"71.5210","0.8076","0.0034"
"71.5410","0.7273","0.0032"
"71.5610","0.6451","0.0030"
"71.5810","0.5630","0.0026"
"71.6010","0.4819","0.0021"
"71.6210","0.4017","0.0016"
"71.6410","0.3219","0.0010"
"71.6610","0.2420","0.0004"
"71.6810","0.1620","-0.0001"
"71.6970","0.0979","-0.0006"
"71.6980","0.0939","-0.0006"
"71.6990","0.0898","-0.0007"
"71.7190","0.0107","-0.0009"
"71.7390","-0.0538","-0.0007"
"71.7590","-0.0831","-0.0007"
"71.7790","-0.0692","-0.0005"
"71.7990","-0.0142","-0.0002"
"71.8190","0.0654","-0.0001"
"71.8390","0.1468","0.0004"
"71.8590","0.2244","0.0011"
"71.8790","0.3020","0.0017"
"71.8990","0.3821","0.0024"
"71.9190","0.4639","0.0028"
"71.9390","0.5459","0.0032"
"71.9590","0.6269","0.0034"
"71.9790","0.7072","0.0036"
"71.9990","0.7870","0.0037"
"72.0190","0.8668","0.0038"
"72.0390","0.9468","0.0039"
"72.0530","1.0029","0.0039"
"72.0540","1.0069","0.0039"
"72.0550","1.0109","0.0039"
"72.0750","1.0900","0.0036"
"72.0950","1.1546","0.0030"
"72.1150","1.1849","0.0029"
"72.1350","1.1734","0.0029"
"72.1550","1.1215","0.0032"
"72.1750","1.0436","0.0037"
"72.1950","0.9625","0.0037"
"72.2150","0.8848","0.0036"
"72.2350","0.8072","0.0033"
"72.2550","0.7269","0.0032"
"72.2750","0.6448","0.0031"
"72.2950","0.5627","0.0027"
"72.3150","0.4816","0.0023"
"72.3350","0.4014","0.0018"
"72.3550","0.3216","0.0012"
"72.3750","0.2417","0.0005"
"72.3950","0.1617","-0.0001"
"72.4110","0.0976","-0.0006"
"72.4120","0.0936","-0.0007"
"72.4130","0.0896","-0.0007"
"72.4330","0.0104","-0.0009"
"72.4530","-0.0540","-0.0008"
"72.4730","-0.0832","-0.0007"
"72.4930","-0.0694","-0.0004"
"72.5130","-0.0144","-0.0001"
"72.5330","0.0653","-0.0001"
"72.5530","0.1466","0.0006"
"72.5730","0.2243","0.0013"
"72.5930","0.3019","0.0019"
"72.6130","0.3819","0.0024"
"72.6330","0.4638","0.0030"
"72.6530","0.5458","0.0034"
"72.6730","0.6268","0.0036"
"72.6930","0.7070","0.0037"
"72.7130","0.7868","0.0038"
"72.7330","0.8667","0.0040"
"72.7530","0.9467","0.0041"
"72.7670","1.0027","0.0041"
"72.7680","1.0067","0.0041"
"72.7690","1.0107","0.0041"
"72.7890","1.0898","0.0037"
"72.8090","1.1545","0.0032"
"72.8290","1.1848","0.0031"
"72.8490","1.1733","0.0030"
"72.8690","1.1215","0.0033"
"72.8890","1.0437","0.0038"
"72.9090","0.9626","0.0039"
"72.9290","0.8850","0.0036"
"72.9490","0.8073","0.0034"
"72.9690","0.7270","0.0032"
"72.9890","0.6449","0.0030"
"73.0090","0.5628","0.0026"
"73.0290","0.4816","0.0021"
"73.0490","0.4014","0.0015"
"73.0690","0.3216","0.0011"
"73.0890","0.2418","0.0005"
"73.1090","0.1618","-0.0001"
"73.1250","0.0976","-0.0006"
"73.1260","0.0936","-0.0006"
"73.1270","0.0896","-0.0006"
"73.1470","0.0104","-0.0009"
"73.1670","-0.0539","-0.0008"
"73.1870","-0.0831","-0.0007"
"73.2070","-0.0691","-0.0004"
"73.2270","-0.0139","-0.0002"
"73.2470","0.0657","-0.0001"
"73.2670","0.1471","0.0006"
"73.2870","0.2248","0.0013"
"73.3070","0.3023","0.0018"
"73.3270","0.3824","0.0025"
"73.3470","0.4643","0.0030"
"73.3670","0.5462","0.0034"
"73.3870","0.6272","0.0036"
"73.4070","0.7074","0.0038"
"73.4270","0.7873","0.0038"
"73.4470","0.8671","0.0039"
"73.4670","0.9471","0.0040"
"73.4810","1.0032","0.0039"
"73.4820","1.0072","0.0039"
"73.4830","1.0112","0.0039"
"73.5030","1.0903","0.0037"
"73.5230","1.1549","0.0033"
"73.5430","1.1853","0.0032"
"73.5630","1.1738","0.0031"
"73.5830","1.1220","0.0033"
"73.6030","1.0441","0.0038"
"73.6230","0.9630","0.0038"
"73.6430","0.8853","0.0035"
"73.6630","0.8077","0.0035"
"73.6830","0.7274","0.0032"
"73.7030","0.6453","0.0031"
"73.7230","0.5632","0.0027"
"73.7430","0.4821","0.0022"
"73.7630","0.4019","0.0017"
"73.7830","0.3221","0.0011"
"73.8030","0.2422","0.0004"
"73.8230","0.1622","-0.0002"
"73.8390","0.0981","-0.0006"
"73.8400","0.0941","-0.0006"
"73.8410","0.0901","-0.0007"
"73.8610","0.0109","-0.0009"
"73.8810","-0.0535","-0.0008"
"73.9010","-0.0827","-0.0008"
"73.9210","-0.0689","-0.0006"
"73.9410","-0.0138","-0.0003"
"73.9610","0.0658","-0.0001"
"73.9810","0.1472","0.0007"
"74.0010","0.2248","0.0014"
"74.0210","0.3024","0.0019"
"74.0410","0.3824","0.0025"
"74.0610","0.4643","0.0028"
"74.0810","0.5463","0.0032"
"74.1010","0.6273","0.0035"
"74.1210","0.7075","0.0036"
"74.1410","0.7874","0.0037"
"74.1610","0.8672","0.0039"
"74.1810","0.9472","0.0039"
"74.1950","1.0033","0.0039"
"74.1960","1.0073","0.0039"
"74.1970","1.0113","0.0039"
"74.2170","1.0904","0.0037"
"74.2370","1.1550","0.0033"
"74.2570","1.1852","0.0031"
"74.2770","1.1737","0.0031"
"74.2970","1.1218","0.0033"
"74.3170","1.0439","0.0038"
"74.3370","0.9627","0.0038"
"74.3570","0.8851","0.0035"
"74.3770","0.8074","0.0034"
"74.3970","0.7271","0.0033"
"74.4170","0.6451","0.0031"
"74.4370","0.5630","0.0028"
"74.4570","0.4818","0.0023"
"74.4770","0.4016","0.0017"
"74.4970","0.3218","0.0011"
"74.5170","0.2420","0.0005"
"74.5370","0.1620","-0.0001"
"74.5530","0.0978","-0.0006"
"74.5540","0.0938","-0.0006"
"74.5550","0.0898","-0.0007"
"74.5750","0.0106","-0.0009"
"74.5950","-0.0538","-0.0008"
"74.6150","-0.0830","-0.0008"
"74.6350","-0.0691","-0.0005"
"74.6550","-0.0141","-0.0003"
"74.6750","0.0655","-0.0001"
"74.6950","0.1469","0.0005"
"74.7150","0.2245","0.0013"
"74.7350","0.3021","0.0018"
"74.7550","0.3822","0.0025"
"74.7750","0.4641","0.0029"
"74.7950","0.5460","0.0035"
"74.8150","0.6271","0.0036"
"74.8350","0.7073","0.0037"
"74.8550","0.7871","0.0039"
"74.8750","0.8669","0.0039"
"74.8950","0.9469","0.0040"
"74.9090","1.0030","0.0040"
"74.9100","1.0070","0.0040"
"74.9110","1.0110","0.0040"
"74.9310","1.0901","0.0037"
"74.9510","1.1547","0.0032"
"74.9710","1.1851","0.0031"
"74.9910","1.1736","0.0031"
"75.0110","1.1218","0.0032"
"75.0310","1.0439","0.0038"
"75.0510","0.9628","0.0038"
"75.0710","0.8852","0.0036"
"75.0910","0.8075","0.0035"
"75.1110","0.7272","0.0033"
"75.1310","0.6451","0.0031"
"75.1510","0.5630","0.0028"
"75.1710","0.4818","0.0023"
"75.1910","0.4016","0.0017"
"75.2110","0.3218","0.0010"
"75.2310","0.2420","0.0003"
"75.2510","0.1620","-0.0001"
"75.2670","0.0978","-0.0005"
"75.2680","0.0938","-0.0005"
"75.2690","0.0898","-0.0006"
"75.2890","0.0107","-0.0008"
"75.3090","-0.0537","-0.0008"
"75.3290","-0.0828","-0.0008"
"75.3490","-0.0689","-0.0006"
"75.3690","-0.0137","-0.0002"
"75.3890","0.0659","0.0000"
"75.4090","0.1473","0.0006"
"75.4290","0.2249","0.0013"
"75.4490","0.3025","0.0018"
"75.4690","0.3826","0.0023"
"75.4890","0.4645","0.0029"
"75.5090","0.5464","0.0034"
"75.5290","0.6274","0.0035"
"75.5490","0.7076","0.0036"
"75.5690","0.7875","0.0037"
"75.5890","0.8673","0.0039"
"75.6090","0.9473","0.0039"
"75.6230","1.0034","0.0039"
"75.6240","1.0074","0.0039"
"75.6250","1.0114","0.0039"
"75.6450","1.0905","0.0037"
"75.6650","1.1551","0.0031"
"75.6850","1.1855","0.0031"
"75.7050","1.1740","0.0031"
"75.7250","1.1221","0.0033"
"75.7450","1.0442","0.0037"
"75.7650","0.9631","0.0037"
"75.7850","0.8855","0.0036"
"75.8050","0.8078","0.0035"
"75.8250","0.7275","0.0032"
"75.8450","0.6454","0.0030"
"75.8650","0.5633","0.0026"
"75.8850","0.4822","0.0021"
"75.9050","0.4020","0.0015"
"75.9250","0.3222","0.0009"
"75.9450","0.2423","0.0004"
"75.9650","0.1623","-0.0001"
"75.9810","0.0982","-0.0006"
"75.9820","0.0942","-0.0006"
"75.9830","0.0902","-0.0006"
"76.0030","0.0110","-0.0009"
"76.0230","-0.0534","-0.0008"
"76.0430","-0.0827","-0.0007"
"76.0630","-0.0689","-0.0005"
"76.0830","-0.0138","-0.0003"
"76.1030","0.0658","-0.0002"
"76.1230","0.1471","0.0006"
"76.1430","0.2247","0.0014"
"76.1630","0.3023","0.0019"
"76.1830","0.3824","0.0025"
"76.2030","0.4643","0.0029"
"76.2230","0.5463","0.0033"
"76.2430","0.6273","0.0035"
"76.2630","0.7075","0.0038"
"76.2830","0.7874","0.0038"
"76.3030","0.8672","0.0039"
"76.3230","0.9472","0.0040"
"76.3370","1.0033","0.0039"
"76.3380","1.0073","0.0039"
"76.3390","1.0113","0.0039"
"76.3590","1.0904","0.0036"
"76.3790","1.1550","0.0031"
"76.3990","1.1853","0.0031"
"76.4190","1.1738","0.0031"
"76.4390","1.1220","0.0032"
"76.4590","1.0441","0.0038"
"76.4790","0.9629","0.0038"
"76.4990","0.8852","0.0035"
"76.5190","0.8076","0.0035"
"76.5390","0.7273","0.0032"
"76.5590","0.6453","0.0030"
"76.5790","0.5632","0.0026"
"76.5990","0.4820","0.0022"
"76.6190","0.4018","0.0016"
"76.6390","0.3220","0.0010"
"76.6590","0.2422","0.0004"
"76.6790","0.1622","-0.0002"
"76.6950","0.0980","-0.0006"
"76.6960","0.0940","-0.0007"
"76.6970","0.0900","-0.0007"
"76.7170","0.0109","-0.0009"
"76.7370","-0.0536","-0.0008"
"76.7570","-0.0828","-0.0007"
"76.7770","-0.0689","-0.0004"
"76.7970","-0.0138","-0.0002"
"76.8170","0.0657","0.0000"
"76.8370","0.1471","0.0006"
"76.8570","0.2247","0.0013"
"76.8770","0.3023","0.0018"
"76.8970","0.3824","0.0024"
"76.9170","0.4643","0.0028"
"76.9370","0.5463","0.0032"
"76.9570","0.6273","0.0035"
"76.9770","0.7075","0.0037"
"76.9970","0.7874","0.0037"
"77.0170","0.8672","0.0039"
"77.0370","0.9472","0.0039"
"77.0510","1.0033","0.0039"
"77.0520","1.0073","0.0039"
"77.0530","1.0113","0.0039"
"77.0730","1.0904","0.0037"
"77.0930","1.1550","0.0032"
"77.1130","1.1854","0.0030"
"77.1330","1.1740","0.0030"
"77.1530","1.1222","0.0033"
"77.1730","1.0444","0.0038"
"77.1930","0.9633","0.0038"
"77.2130","0.8856","0.0036"
"77.2330","0.8080","0.0035"
"77.2530","0.7277","0.0033"
"77.2730","0.6456","0.0031"
"77.2930","0.5635","0.0027"
"77.3130","0.4823","0.0023"
"77.3330","0.4021","0.0017"
"77.3530","0.3223","0.0009"
"77.3730","0.2424","0.0003"
"77.3930","0.1624","-0.0001"
"77.4090","0.0983","-0.0006"
"77.4100","0.0943","-0.0007"
"77.4110","0.0903","-0.0007"
"77.4310","0.0111","-0.0009"
"77.4510","-0.0533","-0.0008"
"77.4710","-0.0825","-0.0007"
"77.4910","-0.0686","-0.0004"
"77.5110","-0.0135","-0.0001"
"77.5310","0.0661","0.0000"
"77.5510","0.1474","0.0005"
"77.5710","0.2251","0.0013"
"77.5910","0.3027","0.0019"
"77.6110","0.3827","0.0025"
"77.6310","0.4646","0.0029"
"77.6510","0.5466","0.0032"
"77.6710","0.6276","0.0035"
"77.6910","0.7078","0.0037"
"77.7110","0.7877","0.0038"
"77.7310","0.8675","0.0038"
"77.7510","0.9475","0.0039"
"77.7650","1.0036","0.0040"
"77.7660","1.0076","0.0040"
"77.7670","1.0116","0.0040"
"77.7870","1.0907","0.0038"
"77.8070","1.1553","0.0032"
"77.8270","1.1857","0.0030"
"77.8470","1.1742","0.0030"
"77.8670","1.1224","0.0032"
"77.8870","1.0445","0.0037"
"77.9070","0.9633","0.0038"
"77.9270","0.8857","0.0036"
"77.9470","0.8080","0.0035"
"77.9670","0.7278","0.0033"
"77.9870","0.6457","0.0031"
"78.0070","0.5636","0.0028"
"78.0270","0.4825","0.0022"
"78.0470","0.4023","0.0016"
"78.0670","0.3224","0.0011"
"78.0870","0.2426","0.0005"
"78.1070","0.1626","-0.0001"
"78.1230","0.0985","-0.0006"
"78.1240","0.0945","-0.0006"
"78.1250","0.0904","-0.0007"
"78.1450","0.0113","-0.0010"
"78.1650","-0.0531","-0.0009"
"78.1850","-0.0824","-0.0008"
"78.2050","-0.0685","-0.0005"
"78.2250","-0.0135","-0.0001"
"78.2450","0.0661","0.0000"
"78.2650","0.1474","0.0006"
"78.2850","0.2250","0.0014"
"78.3050","0.3026","0.0019"
"78.3250","0.3827","0.0025"
"78.3450","0.4647","0.0030"
"78.3650","0.5466","0.0033"
"78.3850","0.6277","0.0036"
"78.4050","0.7079","0.0038"
"78.4250","0.7877","0.0039"
"78.4450","0.8676","0.0039"
"78.4650","0.9476","0.0040"
"78.4790","1.0036","0.0040"
"78.4800","1.0076","0.0040"
"78.4810","1.0117","0.0040"
"78.5010","1.0907","0.0037"
"78.5210","1.1553","0.0032"
"78.5410","1.1857","0.0031"
"78.5610","1.1741","0.0031"
"78.5810","1.1223","0.0034"
"78.6010","1.0444","0.0039"
"78.6210","0.9632","0.0040"
"78.6410","0.8856","0.0037"
"78.6610","0.8079","0.0035"
"78.6810","0.7276","0.0033"
"78.7010","0.6456","0.0030"
"78.7210","0.5635","0.0027"
"78.7410","0.4824","0.0022"
"78.7610","0.4022","0.0016"
"78.7810","0.3223","0.0010"
"78.8010","0.2425","0.0004"
"78.8210","0.1625","-0.0002"
"78.8370","0.0984","-0.0007"
"78.8380","0.0944","-0.0007"
"78.8390","0.0903","-0.0007"
"78.8590","0.0112","-0.0010"
"78.8790","-0.0532","-0.0009"
"78.8990","-0.0825","-0.0007"
"78.9190","-0.0686","-0.0004"
"78.9390","-0.0135","-0.0002"
"78.9590","0.0661","-0.0001"
"78.9790","0.1474","0.0005"
"78.9990","0.2250","0.0013"
"79.0190","0.3027","0.0019"
"79.0390","0.3827","0.0025"
"79.0590","0.4646","0.0029"
"79.0790","0.5466","0.0033"
"79.0990","0.6276","0.0036"
"79.1190","0.7078","0.0038"
"79.1390","0.7877","0.0039"
"79.1590","0.8675","0.0040"
"79.1790","0.9475","0.0040"
"79.1930","1.0036","0.0039"
"79.1940","1.0076","0.0039"
"79.1950","1.0116","0.0039"
"79.2150","1.0907","0.0037"
"79.2350","1.1553","0.0032"
"79.2550","1.1857","0.0031"
"79.2750","1.1742","0.0031"
"79.2950","1.1224","0.0032"
"79.3150","1.0445","0.0038"
"79.3350","0.9634","0.0038"
"79.3550","0.8857","0.0036"
"79.3750","0.8081","0.0035"
"79.3950","0.7278","0.0032"
"79.4150","0.6457","0.0030"
"79.4350","0.5636","0.0026"
"79.4550","0.4825","0.0021"
"79.4750","0.4022","0.0016"
"79.4950","0.3224","0.0010"
"79.5150","0.2425","0.0004"
"79.5350","0.1625","-0.0001"
"79.5510","0.0984","-0.0006"
"79.5520","0.0944","-0.0006"
"79.5530","0.0904","-0.0007"
"79.5730","0.0113","-0.0009"
"79.5930","-0.0531","-0.0008"
"79.6130","-0.0824","-0.0007"
"79.6330","-0.0685","-0.0004"
"79.6530","-0.0135","-0.0003"
"79.6730","0.0661","0.0000"
"79.6930","0.1475","0.0006"
"79.7130","0.2251","0.0013"
"79.7330","0.3027","0.0019"
"79.7530","0.3828","0.0025"
"79.7730","0.4646","0.0029"
"79.7930","0.5466","0.0033"
"79.8130","0.6276","0.0035"
"79.8330","0.7079","0.0037"
"79.8530","0.7877","0.0037"
"79.8730","0.8676","0.0038"
"79.8930","0.9476","0.0039"
"79.9070","1.0036","0.0040"
"79.9080","1.0076","0.0040"
"79.9090","1.0116","0.0040"
"79.9290","1.0907","0.0036"
"79.9490","1.1554","0.0031"
"79.9690","1.1857","0.0030"
"79.9890","1.1742","0.0031"
"80.0090","1.1224","0.0033"
"80.0290","1.0445","0.0037"
"80.0490","0.9633","0.0037"
"80.0690","0.8857","0.0035"
"80.0890","0.8080","0.0034"
"80.1090","0.7278","0.0032"
"80.1290","0.6457","0.0030"
"80.1490","0.5636","0.0027"
"80.1690","0.4825","0.0022"
"80.1890","0.4022","0.0016"
"80.2090","0.3224","0.0011"
"80.2290","0.2425","0.0005"
"80.2490","0.1625","-0.0001"
"80.2650","0.0984","-0.0006"
"80.2660","0.0944","-0.0007"
"80.2670","0.0904","-0.0007"
"80.2870","0.0113","-0.0009"
"80.3070","-0.0532","-0.0008"
"80.3270","-0.0824","-0.0008"
"80.3470","-0.0686","-0.0005"
"80.3670","-0.0136","-0.0002"
"80.3870","0.0660","0.0000"
"80.4070","0.1474","0.0006"
"80.4270","0.2250","0.0013"
"80.4470","0.3026","0.0019"
"80.4670","0.3826","0.0025"
"80.4870","0.4645","0.0030"
"80.5070","0.5465","0.0034"
"80.5270","0.6275","0.0036"
"80.5470","0.7078","0.0038"
"80.5670","0.7876","0.0038"
"80.5870","0.8674","0.0039"
"80.6070","0.9474","0.0039"
"80.6210","1.0035","0.0040"
"80.6220","1.0075","0.0040"
"80.6230","1.0115","0.0040"
"80.6430","1.0906","0.0038"
"80.6630","1.1552","0.0033"
"80.6830","1.1856","0.0031"
"80.7030","1.1741","0.0031"
"80.7230","1.1223","0.0033"
"80.7430","1.0444","0.0039"
"80.7630","0.9633","0.0039"
"80.7830","0.8856","0.0037"
"80.8030","0.8080","0.0036"
"80.8230","0.7277","0.0033"
"80.8430","0.6456","0.0031"
"80.8630","0.5635","0.0027"
"80.8830","0.4824","0.0022"
"80.9030","0.4022","0.0016"
"80.9230","0.3224","0.0010"
"80.9430","0.2425","0.0004"
"80.9630","0.1625","0.0000"
"80.9790","0.0984","-0.0005"
"80.9800","0.0944","-0.0006"
"80.9810","0.0904","-0.0006"
"81.0010","0.0112","-0.0009"
"81.0210","-0.0532","-0.0009"
"81.0410","-0.0824","-0.0008"
"81.0610","-0.0685","-0.0004"
"81.0810","-0.0134","-0.0001"
"81.1010","0.0663","0.0001"
"81.1210","0.1476","0.0005"
"81.1410","0.2252","0.0012"
"81.1610","0.3028","0.0018"
"81.1810","0.3829","0.0025"
"81.2010","0.4648","0.0029"
"81.2210","0.5467","0.0033"
"81.2410","0.6278","0.0036"
"81.2610","0.7080","0.0038"
"81.2810","0.7879","0.0039"
"81.3010","0.8677","0.0040"
"81.3210","0.9477","0.0039"
"81.3350","1.0037","0.0039"
"81.3360","1.0078","0.0039"
"81.3370","1.0118","0.0039"
"81.3570","1.0908","0.0036"
"81.3770","1.1555","0.0032"
"81.3970","1.1858","0.0031"
"81.4170","1.1743","0.0031"
"81.4370","1.1225","0.0033"
"81.4570","1.0446","0.0038"
"81.4770","0.9635","0.0039"
"81.4970","0.8858","0.0036"
"81.5170","0.8082","0.0035"
"81.5370","0.7279","0.0033"
"81.5570","0.6458","0.0031"
"81.5770","0.5637","0.0028"
"81.5970","0.4826","0.0023"
"81.6170","0.4023","0.0016"
"81.6370","0.3225","0.0010"
"81.6570","0.2427","0.0004"
"81.6770","0.1627","-0.0001"
"81.6930","0.0986","-0.0005"
"81.6940","0.0946","-0.0006"
"81.6950","0.0905","-0.0006"
"81.7150","0.0114","-0.0009"
"81.7350","-0.0530","-0.0008"
"81.7550","-0.0822","-0.0007"
"81.7750","-0.0684","-0.0003"
"81.7950","-0.0133","-0.0001"
"81.8150","0.0663","0.0000"
"81.8350","0.1477","0.0006"
"81.8550","0.2253","0.0014"
"81.8750","0.3029","0.0019"
"81.8950","0.3830","0.0025"
"81.9150","0.4648","0.0029"
"81.9350","0.5468","0.0032"
"81.9550","0.6278","0.0035"
"81.9750","0.7081","0.0037"
"81.9950","0.7879","0.0038"
"82.0150","0.8677","0.0038"
"82.0350","0.9477","0.0039"
"82.0490","1.0038","0.0039"
"82.0500","1.0078","0.0039"
"82.0510","1.0118","0.0039"
"82.0710","1.0909","0.0037"
"82.0910","1.1555","0.0032"
"82.1110","1.1859","0.0031"
"82.1310","1.1744","0.0031"
"82.1510","1.1226","0.0033"
"82.1710","1.0447","0.0038"
"82.1910","0.9635","0.0038"
"82.2110","0.8859","0.0036"
"82.2310","0.8082","0.0034"
"82.2510","0.7280","0.0033"
"82.2710","0.6459","0.0031"
"82.2910","0.5638","0.0026"
"82.3110","0.4826","0.0022"
"82.3310","0.4024","0.0016"
"82.3510","0.3226","0.0010"
"82.3710","0.2428","0.0002"
"82.3910","0.1628","-0.0003"
"82.4070","0.0987","-0.0006"
"82.4080","0.0947","-0.0007"
"82.4090","0.0906","-0.0007"
"82.4290","0.0115","-0.0008"
"82.4490","-0.0530","-0.0008"
"82.4690","-0.0822","-0.0008"
"82.4890","-0.0683","-0.0006"
"82.5090","-0.0133","-0.0002"
"82.5290","0.0663","0.0000"
"82.5490","0.1477","0.0006"
"82.5690","0.2253","0.0013"
"82.5890","0.3029","0.0019"
"82.6090","0.3830","0.0024"
"82.6290","0.4649","0.0027"
"82.6490","0.5468","0.0032"
"82.6690","0.6279","0.0035"
"82.6890","0.7081","0.0037"
"82.7090","0.7879","0.0038"
"82.7290","0.8678","0.0040"
"82.7490","0.9478","0.0039"
"82.7630","1.0038","0.0039"
"82.7640","1.0078","0.0039"
"82.7650","1.0118","0.0039"
"82.7850","1.0909","0.0037"
"82.8050","1.1556","0.0032"
"82.8250","1.1859","0.0031"
"82.8450","1.1744","0.0030"
"82.8650","1.1226","0.0033"
"82.8850","1.0446","0.0037"
"82.9050","0.9635","0.0038"
"82.9250","0.8859","0.0036"
"82.9450","0.8082","0.0035"
"82.9650","0.7280","0.0033"
"82.9850","0.6459","0.0031"
"83.0050","0.5638","0.0027"
"83.0250","0.4826","0.0022"
"83.0450","0.4024","0.0015"
"83.0650","0.3226","0.0009"
"83.0850","0.2428","0.0004"
"83.1050","0.1628","-0.0002"
"83.1210","0.0986","-0.0007"
"83.1220","0.0946","-0.0007"
"83.1230","0.0906","-0.0007"
"83.1430","0.0114","-0.0009"
"83.1630","-0.0530","-0.0008"
"83.1830","-0.0822","-0.0008"
"83.2030","-0.0684","-0.0006"
"83.2230","-0.0134","-0.0003"
"83.2430","0.0662","-0.0001"
"83.2630","0.1475","0.0006"
"83.2830","0.2251","0.0013"
"83.3030","0.3028","0.0019"
"83.3230","0.3829","0.0024"
"83.3430","0.4648","0.0028"
"83.3630","0.5467","0.0032"
"83.3830","0.6278","0.0034"
"83.4030","0.7080","0.0036"
"83.4230","0.7878","0.0038"
"83.4430","0.8677","0.0039"
"83.4630","0.9477","0.0038"
"83.4770","1.0038","0.0038"
"83.4780","1.0078","0.0038"
"83.4790","1.0118","0.0038"
"83.4990","1.0909","0.0037"
"83.5190","1.1555","0.0031"
"83.5390","1.1859","0.0030"
"83.5590","1.1744","0.0030"
"83.5790","1.1226","0.0032"
"83.5990","1.0447","0.0036"
"83.6190","0.9636","0.0037"
"83.6390","0.8859","0.0035"
"83.6590","0.8083","0.0034"
"83.6790","0.7280","0.0032"
"83.6990","0.6459","0.0029"
"83.7190","0.5638","0.0025"
"83.7390","0.4826","0.0021"
"83.7590","0.4024","0.0015"
"83.7790","0.3226","0.0009"
"83.7990","0.2428","0.0004"
"83.8190","0.1627","-0.0001"
"83.8350","0.0986","-0.0006"
"83.8360","0.0946","-0.0007"
"83.8370","0.0906","-0.0007"
"83.8570","0.0114","-0.0009"
"83.8770","-0.0530","-0.0008"
"83.8970","-0.0822","-0.0007"
"83.9170","-0.0684","-0.0005"
"83.9370","-0.0133","-0.0003"
"83.9570","0.0663","0.0000"
"83.9770","0.1476","0.0005"
"83.9970","0.2252","0.0013"
"84.0170","0.3028","0.0018"
"84.0370","0.3829","0.0023"
"84.0570","0.4648","0.0028"
"84.0770","0.5467","0.0032"
"84.0970","0.6278","0.0035"
"84.1170","0.7080","0.0036"
"84.1370","0.7879","0.0037"
"84.1570","0.8677","0.0038"
"84.1770","0.9477","0.0038"
"84.1910","1.0038","0.0039"
"84.1920","1.0078","0.0039"
"84.1930","1.0118","0.0039"
"84.2130","1.0909","0.0036"
"84.2330","1.1554","0.0031"
"84.2530","1.1857","0.0029"
"84.2730","1.1741","0.0030"
"84.2930","1.1222","0.0032"
"84.3130","1.0443","0.0037"
"84.3330","0.9631","0.0038"
"84.3530","0.8854","0.0036"
"84.3730","0.8078","0.0034"
"84.3930","0.7276","0.0033"
"84.4130","0.6455","0.0030"
"84.4330","0.5634","0.0026"
"84.4530","0.4823","0.0021"
"84.4730","0.4021","0.0015"
"84.4930","0.3223","0.0010"
"84.5130","0.2424","0.0004"
"84.5330","0.1624","-0.0002"
"84.5490","0.0983","-0.0006"
"84.5500","0.0943","-0.0006"
"84.5510","0.0903","-0.0007"
"84.5710","0.0111","-0.0009"
"84.5910","-0.0534","-0.0008"
"84.6110","-0.0826","-0.0008"
"84.6310","-0.0688","-0.0005"
"84.6510","-0.0137","-0.0002"
"84.6710","0.0658","-0.0001"
"84.6910","0.1471","0.0005"
"84.7110","0.2247","0.0014"
"84.7310","0.3024","0.0019"
"84.7510","0.3825","0.0025"
"84.7710","0.4644","0.0028"
"84.7910","0.5464","0.0032"
"84.8110","0.6274","0.0034"
"84.8310","0.7076","0.0036"
"84.8510","0.7875","0.0038"
"84.8710","0.8673","0.0038"
"84.8910","0.9473","0.0038"
"84.9050","1.0034","0.0038"
"84.9060","1.0074","0.0038"
"84.9070","1.0114","0.0038"
"84.9270","1.0905","0.0037"
"84.9470","1.1551","0.0032"
"84.9670","1.1855","0.0029"
"84.9870","1.1740","0.0029"
"85.0070","1.1222","0.0032"
"85.0270","1.0443","0.0038"
"85.0470","0.9631","0.0037"
"85.0670","0.8855","0.0035"
"85.0870","0.8078","0.0034"
"85.1070","0.7276","0.0032"
"85.1270","0.6455","0.0030"
"85.1470","0.5634","0.0027"
"85.1670","0.4822","0.0022"
"85.1870","0.4020","0.0016"
"85.2070","0.3222","0.0010"
"85.2270","0.2424","0.0004"
"85.2470","0.1624","-0.0003"
"85.2630","0.0982","-0.0007"
"85.2640","0.0942","-0.0007"
"85.2650","0.0902","-0.0008"
"85.2850","0.0110","-0.0009"
"85.3050","-0.0533","-0.0009"
"85.3250","-0.0825","-0.0008"
"85.3450","-0.0685","-0.0006"
"85.3650","-0.0134","-0.0003"
"85.3850","0.0662","-0.0001"
"85.4050","0.1476","0.0005"
"85.4250","0.2253","0.0013"
"85.4450","0.3029","0.0018"
"85.4650","0.3829","0.0024"
"85.4850","0.4648","0.0028"
"85.5050","0.5467","0.0032"
"85.5250","0.6277","0.0035"
"85.5450","0.7080","0.0036"
"85.5650","0.7878","0.0036"
"85.5850","0.8677","0.0037"
"85.6050","0.9477","0.0039"
"85.6190","1.0037","0.0039"
"85.6200","1.0077","0.0039"
"85.6210","1.0117","0.0039"
"85.6410","1.0908","0.0036"
"85.6610","1.1555","0.0032"
"85.6810","1.1858","0.0031"
"85.7010","1.1743","0.0031"
"85.7210","1.1225","0.0033"
"85.7410","1.0446","0.0037"
"85.7610","0.9634","0.0037"
"85.7810","0.8858","0.0035"
"85.8010","0.8082","0.0034"
"85.8210","0.7279","0.0032"
"85.8410","0.6458","0.0030"
"85.8610","0.5637","0.0026"
"85.8810","0.4826","0.0022"
"85.9010","0.4024","0.0016"
"85.9210","0.3226","0.0010"
"85.9410","0.2427","0.0004"
"85.9610","0.1627","-0.0001"
"85.9770","0.0986","-0.0006"
"85.9780","0.0945","-0.0006"
"85.9790","0.0905","-0.0007"
"85.9990","0.0114","-0.0009"
"86.0190","-0.0531","-0.0008"
"86.0390","-0.0823","-0.0007"
"86.0590","-0.0684","-0.0005"
"86.0790","-0.0134","-0.0003"
"86.0990","0.0662","-0.0002"
"86.1190","0.1475","0.0005"
"86.1390","0.2252","0.0013"
"86.1590","0.3028","0.0019"
"86.1790","0.3829","0.0024"
"86.1990","0.4648","0.0028"
"86.2190","0.5467","0.0032"
"86.2390","0.6277","0.0035"
"86.2590","0.7080","0.0036"
"86.2790","0.7878","0.0038"
"86.2990","0.8676","0.0038"
"86.3190","0.9477","0.0039"
"86.3330","1.0037","0.0040"
"86.3340","1.0077","0.0040"
"86.3350","1.0117","0.0040"
"86.3550","1.0908","0.0037"
"86.3750","1.1554","0.0031"
"86.3950","1.1857","0.0030"
"86.4150","1.1741","0.0031"
"86.4350","1.1222","0.0033"
"86.4550","1.0443","0.0038"
"86.4750","0.9632","0.0038"
"86.4950","0.8855","0.0036"
"86.5150","0.8078","0.0035"
"86.5350","0.7276","0.0032"
"86.5550","0.6455","0.0030"
"86.5750","0.5634","0.0027"
"86.5950","0.4823","0.0022"
"86.6150","0.4020","0.0015"
"86.6350","0.3222","0.0009"
"86.6550","0.2424","0.0003"
"86.6750","0.1623","-0.0002"
"86.6910","0.0982","-0.0007"
"86.6920","0.0942","-0.0007"
"86.6930","0.0902","-0.0007"
"86.7130","0.0111","-0.0009"
"86.7330","-0.0534","-0.0007"
"86.7530","-0.0826","-0.0007"
"86.7730","-0.0688","-0.0004"
"86.7930","-0.0138","-0.0002"
"86.8130","0.0658","-0.0001"
"86.8330","0.1472","0.0006"
"86.8530","0.2248","0.0014"
"86.8730","0.3024","0.0020"
"86.8930","0.3825","0.0026"
"86.9130","0.4643","0.0030"
"86.9330","0.5463","0.0033"
"86.9530","0.6273","0.0035"
"86.9730","0.7076","0.0037"
"86.9930","0.7874","0.0038"
"87.0130","0.8673","0.0039"
"87.0330","0.9473","0.0040"
"87.0470","1.0033","0.0040"
"87.0480","1.0073","0.0040"
"87.0490","1.0113","0.0040"
"87.0690","1.0904","0.0037"
"87.0890","1.1550","0.0033"
"87.1090","1.1854","0.0032"
"87.1290","1.1740","0.0032"
"87.1490","1.1222","0.0033"
"87.1690","1.0443","0.0037"
"87.1890","0.9632","0.0038"
"87.2090","0.8855","0.0036"
"87.2290","0.8079","0.0035"
"87.2490","0.7276","0.0033"
"87.2690","0.6455","0.0031"
"87.2890","0.5634","0.0027"
"87.3090","0.4822","0.0022"
"87.3290","0.4020","0.0016"
"87.3490","0.3222","0.0011"
"87.3690","0.2423","0.0005"
"87.3890","0.1623","-0.0001"
"87.4050","0.0982","-0.0006"
"87.4060","0.0942","-0.0006"
"87.4070","0.0902","-0.0006"
"87.4270","0.0110","-0.0009"
"87.4470","-0.0534","-0.0008"
"87.4670","-0.0826","-0.0008"
"87.4870","-0.0688","-0.0004"
"87.5070","-0.0137","-0.0002"
"87.5270","0.0658","0.0001"
"87.5470","0.1472","0.0006"
"87.5670","0.2248","0.0012"
"87.5870","0.3025","0.0018"
"87.6070","0.3826","0.0026"
"87.6270","0.4644","0.0030"
"87.6470","0.5464","0.0034"
"87.6670","0.6274","0.0036"
"87.6870","0.7076","0.0038"
"87.7070","0.7875","0.0038"
"87.7270","0.8673","0.0039"
"87.7470","0.9473","0.0039"
"87.7610","1.0034","0.0039"
"87.7620","1.0074","0.0039"
"87.7630","1.0114","0.0039"
"87.7830","1.0905","0.0036"
"87.8030","1.1551","0.0031"
"87.8230","1.1855","0.0031"
"87.8430","1.1739","0.0030"
"87.8630","1.1221","0.0033"
"87.8830","1.0442","0.0038"
"87.9030","0.9631","0.0038"
"87.9230","0.8854","0.0036"
"87.9430","0.8078","0.0035"
"87.9630","0.7275","0.0033"
"87.9830","0.6455","0.0032"
"88.0030","0.5634","0.0028"
"88.0230","0.4822","0.0022"
"88.0430","0.4020","0.0016"
"88.0630","0.3222","0.0010"
"88.0830","0.2423","0.0004"
"88.1030","0.1623","-0.0001"
"88.1190","0.0982","-0.0006"
"88.1200","0.0942","-0.0006"
"88.1210","0.0902","-0.0006"
"88.1410","0.0110","-0.0009"
"88.1610","-0.0534","-0.0008"
"88.1810","-0.0827","-0.0008"
"88.2010","-0.0688","-0.0006"
"88.2210","-0.0138","-0.0003"
"88.2410","0.0658","0.0000"
"88.2610","0.1471","0.0007"
"88.2810","0.2247","0.0014"
"88.3010","0.3024","0.0019"
"88.3210","0.3825","0.0025"
"88.3410","0.4644","0.0030"
"88.3610","0.5464","0.0033"
"88.3810","0.6274","0.0036"
"88.4010","0.7076","0.0038"
"88.4210","0.7874","0.0038"
"88.4410","0.8672","0.0040"
"88.4610","0.9473","0.0040"
"88.4750","1.0033","0.0040"
"88.4760","1.0073","0.0040"
"88.4770","1.0114","0.0040"
"88.4970","1.0904","0.0037"
"88.5170","1.1551","0.0032"
"88.5370","1.1854","0.0031"
"88.5570","1.1739","0.0031"
"88.5770","1.1221","0.0034"
"88.5970","1.0442","0.0039"
"88.6170","0.9630","0.0039"
"88.6370","0.8853","0.0036"
"88.6570","0.8077","0.0035"
"88.6770","0.7274","0.0033"
"88.6970","0.6454","0.0032"
"88.7170","0.5633","0.0027"
"88.7370","0.4822","0.0022"
"88.7570","0.4020","0.0017"
"88.7770","0.3221","0.0010"
"88.7970","0.2423","0.0004"
"88.8170","0.1623","-0.0001"
"88.8330","0.0982","-0.0006"
"88.8340","0.0941","-0.0006"
"88.8350","0.0901","-0.0007"
"88.8550","0.0110","-0.0009"
"88.8750","-0.0535","-0.0008"
"88.8950","-0.0827","-0.0008"
"88.9150","-0.0688","-0.0006"
"88.9350","-0.0138","-0.0004"
"88.9550","0.0658","-0.0002"
"88.9750","0.1471","0.0005"
"88.9950","0.2247","0.0013"
"89.0150","0.3024","0.0019"
"89.0350","0.3824","0.0024"
"89.0550","0.4643","0.0028"
"89.0750","0.5463","0.0033"
"89.0950","0.6274","0.0035"
"89.1150","0.7076","0.0036"
"89.1350","0.7874","0.0037"
"89.1550","0.8673","0.0038"
"89.1750","0.9473","0.0040"
"89.1890","1.0033","0.0040"
"89.1900","1.0073","0.0040"
"89.1910","1.0113","0.0040"
"89.2110","1.0904","0.0037"
"89.2310","1.1551","0.0032"
"89.2510","1.1855","0.0030"
"89.2710","1.1740","0.0030"
"89.2910","1.1222","0.0032"
"89.3110","1.0443","0.0038"
"89.3310","0.9632","0.0039"
"89.3510","0.8856","0.0036"
"89.3710","0.8079","0.0034"
"89.3910","0.7276","0.0032"
"89.4110","0.6456","0.0031"
"89.4310","0.5635","0.0027"
"89.4510","0.4823","0.0022"
"89.4710","0.4021","0.0015"
"89.4910","0.3223","0.0009"
"89.5110","0.2424","0.0004"
"89.5310","0.1624","-0.0001"
"89.5470","0.0983","-0.0007"
"89.5480","0.0943","-0.0007"
"89.5490","0.0903","-0.0007"
"89.5690","0.0111","-0.0009"
"89.5890","-0.0533","-0.0008"
"89.6090","-0.0825","-0.0007"
"89.6290","-0.0686","-0.0005"
"89.6490","-0.0136","-0.0002"
"89.6690","0.0660","0.0000"
"89.6890","0.1474","0.0006"
"89.7090","0.2250","0.0013"
"89.7290","0.3026","0.0018"
"89.7490","0.3827","0.0024"
"89.7690","0.4645","0.0029"
"89.7890","0.5465","0.0033"
"89.8090","0.6276","0.0036"
"89.8290","0.7078","0.0038"
"89.8490","0.7877","0.0038"
"89.8690","0.8675","0.0038"
"89.8890","0.9475","0.0039"
"89.9030","1.0036","0.0040"
"89.9040","1.0076","0.0040"
"89.9050","1.0116","0.0040"
"89.9250","1.0907","0.0038"
"89.9450","1.1553","0.0033"
"89.9650","1.1857","0.0031"
"89.9850","1.1742","0.0031"
"90.0050","1.1224","0.0034"
"90.0250","1.0445","0.0039"
"90.0450","0.9633","0.0040"
"90.0650","0.8857","0.0037"
"90.0850","0.8081","0.0036"
"90.1050","0.7278","0.0034"
"90.1250","0.6457","0.0031"
"90.1450","0.5636","0.0027"
"90.1650","0.4825","0.0021"
"90.1850","0.4022","0.0017"
"90.2050","0.3224","0.0012"
"90.2250","0.2425","0.0005"
"90.2450","0.1625","-0.0002"
"90.2610","0.0984","-0.0007"
"90.2620","0.0944","-0.0007"
"90.2630","0.0904","-0.0007"
"90.2830","0.0112","-0.0009"
"90.3030","-0.0532","-0.0009"
"90.3230","-0.0824","-0.0007"
"90.3430","-0.0685","-0.0004"
"90.3630","-0.0134","-0.0003"
"90.3830","0.0662","0.0000"
"90.4030","0.1476","0.0006"
"90.4230","0.2252","0.0013"
"90.4430","0.3028","0.0019"
"90.4630","0.3829","0.0025"
"90.4830","0.4648","0.0029"
"90.5030","0.5467","0.0033"
"90.5230","0.6278","0.0035"
"90.5430","0.7080","0.0038"
"90.5630","0.7878","0.0039"
"90.5830","0.8677","0.0039"
"90.6030","0.9477","0.0039"
"90.6170","1.0037","0.0039"
"90.6180","1.0077","0.0039"
"90.6190","1.0117","0.0039"
"90.6390","1.0908","0.0037"
"90.6590","1.1554","0.0032"
"90.6790","1.1858","0.0031"
"90.6990","1.1744","0.0031"
"90.7190","1.1225","0.0032"
"90.7390","1.0447","0.0037"
"90.7590","0.9636","0.0038"
"90.7790","0.8859","0.0036"
"90.7990","0.8083","0.0034"
"90.8190","0.7280","0.0033"
"90.8390","0.6459","0.0033"
"90.8590","0.5638","0.0029"
"90.8790","0.4826","0.0023"
"90.8990","0.4024","0.0017"
"90.9190","0.3226","0.0011"
"90.9390","0.2427","0.0005"
"90.9590","0.1627","-0.0001"
"90.9750","0.0986","-0.0006"
"90.9760","0.0946","-0.0006"
"90.9770","0.0906","-0.0007"
"90.9970","0.0114","-0.0010"
"91.0170","-0.0530","-0.0008"
"91.0370","-0.0823","-0.0008"
"91.0570","-0.0685","-0.0005"
"91.0770","-0.0135","-0.0002"
"91.0970","0.0660","0.0001"
"91.1170","0.1473","0.0006"
"91.1370","0.2249","0.0013"
"91.1570","0.3026","0.0019"
"91.1770","0.3827","0.0025"
"91.1970","0.4646","0.0030"
"91.2170","0.5465","0.0034"
"91.2370","0.6276","0.0037"
"91.2570","0.7078","0.0039"
"91.2770","0.7877","0.0039"
"91.2970","0.8675","0.0039"
"91.3170","0.9475","0.0040"
"91.3310","1.0036","0.0040"
"91.3320","1.0076","0.0040"
"91.3330","1.0116","0.0040"
"91.3530","1.0907","0.0037"
"91.3730","1.1553","0.0032"
"91.3930","1.1857","0.0031"
"91.4130","1.1742","0.0031"
"91.4330","1.1224","0.0035"
"91.4530","1.0446","0.0039"
"91.4730","0.9635","0.0038"
"91.4930","0.8858","0.0036"
"91.5130","0.8081","0.0036"
"91.5330","0.7279","0.0035"
"91.5530","0.6458","0.0033"
"91.5730","0.5637","0.0029"
"91.5930","0.4825","0.0023"
"91.6130","0.4023","0.0017"
"91.6330","0.3225","0.0011"
"91.6530","0.2426","0.0004"
"91.6730","0.1626","-0.0001"
"91.6890","0.0985","-0.0006"
"91.6900","0.0945","-0.0006"
"91.6910","0.0905","-0.0007"
"91.7110","0.0113","-0.0010"
"91.7310","-0.0531","-0.0008"
"91.7510","-0.0823","-0.0007"
"91.7710","-0.0685","-0.0004"
"91.7910","-0.0135","-0.0002"
"91.8110","0.0660","-0.0001"
"91.8310","0.1473","0.0005"
"91.8510","0.2249","0.0013"
"91.8710","0.3026","0.0019"
"91.8910","0.3827","0.0024"
"91.9110","0.4646","0.0028"
"91.9310","0.5466","0.0033"
"91.9510","0.6276","0.0035"
"91.9710","0.7078","0.0037"
"91.9910","0.7877","0.0038"
"92.0110","0.8675","0.0038"
"92.0310","0.9475","0.0039"
"92.0450","1.0036","0.0040"
"92.0460","1.0076","0.0040"
"92.0470","1.0116","0.0040"
"92.0670","1.0907","0.0037"
"92.0870","1.1553","0.0032"
"92.1070","1.1856","0.0032"
"92.1270","1.1741","0.0031"
"92.1470","1.1222","0.0033"
"92.1670","1.0443","0.0038"
"92.1870","0.9632","0.0039"
"92.2070","0.8855","0.0036"
"92.2270","0.8079","0.0034"
"92.2470","0.7276","0.0032"
"92.2670","0.6456","0.0031"
"92.2870","0.5635","0.0028"
"92.3070","0.4823","0.0021"
"92.3270","0.4021","0.0015"
"92.3470","0.3222","0.0010"
"92.3670","0.2424","0.0004"
"92.3870","0.1624","0.0000"
"92.4030","0.0983","-0.0005"
"92.4040","0.0942","-0.0006"
"92.4050","0.0902","-0.0006"
"92.4250","0.0111","-0.0008"
"92.4450","-0.0534","-0.0007"
"92.4650","-0.0826","-0.0006"
"92.4850","-0.0688","-0.0004"
"92.5050","-0.0137","-0.0002"
"92.5250","0.0658","0.0000"
"92.5450","0.1471","0.0007"
"92.5650","0.2247","0.0014"
"92.5850","0.3024","0.0020"
"92.6050","0.3825","0.0025"
"92.6250","0.4644","0.0030"
"92.6450","0.5464","0.0035"
"92.6650","0.6274","0.0038"
"92.6850","0.7076","0.0040"
"92.7050","0.7875","0.0040"
"92.7250","0.8673","0.0040"
"92.7450","0.9473","0.0040"
"92.7590","1.0034","0.0041"
"92.7600","1.0074","0.0041"
"92.7610","1.0114","0.0041"
"92.7810","1.0905","0.0038"
"92.8010","1.1551","0.0034"
"92.8210","1.1855","0.0032"
"92.8410","1.1740","0.0033"
"92.8610","1.1222","0.0036"
"92.8810","1.0443","0.0041"
"92.9010","0.9632","0.0042"
"92.9210","0.8856","0.0040"
"92.9410","0.8079","0.0038"
"92.9610","0.7276","0.0037"
"92.9810","0.6456","0.0035"
"93.0010","0.5635","0.0031"
"93.0210","0.4823","0.0024"
"93.0410","0.4021","0.0017"
"93.0610","0.3223","0.0011"
"93.0810","0.2424","0.0005"
"93.1010","0.1624","-0.0001"
"93.1170","0.0983","-0.0006"
"93.1180","0.0943","-0.0006"
"93.1190","0.0903","-0.0006"
"93.1390","0.0111","-0.0009"
"93.1590","-0.0533","-0.0009"
"93.1790","-0.0825","-0.0008"
"93.1990","-0.0686","-0.0004"
"93.2190","-0.0135","-0.0001"
"93.2390","0.0660","0.0001"
"93.2590","0.1474","0.0007"
"93.2790","0.2250","0.0014"
"93.2990","0.3026","0.0020"
"93.3190","0.3827","0.0027"
"93.3390","0.4646","0.0031"
"93.3590","0.5466","0.0034"
"93.3790","0.6276","0.0037"
"93.3990","0.7078","0.0039"
"93.4190","0.7877","0.0039"
"93.4390","0.8675","0.0039"
"93.4590","0.9475","0.0040"
"93.4730","1.0036","0.0040"
"93.4740","1.0076","0.0040"
"93.4750","1.0116","0.0040"
"93.4950","1.0907","0.0037"
"93.5150","1.1553","0.0032"
"93.5350","1.1857","0.0030"
"93.5550","1.1743","0.0031"
"93.5750","1.1225","0.0034"
"93.5950","1.0446","0.0039"
"93.6150","0.9635","0.0039"
"93.6350","0.8858","0.0037"
"93.6550","0.8082","0.0036"
"93.6750","0.7279","0.0034"
"93.6950","0.6458","0.0033"
"93.7150","0.5637","0.0028"
"93.7350","0.4826","0.0023"
"93.7550","0.4023","0.0017"
"93.7750","0.3225","0.0010"
"93.7950","0.2426","0.0004"
"93.8150","0.1626","-0.0001"
"93.8310","0.0985","-0.0006"
"93.8320","0.0945","-0.0006"
"93.8330","0.0905","-0.0006"
"93.8530","0.0113","-0.0009"
"93.8730","-0.0531","-0.0009"
"93.8930","-0.0824","-0.0008"
"93.9130","-0.0686","-0.0005"
"93.9330","-0.0135","-0.0003"
"93.9530","0.0660","-0.0001"
"93.9730","0.1474","0.0005"
"93.9930","0.2250","0.0013"
"94.0130","0.3026","0.0019"
"94.0330","0.3827","0.0025"
"94.0530","0.4646","0.0029"
"94.0730","0.5466","0.0034"
"94.0930","0.6276","0.0035"
"94.1130","0.7078","0.0037"
"94.1330","0.7877","0.0039"
"94.1530","0.8675","0.0040"
"94.1730","0.9475","0.0039"
"94.1870","1.0036","0.0039"
"94.1880","1.0076","0.0039"
"94.1890","1.0116","0.0039"
"94.2090","1.0907","0.0037"
"94.2290","1.1552","0.0033"
"94.2490","1.1855","0.0032"
"94.2690","1.1739","0.0032"
"94.2890","1.1220","0.0035"
"94.3090","1.0441","0.0039"
"94.3290","0.9630","0.0038"
"94.3490","0.8853","0.0036"
"94.3690","0.8076","0.0035"
"94.3890","0.7274","0.0032"
"94.4090","0.6454","0.0030"
"94.4290","0.5633","0.0026"
"94.4490","0.4821","0.0022"
"94.4690","0.4019","0.0016"
"94.4890","0.3221","0.0009"
"94.5090","0.2422","0.0003"
"94.5290","0.1622","-0.0002"
"94.5450","0.0981","-0.0006"
"94.5460","0.0941","-0.0007"
"94.5470","0.0901","-0.0007"
"94.5670","0.0109","-0.0009"
"94.5870","-0.0535","-0.0008"
"94.6070","-0.0828","-0.0007"
"94.6270","-0.0689","-0.0005"
"94.6470","-0.0139","-0.0002"
"94.6670","0.0657","0.0000"
"94.6870","0.1470","0.0006"
"94.7070","0.2246","0.0013"
"94.7270","0.3023","0.0019"
"94.7470","0.3824","0.0025"
"94.7670","0.4643","0.0029"
"94.7870","0.5462","0.0032"
"94.8070","0.6273","0.0035"
"94.8270","0.7075","0.0037"
"94.8470","0.7873","0.0039"
"94.8670","0.8672","0.0039"
"94.8870","0.9472","0.0039"
"94.9010","1.0033","0.0039"
"94.9020","1.0073","0.0039"
"94.9030","1.0113","0.0039"
"94.9230","1.0903","0.0037"
"94.9430","1.1549","0.0032"
"94.9630","1.1853","0.0030"
"94.9830","1.1738","0.0031"
"95.0030","1.1220","0.0034"
"95.0230","1.0441","0.0038"
"95.0430","0.9630","0.0038"
"95.0630","0.8854","0.0036"
"95.0830","0.8077","0.0034"
"95.1030","0.7275","0.0032"
"95.1230","0.6454","0.0031"
"95.1430","0.5633","0.0028"
"95.1630","0.4821","0.0021"
"95.1830","0.4019","0.0014"
"95.2030","0.3221","0.0009"
"95.2230","0.2422","0.0004"
"95.2430","0.1622","-0.0001"
"95.2590","0.0981","-0.0005"
"95.2600","0.0941","-0.0005"
"95.2610","0.0901","-0.0006"
"95.2810","0.0109","-0.0009"
"95.3010","-0.0535","-0.0008"
"95.3210","-0.0826","-0.0008"
"95.3410","-0.0687","-0.0005"
"95.3610","-0.0136","-0.0002"
"95.3810","0.0660","-0.0001"
"95.4010","0.1474","0.0005"
"95.4210","0.2250","0.0013"
"95.4410","0.3026","0.0018"
"95.4610","0.3827","0.0024"
"95.4810","0.4645","0.0028"
"95.5010","0.5465","0.0033"
"95.5210","0.6275","0.0036"
"95.5410","0.7078","0.0037"
"95.5610","0.7876","0.0037"
"95.5810","0.8674","0.0039"
"95.6010","0.9475","0.0039"
"95.6150","1.0035","0.0039"
"95.6160","1.0075","0.0039"
"95.6170","1.0115","0.0038"
"95.6370","1.0906","0.0035"
"95.6570","1.1552","0.0031"
"95.6770","1.1856","0.0030"
"95.6970","1.1741","0.0030"
"95.7170","1.1222","0.0032"
"95.7370","1.0443","0.0037"
"95.7570","0.9632","0.0037"
"95.7770","0.8855","0.0035"
"95.7970","0.8079","0.0034"
"95.8170","0.7277","0.0032"
"95.8370","0.6456","0.0030"
"95.8570","0.5635","0.0026"
"95.8770","0.4823","0.0022"
"95.8970","0.4021","0.0016"
"95.9170","0.3223","0.0011"
"95.9370","0.2424","0.0005"
"95.9570","0.1624","-0.0002"
"95.9730","0.0983","-0.0007"
"95.9740","0.0943","-0.0007"
"95.9750","0.0903","-0.0007"
"95.9950","0.0111","-0.0010"
"96.0150","-0.0533","-0.0008"
"96.0350","-0.0825","-0.0007"
"96.0550","-0.0687","-0.0004"
"96.0750","-0.0137","-0.0001"
"96.0950","0.0659","0.0000"
"96.1150","0.1472","0.0005"
"96.1350","0.2248","0.0013"
"96.1550","0.3024","0.0019"
"96.1750","0.3826","0.0025"
"96.1950","0.4645","0.0028"
"96.2150","0.5464","0.0032"
"96.2350","0.6275","0.0035"
"96.2550","0.7077","0.0036"
"96.2750","0.7875","0.0037"
"96.2950","0.8674","0.0038"
"96.3150","0.9474","0.0038"
"96.3290","1.0034","0.0039"
"96.3300","1.0075","0.0039"
"96.3310","1.0115","0.0039"
"96.3510","1.0905","0.0037"
"96.3710","1.1551","0.0031"
"96.3910","1.1854","0.0030"
"96.4110","1.1739","0.0031"
"96.4310","1.1220","0.0032"
"96.4510","1.0442","0.0037"
"96.4710","0.9630","0.0037"
"96.4910","0.8854","0.0034"
"96.5110","0.8077","0.0033"
"96.5310","0.7274","0.0031"
"96.5510","0.6454","0.0028"
"96.5710","0.5633","0.0025"
"96.5910","0.4821","0.0020"
"96.6110","0.4019","0.0016"
"96.6310","0.3221","0.0010"
"96.6510","0.2422","0.0003"
"96.6710","0.1622","-0.0003"
"96.6870","0.0981","-0.0007"
"96.6880","0.0941","-0.0007"
"96.6890","0.0901","-0.0007"
"96.7090","0.0109","-0.0010"
"96.7290","-0.0535","-0.0008"
"96.7490","-0.0828","-0.0007"
"96.7690","-0.0689","-0.0005"
"96.7890","-0.0139","-0.0002"
"96.8090","0.0657","-0.0001"
"96.8290","0.1470","0.0006"
"96.8490","0.2246","0.0013"
"96.8690","0.3022","0.0019"
"96.8890","0.3823","0.0025"
"96.9090","0.4643","0.0029"
"96.9290","0.5462","0.0033"
"96.9490","0.6273","0.0035"
"96.9690","0.7075","0.0037"
"96.9890","0.7873","0.0037"
"97.0090","0.8672","0.0038"
"97.0290","0.9472","0.0038"
"97.0430","1.0032","0.0038"
"97.0440","1.0072","0.0038"
"97.0450","1.0112","0.0038"
"97.0650","1.0903","0.0036"
"97.0850","1.1549","0.0031"
"97.1050","1.1853","0.0031"
"97.1250","1.1738","0.0031"
"97.1450","1.1220","0.0032"
"97.1650","1.0441","0.0037"
"97.1850","0.9630","0.0037"
"97.2050","0.8854","0.0035"
"97.2250","0.8077","0.0034"
"97.2450","0.7274","0.0032"
"97.2650","0.6453","0.0031"
"97.2850","0.5632","0.0027"
"97.3050","0.4821","0.0022"
"97.3250","0.4019","0.0015"
"97.3450","0.3220","0.0009"
"97.3650","0.2422","0.0004"
"97.3850","0.1621","-0.0001"
"97.4010","0.0980","-0.0005"
"97.4020","0.0940","-0.0005"
"97.4030","0.0900","-0.0006"
"97.4230","0.0109","-0.0009"
"97.4430","-0.0535","-0.0009"
"97.4630","-0.0827","-0.0007"
"97.4830","-0.0688","-0.0004"
"97.5030","-0.0137","-0.0002"
"97.5230","0.0658","0.0000"
"97.5430","0.1472","0.0005"
"97.5630","0.2248","0.0013"
"97.5830","0.3025","0.0019"
"97.6030","0.3825","0.0025"
"97.6230","0.4644","0.0029"
"97.6430","0.5464","0.0032"
"97.6630","0.6274","0.0034"
"97.6830","0.7076","0.0037"
"97.7030","0.7875","0.0039"
"97.7230","0.8673","0.0040"
"97.7430","0.9473","0.0040"
"97.7570","1.0034","0.0040"
"97.7580","1.0074","0.0040"
"97.7590","1.0114","0.0040"
"97.7790","1.0905","0.0037"
"97.7990","1.1551","0.0032"
"97.8190","1.1855","0.0031"
"97.8390","1.1740","0.0031"
"97.8590","1.1222","0.0033"
"97.8790","1.0443","0.0037"
"97.8990","0.9632","0.0038"
"97.9190","0.8855","0.0035"
"97.9390","0.8079","0.0034"
"97.9590","0.7276","0.0033"
"97.9790","0.6455","0.0031"
"97.9990","0.5634","0.0027"
"98.0190","0.4822","0.0022"
"98.0390","0.4020","0.0016"
"98.0590","0.3222","0.0011"
"98.0790","0.2424","0.0004"
"98.0990","0.1623","-0.0001"
"98.1150","0.0982","-0.0006"
"98.1160","0.0942","-0.0006"
"98.1170","0.0902","-0.0006"
"98.1370","0.0110","-0.0009"
"98.1570","-0.0534","-0.0008"
"98.1770","-0.0826","-0.0007"
"98.1970","-0.0687","-0.0004"
"98.2170","-0.0137","-0.0002"
"98.2370","0.0659","0.0000"
"98.2570","0.1472","0.0006"
"98.2770","0.2248","0.0013"
"98.2970","0.3024","0.0019"
"98.3170","0.3826","0.0024"
"98.3370","0.4645","0.0028"
"98.3570","0.5465","0.0033"
"98.3770","0.6275","0.0035"
"98.3970","0.7077","0.0037"
"98.4170","0.7876","0.0038"
"98.4370","0.8674","0.0040"
"98.4570","0.9474","0.0039"
"98.4710","1.0035","0.0039"
"98.4720","1.0075","0.0039"
"98.4730","1.0115","0.0039"
"98.4930","1.0905","0.0036"
"98.5130","1.1551","0.0031"
"98.5330","1.1855","0.0030"
"98.5530","1.1739","0.0029"
"98.5730","1.1221","0.0032"
"98.5930","1.0442","0.0038"
"98.6130","0.9631","0.0038"
"98.6330","0.8854","0.0035"
"98.6530","0.8077","0.0034"
"98.6730","0.7275","0.0032"
"98.6930","0.6454","0.0030"
"98.7130","0.5633","0.0027"
"98.7330","0.4822","0.0022"
"98.7530","0.4019","0.0016"
"98.7730","0.3221","0.0010"
"98.7930","0.2422","0.0004"
"98.8130","0.1622","-0.0001"
"98.8290","0.0981","-0.0006"
"98.8300","0.0941","-0.0006"
"98.8310","0.0901","-0.0006"
"98.8510","0.0110","-0.0009"
"98.8710","-0.0535","-0.0008"
"98.8910","-0.0827","-0.0008"
"98.9110","-0.0688","-0.0005"
"98.9310","-0.0138","-0.0001"
"98.9510","0.0658","0.0000"
"98.9710","0.1471","0.0006"
"98.9910","0.2247","0.0013"
"99.0110","0.3023","0.0018"
"99.0310","0.3825","0.0024"
"99.0510","0.4644","0.0028"
"99.0710","0.5464","0.0032"
"99.0910","0.6274","0.0035"
"99.1110","0.7076","0.0037"
"99.1310","0.7874","0.0037"
"99.1510","0.8673","0.0038"
"99.1710","0.9473","0.0039"
"99.1850","1.0033","0.0039"
"99.1860","1.0074","0.0040"
"99.1870","1.0114","0.0040"
"99.2070","1.0904","0.0038"
"99.2270","1.1551","0.0033"
"99.2470","1.1854","0.0031"
"99.2670","1.1740","0.0031"
"99.2870","1.1222","0.0033"
"99.3070","1.0443","0.0037"
"99.3270","0.9632","0.0037"
"99.3470","0.8856","0.0035"
"99.3670","0.8079","0.0034"
"99.3870","0.7276","0.0033"
"99.4070","0.6455","0.0031"
"99.4270","0.5634","0.0026"
"99.4470","0.4822","0.0020"
"99.4670","0.4020","0.0015"
"99.4870","0.3222","0.0010"
"99.5070","0.2424","0.0005"
"99.5270","0.1624","-0.0001"
"99.5430","0.0983","-0.0006"
"99.5440","0.0943","-0.0007"
"99.5450","0.0902","-0.0007"
"99.5650","0.0111","-0.0010"
"99.5850","-0.0533","-0.0009"
"99.6050","-0.0825","-0.0008"
"99.6250","-0.0686","-0.0005"
"99.6450","-0.0136","-0.0003"
"99.6650","0.0659","-0.0002"
"99.6850","0.1472","0.0004"
"99.7050","0.2248","0.0012"
"99.7250","0.3025","0.0018"
"99.7450","0.3826","0.0024"
"99.7650","0.4646","0.0027"
"99.7850","0.5466","0.0031"
"99.8050","0.6276","0.0034"
"99.8250","0.7078","0.0036"
"99.8450","0.7876","0.0038"
"99.8650","0.8675","0.0038"
"99.8850","0.9475","0.0041"
"99.8990","1.0035","0.0041"
"99.9000","1.0076","0.0041"
"99.9010","1.0116","0.0041"
"99.9210","1.0906","0.0038"
"99.9410","1.1552","0.0033"
"99.9610","1.1856","0.0031"
"99.9810","1.1741","0.0031"
"100.0010","1.1222","0.0033"
"100.0210","1.0443","0.0038"
"100.0410","0.9632","0.0038"
"100.0610","0.8855","0.0036"
"100.0810","0.8079","0.0034"
"100.1010","0.7276","0.0032"
"100.1210","0.6456","0.0030"
"100.1410","0.5635","0.0027"
"100.1610","0.4823","0.0021"
"100.1810","0.4021","0.0016"
"100.2010","0.3223","0.0010"
"100.2210","0.2424","0.0004"
"100.2410","0.1624","-0.0001"
"100.2570","0.0983","-0.0006"
"100.2580","0.0943","-0.0006"
"100.2590","0.0903","-0.0006"
"100.2790","0.0111","-0.0009"
"100.2990","-0.0533","-0.0008"
"100.3190","-0.0825","-0.0007"
"100.3390","-0.0686","-0.0004"
"100.3590","-0.0136","-0.0003"
"100.3790","0.0660","-0.0001"
"100.3990","0.1472","0.0006"
"100.4190","0.2248","0.0013"
"100.4390","0.3025","0.0019"
"100.4590","0.3826","0.0026"
"100.4790","0.4646","0.0029"
"100.4990","0.5465","0.0032"
"100.5190","0.6276","0.0035"
"100.5390","0.7077","0.0037"
"100.5590","0.7876","0.0038"
"100.5790","0.8674","0.0038"
"100.5990","0.9474","0.0038"
"100.6130","1.0035","0.0039"
"100.6140","1.0075","0.0039"
"100.6150","1.0115","0.0039"
"100.6350","1.0906","0.0036"
"100.6550","1.1552","0.0032"
"100.6750","1.1856","0.0031"
"100.6950","1.1740","0.0030"
"100.7150","1.1222","0.0033"
"100.7350","1.0444","0.0038"
"100.7550","0.9633","0.0038"
"100.7750","0.8856","0.0035"
"100.7950","0.8079","0.0034"
"100.8150","0.7277","0.0033"
"100.8350","0.6456","0.0031"
"100.8550","0.5635","0.0027"
"100.8750","0.4823","0.0023"
"100.8950","0.4021","0.0017"
"100.9150","0.3223","0.0011"
"100.9350","0.2424","0.0004"
"100.9550","0.1624","-0.0001"
"100.9710","0.0983","-0.0006"
"100.9720","0.0943","-0.0007"
"100.9730","0.0903","-0.0007"
"100.9930","0.0111","-0.0009"
"101.0130","-0.0532","-0.0007"
"101.0330","-0.0824","-0.0007"
"101.0530","-0.0685","-0.0005"
"101.0730","-0.0134","-0.0002"
"101.0930","0.0662","-0.0001"
"101.1130","0.1475","0.0005"
"101.1330","0.2251","0.0013"
"101.1530","0.3027","0.0018"
"101.1730","0.3829","0.0025"
"101.1930","0.4648","0.0029"
"101.2130","0.5468","0.0033"
"101.2330","0.6278","0.0036"
"101.2530","0.7080","0.0037"
"101.2730","0.7878","0.0038"
"101.2930","0.8676","0.0038"
"101.3130","0.9476","0.0039"
"101.3270","1.0037","0.0039"
"101.3280","1.0077","0.0039"
"101.3290","1.0117","0.0039"
"101.3490","1.0908","0.0036"
"101.3690","1.1555","0.0032"
"101.3890","1.1858","0.0030"
"101.4090","1.1744","0.0030"
"101.4290","1.1226","0.0032"
"101.4490","1.0447","0.0037"
"101.4690","0.9636","0.0037"
"101.4890","0.8860","0.0035"
"101.5090","0.8083","0.0033"
"101.5290","0.7280","0.0030"
"101.5490","0.6459","0.0030"
"101.5690","0.5638","0.0027"
"101.5890","0.4827","0.0021"
"101.6090","0.4025","0.0015"
"101.6290","0.3227","0.0009"
"101.6490","0.2428","0.0004"
"101.6690","0.1628","-0.0001"
"101.6850","0.0987","-0.0006"
"101.6860","0.0947","-0.0006"
"101.6870","0.0907","-0.0007"
"101.7070","0.0115","-0.0009"
"101.7270","-0.0529","-0.0009"
"101.7470","-0.0822","-0.0008"
"101.7670","-0.0683","-0.0005"
"101.7870","-0.0133","-0.0003"
"101.8070","0.0662","-0.0002"
"101.8270","0.1475","0.0005"
"101.8470","0.2251","0.0013"
"101.8670","0.3028","0.0018"
"101.8870","0.3829","0.0024"
"101.9070","0.4648","0.0029"
"101.9270","0.5468","0.0032"
"101.9470","0.6278","0.0035"
"101.9670","0.7081","0.0037"
"101.9870","0.7879","0.0038"
"102.0070","0.8677","0.0039"
"102.0270","0.9477","0.0039"
"102.0410","1.0038","0.0039"
"102.0420","1.0078","0.0039"
"102.0430","1.0118","0.0039"
"102.0630","1.0909","0.0036"
"102.0830","1.1555","0.0032"
"102.1030","1.1858","0.0031"
"102.1230","1.1742","0.0030"
"102.1430","1.1224","0.0032"
"102.1630","1.0445","0.0038"
"102.1830","0.9634","0.0038"
"102.2030","0.8857","0.0035"
"102.2230","0.8081","0.0033"
"102.2430","0.7278","0.0032"
"102.2630","0.6457","0.0031"
"102.2830","0.5636","0.0026"
"102.3030","0.4825","0.0021"
"102.3230","0.4023","0.0015"
"102.3430","0.3224","0.0010"
"102.3630","0.2426","0.0004"
"102.3830","0.1626","-0.0002"
"102.3990","0.0985","-0.0007"
"102.4000","0.0945","-0.0008"
"102.4010","0.0904","-0.0008"
"102.4210","0.0113","-0.0010"
"102.4410","-0.0531","-0.0008"
"102.4610","-0.0824","-0.0008"
"102.4810","-0.0685","-0.0006"
"102.5010","-0.0135","-0.0003"
"102.5210","0.0661","-0.0001"
"102.5410","0.1474","0.0006"
"102.5610","0.2250","0.0014"
"102.5810","0.3026","0.0020"
"102.6010","0.3827","0.0027"
"102.6210","0.4647","0.0030"
"102.6410","0.5466","0.0034"
"102.6610","0.6277","0.0036"
"102.6810","0.7079","0.0037"
"102.7010","0.7877","0.0038"
"102.7210","0.8676","0.0039"
"102.7410","0.9476","0.0040"
"102.7550","1.0037","0.0040"
"102.7560","1.0077","0.0040"
"102.7570","1.0117","0.0040"
"102.7770","1.0907","0.0038"
"102.7970","1.1554","0.0032"
"102.8170","1.1857","0.0031"
"102.8370","1.1743","0.0031"
"102.8570","1.1224","0.0033"
"102.8770","1.0446","0.0038"
"102.8970","0.9634","0.0038"
"102.9170","0.8857","0.0036"
"102.9370","0.8081","0.0035"
"102.9570","0.7278","0.0033"
"102.9770","0.6458","0.0031"
"102.9970","0.5637","0.0027"
"103.0170","0.4825","0.0023"
"103.0370","0.4023","0.0017"
"103.0570","0.3225","0.0011"
"103.0770","0.2426","0.0004"
"103.0970","0.1626","-0.0001"
"103.1130","0.0985","-0.0005"
"103.1140","0.0945","-0.0006"
"103.1150","0.0905","-0.0006"
"103.1350","0.0113","-0.0009"
"103.1550","-0.0531","-0.0009"
"103.1750","-0.0823","-0.0009"
"103.1950","-0.0685","-0.0006"
"103.2150","-0.0135","-0.0003"
"103.2350","0.0660","-0.0001"
"103.2550","0.1473","0.0005"
"103.2750","0.2249","0.0012"
"103.2950","0.3026","0.0018"
"103.3150","0.3827","0.0024"
"103.3350","0.4647","0.0029"
"103.3550","0.5467","0.0034"
"103.3750","0.6277","0.0036"
"103.3950","0.7079","0.0038"
"103.4150","0.7877","0.0039"
"103.4350","0.8676","0.0039"
"103.4550","0.9476","0.0040"
"103.4690","1.0036","0.0040"
"103.4700","1.0076","0.0040"
"103.4710","1.0116","0.0040"
"103.4910","1.0907","0.0038"
"103.5110","1.1553","0.0032"
"103.5310","1.1857","0.0032"
"103.5510","1.1743","0.0032"
"103.5710","1.1224","0.0034"
"103.5910","1.0446","0.0038"
"103.6110","0.9635","0.0038"
"103.6310","0.8858","0.0035"
"103.6510","0.8082","0.0033"
"103.6710","0.7279","0.0032"
"103.6910","0.6458","0.0030"
"103.7110","0.5637","0.0027"
"103.7310","0.4826","0.0023"
"103.7510","0.4023","0.0017"
"103.7710","0.3225","0.0010"
"103.7910","0.2427","0.0004"
"103.8110","0.1627","-0.0002"
"103.8270","0.0986","-0.0006"
"103.8280","0.0945","-0.0006"
"103.8290","0.0905","-0.0007"
"103.8490","0.0114","-0.0008"
"103.8690","-0.0530","-0.0007"
"103.8890","-0.0822","-0.0007"
"103.9090","-0.0683","-0.0005"
"103.9290","-0.0132","-0.0001"
"103.9490","0.0663","0.0001"
"103.9690","0.1477","0.0006"
"103.9890","0.2252","0.0013"
"104.0090","0.3029","0.0019"
"104.0290","0.3830","0.0024"
"104.0490","0.4649","0.0029"
"104.0690","0.5469","0.0033"
"104.0890","0.6279","0.0036"
"104.1090","0.7081","0.0037"
"104.1290","0.7880","0.0039"
"104.1490","0.8678","0.0040"
"104.1690","0.9478","0.0039"
"104.1830","1.0039","0.0040"
"104.1840","1.0079","0.0040"
"104.1850","1.0119","0.0040"
"104.2050","1.0910","0.0037"
"104.2250","1.1555","0.0032"
"104.2450","1.1858","0.0031"
"104.2650","1.1742","0.0031"
"104.2850","1.1223","0.0034"
"104.3050","1.0444","0.0038"
"104.3250","0.9632","0.0038"
"104.3450","0.8855","0.0036"
"104.3650","0.8079","0.0034"
"104.3850","0.7277","0.0033"
"104.4050","0.6456","0.0031"
"104.4250","0.5636","0.0027"
"104.4450","0.4824","0.0022"
"104.4650","0.4022","0.0016"
"104.4850","0.3224","0.0010"
"104.5050","0.2425","0.0004"
"104.5250","0.1625","-0.0001"
"104.5410","0.0984","-0.0006"
"104.5420","0.0944","-0.0007"
"104.5430","0.0904","-0.0007"
"104.5630","0.0112","-0.0010"
"104.5830","-0.0532","-0.0008"
"104.6030","-0.0824","-0.0007"
"104.6230","-0.0686","-0.0005"
"104.6430","-0.0136","-0.0003"
"104.6630","0.0660","-0.0001"
"104.6830","0.1473","0.0006"
"104.7030","0.2248","0.0013"
"104.7230","0.3025","0.0019"
"104.7430","0.3827","0.0026"
"104.7630","0.4646","0.0030"
"104.7830","0.5466","0.0033"
"104.8030","0.6276","0.0035"
"104.8230","0.7078","0.0037"
"104.8430","0.7876","0.0038"
"104.8630","0.8675","0.0038"
"104.8830","0.9475","0.0039"
"104.8970","1.0036","0.0039"
"104.8980","1.0076","0.0039"
"104.8990","1.0116","0.0039"
"104.9190","1.0906","0.0037"
"104.9390","1.1553","0.0033"
"104.9590","1.1856","0.0032"
"104.9790","1.1741","0.0031"
"104.9990","1.1223","0.0033"
"105.0190","1.0444","0.0038"
"105.0390","0.9633","0.0037"
"105.0590","0.8856","0.0035"
"105.0790","0.8080","0.0035"
"105.0990","0.7277","0.0033"
"105.1190","0.6457","0.0032"
"105.1390","0.5636","0.0028"
"105.1590","0.4824","0.0022"
"105.1790","0.4022","0.0016"
"105.1990","0.3224","0.0011"
"105.2190","0.2425","0.0005"
"105.2390","0.1625","-0.0002"
"105.2550","0.0984","-0.0006"
"105.2560","0.0944","-0.0007"
"105.2570","0.0904","-0.0007"
"105.2770","0.0112","-0.0009"
"105.2970","-0.0531","-0.0008"
"105.3170","-0.0822","-0.0007"
"105.3370","-0.0683","-0.0005"
"105.3570","-0.0132","-0.0003"
"105.3770","0.0664","0.0000"
"105.3970","0.1478","0.0006"
"105.4170","0.2254","0.0013"
"105.4370","0.3030","0.0018"
"105.4570","0.3831","0.0024"
"105.4770","0.4650","0.0028"
"105.4970","0.5470","0.0033"
"105.5170","0.6280","0.0035"
"105.5370","0.7082","0.0036"
"105.5570","0.7881","0.0037"
"105.5770","0.8679","0.0039"
"105.5970","0.9479","0.0040"
"105.6110","1.0040","0.0039"
"105.6120","1.0080","0.0039"
"105.6130","1.0120","0.0040"
"105.6330","1.0911","0.0037"
"105.6530","1.1557","0.0032"
"105.6730","1.1861","0.0031"
"105.6930","1.1747","0.0031"
"105.7130","1.1228","0.0033"
"105.7330","1.0450","0.0039"
"105.7530","0.9638","0.0039"
"105.7730","0.8862","0.0037"
"105.7930","0.8086","0.0034"
"105.8130","0.7283","0.0032"
"105.8330","0.6462","0.0030"
"105.8530","0.5641","0.0026"
"105.8730","0.4830","0.0022"
"105.8930","0.4027","0.0016"
"105.9130","0.3229","0.0010"
"105.9330","0.2431","0.0004"
"105.9530","0.1631","-0.0002"
"105.9690","0.0989","-0.0006"
"105.9700","0.0949","-0.0006"
"105.9710","0.0909","-0.0007"
"105.9910","0.0117","-0.0010"
"106.0110","-0.0527","-0.0007"
"106.0310","-0.0819","-0.0007"
"106.0510","-0.0680","-0.0004"
"106.0710","-0.0130","-0.0002"
"106.0910","0.0666","0.0000"
"106.1110","0.1479","0.0007"
"106.1310","0.2255","0.0014"
"106.1510","0.3031","0.0020"
"106.1710","0.3833","0.0026"
"106.1910","0.4652","0.0029"
"106.2110","0.5472","0.0033"
"106.2310","0.6282","0.0035"
"106.2510","0.7084","0.0037"
"106.2710","0.7883","0.0038"
"106.2910","0.8681","0.0039"
"106.3110","0.9481","0.0040"
"106.3240","1.0002","0.0039"
"106.3250","1.0042","0.0039"
"106.3260","1.0082","0.0039"
"106.3460","1.0872","0.0037"
"106.3660","1.1518","0.0032"
"106.3860","1.1822","0.0031"
"106.4060","1.1706","0.0031"
"106.4260","1.1188","0.0033"
"106.4460","1.0409","0.0038"
"106.4660","0.9598","0.0038"
"106.4860","0.8821","0.0035"
"106.5060","0.8044","0.0035"
"106.5260","0.7242","0.0033"
"106.5460","0.6421","0.0031"
"106.5660","0.5600","0.0027"
"106.5860","0.4789","0.0021"
"106.6060","0.3987","0.0016"
"106.6260","0.3189","0.0010"
"106.6460","0.2390","0.0004"
"106.6660","0.1590","-0.0001"
"106.6810","0.0989","-0.0006"
"106.6820","0.0949","-0.0006"
"106.6830","0.0909","-0.0007"
"106.7030","0.0117","-0.0009"
"106.7230","-0.0527","-0.0008"
"106.7430","-0.0819","-0.0007"
"106.7630","-0.0681","-0.0004"
"106.7830","-0.0130","-0.0001"
"106.8030","0.0666","0.0000"
"106.8230","0.1480","0.0006"
"106.8430","0.2256","0.0014"
"106.8630","0.3032","0.0020"
"106.8830","0.3833","0.0026"
"106.9030","0.4652","0.0030"
"106.9230","0.5472","0.0034"
"106.9430","0.6282","0.0036"
"106.9630","0.7084","0.0037"
"106.9830","0.7882","0.0038"
"107.0030","0.8681","0.0039"
"107.0230","0.9481","0.0039"
"107.0360","1.0001","0.0040"
"107.0370","1.0042","0.0040"
"107.0380","1.0082","0.0040"
"107.0580","1.0872","0.0038"
"107.0780","1.1518","0.0032"
"107.0980","1.1822","0.0031"
"107.1180","1.1707","0.0030"
"107.1380","1.1189","0.0032"
"107.1580","1.0410","0.0038"
"107.1780","0.9598","0.0039"
"107.1980","0.8822","0.0036"
"107.2180","0.8045","0.0034"
"107.2380","0.7243","0.0033"
"107.2580","0.6422","0.0032"
"107.2780","0.5602","0.0028"
"107.2980","0.4790","0.0023"
"107.3180","0.3988","0.0017"
"107.3380","0.3190","0.0010"
"107.3580","0.2391","0.0004"
"107.3780","0.1591","-0.0001"
"107.3930","0.0990","-0.0006"
"107.3940","0.0950","-0.0006"
"107.3950","0.0910","-0.0007"
"107.4150","0.0118","-0.0009"
"107.4350","-0.0526","-0.0008"
"107.4550","-0.0818","-0.0008"
"107.4750","-0.0678","-0.0005"
"107.4950","-0.0127","-0.0002"
"107.5150","0.0669","0.0001"
"107.5350","0.1482","0.0007"
"107.5550","0.2258","0.0014"
"107.5750","0.3034","0.0020"
"107.5950","0.3836","0.0025"
"107.6150","0.4655","0.0029"
"107.6350","0.5474","0.0034"
"107.6550","0.6285","0.0036"
"107.6750","0.7087","0.0038"
"107.6950","0.7885","0.0039"
"107.7150","0.8684","0.0039"
"107.7350","0.9484","0.0039"
"107.7480","1.0004","0.0039"
"107.7490","1.0044","0.0039"
"107.7500","1.0084","0.0039"
"107.7700","1.0875","0.0037"
"107.7900","1.1522","0.0031"
"107.8100","1.1826","0.0030"
"107.8300","1.1711","0.0031"
"107.8500","1.1193","0.0033"
"107.8700","1.0415","0.0038"
"107.8900","0.9604","0.0038"
"107.9100","0.8828","0.0037"
"107.9300","0.8051","0.0035"
"107.9500","0.7248","0.0032"
"107.9700","0.6427","0.0031"
"107.9900","0.5606","0.0027"
"108.0100","0.4795","0.0023"
"108.0300","0.3992","0.0016"
"108.0500","0.3194","0.0011"
"108.0700","0.2396","0.0005"
"108.0900","0.1596","-0.0001"
"108.1050","0.0995","-0.0006"
"108.1060","0.0955","-0.0007"
"108.1070","0.0914","-0.0007"
"108.1270","0.0123","-0.0010"
"108.1470","-0.0522","-0.0008"
"108.1670","-0.0814","-0.0007"
"108.1870","-0.0676","-0.0004"
"108.2070","-0.0126","-0.0002"
"108.2270","0.0669","0.0000"
"108.2470","0.1482","0.0006"
"108.2670","0.2258","0.0013"
"108.2870","0.3034","0.0018"
"108.3070","0.3836","0.0024"
"108.3270","0.4655","0.0029"
"108.3470","0.5475","0.0033"
"108.3670","0.6285","0.0036"
"108.3870","0.7088","0.0038"
"108.4070","0.7886","0.0039"
"108.4270","0.8684","0.0040"
"108.4470","0.9485","0.0040"
"108.4600","1.0005","0.0040"
"108.4610","1.0045","0.0040"
"108.4620","1.0085","0.0040"
"108.4820","1.0876","0.0037"
"108.5020","1.1522","0.0032"
"108.5220","1.1825","0.0031"
"108.5420","1.1710","0.0032"
"108.5620","1.1192","0.0033"
"108.5820","1.0413","0.0039"
"108.6020","0.9601","0.0039"
"108.6220","0.8825","0.0037"
"108.6420","0.8048","0.0035"
"108.6620","0.7246","0.0033"
"108.6820","0.6425","0.0030"
"108.7020","0.5605","0.0026"
"108.7220","0.4793","0.0022"
"108.7420","0.3991","0.0017"
"108.7620","0.3193","0.0010"
"108.7820","0.2394","0.0005"
"108.8020","0.1594","-0.0001"
"108.8170","0.0993","-0.0006"
"108.8180","0.0953","-0.0007"
"108.8190","0.0913","-0.0007"
"108.8390","0.0121","-0.0010"
"108.8590","-0.0524","-0.0007"
"108.8790","-0.0816","-0.0007"
"108.8990","-0.0678","-0.0004"
"108.9190","-0.0128","-0.0002"
"108.9390","0.0667","-0.0001"
"108.9590","0.1480","0.0005"
"108.9790","0.2256","0.0013"
"108.9990","0.3032","0.0019"
"109.0190","0.3834","0.0025"
"109.0390","0.4653","0.0029"
"109.0590","0.5473","0.0033"
"109.0790","0.6284","0.0036"
"109.0990","0.7086","0.0038"
"109.1190","0.7884","0.0038"
"109.1390","0.8683","0.0038"
"109.1590","0.9483","0.0040"
"109.1720","1.0004","0.0040"
"109.1730","1.0044","0.0040"
"109.1740","1.0084","0.0040"
"109.1940","1.0874","0.0037"
"109.2140","1.1521","0.0032"
"109.2340","1.1825","0.0030"
"109.2540","1.1710","0.0031"
"109.2740","1.1192","0.0033"
"109.2940","1.0413","0.0038"
"109.3140","0.9602","0.0039"
"109.3340","0.8826","0.0036"
"109.3540","0.8050","0.0034"
"109.3740","0.7247","0.0032"
"109.3940","0.6426","0.0031"
"109.4140","0.5605","0.0028"
"109.4340","0.4793","0.0022"
"109.4540","0.3991","0.0015"
"109.4740","0.3193","0.0010"
"109.4940","0.2394","0.0004"
"109.5140","0.1594","-0.0001"
"109.5290","0.0993","-0.0005"
"109.5300","0.0953","-0.0005"
"109.5310","0.0913","-0.0006"
"109.5510","0.0121","-0.0009"
"109.5710","-0.0523","-0.0008"
"109.5910","-0.0815","-0.0007"
"109.6110","-0.0676","-0.0005"
"109.6310","-0.0125","-0.0002"
"109.6510","0.0670","0.0000"
"109.6710","0.1483","0.0006"
"109.6910","0.2259","0.0013"
"109.7110","0.3035","0.0018"
"109.7310","0.3837","0.0025"
"109.7510","0.4656","0.0030"
"109.7710","0.5476","0.0034"
"109.7910","0.6286","0.0036"
"109.8110","0.7088","0.0038"
"109.8310","0.7887","0.0039"
"109.8510","0.8685","0.0040"
"109.8710","0.9485","0.0039"
"109.8840","1.0006","0.0039"
"109.8850","1.0046","0.0039"
"109.8860","1.0086","0.0039"
"109.9060","1.0877","0.0037"
"109.9260","1.1523","0.0032"
"109.9460","1.1827","0.0031"
"109.9660","1.1712","0.0030"
"109.9860","1.1194","0.0033"
"110.0060","1.0415","0.0037"
"110.0260","0.9604","0.0037"
"110.0460","0.8827","0.0034"
"110.0660","0.8051","0.0033"
"110.0860","0.7248","0.0032"
"110.1060","0.6427","0.0030"
"110.1260","0.5606","0.0026"
"110.1460","0.4795","0.0021"
"110.1660","0.3993","0.0016"
"110.1860","0.3194","0.0010"
"110.2060","0.2396","0.0003"
"110.2260","0.1596","-0.0003"
"110.2410","0.0995","-0.0007"
"110.2420","0.0955","-0.0007"
"110.2430","0.0915","-0.0007"
"110.2630","0.0123","-0.0009"
"110.2830","-0.0521","-0.0008"
"110.3030","-0.0814","-0.0007"
"110.3230","-0.0675","-0.0005"
"110.3430","-0.0124","-0.0002"
"110.3630","0.0671","0.0000"
"110.3830","0.1484","0.0006"
"110.4030","0.2260","0.0014"
"110.4230","0.3036","0.0020"
"110.4430","0.3838","0.0026"
"110.4630","0.4657","0.0029"
"110.4830","0.5477","0.0032"
"110.5030","0.6287","0.0034"
"110.5230","0.7089","0.0036"
"110.5430","0.7888","0.0038"
"110.5630","0.8686","0.0038"
"110.5830","0.9486","0.0039"
"110.5960","1.0007","0.0039"
"110.5970","1.0047","0.0039"
"110.5980","1.0087","0.0039"
"110.6180","1.0878","0.0037"
"110.6380","1.1524","0.0031"
"110.6580","1.1828","0.0031"
"110.6780","1.1713","0.0031"
"110.6980","1.1195","0.0033"
"110.7180","1.0416","0.0038"
"110.7380","0.9605","0.0037"
"110.7580","0.8829","0.0035"
"110.7780","0.8052","0.0034"
"110.7980","0.7250","0.0032"
"110.8180","0.6429","0.0030"
"110.8380","0.5608","0.0027"
"110.8580","0.4796","0.0022"
"110.8780","0.3994","0.0016"
"110.8980","0.3195","0.0009"
"110.9180","0.2397","0.0002"
"110.9380","0.1597","-0.0002"
"110.9530","0.0996","-0.0006"
"110.9540","0.0956","-0.0006"
"110.9550","0.0916","-0.0007"
"110.9750","0.0124","-0.0009"
"110.9950","-0.0520","-0.0008"
"111.0150","-0.0812","-0.0007"
"111.0350","-0.0673","-0.0004"
"111.0550","-0.0122","-0.0002"
"111.0750","0.0674","-0.0001"
"111.0950","0.1487","0.0004"
"111.1150","0.2263","0.0012"
"111.1350","0.3039","0.0018"
"111.1550","0.3840","0.0025"
"111.1750","0.4659","0.0029"
"111.1950","0.5479","0.0033"
"111.2150","0.6289","0.0036"
"111.2350","0.7091","0.0037"
"111.2550","0.7890","0.0037"
"111.2750","0.8688","0.0038"
"111.2950","0.9489","0.0039"
"111.3080","1.0009","0.0040"
"111.3090","1.0049","0.0040"
"111.3100","1.0089","0.0040"
"111.3300","1.0880","0.0037"
"111.3500","1.1526","0.0032"
"111.3700","1.1830","0.0031"
"111.3900","1.1715","0.0030"
"111.4100","1.1197","0.0033"
"111.4300","1.0419","0.0038"
"111.4500","0.9608","0.0038"
"111.4700","0.8831","0.0035"
"111.4900","0.8055","0.0034"
"111.5100","0.7252","0.0032"
"111.5300","0.6431","0.0031"
"111.5500","0.5610","0.0027"
"111.5700","0.4799","0.0022"
"111.5900","0.3996","0.0016"
"111.6100","0.3198","0.0011"
"111.6300","0.2399","0.0004"
"111.6500","0.1599","-0.0001"
"111.6650","0.0998","-0.0005"
"111.6660","0.0958","-0.0006"
"111.6670","0.0918","-0.0006"
"111.6870","0.0126","-0.0009"
"111.7070","-0.0518","-0.0008"
"111.7270","-0.0811","-0.0007"
"111.7470","-0.0673","-0.0004"
"111.7670","-0.0122","-0.0002"
"111.7870","0.0673","-0.0001"
"111.8070","0.1486","0.0006"
"111.8270","0.2262","0.0013"
"111.8470","0.3039","0.0018"
"111.8670","0.3840","0.0024"
"111.8870","0.4659","0.0028"
"111.9070","0.5478","0.0033"
"111.9270","0.6289","0.0036"
"111.9470","0.7091","0.0037"
"111.9670","0.7890","0.0038"
"111.9870","0.8688","0.0038"
"112.0070","0.9488","0.0038"
"112.0200","1.0009","0.0038"
"112.0210","1.0049","0.0038"
"112.0220","1.0089","0.0038"
"112.0420","1.0879","0.0036"
"112.0620","1.1525","0.0031"
"112.0820","1.1829","0.0031"
"112.1020","1.1713","0.0031"
"112.1220","1.1195","0.0033"
"112.1420","1.0416","0.0039"
"112.1620","0.9604","0.0038"
"112.1820","0.8828","0.0036"
"112.2020","0.8051","0.0034"
"112.2220","0.7249","0.0032"
"112.2420","0.6428","0.0030"
"112.2620","0.5608","0.0026"
"112.2820","0.4796","0.0022"
"112.3020","0.3994","0.0016"
"112.3220","0.3196","0.0009"
"112.3420","0.2397","0.0003"
"112.3620","0.1597","-0.0002"
"112.3770","0.0996","-0.0006"
"112.3780","0.0956","-0.0006"
"112.3790","0.0916","-0.0006"
"112.3990","0.0124","-0.0008"
"112.4190","-0.0520","-0.0007"
"112.4390","-0.0813","-0.0006"
"112.4590","-0.0674","-0.0004"
"112.4790","-0.0124","-0.0002"
"112.4990","0.0672","0.0000"
"112.5190","0.1485","0.0005"
"112.5390","0.2261","0.0013"
"112.5590","0.3037","0.0019"
"112.5790","0.3839","0.0025"
"112.5990","0.4658","0.0029"
"112.6190","0.5477","0.0033"
"112.6390","0.6288","0.0036"
"112.6590","0.7090","0.0037"
"112.6790","0.7888","0.0039"
"112.6990","0.8687","0.0040"
"112.7190","0.9487","0.0039"
"112.7320","1.0008","0.0040"
"112.7330","1.0048","0.0040"
"112.7340","1.0088","0.0040"
"112.7540","1.0879","0.0038"
"112.7740","1.1525","0.0033"
"112.7940","1.1829","0.0030"
"112.8140","1.1714","0.0030"
"112.8340","1.1197","0.0032"
"112.8540","1.0418","0.0037"
"112.8740","0.9607","0.0037"
"112.8940","0.8831","0.0034"
"112.9140","0.8054","0.0033"
"112.9340","0.7251","0.0031"
"112.9540","0.6431","0.0030"
"112.9740","0.5610","0.0026"
"112.9940","0.4798","0.0022"
"113.0140","0.3996","0.0017"
"113.0340","0.3198","0.0011"
"113.0540","0.2399","0.0004"
"113.0740","0.1599","-0.0002"
"113.0890","0.0998","-0.0006"
"113.0900","0.0958","-0.0007"
"113.0910","0.0918","-0.0007"
"113.1110","0.0126","-0.0010"
"113.1310","-0.0518","-0.0008"
"113.1510","-0.0810","-0.0007"
"113.1710","-0.0670","-0.0005"
"113.1910","-0.0120","-0.0002"
"113.2110","0.0676","-0.0001"
"113.2310","0.1489","0.0005"
"113.2510","0.2265","0.0013"
"113.2710","0.3042","0.0019"
"113.2910","0.3843","0.0025"
"113.3110","0.4662","0.0030"
"113.3310","0.5482","0.0033"
"113.3510","0.6292","0.0035"
"113.3710","0.7094","0.0037"
"113.3910","0.7892","0.0038"
"113.4110","0.8691","0.0039"
"113.4310","0.9491","0.0039"
"113.4440","1.0012","0.0039"
"113.4450","1.0052","0.0039"
"113.4460","1.0092","0.0039"
"113.4660","1.0883","0.0036"
"113.4860","1.1529","0.0031"
"113.5060","1.1833","0.0031"
"113.5260","1.1719","0.0031"
"113.5460","1.1201","0.0033"
"113.5660","1.0423","0.0037"
"113.5860","0.9612","0.0037"
"113.6060","0.8836","0.0036"
"113.6260","0.8059","0.0034"
"113.6460","0.7256","0.0033"
"113.6660","0.6435","0.0031"
"113.6860","0.5614","0.0027"
"113.7060","0.4803","0.0023"
"113.7260","0.4000","0.0017"
"113.7460","0.3202","0.0010"
"113.7660","0.2404","0.0004"
"113.7860","0.1604","-0.0002"
"113.8020","0.0962","-0.0007"
"113.8030","0.0922","-0.0007"
"113.8040","0.0882","-0.0007"
"113.8240","0.0090","-0.0009"
"113.8440","-0.0554","-0.0008"
"113.8640","-0.0846","-0.0007"
"113.8840","-0.0708","-0.0005"
"113.9040","-0.0158","-0.0002"
"113.9240","0.0637","-0.0001"
"113.9440","0.1450","0.0005"
"113.9640","0.2225","0.0012"
"113.9840","0.3002","0.0018"
"114.0040","0.3803","0.0025"
"114.0240","0.4623","0.0028"
"114.0440","0.5443","0.0032"
"114.0640","0.6253","0.0034"
"114.0840","0.7055","0.0036"
"114.1040","0.7854","0.0038"
"114.1240","0.8652","0.0039"
"114.1440","0.9452","0.0038"
"114.1580","1.0013","0.0038"
"114.1590","1.0053","0.0038"
"114.1600","1.0093","0.0038"
"114.1800","1.0884","0.0037"
"114.2000","1.1529","0.0032"
"114.2200","1.1832","0.0031"
"114.2400","1.1716","0.0030"
"114.2600","1.1198","0.0033"
"114.2800","1.0419","0.0038"
"114.3000","0.9608","0.0038"
"114.3200","0.8832","0.0035"
"114.3400","0.8055","0.0034"
"114.3600","0.7252","0.0033"
"114.3800","0.6431","0.0031"
"114.4000","0.5610","0.0028"
"114.4200","0.4799","0.0023"
"114.4400","0.3997","0.0016"
"114.4600","0.3199","0.0010"
"114.4800","0.2400","0.0005"
"114.5000","0.1600","0.0000"
"114.5150","0.0999","-0.0005"
"114.5160","0.0959","-0.0006"
"114.5170","0.0919","-0.0006"
"114.5370","0.0127","-0.0008"
"114.5570","-0.0517","-0.0007"
"114.5770","-0.0810","-0.0007"
"114.5970","-0.0671","-0.0004"
"114.6170","-0.0121","-0.0001"
"114.6370","0.0674","0.0002"
"114.6570","0.1487","0.0007"
"114.6770","0.2263","0.0015"
"114.6970","0.3039","0.0021"
"114.7170","0.3841","0.0026"
"114.7370","0.4660","0.0032"
"114.7570","0.5480","0.0036"
"114.7770","0.6290","0.0039"
"114.7970","0.7093","0.0040"
"114.8170","0.7891","0.0040"
"114.8370","0.8690","0.0041"
"114.8570","0.9490","0.0041"
"114.8700","1.0011","0.0041"
"114.8710","1.0051","0.0041"
"114.8720","1.0091","0.0041"
"114.8920","1.0881","0.0039"
"114.9120","1.1527","0.0034"
"114.9320","1.1831","0.0033"
"114.9520","1.1716","0.0033"
"114.9720","1.1198","0.0036"
"114.9920","1.0420","0.0042"
"115.0120","0.9609","0.0042"
"115.0320","0.8833","0.0038"
"115.0520","0.8056","0.0037"
"115.0720","0.7253","0.0035"
"115.0920","0.6432","0.0032"
"115.1120","0.5611","0.0028"
"115.1320","0.4800","0.0024"
"115.1520","0.3997","0.0018"
"115.1720","0.3199","0.0011"
"115.1920","0.2401","0.0004"
"115.2120","0.1601","-0.0001"
"115.2270","0.1000","-0.0005"
"115.2280","0.0960","-0.0005"
"115.2290","0.0919","-0.0005"
"115.2490","0.0128","-0.0008"
"115.2690","-0.0516","-0.0007"
"115.2890","-0.0808","-0.0007"
"115.3090","-0.0668","-0.0004"
"115.3290","-0.0117","-0.0001"
"115.3490","0.0678","0.0001"
"115.3690","0.1492","0.0006"
"115.3890","0.2268","0.0013"
"115.4090","0.3045","0.0020"
"115.4290","0.3846","0.0028"
"115.4490","0.4665","0.0032"
"115.4690","0.5484","0.0037"
"115.4890","0.6294","0.0039"
"115.5090","0.7096","0.0040"
"115.5290","0.7895","0.0041"
"115.5490","0.8693","0.0041"
"115.5690","0.9493","0.0041"
"115.5820","1.0014","0.0041"
"115.5830","1.0054","0.0041"
"115.5840","1.0094","0.0041"
"115.6040","1.0885","0.0038"
"115.6240","1.1531","0.0033"
"115.6440","1.1835","0.0032"
"115.6640","1.1720","0.0032"
"115.6840","1.1203","0.0034"
"115.7040","1.0424","0.0039"
"115.7240","0.9613","0.0040"
"115.7440","0.8837","0.0038"
"115.7640","0.8061","0.0036"
"115.7840","0.7258","0.0034"
"115.8040","0.6437","0.0032"
"115.8240","0.5616","0.0028"
"115.8440","0.4804","0.0023"
"115.8640","0.4002","0.0018"
"115.8840","0.3204","0.0010"
"115.9040","0.2405","0.0004"
"115.9240","0.1605","-0.0001"
"115.9400","0.0964","-0.0006"
"115.9410","0.0924","-0.0007"
"115.9420","0.0884","-0.0007"
"115.9620","0.0092","-0.0010"
"115.9820","-0.0552","-0.0008"
"116.0020","-0.0844","-0.0007"
"116.0220","-0.0706","-0.0004"
"116.0420","-0.0156","-0.0001"
"116.0620","0.0639","0.0000"
"116.0820","0.1452","0.0007"
"116.1020","0.2228","0.0014"
"116.1220","0.3005","0.0020"
"116.1420","0.3806","0.0025"
"116.1620","0.4625","0.0029"
"116.1820","0.5445","0.0035"
"116.2020","0.6256","0.0037"
"116.2220","0.7058","0.0038"
"116.2420","0.7857","0.0038"
"116.2620","0.8655","0.0039"
"116.2820","0.9455","0.0040"
"116.2960","1.0016","0.0040"
"116.2970","1.0056","0.0040"
"116.2980","1.0096","0.0040"
"116.3180","1.0887","0.0038"
"116.3380","1.1532","0.0033"
"116.3580","1.1836","0.0032"
"116.3780","1.1721","0.0032"
"116.3980","1.1203","0.0034"
"116.4180","1.0424","0.0039"
"116.4380","0.9613","0.0039"
"116.4580","0.8836","0.0038"
"116.4780","0.8060","0.0036"
"116.4980","0.7257","0.0034"
"116.5180","0.6436","0.0032"
"116.5380","0.5615","0.0028"
"116.5580","0.4804","0.0022"
"116.5780","0.4001","0.0016"
"116.5980","0.3203","0.0009"
"116.6180","0.2405","0.0004"
"116.6380","0.1605","-0.0001"
"116.6540","0.0963","-0.0006"
"116.6550","0.0923","-0.0006"
"116.6560","0.0883","-0.0006"
"116.6760","0.0092","-0.0008"
"116.6960","-0.0553","-0.0007"
"116.7160","-0.0845","-0.0006"
"116.7360","-0.0706","-0.0004"
"116.7560","-0.0156","-0.0002"
"116.7760","0.0638","0.0000"
"116.7960","0.1451","0.0006"
"116.8160","0.2226","0.0013"
"116.8360","0.3003","0.0019"
"116.8560","0.3805","0.0025"
"116.8760","0.4624","0.0030"
"116.8960","0.5444","0.0036"
"116.9160","0.6255","0.0038"
"116.9360","0.7057","0.0039"
"116.9560","0.7855","0.0040"
"116.9760","0.8654","0.0041"
"116.9960","0.9454","0.0041"
"117.0100","1.0015","0.0041"
"117.0110","1.0055","0.0041"
"117.0120","1.0095","0.0041"
"117.0320","1.0885","0.0039"
"117.0520","1.1532","0.0034"
"117.0720","1.1836","0.0032"
"117.0920","1.1721","0.0032"
"117.1120","1.1204","0.0035"
"117.1320","1.0425","0.0040"
"117.1520","0.9614","0.0040"
"117.1720","0.8838","0.0038"
"117.1920","0.8062","0.0036"
"117.2120","0.7259","0.0035"
"117.2320","0.6438","0.0033"
"117.2520","0.5616","0.0029"
"117.2720","0.4805","0.0023"
"117.2920","0.4003","0.0017"
"117.3120","0.3205","0.0011"
"117.3320","0.2406","0.0005"
"117.3520","0.1606","-0.0001"
"117.3680","0.0965","-0.0007"
"117.3690","0.0925","-0.0007"
"117.3700","0.0884","-0.0007"
"117.3900","0.0093","-0.0009"
"117.4100","-0.0551","-0.0007"
"117.4300","-0.0843","-0.0007"
"117.4500","-0.0704","-0.0004"
"117.4700","-0.0153","-0.0002"
"117.4900","0.0642","0.0000"
"117.5100","0.1455","0.0005"
"117.5300","0.2231","0.0014"
"117.5500","0.3007","0.0020"
"117.5700","0.3809","0.0026"
"117.5900","0.4628","0.0031"
"117.6100","0.5448","0.0036"
"117.6300","0.6258","0.0038"
"117.6500","0.7060","0.0040"
"117.6700","0.7859","0.0041"
"117.6900","0.8657","0.0041"
"117.7100","0.9457","0.0042"
"117.7240","1.0018","0.0042"
"117.7250","1.0058","0.0042"
"117.7260","1.0098","0.0042"
"117.7460","1.0889","0.0039"
"117.7660","1.1536","0.0034"
"117.7860","1.1840","0.0033"
"117.8060","1.1726","0.0032"
"117.8260","1.1209","0.0035"
"117.8460","1.0431","0.0040"
"117.8660","0.9620","0.0040"
"117.8860","0.8844","0.0038"
"117.9060","0.8068","0.0036"
"117.9260","0.7264","0.0034"
"117.9460","0.6443","0.0033"
"117.9660","0.5622","0.0029"
"117.9860","0.4810","0.0022"
"118.0060","0.4008","0.0016"
"118.0260","0.3210","0.0011"
"118.0460","0.2411","0.0004"
"118.0660","0.1611","-0.0001"
"118.0820","0.0970","-0.0006"
"118.0830","0.0930","-0.0006"
"118.0840","0.0890","-0.0006"
"118.1040","0.0098","-0.0009"
"118.1240","-0.0546","-0.0008"
"118.1440","-0.0838","-0.0008"
"118.1640","-0.0700","-0.0006"
"118.1840","-0.0150","-0.0001"
"118.2040","0.0644","0.0000"
"118.2240","0.1457","0.0007"
"118.2440","0.2232","0.0013"
"118.2640","0.3009","0.0018"
"118.2840","0.3811","0.0025"
"118.3040","0.4630","0.0030"
"118.3240","0.5450","0.0034"
"118.3440","0.6261","0.0038"
"118.3640","0.7063","0.0040"
"118.3840","0.7861","0.0040"
"118.4040","0.8660","0.0040"
"118.4240","0.9460","0.0041"
"118.4380","1.0020","0.0040"
"118.4390","1.0060","0.0040"
"118.4400","1.0100","0.0041"
"118.4600","1.0891","0.0038"
"118.4800","1.1538","0.0034"
"118.5000","1.1841","0.0033"
"118.5200","1.1726","0.0033"
"118.5400","1.1208","0.0035"
"118.5600","1.0430","0.0040"
"118.5800","0.9619","0.0041"
"118.6000","0.8843","0.0038"
"118.6200","0.8066","0.0037"
"118.6400","0.7263","0.0036"
"118.6600","0.6442","0.0034"
"118.6800","0.5621","0.0030"
"118.7000","0.4810","0.0024"
"118.7200","0.4008","0.0018"
"118.7400","0.3210","0.0011"
"118.7600","0.2411","0.0004"
"118.7800","0.1611","0.0000"
"118.7960","0.0970","-0.0006"
"118.7970","0.0930","-0.0006"
"118.7980","0.0889","-0.0006"
"118.8180","0.0098","-0.0008"
"118.8380","-0.0547","-0.0007"
"118.8580","-0.0839","-0.0007"
"118.8780","-0.0701","-0.0004"
"118.8980","-0.0151","-0.0001"
"118.9180","0.0643","0.0000"
"118.9380","0.1456","0.0006"
"118.9580","0.2231","0.0014"
"118.9780","0.3008","0.0021"
"118.9980","0.3810","0.0027"
"119.0180","0.4629","0.0031"
"119.0380","0.5449","0.0036"
"119.0580","0.6259","0.0038"
"119.0780","0.7062","0.0040"
"119.0980","0.7860","0.0040"
"119.1180","0.8659","0.0040"
"119.1380","0.9459","0.0041"
"119.1520","1.0019","0.0041"
"119.1530","1.0060","0.0041"
"119.1540","1.0100","0.0041"
"119.1740","1.0890","0.0038"
"119.1940","1.1537","0.0033"
"119.2140","1.1841","0.0033"
"119.2340","1.1726","0.0033"
"119.2540","1.1208","0.0035"
"119.2740","1.0430","0.0041"
"119.2940","0.9619","0.0042"
"119.3140","0.8843","0.0039"
"119.3340","0.8067","0.0038"
"119.3540","0.7264","0.0036"
"119.3740","0.6443","0.0034"
"119.3940","0.5621","0.0029"
"119.4140","0.4809","0.0024"
"119.4340","0.4007","0.0018"
"119.4540","0.3209","0.0011"
"119.4740","0.2411","0.0006"
"119.4940","0.1611","0.0000"
"119.5100","0.0970","-0.0005"
"119.5110","0.0930","-0.0006"
"119.5120","0.0889","-0.0006"
"119.5320","0.0098","-0.0009"
"119.5520","-0.0546","-0.0007"
"119.5720","-0.0839","-0.0006"
"119.5920","-0.0700","-0.0004"
"119.6120","-0.0151","-0.0001"
"119.6320","0.0644","0.0001"
"119.6520","0.1457","0.0007"
"119.6720","0.2232","0.0015"
"119.6920","0.3009","0.0021"
"119.7120","0.3811","0.0027"
"119.7320","0.4630","0.0031"
"119.7520","0.5450","0.0036"
"119.7720","0.6261","0.0039"
"119.7920","0.7063","0.0040"
"119.8120","0.7861","0.0040"
"119.8320","0.8660","0.0041"
"119.8520","0.9460","0.0041"
"119.8660","1.0020","0.0041"
"119.8670","1.0060","0.0041"
"119.8680","1.0101","0.0041"
"119.8880","1.0891","0.0038"
"119.9080","1.1537","0.0033"
"119.9280","1.1841","0.0033"
"119.9480","1.1726","0.0033"
"119.9680","1.1208","0.0035"
"119.9880","1.0430","0.0040"
"120.0080","0.9619","0.0040"
"120.0280","0.8842","0.0039"
"120.0480","0.8066","0.0038"
"120.0680","0.7263","0.0036"
"120.0880","0.6442","0.0034"
"120.1080","0.5621","0.0030"
"120.1280","0.4810","0.0024"
"120.1480","0.4007","0.0018"
"120.1680","0.3209","0.0011"
"120.1880","0.2411","0.0005"
"120.2080","0.1611","0.0000"
"120.2240","0.0969","-0.0005"
"120.2250","0.0929","-0.0005"
"120.2260","0.0889","-0.0006"
"120.2460","0.0097","-0.0009"
"120.2660","-0.0547","-0.0009"
"120.2860","-0.0840","-0.0008"
"120.3060","-0.0702","-0.0005"
"120.3260","-0.0152","-0.0002"
"120.3460","0.0642","0.0000"
"120.3660","0.1455","0.0007"
"120.3860","0.2230","0.0014"
"120.4060","0.3007","0.0020"
"120.4260","0.3809","0.0026"
"120.4460","0.4629","0.0031"
"120.4660","0.5448","0.0036"
"120.4860","0.6259","0.0038"
"120.5060","0.7061","0.0040"
"120.5260","0.7859","0.0040"
"120.5460","0.8658","0.0040"
"120.5660","0.9458","0.0041"
"120.5800","1.0019","0.0041"
"120.5810","1.0059","0.0041"
"120.5820","1.0099","0.0041"
"120.6020","1.0890","0.0038"
"120.6220","1.1536","0.0033"
"120.6420","1.1840","0.0032"
"120.6620","1.1725","0.0032"
"120.6820","1.1208","0.0035"
"120.7020","1.0429","0.0040"
"120.7220","0.9618","0.0040"
"120.7420","0.8842","0.0039"
"120.7620","0.8065","0.0038"
"120.7820","0.7263","0.0034"
"120.8020","0.6442","0.0032"
"120.8220","0.5620","0.0029"
"120.8420","0.4809","0.0024"
"120.8620","0.4006","0.0018"
"120.8820","0.3208","0.0012"
"120.9020","0.2410","0.0005"
"120.9220","0.1610","-0.0001"
"120.9380","0.0969","-0.0005"
"120.9390","0.0929","-0.0006"
"120.9400","0.0889","-0.0006"
"120.9600","0.0097","-0.0008"
"120.9800","-0.0547","-0.0007"
"121.0000","-0.0839","-0.0007"
"121.0200","-0.0700","-0.0004"
"121.0400","-0.0150","-0.0001"
"121.0600","0.0645","0.0001"
"121.0800","0.1458","0.0006"
"121.1000","0.2234","0.0013"
"121.1200","0.3010","0.0019"
"121.1400","0.3812","0.0026"
"121.1600","0.4631","0.0031"
"121.1800","0.5451","0.0035"
"121.2000","0.6261","0.0039"
"121.2200","0.7063","0.0040"
"121.2400","0.7862","0.0041"
"121.2600","0.8660","0.0041"
"121.2800","0.9461","0.0042"
"121.2940","1.0021","0.0043"
"121.2950","1.0062","0.0043"
"121.2960","1.0102","0.0043"
"121.3160","1.0892","0.0041"
"121.3360","1.1538","0.0034"
"121.3560","1.1842","0.0033"
"121.3760","1.1727","0.0032"
"121.3960","1.1209","0.0035"
"121.4160","1.0431","0.0040"
"121.4360","0.9620","0.0040"
"121.4560","0.8844","0.0038"
"121.4760","0.8067","0.0037"
"121.4960","0.7264","0.0035"
"121.5160","0.6443","0.0033"
"121.5360","0.5622","0.0029"
"121.5560","0.4810","0.0023"
"121.5760","0.4008","0.0017"
"121.5960","0.3210","0.0010"
"121.6160","0.2412","0.0005"
"121.6360","0.1611","0.0000"
"121.6520","0.0970","-0.0006"
"121.6530","0.0930","-0.0006"
"121.6540","0.0890","-0.0006"
"121.6740","0.0098","-0.0009"
"121.6940","-0.0546","-0.0008"
"121.7140","-0.0839","-0.0007"
"121.7340","-0.0700","-0.0004"
"121.7540","-0.0151","-0.0001"
"121.7740","0.0644","0.0000"
"121.7940","0.1456","0.0007"
"121.8140","0.2232","0.0014"
"121.8340","0.3009","0.0020"
"121.8540","0.3810","0.0026"
"121.8740","0.4630","0.0031"
"121.8940","0.5450","0.0037"
"121.9140","0.6260","0.0040"
"121.9340","0.7062","0.0042"
"121.9540","0.7861","0.0042"
"121.9740","0.8659","0.0042"
"121.9940","0.9460","0.0043"
"122.0080","1.0020","0.0043"
"122.0090","1.0060","0.0043"
"122.0100","1.0100","0.0043"
"122.0300","1.0891","0.0040"
"122.0500","1.1537","0.0034"
"122.0700","1.1840","0.0032"
"122.0900","1.1725","0.0032"
"122.1100","1.1207","0.0035"
"122.1300","1.0428","0.0041"
"122.1500","0.9617","0.0042"
"122.1700","0.8840","0.0040"
"122.1900","0.8064","0.0039"
"122.2100","0.7262","0.0038"
"122.2300","0.6441","0.0036"
"122.2500","0.5620","0.0031"
"122.2700","0.4808","0.0025"
"122.2900","0.4006","0.0019"
"122.3100","0.3208","0.0012"
"122.3300","0.2409","0.0006"
"122.3500","0.1609","-0.0001"
"122.3660","0.0968","-0.0006"
"122.3670","0.0928","-0.0006"
"122.3680","0.0888","-0.0006"
"122.3880","0.0096","-0.0009"
"122.4080","-0.0549","-0.0008"
"122.4280","-0.0841","-0.0007"
"122.4480","-0.0703","-0.0004"
"122.4680","-0.0154","-0.0002"
"122.4880","0.0641","0.0001"
"122.5080","0.1453","0.0007"
"122.5280","0.2229","0.0015"
"122.5480","0.3006","0.0021"
"122.5680","0.3808","0.0027"
"122.5880","0.4627","0.0032"
"122.6080","0.5447","0.0038"
"122.6280","0.6257","0.0040"
"122.6480","0.7059","0.0041"
"122.6680","0.7858","0.0042"
"122.6880","0.8656","0.0041"
"122.7080","0.9457","0.0041"
"122.7220","1.0017","0.0041"
"122.7230","1.0057","0.0041"
"122.7240","1.0097","0.0041"
"122.7440","1.0888","0.0039"
"122.7640","1.1535","0.0034"
"122.7840","1.1838","0.0033"
"122.8040","1.1724","0.0033"
"122.8240","1.1206","0.0036"
"122.8440","1.0428","0.0041"
"122.8640","0.9616","0.0042"
"122.8840","0.8840","0.0041"
"122.9040","0.8064","0.0041"
"122.9240","0.7261","0.0039"
"122.9440","0.6440","0.0037"
"122.9640","0.5619","0.0032"
"122.9840","0.4808","0.0025"
"123.0040","0.4005","0.0018"
"123.0240","0.3207","0.0012"
"123.0440","0.2409","0.0005"
"123.0640","0.1609","-0.0001"
"123.0800","0.0968","-0.0006"
