host_elapsed_s,esp32_ms,elapsed_s,adc1,R_ohm,R_kOhm,R0_ohm,dR_R0
0.247463,5,0.0,4095,,,4141.354626,
0.502248,1959,1.954,2282,4153.667954,4.153667954,4141.354626,0.002973261
0.583726,2009,2.004,2283,4157.781457,4.157781457,4141.354626,0.003966536
0.583926,2059,2.054,2276,4129.081913,4.129081913,4141.354626,-0.002963454
0.584118,2109,2.104,2273,4116.849616,4.116849616,4141.354626,-0.005917148
0.584302,2159,2.154,2282,4153.667954,4.153667954,4141.354626,0.002973261
0.584487,2209,2.204,2287,4174.280973,4.174280973,4141.354626,0.007950623
0.584675,2259,2.254,2281,4149.558986,4.149558986,4141.354626,0.001981081
0.584861,2309,2.304,2278,4137.259218,4.137259218,4141.354626,-0.000988905
0.585049,2359,2.354,2283,4157.781457,4.157781457,4141.354626,0.003966536
0.585237,2409,2.404,2279,4141.354626,4.141354626,4141.354626,0.0
0.585422,2459,2.454,2279,4141.354626,4.141354626,4141.354626,0.0
0.608,2509,2.504,2280,4145.454545,4.145454545,4141.354626,0.000989995
0.666123,2559,2.554,2279,4141.354626,4.141354626,4141.354626,0.0
0.70805,2609,2.604,2282,4153.667954,4.153667954,4141.354626,0.002973261
0.75805,2659,2.654,2272,4112.78113,4.11278113,4141.354626,-0.006899553
0.808023,2709,2.704,2282,4153.667954,4.153667954,4141.354626,0.002973261
0.858558,2759,2.754,2281,4149.558986,4.149558986,4141.354626,0.001981081
1.041127,2809,2.804,2278,4137.259218,4.137259218,4141.354626,-0.000988905
1.199013,2859,2.854,2275,4125.0,4.125,4141.354626,-0.0039491
1.241084,2909,2.904,2279,4141.354626,4.141354626,4141.354626,0.0
1.241271,2959,2.954,2278,4137.259218,4.137259218,4141.354626,-0.000988905
1.241452,3009,3.004,2276,4129.081913,4.129081913,4141.354626,-0.002963454
1.241633,3059,3.054,2263,4076.364629,4.076364629,4141.354626,-0.015692932
1.241814,3109,3.104,2278,4137.259218,4.137259218,4141.354626,-0.000988905
1.257997,3159,3.154,2274,4120.92257,4.12092257,4141.354626,-0.004933665
1.307999,3209,3.204,2270,4104.657534,4.104657534,4141.354626,-0.008861132
1.362509,3259,3.254,2277,4133.168317,4.133168317,4141.354626,-0.001976722
1.409538,3309,3.304,2278,4137.259218,4.137259218,4141.354626,-0.000988905
1.458049,3359,3.354,2281,4149.558986,4.149558986,4141.354626,0.001981081
1.508064,3409,3.404,2277,4133.168317,4.133168317,4141.354626,-0.001976722
1.558073,3459,3.454,2286,4170.149254,4.170149254,4141.354626,0.006952949
1.617972,3509,3.504,2271,4108.717105,4.108717105,4141.354626,-0.00788088
1.658085,3559,3.554,2276,4129.081913,4.129081913,4141.354626,-0.002963454
1.708081,3609,3.604,2280,4145.454545,4.145454545,4141.354626,0.000989995
1.758146,3659,3.654,2272,4112.78113,4.11278113,4141.354626,-0.006899553
1.808106,3709,3.704,2283,4157.781457,4.157781457,4141.354626,0.003966536
1.858069,3759,3.754,2279,4141.354626,4.141354626,4141.354626,0.0
1.908104,3809,3.804,2280,4145.454545,4.145454545,4141.354626,0.000989995
1.983425,3859,3.854,2280,4145.454545,4.145454545,4141.354626,0.000989995
2.00801,3909,3.904,2278,4137.259218,4.137259218,4141.354626,-0.000988905
2.05811,3959,3.954,2283,4157.781457,4.157781457,4141.354626,0.003966536
2.108104,4009,4.004,2281,4149.558986,4.149558986,4141.354626,0.001981081
2.158082,4059,4.054,2284,4161.899503,4.161899503,4141.354626,0.004960908
2.208,4109,4.104,2282,4153.667954,4.153667954,4141.354626,0.002973261
2.282931,4159,4.154,2284,4161.899503,4.161899503,4141.354626,0.004960908
2.308128,4209,4.204,2270,4104.657534,4.104657534,4141.354626,-0.008861132
2.358066,4259,4.254,2271,4108.717105,4.108717105,4141.354626,-0.00788088
2.408083,4309,4.304,2282,4153.667954,4.153667954,4141.354626,0.002973261
2.458062,4359,4.354,2281,4149.558986,4.149558986,4141.354626,0.001981081
2.509297,4409,4.404,2283,4157.781457,4.157781457,4141.354626,0.003966536
2.558102,4459,4.454,2279,4141.354626,4.141354626,4141.354626,0.0
2.608079,4509,4.504,2282,4153.667954,4.153667954,4141.354626,0.002973261
2.658104,4559,4.554,2279,4141.354626,4.141354626,4141.354626,0.0
2.70807,4609,4.604,2273,4116.849616,4.116849616,4141.354626,-0.005917148
2.75808,4659,4.654,2275,4125.0,4.125,4141.354626,-0.0039491
2.808098,4709,4.704,2280,4145.454545,4.145454545,4141.354626,0.000989995
2.858113,4759,4.754,2284,4161.899503,4.161899503,4141.354626,0.004960908
2.908084,4809,4.804,2286,4170.149254,4.170149254,4141.354626,0.006952949
2.9581,4859,4.854,2274,4120.92257,4.12092257,4141.354626,-0.004933665
3.00929,4909,4.904,2279,4141.354626,4.141354626,4141.354626,0.0
3.058076,4959,4.954,2281,4149.558986,4.149558986,4141.354626,0.001981081
3.108015,5009,5.004,2280,4145.454545,4.145454545,4141.354626,0.000989995
3.15807,5059,5.054,2280,4145.454545,4.145454545,4141.354626,0.000989995
3.207992,5109,5.104,2280,4145.454545,4.145454545,4141.354626,0.000989995
3.258007,5159,5.154,2284,4161.899503,4.161899503,4141.354626,0.004960908
3.311532,5209,5.204,2272,4112.78113,4.11278113,4141.354626,-0.006899553
3.358097,5259,5.254,2258,4056.287425,4.056287425,4141.354626,-0.020540912
3.408061,5309,5.304,2284,4161.899503,4.161899503,4141.354626,0.004960908
3.458209,5359,5.354,2279,4141.354626,4.141354626,4141.354626,0.0
3.508094,5409,5.404,2281,4149.558986,4.149558986,4141.354626,0.001981081
3.558081,5459,5.454,2279,4141.354626,4.141354626,4141.354626,0.0
3.608077,5509,5.504,2276,4129.081913,4.129081913,4141.354626,-0.002963454
3.658086,5559,5.554,2275,4125.0,4.125,4141.354626,-0.0039491
3.708091,5609,5.604,2294,4203.331483,4.203331483,4141.354626,0.014965359
3.758053,5659,5.654,2279,4141.354626,4.141354626,4141.354626,0.0
3.808074,5709,5.704,2280,4145.454545,4.145454545,4141.354626,0.000989995
3.858089,5759,5.754,2272,4112.78113,4.11278113,4141.354626,-0.006899553
3.908077,5809,5.804,2279,4141.354626,4.141354626,4141.354626,0.0
3.958079,5859,5.854,2266,4088.463641,4.088463641,4141.354626,-0.012771421
4.00808,5909,5.904,2277,4133.168317,4.133168317,4141.354626,-0.001976722
4.058068,5959,5.954,2277,4133.168317,4.133168317,4141.354626,-0.001976722
4.108127,6009,6.004,2275,4125.0,4.125,4141.354626,-0.0039491
4.159857,6059,6.054,2275,4125.0,4.125,4141.354626,-0.0039491
4.208084,6109,6.104,2276,4129.081913,4.129081913,4141.354626,-0.002963454
4.258098,6159,6.154,2265,4084.42623,4.08442623,4141.354626,-0.013746322
4.308108,6209,6.204,2276,4129.081913,4.129081913,4141.354626,-0.002963454
4.358122,6259,6.254,2270,4104.657534,4.104657534,4141.354626,-0.008861132
4.411026,6309,6.304,2260,4064.305177,4.064305177,4141.354626,-0.01860489
4.458046,6359,6.354,2279,4141.354626,4.141354626,4141.354626,0.0
4.508094,6409,6.404,2283,4157.781457,4.157781457,4141.354626,0.003966536
4.558013,6459,6.454,2279,4141.354626,4.141354626,4141.354626,0.0
4.608083,6509,6.504,2280,4145.454545,4.145454545,4141.354626,0.000989995
4.658098,6559,6.554,2279,4141.354626,4.141354626,4141.354626,0.0
4.712755,6609,6.604,2278,4137.259218,4.137259218,4141.354626,-0.000988905
4.758064,6659,6.654,2279,4141.354626,4.141354626,4141.354626,0.0
4.808081,6709,6.704,2266,4088.463641,4.088463641,4141.354626,-0.012771421
4.858084,6759,6.754,2280,4145.454545,4.145454545,4141.354626,0.000989995
4.90811,6809,6.804,2282,4153.667954,4.153667954,4141.354626,0.002973261
4.959058,6859,6.854,2283,4157.781457,4.157781457,4141.354626,0.003966536
5.008104,6909,6.904,2278,4137.259218,4.137259218,4141.354626,-0.000988905
5.058094,6959,6.954,2276,4129.081913,4.129081913,4141.354626,-0.002963454
5.108074,7009,7.004,2276,4129.081913,4.129081913,4141.354626,-0.002963454
5.158072,7059,7.054,2300,4228.412256,4.228412256,4141.354626,0.021021535
5.208048,7109,7.104,2308,4262.115277,4.262115277,4141.354626,0.029159698
5.258066,7159,7.154,2297,4215.850945,4.215850945,4141.354626,0.017988394
5.319089,7209,7.204,2299,4224.22049,4.22422049,4141.354626,0.020009362
5.358114,7259,7.254,2304,4245.226131,4.245226131,4141.354626,0.025081529
5.408085,7309,7.304,2307,4257.885906,4.257885906,4141.354626,0.028138445
5.458071,7359,7.354,2319,4308.952703,4.308952703,4141.354626,0.040469386
5.508046,7409,7.404,2322,4321.827411,4.321827411,4141.354626,0.043578201
5.558133,7459,7.454,2338,4391.23506,4.39123506,4141.354626,0.06033785
5.608028,7509,7.504,2351,4448.566514,4.448566514,4141.354626,0.074181498
5.658088,7559,7.554,2362,4497.749567,4.497749567,4141.354626,0.086057576
5.716169,7609,7.604,2337,4386.860068,4.386860068,4141.354626,0.059281434
5.757979,7659,7.654,2335,4378.125,4.378125,4141.354626,0.057172205
5.808052,7709,7.704,2339,4395.615034,4.395615034,4141.354626,0.061395469
5.858119,7759,7.754,2332,4365.059558,4.365059558,4141.354626,0.054017333
5.908094,7809,7.804,2327,4343.382353,4.343382353,4141.354626,0.048783006
5.958173,7859,7.854,2323,4326.128668,4.326128668,4141.354626,0.044616812
6.008099,7909,7.904,2324,4330.434783,4.330434783,4141.354626,0.045656596
6.05811,7959,7.954,2321,4317.531003,4.317531003,4141.354626,0.042540761
6.108076,8009,8.004,2311,4274.831839,4.274831839,4141.354626,0.032230327
6.158078,8059,8.054,2320,4313.239437,4.313239437,4141.354626,0.04150449
6.20809,8109,8.104,2297,4215.850945,4.215850945,4141.354626,0.017988394
6.258083,8159,8.154,2329,4352.038505,4.352038505,4141.354626,0.05087318
6.308921,8209,8.204,2307,4257.885906,4.257885906,4141.354626,0.028138445
6.358094,8259,8.254,2310,4270.588235,4.270588235,4141.354626,0.031205637
6.408063,8309,8.304,2296,4211.673152,4.211673152,4141.354626,0.016979595
6.45802,8359,8.354,2285,4166.022099,4.166022099,4141.354626,0.005956378
6.508133,8409,8.404,2289,4182.55814,4.18255814,4141.354626,0.009949284
6.562263,8459,8.454,2309,4266.349384,4.266349384,4141.354626,0.030182095
6.60809,8509,8.504,2311,4274.831839,4.274831839,4141.354626,0.032230327
6.658106,8559,8.554,2316,4296.121417,4.296121417,4141.354626,0.037371055
6.708066,8609,8.604,2323,4326.128668,4.326128668,4141.354626,0.044616812
6.758082,8659,8.654,2326,4339.061617,4.339061617,4141.354626,0.047739691
6.808109,8709,8.704,2326,4339.061617,4.339061617,4141.354626,0.047739691
6.858036,8759,8.754,2325,4334.745763,4.334745763,4141.354626,0.046697555
6.908036,8809,8.804,2333,4369.409762,4.369409762,4141.354626,0.055067763
6.958109,8859,8.854,2323,4326.128668,4.326128668,4141.354626,0.044616812
7.017383,8909,8.904,2323,4326.128668,4.326128668,4141.354626,0.044616812
7.05802,8959,8.954,2321,4317.531003,4.317531003,4141.354626,0.042540761
7.108034,9009,9.004,2319,4308.952703,4.308952703,4141.354626,0.040469386
7.158047,9059,9.054,2319,4308.952703,4.308952703,4141.354626,0.040469386
7.208036,9109,9.104,2308,4262.115277,4.262115277,4141.354626,0.029159698
7.258098,9159,9.154,2302,4236.809816,4.236809816,4141.354626,0.023049267
7.308001,9209,9.204,2304,4245.226131,4.245226131,4141.354626,0.025081529
7.358077,9259,9.254,2299,4224.22049,4.22422049,4141.354626,0.020009362
7.408079,9309,9.304,2320,4313.239437,4.313239437,4141.354626,0.04150449
7.462341,9359,9.354,2303,4241.015625,4.241015625,4141.354626,0.024064831
7.50806,9409,9.404,2314,4287.591241,4.287591241,4141.354626,0.0353113
7.558053,9459,9.454,2307,4257.885906,4.257885906,4141.354626,0.028138445
7.608026,9509,9.504,2285,4166.022099,4.166022099,4141.354626,0.005956378
7.658094,9559,9.554,2292,4195.008319,4.195008319,4141.354626,0.01295559
7.708073,9609,9.604,2290,4186.703601,4.186703601,4141.354626,0.010950276
7.758022,9659,9.654,2297,4215.850945,4.215850945,4141.354626,0.017988394
7.808058,9709,9.704,2303,4241.015625,4.241015625,4141.354626,0.024064831
7.858117,9759,9.754,2309,4266.349384,4.266349384,4141.354626,0.030182095
7.908111,9809,9.804,2337,4386.860068,4.386860068,4141.354626,0.059281434
7.960092,9859,9.854,2318,4304.670793,4.304670793,4141.354626,0.039435446
8.008047,9909,9.904,2319,4308.952703,4.308952703,4141.354626,0.040469386
8.0581,9959,9.954,2324,4330.434783,4.330434783,4141.354626,0.045656596
8.108073,10009,10.004,2328,4347.70798,4.34770798,4141.354626,0.049827502
8.15809,10059,10.054,2318,4304.670793,4.304670793,4141.354626,0.039435446
8.208103,10109,10.104,2315,4291.853933,4.291853933,4141.354626,0.036340599
8.263953,10159,10.154,2305,4249.441341,4.249441341,4141.354626,0.026099362
8.308052,10209,10.204,2305,4249.441341,4.249441341,4141.354626,0.026099362
8.358059,10259,10.254,2302,4236.809816,4.236809816,4141.354626,0.023049267
8.408075,10309,10.304,2300,4228.412256,4.228412256,4141.354626,0.021021535
8.458056,10359,10.354,2286,4170.149254,4.170149254,4141.354626,0.006952949
8.508119,10409,10.404,2308,4262.115277,4.262115277,4141.354626,0.029159698
8.564911,10459,10.454,2303,4241.015625,4.241015625,4141.354626,0.024064831
8.608057,10509,10.504,2296,4211.673152,4.211673152,4141.354626,0.016979595
8.658096,10559,10.554,2289,4182.55814,4.18255814,4141.354626,0.009949284
8.708021,10609,10.604,2317,4300.393701,4.300393701,4141.354626,0.03840267
8.75807,10659,10.654,2307,4257.885906,4.257885906,4141.354626,0.028138445
8.80804,10709,10.704,2288,4178.417266,4.178417266,4141.354626,0.0089494
8.85807,10759,10.754,2269,4100.60241,4.10060241,4141.354626,-0.009840311
8.908048,10809,10.804,2291,4190.853659,4.190853659,4141.354626,0.011952377
8.9581,10859,10.854,2292,4195.008319,4.195008319,4141.354626,0.01295559
9.00803,10909,10.904,2299,4224.22049,4.22422049,4141.354626,0.020009362
9.060359,10959,10.954,2297,4215.850945,4.215850945,4141.354626,0.017988394
9.108074,11009,11.004,2302,4236.809816,4.236809816,4141.354626,0.023049267
9.158035,11059,11.054,2302,4236.809816,4.236809816,4141.354626,0.023049267
9.208046,11109,11.104,2309,4266.349384,4.266349384,4141.354626,0.030182095
9.258012,11159,11.154,2317,4300.393701,4.300393701,4141.354626,0.03840267
9.312322,11209,11.204,2322,4321.827411,4.321827411,4141.354626,0.043578201
9.358088,11259,11.254,2320,4313.239437,4.313239437,4141.354626,0.04150449
9.408086,11309,11.304,2306,4253.661263,4.253661263,4141.354626,0.027118334
9.458054,11359,11.354,2306,4253.661263,4.253661263,4141.354626,0.027118334
9.50808,11409,11.404,2310,4270.588235,4.270588235,4141.354626,0.031205637
9.558103,11459,11.454,2294,4203.331483,4.203331483,4141.354626,0.014965359
9.608073,11509,11.504,2303,4241.015625,4.241015625,4141.354626,0.024064831
9.658097,11559,11.554,2282,4153.667954,4.153667954,4141.354626,0.002973261
9.712311,11609,11.604,2283,4157.781457,4.157781457,4141.354626,0.003966536
9.75807,11659,11.654,2270,4104.657534,4.104657534,4141.354626,-0.008861132
9.808074,11709,11.704,2272,4112.78113,4.11278113,4141.354626,-0.006899553
9.858084,11759,11.754,2277,4133.168317,4.133168317,4141.354626,-0.001976722
9.908074,11809,11.804,2295,4207.5,4.2075,4141.354626,0.015971918
9.958085,11859,11.854,2306,4253.661263,4.253661263,4141.354626,0.027118334
10.007989,11909,11.904,2306,4253.661263,4.253661263,4141.354626,0.027118334
10.058069,11959,11.954,2277,4133.168317,4.133168317,4141.354626,-0.001976722
10.108087,12009,12.004,2273,4116.849616,4.116849616,4141.354626,-0.005917148
10.158088,12059,12.054,2285,4166.022099,4.166022099,4141.354626,0.005956378
10.208074,12109,12.104,2292,4195.008319,4.195008319,4141.354626,0.01295559
10.25809,12159,12.154,2291,4190.853659,4.190853659,4141.354626,0.011952377
10.315066,12209,12.204,2291,4190.853659,4.190853659,4141.354626,0.011952377
10.358057,12259,12.254,2282,4153.667954,4.153667954,4141.354626,0.002973261
10.408086,12309,12.304,2304,4245.226131,4.245226131,4141.354626,0.025081529
10.458083,12359,12.354,2307,4257.885906,4.257885906,4141.354626,0.028138445
10.50804,12409,12.404,2315,4291.853933,4.291853933,4141.354626,0.036340599
10.558073,12459,12.454,2319,4308.952703,4.308952703,4141.354626,0.040469386
10.615639,12509,12.504,2306,4253.661263,4.253661263,4141.354626,0.027118334
10.658077,12559,12.554,2298,4220.033389,4.220033389,4141.354626,0.018998316
10.708072,12609,12.604,2293,4199.167592,4.199167592,4141.354626,0.013959917
10.758101,12659,12.654,2294,4203.331483,4.203331483,4141.354626,0.014965359
10.808042,12709,12.704,2288,4178.417266,4.178417266,4141.354626,0.0089494
10.858092,12759,12.754,2284,4161.899503,4.161899503,4141.354626,0.004960908
10.915682,12809,12.804,2292,4195.008319,4.195008319,4141.354626,0.01295559
10.958028,12859,12.854,2272,4112.78113,4.11278113,4141.354626,-0.006899553
11.008104,12909,12.904,2272,4112.78113,4.11278113,4141.354626,-0.006899553
11.05807,12959,12.954,2273,4116.849616,4.116849616,4141.354626,-0.005917148
11.108021,13009,13.004,2293,4199.167592,4.199167592,4141.354626,0.013959917
11.162643,13059,13.054,2308,4262.115277,4.262115277,4141.354626,0.029159698
11.208076,13109,13.104,2288,4178.417266,4.178417266,4141.354626,0.0089494
11.258068,13159,13.154,2283,4157.781457,4.157781457,4141.354626,0.003966536
11.308069,13209,13.204,2298,4220.033389,4.220033389,4141.354626,0.018998316
11.358098,13259,13.254,2276,4129.081913,4.129081913,4141.354626,-0.002963454
11.413639,13309,13.304,2294,4203.331483,4.203331483,4141.354626,0.014965359
11.458078,13359,13.354,2302,4236.809816,4.236809816,4141.354626,0.023049267
11.508044,13409,13.404,2284,4161.899503,4.161899503,4141.354626,0.004960908
11.55807,13459,13.454,2305,4249.441341,4.249441341,4141.354626,0.026099362
11.60802,13509,13.504,2292,4195.008319,4.195008319,4141.354626,0.01295559
11.6581,13559,13.554,2296,4211.673152,4.211673152,4141.354626,0.016979595
11.714874,13609,13.604,2319,4308.952703,4.308952703,4141.354626,0.040469386
11.758088,13659,13.654,2337,4386.860068,4.386860068,4141.354626,0.059281434
11.808047,13709,13.704,2303,4241.015625,4.241015625,4141.354626,0.024064831
11.858086,13759,13.754,2303,4241.015625,4.241015625,4141.354626,0.024064831
11.908076,13809,13.804,2311,4274.831839,4.274831839,4141.354626,0.032230327
11.960788,13859,13.854,2301,4232.608696,4.232608696,4141.354626,0.022034836
12.008185,13909,13.904,2294,4203.331483,4.203331483,4141.354626,0.014965359
12.058071,13959,13.954,2286,4170.149254,4.170149254,4141.354626,0.006952949
12.108058,14009,14.004,2270,4104.657534,4.104657534,4141.354626,-0.008861132
12.158153,14059,14.054,2282,4153.667954,4.153667954,4141.354626,0.002973261
12.214873,14109,14.104,2272,4112.78113,4.11278113,4141.354626,-0.006899553
12.258066,14159,14.154,2286,4170.149254,4.170149254,4141.354626,0.006952949
12.308062,14209,14.204,2264,4080.393228,4.080393228,4141.354626,-0.014720159
12.358064,14259,14.254,2305,4249.441341,4.249441341,4141.354626,0.026099362
12.408089,14309,14.304,2287,4174.280973,4.174280973,4141.354626,0.007950623
12.46277,14359,14.354,2269,4100.60241,4.10060241,4141.354626,-0.009840311
12.508059,14409,14.404,2266,4088.463641,4.088463641,4141.354626,-0.012771421
12.558033,14459,14.454,2259,4060.294118,4.060294118,4141.354626,-0.019573428
12.608017,14509,14.504,2284,4161.899503,4.161899503,4141.354626,0.004960908
12.65807,14559,14.554,2286,4170.149254,4.170149254,4141.354626,0.006952949
12.708057,14609,14.604,2274,4120.92257,4.12092257,4141.354626,-0.004933665
12.758078,14659,14.654,2277,4133.168317,4.133168317,4141.354626,-0.001976722
12.81321,14709,14.704,2284,4161.899503,4.161899503,4141.354626,0.004960908
12.858089,14759,14.754,2292,4195.008319,4.195008319,4141.354626,0.01295559
12.908042,14809,14.804,2299,4224.22049,4.22422049,4141.354626,0.020009362
12.958049,14859,14.854,2310,4270.588235,4.270588235,4141.354626,0.031205637
13.013767,14909,14.904,2317,4300.393701,4.300393701,4141.354626,0.03840267
13.05805,14959,14.954,2315,4291.853933,4.291853933,4141.354626,0.036340599
13.108107,15009,15.004,2307,4257.885906,4.257885906,4141.354626,0.028138445
13.158066,15059,15.054,2304,4245.226131,4.245226131,4141.354626,0.025081529
13.208066,15109,15.104,2293,4199.167592,4.199167592,4141.354626,0.013959917
13.258048,15159,15.154,2298,4220.033389,4.220033389,4141.354626,0.018998316
13.315317,15209,15.204,2281,4149.558986,4.149558986,4141.354626,0.001981081
13.358081,15259,15.254,2279,4141.354626,4.141354626,4141.354626,0.0
13.408098,15309,15.304,2274,4120.92257,4.12092257,4141.354626,-0.004933665
13.458003,15359,15.354,2275,4125.0,4.125,4141.354626,-0.0039491
13.508078,15409,15.404,2285,4166.022099,4.166022099,4141.354626,0.005956378
13.565785,15459,15.454,2287,4174.280973,4.174280973,4141.354626,0.007950623
13.608025,15509,15.504,2294,4203.331483,4.203331483,4141.354626,0.014965359
13.658073,15559,15.554,2280,4145.454545,4.145454545,4141.354626,0.000989995
13.707971,15609,15.604,2255,4044.293478,4.044293478,4141.354626,-0.023437053
13.75806,15659,15.654,2267,4092.50547,4.09250547,4141.354626,-0.011795453
13.808049,15709,15.704,2272,4112.78113,4.11278113,4141.354626,-0.006899553
13.858158,15759,15.754,2286,4170.149254,4.170149254,4141.354626,0.006952949
13.908056,15809,15.804,2287,4174.280973,4.174280973,4141.354626,0.007950623
13.958054,15859,15.854,2284,4161.899503,4.161899503,4141.354626,0.004960908
14.008095,15909,15.904,2289,4182.55814,4.18255814,4141.354626,0.009949284
14.063299,15959,15.954,2284,4161.899503,4.161899503,4141.354626,0.004960908
14.108068,16009,16.004,2291,4190.853659,4.190853659,4141.354626,0.011952377
14.158085,16059,16.054,2281,4149.558986,4.149558986,4141.354626,0.001981081
14.208055,16109,16.104,2306,4253.661263,4.253661263,4141.354626,0.027118334
14.258067,16159,16.154,2303,4241.015625,4.241015625,4141.354626,0.024064831
14.30807,16209,16.204,2289,4182.55814,4.18255814,4141.354626,0.009949284
14.367113,16259,16.254,2283,4157.781457,4.157781457,4141.354626,0.003966536
14.408056,16309,16.304,2293,4199.167592,4.199167592,4141.354626,0.013959917
14.458064,16359,16.354,2298,4220.033389,4.220033389,4141.354626,0.018998316
14.508043,16409,16.404,2281,4149.558986,4.149558986,4141.354626,0.001981081
14.558003,16459,16.454,2273,4116.849616,4.116849616,4141.354626,-0.005917148
14.608097,16509,16.504,2298,4220.033389,4.220033389,4141.354626,0.018998316
14.667108,16559,16.554,2270,4104.657534,4.104657534,4141.354626,-0.008861132
14.708053,16609,16.604,2276,4129.081913,4.129081913,4141.354626,-0.002963454
14.758067,16659,16.654,2283,4157.781457,4.157781457,4141.354626,0.003966536
14.808072,16709,16.704,2304,4245.226131,4.245226131,4141.354626,0.025081529
14.858081,16759,16.754,2276,4129.081913,4.129081913,4141.354626,-0.002963454
14.914986,16809,16.804,2257,4052.285092,4.052285092,4141.354626,-0.021507343
14.958077,16859,16.854,2269,4100.60241,4.10060241,4141.354626,-0.009840311
15.008028,16909,16.904,2253,4036.319218,4.036319218,4141.354626,-0.025362573
15.058035,16959,16.954,2265,4084.42623,4.08442623,4141.354626,-0.013746322
15.108024,17009,17.004,2285,4166.022099,4.166022099,4141.354626,0.005956378
15.167535,17059,17.054,2274,4120.92257,4.12092257,4141.354626,-0.004933665
15.20803,17109,17.104,2283,4157.781457,4.157781457,4141.354626,0.003966536
15.258091,17159,17.154,2278,4137.259218,4.137259218,4141.354626,-0.000988905
15.308063,17209,17.204,2314,4287.591241,4.287591241,4141.354626,0.0353113
15.365324,17259,17.254,2309,4266.349384,4.266349384,4141.354626,0.030182095
15.408042,17309,17.304,2306,4253.661263,4.253661263,4141.354626,0.027118334
15.458068,17359,17.354,2315,4291.853933,4.291853933,4141.354626,0.036340599
15.508028,17409,17.404,2301,4232.608696,4.232608696,4141.354626,0.022034836
15.558025,17459,17.454,2294,4203.331483,4.203331483,4141.354626,0.014965359
15.608041,17509,17.504,2286,4170.149254,4.170149254,4141.354626,0.006952949
15.668559,17559,17.554,2291,4190.853659,4.190853659,4141.354626,0.011952377
15.708015,17609,17.604,2286,4170.149254,4.170149254,4141.354626,0.006952949
15.758063,17659,17.654,2266,4088.463641,4.088463641,4141.354626,-0.012771421
15.808038,17709,17.704,2279,4141.354626,4.141354626,4141.354626,0.0
15.858057,17759,17.754,2244,4000.648298,4.000648298,4141.354626,-0.033975919
15.908029,17809,17.804,2268,4096.551724,4.096551724,4141.354626,-0.010818417
15.965032,17859,17.854,2263,4076.364629,4.076364629,4141.354626,-0.015692932
16.008015,17909,17.904,2301,4232.608696,4.232608696,4141.354626,0.022034836
16.058058,17959,17.954,2281,4149.558986,4.149558986,4141.354626,0.001981081
16.108046,18009,18.004,2252,4032.338578,4.032338578,4141.354626,-0.026323765
16.163205,18059,18.054,2250,4024.390244,4.024390244,4141.354626,-0.028243025
16.208013,18109,18.104,2257,4052.285092,4.052285092,4141.354626,-0.021507343
16.258032,18159,18.154,2268,4096.551724,4.096551724,4141.354626,-0.010818417
16.308045,18209,18.204,2274,4120.92257,4.12092257,4141.354626,-0.004933665
16.35805,18259,18.254,2276,4129.081913,4.129081913,4141.354626,-0.002963454
16.412568,18309,18.304,2271,4108.717105,4.108717105,4141.354626,-0.00788088
16.458036,18359,18.354,2273,4116.849616,4.116849616,4141.354626,-0.005917148
16.508004,18409,18.404,2277,4133.168317,4.133168317,4141.354626,-0.001976722
16.558051,18459,18.454,2307,4257.885906,4.257885906,4141.354626,0.028138445
16.608046,18509,18.504,2307,4257.885906,4.257885906,4141.354626,0.028138445
16.662862,18559,18.554,2312,4279.080202,4.279080202,4141.354626,0.033256166
16.708069,18609,18.604,2301,4232.608696,4.232608696,4141.354626,0.022034836
16.758063,18659,18.654,2297,4215.850945,4.215850945,4141.354626,0.017988394
16.808076,18709,18.704,2293,4199.167592,4.199167592,4141.354626,0.013959917
16.877025,18759,18.754,2289,4182.55814,4.18255814,4141.354626,0.009949284
16.90805,18809,18.804,2290,4186.703601,4.186703601,4141.354626,0.010950276
16.957998,18859,18.854,2268,4096.551724,4.096551724,4141.354626,-0.010818417
17.008066,18909,18.904,2265,4084.42623,4.08442623,4141.354626,-0.013746322
17.058059,18959,18.954,2255,4044.293478,4.044293478,4141.354626,-0.023437053
17.108038,19009,19.004,2256,4048.287113,4.048287113,4141.354626,-0.022472722
17.158054,19059,19.054,2250,4024.390244,4.024390244,4141.354626,-0.028243025
17.208024,19109,19.104,2282,4153.667954,4.153667954,4141.354626,0.002973261
17.258047,19159,19.154,2281,4149.558986,4.149558986,4141.354626,0.001981081
17.315613,19209,19.204,2277,4133.168317,4.133168317,4141.354626,-0.001976722
17.358023,19259,19.254,2245,4004.594595,4.004594595,4141.354626,-0.033023019
17.408028,19309,19.304,2242,3992.768484,3.992768484,4141.354626,-0.035878633
17.458048,19359,19.354,2252,4032.338578,4.032338578,4141.354626,-0.026323765
17.508021,19409,19.404,2263,4076.364629,4.076364629,4141.354626,-0.015692932
17.558064,19459,19.454,2265,4084.42623,4.08442623,4141.354626,-0.013746322
17.615494,19509,19.504,2267,4092.50547,4.09250547,4141.354626,-0.011795453
17.658056,19559,19.554,2272,4112.78113,4.11278113,4141.354626,-0.006899553
17.70798,19609,19.604,2277,4133.168317,4.133168317,4141.354626,-0.001976722
17.758078,19659,19.654,2288,4178.417266,4.178417266,4141.354626,0.0089494
17.808031,19709,19.704,2304,4245.226131,4.245226131,4141.354626,0.025081529
17.862792,19759,19.754,2279,4141.354626,4.141354626,4141.354626,0.0
17.908053,19809,19.804,2295,4207.5,4.2075,4141.354626,0.015971918
17.95805,19859,19.854,2290,4186.703601,4.186703601,4141.354626,0.010950276
18.008022,19909,19.904,2293,4199.167592,4.199167592,4141.354626,0.013959917
18.058061,19959,19.954,2286,4170.149254,4.170149254,4141.354626,0.006952949
18.11546,20009,20.004,2279,4141.354626,4.141354626,4141.354626,0.0
18.158053,20059,20.054,2265,4084.42623,4.08442623,4141.354626,-0.013746322
18.208044,20109,20.104,2259,4060.294118,4.060294118,4141.354626,-0.019573428
18.258024,20159,20.154,2260,4064.305177,4.064305177,4141.354626,-0.01860489
18.308046,20209,20.204,2254,4040.304183,4.040304183,4141.354626,-0.024400336
18.363194,20259,20.254,2258,4056.287425,4.056287425,4141.354626,-0.020540912
18.408073,20309,20.304,2276,4129.081913,4.129081913,4141.354626,-0.002963454
18.458058,20359,20.354,2278,4137.259218,4.137259218,4141.354626,-0.000988905
18.50801,20409,20.404,2274,4120.92257,4.12092257,4141.354626,-0.004933665
18.558015,20459,20.454,2253,4036.319218,4.036319218,4141.354626,-0.025362573
18.616495,20509,20.504,2249,4020.422535,4.020422535,4141.354626,-0.029201095
18.658028,20559,20.554,2252,4032.338578,4.032338578,4141.354626,-0.026323765
18.708039,20609,20.604,2255,4044.293478,4.044293478,4141.354626,-0.023437053
18.758072,20659,20.654,2260,4064.305177,4.064305177,4141.354626,-0.01860489
18.808053,20709,20.704,2266,4088.463641,4.088463641,4141.354626,-0.012771421
18.858038,20759,20.754,2263,4076.364629,4.076364629,4141.354626,-0.015692932
18.908081,20809,20.804,2276,4129.081913,4.129081913,4141.354626,-0.002963454
18.966064,20859,20.854,2288,4178.417266,4.178417266,4141.354626,0.0089494
19.010579,20909,20.904,2282,4153.667954,4.153667954,4141.354626,0.002973261
19.058023,20959,20.954,2309,4266.349384,4.266349384,4141.354626,0.030182095
19.107977,21009,21.004,2287,4174.280973,4.174280973,4141.354626,0.007950623
19.158069,21059,21.054,2282,4153.667954,4.153667954,4141.354626,0.002973261
19.216375,21109,21.104,2282,4153.667954,4.153667954,4141.354626,0.002973261
19.258043,21159,21.154,2281,4149.558986,4.149558986,4141.354626,0.001981081
19.308039,21209,21.204,2285,4166.022099,4.166022099,4141.354626,0.005956378
19.358049,21259,21.254,2262,4072.340426,4.072340426,4141.354626,-0.016664644
19.408063,21309,21.304,2261,4068.320611,4.068320611,4141.354626,-0.017635296
19.464316,21359,21.354,2264,4080.393228,4.080393228,4141.354626,-0.014720159
19.508049,21409,21.404,2263,4076.364629,4.076364629,4141.354626,-0.015692932
19.557983,21459,21.454,2257,4052.285092,4.052285092,4141.354626,-0.021507343
19.610701,21509,21.504,2262,4072.340426,4.072340426,4141.354626,-0.016664644
19.657988,21559,21.554,2294,4203.331483,4.203331483,4141.354626,0.014965359
19.708051,21609,21.604,2269,4100.60241,4.10060241,4141.354626,-0.009840311
19.759164,21659,21.654,2258,4056.287425,4.056287425,4141.354626,-0.020540912
19.80806,21709,21.704,2257,4052.285092,4.052285092,4141.354626,-0.021507343
19.858016,21759,21.754,2255,4044.293478,4.044293478,4141.354626,-0.023437053
19.90803,21809,21.804,2261,4068.320611,4.068320611,4141.354626,-0.017635296
19.958045,21859,21.854,2251,4028.362256,4.028362256,4141.354626,-0.027283915
20.010629,21909,21.904,2258,4056.287425,4.056287425,4141.354626,-0.020540912
20.058047,21959,21.954,2264,4080.393228,4.080393228,4141.354626,-0.014720159
20.108074,22009,22.004,2270,4104.657534,4.104657534,4141.354626,-0.008861132
20.167715,22059,22.054,2283,4157.781457,4.157781457,4141.354626,0.003966536
20.208022,22109,22.104,2287,4174.280973,4.174280973,4141.354626,0.007950623
20.257959,22159,22.154,2297,4215.850945,4.215850945,4141.354626,0.017988394
20.308421,22209,22.204,2298,4220.033389,4.220033389,4141.354626,0.018998316
20.358052,22259,22.254,2286,4170.149254,4.170149254,4141.354626,0.006952949
20.407986,22309,22.304,2282,4153.667954,4.153667954,4141.354626,0.002973261
20.458004,22359,22.354,2282,4153.667954,4.153667954,4141.354626,0.002973261
20.508086,22409,22.404,2285,4166.022099,4.166022099,4141.354626,0.005956378
20.560093,22459,22.454,2251,4028.362256,4.028362256,4141.354626,-0.027283915
20.608002,22509,22.504,2249,4020.422535,4.020422535,4141.354626,-0.029201095
20.658027,22559,22.554,2257,4052.285092,4.052285092,4141.354626,-0.021507343
20.708045,22609,22.604,2261,4068.320611,4.068320611,4141.354626,-0.017635296
20.758034,22659,22.654,2252,4032.338578,4.032338578,4141.354626,-0.026323765
20.810937,22709,22.704,2244,4000.648298,4.000648298,4141.354626,-0.033975919
20.858007,22759,22.754,2271,4108.717105,4.108717105,4141.354626,-0.00788088
20.90804,22809,22.804,2281,4149.558986,4.149558986,4141.354626,0.001981081
20.959247,22859,22.854,2264,4080.393228,4.080393228,4141.354626,-0.014720159
21.007989,22909,22.904,2256,4048.287113,4.048287113,4141.354626,-0.022472722
21.057975,22959,22.954,2253,4036.319218,4.036319218,4141.354626,-0.025362573
21.107976,23009,23.004,2255,4044.293478,4.044293478,4141.354626,-0.023437053
21.157993,23059,23.054,2248,4016.459123,4.016459123,4141.354626,-0.030158128
21.211617,23109,23.104,2250,4024.390244,4.024390244,4141.354626,-0.028243025
21.258004,23159,23.154,2260,4064.305177,4.064305177,4141.354626,-0.01860489
21.308032,23209,23.204,2264,4080.393228,4.080393228,4141.354626,-0.014720159
21.358007,23259,23.254,2273,4116.849616,4.116849616,4141.354626,-0.005917148
21.411014,23309,23.304,2282,4153.667954,4.153667954,4141.354626,0.002973261
21.458047,23359,23.354,2285,4166.022099,4.166022099,4141.354626,0.005956378
21.507996,23409,23.404,2281,4149.558986,4.149558986,4141.354626,0.001981081
21.558054,23459,23.454,2279,4141.354626,4.141354626,4141.354626,0.0
21.61215,23509,23.504,2272,4112.78113,4.11278113,4141.354626,-0.006899553
21.658002,23559,23.554,2271,4108.717105,4.108717105,4141.354626,-0.00788088
21.707985,23609,23.604,2271,4108.717105,4.108717105,4141.354626,-0.00788088
21.758003,23659,23.654,2263,4076.364629,4.076364629,4141.354626,-0.015692932
21.808064,23709,23.704,2252,4032.338578,4.032338578,4141.354626,-0.026323765
21.861146,23759,23.754,2256,4048.287113,4.048287113,4141.354626,-0.022472722
21.907971,23809,23.804,2246,4008.54516,4.00854516,4141.354626,-0.032069088
21.958003,23859,23.854,2244,4000.648298,4.000648298,4141.354626,-0.033975919
22.008082,23909,23.904,2252,4032.338578,4.032338578,4141.354626,-0.026323765
22.058046,23959,23.954,2248,4016.459123,4.016459123,4141.354626,-0.030158128
22.108021,24009,24.004,2275,4125.0,4.125,4141.354626,-0.0039491
22.157995,24059,24.054,2261,4068.320611,4.068320611,4141.354626,-0.017635296
22.208024,24109,24.104,2250,4024.390244,4.024390244,4141.354626,-0.028243025
22.257994,24159,24.154,2245,4004.594595,4.004594595,4141.354626,-0.033023019
22.308031,24209,24.204,2257,4052.285092,4.052285092,4141.354626,-0.021507343
22.358012,24259,24.254,2246,4008.54516,4.00854516,4141.354626,-0.032069088
22.411682,24309,24.304,2250,4024.390244,4.024390244,4141.354626,-0.028243025
22.458012,24359,24.354,2257,4052.285092,4.052285092,4141.354626,-0.021507343
22.507987,24409,24.404,2264,4080.393228,4.080393228,4141.354626,-0.014720159
22.558006,24459,24.454,2268,4096.551724,4.096551724,4141.354626,-0.010818417
22.608014,24509,24.504,2281,4149.558986,4.149558986,4141.354626,0.001981081
22.663376,24559,24.554,2291,4190.853659,4.190853659,4141.354626,0.011952377
22.708025,24609,24.604,2286,4170.149254,4.170149254,4141.354626,0.006952949
22.758,24659,24.654,2290,4186.703601,4.186703601,4141.354626,0.010950276
22.807949,24709,24.704,2274,4120.92257,4.12092257,4141.354626,-0.004933665
22.857998,24759,24.754,2274,4120.92257,4.12092257,4141.354626,-0.004933665
22.911116,24809,24.804,2277,4133.168317,4.133168317,4141.354626,-0.001976722
22.958009,24859,24.854,2274,4120.92257,4.12092257,4141.354626,-0.004933665
23.007998,24909,24.904,2274,4120.92257,4.12092257,4141.354626,-0.004933665
23.05798,24959,24.954,2261,4068.320611,4.068320611,4141.354626,-0.017635296
23.107999,25009,25.004,2253,4036.319218,4.036319218,4141.354626,-0.025362573
23.163113,25059,25.054,2240,3984.90566,3.98490566,4141.354626,-0.037777244
23.208014,25109,25.104,2247,4012.5,4.0125,4141.354626,-0.031114125
23.257993,25159,25.154,2265,4084.42623,4.08442623,4141.354626,-0.013746322
23.308043,25209,25.204,2287,4174.280973,4.174280973,4141.354626,0.007950623
23.36235,25259,25.254,2264,4080.393228,4.080393228,4141.354626,-0.014720159
23.408025,25309,25.304,2251,4028.362256,4.028362256,4141.354626,-0.027283915
23.457986,25359,25.354,2250,4024.390244,4.024390244,4141.354626,-0.028243025
23.508811,25409,25.404,2254,4040.304183,4.040304183,4141.354626,-0.024400336
23.558028,25459,25.454,2246,4008.54516,4.00854516,4141.354626,-0.032069088
23.608002,25509,25.504,2254,4040.304183,4.040304183,4141.354626,-0.024400336
23.657992,25559,25.554,2253,4036.319218,4.036319218,4141.354626,-0.025362573
23.708016,25609,25.604,2253,4036.319218,4.036319218,4141.354626,-0.025362573
23.764903,25659,25.654,2258,4056.287425,4.056287425,4141.354626,-0.020540912
23.808011,25709,25.704,2270,4104.657534,4.104657534,4141.354626,-0.008861132
23.857988,25759,25.754,2274,4120.92257,4.12092257,4141.354626,-0.004933665
23.90802,25809,25.804,2282,4153.667954,4.153667954,4141.354626,0.002973261
23.957977,25859,25.854,2287,4174.280973,4.174280973,4141.354626,0.007950623
24.013557,25909,25.904,2277,4133.168317,4.133168317,4141.354626,-0.001976722
24.058012,25959,25.954,2264,4080.393228,4.080393228,4141.354626,-0.014720159
24.108058,26009,26.004,2270,4104.657534,4.104657534,4141.354626,-0.008861132
24.157911,26059,26.054,2258,4056.287425,4.056287425,4141.354626,-0.020540912
24.208021,26109,26.104,2258,4056.287425,4.056287425,4141.354626,-0.020540912
24.258003,26159,26.154,2254,4040.304183,4.040304183,4141.354626,-0.024400336
24.307975,26209,26.204,2255,4044.293478,4.044293478,4141.354626,-0.023437053
24.357988,26259,26.254,2240,3984.90566,3.98490566,4141.354626,-0.037777244
24.407967,26309,26.304,2239,3980.980603,3.980980603,4141.354626,-0.038725016
24.458007,26359,26.354,2245,4004.594595,4.004594595,4141.354626,-0.033023019
24.507987,26409,26.404,2274,4120.92257,4.12092257,4141.354626,-0.004933665
24.561714,26459,26.454,2246,4008.54516,4.00854516,4141.354626,-0.032069088
24.607999,26509,26.504,2265,4084.42623,4.08442623,4141.354626,-0.013746322
24.658,26559,26.554,2250,4024.390244,4.024390244,4141.354626,-0.028243025
24.707983,26609,26.604,2248,4016.459123,4.016459123,4141.354626,-0.030158128
24.757999,26659,26.654,2240,3984.90566,3.98490566,4141.354626,-0.037777244
24.814505,26709,26.704,2242,3992.768484,3.992768484,4141.354626,-0.035878633
24.858034,26759,26.754,2234,3961.418592,3.961418592,4141.354626,-0.043448593
24.907979,26809,26.804,2247,4012.5,4.0125,4141.354626,-0.031114125
24.958024,26859,26.854,2263,4076.364629,4.076364629,4141.354626,-0.015692932
25.012977,26909,26.904,2264,4080.393228,4.080393228,4141.354626,-0.014720159
25.05805,26959,26.954,2272,4112.78113,4.11278113,4141.354626,-0.006899553
25.107937,27009,27.004,2270,4104.657534,4.104657534,4141.354626,-0.008861132
25.157994,27059,27.054,2274,4120.92257,4.12092257,4141.354626,-0.004933665
25.20801,27109,27.104,2264,4080.393228,4.080393228,4141.354626,-0.014720159
25.257992,27159,27.154,2255,4044.293478,4.044293478,4141.354626,-0.023437053
25.307988,27209,27.204,2244,4000.648298,4.000648298,4141.354626,-0.033975919
25.358003,27259,27.254,2253,4036.319218,4.036319218,4141.354626,-0.025362573
25.408008,27309,27.304,2257,4052.285092,4.052285092,4141.354626,-0.021507343
25.458003,27359,27.354,2254,4040.304183,4.040304183,4141.354626,-0.024400336
25.507983,27409,27.404,2237,3973.143165,3.973143165,4141.354626,-0.040617497
25.564096,27459,27.454,2243,3996.706263,3.996706263,4141.354626,-0.034927789
25.607285,27509,27.504,2236,3969.230769,3.969230769,4141.354626,-0.041562211
25.658018,27559,27.554,2251,4028.362256,4.028362256,4141.354626,-0.027283915
25.707949,27609,27.604,2256,4048.287113,4.048287113,4141.354626,-0.022472722
25.757926,27659,27.654,2283,4157.781457,4.157781457,4141.354626,0.003966536
25.807982,27709,27.704,2254,4040.304183,4.040304183,4141.354626,-0.024400336
25.858009,27759,27.754,2245,4004.594595,4.004594595,4141.354626,-0.033023019
25.90798,27809,27.804,2255,4044.293478,4.044293478,4141.354626,-0.023437053
25.958034,27859,27.854,2245,4004.594595,4.004594595,4141.354626,-0.033023019
26.009466,27909,27.904,2241,3988.834951,3.988834951,4141.354626,-0.036828451
26.05808,27959,27.954,2242,3992.768484,3.992768484,4141.354626,-0.035878633
26.108002,28009,28.004,2264,4080.393228,4.080393228,4141.354626,-0.014720159
26.165212,28059,28.054,2259,4060.294118,4.060294118,4141.354626,-0.019573428
26.207949,28109,28.104,2267,4092.50547,4.09250547,4141.354626,-0.011795453
26.257992,28159,28.154,2281,4149.558986,4.149558986,4141.354626,0.001981081
26.307933,28209,28.204,2282,4153.667954,4.153667954,4141.354626,0.002973261
26.35802,28259,28.254,2291,4190.853659,4.190853659,4141.354626,0.011952377
26.408012,28309,28.304,2269,4100.60241,4.10060241,4141.354626,-0.009840311
26.457983,28359,28.354,2271,4108.717105,4.108717105,4141.354626,-0.00788088
26.50797,28409,28.404,2253,4036.319218,4.036319218,4141.354626,-0.025362573
26.558281,28459,28.454,2255,4044.293478,4.044293478,4141.354626,-0.023437053
26.607986,28509,28.504,2263,4076.364629,4.076364629,4141.354626,-0.015692932
26.662103,28559,28.554,2256,4048.287113,4.048287113,4141.354626,-0.022472722
26.707987,28609,28.604,2255,4044.293478,4.044293478,4141.354626,-0.023437053
26.758011,28659,28.654,2239,3980.980603,3.980980603,4141.354626,-0.038725016
26.807907,28709,28.704,2240,3984.90566,3.98490566,4141.354626,-0.037777244
26.857978,28759,28.754,2245,4004.594595,4.004594595,4141.354626,-0.033023019
26.907969,28809,28.804,2264,4080.393228,4.080393228,4141.354626,-0.014720159
26.957926,28859,28.854,2268,4096.551724,4.096551724,4141.354626,-0.010818417
27.007963,28909,28.904,2262,4072.340426,4.072340426,4141.354626,-0.016664644
27.057952,28959,28.954,2242,3992.768484,3.992768484,4141.354626,-0.035878633
27.107976,29009,29.004,2245,4004.594595,4.004594595,4141.354626,-0.033023019
27.157992,29059,29.054,2242,3992.768484,3.992768484,4141.354626,-0.035878633
27.207975,29109,29.104,2237,3973.143165,3.973143165,4141.354626,-0.040617497
27.258009,29159,29.154,2237,3973.143165,3.973143165,4141.354626,-0.040617497
27.314656,29209,29.204,2242,3992.768484,3.992768484,4141.354626,-0.035878633
27.358016,29259,29.254,2258,4056.287425,4.056287425,4141.354626,-0.020540912
27.408011,29309,29.304,2256,4048.287113,4.048287113,4141.354626,-0.022472722
27.457961,29359,29.354,2262,4072.340426,4.072340426,4141.354626,-0.016664644
27.50796,29409,29.404,2277,4133.168317,4.133168317,4141.354626,-0.001976722
27.565228,29459,29.454,2279,4141.354626,4.141354626,4141.354626,0.0
27.607985,29509,29.504,2287,4174.280973,4.174280973,4141.354626,0.007950623
27.657983,29559,29.554,2274,4120.92257,4.12092257,4141.354626,-0.004933665
27.707988,29609,29.604,2269,4100.60241,4.10060241,4141.354626,-0.009840311
27.758028,29659,29.654,2275,4125.0,4.125,4141.354626,-0.0039491
27.807955,29709,29.704,2268,4096.551724,4.096551724,4141.354626,-0.010818417
27.858025,29759,29.754,2262,4072.340426,4.072340426,4141.354626,-0.016664644
27.908017,29809,29.804,2258,4056.287425,4.056287425,4141.354626,-0.020540912
27.957992,29859,29.854,2246,4008.54516,4.00854516,4141.354626,-0.032069088
28.014112,29909,29.904,2241,3988.834951,3.988834951,4141.354626,-0.036828451
28.057995,29959,29.954,2241,3988.834951,3.988834951,4141.354626,-0.036828451
28.108031,30009,30.004,2242,3992.768484,3.992768484,4141.354626,-0.035878633
28.157981,30059,30.054,2269,4100.60241,4.10060241,4141.354626,-0.009840311
28.207949,30109,30.104,2267,4092.50547,4.09250547,4141.354626,-0.011795453
28.257983,30159,30.154,2252,4032.338578,4.032338578,4141.354626,-0.026323765
28.308041,30209,30.204,2259,4060.294118,4.060294118,4141.354626,-0.019573428
28.357966,30259,30.254,2243,3996.706263,3.996706263,4141.354626,-0.034927789
28.408031,30309,30.304,2245,4004.594595,4.004594595,4141.354626,-0.033023019
28.46637,30359,30.354,2234,3961.418592,3.961418592,4141.354626,-0.043448593
28.50799,30409,30.404,2243,3996.706263,3.996706263,4141.354626,-0.034927789
28.55797,30459,30.454,2244,4000.648298,4.000648298,4141.354626,-0.033975919
28.608632,30509,30.504,2254,4040.304183,4.040304183,4141.354626,-0.024400336
28.657932,30559,30.554,2254,4040.304183,4.040304183,4141.354626,-0.024400336
28.708004,30609,30.604,2276,4129.081913,4.129081913,4141.354626,-0.002963454
28.758162,30659,30.654,2284,4161.899503,4.161899503,4141.354626,0.004960908
28.807976,30709,30.704,2286,4170.149254,4.170149254,4141.354626,0.006952949
28.858025,30759,30.754,2284,4161.899503,4.161899503,4141.354626,0.004960908
28.908025,30809,30.804,2274,4120.92257,4.12092257,4141.354626,-0.004933665
28.958011,30859,30.854,2261,4068.320611,4.068320611,4141.354626,-0.017635296
29.0141,30909,30.904,2262,4072.340426,4.072340426,4141.354626,-0.016664644
29.058016,30959,30.954,2262,4072.340426,4.072340426,4141.354626,-0.016664644
29.107945,31009,31.004,2251,4028.362256,4.028362256,4141.354626,-0.027283915
29.158,31059,31.054,2246,4008.54516,4.00854516,4141.354626,-0.032069088
29.207953,31109,31.104,2238,3977.059774,3.977059774,4141.354626,-0.039671766
29.257967,31159,31.154,2241,3988.834951,3.988834951,4141.354626,-0.036828451
29.308029,31209,31.204,2239,3980.980603,3.980980603,4141.354626,-0.038725016
29.364336,31259,31.254,2254,4040.304183,4.040304183,4141.354626,-0.024400336
29.407965,31309,31.304,2272,4112.78113,4.11278113,4141.354626,-0.006899553
29.457995,31359,31.354,2252,4032.338578,4.032338578,4141.354626,-0.026323765
29.507948,31409,31.404,2242,3992.768484,3.992768484,4141.354626,-0.035878633
29.557969,31459,31.454,2237,3973.143165,3.973143165,4141.354626,-0.040617497
29.607959,31509,31.504,2238,3977.059774,3.977059774,4141.354626,-0.039671766
29.666953,31559,31.554,2240,3984.90566,3.98490566,4141.354626,-0.037777244
29.708016,31609,31.604,2242,3992.768484,3.992768484,4141.354626,-0.035878633
29.757968,31659,31.654,2239,3980.980603,3.980980603,4141.354626,-0.038725016
29.807961,31709,31.704,2253,4036.319218,4.036319218,4141.354626,-0.025362573
29.857988,31759,31.754,2251,4028.362256,4.028362256,4141.354626,-0.027283915
29.916221,31809,31.804,2267,4092.50547,4.09250547,4141.354626,-0.011795453
29.957994,31859,31.854,2276,4129.081913,4.129081913,4141.354626,-0.002963454
30.008019,31909,31.904,2285,4166.022099,4.166022099,4141.354626,0.005956378
30.057952,31959,31.954,2271,4108.717105,4.108717105,4141.354626,-0.00788088
30.108012,32009,32.004,2263,4076.364629,4.076364629,4141.354626,-0.015692932
30.167425,32059,32.054,2265,4084.42623,4.08442623,4141.354626,-0.013746322
30.207949,32109,32.104,2257,4052.285092,4.052285092,4141.354626,-0.021507343
30.257943,32159,32.154,2248,4016.459123,4.016459123,4141.354626,-0.030158128
30.308001,32209,32.204,2242,3992.768484,3.992768484,4141.354626,-0.035878633
30.357981,32259,32.254,2241,3988.834951,3.988834951,4141.354626,-0.036828451
30.41422,32309,32.304,2234,3961.418592,3.961418592,4141.354626,-0.043448593
30.457997,32359,32.354,2242,3992.768484,3.992768484,4141.354626,-0.035878633
30.507967,32409,32.404,2233,3957.518797,3.957518797,4141.354626,-0.044390265
30.557956,32459,32.454,2252,4032.338578,4.032338578,4141.354626,-0.026323765
30.608012,32509,32.504,2264,4080.393228,4.080393228,4141.354626,-0.014720159
30.666959,32559,32.554,2256,4048.287113,4.048287113,4141.354626,-0.022472722
30.707898,32609,32.604,2238,3977.059774,3.977059774,4141.354626,-0.039671766
30.757945,32659,32.654,2240,3984.90566,3.98490566,4141.354626,-0.037777244
30.809039,32709,32.704,2241,3988.834951,3.988834951,4141.354626,-0.036828451
30.858006,32759,32.754,2239,3980.980603,3.980980603,4141.354626,-0.038725016
30.937216,32809,32.804,2232,3953.623188,3.953623188,4141.354626,-0.045330925
30.957971,32859,32.854,2244,4000.648298,4.000648298,4141.354626,-0.033975919
31.009021,32909,32.904,2251,4028.362256,4.028362256,4141.354626,-0.027283915
31.057955,32959,32.954,2250,4024.390244,4.024390244,4141.354626,-0.028243025
31.107995,33009,33.004,2256,4048.287113,4.048287113,4141.354626,-0.022472722
31.16629,33059,33.054,2263,4076.364629,4.076364629,4141.354626,-0.015692932
31.208014,33109,33.104,2279,4141.354626,4.141354626,4141.354626,0.0
31.257984,33159,33.154,2281,4149.558986,4.149558986,4141.354626,0.001981081
31.307945,33209,33.204,2272,4112.78113,4.11278113,4141.354626,-0.006899553
31.357968,33259,33.254,2264,4080.393228,4.080393228,4141.354626,-0.014720159
31.416713,33309,33.304,2271,4108.717105,4.108717105,4141.354626,-0.00788088
31.458011,33359,33.354,2244,4000.648298,4.000648298,4141.354626,-0.033975919
31.508,33409,33.404,2257,4052.285092,4.052285092,4141.354626,-0.021507343
31.557955,33459,33.454,2241,3988.834951,3.988834951,4141.354626,-0.036828451
31.607952,33509,33.504,2239,3980.980603,3.980980603,4141.354626,-0.038725016
31.659834,33559,33.554,2237,3973.143165,3.973143165,4141.354626,-0.040617497
31.70795,33609,33.604,2240,3984.90566,3.98490566,4141.354626,-0.037777244
31.757956,33659,33.654,2253,4036.319218,4.036319218,4141.354626,-0.025362573
31.816939,33709,33.704,2268,4096.551724,4.096551724,4141.354626,-0.010818417
31.857935,33759,33.754,2262,4072.340426,4.072340426,4141.354626,-0.016664644
31.907902,33809,33.804,2242,3992.768484,3.992768484,4141.354626,-0.035878633
31.958406,33859,33.854,2249,4020.422535,4.020422535,4141.354626,-0.029201095
32.008011,33909,33.904,2237,3973.143165,3.973143165,4141.354626,-0.040617497
32.057942,33959,33.954,2233,3957.518797,3.957518797,4141.354626,-0.044390265
32.107992,34009,34.004,2234,3961.418592,3.961418592,4141.354626,-0.043448593
32.157993,34059,34.054,2254,4040.304183,4.040304183,4141.354626,-0.024400336
32.208012,34109,34.104,2245,4004.594595,4.004594595,4141.354626,-0.033023019
32.258005,34159,34.154,2245,4004.594595,4.004594595,4141.354626,-0.033023019
32.30801,34209,34.204,2247,4012.5,4.0125,4141.354626,-0.031114125
32.357986,34259,34.254,2255,4044.293478,4.044293478,4141.354626,-0.023437053
32.40798,34309,34.304,2273,4116.849616,4.116849616,4141.354626,-0.005917148
32.466095,34359,34.354,2284,4161.899503,4.161899503,4141.354626,0.004960908
32.507956,34409,34.404,2270,4104.657534,4.104657534,4141.354626,-0.008861132
32.557972,34459,34.454,2270,4104.657534,4.104657534,4141.354626,-0.008861132
32.609752,34509,34.504,2267,4092.50547,4.09250547,4141.354626,-0.011795453
32.657952,34559,34.554,2253,4036.319218,4.036319218,4141.354626,-0.025362573
32.707966,34609,34.604,2248,4016.459123,4.016459123,4141.354626,-0.030158128
32.75801,34659,34.654,2243,3996.706263,3.996706263,4141.354626,-0.034927789
32.807909,34709,34.704,2240,3984.90566,3.98490566,4141.354626,-0.037777244
32.858028,34759,34.754,2223,3918.75,3.91875,4141.354626,-0.053751645
32.915766,34809,34.804,2234,3961.418592,3.961418592,4141.354626,-0.043448593
32.957977,34859,34.854,2249,4020.422535,4.020422535,4141.354626,-0.029201095
33.008018,34909,34.904,2256,4048.287113,4.048287113,4141.354626,-0.022472722
33.058002,34959,34.954,2271,4108.717105,4.108717105,4141.354626,-0.00788088
33.107959,35009,35.004,2254,4040.304183,4.040304183,4141.354626,-0.024400336
33.166497,35059,35.054,2262,4072.340426,4.072340426,4141.354626,-0.016664644
33.20791,35109,35.104,2244,4000.648298,4.000648298,4141.354626,-0.033975919
33.257919,35159,35.154,2233,3957.518797,3.957518797,4141.354626,-0.044390265
33.30793,35209,35.204,2236,3969.230769,3.969230769,4141.354626,-0.041562211
33.35801,35259,35.254,2243,3996.706263,3.996706263,4141.354626,-0.034927789
33.415891,35309,35.304,2241,3988.834951,3.988834951,4141.354626,-0.036828451
33.457963,35359,35.354,2247,4012.5,4.0125,4141.354626,-0.031114125
33.507908,35409,35.404,2252,4032.338578,4.032338578,4141.354626,-0.026323765
33.55943,35459,35.454,2240,3984.90566,3.98490566,4141.354626,-0.037777244
33.607962,35509,35.504,2251,4028.362256,4.028362256,4141.354626,-0.027283915
33.657901,35559,35.554,2258,4056.287425,4.056287425,4141.354626,-0.020540912
33.707978,35609,35.604,2276,4129.081913,4.129081913,4141.354626,-0.002963454
33.765546,35659,35.654,2267,4092.50547,4.09250547,4141.354626,-0.011795453
33.807997,35709,35.704,2261,4068.320611,4.068320611,4141.354626,-0.017635296
33.857938,35759,35.754,2253,4036.319218,4.036319218,4141.354626,-0.025362573
33.907963,35809,35.804,2253,4036.319218,4.036319218,4141.354626,-0.025362573
33.957968,35859,35.854,2244,4000.648298,4.000648298,4141.354626,-0.033975919
34.018676,35909,35.904,2245,4004.594595,4.004594595,4141.354626,-0.033023019
34.057974,35959,35.954,2226,3930.337079,3.930337079,4141.354626,-0.05095375
34.10803,36009,36.004,2245,4004.594595,4.004594595,4141.354626,-0.033023019
34.160066,36059,36.054,2244,4000.648298,4.000648298,4141.354626,-0.033975919
34.207929,36109,36.104,2248,4016.459123,4.016459123,4141.354626,-0.030158128
34.25793,36159,36.154,2268,4096.551724,4.096551724,4141.354626,-0.010818417
34.309357,36209,36.204,2254,4040.304183,4.040304183,4141.354626,-0.024400336
34.357942,36259,36.254,2232,3953.623188,3.953623188,4141.354626,-0.045330925
34.406999,36309,36.304,2253,4036.319218,4.036319218,4141.354626,-0.025362573
34.458002,36359,36.354,2239,3980.980603,3.980980603,4141.354626,-0.038725016
34.515952,36409,36.404,2233,3957.518797,3.957518797,4141.354626,-0.044390265
34.557018,36459,36.454,2227,3934.207709,3.934207709,4141.354626,-0.050019121
34.607947,36509,36.504,2241,3988.834951,3.988834951,4141.354626,-0.036828451
34.659356,36559,36.554,2251,4028.362256,4.028362256,4141.354626,-0.027283915
34.706988,36609,36.604,2260,4064.305177,4.064305177,4141.354626,-0.01860489
34.757004,36659,36.654,2250,4024.390244,4.024390244,4141.354626,-0.028243025
34.810069,36709,36.704,2258,4056.287425,4.056287425,4141.354626,-0.020540912
34.856986,36759,36.754,2265,4084.42623,4.08442623,4141.354626,-0.013746322
34.907015,36809,36.804,2270,4104.657534,4.104657534,4141.354626,-0.008861132
34.957001,36859,36.854,2263,4076.364629,4.076364629,4141.354626,-0.015692932
35.006976,36909,36.904,2255,4044.293478,4.044293478,4141.354626,-0.023437053
35.057002,36959,36.954,2256,4048.287113,4.048287113,4141.354626,-0.022472722
35.117579,37009,37.004,2243,3996.706263,3.996706263,4141.354626,-0.034927789
35.156998,37059,37.054,2240,3984.90566,3.98490566,4141.354626,-0.037777244
35.206996,37109,37.104,2237,3973.143165,3.973143165,4141.354626,-0.040617497
35.260292,37159,37.154,2228,3938.082485,3.938082485,4141.354626,-0.04908349
35.307038,37209,37.204,2235,3965.322581,3.965322581,4141.354626,-0.042505909
35.357014,37259,37.254,2240,3984.90566,3.98490566,4141.354626,-0.037777244
35.407001,37309,37.304,2256,4048.287113,4.048287113,4141.354626,-0.022472722
35.456985,37359,37.354,2257,4052.285092,4.052285092,4141.354626,-0.021507343
35.50733,37409,37.404,2269,4100.60241,4.10060241,4141.354626,-0.009840311
35.556993,37459,37.454,2238,3977.059774,3.977059774,4141.354626,-0.039671766
35.606943,37509,37.504,2238,3977.059774,3.977059774,4141.354626,-0.039671766
35.656993,37559,37.554,2244,4000.648298,4.000648298,4141.354626,-0.033975919
35.707014,37609,37.604,2234,3961.418592,3.961418592,4141.354626,-0.043448593
35.763891,37659,37.654,2240,3984.90566,3.98490566,4141.354626,-0.037777244
35.807008,37709,37.704,2239,3980.980603,3.980980603,4141.354626,-0.038725016
35.857014,37759,37.754,2246,4008.54516,4.00854516,4141.354626,-0.032069088
35.906983,37809,37.804,2244,4000.648298,4.000648298,4141.354626,-0.033975919
35.956954,37859,37.854,2248,4016.459123,4.016459123,4141.354626,-0.030158128
36.006933,37909,37.904,2253,4036.319218,4.036319218,4141.354626,-0.025362573
36.056974,37959,37.954,2258,4056.287425,4.056287425,4141.354626,-0.020540912
36.107004,38009,38.004,2261,4068.320611,4.068320611,4141.354626,-0.017635296
36.157384,38059,38.054,2243,3996.706263,3.996706263,4141.354626,-0.034927789
36.207004,38109,38.104,2266,4088.463641,4.088463641,4141.354626,-0.012771421
36.256892,38159,38.154,2253,4036.319218,4.036319218,4141.354626,-0.025362573
36.306986,38209,38.204,2241,3988.834951,3.988834951,4141.354626,-0.036828451
36.356984,38259,38.254,2242,3992.768484,3.992768484,4141.354626,-0.035878633
36.413675,38309,38.304,2232,3953.623188,3.953623188,4141.354626,-0.045330925
36.457014,38359,38.354,2236,3969.230769,3.969230769,4141.354626,-0.041562211
36.506967,38409,38.404,2223,3918.75,3.91875,4141.354626,-0.053751645
36.556977,38459,38.454,2224,3922.608231,3.922608231,4141.354626,-0.05282001
36.607017,38509,38.504,2248,4016.459123,4.016459123,4141.354626,-0.030158128
36.659239,38559,38.554,2248,4016.459123,4.016459123,4141.354626,-0.030158128
36.706968,38609,38.604,2281,4149.558986,4.149558986,4141.354626,0.001981081
36.756977,38659,38.654,2250,4024.390244,4.024390244,4141.354626,-0.028243025
36.807031,38709,38.704,2234,3961.418592,3.961418592,4141.354626,-0.043448593
36.85698,38759,38.754,2234,3961.418592,3.961418592,4141.354626,-0.043448593
36.915177,38809,38.804,2236,3969.230769,3.969230769,4141.354626,-0.041562211
36.956985,38859,38.854,2227,3934.207709,3.934207709,4141.354626,-0.050019121
37.01266,38909,38.904,2240,3984.90566,3.98490566,4141.354626,-0.037777244
37.056981,38959,38.954,2234,3961.418592,3.961418592,4141.354626,-0.043448593
37.106983,39009,39.004,2235,3965.322581,3.965322581,4141.354626,-0.042505909
37.158583,39059,39.054,2248,4016.459123,4.016459123,4141.354626,-0.030158128
37.207015,39109,39.104,2254,4040.304183,4.040304183,4141.354626,-0.024400336
37.256987,39159,39.154,2259,4060.294118,4.060294118,4141.354626,-0.019573428
37.306966,39209,39.204,2268,4096.551724,4.096551724,4141.354626,-0.010818417
37.356959,39259,39.254,2259,4060.294118,4.060294118,4141.354626,-0.019573428
37.417451,39309,39.304,2251,4028.362256,4.028362256,4141.354626,-0.027283915
37.456933,39359,39.354,2246,4008.54516,4.00854516,4141.354626,-0.032069088
37.506951,39409,39.404,2239,3980.980603,3.980980603,4141.354626,-0.038725016
37.559075,39459,39.454,2234,3961.418592,3.961418592,4141.354626,-0.043448593
37.606966,39509,39.504,2239,3980.980603,3.980980603,4141.354626,-0.038725016
37.656976,39559,39.554,2232,3953.623188,3.953623188,4141.354626,-0.045330925
37.706969,39609,39.604,2223,3918.75,3.91875,4141.354626,-0.053751645
37.761454,39659,39.654,2225,3926.470588,3.926470588,4141.354626,-0.051887379
37.80695,39709,39.704,2252,4032.338578,4.032338578,4141.354626,-0.026323765
37.856964,39759,39.754,2235,3965.322581,3.965322581,4141.354626,-0.042505909
37.906984,39809,39.804,2266,4088.463641,4.088463641,4141.354626,-0.012771421
37.965549,39859,39.854,2252,4032.338578,4.032338578,4141.354626,-0.026323765
38.006951,39909,39.904,2230,3945.844504,3.945844504,4141.354626,-0.04720922
38.056954,39959,39.954,2239,3980.980603,3.980980603,4141.354626,-0.038725016
38.106947,40009,40.004,2241,3988.834951,3.988834951,4141.354626,-0.036828451
38.156962,40059,40.054,2218,3899.520511,3.899520511,4141.354626,-0.05839493
38.206965,40109,40.104,2249,4020.422535,4.020422535,4141.354626,-0.029201095
38.256981,40159,40.154,2233,3957.518797,3.957518797,4141.354626,-0.044390265
38.306897,40209,40.204,2249,4020.422535,4.020422535,4141.354626,-0.029201095
38.35697,40259,40.254,2248,4016.459123,4.016459123,4141.354626,-0.030158128
38.406996,40309,40.304,2252,4032.338578,4.032338578,4141.354626,-0.026323765
38.456961,40359,40.354,2250,4024.390244,4.024390244,4141.354626,-0.028243025
38.506949,40409,40.404,2259,4060.294118,4.060294118,4141.354626,-0.019573428
38.55693,40459,40.454,2257,4052.285092,4.052285092,4141.354626,-0.021507343
38.615826,40509,40.504,2257,4052.285092,4.052285092,4141.354626,-0.021507343
38.656935,40559,40.554,2257,4052.285092,4.052285092,4141.354626,-0.021507343
38.706892,40609,40.604,2247,4012.5,4.0125,4141.354626,-0.031114125
38.757,40659,40.654,2238,3977.059774,3.977059774,4141.354626,-0.039671766
38.806888,40709,40.704,2223,3918.75,3.91875,4141.354626,-0.053751645
38.856963,40759,40.754,2235,3965.322581,3.965322581,4141.354626,-0.042505909
38.906966,40809,40.804,2223,3918.75,3.91875,4141.354626,-0.053751645
38.957004,40859,40.854,2223,3918.75,3.91875,4141.354626,-0.053751645
39.006948,40909,40.904,2248,4016.459123,4.016459123,4141.354626,-0.030158128
39.056925,40959,40.954,2246,4008.54516,4.00854516,4141.354626,-0.032069088
39.114639,41009,41.004,2276,4129.081913,4.129081913,4141.354626,-0.002963454
39.156977,41059,41.054,2261,4068.320611,4.068320611,4141.354626,-0.017635296
39.206926,41109,41.104,2223,3918.75,3.91875,4141.354626,-0.053751645
39.256994,41159,41.154,2203,3842.44186,3.84244186,4141.354626,-0.072177534
39.306889,41209,41.204,2244,4000.648298,4.000648298,4141.354626,-0.033975919
39.356979,41259,41.254,2239,3980.980603,3.980980603,4141.354626,-0.038725016
39.406958,41309,41.304,2251,4028.362256,4.028362256,4141.354626,-0.027283915
39.457891,41359,41.354,2236,3969.230769,3.969230769,4141.354626,-0.041562211
39.506942,41409,41.404,2238,3977.059774,3.977059774,4141.354626,-0.039671766
39.556989,41459,41.454,2245,4004.594595,4.004594595,4141.354626,-0.033023019
39.607014,41509,41.504,2247,4012.5,4.0125,4141.354626,-0.031114125
39.656967,41559,41.554,2251,4028.362256,4.028362256,4141.354626,-0.027283915
39.706977,41609,41.604,2256,4048.287113,4.048287113,4141.354626,-0.022472722
39.765855,41659,41.654,2256,4048.287113,4.048287113,4141.354626,-0.022472722
39.807015,41709,41.704,2246,4008.54516,4.00854516,4141.354626,-0.032069088
39.856926,41759,41.754,2234,3961.418592,3.961418592,4141.354626,-0.043448593
39.906981,41809,41.804,2239,3980.980603,3.980980603,4141.354626,-0.038725016
39.956973,41859,41.854,2240,3984.90566,3.98490566,4141.354626,-0.037777244
40.006953,41909,41.904,2236,3969.230769,3.969230769,4141.354626,-0.041562211
40.056962,41959,41.954,2230,3945.844504,3.945844504,4141.354626,-0.04720922
40.107027,42009,42.004,2226,3930.337079,3.930337079,4141.354626,-0.05095375
40.166563,42059,42.054,2238,3977.059774,3.977059774,4141.354626,-0.039671766
40.206972,42109,42.104,2247,4012.5,4.0125,4141.354626,-0.031114125
40.256988,42159,42.154,2242,3992.768484,3.992768484,4141.354626,-0.035878633
40.306904,42209,42.204,2252,4032.338578,4.032338578,4141.354626,-0.026323765
40.356986,42259,42.254,2261,4068.320611,4.068320611,4141.354626,-0.017635296
40.406968,42309,42.304,2254,4040.304183,4.040304183,4141.354626,-0.024400336
40.458326,42359,42.354,2229,3941.961415,3.941961415,4141.354626,-0.048146857
40.506948,42409,42.404,2243,3996.706263,3.996706263,4141.354626,-0.034927789
40.556984,42459,42.454,2231,3949.73176,3.94973176,4141.354626,-0.046270576
40.606979,42509,42.504,2243,3996.706263,3.996706263,4141.354626,-0.034927789
40.656991,42559,42.554,2239,3980.980603,3.980980603,4141.354626,-0.038725016
40.71268,42609,42.604,2247,4012.5,4.0125,4141.354626,-0.031114125
40.756953,42659,42.654,2241,3988.834951,3.988834951,4141.354626,-0.036828451
40.806942,42709,42.704,2254,4040.304183,4.040304183,4141.354626,-0.024400336
40.859518,42759,42.754,2248,4016.459123,4.016459123,4141.354626,-0.030158128
40.906945,42809,42.804,2249,4020.422535,4.020422535,4141.354626,-0.029201095
40.956898,42859,42.854,2266,4088.463641,4.088463641,4141.354626,-0.012771421
41.006954,42909,42.904,2262,4072.340426,4.072340426,4141.354626,-0.016664644
41.056958,42959,42.954,2252,4032.338578,4.032338578,4141.354626,-0.026323765
41.10693,43009,43.004,2253,4036.319218,4.036319218,4141.354626,-0.025362573
41.156986,43059,43.054,2244,4000.648298,4.000648298,4141.354626,-0.033975919
41.207685,43109,43.104,2240,3984.90566,3.98490566,4141.354626,-0.037777244
41.25698,43159,43.154,2236,3969.230769,3.969230769,4141.354626,-0.041562211
41.306987,43209,43.204,2237,3973.143165,3.973143165,4141.354626,-0.040617497
41.365208,43259,43.254,2232,3953.623188,3.953623188,4141.354626,-0.045330925
41.406971,43309,43.304,2225,3926.470588,3.926470588,4141.354626,-0.051887379
41.456958,43359,43.354,2239,3980.980603,3.980980603,4141.354626,-0.038725016
41.506948,43409,43.404,2247,4012.5,4.0125,4141.354626,-0.031114125
41.556939,43459,43.454,2263,4076.364629,4.076364629,4141.354626,-0.015692932
41.606991,43509,43.504,2260,4064.305177,4.064305177,4141.354626,-0.01860489
41.666169,43559,43.554,2226,3930.337079,3.930337079,4141.354626,-0.05095375
41.706964,43609,43.604,2224,3922.608231,3.922608231,4141.354626,-0.05282001
41.756978,43659,43.654,2236,3969.230769,3.969230769,4141.354626,-0.041562211
41.806989,43709,43.704,2226,3930.337079,3.930337079,4141.354626,-0.05095375
41.856971,43759,43.754,2236,3969.230769,3.969230769,4141.354626,-0.041562211
41.90697,43809,43.804,2233,3957.518797,3.957518797,4141.354626,-0.044390265
41.966314,43859,43.854,2244,4000.648298,4.000648298,4141.354626,-0.033975919
42.006909,43909,43.904,2242,3992.768484,3.992768484,4141.354626,-0.035878633
42.056929,43959,43.954,2251,4028.362256,4.028362256,4141.354626,-0.027283915
42.107909,44009,44.004,2252,4032.338578,4.032338578,4141.354626,-0.026323765
42.156963,44059,44.054,2258,4056.287425,4.056287425,4141.354626,-0.020540912
42.20692,44109,44.104,2246,4008.54516,4.00854516,4141.354626,-0.032069088
42.256976,44159,44.154,2240,3984.90566,3.98490566,4141.354626,-0.037777244
42.306879,44209,44.204,2248,4016.459123,4.016459123,4141.354626,-0.030158128
42.356951,44259,44.254,2243,3996.706263,3.996706263,4141.354626,-0.034927789
42.406944,44309,44.304,2236,3969.230769,3.969230769,4141.354626,-0.041562211
42.456984,44359,44.354,2237,3973.143165,3.973143165,4141.354626,-0.040617497
42.506954,44409,44.404,2218,3899.520511,3.899520511,4141.354626,-0.05839493
42.563993,44459,44.454,2218,3899.520511,3.899520511,4141.354626,-0.05839493
42.606955,44509,44.504,2228,3938.082485,3.938082485,4141.354626,-0.04908349
42.656938,44559,44.554,2226,3930.337079,3.930337079,4141.354626,-0.05095375
42.708344,44609,44.604,2245,4004.594595,4.004594595,4141.354626,-0.033023019
42.75695,44659,44.654,2254,4040.304183,4.040304183,4141.354626,-0.024400336
42.807178,44709,44.704,2247,4012.5,4.0125,4141.354626,-0.031114125
42.856982,44759,44.754,2227,3934.207709,3.934207709,4141.354626,-0.050019121
42.906983,44809,44.804,2194,3808.627038,3.808627038,4141.354626,-0.080342694
42.95699,44859,44.854,2224,3922.608231,3.922608231,4141.354626,-0.05282001
43.015487,44909,44.904,2223,3918.75,3.91875,4141.354626,-0.053751645
43.056957,44959,44.954,2226,3930.337079,3.930337079,4141.354626,-0.05095375
43.106954,45009,45.004,2230,3945.844504,3.945844504,4141.354626,-0.04720922
43.156974,45059,45.054,2242,3992.768484,3.992768484,4141.354626,-0.035878633
43.206957,45109,45.104,2247,4012.5,4.0125,4141.354626,-0.031114125
43.25691,45159,45.154,2244,4000.648298,4.000648298,4141.354626,-0.033975919
43.306997,45209,45.204,2247,4012.5,4.0125,4141.354626,-0.031114125
43.356898,45259,45.254,2256,4048.287113,4.048287113,4141.354626,-0.022472722
43.406977,45309,45.304,2260,4064.305177,4.064305177,4141.354626,-0.01860489
43.45696,45359,45.354,2259,4060.294118,4.060294118,4141.354626,-0.019573428
43.50694,45409,45.404,2246,4008.54516,4.00854516,4141.354626,-0.032069088
43.556976,45459,45.454,2243,3996.706263,3.996706263,4141.354626,-0.034927789
43.611853,45509,45.504,2236,3969.230769,3.969230769,4141.354626,-0.041562211
43.656971,45559,45.554,2260,4064.305177,4.064305177,4141.354626,-0.01860489
43.706964,45609,45.604,2239,3980.980603,3.980980603,4141.354626,-0.038725016
43.75687,45659,45.654,2227,3934.207709,3.934207709,4141.354626,-0.050019121
43.806985,45709,45.704,2233,3957.518797,3.957518797,4141.354626,-0.044390265
43.856861,45759,45.754,2230,3945.844504,3.945844504,4141.354626,-0.04720922
43.906977,45809,45.804,2239,3980.980603,3.980980603,4141.354626,-0.038725016
43.956966,45859,45.854,2227,3934.207709,3.934207709,4141.354626,-0.050019121
44.007994,45909,45.904,2251,4028.362256,4.028362256,4141.354626,-0.027283915
44.05694,45959,45.954,2248,4016.459123,4.016459123,4141.354626,-0.030158128
44.106937,46009,46.004,2226,3930.337079,3.930337079,4141.354626,-0.05095375
44.156996,46059,46.054,2223,3918.75,3.91875,4141.354626,-0.053751645
44.206971,46109,46.104,2231,3949.73176,3.94973176,4141.354626,-0.046270576
44.262183,46159,46.154,2240,3984.90566,3.98490566,4141.354626,-0.037777244
44.306978,46209,46.204,2233,3957.518797,3.957518797,4141.354626,-0.044390265
44.356986,46259,46.254,2237,3973.143165,3.973143165,4141.354626,-0.040617497
44.406941,46309,46.304,2249,4020.422535,4.020422535,4141.354626,-0.029201095
44.456995,46359,46.354,2249,4020.422535,4.020422535,4141.354626,-0.029201095
44.507174,46409,46.404,2244,4000.648298,4.000648298,4141.354626,-0.033975919
44.556957,46459,46.454,2284,4161.899503,4.161899503,4141.354626,0.004960908
44.606977,46509,46.504,2264,4080.393228,4.080393228,4141.354626,-0.014720159
44.656954,46559,46.554,2249,4020.422535,4.020422535,4141.354626,-0.029201095
44.70696,46609,46.604,2248,4016.459123,4.016459123,4141.354626,-0.030158128
44.756969,46659,46.654,2245,4004.594595,4.004594595,4141.354626,-0.033023019
44.815652,46709,46.704,2238,3977.059774,3.977059774,4141.354626,-0.039671766
44.856937,46759,46.754,2229,3941.961415,3.941961415,4141.354626,-0.048146857
44.906948,46809,46.804,2239,3980.980603,3.980980603,4141.354626,-0.038725016
44.95689,46859,46.854,2242,3992.768484,3.992768484,4141.354626,-0.035878633
45.006926,46909,46.904,2228,3938.082485,3.938082485,4141.354626,-0.04908349
45.056984,46959,46.954,2217,3895.686901,3.895686901,4141.354626,-0.05932062
45.106927,47009,47.004,2227,3934.207709,3.934207709,4141.354626,-0.050019121
45.156962,47059,47.054,2237,3973.143165,3.973143165,4141.354626,-0.040617497
45.206946,47109,47.104,2261,4068.320611,4.068320611,4141.354626,-0.017635296
45.257011,47159,47.154,2242,3992.768484,3.992768484,4141.354626,-0.035878633
45.306945,47209,47.204,2217,3895.686901,3.895686901,4141.354626,-0.05932062
45.356963,47259,47.254,2207,3857.574153,3.857574153,4141.354626,-0.068523587
45.416005,47309,47.304,2248,4016.459123,4.016459123,4141.354626,-0.030158128
45.456915,47359,47.354,2223,3918.75,3.91875,4141.354626,-0.053751645
45.506885,47409,47.404,2237,3973.143165,3.973143165,4141.354626,-0.040617497
45.556884,47459,47.454,2223,3918.75,3.91875,4141.354626,-0.053751645
45.606937,47509,47.504,2243,3996.706263,3.996706263,4141.354626,-0.034927789
45.656909,47559,47.554,2257,4052.285092,4.052285092,4141.354626,-0.021507343
45.706939,47609,47.604,2236,3969.230769,3.969230769,4141.354626,-0.041562211
45.756868,47659,47.654,2245,4004.594595,4.004594595,4141.354626,-0.033023019
45.806957,47709,47.704,2249,4020.422535,4.020422535,4141.354626,-0.029201095
45.856995,47759,47.754,2256,4048.287113,4.048287113,4141.354626,-0.022472722
45.90691,47809,47.804,2242,3992.768484,3.992768484,4141.354626,-0.035878633
45.956965,47859,47.854,2246,4008.54516,4.00854516,4141.354626,-0.032069088
46.015474,47909,47.904,2253,4036.319218,4.036319218,4141.354626,-0.025362573
46.056957,47959,47.954,2226,3930.337079,3.930337079,4141.354626,-0.05095375
46.106977,48009,48.004,2210,3868.965517,3.868965517,4141.354626,-0.065772949
46.157044,48059,48.054,2220,3907.2,3.9072,4141.354626,-0.056540588
46.20697,48109,48.104,2232,3953.623188,3.953623188,4141.354626,-0.045330925
46.257003,48159,48.154,2237,3973.143165,3.973143165,4141.354626,-0.040617497
46.306922,48209,48.204,2226,3930.337079,3.930337079,4141.354626,-0.05095375
46.356945,48259,48.254,2230,3945.844504,3.945844504,4141.354626,-0.04720922
46.406964,48309,48.304,2259,4060.294118,4.060294118,4141.354626,-0.019573428
46.465471,48359,48.354,2248,4016.459123,4.016459123,4141.354626,-0.030158128
46.506922,48409,48.404,2231,3949.73176,3.94973176,4141.354626,-0.046270576
46.556891,48459,48.454,2203,3842.44186,3.84244186,4141.354626,-0.072177534
46.606919,48509,48.504,2224,3922.608231,3.922608231,4141.354626,-0.05282001
46.656917,48559,48.554,2235,3965.322581,3.965322581,4141.354626,-0.042505909
46.712355,48609,48.604,2236,3969.230769,3.969230769,4141.354626,-0.041562211
46.756936,48659,48.654,2226,3930.337079,3.930337079,4141.354626,-0.05095375
46.806885,48709,48.704,2239,3980.980603,3.980980603,4141.354626,-0.038725016
46.856886,48759,48.754,2249,4020.422535,4.020422535,4141.354626,-0.029201095
46.906941,48809,48.804,2254,4040.304183,4.040304183,4141.354626,-0.024400336
46.956997,48859,48.854,2246,4008.54516,4.00854516,4141.354626,-0.032069088
47.006931,48909,48.904,2253,4036.319218,4.036319218,4141.354626,-0.025362573
47.064077,48959,48.954,2252,4032.338578,4.032338578,4141.354626,-0.026323765
47.106902,49009,49.004,2256,4048.287113,4.048287113,4141.354626,-0.022472722
47.156967,49059,49.054,2255,4044.293478,4.044293478,4141.354626,-0.023437053
47.206871,49109,49.104,2235,3965.322581,3.965322581,4141.354626,-0.042505909
47.256926,49159,49.154,2230,3945.844504,3.945844504,4141.354626,-0.04720922
47.306951,49209,49.204,2228,3938.082485,3.938082485,4141.354626,-0.04908349
47.356967,49259,49.254,2226,3930.337079,3.930337079,4141.354626,-0.05095375
47.40696,49309,49.304,2236,3969.230769,3.969230769,4141.354626,-0.041562211
47.462726,49359,49.354,2220,3907.2,3.9072,4141.354626,-0.056540588
47.50692,49409,49.404,2225,3926.470588,3.926470588,4141.354626,-0.051887379
47.556958,49459,49.454,2237,3973.143165,3.973143165,4141.354626,-0.040617497
47.606935,49509,49.504,2250,4024.390244,4.024390244,4141.354626,-0.028243025
47.656983,49559,49.554,2255,4044.293478,4.044293478,4141.354626,-0.023437053
47.706878,49609,49.604,2244,4000.648298,4.000648298,4141.354626,-0.033975919
47.756946,49659,49.654,2225,3926.470588,3.926470588,4141.354626,-0.051887379
47.806872,49709,49.704,2212,3876.579926,3.876579926,4141.354626,-0.063934322
47.8569,49759,49.754,2230,3945.844504,3.945844504,4141.354626,-0.04720922
47.906933,49809,49.804,2232,3953.623188,3.953623188,4141.354626,-0.045330925
47.95691,49859,49.854,2227,3934.207709,3.934207709,4141.354626,-0.050019121
48.006867,49909,49.904,2224,3922.608231,3.922608231,4141.354626,-0.05282001
48.056924,49959,49.954,2239,3980.980603,3.980980603,4141.354626,-0.038725016
48.115486,50009,50.004,2249,4020.422535,4.020422535,4141.354626,-0.029201095
48.156937,50059,50.054,2244,4000.648298,4.000648298,4141.354626,-0.033975919
48.206953,50109,50.104,2267,4092.50547,4.09250547,4141.354626,-0.011795453
48.256942,50159,50.154,2261,4068.320611,4.068320611,4141.354626,-0.017635296
48.306925,50209,50.204,2256,4048.287113,4.048287113,4141.354626,-0.022472722
48.357018,50259,50.254,2251,4028.362256,4.028362256,4141.354626,-0.027283915
48.406954,50309,50.304,2245,4004.594595,4.004594595,4141.354626,-0.033023019
48.456954,50359,50.354,2242,3992.768484,3.992768484,4141.354626,-0.035878633
48.506969,50409,50.404,2227,3934.207709,3.934207709,4141.354626,-0.050019121
48.56749,50459,50.454,2226,3930.337079,3.930337079,4141.354626,-0.05095375
48.606945,50509,50.504,2239,3980.980603,3.980980603,4141.354626,-0.038725016
48.656956,50559,50.554,2225,3926.470588,3.926470588,4141.354626,-0.051887379
48.707642,50609,50.604,2233,3957.518797,3.957518797,4141.354626,-0.044390265
48.756942,50659,50.654,2227,3934.207709,3.934207709,4141.354626,-0.050019121
48.806969,50709,50.704,2232,3953.623188,3.953623188,4141.354626,-0.045330925
48.85875,50759,50.754,2264,4080.393228,4.080393228,4141.354626,-0.014720159
48.906955,50809,50.804,2240,3984.90566,3.98490566,4141.354626,-0.037777244
48.956975,50859,50.854,2223,3918.75,3.91875,4141.354626,-0.053751645
49.00693,50909,50.904,2217,3895.686901,3.895686901,4141.354626,-0.05932062
49.056948,50959,50.954,2221,3911.045891,3.911045891,4141.354626,-0.055611933
49.106897,51009,51.004,2222,3914.895889,3.914895889,4141.354626,-0.054682286
49.165058,51059,51.054,2219,3903.358209,3.903358209,4141.354626,-0.057468253
49.206975,51109,51.104,2251,4028.362256,4.028362256,4141.354626,-0.027283915
49.257205,51159,51.154,2252,4032.338578,4.032338578,4141.354626,-0.026323765
49.306966,51209,51.204,2240,3984.90566,3.98490566,4141.354626,-0.037777244
49.356937,51259,51.254,2247,4012.5,4.0125,4141.354626,-0.031114125
49.408778,51309,51.304,2248,4016.459123,4.016459123,4141.354626,-0.030158128
49.456951,51359,51.354,2255,4044.293478,4.044293478,4141.354626,-0.023437053
49.506916,51409,51.404,2253,4036.319218,4.036319218,4141.354626,-0.025362573
49.556935,51459,51.454,2252,4032.338578,4.032338578,4141.354626,-0.026323765
49.60692,51509,51.504,2242,3992.768484,3.992768484,4141.354626,-0.035878633
49.656982,51559,51.554,2228,3938.082485,3.938082485,4141.354626,-0.04908349
49.706952,51609,51.604,2224,3922.608231,3.922608231,4141.354626,-0.05282001
49.763889,51659,51.654,2235,3965.322581,3.965322581,4141.354626,-0.042505909
49.806933,51709,51.704,2242,3992.768484,3.992768484,4141.354626,-0.035878633
49.857011,51759,51.754,2212,3876.579926,3.876579926,4141.354626,-0.063934322
49.908194,51809,51.804,2221,3911.045891,3.911045891,4141.354626,-0.055611933
49.956862,51859,51.854,2222,3914.895889,3.914895889,4141.354626,-0.054682286
50.006866,51909,51.904,2230,3945.844504,3.945844504,4141.354626,-0.04720922
50.0569,51959,51.954,2243,3996.706263,3.996706263,4141.354626,-0.034927789
50.106942,52009,52.004,2236,3969.230769,3.969230769,4141.354626,-0.041562211
50.157709,52059,52.054,2231,3949.73176,3.94973176,4141.354626,-0.046270576
50.206932,52109,52.104,2218,3899.520511,3.899520511,4141.354626,-0.05839493
50.256963,52159,52.154,2218,3899.520511,3.899520511,4141.354626,-0.05839493
50.316512,52209,52.204,2224,3922.608231,3.922608231,4141.354626,-0.05282001
50.356937,52259,52.254,2228,3938.082485,3.938082485,4141.354626,-0.04908349
50.406952,52309,52.304,2237,3973.143165,3.973143165,4141.354626,-0.040617497
50.45837,52359,52.354,2224,3922.608231,3.922608231,4141.354626,-0.05282001
50.506917,52409,52.404,2236,3969.230769,3.969230769,4141.354626,-0.041562211
50.557017,52459,52.454,2241,3988.834951,3.988834951,4141.354626,-0.036828451
50.606971,52509,52.504,2251,4028.362256,4.028362256,4141.354626,-0.027283915
50.656944,52559,52.554,2258,4056.287425,4.056287425,4141.354626,-0.020540912
50.706967,52609,52.604,2254,4040.304183,4.040304183,4141.354626,-0.024400336
50.767375,52659,52.654,2253,4036.319218,4.036319218,4141.354626,-0.025362573
50.806889,52709,52.704,2244,4000.648298,4.000648298,4141.354626,-0.033975919
50.856912,52759,52.754,2236,3969.230769,3.969230769,4141.354626,-0.041562211
50.908301,52809,52.804,2222,3914.895889,3.914895889,4141.354626,-0.054682286
50.956916,52859,52.854,2233,3957.518797,3.957518797,4141.354626,-0.044390265
51.008562,52909,52.904,2232,3953.623188,3.953623188,4141.354626,-0.045330925
51.056949,52959,52.954,2231,3949.73176,3.94973176,4141.354626,-0.046270576
51.106917,53009,53.004,2217,3895.686901,3.895686901,4141.354626,-0.05932062
51.156966,53059,53.054,2216,3891.857371,3.891857371,4141.354626,-0.060245325
51.20694,53109,53.104,2236,3969.230769,3.969230769,4141.354626,-0.041562211
51.264592,53159,53.154,2246,4008.54516,4.00854516,4141.354626,-0.032069088
51.306939,53209,53.204,2251,4028.362256,4.028362256,4141.354626,-0.027283915
51.356936,53259,53.254,2242,3992.768484,3.992768484,4141.354626,-0.035878633
51.408085,53309,53.304,2213,3880.393199,3.880393199,4141.354626,-0.063013543
51.456927,53359,53.354,2202,3838.66878,3.83866878,4141.354626,-0.073088608
51.506911,53409,53.404,2224,3922.608231,3.922608231,4141.354626,-0.05282001
51.556955,53459,53.454,2222,3914.895889,3.914895889,4141.354626,-0.054682286
51.606928,53509,53.504,2228,3938.082485,3.938082485,4141.354626,-0.04908349
51.657298,53559,53.554,2237,3973.143165,3.973143165,4141.354626,-0.040617497
51.706929,53609,53.604,2205,3850.0,3.85,4141.354626,-0.070352494
51.756929,53659,53.654,2232,3953.623188,3.953623188,4141.354626,-0.045330925
51.809319,53709,53.704,2253,4036.319218,4.036319218,4141.354626,-0.025362573
51.856922,53759,53.754,2253,4036.319218,4.036319218,4141.354626,-0.025362573
51.906956,53809,53.804,2253,4036.319218,4.036319218,4141.354626,-0.025362573
51.966132,53859,53.854,2247,4012.5,4.0125,4141.354626,-0.031114125
52.0069,53909,53.904,2253,4036.319218,4.036319218,4141.354626,-0.025362573
52.056947,53959,53.954,2236,3969.230769,3.969230769,4141.354626,-0.041562211
52.108818,54009,54.004,2224,3922.608231,3.922608231,4141.354626,-0.05282001
52.156938,54059,54.054,2224,3922.608231,3.922608231,4141.354626,-0.05282001
52.206909,54109,54.104,2230,3945.844504,3.945844504,4141.354626,-0.04720922
52.259151,54159,54.154,2230,3945.844504,3.945844504,4141.354626,-0.04720922
52.306938,54209,54.204,2215,3888.031915,3.888031915,4141.354626,-0.061169046
52.356958,54259,54.254,2216,3891.857371,3.891857371,4141.354626,-0.060245325
52.406892,54309,54.304,2244,4000.648298,4.000648298,4141.354626,-0.033975919
52.45694,54359,54.354,2235,3965.322581,3.965322581,4141.354626,-0.042505909
52.516927,54409,54.404,2247,4012.5,4.0125,4141.354626,-0.031114125
52.556932,54459,54.454,2236,3969.230769,3.969230769,4141.354626,-0.041562211
52.60692,54509,54.504,2218,3899.520511,3.899520511,4141.354626,-0.05839493
52.658412,54559,54.554,2212,3876.579926,3.876579926,4141.354626,-0.063934322
52.706946,54609,54.604,2211,3872.770701,3.872770701,4141.354626,-0.064854124
52.757031,54659,54.654,2221,3911.045891,3.911045891,4141.354626,-0.055611933
52.806882,54709,54.704,2200,3831.134565,3.831134565,4141.354626,-0.074907872
52.856968,54759,54.754,2236,3969.230769,3.969230769,4141.354626,-0.041562211
52.90692,54809,54.804,2238,3977.059774,3.977059774,4141.354626,-0.039671766
52.956946,54859,54.854,2231,3949.73176,3.94973176,4141.354626,-0.046270576
53.015464,54909,54.904,2250,4024.390244,4.024390244,4141.354626,-0.028243025
53.056958,54959,54.954,2257,4052.285092,4.052285092,4141.354626,-0.021507343
53.106895,55009,55.004,2260,4064.305177,4.064305177,4141.354626,-0.01860489
53.158143,55059,55.054,2256,4048.287113,4.048287113,4141.354626,-0.022472722
53.206939,55109,55.104,2226,3930.337079,3.930337079,4141.354626,-0.05095375
53.258262,55159,55.154,2238,3977.059774,3.977059774,4141.354626,-0.039671766
53.306932,55209,55.204,2228,3938.082485,3.938082485,4141.354626,-0.04908349
53.357004,55259,55.254,2230,3945.844504,3.945844504,4141.354626,-0.04720922
53.409753,55309,55.304,2227,3934.207709,3.934207709,4141.354626,-0.050019121
53.456913,55359,55.354,2232,3953.623188,3.953623188,4141.354626,-0.045330925
53.506915,55409,55.404,2216,3891.857371,3.891857371,4141.354626,-0.060245325
53.556924,55459,55.454,2218,3899.520511,3.899520511,4141.354626,-0.05839493
53.606919,55509,55.504,2224,3922.608231,3.922608231,4141.354626,-0.05282001
53.665111,55559,55.554,2226,3930.337079,3.930337079,4141.354626,-0.05095375
53.706916,55609,55.604,2247,4012.5,4.0125,4141.354626,-0.031114125
53.756947,55659,55.654,2248,4016.459123,4.016459123,4141.354626,-0.030158128
53.808722,55709,55.704,2223,3918.75,3.91875,4141.354626,-0.053751645
53.856931,55759,55.754,2217,3895.686901,3.895686901,4141.354626,-0.05932062
53.906937,55809,55.804,2215,3888.031915,3.888031915,4141.354626,-0.061169046
53.960804,55859,55.854,2208,3861.36725,3.86136725,4141.354626,-0.067607679
54.006935,55909,55.904,2233,3957.518797,3.957518797,4141.354626,-0.044390265
54.058521,55959,55.954,2224,3922.608231,3.922608231,4141.354626,-0.05282001
54.106907,56009,56.004,2232,3953.623188,3.953623188,4141.354626,-0.045330925
54.156923,56059,56.054,2236,3969.230769,3.969230769,4141.354626,-0.041562211
54.220037,56109,56.104,2236,3969.230769,3.969230769,4141.354626,-0.041562211
54.256913,56159,56.154,2254,4040.304183,4.040304183,4141.354626,-0.024400336
54.306907,56209,56.204,2269,4100.60241,4.10060241,4141.354626,-0.009840311
54.358345,56259,56.254,2261,4068.320611,4.068320611,4141.354626,-0.017635296
54.406961,56309,56.304,2256,4048.287113,4.048287113,4141.354626,-0.022472722
54.459417,56359,56.354,2239,3980.980603,3.980980603,4141.354626,-0.038725016
54.506904,56409,56.404,2245,4004.594595,4.004594595,4141.354626,-0.033023019
54.557013,56459,56.454,2229,3941.961415,3.941961415,4141.354626,-0.048146857
54.606935,56509,56.504,2233,3957.518797,3.957518797,4141.354626,-0.044390265
54.656913,56559,56.554,2237,3973.143165,3.973143165,4141.354626,-0.040617497
54.706915,56609,56.604,2216,3891.857371,3.891857371,4141.354626,-0.060245325
54.767738,56659,56.654,2216,3891.857371,3.891857371,4141.354626,-0.060245325
54.806869,56709,56.704,2219,3903.358209,3.903358209,4141.354626,-0.057468253
54.856898,56759,56.754,2238,3977.059774,3.977059774,4141.354626,-0.039671766
54.908325,56809,56.804,2236,3969.230769,3.969230769,4141.354626,-0.041562211
54.956941,56859,56.854,2258,4056.287425,4.056287425,4141.354626,-0.020540912
55.009526,56909,56.904,2240,3984.90566,3.98490566,4141.354626,-0.037777244
55.05691,56959,56.954,2217,3895.686901,3.895686901,4141.354626,-0.05932062
55.10698,57009,57.004,2220,3907.2,3.9072,4141.354626,-0.056540588
55.156951,57059,57.054,2223,3918.75,3.91875,4141.354626,-0.053751645
55.206948,57109,57.104,2218,3899.520511,3.899520511,4141.354626,-0.05839493
55.256942,57159,57.154,2224,3922.608231,3.922608231,4141.354626,-0.05282001
55.318468,57209,57.204,2230,3945.844504,3.945844504,4141.354626,-0.04720922
55.356951,57259,57.254,2249,4020.422535,4.020422535,4141.354626,-0.029201095
55.408289,57309,57.304,2231,3949.73176,3.94973176,4141.354626,-0.046270576
55.456906,57359,57.354,2239,3980.980603,3.980980603,4141.354626,-0.038725016
55.506935,57409,57.404,2257,4052.285092,4.052285092,4141.354626,-0.021507343
55.559758,57459,57.454,2264,4080.393228,4.080393228,4141.354626,-0.014720159
55.606943,57509,57.504,2252,4032.338578,4.032338578,4141.354626,-0.026323765
55.658139,57559,57.554,2242,3992.768484,3.992768484,4141.354626,-0.035878633
55.706842,57609,57.604,2241,3988.834951,3.988834951,4141.354626,-0.036828451
55.756956,57659,57.654,2243,3996.706263,3.996706263,4141.354626,-0.034927789
55.806955,57709,57.704,2226,3930.337079,3.930337079,4141.354626,-0.05095375
55.85691,57759,57.754,2239,3980.980603,3.980980603,4141.354626,-0.038725016
55.906915,57809,57.804,2217,3895.686901,3.895686901,4141.354626,-0.05932062
55.968474,57859,57.854,2210,3868.965517,3.868965517,4141.354626,-0.065772949
56.006901,57909,57.904,2212,3876.579926,3.876579926,4141.354626,-0.063934322
56.056897,57959,57.954,2227,3934.207709,3.934207709,4141.354626,-0.050019121
56.109817,58009,58.004,2216,3891.857371,3.891857371,4141.354626,-0.060245325
56.156958,58059,58.054,2247,4012.5,4.0125,4141.354626,-0.031114125
56.206888,58109,58.104,2241,3988.834951,3.988834951,4141.354626,-0.036828451
56.256988,58159,58.154,2213,3880.393199,3.880393199,4141.354626,-0.063013543
56.315864,58209,58.204,2215,3888.031915,3.888031915,4141.354626,-0.061169046
56.356934,58259,58.254,2213,3880.393199,3.880393199,4141.354626,-0.063013543
56.406949,58309,58.304,2213,3880.393199,3.880393199,4141.354626,-0.063013543
56.459696,58359,58.354,2205,3850.0,3.85,4141.354626,-0.070352494
56.506903,58409,58.404,2223,3918.75,3.91875,4141.354626,-0.053751645
56.557013,58459,58.454,2236,3969.230769,3.969230769,4141.354626,-0.041562211
56.610282,58509,58.504,2240,3984.90566,3.98490566,4141.354626,-0.037777244
56.656909,58559,58.554,2235,3965.322581,3.965322581,4141.354626,-0.042505909
56.706931,58609,58.604,2240,3984.90566,3.98490566,4141.354626,-0.037777244
56.75697,58659,58.654,2256,4048.287113,4.048287113,4141.354626,-0.022472722
56.806924,58709,58.704,2260,4064.305177,4.064305177,4141.354626,-0.01860489
56.856939,58759,58.754,2249,4020.422535,4.020422535,4141.354626,-0.029201095
56.911616,58809,58.804,2240,3984.90566,3.98490566,4141.354626,-0.037777244
56.95692,58859,58.854,2250,4024.390244,4.024390244,4141.354626,-0.028243025
57.016471,58909,58.904,2228,3938.082485,3.938082485,4141.354626,-0.04908349
57.05693,58959,58.954,2242,3992.768484,3.992768484,4141.354626,-0.035878633
57.106892,59009,59.004,2218,3899.520511,3.899520511,4141.354626,-0.05839493
57.161551,59059,59.054,2201,3834.899683,3.834899683,4141.354626,-0.07399872
57.206876,59109,59.104,2205,3850.0,3.85,4141.354626,-0.070352494
57.256909,59159,59.154,2216,3891.857371,3.891857371,4141.354626,-0.060245325
57.306929,59209,59.204,2220,3907.2,3.9072,4141.354626,-0.056540588
57.356927,59259,59.254,2244,4000.648298,4.000648298,4141.354626,-0.033975919
57.406912,59309,59.304,2250,4024.390244,4.024390244,4141.354626,-0.028243025
57.468606,59359,59.354,2224,3922.608231,3.922608231,4141.354626,-0.05282001
57.506901,59409,59.404,2218,3899.520511,3.899520511,4141.354626,-0.05839493
57.556922,59459,59.454,2205,3850.0,3.85,4141.354626,-0.070352494
57.610221,59509,59.504,2214,3884.210526,3.884210526,4141.354626,-0.062091785
57.656927,59559,59.554,2219,3903.358209,3.903358209,4141.354626,-0.057468253
57.709149,59609,59.604,2216,3891.857371,3.891857371,4141.354626,-0.060245325
57.756929,59659,59.654,2231,3949.73176,3.94973176,4141.354626,-0.046270576
57.806877,59709,59.704,2233,3957.518797,3.957518797,4141.354626,-0.044390265
57.85689,59759,59.754,2234,3961.418592,3.961418592,4141.354626,-0.043448593
57.906925,59809,59.804,2239,3980.980603,3.980980603,4141.354626,-0.038725016
57.966152,59859,59.854,2261,4068.320611,4.068320611,4141.354626,-0.017635296
58.006902,59909,59.904,2267,4092.50547,4.09250547,4141.354626,-0.011795453
58.056981,59959,59.954,2244,4000.648298,4.000648298,4141.354626,-0.033975919
58.110081,60009,60.004,2234,3961.418592,3.961418592,4141.354626,-0.043448593
58.15693,60059,60.054,2236,3969.230769,3.969230769,4141.354626,-0.041562211
58.206863,60109,60.104,2233,3957.518797,3.957518797,4141.354626,-0.044390265
58.262009,60159,60.154,2226,3930.337079,3.930337079,4141.354626,-0.05095375
58.306899,60209,60.204,2223,3918.75,3.91875,4141.354626,-0.053751645
58.360084,60259,60.254,2214,3884.210526,3.884210526,4141.354626,-0.062091785
58.406901,60309,60.304,2210,3868.965517,3.868965517,4141.354626,-0.065772949
58.456891,60359,60.354,2226,3930.337079,3.930337079,4141.354626,-0.05095375
58.506869,60409,60.404,2221,3911.045891,3.911045891,4141.354626,-0.055611933
58.556906,60459,60.454,2222,3914.895889,3.914895889,4141.354626,-0.054682286
58.620508,60509,60.504,2258,4056.287425,4.056287425,4141.354626,-0.020540912
58.656902,60559,60.554,2234,3961.418592,3.961418592,4141.354626,-0.043448593
58.706934,60609,60.604,2220,3907.2,3.9072,4141.354626,-0.056540588
58.760801,60659,60.654,2216,3891.857371,3.891857371,4141.354626,-0.060245325
58.806913,60709,60.704,2210,3868.965517,3.868965517,4141.354626,-0.065772949
58.856939,60759,60.754,2212,3876.579926,3.876579926,4141.354626,-0.063934322
58.911752,60809,60.804,2224,3922.608231,3.922608231,4141.354626,-0.05282001
58.95693,60859,60.854,2213,3880.393199,3.880393199,4141.354626,-0.063013543
59.006892,60909,60.904,2239,3980.980603,3.980980603,4141.354626,-0.038725016
59.056902,60959,60.954,2247,4012.5,4.0125,4141.354626,-0.031114125
59.106886,61009,61.004,2244,4000.648298,4.000648298,4141.354626,-0.033975919
59.169008,61059,61.054,2242,3992.768484,3.992768484,4141.354626,-0.035878633
59.206913,61109,61.104,2256,4048.287113,4.048287113,4141.354626,-0.022472722
59.260459,61159,61.154,2243,3996.706263,3.996706263,4141.354626,-0.034927789
59.306874,61209,61.204,2246,4008.54516,4.00854516,4141.354626,-0.032069088
59.356895,61259,61.254,2239,3980.980603,3.980980603,4141.354626,-0.038725016
59.41169,61309,61.304,2239,3980.980603,3.980980603,4141.354626,-0.038725016
59.456814,61359,61.354,2223,3918.75,3.91875,4141.354626,-0.053751645
59.506871,61409,61.404,2235,3965.322581,3.965322581,4141.354626,-0.042505909
59.556904,61459,61.454,2216,3891.857371,3.891857371,4141.354626,-0.060245325
59.606911,61509,61.504,2197,3819.863014,3.819863014,4141.354626,-0.077629578
59.667432,61559,61.554,2208,3861.36725,3.86136725,4141.354626,-0.067607679
59.706957,61609,61.604,2195,3812.368421,3.812368421,4141.354626,-0.079439274
59.760368,61659,61.654,2226,3930.337079,3.930337079,4141.354626,-0.05095375
59.806926,61709,61.704,2244,4000.648298,4.000648298,4141.354626,-0.033975919
59.856941,61759,61.754,2234,3961.418592,3.961418592,4141.354626,-0.043448593
59.912078,61809,61.804,2219,3903.358209,3.903358209,4141.354626,-0.057468253
59.956902,61859,61.854,2207,3857.574153,3.857574153,4141.354626,-0.068523587
60.012385,61909,61.904,2214,3884.210526,3.884210526,4141.354626,-0.062091785
60.056915,61959,61.954,2217,3895.686901,3.895686901,4141.354626,-0.05932062
60.10694,62009,62.004,2209,3865.164369,3.865164369,4141.354626,-0.066690801
60.156913,62059,62.054,2221,3911.045891,3.911045891,4141.354626,-0.055611933
60.206906,62109,62.104,2237,3973.143165,3.973143165,4141.354626,-0.040617497
60.256937,62159,62.154,2246,4008.54516,4.00854516,4141.354626,-0.032069088
60.319939,62209,62.204,2247,4012.5,4.0125,4141.354626,-0.031114125
60.356905,62259,62.254,2251,4028.362256,4.028362256,4141.354626,-0.027283915
60.406923,62309,62.304,2253,4036.319218,4.036319218,4141.354626,-0.025362573
60.461551,62359,62.354,2256,4048.287113,4.048287113,4141.354626,-0.022472722
60.506897,62409,62.404,2250,4024.390244,4.024390244,4141.354626,-0.028243025
60.556911,62459,62.454,2244,4000.648298,4.000648298,4141.354626,-0.033975919
60.606912,62509,62.504,2240,3984.90566,3.98490566,4141.354626,-0.037777244
60.656934,62559,62.554,2231,3949.73176,3.94973176,4141.354626,-0.046270576
60.71761,62609,62.604,2231,3949.73176,3.94973176,4141.354626,-0.046270576
60.756891,62659,62.654,2223,3918.75,3.91875,4141.354626,-0.053751645
60.806873,62709,62.704,2200,3831.134565,3.831134565,4141.354626,-0.074907872
60.861618,62759,62.754,2206,3853.785071,3.853785071,4141.354626,-0.069438524
60.906915,62809,62.804,2218,3899.520511,3.899520511,4141.354626,-0.05839493
60.960626,62859,62.854,2215,3888.031915,3.888031915,4141.354626,-0.061169046
61.006891,62909,62.904,2247,4012.5,4.0125,4141.354626,-0.031114125
61.056911,62959,62.954,2251,4028.362256,4.028362256,4141.354626,-0.027283915
61.112408,63009,63.004,2216,3891.857371,3.891857371,4141.354626,-0.060245325
61.156875,63059,63.054,2212,3876.579926,3.876579926,4141.354626,-0.063934322
61.206885,63109,63.104,2214,3884.210526,3.884210526,4141.354626,-0.062091785
61.2569,63159,63.154,2220,3907.2,3.9072,4141.354626,-0.056540588
61.306853,63209,63.204,2216,3891.857371,3.891857371,4141.354626,-0.060245325
61.356906,63259,63.254,2228,3938.082485,3.938082485,4141.354626,-0.04908349
61.420408,63309,63.304,2225,3926.470588,3.926470588,4141.354626,-0.051887379
61.4569,63359,63.354,2240,3984.90566,3.98490566,4141.354626,-0.037777244
61.50689,63409,63.404,2257,4052.285092,4.052285092,4141.354626,-0.021507343
61.567609,63459,63.454,2250,4024.390244,4.024390244,4141.354626,-0.028243025
61.606962,63509,63.504,2242,3992.768484,3.992768484,4141.354626,-0.035878633
61.661839,63559,63.554,2256,4048.287113,4.048287113,4141.354626,-0.022472722
61.7069,63609,63.604,2255,4044.293478,4.044293478,4141.354626,-0.023437053
61.756947,63659,63.654,2246,4008.54516,4.00854516,4141.354626,-0.032069088
61.806946,63709,63.704,2233,3957.518797,3.957518797,4141.354626,-0.044390265
61.856908,63759,63.754,2228,3938.082485,3.938082485,4141.354626,-0.04908349
61.906881,63809,63.804,2216,3891.857371,3.891857371,4141.354626,-0.060245325
61.979029,63859,63.854,2222,3914.895889,3.914895889,4141.354626,-0.054682286
62.006894,63909,63.904,2199,3827.373418,3.827373418,4141.354626,-0.075816064
62.056901,63959,63.954,2202,3838.66878,3.83866878,4141.354626,-0.073088608
62.106944,64009,64.004,2209,3865.164369,3.865164369,4141.354626,-0.066690801
62.1569,64059,64.054,2204,3846.218932,3.846218932,4141.354626,-0.071265497
62.206955,64109,64.104,2221,3911.045891,3.911045891,4141.354626,-0.055611933
62.264233,64159,64.154,2257,4052.285092,4.052285092,4141.354626,-0.021507343
62.306939,64209,64.204,2230,3945.844504,3.945844504,4141.354626,-0.04720922
62.356932,64259,64.254,2214,3884.210526,3.884210526,4141.354626,-0.062091785
62.419913,64309,64.304,2214,3884.210526,3.884210526,4141.354626,-0.062091785
62.45688,64359,64.354,2212,3876.579926,3.876579926,4141.354626,-0.063934322
62.506856,64409,64.404,2221,3911.045891,3.911045891,4141.354626,-0.055611933
62.562144,64459,64.454,2229,3941.961415,3.941961415,4141.354626,-0.048146857
62.606936,64509,64.504,2214,3884.210526,3.884210526,4141.354626,-0.062091785
62.661665,64559,64.554,2232,3953.623188,3.953623188,4141.354626,-0.045330925
62.706938,64609,64.604,2247,4012.5,4.0125,4141.354626,-0.031114125
62.761106,64659,64.654,2246,4008.54516,4.00854516,4141.354626,-0.032069088
62.806938,64709,64.704,2252,4032.338578,4.032338578,4141.354626,-0.026323765
62.856894,64759,64.754,2240,3984.90566,3.98490566,4141.354626,-0.037777244
62.906905,64809,64.804,2255,4044.293478,4.044293478,4141.354626,-0.023437053
62.956952,64859,64.854,2231,3949.73176,3.94973176,4141.354626,-0.046270576
63.022512,64909,64.904,2232,3953.623188,3.953623188,4141.354626,-0.045330925
63.056894,64959,64.954,2238,3977.059774,3.977059774,4141.354626,-0.039671766
63.106878,65009,65.004,2218,3899.520511,3.899520511,4141.354626,-0.05839493
63.162367,65059,65.054,2227,3934.207709,3.934207709,4141.354626,-0.050019121
63.206844,65109,65.104,2211,3872.770701,3.872770701,4141.354626,-0.064854124
63.256904,65159,65.154,2202,3838.66878,3.83866878,4141.354626,-0.073088608
63.313212,65209,65.204,2205,3850.0,3.85,4141.354626,-0.070352494
63.356928,65259,65.254,2216,3891.857371,3.891857371,4141.354626,-0.060245325
63.406906,65309,65.304,2223,3918.75,3.91875,4141.354626,-0.053751645
63.456912,65359,65.354,2234,3961.418592,3.961418592,4141.354626,-0.043448593
63.506906,65409,65.404,2238,3977.059774,3.977059774,4141.354626,-0.039671766
63.571158,65459,65.454,2212,3876.579926,3.876579926,4141.354626,-0.063934322
63.606918,65509,65.504,2201,3834.899683,3.834899683,4141.354626,-0.07399872
63.661804,65559,65.554,2201,3834.899683,3.834899683,4141.354626,-0.07399872
63.706921,65609,65.604,2214,3884.210526,3.884210526,4141.354626,-0.062091785
63.761516,65659,65.654,2217,3895.686901,3.895686901,4141.354626,-0.05932062
63.806912,65709,65.704,2227,3934.207709,3.934207709,4141.354626,-0.050019121
63.856885,65759,65.754,2230,3945.844504,3.945844504,4141.354626,-0.04720922
63.906925,65809,65.804,2233,3957.518797,3.957518797,4141.354626,-0.044390265
63.956879,65859,65.854,2248,4016.459123,4.016459123,4141.354626,-0.030158128
64.020366,65909,65.904,2246,4008.54516,4.00854516,4141.354626,-0.032069088
64.056878,65959,65.954,2245,4004.594595,4.004594595,4141.354626,-0.033023019
64.106862,66009,66.004,2246,4008.54516,4.00854516,4141.354626,-0.032069088
64.162861,66059,66.054,2238,3977.059774,3.977059774,4141.354626,-0.039671766
64.206901,66109,66.104,2229,3941.961415,3.941961415,4141.354626,-0.048146857
64.262187,66159,66.154,2226,3930.337079,3.930337079,4141.354626,-0.05095375
64.306932,66209,66.204,2220,3907.2,3.9072,4141.354626,-0.056540588
64.361964,66259,66.254,2196,3816.113744,3.816113744,4141.354626,-0.078534902
64.406906,66309,66.304,2211,3872.770701,3.872770701,4141.354626,-0.064854124
64.456912,66359,66.354,2202,3838.66878,3.83866878,4141.354626,-0.073088608
64.506905,66409,66.404,2205,3850.0,3.85,4141.354626,-0.070352494
64.556952,66459,66.454,2198,3823.616236,3.823616236,4141.354626,-0.076723299
64.618974,66509,66.504,2217,3895.686901,3.895686901,4141.354626,-0.05932062
64.656907,66559,66.554,2233,3957.518797,3.957518797,4141.354626,-0.044390265
64.706917,66609,66.604,2239,3980.980603,3.980980603,4141.354626,-0.038725016
64.762681,66659,66.654,2209,3865.164369,3.865164369,4141.354626,-0.066690801
64.806918,66709,66.704,2213,3880.393199,3.880393199,4141.354626,-0.063013543
64.861961,66759,66.754,2205,3850.0,3.85,4141.354626,-0.070352494
64.906922,66809,66.804,2204,3846.218932,3.846218932,4141.354626,-0.071265497
64.956903,66859,66.854,2221,3911.045891,3.911045891,4141.354626,-0.055611933
65.006891,66909,66.904,2225,3926.470588,3.926470588,4141.354626,-0.051887379
65.056876,66959,66.954,2220,3907.2,3.9072,4141.354626,-0.056540588
65.121228,67009,67.004,2226,3930.337079,3.930337079,4141.354626,-0.05095375
65.156898,67059,67.054,2240,3984.90566,3.98490566,4141.354626,-0.037777244
65.212811,67109,67.104,2245,4004.594595,4.004594595,4141.354626,-0.033023019
65.256898,67159,67.154,2242,3992.768484,3.992768484,4141.354626,-0.035878633
65.312813,67209,67.204,2250,4024.390244,4.024390244,4141.354626,-0.028243025
65.356881,67259,67.254,2242,3992.768484,3.992768484,4141.354626,-0.035878633
65.406904,67309,67.304,2238,3977.059774,3.977059774,4141.354626,-0.039671766
65.464078,67359,67.354,2229,3941.961415,3.941961415,4141.354626,-0.048146857
65.506894,67409,67.404,2221,3911.045891,3.911045891,4141.354626,-0.055611933
65.556891,67459,67.454,2216,3891.857371,3.891857371,4141.354626,-0.060245325
65.606892,67509,67.504,2225,3926.470588,3.926470588,4141.354626,-0.051887379
65.656891,67559,67.554,2185,3775.13089,3.77513089,4141.354626,-0.088430905
65.720054,67609,67.604,2192,3801.156069,3.801156069,4141.354626,-0.082146686
65.75688,67659,67.654,2195,3812.368421,3.812368421,4141.354626,-0.079439274
65.806929,67709,67.704,2208,3861.36725,3.86136725,4141.354626,-0.067607679
65.864519,67759,67.754,2223,3918.75,3.91875,4141.354626,-0.053751645
65.906923,67809,67.804,2245,4004.594595,4.004594595,4141.354626,-0.033023019
65.956898,67859,67.854,2219,3903.358209,3.903358209,4141.354626,-0.057468253
66.014661,67909,67.904,2206,3853.785071,3.853785071,4141.354626,-0.069438524
66.056857,67959,67.954,2204,3846.218932,3.846218932,4141.354626,-0.071265497
66.106888,68009,68.004,2209,3865.164369,3.865164369,4141.354626,-0.066690801
66.157813,68059,68.054,2218,3899.520511,3.899520511,4141.354626,-0.05839493
66.206913,68109,68.104,2221,3911.045891,3.911045891,4141.354626,-0.055611933
66.270902,68159,68.154,2212,3876.579926,3.876579926,4141.354626,-0.063934322
66.306926,68209,68.204,2229,3941.961415,3.941961415,4141.354626,-0.048146857
66.363612,68259,68.254,2232,3953.623188,3.953623188,4141.354626,-0.045330925
66.406937,68309,68.304,2242,3992.768484,3.992768484,4141.354626,-0.035878633
66.462894,68359,68.354,2254,4040.304183,4.040304183,4141.354626,-0.024400336
66.506885,68409,68.404,2252,4032.338578,4.032338578,4141.354626,-0.026323765
66.556928,68459,68.454,2237,3973.143165,3.973143165,4141.354626,-0.040617497
66.606881,68509,68.504,2237,3973.143165,3.973143165,4141.354626,-0.040617497
66.656914,68559,68.554,2231,3949.73176,3.94973176,4141.354626,-0.046270576
66.706935,68609,68.604,2229,3941.961415,3.941961415,4141.354626,-0.048146857
66.772424,68659,68.654,2224,3922.608231,3.922608231,4141.354626,-0.05282001
66.806917,68709,68.704,2232,3953.623188,3.953623188,4141.354626,-0.045330925
66.856886,68759,68.754,2206,3853.785071,3.853785071,4141.354626,-0.069438524
66.914127,68809,68.804,2222,3914.895889,3.914895889,4141.354626,-0.054682286
66.956871,68859,68.854,2200,3831.134565,3.831134565,4141.354626,-0.074907872
67.006897,68909,68.904,2199,3827.373418,3.827373418,4141.354626,-0.075816064
67.056905,68959,68.954,2218,3899.520511,3.899520511,4141.354626,-0.05839493
67.106885,69009,69.004,2253,4036.319218,4.036319218,4141.354626,-0.025362573
67.165173,69059,69.054,2224,3922.608231,3.922608231,4141.354626,-0.05282001
67.206906,69109,69.104,2209,3865.164369,3.865164369,4141.354626,-0.066690801
67.273111,69159,69.154,2204,3846.218932,3.846218932,4141.354626,-0.071265497
67.306911,69209,69.204,2206,3853.785071,3.853785071,4141.354626,-0.069438524
67.364383,69259,69.254,2215,3888.031915,3.888031915,4141.354626,-0.061169046
67.406915,69309,69.304,2219,3903.358209,3.903358209,4141.354626,-0.057468253
67.463736,69359,69.354,2214,3884.210526,3.884210526,4141.354626,-0.062091785
67.506886,69409,69.404,2230,3945.844504,3.945844504,4141.354626,-0.04720922
67.556938,69459,69.454,2231,3949.73176,3.94973176,4141.354626,-0.046270576
67.614605,69509,69.504,2252,4032.338578,4.032338578,4141.354626,-0.026323765
67.656918,69559,69.554,2255,4044.293478,4.044293478,4141.354626,-0.023437053
67.706913,69609,69.604,2259,4060.294118,4.060294118,4141.354626,-0.019573428
67.757695,69659,69.654,2257,4052.285092,4.052285092,4141.354626,-0.021507343
67.806871,69709,69.704,2252,4032.338578,4.032338578,4141.354626,-0.026323765
67.856882,69759,69.754,2236,3969.230769,3.969230769,4141.354626,-0.041562211
67.921684,69809,69.804,2233,3957.518797,3.957518797,4141.354626,-0.044390265
67.956871,69859,69.854,2229,3941.961415,3.941961415,4141.354626,-0.048146857
68.014702,69909,69.904,2224,3922.608231,3.922608231,4141.354626,-0.05282001
68.056884,69959,69.954,2225,3926.470588,3.926470588,4141.354626,-0.051887379
68.106902,70009,70.004,2216,3891.857371,3.891857371,4141.354626,-0.060245325
68.166814,70059,70.054,2198,3823.616236,3.823616236,4141.354626,-0.076723299
68.206891,70109,70.104,2208,3861.36725,3.86136725,4141.354626,-0.067607679
68.256928,70159,70.154,2217,3895.686901,3.895686901,4141.354626,-0.05932062
68.30884,70209,70.204,2225,3926.470588,3.926470588,4141.354626,-0.051887379
68.356886,70259,70.254,2250,4024.390244,4.024390244,4141.354626,-0.028243025
68.406898,70309,70.304,2212,3876.579926,3.876579926,4141.354626,-0.063934322
68.467159,70359,70.354,2203,3842.44186,3.84244186,4141.354626,-0.072177534
68.506856,70409,70.404,2205,3850.0,3.85,4141.354626,-0.070352494
68.556941,70459,70.454,2214,3884.210526,3.884210526,4141.354626,-0.062091785
68.622914,70509,70.504,2213,3880.393199,3.880393199,4141.354626,-0.063013543
68.656905,70559,70.554,2223,3918.75,3.91875,4141.354626,-0.053751645
68.706893,70609,70.604,2221,3911.045891,3.911045891,4141.354626,-0.055611933
68.766225,70659,70.654,2229,3941.961415,3.941961415,4141.354626,-0.048146857
68.806869,70709,70.704,2237,3973.143165,3.973143165,4141.354626,-0.040617497
68.856943,70759,70.754,2241,3988.834951,3.988834951,4141.354626,-0.036828451
68.908787,70809,70.804,2246,4008.54516,4.00854516,4141.354626,-0.032069088
68.956863,70859,70.854,2257,4052.285092,4.052285092,4141.354626,-0.021507343
69.006923,70909,70.904,2254,4040.304183,4.040304183,4141.354626,-0.024400336
69.07377,70959,70.954,2252,4032.338578,4.032338578,4141.354626,-0.026323765
69.106863,71009,71.004,2237,3973.143165,3.973143165,4141.354626,-0.040617497
69.156874,71059,71.054,2236,3969.230769,3.969230769,4141.354626,-0.041562211
69.215272,71109,71.104,2223,3918.75,3.91875,4141.354626,-0.053751645
69.256902,71159,71.154,2229,3941.961415,3.941961415,4141.354626,-0.048146857
69.314858,71209,71.204,2212,3876.579926,3.876579926,4141.354626,-0.063934322
69.356913,71259,71.254,2192,3801.156069,3.801156069,4141.354626,-0.082146686
69.40873,71309,71.304,2204,3846.218932,3.846218932,4141.354626,-0.071265497
69.456882,71359,71.354,2195,3812.368421,3.812368421,4141.354626,-0.079439274
69.506876,71409,71.404,2226,3930.337079,3.930337079,4141.354626,-0.05095375
69.574264,71459,71.454,2249,4020.422535,4.020422535,4141.354626,-0.029201095
69.606898,71509,71.504,2220,3907.2,3.9072,4141.354626,-0.056540588
69.665711,71559,71.554,2211,3872.770701,3.872770701,4141.354626,-0.064854124
69.706884,71609,71.604,2191,3797.426471,3.797426471,4141.354626,-0.08304726
69.756894,71659,71.654,2211,3872.770701,3.872770701,4141.354626,-0.064854124
69.81702,71709,71.704,2212,3876.579926,3.876579926,4141.354626,-0.063934322
69.856836,71759,71.754,2223,3918.75,3.91875,4141.354626,-0.053751645
69.906891,71809,71.804,2217,3895.686901,3.895686901,4141.354626,-0.05932062
69.959787,71859,71.854,2225,3926.470588,3.926470588,4141.354626,-0.051887379
70.00688,71909,71.904,2239,3980.980603,3.980980603,4141.354626,-0.038725016
70.0569,71959,71.954,2245,4004.594595,4.004594595,4141.354626,-0.033023019
70.124891,72009,72.004,2243,3996.706263,3.996706263,4141.354626,-0.034927789
70.156846,72059,72.054,2259,4060.294118,4.060294118,4141.354626,-0.019573428
70.206871,72109,72.104,2265,4084.42623,4.08442623,4141.354626,-0.013746322
70.266875,72159,72.154,2248,4016.459123,4.016459123,4141.354626,-0.030158128
70.306788,72209,72.204,2238,3977.059774,3.977059774,4141.354626,-0.039671766
70.356771,72259,72.254,2243,3996.706263,3.996706263,4141.354626,-0.034927789
70.409656,72309,72.304,2232,3953.623188,3.953623188,4141.354626,-0.045330925
70.456939,72359,72.354,2241,3988.834951,3.988834951,4141.354626,-0.036828451
70.52398,72409,72.404,2191,3797.426471,3.797426471,4141.354626,-0.08304726
70.556913,72459,72.454,2206,3853.785071,3.853785071,4141.354626,-0.069438524
70.606868,72509,72.504,2195,3812.368421,3.812368421,4141.354626,-0.079439274
70.666314,72559,72.554,2204,3846.218932,3.846218932,4141.354626,-0.071265497
70.706885,72609,72.604,2221,3911.045891,3.911045891,4141.354626,-0.055611933
70.766409,72659,72.654,2244,4000.648298,4.000648298,4141.354626,-0.033975919
70.806885,72709,72.704,2235,3965.322581,3.965322581,4141.354626,-0.042505909
70.866083,72759,72.754,2209,3865.164369,3.865164369,4141.354626,-0.066690801
70.906885,72809,72.804,2198,3823.616236,3.823616236,4141.354626,-0.076723299
70.956885,72859,72.854,2202,3838.66878,3.83866878,4141.354626,-0.073088608
71.011653,72909,72.904,2211,3872.770701,3.872770701,4141.354626,-0.064854124
71.056906,72959,72.954,2198,3823.616236,3.823616236,4141.354626,-0.076723299
71.106854,73009,73.004,2217,3895.686901,3.895686901,4141.354626,-0.05932062
71.175097,73059,73.054,2215,3888.031915,3.888031915,4141.354626,-0.061169046
71.206848,73109,73.104,2231,3949.73176,3.94973176,4141.354626,-0.046270576
71.256912,73159,73.154,2239,3980.980603,3.980980603,4141.354626,-0.038725016
71.316879,73209,73.204,2238,3977.059774,3.977059774,4141.354626,-0.039671766
71.356917,73259,73.254,2248,4016.459123,4.016459123,4141.354626,-0.030158128
71.417221,73309,73.304,2253,4036.319218,4.036319218,4141.354626,-0.025362573
71.456898,73359,73.354,2253,4036.319218,4.036319218,4141.354626,-0.025362573
71.506841,73409,73.404,2246,4008.54516,4.00854516,4141.354626,-0.032069088
71.560238,73459,73.454,2235,3965.322581,3.965322581,4141.354626,-0.042505909
71.606902,73509,73.504,2231,3949.73176,3.94973176,4141.354626,-0.046270576
71.67408,73559,73.554,2218,3899.520511,3.899520511,4141.354626,-0.05839493
71.706873,73609,73.604,2218,3899.520511,3.899520511,4141.354626,-0.05839493
71.756885,73659,73.654,2199,3827.373418,3.827373418,4141.354626,-0.075816064
71.817039,73709,73.704,2201,3834.899683,3.834899683,4141.354626,-0.07399872
71.856886,73759,73.754,2200,3831.134565,3.831134565,4141.354626,-0.074907872
71.906898,73809,73.804,2209,3865.164369,3.865164369,4141.354626,-0.066690801
71.968084,73859,73.854,2226,3930.337079,3.930337079,4141.354626,-0.05095375
72.006865,73909,73.904,2240,3984.90566,3.98490566,4141.354626,-0.037777244
72.056888,73959,73.954,2221,3911.045891,3.911045891,4141.354626,-0.055611933
72.11063,74009,74.004,2214,3884.210526,3.884210526,4141.354626,-0.062091785
72.156885,74059,74.054,2226,3930.337079,3.930337079,4141.354626,-0.05095375
72.206881,74109,74.104,2200,3831.134565,3.831134565,4141.354626,-0.074907872
72.275418,74159,74.154,2208,3861.36725,3.86136725,4141.354626,-0.067607679
72.306869,74209,74.204,2214,3884.210526,3.884210526,4141.354626,-0.062091785
72.356939,74259,74.254,2219,3903.358209,3.903358209,4141.354626,-0.057468253
72.410647,74309,74.304,2223,3918.75,3.91875,4141.354626,-0.053751645
72.456867,74359,74.354,2236,3969.230769,3.969230769,4141.354626,-0.041562211
72.506822,74409,74.404,2237,3973.143165,3.973143165,4141.354626,-0.040617497
72.568383,74459,74.454,2249,4020.422535,4.020422535,4141.354626,-0.029201095
72.606894,74509,74.504,2247,4012.5,4.0125,4141.354626,-0.031114125
72.674685,74559,74.554,2254,4040.304183,4.040304183,4141.354626,-0.024400336
72.706829,74609,74.604,2243,3996.706263,3.996706263,4141.354626,-0.034927789
72.756824,74659,74.654,2233,3957.518797,3.957518797,4141.354626,-0.044390265
72.817107,74709,74.704,2230,3945.844504,3.945844504,4141.354626,-0.04720922
72.856854,74759,74.754,2215,3888.031915,3.888031915,4141.354626,-0.061169046
72.918159,74809,74.804,2223,3918.75,3.91875,4141.354626,-0.053751645
72.956864,74859,74.854,2199,3827.373418,3.827373418,4141.354626,-0.075816064
73.019625,74909,74.904,2194,3808.627038,3.808627038,4141.354626,-0.080342694
73.056844,74959,74.954,2202,3838.66878,3.83866878,4141.354626,-0.073088608
73.106853,75009,75.004,2205,3850.0,3.85,4141.354626,-0.070352494
73.160098,75059,75.054,2226,3930.337079,3.930337079,4141.354626,-0.05095375
73.206848,75109,75.104,2254,4040.304183,4.040304183,4141.354626,-0.024400336
73.256883,75159,75.154,2236,3969.230769,3.969230769,4141.354626,-0.041562211
73.325471,75209,75.204,2207,3857.574153,3.857574153,4141.354626,-0.068523587
73.35687,75259,75.254,2209,3865.164369,3.865164369,4141.354626,-0.066690801
73.406819,75309,75.304,2208,3861.36725,3.86136725,4141.354626,-0.067607679
73.468208,75359,75.354,2213,3880.393199,3.880393199,4141.354626,-0.063013543
73.506794,75409,75.404,2216,3891.857371,3.891857371,4141.354626,-0.060245325
73.556885,75459,75.454,2211,3872.770701,3.872770701,4141.354626,-0.064854124
73.610986,75509,75.504,2224,3922.608231,3.922608231,4141.354626,-0.05282001
73.65689,75559,75.554,2228,3938.082485,3.938082485,4141.354626,-0.04908349
73.724514,75609,75.604,2239,3980.980603,3.980980603,4141.354626,-0.038725016
73.756815,75659,75.654,2242,3992.768484,3.992768484,4141.354626,-0.035878633
73.806851,75709,75.704,2248,4016.459123,4.016459123,4141.354626,-0.030158128
73.867938,75759,75.754,2249,4020.422535,4.020422535,4141.354626,-0.029201095
73.906847,75809,75.804,2247,4012.5,4.0125,4141.354626,-0.031114125
73.956851,75859,75.854,2239,3980.980603,3.980980603,4141.354626,-0.038725016
74.019691,75909,75.904,2228,3938.082485,3.938082485,4141.354626,-0.04908349
74.056871,75959,75.954,2215,3888.031915,3.888031915,4141.354626,-0.061169046
74.106882,76009,76.004,2223,3918.75,3.91875,4141.354626,-0.053751645
74.161495,76059,76.054,2212,3876.579926,3.876579926,4141.354626,-0.063934322
74.206889,76109,76.104,2195,3812.368421,3.812368421,4141.354626,-0.079439274
74.275775,76159,76.154,2200,3831.134565,3.831134565,4141.354626,-0.074907872
74.306812,76209,76.204,2200,3831.134565,3.831134565,4141.354626,-0.074907872
74.356854,76259,76.254,2214,3884.210526,3.884210526,4141.354626,-0.062091785
74.417888,76309,76.304,2244,4000.648298,4.000648298,4141.354626,-0.033975919
74.456874,76359,76.354,2224,3922.608231,3.922608231,4141.354626,-0.05282001
74.517997,76409,76.404,2206,3853.785071,3.853785071,4141.354626,-0.069438524
74.5569,76459,76.454,2203,3842.44186,3.84244186,4141.354626,-0.072177534
74.617375,76509,76.504,2209,3865.164369,3.865164369,4141.354626,-0.066690801
74.656895,76559,76.554,2207,3857.574153,3.857574153,4141.354626,-0.068523587
74.706879,76609,76.604,2211,3872.770701,3.872770701,4141.354626,-0.064854124
74.761208,76659,76.654,2212,3876.579926,3.876579926,4141.354626,-0.063934322
74.806775,76709,76.704,2217,3895.686901,3.895686901,4141.354626,-0.05932062
74.856829,76759,76.754,2220,3907.2,3.9072,4141.354626,-0.056540588
74.926475,76809,76.804,2234,3961.418592,3.961418592,4141.354626,-0.043448593
74.956838,76859,76.854,2247,4012.5,4.0125,4141.354626,-0.031114125
75.019307,76909,76.904,2235,3965.322581,3.965322581,4141.354626,-0.042505909
75.056883,76959,76.954,2241,3988.834951,3.988834951,4141.354626,-0.036828451
75.106847,77009,77.004,2241,3988.834951,3.988834951,4141.354626,-0.036828451
75.168258,77059,77.054,2235,3965.322581,3.965322581,4141.354626,-0.042505909
75.206841,77109,77.104,2221,3911.045891,3.911045891,4141.354626,-0.055611933
75.256823,77159,77.154,2225,3926.470588,3.926470588,4141.354626,-0.051887379
75.311405,77209,77.204,2216,3891.857371,3.891857371,4141.354626,-0.060245325
75.356844,77259,77.254,2208,3861.36725,3.86136725,4141.354626,-0.067607679
75.425209,77309,77.304,2194,3808.627038,3.808627038,4141.354626,-0.080342694
75.456837,77359,77.354,2196,3816.113744,3.816113744,4141.354626,-0.078534902
75.506812,77409,77.404,2205,3850.0,3.85,4141.354626,-0.070352494
75.567558,77459,77.454,2220,3907.2,3.9072,4141.354626,-0.056540588
75.606836,77509,77.504,2234,3961.418592,3.961418592,4141.354626,-0.043448593
75.66768,77559,77.554,2239,3980.980603,3.980980603,4141.354626,-0.038725016
75.706803,77609,77.604,2218,3899.520511,3.899520511,4141.354626,-0.05839493
75.756817,77659,77.654,2216,3891.857371,3.891857371,4141.354626,-0.060245325
75.811323,77709,77.704,2205,3850.0,3.85,4141.354626,-0.070352494
75.856848,77759,77.754,2202,3838.66878,3.83866878,4141.354626,-0.073088608
75.924827,77809,77.804,2202,3838.66878,3.83866878,4141.354626,-0.073088608
75.95684,77859,77.854,2215,3888.031915,3.888031915,4141.354626,-0.061169046
76.019501,77909,77.904,2223,3918.75,3.91875,4141.354626,-0.053751645
76.056831,77959,77.954,2226,3930.337079,3.930337079,4141.354626,-0.05095375
76.106839,78009,78.004,2235,3965.322581,3.965322581,4141.354626,-0.042505909
76.169173,78059,78.054,2235,3965.322581,3.965322581,4141.354626,-0.042505909
76.206882,78109,78.104,2238,3977.059774,3.977059774,4141.354626,-0.039671766
76.26817,78159,78.154,2243,3996.706263,3.996706263,4141.354626,-0.034927789
76.306843,78209,78.204,2234,3961.418592,3.961418592,4141.354626,-0.043448593
76.356873,78259,78.254,2237,3973.143165,3.973143165,4141.354626,-0.040617497
76.411825,78309,78.304,2220,3907.2,3.9072,4141.354626,-0.056540588
76.456876,78359,78.354,2226,3930.337079,3.930337079,4141.354626,-0.05095375
76.525711,78409,78.404,2216,3891.857371,3.891857371,4141.354626,-0.060245325
76.556901,78459,78.454,2209,3865.164369,3.865164369,4141.354626,-0.066690801
76.618466,78509,78.504,2192,3801.156069,3.801156069,4141.354626,-0.082146686
76.656848,78559,78.554,2194,3808.627038,3.808627038,4141.354626,-0.080342694
76.706874,78609,78.604,2201,3834.899683,3.834899683,4141.354626,-0.07399872
76.768766,78659,78.654,2212,3876.579926,3.876579926,4141.354626,-0.063934322
76.806881,78709,78.704,2212,3876.579926,3.876579926,4141.354626,-0.063934322
76.860625,78759,78.754,2260,4064.305177,4.064305177,4141.354626,-0.01860489
76.906832,78809,78.804,2222,3914.895889,3.914895889,4141.354626,-0.054682286
76.956856,78859,78.854,2211,3872.770701,3.872770701,4141.354626,-0.064854124
77.027429,78909,78.904,2204,3846.218932,3.846218932,4141.354626,-0.071265497
77.056758,78959,78.954,2207,3857.574153,3.857574153,4141.354626,-0.068523587
77.106811,79009,79.004,2196,3816.113744,3.816113744,4141.354626,-0.078534902
77.168711,79059,79.054,2212,3876.579926,3.876579926,4141.354626,-0.063934322
77.206844,79109,79.104,2215,3888.031915,3.888031915,4141.354626,-0.061169046
77.268539,79159,79.154,2226,3930.337079,3.930337079,4141.354626,-0.05095375
77.306857,79209,79.204,2226,3930.337079,3.930337079,4141.354626,-0.05095375
77.361152,79259,79.254,2234,3961.418592,3.961418592,4141.354626,-0.043448593
77.406825,79309,79.304,2235,3965.322581,3.965322581,4141.354626,-0.042505909
77.456834,79359,79.354,2237,3973.143165,3.973143165,4141.354626,-0.040617497
77.520249,79409,79.404,2246,4008.54516,4.00854516,4141.354626,-0.032069088
77.556864,79459,79.454,2239,3980.980603,3.980980603,4141.354626,-0.038725016
77.62553,79509,79.504,2227,3934.207709,3.934207709,4141.354626,-0.050019121
77.656862,79559,79.554,2222,3914.895889,3.914895889,4141.354626,-0.054682286
77.706823,79609,79.604,2220,3907.2,3.9072,4141.354626,-0.056540588
77.768677,79659,79.654,2221,3911.045891,3.911045891,4141.354626,-0.055611933
77.806829,79709,79.704,2200,3831.134565,3.831134565,4141.354626,-0.074907872
77.869192,79759,79.754,2181,3760.344828,3.760344828,4141.354626,-0.092001249
77.906857,79809,79.804,2199,3827.373418,3.827373418,4141.354626,-0.075816064
77.968563,79859,79.854,2188,3786.261143,3.786261143,4141.354626,-0.085743317
78.006854,79909,79.904,2227,3934.207709,3.934207709,4141.354626,-0.050019121
78.062178,79959,79.954,2245,4004.594595,4.004594595,4141.354626,-0.033023019
78.106878,80009,80.004,2229,3941.961415,3.941961415,4141.354626,-0.048146857
78.177204,80059,80.054,2213,3880.393199,3.880393199,4141.354626,-0.063013543
78.206822,80109,80.104,2192,3801.156069,3.801156069,4141.354626,-0.082146686
78.256882,80159,80.154,2194,3808.627038,3.808627038,4141.354626,-0.080342694
78.319181,80209,80.204,2200,3831.134565,3.831134565,4141.354626,-0.074907872
78.356844,80259,80.254,2211,3872.770701,3.872770701,4141.354626,-0.064854124
78.406833,80309,80.304,2221,3911.045891,3.911045891,4141.354626,-0.055611933
78.469938,80359,80.354,2222,3914.895889,3.914895889,4141.354626,-0.054682286
78.506823,80409,80.404,2232,3953.623188,3.953623188,4141.354626,-0.045330925
78.556819,80459,80.454,2229,3941.961415,3.941961415,4141.354626,-0.048146857
78.614214,80509,80.504,2232,3953.623188,3.953623188,4141.354626,-0.045330925
78.656809,80559,80.554,2237,3973.143165,3.973143165,4141.354626,-0.040617497
78.706832,80609,80.604,2245,4004.594595,4.004594595,4141.354626,-0.033023019
78.777445,80659,80.654,2239,3980.980603,3.980980603,4141.354626,-0.038725016
78.806878,80709,80.704,2235,3965.322581,3.965322581,4141.354626,-0.042505909
78.86931,80759,80.754,2226,3930.337079,3.930337079,4141.354626,-0.05095375
78.906882,80809,80.804,2214,3884.210526,3.884210526,4141.354626,-0.062091785
78.969738,80859,80.854,2208,3861.36725,3.86136725,4141.354626,-0.067607679
79.00683,80909,80.904,2195,3812.368421,3.812368421,4141.354626,-0.079439274
79.056833,80959,80.954,2185,3775.13089,3.77513089,4141.354626,-0.088430905
79.113375,81009,81.004,2190,3793.700787,3.793700787,4141.354626,-0.083946889
79.156775,81059,81.054,2205,3850.0,3.85,4141.354626,-0.070352494
79.206836,81109,81.104,2214,3884.210526,3.884210526,4141.354626,-0.062091785
79.278724,81159,81.154,2237,3973.143165,3.973143165,4141.354626,-0.040617497
79.306843,81209,81.204,2244,4000.648298,4.000648298,4141.354626,-0.033975919
79.369619,81259,81.254,2215,3888.031915,3.888031915,4141.354626,-0.061169046
79.406793,81309,81.304,2203,3842.44186,3.84244186,4141.354626,-0.072177534
79.456782,81359,81.354,2189,3789.979014,3.789979014,4141.354626,-0.084845574
79.520192,81409,81.404,2193,3804.88959,3.80488959,4141.354626,-0.081245164
79.556824,81459,81.454,2199,3827.373418,3.827373418,4141.354626,-0.075816064
79.619848,81509,81.504,2213,3880.393199,3.880393199,4141.354626,-0.063013543
79.656863,81559,81.554,2220,3907.2,3.9072,4141.354626,-0.056540588
79.712301,81609,81.604,2222,3914.895889,3.914895889,4141.354626,-0.054682286
79.756817,81659,81.654,2233,3957.518797,3.957518797,4141.354626,-0.044390265
79.806826,81709,81.704,2233,3957.518797,3.957518797,4141.354626,-0.044390265
79.877452,81759,81.754,2233,3957.518797,3.957518797,4141.354626,-0.044390265
79.906793,81809,81.804,2244,4000.648298,4.000648298,4141.354626,-0.033975919
79.956785,81859,81.854,2242,3992.768484,3.992768484,4141.354626,-0.035878633
80.021275,81909,81.904,2238,3977.059774,3.977059774,4141.354626,-0.039671766
80.056784,81959,81.954,2229,3941.961415,3.941961415,4141.354626,-0.048146857
80.106769,82009,82.004,2229,3941.961415,3.941961415,4141.354626,-0.048146857
80.171037,82059,82.054,2223,3918.75,3.91875,4141.354626,-0.053751645
80.206855,82109,82.104,2203,3842.44186,3.84244186,4141.354626,-0.072177534
80.262717,82159,82.154,2200,3831.134565,3.831134565,4141.354626,-0.074907872
80.306831,82209,82.204,2197,3819.863014,3.819863014,4141.354626,-0.077629578
80.356849,82259,82.254,2204,3846.218932,3.846218932,4141.354626,-0.071265497
80.428547,82309,82.304,2206,3853.785071,3.853785071,4141.354626,-0.069438524
80.456847,82359,82.354,2217,3895.686901,3.895686901,4141.354626,-0.05932062
80.506771,82409,82.404,2256,4048.287113,4.048287113,4141.354626,-0.022472722
80.571453,82459,82.454,2223,3918.75,3.91875,4141.354626,-0.053751645
80.606847,82509,82.504,2207,3857.574153,3.857574153,4141.354626,-0.068523587
80.68192,82559,82.554,2204,3846.218932,3.846218932,4141.354626,-0.071265497
80.7068,82609,82.604,2207,3857.574153,3.857574153,4141.354626,-0.068523587
80.756861,82659,82.654,2210,3868.965517,3.868965517,4141.354626,-0.065772949
80.81513,82709,82.704,2211,3872.770701,3.872770701,4141.354626,-0.064854124
80.856812,82759,82.754,2218,3899.520511,3.899520511,4141.354626,-0.05839493
80.906823,82809,82.804,2225,3926.470588,3.926470588,4141.354626,-0.051887379
80.979399,82859,82.854,2233,3957.518797,3.957518797,4141.354626,-0.044390265
81.006787,82909,82.904,2230,3945.844504,3.945844504,4141.354626,-0.04720922
81.05682,82959,82.954,2242,3992.768484,3.992768484,4141.354626,-0.035878633
81.121138,83009,83.004,2255,4044.293478,4.044293478,4141.354626,-0.023437053
81.156828,83059,83.054,2250,4024.390244,4.024390244,4141.354626,-0.028243025
81.223433,83109,83.104,2236,3969.230769,3.969230769,4141.354626,-0.041562211
81.256838,83159,83.154,2231,3949.73176,3.94973176,4141.354626,-0.046270576
81.312731,83209,83.204,2224,3922.608231,3.922608231,4141.354626,-0.05282001
81.356822,83259,83.254,2219,3903.358209,3.903358209,4141.354626,-0.057468253
81.406831,83309,83.304,2220,3907.2,3.9072,4141.354626,-0.056540588
81.478356,83359,83.354,2202,3838.66878,3.83866878,4141.354626,-0.073088608
81.506801,83409,83.404,2201,3834.899683,3.834899683,4141.354626,-0.07399872
81.55679,83459,83.454,2199,3827.373418,3.827373418,4141.354626,-0.075816064
81.619953,83509,83.504,2204,3846.218932,3.846218932,4141.354626,-0.071265497
81.656869,83559,83.554,2246,4008.54516,4.00854516,4141.354626,-0.032069088
81.720306,83609,83.604,2261,4068.320611,4.068320611,4141.354626,-0.017635296
81.756804,83659,83.654,2240,3984.90566,3.98490566,4141.354626,-0.037777244
81.80685,83709,83.704,2217,3895.686901,3.895686901,4141.354626,-0.05932062
81.863333,83759,83.754,2210,3868.965517,3.868965517,4141.354626,-0.065772949
81.906869,83809,83.804,2208,3861.36725,3.86136725,4141.354626,-0.067607679
81.978407,83859,83.854,2198,3823.616236,3.823616236,4141.354626,-0.076723299
82.006773,83909,83.904,2220,3907.2,3.9072,4141.354626,-0.056540588
82.05681,83959,83.954,2226,3930.337079,3.930337079,4141.354626,-0.05095375
82.120949,84009,84.004,2230,3945.844504,3.945844504,4141.354626,-0.04720922
82.156784,84059,84.054,2229,3941.961415,3.941961415,4141.354626,-0.048146857
82.20678,84109,84.104,2233,3957.518797,3.957518797,4141.354626,-0.044390265
82.270882,84159,84.154,2231,3949.73176,3.94973176,4141.354626,-0.046270576
82.306787,84209,84.204,2237,3973.143165,3.973143165,4141.354626,-0.040617497
82.369701,84259,84.254,2244,4000.648298,4.000648298,4141.354626,-0.033975919
82.406789,84309,84.304,2240,3984.90566,3.98490566,4141.354626,-0.037777244
82.462949,84359,84.354,2238,3977.059774,3.977059774,4141.354626,-0.039671766
82.506841,84409,84.404,2240,3984.90566,3.98490566,4141.354626,-0.037777244
82.576784,84459,84.454,2222,3914.895889,3.914895889,4141.354626,-0.054682286
82.606795,84509,84.504,2220,3907.2,3.9072,4141.354626,-0.056540588
82.656779,84559,84.554,2206,3853.785071,3.853785071,4141.354626,-0.069438524
82.713147,84609,84.604,2191,3797.426471,3.797426471,4141.354626,-0.08304726
82.756856,84659,84.654,2198,3823.616236,3.823616236,4141.354626,-0.076723299
82.827284,84709,84.704,2196,3816.113744,3.816113744,4141.354626,-0.078534902
82.856799,84759,84.754,2224,3922.608231,3.922608231,4141.354626,-0.05282001
82.906742,84809,84.804,2233,3957.518797,3.957518797,4141.354626,-0.044390265
82.970162,84859,84.854,2245,4004.594595,4.004594595,4141.354626,-0.033023019
83.006776,84909,84.904,2198,3823.616236,3.823616236,4141.354626,-0.076723299
83.064406,84959,84.954,2213,3880.393199,3.880393199,4141.354626,-0.063013543
83.10685,85009,85.004,2202,3838.66878,3.83866878,4141.354626,-0.073088608
83.178664,85059,85.054,2208,3861.36725,3.86136725,4141.354626,-0.067607679
83.20677,85109,85.104,2184,3771.428571,3.771428571,4141.354626,-0.089324892
83.256771,85159,85.154,2222,3914.895889,3.914895889,4141.354626,-0.054682286
83.32047,85209,85.204,2215,3888.031915,3.888031915,4141.354626,-0.061169046
83.35685,85259,85.254,2229,3941.961415,3.941961415,4141.354626,-0.048146857
83.42055,85309,85.304,2227,3934.207709,3.934207709,4141.354626,-0.050019121
83.456809,85359,85.354,2231,3949.73176,3.94973176,4141.354626,-0.046270576
83.506799,85409,85.404,2242,3992.768484,3.992768484,4141.354626,-0.035878633
83.563683,85459,85.454,2239,3980.980603,3.980980603,4141.354626,-0.038725016
83.606847,85509,85.504,2234,3961.418592,3.961418592,4141.354626,-0.043448593
83.677535,85559,85.554,2235,3965.322581,3.965322581,4141.354626,-0.042505909
83.706835,85609,85.604,2222,3914.895889,3.914895889,4141.354626,-0.054682286
83.756858,85659,85.654,2216,3891.857371,3.891857371,4141.354626,-0.060245325
83.820495,85709,85.704,2209,3865.164369,3.865164369,4141.354626,-0.066690801
83.856813,85759,85.754,2211,3872.770701,3.872770701,4141.354626,-0.064854124
83.90686,85809,85.804,2203,3842.44186,3.84244186,4141.354626,-0.072177534
83.971185,85859,85.854,2192,3801.156069,3.801156069,4141.354626,-0.082146686
84.006847,85909,85.904,2199,3827.373418,3.827373418,4141.354626,-0.075816064
84.056817,85959,85.954,2204,3846.218932,3.846218932,4141.354626,-0.071265497
84.114473,86009,86.004,2228,3938.082485,3.938082485,4141.354626,-0.04908349
84.156849,86059,86.054,2248,4016.459123,4.016459123,4141.354626,-0.030158128
84.228616,86109,86.104,2214,3884.210526,3.884210526,4141.354626,-0.062091785
84.256776,86159,86.154,2201,3834.899683,3.834899683,4141.354626,-0.07399872
84.30676,86209,86.204,2213,3880.393199,3.880393199,4141.354626,-0.063013543
84.370544,86259,86.254,2206,3853.785071,3.853785071,4141.354626,-0.069438524
84.406827,86309,86.304,2205,3850.0,3.85,4141.354626,-0.070352494
84.470568,86359,86.354,2209,3865.164369,3.865164369,4141.354626,-0.066690801
84.50681,86409,86.404,2213,3880.393199,3.880393199,4141.354626,-0.063013543
84.556822,86459,86.454,2224,3922.608231,3.922608231,4141.354626,-0.05282001
84.621788,86509,86.504,2232,3953.623188,3.953623188,4141.354626,-0.045330925
84.65678,86559,86.554,2221,3911.045891,3.911045891,4141.354626,-0.055611933
84.706771,86609,86.604,2243,3996.706263,3.996706263,4141.354626,-0.034927789
84.763793,86659,86.654,2243,3996.706263,3.996706263,4141.354626,-0.034927789
84.806816,86709,86.704,2237,3973.143165,3.973143165,4141.354626,-0.040617497
84.877991,86759,86.754,2229,3941.961415,3.941961415,4141.354626,-0.048146857
84.906835,86809,86.804,2224,3922.608231,3.922608231,4141.354626,-0.05282001
84.971014,86859,86.854,2226,3930.337079,3.930337079,4141.354626,-0.05095375
85.006775,86909,86.904,2218,3899.520511,3.899520511,4141.354626,-0.05839493
85.056796,86959,86.954,2210,3868.965517,3.868965517,4141.354626,-0.065772949
85.121791,87009,87.004,2206,3853.785071,3.853785071,4141.354626,-0.069438524
85.156823,87059,87.054,2193,3804.88959,3.80488959,4141.354626,-0.081245164
85.21424,87109,87.104,2192,3801.156069,3.801156069,4141.354626,-0.082146686
85.256806,87159,87.154,2194,3808.627038,3.808627038,4141.354626,-0.080342694
85.306789,87209,87.204,2208,3861.36725,3.86136725,4141.354626,-0.067607679
85.379564,87259,87.254,2242,3992.768484,3.992768484,4141.354626,-0.035878633
85.406763,87309,87.304,2232,3953.623188,3.953623188,4141.354626,-0.045330925
85.456781,87359,87.354,2220,3907.2,3.9072,4141.354626,-0.056540588
85.52117,87409,87.404,2189,3789.979014,3.789979014,4141.354626,-0.084845574
85.556838,87459,87.454,2200,3831.134565,3.831134565,4141.354626,-0.074907872
85.620682,87509,87.504,2195,3812.368421,3.812368421,4141.354626,-0.079439274
85.656836,87559,87.554,2207,3857.574153,3.857574153,4141.354626,-0.068523587
85.706829,87609,87.604,2219,3903.358209,3.903358209,4141.354626,-0.057468253
85.764093,87659,87.654,2216,3891.857371,3.891857371,4141.354626,-0.060245325
85.806792,87709,87.704,2225,3926.470588,3.926470588,4141.354626,-0.051887379
85.856804,87759,87.754,2228,3938.082485,3.938082485,4141.354626,-0.04908349
85.92895,87809,87.804,2234,3961.418592,3.961418592,4141.354626,-0.043448593
85.956751,87859,87.854,2242,3992.768484,3.992768484,4141.354626,-0.035878633
86.022066,87909,87.904,2237,3973.143165,3.973143165,4141.354626,-0.040617497
86.056783,87959,87.954,2229,3941.961415,3.941961415,4141.354626,-0.048146857
86.106852,88009,88.004,2225,3926.470588,3.926470588,4141.354626,-0.051887379
86.172086,88059,88.054,2240,3984.90566,3.98490566,4141.354626,-0.037777244
86.206796,88109,88.104,2221,3911.045891,3.911045891,4141.354626,-0.055611933
86.2568,88159,88.154,2221,3911.045891,3.911045891,4141.354626,-0.055611933
86.314391,88209,88.204,2199,3827.373418,3.827373418,4141.354626,-0.075816064
86.35682,88259,88.254,2194,3808.627038,3.808627038,4141.354626,-0.080342694
86.42979,88309,88.304,2190,3793.700787,3.793700787,4141.354626,-0.083946889
86.456794,88359,88.354,2195,3812.368421,3.812368421,4141.354626,-0.079439274
86.506748,88409,88.404,2200,3831.134565,3.831134565,4141.354626,-0.074907872
86.570828,88459,88.454,2240,3984.90566,3.98490566,4141.354626,-0.037777244
86.606757,88509,88.504,2254,4040.304183,4.040304183,4141.354626,-0.024400336
86.670753,88559,88.554,2210,3868.965517,3.868965517,4141.354626,-0.065772949
86.706808,88609,88.604,2197,3819.863014,3.819863014,4141.354626,-0.077629578
86.771097,88659,88.654,2185,3775.13089,3.77513089,4141.354626,-0.088430905
86.806794,88709,88.704,2213,3880.393199,3.880393199,4141.354626,-0.063013543
86.856827,88759,88.754,2203,3842.44186,3.84244186,4141.354626,-0.072177534
86.914548,88809,88.804,2205,3850.0,3.85,4141.354626,-0.070352494
86.956792,88859,88.854,2214,3884.210526,3.884210526,4141.354626,-0.062091785
87.029402,88909,88.904,2211,3872.770701,3.872770701,4141.354626,-0.064854124
87.056809,88959,88.954,2223,3918.75,3.91875,4141.354626,-0.053751645
87.10675,89009,89.004,2234,3961.418592,3.961418592,4141.354626,-0.043448593
87.171374,89059,89.054,2251,4028.362256,4.028362256,4141.354626,-0.027283915
87.206807,89109,89.104,2248,4016.459123,4.016459123,4141.354626,-0.030158128
87.274431,89159,89.154,2232,3953.623188,3.953623188,4141.354626,-0.045330925
87.30684,89209,89.204,2231,3949.73176,3.94973176,4141.354626,-0.046270576
87.363862,89259,89.254,2227,3934.207709,3.934207709,4141.354626,-0.050019121
87.406828,89309,89.304,2219,3903.358209,3.903358209,4141.354626,-0.057468253
87.45691,89359,89.354,2212,3876.579926,3.876579926,4141.354626,-0.063934322
87.522728,89409,89.404,2211,3872.770701,3.872770701,4141.354626,-0.064854124
87.556753,89459,89.454,2196,3816.113744,3.816113744,4141.354626,-0.078534902
87.606765,89509,89.504,2192,3801.156069,3.801156069,4141.354626,-0.082146686
87.678803,89559,89.554,2198,3823.616236,3.823616236,4141.354626,-0.076723299
87.706795,89609,89.604,2197,3819.863014,3.819863014,4141.354626,-0.077629578
87.763901,89659,89.654,2224,3922.608231,3.922608231,4141.354626,-0.05282001
87.806833,89709,89.704,2244,4000.648298,4.000648298,4141.354626,-0.033975919
87.872225,89759,89.754,2220,3907.2,3.9072,4141.354626,-0.056540588
87.906792,89809,89.804,2200,3831.134565,3.831134565,4141.354626,-0.074907872
87.956768,89859,89.854,2192,3801.156069,3.801156069,4141.354626,-0.082146686
88.030037,89909,89.904,2206,3853.785071,3.853785071,4141.354626,-0.069438524
88.056718,89959,89.954,2204,3846.218932,3.846218932,4141.354626,-0.071265497
88.106733,90009,90.004,2201,3834.899683,3.834899683,4141.354626,-0.07399872
88.169458,90059,90.054,2208,3861.36725,3.86136725,4141.354626,-0.067607679
88.206818,90109,90.104,2218,3899.520511,3.899520511,4141.354626,-0.05839493
88.268691,90159,90.154,2225,3926.470588,3.926470588,4141.354626,-0.051887379
88.306802,90209,90.204,2217,3895.686901,3.895686901,4141.354626,-0.05932062
88.356789,90259,90.254,2256,4048.287113,4.048287113,4141.354626,-0.022472722
88.412089,90309,90.304,2250,4024.390244,4.024390244,4141.354626,-0.028243025
88.456831,90359,90.354,2236,3969.230769,3.969230769,4141.354626,-0.041562211
88.52579,90409,90.404,2231,3949.73176,3.94973176,4141.354626,-0.046270576
88.55682,90459,90.454,2226,3930.337079,3.930337079,4141.354626,-0.05095375
88.606799,90509,90.504,2219,3903.358209,3.903358209,4141.354626,-0.057468253
88.668684,90559,90.554,2220,3907.2,3.9072,4141.354626,-0.056540588
88.706765,90609,90.604,2226,3930.337079,3.930337079,4141.354626,-0.05095375
88.755818,90659,90.654,2204,3846.218932,3.846218932,4141.354626,-0.071265497
88.818914,90709,90.704,2194,3808.627038,3.808627038,4141.354626,-0.080342694
88.855804,90759,90.754,2196,3816.113744,3.816113744,4141.354626,-0.078534902
88.905851,90809,90.804,2192,3801.156069,3.801156069,4141.354626,-0.082146686
88.961489,90859,90.854,2220,3907.2,3.9072,4141.354626,-0.056540588
89.005789,90909,90.904,2250,4024.390244,4.024390244,4141.354626,-0.028243025
89.055834,90959,90.954,2231,3949.73176,3.94973176,4141.354626,-0.046270576
89.126923,91009,91.004,2202,3838.66878,3.83866878,4141.354626,-0.073088608
89.155874,91059,91.054,2197,3819.863014,3.819863014,4141.354626,-0.077629578
89.218592,91109,91.104,2202,3838.66878,3.83866878,4141.354626,-0.073088608
89.255839,91159,91.154,2193,3804.88959,3.80488959,4141.354626,-0.081245164
89.305831,91209,91.204,2206,3853.785071,3.853785071,4141.354626,-0.069438524
89.368485,91259,91.254,2205,3850.0,3.85,4141.354626,-0.070352494
89.406806,91309,91.304,2213,3880.393199,3.880393199,4141.354626,-0.063013543
89.468336,91359,91.354,2230,3945.844504,3.945844504,4141.354626,-0.04720922
89.505836,91409,91.404,2224,3922.608231,3.922608231,4141.354626,-0.05282001
89.556801,91459,91.454,2235,3965.322581,3.965322581,4141.354626,-0.042505909
89.612599,91509,91.504,2247,4012.5,4.0125,4141.354626,-0.031114125
89.655845,91559,91.554,2244,4000.648298,4.000648298,4141.354626,-0.033975919
89.705845,91609,91.604,2232,3953.623188,3.953623188,4141.354626,-0.045330925
89.776373,91659,91.654,2227,3934.207709,3.934207709,4141.354626,-0.050019121
89.805751,91709,91.704,2231,3949.73176,3.94973176,4141.354626,-0.046270576
89.855805,91759,91.754,2215,3888.031915,3.888031915,4141.354626,-0.061169046
89.918284,91809,91.804,2213,3880.393199,3.880393199,4141.354626,-0.063013543
89.955747,91859,91.854,2198,3823.616236,3.823616236,4141.354626,-0.076723299
90.00581,91909,91.904,2185,3775.13089,3.77513089,4141.354626,-0.088430905
90.062502,91959,91.954,2183,3767.730126,3.767730126,4141.354626,-0.090217944
90.105855,92009,92.004,2191,3797.426471,3.797426471,4141.354626,-0.08304726
90.175811,92059,92.054,2193,3804.88959,3.80488959,4141.354626,-0.081245164
90.205834,92109,92.104,2236,3969.230769,3.969230769,4141.354626,-0.041562211
90.255814,92159,92.154,2231,3949.73176,3.94973176,4141.354626,-0.046270576
90.318283,92209,92.204,2231,3949.73176,3.94973176,4141.354626,-0.046270576
90.355854,92259,92.254,2212,3876.579926,3.876579926,4141.354626,-0.063934322
90.417872,92309,92.304,2198,3823.616236,3.823616236,4141.354626,-0.076723299
90.455806,92359,92.354,2209,3865.164369,3.865164369,4141.354626,-0.066690801
90.505848,92409,92.404,2206,3853.785071,3.853785071,4141.354626,-0.069438524
90.568633,92459,92.454,2206,3853.785071,3.853785071,4141.354626,-0.069438524
90.605758,92509,92.504,2209,3865.164369,3.865164369,4141.354626,-0.066690801
90.65581,92559,92.554,2228,3938.082485,3.938082485,4141.354626,-0.04908349
90.711688,92609,92.604,2223,3918.75,3.91875,4141.354626,-0.053751645
90.755828,92659,92.654,2233,3957.518797,3.957518797,4141.354626,-0.044390265
90.825108,92709,92.704,2240,3984.90566,3.98490566,4141.354626,-0.037777244
90.855837,92759,92.754,2242,3992.768484,3.992768484,4141.354626,-0.035878633
90.918164,92809,92.804,2236,3969.230769,3.969230769,4141.354626,-0.041562211
90.955835,92859,92.854,2231,3949.73176,3.94973176,4141.354626,-0.046270576
91.019507,92909,92.904,2229,3941.961415,3.941961415,4141.354626,-0.048146857
91.05579,92959,92.954,2214,3884.210526,3.884210526,4141.354626,-0.062091785
91.105793,93009,93.004,2215,3888.031915,3.888031915,4141.354626,-0.061169046
91.161619,93059,93.054,2204,3846.218932,3.846218932,4141.354626,-0.071265497
91.205823,93109,93.104,2197,3819.863014,3.819863014,4141.354626,-0.077629578
91.275777,93159,93.154,2190,3793.700787,3.793700787,4141.354626,-0.083946889
91.305808,93209,93.204,2184,3771.428571,3.771428571,4141.354626,-0.089324892
91.35577,93259,93.254,2192,3801.156069,3.801156069,4141.354626,-0.082146686
91.418546,93309,93.304,2229,3941.961415,3.941961415,4141.354626,-0.048146857
91.455821,93359,93.354,2245,4004.594595,4.004594595,4141.354626,-0.033023019
91.518362,93409,93.404,2219,3903.358209,3.903358209,4141.354626,-0.057468253
91.555835,93459,93.454,2200,3831.134565,3.831134565,4141.354626,-0.074907872
91.617957,93509,93.504,2202,3838.66878,3.83866878,4141.354626,-0.073088608
91.655798,93559,93.554,2200,3831.134565,3.831134565,4141.354626,-0.074907872
91.705791,93609,93.604,2201,3834.899683,3.834899683,4141.354626,-0.07399872
91.761846,93659,93.654,2202,3838.66878,3.83866878,4141.354626,-0.073088608
91.8058,93709,93.704,2206,3853.785071,3.853785071,4141.354626,-0.069438524
91.875259,93759,93.754,2216,3891.857371,3.891857371,4141.354626,-0.060245325
91.9058,93809,93.804,2224,3922.608231,3.922608231,4141.354626,-0.05282001
91.955768,93859,93.854,2240,3984.90566,3.98490566,4141.354626,-0.037777244
92.019827,93909,93.904,2233,3957.518797,3.957518797,4141.354626,-0.044390265
92.055799,93959,93.954,2237,3973.143165,3.973143165,4141.354626,-0.040617497
92.105832,94009,94.004,2230,3945.844504,3.945844504,4141.354626,-0.04720922
92.169266,94059,94.054,2229,3941.961415,3.941961415,4141.354626,-0.048146857
92.205799,94109,94.104,2226,3930.337079,3.930337079,4141.354626,-0.05095375
92.255827,94159,94.154,2243,3996.706263,3.996706263,4141.354626,-0.034927789
92.312294,94209,94.204,2212,3876.579926,3.876579926,4141.354626,-0.063934322
92.355805,94259,94.254,2208,3861.36725,3.86136725,4141.354626,-0.067607679
92.405809,94309,94.304,2205,3850.0,3.85,4141.354626,-0.070352494
92.476917,94359,94.354,2187,3782.54717,3.78254717,4141.354626,-0.086640119
92.505826,94409,94.404,2187,3782.54717,3.78254717,4141.354626,-0.086640119
92.568284,94459,94.454,2193,3804.88959,3.80488959,4141.354626,-0.081245164
92.605815,94509,94.504,2215,3888.031915,3.888031915,4141.354626,-0.061169046
92.655804,94559,94.554,2240,3984.90566,3.98490566,4141.354626,-0.037777244
92.7122,94609,94.604,2234,3961.418592,3.961418592,4141.354626,-0.043448593
92.755808,94659,94.654,2199,3827.373418,3.827373418,4141.354626,-0.075816064
92.818718,94709,94.704,2195,3812.368421,3.812368421,4141.354626,-0.079439274
92.855802,94759,94.754,2195,3812.368421,3.812368421,4141.354626,-0.079439274
92.927204,94809,94.804,2182,3764.035546,3.764035546,4141.354626,-0.091110063
92.955779,94859,94.854,2195,3812.368421,3.812368421,4141.354626,-0.079439274
93.02036,94909,94.904,2210,3868.965517,3.868965517,4141.354626,-0.065772949
93.055792,94959,94.954,2208,3861.36725,3.86136725,4141.354626,-0.067607679
93.105773,95009,95.004,2214,3884.210526,3.884210526,4141.354626,-0.062091785
93.168702,95059,95.054,2225,3926.470588,3.926470588,4141.354626,-0.051887379
93.205761,95109,95.104,2229,3941.961415,3.941961415,4141.354626,-0.048146857
93.255789,95159,95.154,2233,3957.518797,3.957518797,4141.354626,-0.044390265
93.319437,95209,95.204,2236,3969.230769,3.969230769,4141.354626,-0.041562211
93.355791,95259,95.254,2239,3980.980603,3.980980603,4141.354626,-0.038725016
93.411623,95309,95.304,2222,3914.895889,3.914895889,4141.354626,-0.054682286
93.455788,95359,95.354,2223,3918.75,3.91875,4141.354626,-0.053751645
93.505839,95409,95.404,2219,3903.358209,3.903358209,4141.354626,-0.057468253
93.577201,95459,95.454,2204,3846.218932,3.846218932,4141.354626,-0.071265497
93.605813,95509,95.504,2199,3827.373418,3.827373418,4141.354626,-0.075816064
93.655813,95559,95.554,2198,3823.616236,3.823616236,4141.354626,-0.076723299
93.719095,95609,95.604,2188,3786.261143,3.786261143,4141.354626,-0.085743317
93.75581,95659,95.654,2192,3801.156069,3.801156069,4141.354626,-0.082146686
93.80579,95709,95.704,2196,3816.113744,3.816113744,4141.354626,-0.078534902
93.869382,95759,95.754,2228,3938.082485,3.938082485,4141.354626,-0.04908349
93.90582,95809,95.804,2242,3992.768484,3.992768484,4141.354626,-0.035878633
93.961538,95859,95.854,2202,3838.66878,3.83866878,4141.354626,-0.073088608
94.005791,95909,95.904,2194,3808.627038,3.808627038,4141.354626,-0.080342694
94.055821,95959,95.954,2208,3861.36725,3.86136725,4141.354626,-0.067607679
94.1277,96009,96.004,2199,3827.373418,3.827373418,4141.354626,-0.075816064
94.155797,96059,96.054,2207,3857.574153,3.857574153,4141.354626,-0.068523587
94.205826,96109,96.104,2204,3846.218932,3.846218932,4141.354626,-0.071265497
94.270099,96159,96.154,2209,3865.164369,3.865164369,4141.354626,-0.066690801
94.3058,96209,96.204,2209,3865.164369,3.865164369,4141.354626,-0.066690801
94.355807,96259,96.254,2220,3907.2,3.9072,4141.354626,-0.056540588
94.419986,96309,96.304,2224,3922.608231,3.922608231,4141.354626,-0.05282001
94.455764,96359,96.354,2224,3922.608231,3.922608231,4141.354626,-0.05282001
94.505804,96409,96.404,2238,3977.059774,3.977059774,4141.354626,-0.039671766
94.562362,96459,96.454,2234,3961.418592,3.961418592,4141.354626,-0.043448593
94.605874,96509,96.504,2227,3934.207709,3.934207709,4141.354626,-0.050019121
94.676678,96559,96.554,2221,3911.045891,3.911045891,4141.354626,-0.055611933
94.705802,96609,96.604,2216,3891.857371,3.891857371,4141.354626,-0.060245325
94.755792,96659,96.654,2209,3865.164369,3.865164369,4141.354626,-0.066690801
94.819202,96709,96.704,2197,3819.863014,3.819863014,4141.354626,-0.077629578
94.855799,96759,96.754,2196,3816.113744,3.816113744,4141.354626,-0.078534902
94.918761,96809,96.804,2187,3782.54717,3.78254717,4141.354626,-0.086640119
94.955797,96859,96.854,2195,3812.368421,3.812368421,4141.354626,-0.079439274
95.01321,96909,96.904,2213,3880.393199,3.880393199,4141.354626,-0.063013543
95.055805,96959,96.954,2225,3926.470588,3.926470588,4141.354626,-0.051887379
95.105756,97009,97.004,2247,4012.5,4.0125,4141.354626,-0.031114125
95.170499,97059,97.054,2217,3895.686901,3.895686901,4141.354626,-0.05932062
95.205805,97109,97.104,2199,3827.373418,3.827373418,4141.354626,-0.075816064
95.277093,97159,97.154,2197,3819.863014,3.819863014,4141.354626,-0.077629578
95.305815,97209,97.204,2200,3831.134565,3.831134565,4141.354626,-0.074907872
95.368934,97259,97.254,2206,3853.785071,3.853785071,4141.354626,-0.069438524
95.405754,97309,97.304,2199,3827.373418,3.827373418,4141.354626,-0.075816064
95.45577,97359,97.354,2209,3865.164369,3.865164369,4141.354626,-0.066690801
95.519816,97409,97.404,2210,3868.965517,3.868965517,4141.354626,-0.065772949
95.555804,97459,97.454,2214,3884.210526,3.884210526,4141.354626,-0.062091785
95.611908,97509,97.504,2228,3938.082485,3.938082485,4141.354626,-0.04908349
95.655803,97559,97.554,2227,3934.207709,3.934207709,4141.354626,-0.050019121
95.705815,97609,97.604,2231,3949.73176,3.94973176,4141.354626,-0.046270576
95.777612,97659,97.654,2222,3914.895889,3.914895889,4141.354626,-0.054682286
95.805738,97709,97.704,2224,3922.608231,3.922608231,4141.354626,-0.05282001
95.855781,97759,97.754,2229,3941.961415,3.941961415,4141.354626,-0.048146857
95.91935,97809,97.804,2223,3918.75,3.91875,4141.354626,-0.053751645
95.955776,97859,97.854,2212,3876.579926,3.876579926,4141.354626,-0.063934322
96.022087,97909,97.904,2212,3876.579926,3.876579926,4141.354626,-0.063934322
96.055751,97959,97.954,2199,3827.373418,3.827373418,4141.354626,-0.075816064
96.105764,98009,98.004,2187,3782.54717,3.78254717,4141.354626,-0.086640119
96.162937,98059,98.054,2185,3775.13089,3.77513089,4141.354626,-0.088430905
96.205784,98109,98.104,2201,3834.899683,3.834899683,4141.354626,-0.07399872
96.276621,98159,98.154,2211,3872.770701,3.872770701,4141.354626,-0.064854124
96.305812,98209,98.204,2242,3992.768484,3.992768484,4141.354626,-0.035878633
96.369258,98259,98.254,2227,3934.207709,3.934207709,4141.354626,-0.050019121
96.405787,98309,98.304,2199,3827.373418,3.827373418,4141.354626,-0.075816064
96.455836,98359,98.354,2197,3819.863014,3.819863014,4141.354626,-0.077629578
96.520384,98409,98.404,2198,3823.616236,3.823616236,4141.354626,-0.076723299
96.555834,98459,98.454,2172,3727.301092,3.727301092,4141.354626,-0.099980217
96.605809,98509,98.504,2198,3823.616236,3.823616236,4141.354626,-0.076723299
96.663108,98559,98.554,2208,3861.36725,3.86136725,4141.354626,-0.067607679
96.705809,98609,98.604,2210,3868.965517,3.868965517,4141.354626,-0.065772949
96.755763,98659,98.654,2208,3861.36725,3.86136725,4141.354626,-0.067607679
96.828003,98709,98.704,2226,3930.337079,3.930337079,4141.354626,-0.05095375
96.855789,98759,98.754,2224,3922.608231,3.922608231,4141.354626,-0.05282001
96.919385,98809,98.804,2226,3930.337079,3.930337079,4141.354626,-0.05095375
96.955787,98859,98.854,2232,3953.623188,3.953623188,4141.354626,-0.045330925
97.021712,98909,98.904,2223,3918.75,3.91875,4141.354626,-0.053751645
97.055755,98959,98.954,2227,3934.207709,3.934207709,4141.354626,-0.050019121
97.105753,99009,99.004,2210,3868.965517,3.868965517,4141.354626,-0.065772949
97.170356,99059,99.054,2203,3842.44186,3.84244186,4141.354626,-0.072177534
97.205793,99109,99.104,2216,3891.857371,3.891857371,4141.354626,-0.060245325
97.262515,99159,99.154,2195,3812.368421,3.812368421,4141.354626,-0.079439274
97.305805,99209,99.204,2184,3771.428571,3.771428571,4141.354626,-0.089324892
97.377657,99259,99.254,2188,3786.261143,3.786261143,4141.354626,-0.085743317
97.405782,99309,99.304,2189,3789.979014,3.789979014,4141.354626,-0.084845574
97.455774,99359,99.354,2206,3853.785071,3.853785071,4141.354626,-0.069438524
97.520462,99409,99.404,2230,3945.844504,3.945844504,4141.354626,-0.04720922
97.555819,99459,99.454,2240,3984.90566,3.98490566,4141.354626,-0.037777244
97.619684,99509,99.504,2200,3831.134565,3.831134565,4141.354626,-0.074907872
97.65578,99559,99.554,2198,3823.616236,3.823616236,4141.354626,-0.076723299
97.705785,99609,99.604,2200,3831.134565,3.831134565,4141.354626,-0.074907872
97.763416,99659,99.654,2192,3801.156069,3.801156069,4141.354626,-0.082146686
97.805774,99709,99.704,2203,3842.44186,3.84244186,4141.354626,-0.072177534
97.855759,99759,99.754,2213,3880.393199,3.880393199,4141.354626,-0.063013543
97.920779,99809,99.804,2211,3872.770701,3.872770701,4141.354626,-0.064854124
97.955803,99859,99.854,2215,3888.031915,3.888031915,4141.354626,-0.061169046
98.021144,99909,99.904,2215,3888.031915,3.888031915,4141.354626,-0.061169046
98.055824,99959,99.954,2232,3953.623188,3.953623188,4141.354626,-0.045330925
98.105775,100009,100.004,2231,3949.73176,3.94973176,4141.354626,-0.046270576
98.1797,100059,100.054,2234,3961.418592,3.961418592,4141.354626,-0.043448593
98.205782,100109,100.104,2228,3938.082485,3.938082485,4141.354626,-0.04908349
98.272153,100159,100.154,2223,3918.75,3.91875,4141.354626,-0.053751645
98.305792,100209,100.204,2230,3945.844504,3.945844504,4141.354626,-0.04720922
98.36328,100259,100.254,2221,3911.045891,3.911045891,4141.354626,-0.055611933
98.405829,100309,100.304,2211,3872.770701,3.872770701,4141.354626,-0.064854124
98.478427,100359,100.354,2199,3827.373418,3.827373418,4141.354626,-0.075816064
98.505808,100409,100.404,2191,3797.426471,3.797426471,4141.354626,-0.08304726
98.555806,100459,100.454,2183,3767.730126,3.767730126,4141.354626,-0.090217944
98.62074,100509,100.504,2195,3812.368421,3.812368421,4141.354626,-0.079439274
98.65581,100559,100.554,2199,3827.373418,3.827373418,4141.354626,-0.075816064
98.720527,100609,100.604,2219,3903.358209,3.903358209,4141.354626,-0.057468253
98.755777,100659,100.654,2245,4004.594595,4.004594595,4141.354626,-0.033023019
98.805792,100709,100.704,2222,3914.895889,3.914895889,4141.354626,-0.054682286
98.864004,100759,100.754,2200,3831.134565,3.831134565,4141.354626,-0.074907872
98.905844,100809,100.804,2195,3812.368421,3.812368421,4141.354626,-0.079439274
98.979054,100859,100.854,2202,3838.66878,3.83866878,4141.354626,-0.073088608
99.005809,100909,100.904,2205,3850.0,3.85,4141.354626,-0.070352494
99.055792,100959,100.954,2207,3857.574153,3.857574153,4141.354626,-0.068523587
99.122009,101009,101.004,2209,3865.164369,3.865164369,4141.354626,-0.066690801
99.155784,101059,101.054,2218,3899.520511,3.899520511,4141.354626,-0.05839493
99.20578,101109,101.104,2224,3922.608231,3.922608231,4141.354626,-0.05282001
99.271818,101159,101.154,2228,3938.082485,3.938082485,4141.354626,-0.04908349
99.305819,101209,101.204,2228,3938.082485,3.938082485,4141.354626,-0.04908349
99.370807,101259,101.254,2242,3992.768484,3.992768484,4141.354626,-0.035878633
99.405809,101309,101.304,2226,3930.337079,3.930337079,4141.354626,-0.05095375
99.455759,101359,101.354,2229,3941.961415,3.941961415,4141.354626,-0.048146857
99.51469,101409,101.404,2230,3945.844504,3.945844504,4141.354626,-0.04720922
99.555793,101459,101.454,2225,3926.470588,3.926470588,4141.354626,-0.051887379
99.627901,101509,101.504,2214,3884.210526,3.884210526,4141.354626,-0.062091785
99.655783,101559,101.554,2218,3899.520511,3.899520511,4141.354626,-0.05839493
99.705756,101609,101.604,2194,3808.627038,3.808627038,4141.354626,-0.080342694
99.770602,101659,101.654,2196,3816.113744,3.816113744,4141.354626,-0.078534902
99.805798,101709,101.704,2173,3730.957336,3.730957336,4141.354626,-0.099097355
99.870436,101759,101.754,2202,3838.66878,3.83866878,4141.354626,-0.073088608
99.905784,101809,101.804,2231,3949.73176,3.94973176,4141.354626,-0.046270576
99.955775,101859,101.854,2238,3977.059774,3.977059774,4141.354626,-0.039671766
100.016008,101909,101.904,2228,3938.082485,3.938082485,4141.354626,-0.04908349
100.055747,101959,101.954,2200,3831.134565,3.831134565,4141.354626,-0.074907872
100.105837,102009,102.004,2192,3801.156069,3.801156069,4141.354626,-0.082146686
100.18032,102059,102.054,2186,3778.837087,3.778837087,4141.354626,-0.087535981
100.205771,102109,102.104,2199,3827.373418,3.827373418,4141.354626,-0.075816064
100.255831,102159,102.154,2216,3891.857371,3.891857371,4141.354626,-0.060245325
100.321374,102209,102.204,2213,3880.393199,3.880393199,4141.354626,-0.063013543
100.35582,102259,102.254,2231,3949.73176,3.94973176,4141.354626,-0.046270576
100.405803,102309,102.304,2214,3884.210526,3.884210526,4141.354626,-0.062091785
100.471417,102359,102.354,2208,3861.36725,3.86136725,4141.354626,-0.067607679
100.505815,102409,102.404,2226,3930.337079,3.930337079,4141.354626,-0.05095375
100.56374,102459,102.454,2230,3945.844504,3.945844504,4141.354626,-0.04720922
100.605795,102509,102.504,2237,3973.143165,3.973143165,4141.354626,-0.040617497
100.655794,102559,102.554,2228,3938.082485,3.938082485,4141.354626,-0.04908349
100.729106,102609,102.604,2230,3945.844504,3.945844504,4141.354626,-0.04720922
100.755755,102659,102.654,2233,3957.518797,3.957518797,4141.354626,-0.044390265
100.805792,102709,102.704,2217,3895.686901,3.895686901,4141.354626,-0.05932062
100.871252,102759,102.754,2209,3865.164369,3.865164369,4141.354626,-0.066690801
100.905761,102809,102.804,2192,3801.156069,3.801156069,4141.354626,-0.082146686
100.955814,102859,102.854,2190,3793.700787,3.793700787,4141.354626,-0.083946889
101.023045,102909,102.904,2191,3797.426471,3.797426471,4141.354626,-0.08304726
101.055763,102959,102.954,2188,3786.261143,3.786261143,4141.354626,-0.085743317
101.105719,103009,103.004,2204,3846.218932,3.846218932,4141.354626,-0.071265497
101.164898,103059,103.054,2229,3941.961415,3.941961415,4141.354626,-0.048146857
101.205774,103109,103.104,2234,3961.418592,3.961418592,4141.354626,-0.043448593
101.279493,103159,103.154,2201,3834.899683,3.834899683,4141.354626,-0.07399872
101.305768,103209,103.204,2191,3797.426471,3.797426471,4141.354626,-0.08304726
101.355781,103259,103.254,2193,3804.88959,3.80488959,4141.354626,-0.081245164
101.421558,103309,103.304,2193,3804.88959,3.80488959,4141.354626,-0.081245164
101.45578,103359,103.354,2204,3846.218932,3.846218932,4141.354626,-0.071265497
101.521582,103409,103.404,2205,3850.0,3.85,4141.354626,-0.070352494
101.555787,103459,103.454,2212,3876.579926,3.876579926,4141.354626,-0.063934322
101.614015,103509,103.504,2216,3891.857371,3.891857371,4141.354626,-0.060245325
101.655805,103559,103.554,2215,3888.031915,3.888031915,4141.354626,-0.061169046
101.729679,103609,103.604,2230,3945.844504,3.945844504,4141.354626,-0.04720922
101.75578,103659,103.654,2224,3922.608231,3.922608231,4141.354626,-0.05282001
101.805773,103709,103.704,2230,3945.844504,3.945844504,4141.354626,-0.04720922
101.871531,103759,103.754,2240,3984.90566,3.98490566,4141.354626,-0.037777244
101.905777,103809,103.804,2209,3865.164369,3.865164369,4141.354626,-0.066690801
101.972012,103859,103.854,2241,3988.834951,3.988834951,4141.354626,-0.036828451
102.005787,103909,103.904,2208,3861.36725,3.86136725,4141.354626,-0.067607679
102.072426,103959,103.954,2191,3797.426471,3.797426471,4141.354626,-0.08304726
102.105743,104009,104.004,2192,3801.156069,3.801156069,4141.354626,-0.082146686
102.155765,104059,104.054,2198,3823.616236,3.823616236,4141.354626,-0.076723299
102.215734,104109,104.104,2190,3793.700787,3.793700787,4141.354626,-0.083946889
102.255798,104159,104.154,2199,3827.373418,3.827373418,4141.354626,-0.075816064
102.328935,104209,104.204,2216,3891.857371,3.891857371,4141.354626,-0.060245325
102.355761,104259,104.254,2223,3918.75,3.91875,4141.354626,-0.053751645
102.405835,104309,104.304,2246,4008.54516,4.00854516,4141.354626,-0.032069088
102.471688,104359,104.354,2226,3930.337079,3.930337079,4141.354626,-0.05095375
102.505778,104409,104.404,2200,3831.134565,3.831134565,4141.354626,-0.074907872
102.555804,104459,104.454,2191,3797.426471,3.797426471,4141.354626,-0.08304726
102.622596,104509,104.504,2202,3838.66878,3.83866878,4141.354626,-0.073088608
102.655796,104559,104.554,2208,3861.36725,3.86136725,4141.354626,-0.067607679
102.70578,104609,104.604,2209,3865.164369,3.865164369,4141.354626,-0.066690801
102.765309,104659,104.654,2207,3857.574153,3.857574153,4141.354626,-0.068523587
102.805807,104709,104.704,2221,3911.045891,3.911045891,4141.354626,-0.055611933
102.87996,104759,104.754,2220,3907.2,3.9072,4141.354626,-0.056540588
102.905755,104809,104.804,2219,3903.358209,3.903358209,4141.354626,-0.057468253
102.955781,104859,104.854,2224,3922.608231,3.922608231,4141.354626,-0.05282001
103.023079,104909,104.904,2234,3961.418592,3.961418592,4141.354626,-0.043448593
103.055774,104959,104.954,2231,3949.73176,3.94973176,4141.354626,-0.046270576
103.10578,105009,105.004,2224,3922.608231,3.922608231,4141.354626,-0.05282001
103.165337,105059,105.054,2224,3922.608231,3.922608231,4141.354626,-0.05282001
103.205796,105109,105.104,2218,3899.520511,3.899520511,4141.354626,-0.05839493
103.272908,105159,105.154,2205,3850.0,3.85,4141.354626,-0.070352494
103.305793,105209,105.204,2214,3884.210526,3.884210526,4141.354626,-0.062091785
103.355797,105259,105.254,2198,3823.616236,3.823616236,4141.354626,-0.076723299
103.430224,105309,105.304,2192,3801.156069,3.801156069,4141.354626,-0.082146686
103.455778,105359,105.354,2190,3793.700787,3.793700787,4141.354626,-0.083946889
103.505765,105409,105.404,2197,3819.863014,3.819863014,4141.354626,-0.077629578
103.571807,105459,105.454,2217,3895.686901,3.895686901,4141.354626,-0.05932062
103.605809,105509,105.504,2244,4000.648298,4.000648298,4141.354626,-0.033975919
103.671741,105559,105.554,2231,3949.73176,3.94973176,4141.354626,-0.046270576
103.705766,105609,105.604,2203,3842.44186,3.84244186,4141.354626,-0.072177534
103.755764,105659,105.654,2200,3831.134565,3.831134565,4141.354626,-0.074907872
103.815184,105709,105.704,2209,3865.164369,3.865164369,4141.354626,-0.066690801
103.855781,105759,105.754,2197,3819.863014,3.819863014,4141.354626,-0.077629578
103.928944,105809,105.804,2206,3853.785071,3.853785071,4141.354626,-0.069438524
103.955671,105859,105.854,2215,3888.031915,3.888031915,4141.354626,-0.061169046
104.005732,105909,105.904,2216,3891.857371,3.891857371,4141.354626,-0.060245325
104.072693,105959,105.954,2212,3876.579926,3.876579926,4141.354626,-0.063934322
104.105742,106009,106.004,2214,3884.210526,3.884210526,4141.354626,-0.062091785
104.155766,106059,106.054,2235,3965.322581,3.965322581,4141.354626,-0.042505909
104.222815,106109,106.104,2234,3961.418592,3.961418592,4141.354626,-0.043448593
104.255777,106159,106.154,2236,3969.230769,3.969230769,4141.354626,-0.041562211
104.321941,106209,106.204,2223,3918.75,3.91875,4141.354626,-0.053751645
104.355771,106259,106.254,2224,3922.608231,3.922608231,4141.354626,-0.05282001
104.40575,106309,106.304,2223,3918.75,3.91875,4141.354626,-0.053751645
104.465318,106359,106.354,2208,3861.36725,3.86136725,4141.354626,-0.067607679
104.505764,106409,106.404,2214,3884.210526,3.884210526,4141.354626,-0.062091785
104.578812,106459,106.454,2196,3816.113744,3.816113744,4141.354626,-0.078534902
104.605783,106509,106.504,2189,3789.979014,3.789979014,4141.354626,-0.084845574
104.672215,106559,106.554,2192,3801.156069,3.801156069,4141.354626,-0.082146686
104.705795,106609,106.604,2197,3819.863014,3.819863014,4141.354626,-0.077629578
104.771759,106659,106.654,2211,3872.770701,3.872770701,4141.354626,-0.064854124
104.805792,106709,106.704,2234,3961.418592,3.961418592,4141.354626,-0.043448593
104.855803,106759,106.754,2236,3969.230769,3.969230769,4141.354626,-0.041562211
104.915496,106809,106.804,2207,3857.574153,3.857574153,4141.354626,-0.068523587
104.955786,106859,106.854,2210,3868.965517,3.868965517,4141.354626,-0.065772949
105.029801,106909,106.904,2203,3842.44186,3.84244186,4141.354626,-0.072177534
105.05571,106959,106.954,2199,3827.373418,3.827373418,4141.354626,-0.075816064
105.105752,107009,107.004,2213,3880.393199,3.880393199,4141.354626,-0.063013543
105.173264,107059,107.054,2207,3857.574153,3.857574153,4141.354626,-0.068523587
105.205777,107109,107.104,2222,3914.895889,3.914895889,4141.354626,-0.054682286
105.272473,107159,107.154,2224,3922.608231,3.922608231,4141.354626,-0.05282001
105.305781,107209,107.204,2225,3926.470588,3.926470588,4141.354626,-0.051887379
105.372688,107259,107.254,2224,3922.608231,3.922608231,4141.354626,-0.05282001
105.405817,107309,107.304,2232,3953.623188,3.953623188,4141.354626,-0.045330925
105.465341,107359,107.354,2242,3992.768484,3.992768484,4141.354626,-0.035878633
105.505775,107409,107.404,2237,3973.143165,3.973143165,4141.354626,-0.040617497
105.555793,107459,107.454,2231,3949.73176,3.94973176,4141.354626,-0.046270576
105.630528,107509,107.504,2223,3918.75,3.91875,4141.354626,-0.053751645
105.655737,107559,107.554,2217,3895.686901,3.895686901,4141.354626,-0.05932062
105.705729,107609,107.604,2213,3880.393199,3.880393199,4141.354626,-0.063013543
105.771959,107659,107.654,2197,3819.863014,3.819863014,4141.354626,-0.077629578
105.80578,107709,107.704,2193,3804.88959,3.80488959,4141.354626,-0.081245164
105.872317,107759,107.754,2190,3793.700787,3.793700787,4141.354626,-0.083946889
105.905734,107809,107.804,2192,3801.156069,3.801156069,4141.354626,-0.082146686
105.955738,107859,107.854,2205,3850.0,3.85,4141.354626,-0.070352494
106.017025,107909,107.904,2226,3930.337079,3.930337079,4141.354626,-0.05095375
106.055762,107959,107.954,2248,4016.459123,4.016459123,4141.354626,-0.030158128
106.105785,108009,108.004,2217,3895.686901,3.895686901,4141.354626,-0.05932062
106.180739,108059,108.054,2208,3861.36725,3.86136725,4141.354626,-0.067607679
106.205766,108109,108.104,2203,3842.44186,3.84244186,4141.354626,-0.072177534
106.255774,108159,108.154,2208,3861.36725,3.86136725,4141.354626,-0.067607679
106.322345,108209,108.204,2209,3865.164369,3.865164369,4141.354626,-0.066690801
106.355771,108259,108.254,2204,3846.218932,3.846218932,4141.354626,-0.071265497
106.405708,108309,108.304,2211,3872.770701,3.872770701,4141.354626,-0.064854124
106.47272,108359,108.354,2221,3911.045891,3.911045891,4141.354626,-0.055611933
106.505809,108409,108.404,2221,3911.045891,3.911045891,4141.354626,-0.055611933
106.565259,108459,108.454,2222,3914.895889,3.914895889,4141.354626,-0.054682286
106.605767,108509,108.504,2224,3922.608231,3.922608231,4141.354626,-0.05282001
106.655808,108559,108.554,2238,3977.059774,3.977059774,4141.354626,-0.039671766
106.730628,108609,108.604,2233,3957.518797,3.957518797,4141.354626,-0.044390265
106.755762,108659,108.654,2230,3945.844504,3.945844504,4141.354626,-0.04720922
106.805777,108709,108.704,2225,3926.470588,3.926470588,4141.354626,-0.051887379
106.87251,108759,108.754,2209,3865.164369,3.865164369,4141.354626,-0.066690801
106.90579,108809,108.804,2214,3884.210526,3.884210526,4141.354626,-0.062091785
106.973896,108859,108.854,2203,3842.44186,3.84244186,4141.354626,-0.072177534
107.005768,108909,108.904,2199,3827.373418,3.827373418,4141.354626,-0.075816064
107.055765,108959,108.954,2188,3786.261143,3.786261143,4141.354626,-0.085743317
107.116401,109009,109.004,2193,3804.88959,3.80488959,4141.354626,-0.081245164
107.155807,109059,109.054,2199,3827.373418,3.827373418,4141.354626,-0.075816064
107.230282,109109,109.104,2217,3895.686901,3.895686901,4141.354626,-0.05932062
107.255787,109159,109.154,2238,3977.059774,3.977059774,4141.354626,-0.039671766
107.305725,109209,109.204,2236,3969.230769,3.969230769,4141.354626,-0.041562211
107.372507,109259,109.254,2203,3842.44186,3.84244186,4141.354626,-0.072177534
107.405753,109309,109.304,2200,3831.134565,3.831134565,4141.354626,-0.074907872
107.472512,109359,109.354,2213,3880.393199,3.880393199,4141.354626,-0.063013543
107.505778,109409,109.404,2203,3842.44186,3.84244186,4141.354626,-0.072177534
107.565617,109459,109.454,2200,3831.134565,3.831134565,4141.354626,-0.074907872
107.60577,109509,109.504,2214,3884.210526,3.884210526,4141.354626,-0.062091785
107.655799,109559,109.554,2220,3907.2,3.9072,4141.354626,-0.056540588
107.730671,109609,109.604,2236,3969.230769,3.969230769,4141.354626,-0.041562211
107.755724,109659,109.654,2226,3930.337079,3.930337079,4141.354626,-0.05095375
107.805738,109709,109.704,2229,3941.961415,3.941961415,4141.354626,-0.048146857
107.873097,109759,109.754,2236,3969.230769,3.969230769,4141.354626,-0.041562211
107.905788,109809,109.804,2234,3961.418592,3.961418592,4141.354626,-0.043448593
107.972747,109859,109.854,2223,3918.75,3.91875,4141.354626,-0.053751645
108.005716,109909,109.904,2222,3914.895889,3.914895889,4141.354626,-0.054682286
108.055766,109959,109.954,2203,3842.44186,3.84244186,4141.354626,-0.072177534
108.117122,110009,110.004,2211,3872.770701,3.872770701,4141.354626,-0.064854124
108.155794,110059,110.054,2214,3884.210526,3.884210526,4141.354626,-0.062091785
108.223457,110109,110.104,2198,3823.616236,3.823616236,4141.354626,-0.076723299
108.255783,110159,110.154,2204,3846.218932,3.846218932,4141.354626,-0.071265497
108.305769,110209,110.204,2196,3816.113744,3.816113744,4141.354626,-0.078534902
108.380686,110259,110.254,2195,3812.368421,3.812368421,4141.354626,-0.079439274
108.405741,110309,110.304,2218,3899.520511,3.899520511,4141.354626,-0.05839493
108.455728,110359,110.354,2237,3973.143165,3.973143165,4141.354626,-0.040617497
108.516844,110409,110.404,2232,3953.623188,3.953623188,4141.354626,-0.045330925
108.555825,110459,110.454,2217,3895.686901,3.895686901,4141.354626,-0.05932062
108.62962,110509,110.504,2206,3853.785071,3.853785071,4141.354626,-0.069438524
108.655747,110559,110.554,2212,3876.579926,3.876579926,4141.354626,-0.063934322
108.705742,110609,110.604,2203,3842.44186,3.84244186,4141.354626,-0.072177534
108.765979,110659,110.654,2209,3865.164369,3.865164369,4141.354626,-0.066690801
108.805781,110709,110.704,2218,3899.520511,3.899520511,4141.354626,-0.05839493
108.879956,110759,110.754,2214,3884.210526,3.884210526,4141.354626,-0.062091785
108.905766,110809,110.804,2230,3945.844504,3.945844504,4141.354626,-0.04720922
108.955736,110859,110.854,2223,3918.75,3.91875,4141.354626,-0.053751645
109.024107,110909,110.904,2238,3977.059774,3.977059774,4141.354626,-0.039671766
109.055707,110959,110.954,2234,3961.418592,3.961418592,4141.354626,-0.043448593
109.105701,111009,111.004,2243,3996.706263,3.996706263,4141.354626,-0.034927789
109.174171,111059,111.054,2227,3934.207709,3.934207709,4141.354626,-0.050019121
109.205777,111109,111.104,2234,3961.418592,3.961418592,4141.354626,-0.043448593
109.266539,111159,111.154,2223,3918.75,3.91875,4141.354626,-0.053751645
109.305756,111209,111.204,2212,3876.579926,3.876579926,4141.354626,-0.063934322
109.355791,111259,111.254,2229,3941.961415,3.941961415,4141.354626,-0.048146857
109.43187,111309,111.304,2216,3891.857371,3.891857371,4141.354626,-0.060245325
109.455761,111359,111.354,2200,3831.134565,3.831134565,4141.354626,-0.074907872
109.505719,111409,111.404,2195,3812.368421,3.812368421,4141.354626,-0.079439274
109.573733,111459,111.454,2205,3850.0,3.85,4141.354626,-0.070352494
109.605792,111509,111.504,2213,3880.393199,3.880393199,4141.354626,-0.063013543
109.673396,111559,111.554,2233,3957.518797,3.957518797,4141.354626,-0.044390265
109.705741,111609,111.604,2251,4028.362256,4.028362256,4141.354626,-0.027283915
109.755804,111659,111.654,2209,3865.164369,3.865164369,4141.354626,-0.066690801
109.816823,111709,111.704,2198,3823.616236,3.823616236,4141.354626,-0.076723299
109.855784,111759,111.754,2198,3823.616236,3.823616236,4141.354626,-0.076723299
109.905764,111809,111.804,2209,3865.164369,3.865164369,4141.354626,-0.066690801
109.981469,111859,111.854,2215,3888.031915,3.888031915,4141.354626,-0.061169046
110.005783,111909,111.904,2211,3872.770701,3.872770701,4141.354626,-0.064854124
110.074801,111959,111.954,2212,3876.579926,3.876579926,4141.354626,-0.063934322
110.105704,112009,112.004,2217,3895.686901,3.895686901,4141.354626,-0.05932062
110.155729,112059,112.054,2222,3914.895889,3.914895889,4141.354626,-0.054682286
110.224429,112109,112.104,2223,3918.75,3.91875,4141.354626,-0.053751645
110.255786,112159,112.154,2231,3949.73176,3.94973176,4141.354626,-0.046270576
110.32423,112209,112.204,2242,3992.768484,3.992768484,4141.354626,-0.035878633
110.355741,112259,112.254,2235,3965.322581,3.965322581,4141.354626,-0.042505909
110.405806,112309,112.304,2225,3926.470588,3.926470588,4141.354626,-0.051887379
110.467059,112359,112.354,2222,3914.895889,3.914895889,4141.354626,-0.054682286
110.505752,112409,112.404,2221,3911.045891,3.911045891,4141.354626,-0.055611933
110.555846,112459,112.454,2209,3865.164369,3.865164369,4141.354626,-0.066690801
110.631505,112509,112.504,2216,3891.857371,3.891857371,4141.354626,-0.060245325
110.655787,112559,112.554,2198,3823.616236,3.823616236,4141.354626,-0.076723299
110.705692,112609,112.604,2196,3816.113744,3.816113744,4141.354626,-0.078534902
110.773352,112659,112.654,2180,3756.657963,3.756657963,4141.354626,-0.092891505
110.805787,112709,112.704,2197,3819.863014,3.819863014,4141.354626,-0.077629578
110.873304,112759,112.754,2212,3876.579926,3.876579926,4141.354626,-0.063934322
110.90573,112809,112.804,2239,3980.980603,3.980980603,4141.354626,-0.038725016
110.95574,112859,112.854,2228,3938.082485,3.938082485,4141.354626,-0.04908349
111.018476,112909,112.904,2205,3850.0,3.85,4141.354626,-0.070352494
111.055702,112959,112.954,2203,3842.44186,3.84244186,4141.354626,-0.072177534
111.105716,113009,113.004,2199,3827.373418,3.827373418,4141.354626,-0.075816064
111.18182,113059,113.054,2210,3868.965517,3.868965517,4141.354626,-0.065772949
111.205755,113109,113.104,2210,3868.965517,3.868965517,4141.354626,-0.065772949
111.274414,113159,113.154,2204,3846.218932,3.846218932,4141.354626,-0.071265497
111.305764,113209,113.204,2223,3918.75,3.91875,4141.354626,-0.053751645
111.373608,113259,113.254,2229,3941.961415,3.941961415,4141.354626,-0.048146857
111.405771,113309,113.304,2222,3914.895889,3.914895889,4141.354626,-0.054682286
111.455774,113359,113.354,2234,3961.418592,3.961418592,4141.354626,-0.043448593
111.517839,113409,113.404,2222,3914.895889,3.914895889,4141.354626,-0.054682286
111.55577,113459,113.454,2237,3973.143165,3.973143165,4141.354626,-0.040617497
111.605765,113509,113.504,2226,3930.337079,3.930337079,4141.354626,-0.05095375
111.681912,113559,113.554,2219,3903.358209,3.903358209,4141.354626,-0.057468253
111.705779,113609,113.604,2219,3903.358209,3.903358209,4141.354626,-0.057468253
111.773872,113659,113.654,2214,3884.210526,3.884210526,4141.354626,-0.062091785
111.805776,113709,113.704,2221,3911.045891,3.911045891,4141.354626,-0.055611933
111.855762,113759,113.754,2198,3823.616236,3.823616236,4141.354626,-0.076723299
111.924249,113809,113.804,2192,3801.156069,3.801156069,4141.354626,-0.082146686
111.95573,113859,113.854,2185,3775.13089,3.77513089,4141.354626,-0.088430905
112.019931,113909,113.904,2206,3853.785071,3.853785071,4141.354626,-0.069438524
112.055749,113959,113.954,2218,3899.520511,3.899520511,4141.354626,-0.05839493
112.105746,114009,114.004,2238,3977.059774,3.977059774,4141.354626,-0.039671766
112.182726,114059,114.054,2240,3984.90566,3.98490566,4141.354626,-0.037777244
112.205776,114109,114.104,2214,3884.210526,3.884210526,4141.354626,-0.062091785
112.274424,114159,114.154,2195,3812.368421,3.812368421,4141.354626,-0.079439274
112.305724,114209,114.204,2202,3838.66878,3.83866878,4141.354626,-0.073088608
112.355763,114259,114.254,2202,3838.66878,3.83866878,4141.354626,-0.073088608
112.424676,114309,114.304,2221,3911.045891,3.911045891,4141.354626,-0.055611933
112.455747,114359,114.354,2220,3907.2,3.9072,4141.354626,-0.056540588
112.505758,114409,114.404,2214,3884.210526,3.884210526,4141.354626,-0.062091785
112.56795,114459,114.454,2230,3945.844504,3.945844504,4141.354626,-0.04720922
112.605746,114509,114.504,2228,3938.082485,3.938082485,4141.354626,-0.04908349
112.655765,114559,114.554,2230,3945.844504,3.945844504,4141.354626,-0.04720922
112.732547,114609,114.604,2239,3980.980603,3.980980603,4141.354626,-0.038725016
112.755754,114659,114.654,2232,3953.623188,3.953623188,4141.354626,-0.045330925
112.805742,114709,114.704,2240,3984.90566,3.98490566,4141.354626,-0.037777244
112.874551,114759,114.754,2216,3891.857371,3.891857371,4141.354626,-0.060245325
112.90578,114809,114.804,2229,3941.961415,3.941961415,4141.354626,-0.048146857
112.974531,114859,114.854,2211,3872.770701,3.872770701,4141.354626,-0.064854124
113.005755,114909,114.904,2216,3891.857371,3.891857371,4141.354626,-0.060245325
113.055714,114959,114.954,2211,3872.770701,3.872770701,4141.354626,-0.064854124
113.118895,115009,115.004,2194,3808.627038,3.808627038,4141.354626,-0.080342694
113.155759,115059,115.054,2193,3804.88959,3.80488959,4141.354626,-0.081245164
113.232412,115109,115.104,2201,3834.899683,3.834899683,4141.354626,-0.07399872
113.255765,115159,115.154,2210,3868.965517,3.868965517,4141.354626,-0.065772949
113.32429,115209,115.204,2235,3965.322581,3.965322581,4141.354626,-0.042505909
113.355716,115259,115.254,2236,3969.230769,3.969230769,4141.354626,-0.041562211
113.405712,115309,115.304,2208,3861.36725,3.86136725,4141.354626,-0.067607679
113.46788,115359,115.354,2200,3831.134565,3.831134565,4141.354626,-0.074907872
113.50572,115409,115.404,2205,3850.0,3.85,4141.354626,-0.070352494
113.575437,115459,115.454,2192,3801.156069,3.801156069,4141.354626,-0.082146686
113.605731,115509,115.504,2204,3846.218932,3.846218932,4141.354626,-0.071265497
113.674997,115559,115.554,2209,3865.164369,3.865164369,4141.354626,-0.066690801
113.705714,115609,115.604,2210,3868.965517,3.868965517,4141.354626,-0.065772949
113.755742,115659,115.654,2224,3922.608231,3.922608231,4141.354626,-0.05282001
113.83225,115709,115.704,2232,3953.623188,3.953623188,4141.354626,-0.045330925
113.855753,115759,115.754,2215,3888.031915,3.888031915,4141.354626,-0.061169046
113.924551,115809,115.804,2229,3941.961415,3.941961415,4141.354626,-0.048146857
113.955645,115859,115.854,2222,3914.895889,3.914895889,4141.354626,-0.054682286
114.005702,115909,115.904,2226,3930.337079,3.930337079,4141.354626,-0.05095375
114.092239,115959,115.954,2230,3945.844504,3.945844504,4141.354626,-0.04720922
114.105729,116009,116.004,2224,3922.608231,3.922608231,4141.354626,-0.05282001
114.17751,116059,116.054,2218,3899.520511,3.899520511,4141.354626,-0.05839493
114.205679,116109,116.104,2212,3876.579926,3.876579926,4141.354626,-0.063934322
114.255639,116159,116.154,2213,3880.393199,3.880393199,4141.354626,-0.063013543
114.323831,116209,116.204,2200,3831.134565,3.831134565,4141.354626,-0.074907872
114.355808,116259,116.254,2170,3720.0,3.72,4141.354626,-0.101743189
114.434208,116309,116.304,2197,3819.863014,3.819863014,4141.354626,-0.077629578
114.455699,116359,116.354,2204,3846.218932,3.846218932,4141.354626,-0.071265497
114.505718,116409,116.404,2208,3861.36725,3.86136725,4141.354626,-0.067607679
114.574564,116459,116.454,2244,4000.648298,4.000648298,4141.354626,-0.033975919
114.605712,116509,116.504,2237,3973.143165,3.973143165,4141.354626,-0.040617497
114.655783,116559,116.554,2199,3827.373418,3.827373418,4141.354626,-0.075816064
114.726046,116609,116.604,2197,3819.863014,3.819863014,4141.354626,-0.077629578
114.755716,116659,116.654,2193,3804.88959,3.80488959,4141.354626,-0.081245164
114.805762,116709,116.704,2196,3816.113744,3.816113744,4141.354626,-0.078534902
114.868357,116759,116.754,2196,3816.113744,3.816113744,4141.354626,-0.078534902
114.905728,116809,116.804,2217,3895.686901,3.895686901,4141.354626,-0.05932062
114.955731,116859,116.854,2228,3938.082485,3.938082485,4141.354626,-0.04908349
115.036041,116909,116.904,2221,3911.045891,3.911045891,4141.354626,-0.055611933
115.055701,116959,116.954,2225,3926.470588,3.926470588,4141.354626,-0.051887379
115.105723,117009,117.004,2224,3922.608231,3.922608231,4141.354626,-0.05282001
115.175794,117059,117.054,2230,3945.844504,3.945844504,4141.354626,-0.04720922
115.205725,117109,117.104,2238,3977.059774,3.977059774,4141.354626,-0.039671766
115.275302,117159,117.154,2229,3941.961415,3.941961415,4141.354626,-0.048146857
115.305709,117209,117.204,2224,3922.608231,3.922608231,4141.354626,-0.05282001
115.355712,117259,117.254,2222,3914.895889,3.914895889,4141.354626,-0.054682286
115.418515,117309,117.304,2212,3876.579926,3.876579926,4141.354626,-0.063934322
115.455719,117359,117.354,2218,3899.520511,3.899520511,4141.354626,-0.05839493
115.532109,117409,117.404,2199,3827.373418,3.827373418,4141.354626,-0.075816064
115.555695,117459,117.454,2186,3778.837087,3.778837087,4141.354626,-0.087535981
115.605741,117509,117.504,2201,3834.899683,3.834899683,4141.354626,-0.07399872
115.675456,117559,117.554,2192,3801.156069,3.801156069,4141.354626,-0.082146686
115.705726,117609,117.604,2213,3880.393199,3.880393199,4141.354626,-0.063013543
115.755758,117659,117.654,2233,3957.518797,3.957518797,4141.354626,-0.044390265
115.825799,117709,117.704,2234,3961.418592,3.961418592,4141.354626,-0.043448593
115.855761,117759,117.754,2205,3850.0,3.85,4141.354626,-0.070352494
115.91829,117809,117.804,2197,3819.863014,3.819863014,4141.354626,-0.077629578
115.955738,117859,117.854,2180,3756.657963,3.756657963,4141.354626,-0.092891505
116.03405,117909,117.904,2196,3816.113744,3.816113744,4141.354626,-0.078534902
116.05568,117959,117.954,2203,3842.44186,3.84244186,4141.354626,-0.072177534
116.105744,118009,118.004,2213,3880.393199,3.880393199,4141.354626,-0.063013543
116.176466,118059,118.054,2222,3914.895889,3.914895889,4141.354626,-0.054682286
116.205733,118109,118.104,2224,3922.608231,3.922608231,4141.354626,-0.05282001
116.25578,118159,118.154,2224,3922.608231,3.922608231,4141.354626,-0.05282001
116.326614,118209,118.204,2228,3938.082485,3.938082485,4141.354626,-0.04908349
116.355773,118259,118.254,2230,3945.844504,3.945844504,4141.354626,-0.04720922
116.405753,118309,118.304,2232,3953.623188,3.953623188,4141.354626,-0.045330925
116.468785,118359,118.354,2222,3914.895889,3.914895889,4141.354626,-0.054682286
116.505745,118409,118.404,2238,3977.059774,3.977059774,4141.354626,-0.039671766
116.555847,118459,118.454,2222,3914.895889,3.914895889,4141.354626,-0.054682286
116.63401,118509,118.504,2206,3853.785071,3.853785071,4141.354626,-0.069438524
116.655741,118559,118.554,2213,3880.393199,3.880393199,4141.354626,-0.063013543
116.705761,118609,118.604,2204,3846.218932,3.846218932,4141.354626,-0.071265497
116.775711,118659,118.654,2189,3789.979014,3.789979014,4141.354626,-0.084845574
116.805757,118709,118.704,2192,3801.156069,3.801156069,4141.354626,-0.082146686
116.855765,118759,118.754,2197,3819.863014,3.819863014,4141.354626,-0.077629578
116.927352,118809,118.804,2209,3865.164369,3.865164369,4141.354626,-0.066690801
116.955778,118859,118.854,2229,3941.961415,3.941961415,4141.354626,-0.048146857
117.02044,118909,118.904,2239,3980.980603,3.980980603,4141.354626,-0.038725016
117.055769,118959,118.954,2220,3907.2,3.9072,4141.354626,-0.056540588
117.105741,119009,119.004,2205,3850.0,3.85,4141.354626,-0.070352494
117.184575,119059,119.054,2195,3812.368421,3.812368421,4141.354626,-0.079439274
117.205709,119109,119.104,2197,3819.863014,3.819863014,4141.354626,-0.077629578
117.255732,119159,119.154,2191,3797.426471,3.797426471,4141.354626,-0.08304726
117.326489,119209,119.204,2206,3853.785071,3.853785071,4141.354626,-0.069438524
117.355743,119259,119.254,2211,3872.770701,3.872770701,4141.354626,-0.064854124
117.42599,119309,119.304,2223,3918.75,3.91875,4141.354626,-0.053751645
117.455737,119359,119.354,2222,3914.895889,3.914895889,4141.354626,-0.054682286
117.505769,119409,119.404,2229,3941.961415,3.941961415,4141.354626,-0.048146857
117.569587,119459,119.454,2252,4032.338578,4.032338578,4141.354626,-0.026323765
117.605736,119509,119.504,2228,3938.082485,3.938082485,4141.354626,-0.04908349
117.655762,119559,119.554,2231,3949.73176,3.94973176,4141.354626,-0.046270576
117.734322,119609,119.604,2225,3926.470588,3.926470588,4141.354626,-0.051887379
117.755716,119659,119.654,2218,3899.520511,3.899520511,4141.354626,-0.05839493
117.805739,119709,119.704,2212,3876.579926,3.876579926,4141.354626,-0.063934322
117.876271,119759,119.754,2211,3872.770701,3.872770701,4141.354626,-0.064854124
117.905769,119809,119.804,2210,3868.965517,3.868965517,4141.354626,-0.065772949
117.976851,119859,119.854,2196,3816.113744,3.816113744,4141.354626,-0.078534902
118.005744,119909,119.904,2186,3778.837087,3.778837087,4141.354626,-0.087535981
118.055678,119959,119.954,2186,3778.837087,3.778837087,4141.354626,-0.087535981
118.119373,120009,120.004,2188,3786.261143,3.786261143,4141.354626,-0.085743317
118.15574,120059,120.054,2214,3884.210526,3.884210526,4141.354626,-0.062091785
118.234836,120109,120.104,2243,3996.706263,3.996706263,4141.354626,-0.034927789
118.255689,120159,120.154,2233,3957.518797,3.957518797,4141.354626,-0.044390265
118.305747,120209,120.204,2199,3827.373418,3.827373418,4141.354626,-0.075816064
118.376805,120259,120.254,2206,3853.785071,3.853785071,4141.354626,-0.069438524
118.405732,120309,120.304,2192,3801.156069,3.801156069,4141.354626,-0.082146686
118.455747,120359,120.354,2198,3823.616236,3.823616236,4141.354626,-0.076723299
118.520136,120409,120.404,2196,3816.113744,3.816113744,4141.354626,-0.078534902
118.555828,120459,120.454,2223,3918.75,3.91875,4141.354626,-0.053751645
118.633677,120509,120.504,2223,3918.75,3.91875,4141.354626,-0.053751645
118.655661,120559,120.554,2241,3988.834951,3.988834951,4141.354626,-0.036828451
118.705713,120609,120.604,2226,3930.337079,3.930337079,4141.354626,-0.05095375
118.769212,120659,120.654,2223,3918.75,3.91875,4141.354626,-0.053751645
118.805706,120709,120.704,2234,3961.418592,3.961418592,4141.354626,-0.043448593
118.855779,120759,120.754,2243,3996.706263,3.996706263,4141.354626,-0.034927789
118.93641,120809,120.804,2223,3918.75,3.91875,4141.354626,-0.053751645
118.9557,120859,120.854,2226,3930.337079,3.930337079,4141.354626,-0.05095375
119.005663,120909,120.904,2221,3911.045891,3.911045891,4141.354626,-0.055611933
119.077509,120959,120.954,2211,3872.770701,3.872770701,4141.354626,-0.064854124
119.105698,121009,121.004,2217,3895.686901,3.895686901,4141.354626,-0.05932062
119.177788,121059,121.054,2205,3850.0,3.85,4141.354626,-0.070352494
119.205713,121109,121.104,2197,3819.863014,3.819863014,4141.354626,-0.077629578
119.269561,121159,121.154,2180,3756.657963,3.756657963,4141.354626,-0.092891505
119.305753,121209,121.204,2188,3786.261143,3.786261143,4141.354626,-0.085743317
119.384475,121259,121.254,2209,3865.164369,3.865164369,4141.354626,-0.066690801
119.40568,121309,121.304,2236,3969.230769,3.969230769,4141.354626,-0.041562211
119.455741,121359,121.354,2227,3934.207709,3.934207709,4141.354626,-0.050019121
119.526984,121409,121.404,2200,3831.134565,3.831134565,4141.354626,-0.074907872
119.555749,121459,121.454,2191,3797.426471,3.797426471,4141.354626,-0.08304726
119.626962,121509,121.504,2215,3888.031915,3.888031915,4141.354626,-0.061169046
119.655745,121559,121.554,2198,3823.616236,3.823616236,4141.354626,-0.076723299
119.728196,121609,121.604,2196,3816.113744,3.816113744,4141.354626,-0.078534902
119.755739,121659,121.654,2209,3865.164369,3.865164369,4141.354626,-0.066690801
119.805756,121709,121.704,2218,3899.520511,3.899520511,4141.354626,-0.05839493
119.870366,121759,121.754,2222,3914.895889,3.914895889,4141.354626,-0.054682286
119.9058,121809,121.804,2226,3930.337079,3.930337079,4141.354626,-0.05095375
119.984151,121859,121.854,2227,3934.207709,3.934207709,4141.354626,-0.050019121
120.005715,121909,121.904,2230,3945.844504,3.945844504,4141.354626,-0.04720922
120.055713,121959,121.954,2232,3953.623188,3.953623188,4141.354626,-0.045330925
120.128684,122009,122.004,2232,3953.623188,3.953623188,4141.354626,-0.045330925
120.155692,122059,122.054,2229,3941.961415,3.941961415,4141.354626,-0.048146857
120.205708,122109,122.104,2218,3899.520511,3.899520511,4141.354626,-0.05839493
120.278282,122159,122.154,2221,3911.045891,3.911045891,4141.354626,-0.055611933
120.305735,122209,122.204,2220,3907.2,3.9072,4141.354626,-0.056540588
120.369553,122259,122.254,2210,3868.965517,3.868965517,4141.354626,-0.065772949
120.405768,122309,122.304,2199,3827.373418,3.827373418,4141.354626,-0.075816064
120.483832,122359,122.354,2187,3782.54717,3.78254717,4141.354626,-0.086640119
120.505745,122409,122.404,2195,3812.368421,3.812368421,4141.354626,-0.079439274
120.555751,122459,122.454,2204,3846.218932,3.846218932,4141.354626,-0.071265497
120.627861,122509,122.504,2226,3930.337079,3.930337079,4141.354626,-0.05095375
120.655718,122559,122.554,2235,3965.322581,3.965322581,4141.354626,-0.042505909
120.705723,122609,122.604,2213,3880.393199,3.880393199,4141.354626,-0.063013543
120.777292,122659,122.654,2192,3801.156069,3.801156069,4141.354626,-0.082146686
120.805753,122709,122.704,2199,3827.373418,3.827373418,4141.354626,-0.075816064
120.869909,122759,122.754,2204,3846.218932,3.846218932,4141.354626,-0.071265497
120.905738,122809,122.804,2200,3831.134565,3.831134565,4141.354626,-0.074907872
120.955743,122859,122.854,2202,3838.66878,3.83866878,4141.354626,-0.073088608
121.03582,122909,122.904,2207,3857.574153,3.857574153,4141.354626,-0.068523587
121.055693,122959,122.954,2216,3891.857371,3.891857371,4141.354626,-0.060245325
121.105714,123009,123.004,2229,3941.961415,3.941961415,4141.354626,-0.048146857
121.178232,123059,123.054,2229,3941.961415,3.941961415,4141.354626,-0.048146857
121.205707,123109,123.104,2224,3922.608231,3.922608231,4141.354626,-0.05282001
121.255736,123159,123.154,2237,3973.143165,3.973143165,4141.354626,-0.040617497
121.327236,123209,123.204,2239,3980.980603,3.980980603,4141.354626,-0.038725016
121.355744,123259,123.254,2233,3957.518797,3.957518797,4141.354626,-0.044390265
121.419755,123309,123.304,2224,3922.608231,3.922608231,4141.354626,-0.05282001
121.455722,123359,123.354,2216,3891.857371,3.891857371,4141.354626,-0.060245325
121.505754,123409,123.404,2215,3888.031915,3.888031915,4141.354626,-0.061169046
121.585044,123459,123.454,2208,3861.36725,3.86136725,4141.354626,-0.067607679
121.605715,123509,123.504,2207,3857.574153,3.857574153,4141.354626,-0.068523587
121.655737,123559,123.554,2188,3786.261143,3.786261143,4141.354626,-0.085743317
121.726548,123609,123.604,2225,3926.470588,3.926470588,4141.354626,-0.051887379
121.755703,123659,123.654,2192,3801.156069,3.801156069,4141.354626,-0.082146686
121.805719,123709,123.704,2211,3872.770701,3.872770701,4141.354626,-0.064854124
121.876724,123759,123.754,2235,3965.322581,3.965322581,4141.354626,-0.042505909
121.905723,123809,123.804,2226,3930.337079,3.930337079,4141.354626,-0.05095375
121.969329,123859,123.854,2198,3823.616236,3.823616236,4141.354626,-0.076723299
122.005761,123909,123.904,2193,3804.88959,3.80488959,4141.354626,-0.081245164
122.084304,123959,123.954,2196,3816.113744,3.816113744,4141.354626,-0.078534902
122.105679,124009,124.004,2194,3808.627038,3.808627038,4141.354626,-0.080342694
122.155711,124059,124.054,2195,3812.368421,3.812368421,4141.354626,-0.079439274
122.227398,124109,124.104,2207,3857.574153,3.857574153,4141.354626,-0.068523587
122.255869,124159,124.154,2217,3895.686901,3.895686901,4141.354626,-0.05932062
122.327078,124209,124.204,2234,3961.418592,3.961418592,4141.354626,-0.043448593
122.355701,124259,124.254,2220,3907.2,3.9072,4141.354626,-0.056540588
122.405715,124309,124.304,2228,3938.082485,3.938082485,4141.354626,-0.04908349
122.469869,124359,124.354,2246,4008.54516,4.00854516,4141.354626,-0.032069088
122.505702,124409,124.404,2238,3977.059774,3.977059774,4141.354626,-0.039671766
122.555818,124459,124.454,2244,4000.648298,4.000648298,4141.354626,-0.033975919
122.636207,124509,124.504,2218,3899.520511,3.899520511,4141.354626,-0.05839493
122.65571,124559,124.554,2216,3891.857371,3.891857371,4141.354626,-0.060245325
122.705705,124609,124.604,2201,3834.899683,3.834899683,4141.354626,-0.07399872
122.77691,124659,124.654,2213,3880.393199,3.880393199,4141.354626,-0.063013543
122.805706,124709,124.704,2203,3842.44186,3.84244186,4141.354626,-0.072177534
122.87765,124759,124.754,2201,3834.899683,3.834899683,4141.354626,-0.07399872
122.905709,124809,124.804,2171,3723.648649,3.723648649,4141.354626,-0.100862161
122.977609,124859,124.854,2189,3789.979014,3.789979014,4141.354626,-0.084845574
123.005665,124909,124.904,2208,3861.36725,3.86136725,4141.354626,-0.067607679
123.055716,124959,124.954,2232,3953.623188,3.953623188,4141.354626,-0.045330925
123.120369,125009,125.004,2223,3918.75,3.91875,4141.354626,-0.053751645
123.155716,125059,125.054,2199,3827.373418,3.827373418,4141.354626,-0.075816064
123.205708,125109,125.104,2191,3797.426471,3.797426471,4141.354626,-0.08304726
123.28525,125159,125.154,2199,3827.373418,3.827373418,4141.354626,-0.075816064
123.305653,125209,125.204,2180,3756.657963,3.756657963,4141.354626,-0.092891505
123.355743,125259,125.254,2201,3834.899683,3.834899683,4141.354626,-0.07399872
123.427143,125309,125.304,2200,3831.134565,3.831134565,4141.354626,-0.074907872
123.455746,125359,125.354,2213,3880.393199,3.880393199,4141.354626,-0.063013543
123.527692,125409,125.404,2222,3914.895889,3.914895889,4141.354626,-0.054682286
123.555702,125459,125.454,2218,3899.520511,3.899520511,4141.354626,-0.05839493
123.605705,125509,125.504,2230,3945.844504,3.945844504,4141.354626,-0.04720922
123.670022,125559,125.554,2236,3969.230769,3.969230769,4141.354626,-0.041562211
123.705735,125609,125.604,2234,3961.418592,3.961418592,4141.354626,-0.043448593
123.784192,125659,125.654,2223,3918.75,3.91875,4141.354626,-0.053751645
123.8057,125709,125.704,2214,3884.210526,3.884210526,4141.354626,-0.062091785
123.855722,125759,125.754,2210,3868.965517,3.868965517,4141.354626,-0.065772949
123.926949,125809,125.804,2211,3872.770701,3.872770701,4141.354626,-0.064854124
123.955729,125859,125.854,2206,3853.785071,3.853785071,4141.354626,-0.069438524
124.021497,125909,125.904,2203,3842.44186,3.84244186,4141.354626,-0.072177534
124.055715,125959,125.954,2194,3808.627038,3.808627038,4141.354626,-0.080342694
124.105718,126009,126.004,2196,3816.113744,3.816113744,4141.354626,-0.078534902
124.178549,126059,126.054,2192,3801.156069,3.801156069,4141.354626,-0.082146686
124.205718,126109,126.104,2193,3804.88959,3.80488959,4141.354626,-0.081245164
124.284371,126159,126.154,2217,3895.686901,3.895686901,4141.354626,-0.05932062
124.305704,126209,126.204,2236,3969.230769,3.969230769,4141.354626,-0.041562211
124.355734,126259,126.254,2208,3861.36725,3.86136725,4141.354626,-0.067607679
124.427177,126309,126.304,2190,3793.700787,3.793700787,4141.354626,-0.083946889
124.455693,126359,126.354,2198,3823.616236,3.823616236,4141.354626,-0.076723299
124.505727,126409,126.404,2191,3797.426471,3.797426471,4141.354626,-0.08304726
124.577207,126459,126.454,2195,3812.368421,3.812368421,4141.354626,-0.079439274
124.605693,126509,126.504,2209,3865.164369,3.865164369,4141.354626,-0.066690801
124.655729,126559,126.554,2208,3861.36725,3.86136725,4141.354626,-0.067607679
124.72016,126609,126.604,2219,3903.358209,3.903358209,4141.354626,-0.057468253
124.755696,126659,126.654,2220,3907.2,3.9072,4141.354626,-0.056540588
124.80573,126709,126.704,2218,3899.520511,3.899520511,4141.354626,-0.05839493
124.885428,126759,126.754,2227,3934.207709,3.934207709,4141.354626,-0.050019121
124.905662,126809,126.804,2238,3977.059774,3.977059774,4141.354626,-0.039671766
124.955817,126859,126.854,2234,3961.418592,3.961418592,4141.354626,-0.043448593
125.028845,126909,126.904,2234,3961.418592,3.961418592,4141.354626,-0.043448593
125.055722,126959,126.954,2228,3938.082485,3.938082485,4141.354626,-0.04908349
125.105667,127009,127.004,2215,3888.031915,3.888031915,4141.354626,-0.061169046
125.177308,127059,127.054,2218,3899.520511,3.899520511,4141.354626,-0.05839493
125.205678,127109,127.104,2212,3876.579926,3.876579926,4141.354626,-0.063934322
125.270213,127159,127.154,2209,3865.164369,3.865164369,4141.354626,-0.066690801
125.305695,127209,127.204,2188,3786.261143,3.786261143,4141.354626,-0.085743317
125.383937,127259,127.254,2191,3797.426471,3.797426471,4141.354626,-0.08304726
125.405723,127309,127.304,2192,3801.156069,3.801156069,4141.354626,-0.082146686
125.477121,127359,127.354,2219,3903.358209,3.903358209,4141.354626,-0.057468253
125.505696,127409,127.404,2234,3961.418592,3.961418592,4141.354626,-0.043448593
125.555735,127459,127.454,2223,3918.75,3.91875,4141.354626,-0.053751645
125.627004,127509,127.504,2197,3819.863014,3.819863014,4141.354626,-0.077629578
125.655705,127559,127.554,2191,3797.426471,3.797426471,4141.354626,-0.08304726
125.705713,127609,127.604,2192,3801.156069,3.801156069,4141.354626,-0.082146686
125.770356,127659,127.654,2192,3801.156069,3.801156069,4141.354626,-0.082146686
125.805701,127709,127.704,2199,3827.373418,3.827373418,4141.354626,-0.075816064
125.855702,127759,127.754,2215,3888.031915,3.888031915,4141.354626,-0.061169046
125.936023,127809,127.804,2197,3819.863014,3.819863014,4141.354626,-0.077629578
125.955692,127859,127.854,2212,3876.579926,3.876579926,4141.354626,-0.063934322
126.031423,127909,127.904,2215,3888.031915,3.888031915,4141.354626,-0.061169046
126.055703,127959,127.954,2227,3934.207709,3.934207709,4141.354626,-0.050019121
126.105705,128009,128.004,2238,3977.059774,3.977059774,4141.354626,-0.039671766
126.178294,128059,128.054,2239,3980.980603,3.980980603,4141.354626,-0.038725016
126.205685,128109,128.104,2252,4032.338578,4.032338578,4141.354626,-0.026323765
126.255732,128159,128.154,2227,3934.207709,3.934207709,4141.354626,-0.050019121
126.321045,128209,128.204,2228,3938.082485,3.938082485,4141.354626,-0.04908349
126.355656,128259,128.254,2221,3911.045891,3.911045891,4141.354626,-0.055611933
126.405718,128309,128.304,2216,3891.857371,3.891857371,4141.354626,-0.060245325
126.485644,128359,128.354,2201,3834.899683,3.834899683,4141.354626,-0.07399872
126.505682,128409,128.404,2188,3786.261143,3.786261143,4141.354626,-0.085743317
126.555748,128459,128.454,2184,3771.428571,3.771428571,4141.354626,-0.089324892
126.627066,128509,128.504,2196,3816.113744,3.816113744,4141.354626,-0.078534902
126.655672,128559,128.554,2203,3842.44186,3.84244186,4141.354626,-0.072177534
126.705681,128609,128.604,2235,3965.322581,3.965322581,4141.354626,-0.042505909
126.779013,128659,128.654,2213,3880.393199,3.880393199,4141.354626,-0.063013543
126.805676,128709,128.704,2195,3812.368421,3.812368421,4141.354626,-0.079439274
126.870079,128759,128.754,2203,3842.44186,3.84244186,4141.354626,-0.072177534
126.905729,128809,128.804,2197,3819.863014,3.819863014,4141.354626,-0.077629578
126.984382,128859,128.854,2191,3797.426471,3.797426471,4141.354626,-0.08304726
127.005661,128909,128.904,2192,3801.156069,3.801156069,4141.354626,-0.082146686
127.055697,128959,128.954,2204,3846.218932,3.846218932,4141.354626,-0.071265497
127.128625,129009,129.004,2202,3838.66878,3.83866878,4141.354626,-0.073088608
127.155673,129059,129.054,2219,3903.358209,3.903358209,4141.354626,-0.057468253
127.205683,129109,129.104,2220,3907.2,3.9072,4141.354626,-0.056540588
127.280242,129159,129.154,2226,3930.337079,3.930337079,4141.354626,-0.05095375
127.305683,129209,129.204,2230,3945.844504,3.945844504,4141.354626,-0.04720922
127.370493,129259,129.254,2235,3965.322581,3.965322581,4141.354626,-0.042505909
127.405686,129309,129.304,2242,3992.768484,3.992768484,4141.354626,-0.035878633
127.45571,129359,129.354,2222,3914.895889,3.914895889,4141.354626,-0.054682286
127.536345,129409,129.404,2215,3888.031915,3.888031915,4141.354626,-0.061169046
127.555703,129459,129.454,2216,3891.857371,3.891857371,4141.354626,-0.060245325
127.605705,129509,129.504,2221,3911.045891,3.911045891,4141.354626,-0.055611933
127.677696,129559,129.554,2206,3853.785071,3.853785071,4141.354626,-0.069438524
127.705706,129609,129.604,2194,3808.627038,3.808627038,4141.354626,-0.080342694
127.777423,129659,129.654,2188,3786.261143,3.786261143,4141.354626,-0.085743317
127.805678,129709,129.704,2196,3816.113744,3.816113744,4141.354626,-0.078534902
127.855679,129759,129.754,2173,3730.957336,3.730957336,4141.354626,-0.099097355
127.922019,129809,129.804,2219,3903.358209,3.903358209,4141.354626,-0.057468253
127.955716,129859,129.854,2221,3911.045891,3.911045891,4141.354626,-0.055611933
128.036464,129909,129.904,2205,3850.0,3.85,4141.354626,-0.070352494
128.055649,129959,129.954,2185,3775.13089,3.77513089,4141.354626,-0.088430905
128.105742,130009,130.004,2193,3804.88959,3.80488959,4141.354626,-0.081245164
128.179038,130059,130.054,2191,3797.426471,3.797426471,4141.354626,-0.08304726
128.205691,130109,130.104,2197,3819.863014,3.819863014,4141.354626,-0.077629578
128.2557,130159,130.154,2199,3827.373418,3.827373418,4141.354626,-0.075816064
128.329209,130209,130.204,2204,3846.218932,3.846218932,4141.354626,-0.071265497
128.355673,130259,130.254,2209,3865.164369,3.865164369,4141.354626,-0.066690801
128.405737,130309,130.304,2222,3914.895889,3.914895889,4141.354626,-0.054682286
128.471698,130359,130.354,2225,3926.470588,3.926470588,4141.354626,-0.051887379
128.505708,130409,130.404,2226,3930.337079,3.930337079,4141.354626,-0.05095375
128.55577,130459,130.454,2246,4008.54516,4.00854516,4141.354626,-0.032069088
128.636854,130509,130.504,2234,3961.418592,3.961418592,4141.354626,-0.043448593
128.655697,130559,130.554,2233,3957.518797,3.957518797,4141.354626,-0.044390265
128.705706,130609,130.604,2219,3903.358209,3.903358209,4141.354626,-0.057468253
128.778342,130659,130.654,2218,3899.520511,3.899520511,4141.354626,-0.05839493
128.805637,130709,130.704,2213,3880.393199,3.880393199,4141.354626,-0.063013543
128.855637,130759,130.754,2211,3872.770701,3.872770701,4141.354626,-0.064854124
128.920949,130809,130.804,2178,3749.295775,3.749295775,4141.354626,-0.094669229
128.955668,130859,130.854,2184,3771.428571,3.771428571,4141.354626,-0.089324892
129.029361,130909,130.904,2184,3771.428571,3.771428571,4141.354626,-0.089324892
129.055688,130959,130.954,2191,3797.426471,3.797426471,4141.354626,-0.08304726
129.105659,131009,131.004,2203,3842.44186,3.84244186,4141.354626,-0.072177534
129.179539,131059,131.054,2227,3934.207709,3.934207709,4141.354626,-0.050019121
129.205665,131109,131.104,2229,3941.961415,3.941961415,4141.354626,-0.048146857
129.288672,131159,131.154,2189,3789.979014,3.789979014,4141.354626,-0.084845574
129.305664,131209,131.204,2185,3775.13089,3.77513089,4141.354626,-0.088430905
129.355718,131259,131.254,2192,3801.156069,3.801156069,4141.354626,-0.082146686
129.428798,131309,131.304,2193,3804.88959,3.80488959,4141.354626,-0.081245164
129.455631,131359,131.354,2205,3850.0,3.85,4141.354626,-0.070352494
129.505676,131409,131.404,2222,3914.895889,3.914895889,4141.354626,-0.054682286
129.572506,131459,131.454,2204,3846.218932,3.846218932,4141.354626,-0.071265497
129.60568,131509,131.504,2217,3895.686901,3.895686901,4141.354626,-0.05932062
129.687667,131559,131.554,2224,3922.608231,3.922608231,4141.354626,-0.05282001
129.705605,131609,131.604,2230,3945.844504,3.945844504,4141.354626,-0.04720922
129.755722,131659,131.654,2230,3945.844504,3.945844504,4141.354626,-0.04720922
129.829729,131709,131.704,2234,3961.418592,3.961418592,4141.354626,-0.043448593
129.855642,131759,131.754,2228,3938.082485,3.938082485,4141.354626,-0.04908349
129.905728,131809,131.804,2226,3930.337079,3.930337079,4141.354626,-0.05095375
129.980374,131859,131.854,2211,3872.770701,3.872770701,4141.354626,-0.064854124
130.005679,131909,131.904,2211,3872.770701,3.872770701,4141.354626,-0.064854124
130.055608,131959,131.954,2221,3911.045891,3.911045891,4141.354626,-0.055611933
130.123862,132009,132.004,2202,3838.66878,3.83866878,4141.354626,-0.073088608
130.155674,132059,132.054,2189,3789.979014,3.789979014,4141.354626,-0.084845574
130.237688,132109,132.104,2187,3782.54717,3.78254717,4141.354626,-0.086640119
130.255639,132159,132.154,2190,3793.700787,3.793700787,4141.354626,-0.083946889
130.305671,132209,132.204,2210,3868.965517,3.868965517,4141.354626,-0.065772949
130.379996,132259,132.254,2231,3949.73176,3.94973176,4141.354626,-0.046270576
130.405712,132309,132.304,2226,3930.337079,3.930337079,4141.354626,-0.05095375
130.47976,132359,132.354,2207,3857.574153,3.857574153,4141.354626,-0.068523587
130.505642,132409,132.404,2193,3804.88959,3.80488959,4141.354626,-0.081245164
130.555778,132459,132.454,2184,3771.428571,3.771428571,4141.354626,-0.089324892
130.630891,132509,132.504,2180,3756.657963,3.756657963,4141.354626,-0.092891505
130.655647,132559,132.554,2190,3793.700787,3.793700787,4141.354626,-0.083946889
130.705642,132609,132.604,2193,3804.88959,3.80488959,4141.354626,-0.081245164
130.773152,132659,132.654,2207,3857.574153,3.857574153,4141.354626,-0.068523587
130.805692,132709,132.704,2216,3891.857371,3.891857371,4141.354626,-0.060245325
130.889059,132759,132.754,2214,3884.210526,3.884210526,4141.354626,-0.062091785
130.905684,132809,132.804,2214,3884.210526,3.884210526,4141.354626,-0.062091785
130.955706,132859,132.854,2226,3930.337079,3.930337079,4141.354626,-0.05095375
131.031746,132909,132.904,2250,4024.390244,4.024390244,4141.354626,-0.028243025
131.055624,132959,132.954,2231,3949.73176,3.94973176,4141.354626,-0.046270576
131.10561,133009,133.004,2225,3926.470588,3.926470588,4141.354626,-0.051887379
131.181103,133059,133.054,2216,3891.857371,3.891857371,4141.354626,-0.060245325
131.205634,133109,133.104,2226,3930.337079,3.930337079,4141.354626,-0.05095375
131.274198,133159,133.154,2222,3914.895889,3.914895889,4141.354626,-0.054682286
131.305657,133209,133.204,2207,3857.574153,3.857574153,4141.354626,-0.068523587
131.387803,133259,133.254,2184,3771.428571,3.771428571,4141.354626,-0.089324892
131.405609,133309,133.304,2186,3778.837087,3.778837087,4141.354626,-0.087535981
131.455676,133359,133.354,2193,3804.88959,3.80488959,4141.354626,-0.081245164
131.531244,133409,133.404,2197,3819.863014,3.819863014,4141.354626,-0.077629578
131.555673,133459,133.454,2215,3888.031915,3.888031915,4141.354626,-0.061169046
131.605674,133509,133.504,2239,3980.980603,3.980980603,4141.354626,-0.038725016
131.680917,133559,133.554,2211,3872.770701,3.872770701,4141.354626,-0.064854124
131.705682,133609,133.604,2187,3782.54717,3.78254717,4141.354626,-0.086640119
131.773949,133659,133.654,2186,3778.837087,3.778837087,4141.354626,-0.087535981
131.805699,133709,133.704,2192,3801.156069,3.801156069,4141.354626,-0.082146686
131.888177,133759,133.754,2192,3801.156069,3.801156069,4141.354626,-0.082146686
131.905668,133809,133.804,2194,3808.627038,3.808627038,4141.354626,-0.080342694
131.955675,133859,133.854,2198,3823.616236,3.823616236,4141.354626,-0.076723299
132.033612,133909,133.904,2223,3918.75,3.91875,4141.354626,-0.053751645
132.055605,133959,133.954,2213,3880.393199,3.880393199,4141.354626,-0.063013543
132.105669,134009,134.004,2218,3899.520511,3.899520511,4141.354626,-0.05839493
132.18214,134059,134.054,2216,3891.857371,3.891857371,4141.354626,-0.060245325
132.205629,134109,134.104,2225,3926.470588,3.926470588,4141.354626,-0.051887379
132.255718,134159,134.154,2232,3953.623188,3.953623188,4141.354626,-0.045330925
132.323952,134209,134.204,2213,3880.393199,3.880393199,4141.354626,-0.063013543
132.355687,134259,134.254,2210,3868.965517,3.868965517,4141.354626,-0.065772949
132.405679,134309,134.304,2221,3911.045891,3.911045891,4141.354626,-0.055611933
132.489502,134359,134.354,2216,3891.857371,3.891857371,4141.354626,-0.060245325
132.50568,134409,134.404,2198,3823.616236,3.823616236,4141.354626,-0.076723299
132.580873,134459,134.454,2188,3786.261143,3.786261143,4141.354626,-0.085743317
132.605665,134509,134.504,2189,3789.979014,3.789979014,4141.354626,-0.084845574
132.655667,134559,134.554,2170,3720.0,3.72,4141.354626,-0.101743189
132.73072,134609,134.604,2181,3760.344828,3.760344828,4141.354626,-0.092001249
132.755656,134659,134.654,2208,3861.36725,3.86136725,4141.354626,-0.067607679
132.805646,134709,134.704,2239,3980.980603,3.980980603,4141.354626,-0.038725016
132.873983,134759,134.754,2225,3926.470588,3.926470588,4141.354626,-0.051887379
132.905589,134809,134.804,2191,3797.426471,3.797426471,4141.354626,-0.08304726
132.955685,134859,134.854,2190,3793.700787,3.793700787,4141.354626,-0.083946889
133.03958,134909,134.904,2195,3812.368421,3.812368421,4141.354626,-0.079439274
133.055637,134959,134.954,2189,3789.979014,3.789979014,4141.354626,-0.084845574
133.105646,135009,135.004,2189,3789.979014,3.789979014,4141.354626,-0.084845574
133.182387,135059,135.054,2196,3816.113744,3.816113744,4141.354626,-0.078534902
133.205639,135109,135.104,2202,3838.66878,3.83866878,4141.354626,-0.073088608
133.255634,135159,135.154,2214,3884.210526,3.884210526,4141.354626,-0.062091785
133.33219,135209,135.204,2221,3911.045891,3.911045891,4141.354626,-0.055611933
133.355647,135259,135.254,2218,3899.520511,3.899520511,4141.354626,-0.05839493
133.424254,135309,135.304,2217,3895.686901,3.895686901,4141.354626,-0.05932062
133.455633,135359,135.354,2224,3922.608231,3.922608231,4141.354626,-0.05282001
133.505632,135409,135.404,2222,3914.895889,3.914895889,4141.354626,-0.054682286
133.589555,135459,135.454,2216,3891.857371,3.891857371,4141.354626,-0.060245325
133.60563,135509,135.504,2212,3876.579926,3.876579926,4141.354626,-0.063934322
133.655652,135559,135.554,2206,3853.785071,3.853785071,4141.354626,-0.069438524
133.731624,135609,135.604,2207,3857.574153,3.857574153,4141.354626,-0.068523587
133.755646,135659,135.654,2208,3861.36725,3.86136725,4141.354626,-0.067607679
133.805707,135709,135.704,2183,3767.730126,3.767730126,4141.354626,-0.090217944
133.881617,135759,135.754,2197,3819.863014,3.819863014,4141.354626,-0.077629578
133.905637,135809,135.804,2174,3734.617387,3.734617387,4141.354626,-0.098213574
133.955647,135859,135.854,2195,3812.368421,3.812368421,4141.354626,-0.079439274
134.026788,135909,135.904,2223,3918.75,3.91875,4141.354626,-0.053751645
134.055629,135959,135.954,2224,3922.608231,3.922608231,4141.354626,-0.05282001
134.105638,136009,136.004,2206,3853.785071,3.853785071,4141.354626,-0.069438524
134.190282,136059,136.054,2202,3838.66878,3.83866878,4141.354626,-0.073088608
134.205649,136109,136.104,2200,3831.134565,3.831134565,4141.354626,-0.074907872
134.282411,136159,136.154,2183,3767.730126,3.767730126,4141.354626,-0.090217944
134.305661,136209,136.204,2189,3789.979014,3.789979014,4141.354626,-0.084845574
134.374361,136259,136.254,2197,3819.863014,3.819863014,4141.354626,-0.077629578
134.405694,136309,136.304,2200,3831.134565,3.831134565,4141.354626,-0.074907872
134.481455,136359,136.354,2211,3872.770701,3.872770701,4141.354626,-0.064854124
134.505646,136409,136.404,2219,3903.358209,3.903358209,4141.354626,-0.057468253
134.555717,136459,136.454,2223,3918.75,3.91875,4141.354626,-0.053751645
134.638431,136509,136.504,2216,3891.857371,3.891857371,4141.354626,-0.060245325
134.655656,136559,136.554,2224,3922.608231,3.922608231,4141.354626,-0.05282001
134.705647,136609,136.604,2223,3918.75,3.91875,4141.354626,-0.053751645
134.780907,136659,136.654,2218,3899.520511,3.899520511,4141.354626,-0.05839493
134.805668,136709,136.704,2222,3914.895889,3.914895889,4141.354626,-0.054682286
134.881196,136759,136.754,2216,3891.857371,3.891857371,4141.354626,-0.060245325
134.905664,136809,136.804,2239,3980.980603,3.980980603,4141.354626,-0.038725016
134.955649,136859,136.854,2226,3930.337079,3.930337079,4141.354626,-0.05095375
135.025876,136909,136.904,2185,3775.13089,3.77513089,4141.354626,-0.088430905
135.055693,136959,136.954,2190,3793.700787,3.793700787,4141.354626,-0.083946889
135.105629,137009,137.004,2184,3771.428571,3.771428571,4141.354626,-0.089324892
135.190025,137059,137.054,2183,3767.730126,3.767730126,4141.354626,-0.090217944
135.205653,137109,137.104,2211,3872.770701,3.872770701,4141.354626,-0.064854124
135.282569,137159,137.154,2230,3945.844504,3.945844504,4141.354626,-0.04720922
135.305655,137209,137.204,2221,3911.045891,3.911045891,4141.354626,-0.055611933
135.382126,137259,137.254,2194,3808.627038,3.808627038,4141.354626,-0.080342694
135.405625,137309,137.304,2190,3793.700787,3.793700787,4141.354626,-0.083946889
135.455634,137359,137.354,2195,3812.368421,3.812368421,4141.354626,-0.079439274
135.536524,137409,137.404,2193,3804.88959,3.80488959,4141.354626,-0.081245164
135.555627,137459,137.454,2199,3827.373418,3.827373418,4141.354626,-0.075816064
135.605645,137509,137.504,2192,3801.156069,3.801156069,4141.354626,-0.082146686
135.678753,137559,137.554,2219,3903.358209,3.903358209,4141.354626,-0.057468253
135.705633,137609,137.604,2213,3880.393199,3.880393199,4141.354626,-0.063013543
135.75563,137659,137.654,2235,3965.322581,3.965322581,4141.354626,-0.042505909
135.842881,137709,137.704,2213,3880.393199,3.880393199,4141.354626,-0.063013543
135.855629,137759,137.754,2239,3980.980603,3.980980603,4141.354626,-0.038725016
135.90565,137809,137.804,2231,3949.73176,3.94973176,4141.354626,-0.046270576
135.9857,137859,137.854,2227,3934.207709,3.934207709,4141.354626,-0.050019121
136.005643,137909,137.904,2212,3876.579926,3.876579926,4141.354626,-0.063934322
136.055649,137959,137.954,2222,3914.895889,3.914895889,4141.354626,-0.054682286
136.129724,138009,138.004,2213,3880.393199,3.880393199,4141.354626,-0.063013543
136.155679,138059,138.054,2214,3884.210526,3.884210526,4141.354626,-0.062091785
136.24352,138109,138.104,2195,3812.368421,3.812368421,4141.354626,-0.079439274
136.255722,138159,138.154,2187,3782.54717,3.78254717,4141.354626,-0.086640119
136.336109,138209,138.204,2180,3756.657963,3.756657963,4141.354626,-0.092891505
136.355636,138259,138.254,2198,3823.616236,3.823616236,4141.354626,-0.076723299
136.405664,138309,138.304,2202,3838.66878,3.83866878,4141.354626,-0.073088608
136.485847,138359,138.354,2234,3961.418592,3.961418592,4141.354626,-0.043448593
136.505718,138409,138.404,2219,3903.358209,3.903358209,4141.354626,-0.057468253
136.585407,138459,138.454,2201,3834.899683,3.834899683,4141.354626,-0.07399872
136.605613,138509,138.504,2196,3816.113744,3.816113744,4141.354626,-0.078534902
136.655671,138559,138.554,2187,3782.54717,3.78254717,4141.354626,-0.086640119
136.729329,138609,138.604,2189,3789.979014,3.789979014,4141.354626,-0.084845574
136.755641,138659,138.654,2192,3801.156069,3.801156069,4141.354626,-0.082146686
136.805627,138709,138.704,2201,3834.899683,3.834899683,4141.354626,-0.07399872
136.893309,138759,138.754,2203,3842.44186,3.84244186,4141.354626,-0.072177534
136.905637,138809,138.804,2211,3872.770701,3.872770701,4141.354626,-0.064854124
136.986299,138859,138.854,2214,3884.210526,3.884210526,4141.354626,-0.062091785
137.005649,138909,138.904,2220,3907.2,3.9072,4141.354626,-0.056540588
137.087328,138959,138.954,2217,3895.686901,3.895686901,4141.354626,-0.05932062
137.105634,139009,139.004,2222,3914.895889,3.914895889,4141.354626,-0.054682286
137.155658,139059,139.054,2214,3884.210526,3.884210526,4141.354626,-0.062091785
137.229618,139109,139.104,2213,3880.393199,3.880393199,4141.354626,-0.063013543
137.255653,139159,139.154,2205,3850.0,3.85,4141.354626,-0.070352494
137.305616,139209,139.204,2208,3861.36725,3.86136725,4141.354626,-0.067607679
137.394814,139259,139.254,2204,3846.218932,3.846218932,4141.354626,-0.071265497
137.405659,139309,139.304,2202,3838.66878,3.83866878,4141.354626,-0.073088608
137.487044,139359,139.354,2174,3734.617387,3.734617387,4141.354626,-0.098213574
137.505657,139409,139.404,2180,3756.657963,3.756657963,4141.354626,-0.092891505
137.555639,139459,139.454,2180,3756.657963,3.756657963,4141.354626,-0.092891505
137.636738,139509,139.504,2192,3801.156069,3.801156069,4141.354626,-0.082146686
137.655616,139559,139.554,2231,3949.73176,3.94973176,4141.354626,-0.046270576
137.70568,139609,139.604,2216,3891.857371,3.891857371,4141.354626,-0.060245325
137.779408,139659,139.654,2202,3838.66878,3.83866878,4141.354626,-0.073088608
137.805688,139709,139.704,2195,3812.368421,3.812368421,4141.354626,-0.079439274
137.893798,139759,139.754,2215,3888.031915,3.888031915,4141.354626,-0.061169046
137.90559,139809,139.804,2193,3804.88959,3.80488959,4141.354626,-0.081245164
137.955625,139859,139.854,2186,3778.837087,3.778837087,4141.354626,-0.087535981
138.039249,139909,139.904,2199,3827.373418,3.827373418,4141.354626,-0.075816064
138.055592,139959,139.954,2198,3823.616236,3.823616236,4141.354626,-0.076723299
138.10568,140009,140.004,2212,3876.579926,3.876579926,4141.354626,-0.063934322
138.187974,140059,140.054,2212,3876.579926,3.876579926,4141.354626,-0.063934322
138.205649,140109,140.104,2215,3888.031915,3.888031915,4141.354626,-0.061169046
138.255646,140159,140.154,2207,3857.574153,3.857574153,4141.354626,-0.068523587
138.33045,140209,140.204,2224,3922.608231,3.922608231,4141.354626,-0.05282001
138.355642,140259,140.254,2216,3891.857371,3.891857371,4141.354626,-0.060245325
138.405643,140309,140.304,2218,3899.520511,3.899520511,4141.354626,-0.05839493
138.495001,140359,140.354,2201,3834.899683,3.834899683,4141.354626,-0.07399872
138.505616,140409,140.404,2203,3842.44186,3.84244186,4141.354626,-0.072177534
138.555717,140459,140.454,2211,3872.770701,3.872770701,4141.354626,-0.064854124
138.637641,140509,140.504,2201,3834.899683,3.834899683,4141.354626,-0.07399872
138.655616,140559,140.554,2183,3767.730126,3.767730126,4141.354626,-0.090217944
138.705637,140609,140.604,2181,3760.344828,3.760344828,4141.354626,-0.092001249
138.781085,140659,140.654,2183,3767.730126,3.767730126,4141.354626,-0.090217944
138.805634,140709,140.704,2195,3812.368421,3.812368421,4141.354626,-0.079439274
138.855603,140759,140.754,2211,3872.770701,3.872770701,4141.354626,-0.064854124
138.945171,140809,140.804,2233,3957.518797,3.957518797,4141.354626,-0.044390265
138.955627,140859,140.854,2207,3857.574153,3.857574153,4141.354626,-0.068523587
139.038909,140909,140.904,2188,3786.261143,3.786261143,4141.354626,-0.085743317
139.055613,140959,140.954,2194,3808.627038,3.808627038,4141.354626,-0.080342694
139.10561,141009,141.004,2194,3808.627038,3.808627038,4141.354626,-0.080342694
139.188882,141059,141.054,2193,3804.88959,3.80488959,4141.354626,-0.081245164
139.205606,141109,141.104,2200,3831.134565,3.831134565,4141.354626,-0.074907872
139.255621,141159,141.154,2198,3823.616236,3.823616236,4141.354626,-0.076723299
139.331705,141209,141.204,2205,3850.0,3.85,4141.354626,-0.070352494
139.355618,141259,141.254,2219,3903.358209,3.903358209,4141.354626,-0.057468253
139.405684,141309,141.304,2226,3930.337079,3.930337079,4141.354626,-0.05095375
139.488961,141359,141.354,2217,3895.686901,3.895686901,4141.354626,-0.05932062
139.505557,141409,141.404,2228,3938.082485,3.938082485,4141.354626,-0.04908349
139.555632,141459,141.454,2222,3914.895889,3.914895889,4141.354626,-0.054682286
139.64698,141509,141.504,2221,3911.045891,3.911045891,4141.354626,-0.055611933
139.655646,141559,141.554,2208,3861.36725,3.86136725,4141.354626,-0.067607679
139.738574,141609,141.604,2209,3865.164369,3.865164369,4141.354626,-0.066690801
139.755659,141659,141.654,2207,3857.574153,3.857574153,4141.354626,-0.068523587
139.838524,141709,141.704,2205,3850.0,3.85,4141.354626,-0.070352494
139.855576,141759,141.754,2178,3749.295775,3.749295775,4141.354626,-0.094669229
139.905607,141809,141.804,2185,3775.13089,3.77513089,4141.354626,-0.088430905
139.981352,141859,141.854,2185,3775.13089,3.77513089,4141.354626,-0.088430905
140.005594,141909,141.904,2192,3801.156069,3.801156069,4141.354626,-0.082146686
140.055594,141959,141.954,2201,3834.899683,3.834899683,4141.354626,-0.07399872
140.145992,142009,142.004,2221,3911.045891,3.911045891,4141.354626,-0.055611933
140.15558,142059,142.054,2222,3914.895889,3.914895889,4141.354626,-0.054682286
140.205677,142109,142.104,2203,3842.44186,3.84244186,4141.354626,-0.072177534
140.288782,142159,142.154,2187,3782.54717,3.78254717,4141.354626,-0.086640119
140.305639,142209,142.204,2187,3782.54717,3.78254717,4141.354626,-0.086640119
140.355616,142259,142.254,2178,3749.295775,3.749295775,4141.354626,-0.094669229
140.430931,142309,142.304,2202,3838.66878,3.83866878,4141.354626,-0.073088608
140.455665,142359,142.354,2200,3831.134565,3.831134565,4141.354626,-0.074907872
140.546094,142409,142.404,2206,3853.785071,3.853785071,4141.354626,-0.069438524
140.555806,142459,142.454,2208,3861.36725,3.86136725,4141.354626,-0.067607679
140.638945,142509,142.504,2221,3911.045891,3.911045891,4141.354626,-0.055611933
140.655639,142559,142.554,2221,3911.045891,3.911045891,4141.354626,-0.055611933
140.705635,142609,142.604,2220,3907.2,3.9072,4141.354626,-0.056540588
140.788062,142659,142.654,2218,3899.520511,3.899520511,4141.354626,-0.05839493
140.805653,142709,142.704,2218,3899.520511,3.899520511,4141.354626,-0.05839493
140.888404,142759,142.754,2205,3850.0,3.85,4141.354626,-0.070352494
140.905632,142809,142.804,2206,3853.785071,3.853785071,4141.354626,-0.069438524
140.955602,142859,142.854,2200,3831.134565,3.831134565,4141.354626,-0.074907872
141.032367,142909,142.904,2202,3838.66878,3.83866878,4141.354626,-0.073088608
141.05567,142959,142.954,2205,3850.0,3.85,4141.354626,-0.070352494
141.146501,143009,143.004,2177,3745.620438,3.745620438,4141.354626,-0.095556701
141.155704,143059,143.054,2178,3749.295775,3.749295775,4141.354626,-0.094669229
141.238586,143109,143.104,2178,3749.295775,3.749295775,4141.354626,-0.094669229
141.255639,143159,143.154,2194,3808.627038,3.808627038,4141.354626,-0.080342694
141.305664,143209,143.204,2225,3926.470588,3.926470588,4141.354626,-0.051887379
141.388301,143259,143.254,2224,3922.608231,3.922608231,4141.354626,-0.05282001
141.405637,143309,143.304,2204,3846.218932,3.846218932,4141.354626,-0.071265497
141.455674,143359,143.354,2210,3868.965517,3.868965517,4141.354626,-0.065772949
141.531987,143409,143.404,2188,3786.261143,3.786261143,4141.354626,-0.085743317
141.555697,143459,143.454,2185,3775.13089,3.77513089,4141.354626,-0.088430905
141.645774,143509,143.504,2197,3819.863014,3.819863014,4141.354626,-0.077629578
141.655617,143559,143.554,2198,3823.616236,3.823616236,4141.354626,-0.076723299
141.705611,143609,143.604,2202,3838.66878,3.83866878,4141.354626,-0.073088608
141.788566,143659,143.654,2210,3868.965517,3.868965517,4141.354626,-0.065772949
141.805644,143709,143.704,2210,3868.965517,3.868965517,4141.354626,-0.065772949
141.888447,143759,143.754,2210,3868.965517,3.868965517,4141.354626,-0.065772949
141.905649,143809,143.804,2217,3895.686901,3.895686901,4141.354626,-0.05932062
141.988498,143859,143.854,2223,3918.75,3.91875,4141.354626,-0.053751645
142.005593,143909,143.904,2214,3884.210526,3.884210526,4141.354626,-0.062091785
142.055614,143959,143.954,2227,3934.207709,3.934207709,4141.354626,-0.050019121
142.132014,144009,144.004,2213,3880.393199,3.880393199,4141.354626,-0.063013543
142.155619,144059,144.054,2214,3884.210526,3.884210526,4141.354626,-0.062091785
142.205602,144109,144.104,2217,3895.686901,3.895686901,4141.354626,-0.05932062
142.296728,144159,144.154,2212,3876.579926,3.876579926,4141.354626,-0.063934322
142.305589,144209,144.204,2180,3756.657963,3.756657963,4141.354626,-0.092891505
142.35561,144259,144.254,2179,3752.974948,3.752974948,4141.354626,-0.093780831
142.437755,144309,144.304,2184,3771.428571,3.771428571,4141.354626,-0.089324892
142.455574,144359,144.354,2196,3816.113744,3.816113744,4141.354626,-0.078534902
142.505602,144409,144.404,2215,3888.031915,3.888031915,4141.354626,-0.061169046
142.580943,144459,144.454,2236,3969.230769,3.969230769,4141.354626,-0.041562211
142.605607,144509,144.504,2218,3899.520511,3.899520511,4141.354626,-0.05839493
142.696256,144559,144.554,2189,3789.979014,3.789979014,4141.354626,-0.084845574
142.705615,144609,144.604,2194,3808.627038,3.808627038,4141.354626,-0.080342694
142.78889,144659,144.654,2189,3789.979014,3.789979014,4141.354626,-0.084845574
142.804645,144709,144.704,2190,3793.700787,3.793700787,4141.354626,-0.083946889
142.855665,144759,144.754,2192,3801.156069,3.801156069,4141.354626,-0.082146686
142.941151,144809,144.804,2194,3808.627038,3.808627038,4141.354626,-0.080342694
142.954655,144859,144.854,2205,3850.0,3.85,4141.354626,-0.070352494
143.004678,144909,144.904,2203,3842.44186,3.84244186,4141.354626,-0.072177534
143.089643,144959,144.954,2215,3888.031915,3.888031915,4141.354626,-0.061169046
143.104616,145009,145.004,2212,3876.579926,3.876579926,4141.354626,-0.063934322
143.155614,145059,145.054,2214,3884.210526,3.884210526,4141.354626,-0.062091785
143.232359,145109,145.104,2212,3876.579926,3.876579926,4141.354626,-0.063934322
143.254651,145159,145.154,2211,3872.770701,3.872770701,4141.354626,-0.064854124
143.30465,145209,145.204,2211,3872.770701,3.872770701,4141.354626,-0.064854124
143.396936,145259,145.254,2209,3865.164369,3.865164369,4141.354626,-0.066690801
143.404642,145309,145.304,2203,3842.44186,3.84244186,4141.354626,-0.072177534
143.45464,145359,145.354,2206,3853.785071,3.853785071,4141.354626,-0.069438524
143.538037,145409,145.404,2184,3771.428571,3.771428571,4141.354626,-0.089324892
143.554673,145459,145.454,2175,3738.28125,3.73828125,4141.354626,-0.097328872
143.638724,145509,145.504,2170,3720.0,3.72,4141.354626,-0.101743189
143.654657,145559,145.554,2187,3782.54717,3.78254717,4141.354626,-0.086640119
143.704684,145609,145.604,2193,3804.88959,3.80488959,4141.354626,-0.081245164
143.781207,145659,145.654,2218,3899.520511,3.899520511,4141.354626,-0.05839493
143.804673,145709,145.704,2214,3884.210526,3.884210526,4141.354626,-0.062091785
143.855647,145759,145.754,2188,3786.261143,3.786261143,4141.354626,-0.085743317
143.94686,145809,145.804,2186,3778.837087,3.778837087,4141.354626,-0.087535981
143.95562,145859,145.854,2185,3775.13089,3.77513089,4141.354626,-0.088430905
144.048525,145909,145.904,2190,3793.700787,3.793700787,4141.354626,-0.083946889
144.055584,145959,145.954,2196,3816.113744,3.816113744,4141.354626,-0.078534902
144.104693,146009,146.004,2201,3834.899683,3.834899683,4141.354626,-0.07399872
144.189997,146059,146.054,2188,3786.261143,3.786261143,4141.354626,-0.085743317
144.204586,146109,146.104,2211,3872.770701,3.872770701,4141.354626,-0.064854124
144.254628,146159,146.154,2200,3831.134565,3.831134565,4141.354626,-0.074907872
144.33219,146209,146.204,2213,3880.393199,3.880393199,4141.354626,-0.063013543
144.354651,146259,146.254,2211,3872.770701,3.872770701,4141.354626,-0.064854124
144.439955,146309,146.304,2210,3868.965517,3.868965517,4141.354626,-0.065772949
144.454648,146359,146.354,2215,3888.031915,3.888031915,4141.354626,-0.061169046
144.504619,146409,146.404,2195,3812.368421,3.812368421,4141.354626,-0.079439274
144.597908,146459,146.454,2196,3816.113744,3.816113744,4141.354626,-0.078534902
144.604614,146509,146.504,2207,3857.574153,3.857574153,4141.354626,-0.068523587
144.654655,146559,146.554,2182,3764.035546,3.764035546,4141.354626,-0.091110063
144.73211,146609,146.604,2185,3775.13089,3.77513089,4141.354626,-0.088430905
144.754635,146659,146.654,2159,3680.113636,3.680113636,4141.354626,-0.111374425
144.804664,146709,146.704,2166,3705.443235,3.705443235,4141.354626,-0.105258166
144.888707,146759,146.754,2176,3741.948932,3.741948932,4141.354626,-0.096443249
144.904662,146809,146.804,2194,3808.627038,3.808627038,4141.354626,-0.080342694
144.954659,146859,146.854,2231,3949.73176,3.94973176,4141.354626,-0.046270576
145.047515,146909,146.904,2226,3930.337079,3.930337079,4141.354626,-0.05095375
145.054624,146959,146.954,2203,3842.44186,3.84244186,4141.354626,-0.072177534
145.104634,147009,147.004,2190,3793.700787,3.793700787,4141.354626,-0.083946889
145.188429,147059,147.054,2192,3801.156069,3.801156069,4141.354626,-0.082146686
145.204659,147109,147.104,2188,3786.261143,3.786261143,4141.354626,-0.085743317
145.289364,147159,147.154,2192,3801.156069,3.801156069,4141.354626,-0.082146686
145.304643,147209,147.204,2194,3808.627038,3.808627038,4141.354626,-0.080342694
145.354678,147259,147.254,2193,3804.88959,3.80488959,4141.354626,-0.081245164
145.431542,147309,147.304,2211,3872.770701,3.872770701,4141.354626,-0.064854124
145.454663,147359,147.354,2206,3853.785071,3.853785071,4141.354626,-0.069438524
145.504643,147409,147.404,2210,3868.965517,3.868965517,4141.354626,-0.065772949
145.597524,147459,147.454,2210,3868.965517,3.868965517,4141.354626,-0.065772949
145.604601,147509,147.504,2209,3865.164369,3.865164369,4141.354626,-0.066690801
145.654587,147559,147.554,2208,3861.36725,3.86136725,4141.354626,-0.067607679
145.738208,147609,147.604,2190,3793.700787,3.793700787,4141.354626,-0.083946889
145.754628,147659,147.654,2184,3771.428571,3.771428571,4141.354626,-0.089324892
145.838627,147709,147.704,2198,3823.616236,3.823616236,4141.354626,-0.076723299
145.854642,147759,147.754,2195,3812.368421,3.812368421,4141.354626,-0.079439274
145.938306,147809,147.804,2190,3793.700787,3.793700787,4141.354626,-0.083946889
145.954614,147859,147.854,2181,3760.344828,3.760344828,4141.354626,-0.092001249
146.033171,147909,147.904,2179,3752.974948,3.752974948,4141.354626,-0.093780831
146.054627,147959,147.954,2166,3705.443235,3.705443235,4141.354626,-0.105258166
146.104627,148009,148.004,2191,3797.426471,3.797426471,4141.354626,-0.08304726
146.196272,148059,148.054,2221,3911.045891,3.911045891,4141.354626,-0.055611933
146.20457,148109,148.104,2234,3961.418592,3.961418592,4141.354626,-0.043448593
146.254568,148159,148.154,2221,3911.045891,3.911045891,4141.354626,-0.055611933
146.339998,148209,148.204,2191,3797.426471,3.797426471,4141.354626,-0.08304726
146.354586,148259,148.254,2190,3793.700787,3.793700787,4141.354626,-0.083946889
146.438796,148309,148.304,2186,3778.837087,3.778837087,4141.354626,-0.087535981
146.454598,148359,148.354,2189,3789.979014,3.789979014,4141.354626,-0.084845574
146.532786,148409,148.404,2194,3808.627038,3.808627038,4141.354626,-0.080342694
146.554629,148459,148.454,2202,3838.66878,3.83866878,4141.354626,-0.073088608
146.647883,148509,148.504,2200,3831.134565,3.831134565,4141.354626,-0.074907872
146.654608,148559,148.554,2206,3853.785071,3.853785071,4141.354626,-0.069438524
146.704613,148609,148.604,2201,3834.899683,3.834899683,4141.354626,-0.07399872
146.788904,148659,148.654,2206,3853.785071,3.853785071,4141.354626,-0.069438524
146.804603,148709,148.704,2202,3838.66878,3.83866878,4141.354626,-0.073088608
146.85465,148759,148.754,2205,3850.0,3.85,4141.354626,-0.070352494
146.938751,148809,148.804,2199,3827.373418,3.827373418,4141.354626,-0.075816064
146.954605,148859,148.854,2194,3808.627038,3.808627038,4141.354626,-0.080342694
147.046412,148909,148.904,2194,3808.627038,3.808627038,4141.354626,-0.080342694
147.054582,148959,148.954,2196,3816.113744,3.816113744,4141.354626,-0.078534902
147.104594,149009,149.004,2196,3816.113744,3.816113744,4141.354626,-0.078534902
147.186334,149059,149.054,2178,3749.295775,3.749295775,4141.354626,-0.094669229
147.204611,149109,149.104,2184,3771.428571,3.771428571,4141.354626,-0.089324892
147.300598,149159,149.154,2146,3633.55567,3.63355567,4141.354626,-0.122616632
147.304603,149209,149.204,2190,3793.700787,3.793700787,4141.354626,-0.083946889
147.354654,149259,149.254,2206,3853.785071,3.853785071,4141.354626,-0.069438524
147.443038,149309,149.304,2228,3938.082485,3.938082485,4141.354626,-0.04908349
147.454656,149359,149.354,2225,3926.470588,3.926470588,4141.354626,-0.051887379
147.543542,149409,149.404,2198,3823.616236,3.823616236,4141.354626,-0.076723299
147.55461,149459,149.454,2187,3782.54717,3.78254717,4141.354626,-0.086640119
147.604649,149509,149.504,2191,3797.426471,3.797426471,4141.354626,-0.08304726
147.68668,149559,149.554,2185,3775.13089,3.77513089,4141.354626,-0.088430905
147.704645,149609,149.604,2195,3812.368421,3.812368421,4141.354626,-0.079439274
147.754653,149659,149.654,2166,3705.443235,3.705443235,4141.354626,-0.105258166
147.851102,149709,149.704,2212,3876.579926,3.876579926,4141.354626,-0.063934322
147.854661,149759,149.754,2211,3872.770701,3.872770701,4141.354626,-0.064854124
147.945123,149809,149.804,2201,3834.899683,3.834899683,4141.354626,-0.07399872
147.954635,149859,149.854,2209,3865.164369,3.865164369,4141.354626,-0.066690801
148.045413,149909,149.904,2213,3880.393199,3.880393199,4141.354626,-0.063013543
148.054618,149959,149.954,2208,3861.36725,3.86136725,4141.354626,-0.067607679
148.104618,150009,150.004,2197,3819.863014,3.819863014,4141.354626,-0.077629578
148.194565,150059,150.054,2195,3812.368421,3.812368421,4141.354626,-0.079439274
148.204643,150109,150.104,2197,3819.863014,3.819863014,4141.354626,-0.077629578
148.287948,150159,150.154,2192,3801.156069,3.801156069,4141.354626,-0.082146686
148.304628,150209,150.204,2202,3838.66878,3.83866878,4141.354626,-0.073088608
148.35461,150259,150.254,2190,3793.700787,3.793700787,4141.354626,-0.083946889
148.451294,150309,150.304,2169,3716.35514,3.71635514,4141.354626,-0.102623302
148.454626,150359,150.354,2174,3734.617387,3.734617387,4141.354626,-0.098213574
148.543426,150409,150.404,2177,3745.620438,3.745620438,4141.354626,-0.095556701
148.554652,150459,150.454,2192,3801.156069,3.801156069,4141.354626,-0.082146686
148.643856,150509,150.504,2215,3888.031915,3.888031915,4141.354626,-0.061169046
148.654609,150559,150.554,2226,3930.337079,3.930337079,4141.354626,-0.05095375
148.704642,150609,150.604,2203,3842.44186,3.84244186,4141.354626,-0.072177534
148.786048,150659,150.654,2188,3786.261143,3.786261143,4141.354626,-0.085743317
148.804648,150709,150.704,2181,3760.344828,3.760344828,4141.354626,-0.092001249
148.901334,150759,150.754,2177,3745.620438,3.745620438,4141.354626,-0.095556701
148.904638,150809,150.804,2190,3793.700787,3.793700787,4141.354626,-0.083946889
148.954653,150859,150.854,2193,3804.88959,3.80488959,4141.354626,-0.081245164
149.045319,150909,150.904,2195,3812.368421,3.812368421,4141.354626,-0.079439274
149.0546,150959,150.954,2203,3842.44186,3.84244186,4141.354626,-0.072177534
149.104583,151009,151.004,2207,3857.574153,3.857574153,4141.354626,-0.068523587
149.19324,151059,151.054,2203,3842.44186,3.84244186,4141.354626,-0.072177534
149.204606,151109,151.104,2211,3872.770701,3.872770701,4141.354626,-0.064854124
149.293286,151159,151.154,2217,3895.686901,3.895686901,4141.354626,-0.05932062
149.304606,151209,151.204,2203,3842.44186,3.84244186,4141.354626,-0.072177534
149.354616,151259,151.254,2192,3801.156069,3.801156069,4141.354626,-0.082146686
149.435564,151309,151.304,2202,3838.66878,3.83866878,4141.354626,-0.073088608
149.454607,151359,151.354,2200,3831.134565,3.831134565,4141.354626,-0.074907872
149.504623,151409,151.404,2202,3838.66878,3.83866878,4141.354626,-0.073088608
149.599779,151459,151.454,2191,3797.426471,3.797426471,4141.354626,-0.08304726
149.604599,151509,151.504,2178,3749.295775,3.749295775,4141.354626,-0.094669229
149.654615,151559,151.554,2177,3745.620438,3.745620438,4141.354626,-0.095556701
149.735199,151609,151.604,2185,3775.13089,3.77513089,4141.354626,-0.088430905
149.754611,151659,151.654,2174,3734.617387,3.734617387,4141.354626,-0.098213574
149.804611,151709,151.704,2190,3793.700787,3.793700787,4141.354626,-0.083946889
149.892847,151759,151.754,2236,3969.230769,3.969230769,4141.354626,-0.041562211
149.904599,151809,151.804,2219,3903.358209,3.903358209,4141.354626,-0.057468253
149.954612,151859,151.854,2194,3808.627038,3.808627038,4141.354626,-0.080342694
150.051219,151909,151.904,2201,3834.899683,3.834899683,4141.354626,-0.07399872
150.054612,151959,151.954,2192,3801.156069,3.801156069,4141.354626,-0.082146686
150.104606,152009,152.004,2191,3797.426471,3.797426471,4141.354626,-0.08304726
150.19327,152059,152.054,2192,3801.156069,3.801156069,4141.354626,-0.082146686
150.204586,152109,152.104,2189,3789.979014,3.789979014,4141.354626,-0.084845574
150.254517,152159,152.154,2194,3808.627038,3.808627038,4141.354626,-0.080342694
150.344187,152209,152.204,2212,3876.579926,3.876579926,4141.354626,-0.063934322
150.354534,152259,152.254,2206,3853.785071,3.853785071,4141.354626,-0.069438524
150.435995,152309,152.304,2220,3907.2,3.9072,4141.354626,-0.056540588
150.454617,152359,152.354,2222,3914.895889,3.914895889,4141.354626,-0.054682286
150.550735,152409,152.404,2207,3857.574153,3.857574153,4141.354626,-0.068523587
150.55464,152459,152.454,2205,3850.0,3.85,4141.354626,-0.070352494
150.937151,152509,152.504,2193,3804.88959,3.80488959,4141.354626,-0.081245164
151.046367,152559,152.554,2204,3846.218932,3.846218932,4141.354626,-0.071265497
151.153384,152609,152.604,2193,3804.88959,3.80488959,4141.354626,-0.081245164
151.247251,152659,152.654,2205,3850.0,3.85,4141.354626,-0.070352494
151.247475,152709,152.704,2182,3764.035546,3.764035546,4141.354626,-0.091110063
151.247674,152759,152.754,2178,3749.295775,3.749295775,4141.354626,-0.094669229
151.247871,152809,152.804,2174,3734.617387,3.734617387,4141.354626,-0.098213574
151.248064,152859,152.854,2178,3749.295775,3.749295775,4141.354626,-0.094669229
151.248328,152909,152.904,2209,3865.164369,3.865164369,4141.354626,-0.066690801
151.248523,152959,152.954,2226,3930.337079,3.930337079,4141.354626,-0.05095375
151.248716,153009,153.004,2219,3903.358209,3.903358209,4141.354626,-0.057468253
151.248909,153059,153.054,2203,3842.44186,3.84244186,4141.354626,-0.072177534
151.249114,153109,153.104,2201,3834.899683,3.834899683,4141.354626,-0.07399872
151.254634,153159,153.154,2191,3797.426471,3.797426471,4141.354626,-0.08304726
151.351413,153209,153.204,2193,3804.88959,3.80488959,4141.354626,-0.081245164
151.354573,153259,153.254,2195,3812.368421,3.812368421,4141.354626,-0.079439274
151.40462,153309,153.304,2199,3827.373418,3.827373418,4141.354626,-0.075816064
151.493556,153359,153.354,2195,3812.368421,3.812368421,4141.354626,-0.079439274
151.504597,153409,153.404,2197,3819.863014,3.819863014,4141.354626,-0.077629578
151.554644,153459,153.454,2198,3823.616236,3.823616236,4141.354626,-0.076723299
151.636207,153509,153.504,2214,3884.210526,3.884210526,4141.354626,-0.062091785
151.654634,153559,153.554,2212,3876.579926,3.876579926,4141.354626,-0.063934322
151.704601,153609,153.604,2219,3903.358209,3.903358209,4141.354626,-0.057468253
151.808609,153659,153.654,2203,3842.44186,3.84244186,4141.354626,-0.072177534
151.924473,153709,153.704,2199,3827.373418,3.827373418,4141.354626,-0.075816064
152.013069,153759,153.754,2192,3801.156069,3.801156069,4141.354626,-0.082146686
152.013286,153809,153.804,2199,3827.373418,3.827373418,4141.354626,-0.075816064
152.013485,153859,153.854,2194,3808.627038,3.808627038,4141.354626,-0.080342694
152.014081,153909,153.904,2188,3786.261143,3.786261143,4141.354626,-0.085743317
152.054607,153959,153.954,2179,3752.974948,3.752974948,4141.354626,-0.093780831
152.136599,154009,154.004,2174,3734.617387,3.734617387,4141.354626,-0.098213574
152.15459,154059,154.054,2183,3767.730126,3.767730126,4141.354626,-0.090217944
152.204598,154109,154.104,2187,3782.54717,3.78254717,4141.354626,-0.086640119
152.301952,154159,154.154,2227,3934.207709,3.934207709,4141.354626,-0.050019121
152.304527,154209,154.204,2228,3938.082485,3.938082485,4141.354626,-0.04908349
152.354626,154259,154.254,2201,3834.899683,3.834899683,4141.354626,-0.07399872
152.443138,154309,154.304,2193,3804.88959,3.80488959,4141.354626,-0.081245164
152.454579,154359,154.354,2183,3767.730126,3.767730126,4141.354626,-0.090217944
152.50464,154409,154.404,2179,3752.974948,3.752974948,4141.354626,-0.093780831
152.593607,154459,154.454,2185,3775.13089,3.77513089,4141.354626,-0.088430905
152.604599,154509,154.504,2193,3804.88959,3.80488959,4141.354626,-0.081245164
152.65463,154559,154.554,2196,3816.113744,3.816113744,4141.354626,-0.078534902
152.73689,154609,154.604,2208,3861.36725,3.86136725,4141.354626,-0.067607679
152.754617,154659,154.654,2206,3853.785071,3.853785071,4141.354626,-0.069438524
152.804612,154709,154.704,2203,3842.44186,3.84244186,4141.354626,-0.072177534
152.900762,154759,154.754,2219,3903.358209,3.903358209,4141.354626,-0.057468253
152.904567,154809,154.804,2226,3930.337079,3.930337079,4141.354626,-0.05095375
152.954631,154859,154.854,2222,3914.895889,3.914895889,4141.354626,-0.054682286
153.045955,154909,154.904,2201,3834.899683,3.834899683,4141.354626,-0.07399872
153.054612,154959,154.954,2197,3819.863014,3.819863014,4141.354626,-0.077629578
153.104567,155009,155.004,2195,3812.368421,3.812368421,4141.354626,-0.079439274
153.186264,155059,155.054,2198,3823.616236,3.823616236,4141.354626,-0.076723299
153.20456,155109,155.104,2195,3812.368421,3.812368421,4141.354626,-0.079439274
153.254598,155159,155.154,2177,3745.620438,3.745620438,4141.354626,-0.095556701
153.350735,155209,155.204,2170,3720.0,3.72,4141.354626,-0.101743189
153.354608,155259,155.254,2184,3771.428571,3.771428571,4141.354626,-0.089324892
153.443983,155309,155.304,2186,3778.837087,3.778837087,4141.354626,-0.087535981
153.454568,155359,155.354,2205,3850.0,3.85,4141.354626,-0.070352494
153.504618,155409,155.404,2237,3973.143165,3.973143165,4141.354626,-0.040617497
153.594024,155459,155.454,2207,3857.574153,3.857574153,4141.354626,-0.068523587
153.604597,155509,155.504,2190,3793.700787,3.793700787,4141.354626,-0.083946889
153.654598,155559,155.554,2198,3823.616236,3.823616236,4141.354626,-0.076723299
153.736797,155609,155.604,2191,3797.426471,3.797426471,4141.354626,-0.08304726
153.754609,155659,155.654,2191,3797.426471,3.797426471,4141.354626,-0.08304726
153.851924,155709,155.704,2193,3804.88959,3.80488959,4141.354626,-0.081245164
153.854603,155759,155.754,2200,3831.134565,3.831134565,4141.354626,-0.074907872
153.904619,155809,155.804,2201,3834.899683,3.834899683,4141.354626,-0.07399872
153.994694,155859,155.854,2213,3880.393199,3.880393199,4141.354626,-0.063013543
154.004629,155909,155.904,2204,3846.218932,3.846218932,4141.354626,-0.071265497
154.107183,155959,155.954,2209,3865.164369,3.865164369,4141.354626,-0.066690801
154.197556,156009,156.004,2215,3888.031915,3.888031915,4141.354626,-0.061169046
154.197776,156059,156.054,2206,3853.785071,3.853785071,4141.354626,-0.069438524
154.204613,156109,156.104,2202,3838.66878,3.83866878,4141.354626,-0.073088608
154.254595,156159,156.154,2193,3804.88959,3.80488959,4141.354626,-0.081245164
154.336715,156209,156.204,2201,3834.899683,3.834899683,4141.354626,-0.07399872
154.354593,156259,156.254,2197,3819.863014,3.819863014,4141.354626,-0.077629578
154.404612,156309,156.304,2197,3819.863014,3.819863014,4141.354626,-0.077629578
154.502276,156359,156.354,2179,3752.974948,3.752974948,4141.354626,-0.093780831
154.504582,156409,156.404,2172,3727.301092,3.727301092,4141.354626,-0.099980217
154.554635,156459,156.454,2169,3716.35514,3.71635514,4141.354626,-0.102623302
154.644155,156509,156.504,2180,3756.657963,3.756657963,4141.354626,-0.092891505
154.654638,156559,156.554,2207,3857.574153,3.857574153,4141.354626,-0.068523587
154.744523,156609,156.604,2231,3949.73176,3.94973176,4141.354626,-0.046270576
154.7546,156659,156.654,2221,3911.045891,3.911045891,4141.354626,-0.055611933
154.804602,156709,156.704,2203,3842.44186,3.84244186,4141.354626,-0.072177534
154.887109,156759,156.754,2191,3797.426471,3.797426471,4141.354626,-0.08304726
154.904599,156809,156.804,2190,3793.700787,3.793700787,4141.354626,-0.083946889
154.954547,156859,156.854,2205,3850.0,3.85,4141.354626,-0.070352494
155.053807,156909,156.904,2200,3831.134565,3.831134565,4141.354626,-0.074907872
155.054623,156959,156.954,2202,3838.66878,3.83866878,4141.354626,-0.073088608
155.137852,157009,157.004,2213,3880.393199,3.880393199,4141.354626,-0.063013543
155.154642,157059,157.054,2206,3853.785071,3.853785071,4141.354626,-0.069438524
155.252587,157109,157.104,2204,3846.218932,3.846218932,4141.354626,-0.071265497
155.254586,157159,157.154,2211,3872.770701,3.872770701,4141.354626,-0.064854124
155.304625,157209,157.204,2214,3884.210526,3.884210526,4141.354626,-0.062091785
155.394303,157259,157.254,2221,3911.045891,3.911045891,4141.354626,-0.055611933
155.404577,157309,157.304,2212,3876.579926,3.876579926,4141.354626,-0.063934322
155.454666,157359,157.354,2198,3823.616236,3.823616236,4141.354626,-0.076723299
155.537103,157409,157.404,2193,3804.88959,3.80488959,4141.354626,-0.081245164
155.554636,157459,157.454,2195,3812.368421,3.812368421,4141.354626,-0.079439274
155.604593,157509,157.504,2197,3819.863014,3.819863014,4141.354626,-0.077629578
155.701351,157559,157.554,2193,3804.88959,3.80488959,4141.354626,-0.081245164
155.704536,157609,157.604,2177,3745.620438,3.745620438,4141.354626,-0.095556701
155.754601,157659,157.654,2183,3767.730126,3.767730126,4141.354626,-0.090217944
155.843878,157709,157.704,2186,3778.837087,3.778837087,4141.354626,-0.087535981
155.854556,157759,157.754,2190,3793.700787,3.793700787,4141.354626,-0.083946889
155.904596,157809,157.804,2223,3918.75,3.91875,4141.354626,-0.053751645
155.987004,157859,157.854,2217,3895.686901,3.895686901,4141.354626,-0.05932062
156.004624,157909,157.904,2193,3804.88959,3.80488959,4141.354626,-0.081245164
156.102524,157959,157.954,2194,3808.627038,3.808627038,4141.354626,-0.080342694
156.104527,158009,158.004,2188,3786.261143,3.786261143,4141.354626,-0.085743317
156.154588,158059,158.054,2190,3793.700787,3.793700787,4141.354626,-0.083946889
156.244511,158109,158.104,2184,3771.428571,3.771428571,4141.354626,-0.089324892
156.254569,158159,158.154,2202,3838.66878,3.83866878,4141.354626,-0.073088608
156.304598,158209,158.204,2202,3838.66878,3.83866878,4141.354626,-0.073088608
156.394064,158259,158.254,2205,3850.0,3.85,4141.354626,-0.070352494
156.404586,158309,158.304,2210,3868.965517,3.868965517,4141.354626,-0.065772949
156.45461,158359,158.354,2210,3868.965517,3.868965517,4141.354626,-0.065772949
156.537012,158409,158.404,2216,3891.857371,3.891857371,4141.354626,-0.060245325
156.554608,158459,158.454,2219,3903.358209,3.903358209,4141.354626,-0.057468253
156.604599,158509,158.504,2208,3861.36725,3.86136725,4141.354626,-0.067607679
156.701899,158559,158.554,2200,3831.134565,3.831134565,4141.354626,-0.074907872
156.704618,158609,158.604,2194,3808.627038,3.808627038,4141.354626,-0.080342694
156.794244,158659,158.654,2194,3808.627038,3.808627038,4141.354626,-0.080342694
156.804534,158709,158.704,2205,3850.0,3.85,4141.354626,-0.070352494
156.854591,158759,158.754,2192,3801.156069,3.801156069,4141.354626,-0.082146686
156.94411,158809,158.804,2171,3723.648649,3.723648649,4141.354626,-0.100862161
156.954607,158859,158.854,2174,3734.617387,3.734617387,4141.354626,-0.098213574
157.046088,158909,158.904,2189,3789.979014,3.789979014,4141.354626,-0.084845574
157.054561,158959,158.954,2176,3741.948932,3.741948932,4141.354626,-0.096443249
157.104578,159009,159.004,2205,3850.0,3.85,4141.354626,-0.070352494
157.18764,159059,159.054,2229,3941.961415,3.941961415,4141.354626,-0.048146857
157.204621,159109,159.104,2213,3880.393199,3.880393199,4141.354626,-0.063013543
157.309689,159159,159.154,2189,3789.979014,3.789979014,4141.354626,-0.084845574
157.399478,159209,159.204,2199,3827.373418,3.827373418,4141.354626,-0.075816064
157.399696,159259,159.254,2186,3778.837087,3.778837087,4141.354626,-0.087535981
157.404609,159309,159.304,2186,3778.837087,3.778837087,4141.354626,-0.087535981
157.454605,159359,159.354,2194,3808.627038,3.808627038,4141.354626,-0.080342694
157.544858,159409,159.404,2200,3831.134565,3.831134565,4141.354626,-0.074907872
157.554612,159459,159.454,2205,3850.0,3.85,4141.354626,-0.070352494
157.636939,159509,159.504,2201,3834.899683,3.834899683,4141.354626,-0.07399872
157.654608,159559,159.554,2204,3846.218932,3.846218932,4141.354626,-0.071265497
157.704583,159609,159.604,2227,3934.207709,3.934207709,4141.354626,-0.050019121
157.80164,159659,159.654,2216,3891.857371,3.891857371,4141.354626,-0.060245325
157.804523,159709,159.704,2219,3903.358209,3.903358209,4141.354626,-0.057468253
157.854574,159759,159.754,2204,3846.218932,3.846218932,4141.354626,-0.071265497
157.944872,159809,159.804,2201,3834.899683,3.834899683,4141.354626,-0.07399872
157.9546,159859,159.854,2197,3819.863014,3.819863014,4141.354626,-0.077629578
158.046955,159909,159.904,2197,3819.863014,3.819863014,4141.354626,-0.077629578
158.054525,159959,159.954,2192,3801.156069,3.801156069,4141.354626,-0.082146686
158.104593,160009,160.004,2175,3738.28125,3.73828125,4141.354626,-0.097328872
158.18823,160059,160.054,2171,3723.648649,3.723648649,4141.354626,-0.100862161
158.204624,160109,160.104,2174,3734.617387,3.734617387,4141.354626,-0.098213574
158.301244,160159,160.154,2184,3771.428571,3.771428571,4141.354626,-0.089324892
158.3046,160209,160.204,2206,3853.785071,3.853785071,4141.354626,-0.069438524
158.354563,160259,160.254,2224,3922.608231,3.922608231,4141.354626,-0.05282001
158.444205,160309,160.304,2221,3911.045891,3.911045891,4141.354626,-0.055611933
158.454615,160359,160.354,2204,3846.218932,3.846218932,4141.354626,-0.071265497
158.544877,160409,160.404,2187,3782.54717,3.78254717,4141.354626,-0.086640119
158.554657,160459,160.454,2181,3760.344828,3.760344828,4141.354626,-0.092001249
158.644676,160509,160.504,2184,3771.428571,3.771428571,4141.354626,-0.089324892
158.654646,160559,160.554,2191,3797.426471,3.797426471,4141.354626,-0.08304726
158.704634,160609,160.604,2197,3819.863014,3.819863014,4141.354626,-0.077629578
158.786891,160659,160.654,2198,3823.616236,3.823616236,4141.354626,-0.076723299
158.804619,160709,160.704,2206,3853.785071,3.853785071,4141.354626,-0.069438524
158.854617,160759,160.754,2208,3861.36725,3.86136725,4141.354626,-0.067607679
158.957211,160809,160.804,2214,3884.210526,3.884210526,4141.354626,-0.062091785
159.048193,160859,160.854,2222,3914.895889,3.914895889,4141.354626,-0.054682286
159.048506,160909,160.904,2218,3899.520511,3.899520511,4141.354626,-0.05839493
159.054587,160959,160.954,2212,3876.579926,3.876579926,4141.354626,-0.063934322
159.104596,161009,161.004,2206,3853.785071,3.853785071,4141.354626,-0.069438524
159.194792,161059,161.054,2200,3831.134565,3.831134565,4141.354626,-0.074907872
159.204573,161109,161.104,2207,3857.574153,3.857574153,4141.354626,-0.068523587
159.254577,161159,161.154,2193,3804.88959,3.80488959,4141.354626,-0.081245164
159.336736,161209,161.204,2196,3816.113744,3.816113744,4141.354626,-0.078534902
159.354595,161259,161.254,2171,3723.648649,3.723648649,4141.354626,-0.100862161
159.451131,161309,161.304,2171,3723.648649,3.723648649,4141.354626,-0.100862161
159.454608,161359,161.354,2171,3723.648649,3.723648649,4141.354626,-0.100862161
159.544176,161409,161.404,2183,3767.730126,3.767730126,4141.354626,-0.090217944
159.554536,161459,161.454,2212,3876.579926,3.876579926,4141.354626,-0.063934322
159.604611,161509,161.504,2219,3903.358209,3.903358209,4141.354626,-0.057468253
159.693931,161559,161.554,2223,3918.75,3.91875,4141.354626,-0.053751645
159.704576,161609,161.604,2186,3778.837087,3.778837087,4141.354626,-0.087535981
159.754586,161659,161.654,2187,3782.54717,3.78254717,4141.354626,-0.086640119
159.836866,161709,161.704,2190,3793.700787,3.793700787,4141.354626,-0.083946889
159.854586,161759,161.754,2184,3771.428571,3.771428571,4141.354626,-0.089324892
159.944049,161809,161.804,2193,3804.88959,3.80488959,4141.354626,-0.081245164
159.95457,161859,161.854,2200,3831.134565,3.831134565,4141.354626,-0.074907872
160.052996,161909,161.904,2207,3857.574153,3.857574153,4141.354626,-0.068523587
160.054552,161959,161.954,2208,3861.36725,3.86136725,4141.354626,-0.067607679
160.104608,162009,162.004,2192,3801.156069,3.801156069,4141.354626,-0.082146686
160.187718,162059,162.054,2219,3903.358209,3.903358209,4141.354626,-0.057468253
160.204588,162109,162.104,2220,3907.2,3.9072,4141.354626,-0.056540588
160.25452,162159,162.154,2223,3918.75,3.91875,4141.354626,-0.053751645
160.357664,162209,162.204,2212,3876.579926,3.876579926,4141.354626,-0.063934322
160.440011,162259,162.254,2205,3850.0,3.85,4141.354626,-0.070352494
160.440219,162309,162.304,2206,3853.785071,3.853785071,4141.354626,-0.069438524
160.4546,162359,162.354,2194,3808.627038,3.808627038,4141.354626,-0.080342694
160.504599,162409,162.404,2196,3816.113744,3.816113744,4141.354626,-0.078534902
160.602121,162459,162.454,2176,3741.948932,3.741948932,4141.354626,-0.096443249
160.604595,162509,162.504,2177,3745.620438,3.745620438,4141.354626,-0.095556701
160.654558,162559,162.554,2172,3727.301092,3.727301092,4141.354626,-0.099980217
160.743531,162609,162.604,2182,3764.035546,3.764035546,4141.354626,-0.091110063
160.754582,162659,162.654,2205,3850.0,3.85,4141.354626,-0.070352494
160.843764,162709,162.704,2220,3907.2,3.9072,4141.354626,-0.056540588
160.854547,162759,162.754,2222,3914.895889,3.914895889,4141.354626,-0.054682286
160.904525,162809,162.804,2186,3778.837087,3.778837087,4141.354626,-0.087535981
160.987099,162859,162.854,2193,3804.88959,3.80488959,4141.354626,-0.081245164
161.004567,162909,162.904,2178,3749.295775,3.749295775,4141.354626,-0.094669229
161.102977,162959,162.954,2188,3786.261143,3.786261143,4141.354626,-0.085743317
161.104541,163009,163.004,2193,3804.88959,3.80488959,4141.354626,-0.081245164
161.154562,163059,163.054,2198,3823.616236,3.823616236,4141.354626,-0.076723299
161.244714,163109,163.104,2198,3823.616236,3.823616236,4141.354626,-0.076723299
161.254576,163159,163.154,2205,3850.0,3.85,4141.354626,-0.070352494
161.344634,163209,163.204,2215,3888.031915,3.888031915,4141.354626,-0.061169046
161.354583,163259,163.254,2205,3850.0,3.85,4141.354626,-0.070352494
161.444293,163309,163.304,2218,3899.520511,3.899520511,4141.354626,-0.05839493
161.454542,163359,163.354,2233,3957.518797,3.957518797,4141.354626,-0.044390265
161.504592,163409,163.404,2219,3903.358209,3.903358209,4141.354626,-0.057468253
161.586877,163459,163.454,2205,3850.0,3.85,4141.354626,-0.070352494
161.604547,163509,163.504,2200,3831.134565,3.831134565,4141.354626,-0.074907872
161.654601,163559,163.554,2195,3812.368421,3.812368421,4141.354626,-0.079439274
161.751888,163609,163.604,2208,3861.36725,3.86136725,4141.354626,-0.067607679
161.754518,163659,163.654,2189,3789.979014,3.789979014,4141.354626,-0.084845574
161.804591,163709,163.704,2174,3734.617387,3.734617387,4141.354626,-0.098213574
161.894189,163759,163.754,2177,3745.620438,3.745620438,4141.354626,-0.095556701
161.904565,163809,163.804,2185,3775.13089,3.77513089,4141.354626,-0.088430905
161.954574,163859,163.854,2194,3808.627038,3.808627038,4141.354626,-0.080342694
162.04077,163909,163.904,2226,3930.337079,3.930337079,4141.354626,-0.05095375
162.054566,163959,163.954,2218,3899.520511,3.899520511,4141.354626,-0.05839493
162.104587,164009,164.004,2192,3801.156069,3.801156069,4141.354626,-0.082146686
162.209652,164059,164.054,2187,3782.54717,3.78254717,4141.354626,-0.086640119
162.299799,164109,164.104,2178,3749.295775,3.749295775,4141.354626,-0.094669229
162.30002,164159,164.154,2189,3789.979014,3.789979014,4141.354626,-0.084845574
162.304559,164209,164.204,2191,3797.426471,3.797426471,4141.354626,-0.08304726
162.354589,164259,164.254,2203,3842.44186,3.84244186,4141.354626,-0.072177534
162.444276,164309,164.304,2198,3823.616236,3.823616236,4141.354626,-0.076723299
162.454551,164359,164.354,2202,3838.66878,3.83866878,4141.354626,-0.073088608
162.504647,164409,164.404,2212,3876.579926,3.876579926,4141.354626,-0.063934322
162.587276,164459,164.454,2208,3861.36725,3.86136725,4141.354626,-0.067607679
162.6046,164509,164.504,2222,3914.895889,3.914895889,4141.354626,-0.054682286
162.654621,164559,164.554,2225,3926.470588,3.926470588,4141.354626,-0.051887379
162.751869,164609,164.604,2221,3911.045891,3.911045891,4141.354626,-0.055611933
162.754506,164659,164.654,2197,3819.863014,3.819863014,4141.354626,-0.077629578
162.804585,164709,164.704,2213,3880.393199,3.880393199,4141.354626,-0.063013543
162.894278,164759,164.754,2192,3801.156069,3.801156069,4141.354626,-0.082146686
162.904546,164809,164.804,2200,3831.134565,3.831134565,4141.354626,-0.074907872
162.954548,164859,164.854,2190,3793.700787,3.793700787,4141.354626,-0.083946889
163.047655,164909,164.904,2177,3745.620438,3.745620438,4141.354626,-0.095556701
163.054582,164959,164.954,2176,3741.948932,3.741948932,4141.354626,-0.096443249
163.104574,165009,165.004,2181,3760.344828,3.760344828,4141.354626,-0.092001249
163.18713,165059,165.054,2190,3793.700787,3.793700787,4141.354626,-0.083946889
163.204566,165109,165.104,2212,3876.579926,3.876579926,4141.354626,-0.063934322
163.254537,165159,165.154,2233,3957.518797,3.957518797,4141.354626,-0.044390265
163.359786,165209,165.204,2224,3922.608231,3.922608231,4141.354626,-0.05282001
163.461287,165259,165.254,2196,3816.113744,3.816113744,4141.354626,-0.078534902
163.552771,165309,165.304,2197,3819.863014,3.819863014,4141.354626,-0.077629578
163.552991,165359,165.354,2187,3782.54717,3.78254717,4141.354626,-0.086640119
163.553188,165409,165.404,2190,3793.700787,3.793700787,4141.354626,-0.083946889
163.554507,165459,165.454,2204,3846.218932,3.846218932,4141.354626,-0.071265497
163.604596,165509,165.504,2208,3861.36725,3.86136725,4141.354626,-0.067607679
163.688171,165559,165.554,2214,3884.210526,3.884210526,4141.354626,-0.062091785
163.704569,165609,165.604,2208,3861.36725,3.86136725,4141.354626,-0.067607679
163.75458,165659,165.654,2223,3918.75,3.91875,4141.354626,-0.053751645
163.852498,165709,165.704,2202,3838.66878,3.83866878,4141.354626,-0.073088608
163.854503,165759,165.754,2226,3930.337079,3.930337079,4141.354626,-0.05095375
163.904575,165809,165.804,2220,3907.2,3.9072,4141.354626,-0.056540588
163.995298,165859,165.854,2213,3880.393199,3.880393199,4141.354626,-0.063013543
164.004568,165909,165.904,2203,3842.44186,3.84244186,4141.354626,-0.072177534
164.054513,165959,165.954,2202,3838.66878,3.83866878,4141.354626,-0.073088608
164.139033,166009,166.004,2205,3850.0,3.85,4141.354626,-0.070352494
164.154597,166059,166.054,2198,3823.616236,3.823616236,4141.354626,-0.076723299
164.252754,166109,166.104,2181,3760.344828,3.760344828,4141.354626,-0.092001249
164.254502,166159,166.154,2180,3756.657963,3.756657963,4141.354626,-0.092891505
164.304569,166209,166.204,2181,3760.344828,3.760344828,4141.354626,-0.092001249
164.395381,166259,166.254,2189,3789.979014,3.789979014,4141.354626,-0.084845574
164.404587,166309,166.304,2215,3888.031915,3.888031915,4141.354626,-0.061169046
164.495832,166359,166.354,2224,3922.608231,3.922608231,4141.354626,-0.05282001
164.504637,166409,166.404,2217,3895.686901,3.895686901,4141.354626,-0.05932062
164.595751,166459,166.454,2190,3793.700787,3.793700787,4141.354626,-0.083946889
164.604549,166509,166.504,2199,3827.373418,3.827373418,4141.354626,-0.075816064
164.654602,166559,166.554,2188,3786.261143,3.786261143,4141.354626,-0.085743317
164.738806,166609,166.604,2194,3808.627038,3.808627038,4141.354626,-0.080342694
164.754574,166659,166.654,2194,3808.627038,3.808627038,4141.354626,-0.080342694
164.804593,166709,166.704,2210,3868.965517,3.868965517,4141.354626,-0.065772949
164.902758,166759,166.754,2212,3876.579926,3.876579926,4141.354626,-0.063934322
164.904491,166809,166.804,2214,3884.210526,3.884210526,4141.354626,-0.062091785
164.954587,166859,166.854,2219,3903.358209,3.903358209,4141.354626,-0.057468253
165.048144,166909,166.904,2208,3861.36725,3.86136725,4141.354626,-0.067607679
165.054566,166959,166.954,2223,3918.75,3.91875,4141.354626,-0.053751645
165.104593,167009,167.004,2220,3907.2,3.9072,4141.354626,-0.056540588
165.189249,167059,167.054,2209,3865.164369,3.865164369,4141.354626,-0.066690801
165.204556,167109,167.104,2202,3838.66878,3.83866878,4141.354626,-0.073088608
165.254596,167159,167.154,2201,3834.899683,3.834899683,4141.354626,-0.07399872
165.353045,167209,167.204,2210,3868.965517,3.868965517,4141.354626,-0.065772949
165.35449,167259,167.254,2186,3778.837087,3.778837087,4141.354626,-0.087535981
165.404551,167309,167.304,2187,3782.54717,3.78254717,4141.354626,-0.086640119
165.48849,167359,167.354,2194,3808.627038,3.808627038,4141.354626,-0.080342694
165.50457,167409,167.404,2180,3756.657963,3.756657963,4141.354626,-0.092891505
165.603247,167459,167.454,2174,3734.617387,3.734617387,4141.354626,-0.098213574
165.604541,167509,167.504,2196,3816.113744,3.816113744,4141.354626,-0.078534902
165.65457,167559,167.554,2223,3918.75,3.91875,4141.354626,-0.053751645
165.763226,167609,167.604,2211,3872.770701,3.872770701,4141.354626,-0.064854124
165.878696,167659,167.654,2201,3834.899683,3.834899683,4141.354626,-0.07399872
165.96993,167709,167.704,2196,3816.113744,3.816113744,4141.354626,-0.078534902
165.970152,167759,167.754,2192,3801.156069,3.801156069,4141.354626,-0.082146686
165.97035,167809,167.804,2188,3786.261143,3.786261143,4141.354626,-0.085743317
165.970545,167859,167.854,2196,3816.113744,3.816113744,4141.354626,-0.078534902
166.004586,167909,167.904,2208,3861.36725,3.86136725,4141.354626,-0.067607679
166.097729,167959,167.954,2210,3868.965517,3.868965517,4141.354626,-0.065772949
166.104541,168009,168.004,2216,3891.857371,3.891857371,4141.354626,-0.060245325
166.154572,168059,168.054,2218,3899.520511,3.899520511,4141.354626,-0.05839493
166.245714,168109,168.104,2226,3930.337079,3.930337079,4141.354626,-0.05095375
166.25456,168159,168.154,2225,3926.470588,3.926470588,4141.354626,-0.051887379
166.304573,168209,168.204,2221,3911.045891,3.911045891,4141.354626,-0.055611933
166.387729,168259,168.254,2210,3868.965517,3.868965517,4141.354626,-0.065772949
166.404486,168309,168.304,2195,3812.368421,3.812368421,4141.354626,-0.079439274
166.454569,168359,168.354,2205,3850.0,3.85,4141.354626,-0.070352494
166.552969,168409,168.404,2194,3808.627038,3.808627038,4141.354626,-0.080342694
166.554558,168459,168.454,2206,3853.785071,3.853785071,4141.354626,-0.069438524
166.604572,168509,168.504,2194,3808.627038,3.808627038,4141.354626,-0.080342694
166.695204,168559,168.554,2183,3767.730126,3.767730126,4141.354626,-0.090217944
166.70458,168609,168.604,2192,3801.156069,3.801156069,4141.354626,-0.082146686
166.796577,168659,168.654,2178,3749.295775,3.749295775,4141.354626,-0.094669229
166.804494,168709,168.704,2189,3789.979014,3.789979014,4141.354626,-0.084845574
166.854541,168759,168.754,2228,3938.082485,3.938082485,4141.354626,-0.04908349
166.938284,168809,168.804,2219,3903.358209,3.903358209,4141.354626,-0.057468253
166.954577,168859,168.854,2235,3965.322581,3.965322581,4141.354626,-0.042505909
167.058601,168909,168.904,2188,3786.261143,3.786261143,4141.354626,-0.085743317
167.151649,168959,168.954,2177,3745.620438,3.745620438,4141.354626,-0.095556701
167.151868,169009,169.004,2188,3786.261143,3.786261143,4141.354626,-0.085743317
167.15458,169059,169.054,2188,3786.261143,3.786261143,4141.354626,-0.085743317
167.204579,169109,169.104,2206,3853.785071,3.853785071,4141.354626,-0.069438524
167.296853,169159,169.154,2212,3876.579926,3.876579926,4141.354626,-0.063934322
167.304555,169209,169.204,2220,3907.2,3.9072,4141.354626,-0.056540588
167.354622,169259,169.254,2223,3918.75,3.91875,4141.354626,-0.053751645
167.446428,169309,169.304,2223,3918.75,3.91875,4141.354626,-0.053751645
167.454553,169359,169.354,2233,3957.518797,3.957518797,4141.354626,-0.044390265
167.504554,169409,169.404,2234,3961.418592,3.961418592,4141.354626,-0.043448593
167.589006,169459,169.454,2235,3965.322581,3.965322581,4141.354626,-0.042505909
167.60456,169509,169.504,2219,3903.358209,3.903358209,4141.354626,-0.057468253
167.654568,169559,169.554,2215,3888.031915,3.888031915,4141.354626,-0.061169046
167.753384,169609,169.604,2211,3872.770701,3.872770701,4141.354626,-0.064854124
167.754482,169659,169.654,2203,3842.44186,3.84244186,4141.354626,-0.072177534
167.804558,169709,169.704,2201,3834.899683,3.834899683,4141.354626,-0.07399872
167.895636,169759,169.754,2175,3738.28125,3.73828125,4141.354626,-0.097328872
167.904505,169809,169.804,2190,3793.700787,3.793700787,4141.354626,-0.083946889
167.954577,169859,169.854,2174,3734.617387,3.734617387,4141.354626,-0.098213574
168.04234,169909,169.904,2187,3782.54717,3.78254717,4141.354626,-0.086640119
168.05461,169959,169.954,2221,3911.045891,3.911045891,4141.354626,-0.055611933
168.104574,170009,170.004,2242,3992.768484,3.992768484,4141.354626,-0.035878633
168.204356,170059,170.054,2213,3880.393199,3.880393199,4141.354626,-0.063013543
168.204578,170109,170.104,2195,3812.368421,3.812368421,4141.354626,-0.079439274
168.254551,170159,170.154,2193,3804.88959,3.80488959,4141.354626,-0.081245164
168.346057,170209,170.204,2187,3782.54717,3.78254717,4141.354626,-0.086640119
168.354567,170259,170.254,2184,3771.428571,3.771428571,4141.354626,-0.089324892
168.445843,170309,170.304,2197,3819.863014,3.819863014,4141.354626,-0.077629578
168.454505,170359,170.354,2206,3853.785071,3.853785071,4141.354626,-0.069438524
168.504593,170409,170.404,2208,3861.36725,3.86136725,4141.354626,-0.067607679
168.589037,170459,170.454,2212,3876.579926,3.876579926,4141.354626,-0.063934322
168.604572,170509,170.504,2224,3922.608231,3.922608231,4141.354626,-0.05282001
168.654581,170559,170.554,2244,4000.648298,4.000648298,4141.354626,-0.033975919
168.753586,170609,170.604,2233,3957.518797,3.957518797,4141.354626,-0.044390265
168.754559,170659,170.654,2230,3945.844504,3.945844504,4141.354626,-0.04720922
168.804604,170709,170.704,2223,3918.75,3.91875,4141.354626,-0.053751645
168.901375,170759,170.754,2215,3888.031915,3.888031915,4141.354626,-0.061169046
168.904477,170809,170.804,2196,3816.113744,3.816113744,4141.354626,-0.078534902
168.954521,170859,170.854,2202,3838.66878,3.83866878,4141.354626,-0.073088608
169.048493,170909,170.904,2211,3872.770701,3.872770701,4141.354626,-0.064854124
169.054595,170959,170.954,2198,3823.616236,3.823616236,4141.354626,-0.076723299
169.104535,171009,171.004,2178,3749.295775,3.749295775,4141.354626,-0.094669229
169.189233,171059,171.054,2180,3756.657963,3.756657963,4141.354626,-0.092891505
169.20458,171109,171.104,2188,3786.261143,3.786261143,4141.354626,-0.085743317
169.304728,171159,171.154,2198,3823.616236,3.823616236,4141.354626,-0.076723299
169.403801,171209,171.204,2221,3911.045891,3.911045891,4141.354626,-0.055611933
169.404051,171259,171.254,2210,3868.965517,3.868965517,4141.354626,-0.065772949
169.404506,171309,171.304,2215,3888.031915,3.888031915,4141.354626,-0.061169046
169.454579,171359,171.354,2196,3816.113744,3.816113744,4141.354626,-0.078534902
169.547345,171409,171.404,2193,3804.88959,3.80488959,4141.354626,-0.081245164
169.554508,171459,171.454,2192,3801.156069,3.801156069,4141.354626,-0.082146686
169.604518,171509,171.504,2205,3850.0,3.85,4141.354626,-0.070352494
169.691194,171559,171.554,2204,3846.218932,3.846218932,4141.354626,-0.071265497
169.704605,171609,171.604,2196,3816.113744,3.816113744,4141.354626,-0.078534902
169.80575,171659,171.654,2212,3876.579926,3.876579926,4141.354626,-0.063934322
169.89699,171709,171.704,2219,3903.358209,3.903358209,4141.354626,-0.057468253
169.89721,171759,171.754,2225,3926.470588,3.926470588,4141.354626,-0.051887379
169.904558,171809,171.804,2227,3934.207709,3.934207709,4141.354626,-0.050019121
169.954546,171859,171.854,2222,3914.895889,3.914895889,4141.354626,-0.054682286
170.086334,171909,171.904,2219,3903.358209,3.903358209,4141.354626,-0.057468253
170.178513,171959,171.954,2223,3918.75,3.91875,4141.354626,-0.053751645
170.178736,172009,172.004,2208,3861.36725,3.86136725,4141.354626,-0.067607679
170.178933,172059,172.054,2230,3945.844504,3.945844504,4141.354626,-0.04720922
170.204479,172109,172.104,2217,3895.686901,3.895686901,4141.354626,-0.05932062
170.288986,172159,172.154,2196,3816.113744,3.816113744,4141.354626,-0.078534902
170.304559,172209,172.204,2178,3749.295775,3.749295775,4141.354626,-0.094669229
170.402732,172259,172.254,2186,3778.837087,3.778837087,4141.354626,-0.087535981
170.404574,172309,172.304,2183,3767.730126,3.767730126,4141.354626,-0.090217944
170.495607,172359,172.354,2194,3808.627038,3.808627038,4141.354626,-0.080342694
170.504574,172409,172.404,2220,3907.2,3.9072,4141.354626,-0.056540588
170.554627,172459,172.454,2223,3918.75,3.91875,4141.354626,-0.053751645
170.639238,172509,172.504,2216,3891.857371,3.891857371,4141.354626,-0.060245325
170.654544,172559,172.554,2186,3778.837087,3.778837087,4141.354626,-0.087535981
170.704527,172609,172.604,2190,3793.700787,3.793700787,4141.354626,-0.083946889
170.804832,172659,172.654,2198,3823.616236,3.823616236,4141.354626,-0.076723299
170.890394,172709,172.704,2189,3789.979014,3.789979014,4141.354626,-0.084845574
170.890607,172759,172.754,2199,3827.373418,3.827373418,4141.354626,-0.075816064
170.904508,172809,172.804,2209,3865.164369,3.865164369,4141.354626,-0.066690801
170.954542,172859,172.854,2207,3857.574153,3.857574153,4141.354626,-0.068523587
171.054382,172909,172.904,2217,3895.686901,3.895686901,4141.354626,-0.05932062
171.054606,172959,172.954,2204,3846.218932,3.846218932,4141.354626,-0.071265497
171.104499,173009,173.004,2226,3930.337079,3.930337079,4141.354626,-0.05095375
171.197117,173059,173.054,2211,3872.770701,3.872770701,4141.354626,-0.064854124
171.204616,173109,173.104,2227,3934.207709,3.934207709,4141.354626,-0.050019121
171.296787,173159,173.154,2217,3895.686901,3.895686901,4141.354626,-0.05932062
171.304565,173209,173.204,2206,3853.785071,3.853785071,4141.354626,-0.069438524
171.354608,173259,173.254,2213,3880.393199,3.880393199,4141.354626,-0.063013543
171.438338,173309,173.304,2215,3888.031915,3.888031915,4141.354626,-0.061169046
171.454568,173359,173.354,2207,3857.574153,3.857574153,4141.354626,-0.068523587
171.504573,173409,173.404,2173,3730.957336,3.730957336,4141.354626,-0.099097355
171.603291,173459,173.454,2180,3756.657963,3.756657963,4141.354626,-0.092891505
171.604483,173509,173.504,2181,3760.344828,3.760344828,4141.354626,-0.092001249
171.654556,173559,173.554,2196,3816.113744,3.816113744,4141.354626,-0.078534902
171.745286,173609,173.604,2204,3846.218932,3.846218932,4141.354626,-0.071265497
171.754545,173659,173.654,2224,3922.608231,3.922608231,4141.354626,-0.05282001
171.804565,173709,173.704,2212,3876.579926,3.876579926,4141.354626,-0.063934322
171.89547,173759,173.754,2204,3846.218932,3.846218932,4141.354626,-0.071265497
171.904538,173809,173.804,2194,3808.627038,3.808627038,4141.354626,-0.080342694
171.954506,173859,173.854,2183,3767.730126,3.767730126,4141.354626,-0.090217944
172.042065,173909,173.904,2186,3778.837087,3.778837087,4141.354626,-0.087535981
172.054569,173959,173.954,2195,3812.368421,3.812368421,4141.354626,-0.079439274
172.104555,174009,174.004,2203,3842.44186,3.84244186,4141.354626,-0.072177534
172.203941,174059,174.054,2211,3872.770701,3.872770701,4141.354626,-0.064854124
172.204502,174109,174.104,2210,3868.965517,3.868965517,4141.354626,-0.065772949
172.254568,174159,174.154,2201,3834.899683,3.834899683,4141.354626,-0.07399872
172.345422,174209,174.204,2218,3899.520511,3.899520511,4141.354626,-0.05839493
172.354547,174259,174.254,2225,3926.470588,3.926470588,4141.354626,-0.051887379
172.404513,174309,174.304,2223,3918.75,3.91875,4141.354626,-0.053751645
172.48811,174359,174.354,2210,3868.965517,3.868965517,4141.354626,-0.065772949
172.50455,174409,174.404,2210,3868.965517,3.868965517,4141.354626,-0.065772949
172.603064,174459,174.454,2205,3850.0,3.85,4141.354626,-0.070352494
172.604506,174509,174.504,2210,3868.965517,3.868965517,4141.354626,-0.065772949
172.654569,174559,174.554,2208,3861.36725,3.86136725,4141.354626,-0.067607679
172.74521,174609,174.604,2192,3801.156069,3.801156069,4141.354626,-0.082146686
172.754569,174659,174.654,2185,3775.13089,3.77513089,4141.354626,-0.088430905
172.84586,174709,174.704,2186,3778.837087,3.778837087,4141.354626,-0.087535981
172.854535,174759,174.754,2177,3745.620438,3.745620438,4141.354626,-0.095556701
172.904541,174809,174.804,2196,3816.113744,3.816113744,4141.354626,-0.078534902
172.996982,174859,174.854,2222,3914.895889,3.914895889,4141.354626,-0.054682286
173.004568,174909,174.904,2209,3865.164369,3.865164369,4141.354626,-0.066690801
173.091574,174959,174.954,2221,3911.045891,3.911045891,4141.354626,-0.055611933
173.104567,175009,175.004,2196,3816.113744,3.816113744,4141.354626,-0.078534902
173.203516,175059,175.054,2193,3804.88959,3.80488959,4141.354626,-0.081245164
173.204518,175109,175.104,2188,3786.261143,3.786261143,4141.354626,-0.085743317
173.254558,175159,175.154,2183,3767.730126,3.767730126,4141.354626,-0.090217944
173.346572,175209,175.204,2197,3819.863014,3.819863014,4141.354626,-0.077629578
173.354539,175259,175.254,2208,3861.36725,3.86136725,4141.354626,-0.067607679
173.404553,175309,175.304,2209,3865.164369,3.865164369,4141.354626,-0.066690801
173.496337,175359,175.354,2211,3872.770701,3.872770701,4141.354626,-0.064854124
173.504506,175409,175.404,2215,3888.031915,3.888031915,4141.354626,-0.061169046
173.554557,175459,175.454,2222,3914.895889,3.914895889,4141.354626,-0.054682286
173.63829,175509,175.504,2225,3926.470588,3.926470588,4141.354626,-0.051887379
173.654563,175559,175.554,2216,3891.857371,3.891857371,4141.354626,-0.060245325
173.752823,175609,175.604,2216,3891.857371,3.891857371,4141.354626,-0.060245325
173.754499,175659,175.654,2205,3850.0,3.85,4141.354626,-0.070352494
173.804607,175709,175.704,2206,3853.785071,3.853785071,4141.354626,-0.069438524
173.895558,175759,175.754,2208,3861.36725,3.86136725,4141.354626,-0.067607679
173.904538,175809,175.804,2191,3797.426471,3.797426471,4141.354626,-0.08304726
173.954522,175859,175.854,2176,3741.948932,3.741948932,4141.354626,-0.096443249
174.0563,175909,175.904,2189,3789.979014,3.789979014,4141.354626,-0.084845574
174.144096,175959,175.954,2184,3771.428571,3.771428571,4141.354626,-0.089324892
174.144309,176009,176.004,2190,3793.700787,3.793700787,4141.354626,-0.083946889
174.15452,176059,176.054,2225,3926.470588,3.926470588,4141.354626,-0.051887379
174.204535,176109,176.104,2226,3930.337079,3.930337079,4141.354626,-0.05095375
174.303937,176159,176.154,2217,3895.686901,3.895686901,4141.354626,-0.05932062
174.304544,176209,176.204,2200,3831.134565,3.831134565,4141.354626,-0.074907872
174.397111,176259,176.254,2186,3778.837087,3.778837087,4141.354626,-0.087535981
174.40451,176309,176.304,2209,3865.164369,3.865164369,4141.354626,-0.066690801
174.454516,176359,176.354,2186,3778.837087,3.778837087,4141.354626,-0.087535981
174.546936,176409,176.404,2201,3834.899683,3.834899683,4141.354626,-0.07399872
174.554676,176459,176.454,2201,3834.899683,3.834899683,4141.354626,-0.07399872
174.647717,176509,176.504,2213,3880.393199,3.880393199,4141.354626,-0.063013543
174.654516,176559,176.554,2200,3831.134565,3.831134565,4141.354626,-0.074907872
174.70457,176609,176.604,2216,3891.857371,3.891857371,4141.354626,-0.060245325
174.789261,176659,176.654,2217,3895.686901,3.895686901,4141.354626,-0.05932062
174.804541,176709,176.704,2218,3899.520511,3.899520511,4141.354626,-0.05839493
174.85456,176759,176.754,2219,3903.358209,3.903358209,4141.354626,-0.057468253
174.953059,176809,176.804,2222,3914.895889,3.914895889,4141.354626,-0.054682286
174.954486,176859,176.854,2195,3812.368421,3.812368421,4141.354626,-0.079439274
175.004531,176909,176.904,2200,3831.134565,3.831134565,4141.354626,-0.074907872
175.096759,176959,176.954,2205,3850.0,3.85,4141.354626,-0.070352494
175.104499,177009,177.004,2205,3850.0,3.85,4141.354626,-0.070352494
175.154548,177059,177.054,2181,3760.344828,3.760344828,4141.354626,-0.092001249
175.239688,177109,177.104,2177,3745.620438,3.745620438,4141.354626,-0.095556701
175.254572,177159,177.154,2184,3771.428571,3.771428571,4141.354626,-0.089324892
175.345688,177209,177.204,2191,3797.426471,3.797426471,4141.354626,-0.08304726
175.354497,177259,177.254,2216,3891.857371,3.891857371,4141.354626,-0.060245325
175.404591,177309,177.304,2224,3922.608231,3.922608231,4141.354626,-0.05282001
175.503589,177359,177.354,2218,3899.520511,3.899520511,4141.354626,-0.05839493
175.504547,177409,177.404,2204,3846.218932,3.846218932,4141.354626,-0.071265497
175.554567,177459,177.454,2195,3812.368421,3.812368421,4141.354626,-0.079439274
175.645957,177509,177.504,2193,3804.88959,3.80488959,4141.354626,-0.081245164
175.654532,177559,177.554,2179,3752.974948,3.752974948,4141.354626,-0.093780831
175.704568,177609,177.604,2197,3819.863014,3.819863014,4141.354626,-0.077629578
175.789057,177659,177.654,2200,3831.134565,3.831134565,4141.354626,-0.074907872
175.804519,177709,177.704,2200,3831.134565,3.831134565,4141.354626,-0.074907872
175.854573,177759,177.754,2224,3922.608231,3.922608231,4141.354626,-0.05282001
175.956176,177809,177.804,2213,3880.393199,3.880393199,4141.354626,-0.063013543
176.048205,177859,177.854,2217,3895.686901,3.895686901,4141.354626,-0.05932062
176.048513,177909,177.904,2222,3914.895889,3.914895889,4141.354626,-0.054682286
176.054538,177959,177.954,2223,3918.75,3.91875,4141.354626,-0.053751645
176.104603,178009,178.004,2215,3888.031915,3.888031915,4141.354626,-0.061169046
176.197194,178059,178.054,2207,3857.574153,3.857574153,4141.354626,-0.068523587
176.204554,178109,178.104,2211,3872.770701,3.872770701,4141.354626,-0.064854124
176.254456,178159,178.154,2208,3861.36725,3.86136725,4141.354626,-0.067607679
176.338594,178209,178.204,2205,3850.0,3.85,4141.354626,-0.070352494
176.35449,178259,178.254,2195,3812.368421,3.812368421,4141.354626,-0.079439274
176.45293,178309,178.304,2182,3764.035546,3.764035546,4141.354626,-0.091110063
176.454529,178359,178.354,2185,3775.13089,3.77513089,4141.354626,-0.088430905
176.546273,178409,178.404,2171,3723.648649,3.723648649,4141.354626,-0.100862161
176.554682,178459,178.454,2211,3872.770701,3.872770701,4141.354626,-0.064854124
176.647842,178509,178.504,2228,3938.082485,3.938082485,4141.354626,-0.04908349
176.654485,178559,178.554,2220,3907.2,3.9072,4141.354626,-0.056540588
176.704561,178609,178.604,2210,3868.965517,3.868965517,4141.354626,-0.065772949
176.796342,178659,178.654,2188,3786.261143,3.786261143,4141.354626,-0.085743317
176.804532,178709,178.704,2191,3797.426471,3.797426471,4141.354626,-0.08304726
176.854529,178759,178.754,2189,3789.979014,3.789979014,4141.354626,-0.084845574
176.938608,178809,178.804,2180,3756.657963,3.756657963,4141.354626,-0.092891505
176.954528,178859,178.854,2199,3827.373418,3.827373418,4141.354626,-0.075816064
177.054887,178909,178.904,2199,3827.373418,3.827373418,4141.354626,-0.075816064
177.147296,178959,178.954,2216,3891.857371,3.891857371,4141.354626,-0.060245325
177.14752,179009,179.004,2220,3907.2,3.9072,4141.354626,-0.056540588
177.154493,179059,179.054,2226,3930.337079,3.930337079,4141.354626,-0.05095375
177.204569,179109,179.104,2226,3930.337079,3.930337079,4141.354626,-0.05095375
177.296507,179159,179.154,2228,3938.082485,3.938082485,4141.354626,-0.04908349
177.304605,179209,179.204,2212,3876.579926,3.876579926,4141.354626,-0.063934322
177.388957,179259,179.254,2220,3907.2,3.9072,4141.354626,-0.056540588
177.404541,179309,179.304,2210,3868.965517,3.868965517,4141.354626,-0.065772949
177.454568,179359,179.354,2215,3888.031915,3.888031915,4141.354626,-0.061169046
177.554257,179409,179.404,2208,3861.36725,3.86136725,4141.354626,-0.067607679
177.554498,179459,179.454,2206,3853.785071,3.853785071,4141.354626,-0.069438524
177.604514,179509,179.504,2188,3786.261143,3.786261143,4141.354626,-0.085743317
177.696036,179559,179.554,2181,3760.344828,3.760344828,4141.354626,-0.092001249
177.704531,179609,179.604,2177,3745.620438,3.745620438,4141.354626,-0.095556701
177.796425,179659,179.654,2190,3793.700787,3.793700787,4141.354626,-0.083946889
177.804498,179709,179.704,2217,3895.686901,3.895686901,4141.354626,-0.05932062
177.85456,179759,179.754,2226,3930.337079,3.930337079,4141.354626,-0.05095375
177.939747,179809,179.804,2215,3888.031915,3.888031915,4141.354626,-0.061169046
177.954505,179859,179.854,2193,3804.88959,3.80488959,4141.354626,-0.081245164
178.058242,179909,179.904,2181,3760.344828,3.760344828,4141.354626,-0.092001249
178.151647,179959,179.954,2203,3842.44186,3.84244186,4141.354626,-0.072177534
178.151868,180009,180.004,2194,3808.627038,3.808627038,4141.354626,-0.080342694
178.154483,180059,180.054,2197,3819.863014,3.819863014,4141.354626,-0.077629578
178.204547,180109,180.104,2203,3842.44186,3.84244186,4141.354626,-0.072177534
178.297298,180159,180.154,2203,3842.44186,3.84244186,4141.354626,-0.072177534
178.304546,180209,180.204,2214,3884.210526,3.884210526,4141.354626,-0.062091785
178.396523,180259,180.254,2213,3880.393199,3.880393199,4141.354626,-0.063013543
178.404482,180309,180.304,2227,3934.207709,3.934207709,4141.354626,-0.050019121
178.454532,180359,180.354,2228,3938.082485,3.938082485,4141.354626,-0.04908349
178.539864,180409,180.404,2218,3899.520511,3.899520511,4141.354626,-0.05839493
178.554563,180459,180.454,2211,3872.770701,3.872770701,4141.354626,-0.064854124
178.653095,180509,180.504,2207,3857.574153,3.857574153,4141.354626,-0.068523587
178.654426,180559,180.554,2209,3865.164369,3.865164369,4141.354626,-0.066690801
178.704528,180609,180.604,2204,3846.218932,3.846218932,4141.354626,-0.071265497
178.795669,180659,180.654,2210,3868.965517,3.868965517,4141.354626,-0.065772949
178.804485,180709,180.704,2189,3789.979014,3.789979014,4141.354626,-0.084845574
178.854551,180759,180.754,2191,3797.426471,3.797426471,4141.354626,-0.08304726
178.945853,180809,180.804,2191,3797.426471,3.797426471,4141.354626,-0.08304726
178.954518,180859,180.854,2204,3846.218932,3.846218932,4141.354626,-0.071265497
179.042169,180909,180.904,2209,3865.164369,3.865164369,4141.354626,-0.066690801
179.054491,180959,180.954,2229,3941.961415,3.941961415,4141.354626,-0.048146857
179.104502,181009,181.004,2206,3853.785071,3.853785071,4141.354626,-0.069438524
179.203809,181059,181.054,2193,3804.88959,3.80488959,4141.354626,-0.081245164
179.204462,181109,181.104,2191,3797.426471,3.797426471,4141.354626,-0.08304726
179.254465,181159,181.154,2189,3789.979014,3.789979014,4141.354626,-0.084845574
179.346339,181209,181.204,2197,3819.863014,3.819863014,4141.354626,-0.077629578
179.354456,181259,181.254,2198,3823.616236,3.823616236,4141.354626,-0.076723299
179.404514,181309,181.304,2197,3819.863014,3.819863014,4141.354626,-0.077629578
179.495896,181359,181.354,2208,3861.36725,3.86136725,4141.354626,-0.067607679
179.504514,181409,181.404,2217,3895.686901,3.895686901,4141.354626,-0.05932062
179.589314,181459,181.454,2215,3888.031915,3.888031915,4141.354626,-0.061169046
179.604525,181509,181.504,2215,3888.031915,3.888031915,4141.354626,-0.061169046
179.702893,181559,181.554,2230,3945.844504,3.945844504,4141.354626,-0.04720922
179.704468,181609,181.604,2226,3930.337079,3.930337079,4141.354626,-0.05095375
179.754539,181659,181.654,2213,3880.393199,3.880393199,4141.354626,-0.063013543
179.845608,181709,181.704,2211,3872.770701,3.872770701,4141.354626,-0.064854124
179.854506,181759,181.754,2208,3861.36725,3.86136725,4141.354626,-0.067607679
179.904536,181809,181.804,2201,3834.899683,3.834899683,4141.354626,-0.07399872
179.995886,181859,181.854,2217,3895.686901,3.895686901,4141.354626,-0.05932062
180.004549,181909,181.904,2191,3797.426471,3.797426471,4141.354626,-0.08304726
180.091543,181959,181.954,2184,3771.428571,3.771428571,4141.354626,-0.089324892
180.104481,182009,182.004,2194,3808.627038,3.808627038,4141.354626,-0.080342694
180.15451,182059,182.054,2185,3775.13089,3.77513089,4141.354626,-0.088430905
180.254095,182109,182.104,2207,3857.574153,3.857574153,4141.354626,-0.068523587
180.254448,182159,182.154,2223,3918.75,3.91875,4141.354626,-0.053751645
180.3045,182209,182.204,2211,3872.770701,3.872770701,4141.354626,-0.064854124
180.396705,182259,182.254,2210,3868.965517,3.868965517,4141.354626,-0.065772949
180.404507,182309,182.304,2196,3816.113744,3.816113744,4141.354626,-0.078534902
180.496127,182359,182.354,2190,3793.700787,3.793700787,4141.354626,-0.083946889
180.504454,182409,182.404,2186,3778.837087,3.778837087,4141.354626,-0.087535981
180.554498,182459,182.454,2200,3831.134565,3.831134565,4141.354626,-0.074907872
180.639525,182509,182.504,2202,3838.66878,3.83866878,4141.354626,-0.073088608
180.654527,182559,182.554,2198,3823.616236,3.823616236,4141.354626,-0.076723299
180.75309,182609,182.604,2212,3876.579926,3.876579926,4141.354626,-0.063934322
180.754472,182659,182.654,2213,3880.393199,3.880393199,4141.354626,-0.063013543
180.804541,182709,182.704,2227,3934.207709,3.934207709,4141.354626,-0.050019121
180.888705,182759,182.754,2226,3930.337079,3.930337079,4141.354626,-0.05095375
180.904545,182809,182.804,2218,3899.520511,3.899520511,4141.354626,-0.05839493
181.003085,182859,182.854,2211,3872.770701,3.872770701,4141.354626,-0.064854124
181.004543,182909,182.904,2209,3865.164369,3.865164369,4141.354626,-0.066690801
181.054507,182959,182.954,2208,3861.36725,3.86136725,4141.354626,-0.067607679
181.146604,183009,183.004,2194,3808.627038,3.808627038,4141.354626,-0.080342694
181.154495,183059,183.054,2200,3831.134565,3.831134565,4141.354626,-0.074907872
181.204544,183109,183.104,2196,3816.113744,3.816113744,4141.354626,-0.078534902
181.289535,183159,183.154,2187,3782.54717,3.78254717,4141.354626,-0.086640119
181.304483,183209,183.204,2174,3734.617387,3.734617387,4141.354626,-0.098213574
181.354537,183259,183.254,2183,3767.730126,3.767730126,4141.354626,-0.090217944
181.453276,183309,183.304,2193,3804.88959,3.80488959,4141.354626,-0.081245164
181.454466,183359,183.354,2221,3911.045891,3.911045891,4141.354626,-0.055611933
181.504483,183409,183.404,2237,3973.143165,3.973143165,4141.354626,-0.040617497
181.596432,183459,183.454,2190,3793.700787,3.793700787,4141.354626,-0.083946889
181.604477,183509,183.504,2201,3834.899683,3.834899683,4141.354626,-0.07399872
181.654535,183559,183.554,2201,3834.899683,3.834899683,4141.354626,-0.07399872
181.739442,183609,183.604,2193,3804.88959,3.80488959,4141.354626,-0.081245164
181.754504,183659,183.654,2194,3808.627038,3.808627038,4141.354626,-0.080342694
181.804462,183709,183.704,2204,3846.218932,3.846218932,4141.354626,-0.071265497
181.910878,183759,183.754,2204,3846.218932,3.846218932,4141.354626,-0.071265497
182.003184,183809,183.804,2204,3846.218932,3.846218932,4141.354626,-0.071265497
182.003406,183859,183.854,2216,3891.857371,3.891857371,4141.354626,-0.060245325
182.004417,183909,183.904,2216,3891.857371,3.891857371,4141.354626,-0.060245325
182.054487,183959,183.954,2223,3918.75,3.91875,4141.354626,-0.053751645
182.147852,184009,184.004,2218,3899.520511,3.899520511,4141.354626,-0.05839493
182.154479,184059,184.054,2213,3880.393199,3.880393199,4141.354626,-0.063013543
182.204522,184109,184.104,2215,3888.031915,3.888031915,4141.354626,-0.061169046
182.289598,184159,184.154,2212,3876.579926,3.876579926,4141.354626,-0.063934322
182.304462,184209,184.204,2210,3868.965517,3.868965517,4141.354626,-0.065772949
182.35456,184259,184.254,2199,3827.373418,3.827373418,4141.354626,-0.075816064
182.453707,184309,184.304,2200,3831.134565,3.831134565,4141.354626,-0.074907872
182.454441,184359,184.354,2190,3793.700787,3.793700787,4141.354626,-0.083946889
182.50447,184409,184.404,2175,3738.28125,3.73828125,4141.354626,-0.097328872
182.596126,184459,184.454,2185,3775.13089,3.77513089,4141.354626,-0.088430905
182.604497,184509,184.504,2194,3808.627038,3.808627038,4141.354626,-0.080342694
182.696355,184559,184.554,2209,3865.164369,3.865164369,4141.354626,-0.066690801
182.704468,184609,184.604,2231,3949.73176,3.94973176,4141.354626,-0.046270576
182.754505,184659,184.654,2200,3831.134565,3.831134565,4141.354626,-0.074907872
182.839005,184709,184.704,2194,3808.627038,3.808627038,4141.354626,-0.080342694
182.854474,184759,184.754,2192,3801.156069,3.801156069,4141.354626,-0.082146686
182.904506,184809,184.804,2195,3812.368421,3.812368421,4141.354626,-0.079439274
183.005368,184859,184.854,2178,3749.295775,3.749295775,4141.354626,-0.094669229
183.099907,184909,184.904,2199,3827.373418,3.827373418,4141.354626,-0.075816064
183.100135,184959,184.954,2206,3853.785071,3.853785071,4141.354626,-0.069438524
183.1045,185009,185.004,2187,3782.54717,3.78254717,4141.354626,-0.086640119
183.154441,185059,185.054,2210,3868.965517,3.868965517,4141.354626,-0.065772949
183.247553,185109,185.104,2210,3868.965517,3.868965517,4141.354626,-0.065772949
183.254479,185159,185.154,2221,3911.045891,3.911045891,4141.354626,-0.055611933
183.348198,185209,185.204,2223,3918.75,3.91875,4141.354626,-0.053751645
183.354468,185259,185.254,2206,3853.785071,3.853785071,4141.354626,-0.069438524
183.404483,185309,185.304,2209,3865.164369,3.865164369,4141.354626,-0.066690801
183.489597,185359,185.354,2217,3895.686901,3.895686901,4141.354626,-0.05932062
183.504472,185409,185.404,2203,3842.44186,3.84244186,4141.354626,-0.072177534
183.554486,185459,185.454,2196,3816.113744,3.816113744,4141.354626,-0.078534902
183.653721,185509,185.504,2203,3842.44186,3.84244186,4141.354626,-0.072177534
183.654402,185559,185.554,2187,3782.54717,3.78254717,4141.354626,-0.086640119
183.704476,185609,185.604,2178,3749.295775,3.749295775,4141.354626,-0.094669229
183.796854,185659,185.654,2181,3760.344828,3.760344828,4141.354626,-0.092001249
183.80447,185709,185.704,2187,3782.54717,3.78254717,4141.354626,-0.086640119
183.854479,185759,185.754,2207,3857.574153,3.857574153,4141.354626,-0.068523587
183.939181,185809,185.804,2227,3934.207709,3.934207709,4141.354626,-0.050019121
183.954476,185859,185.854,2217,3895.686901,3.895686901,4141.354626,-0.05932062
184.055811,185909,185.904,2206,3853.785071,3.853785071,4141.354626,-0.069438524
184.149281,185959,185.954,2186,3778.837087,3.778837087,4141.354626,-0.087535981
184.149504,186009,186.004,2189,3789.979014,3.789979014,4141.354626,-0.084845574
184.154476,186059,186.054,2182,3764.035546,3.764035546,4141.354626,-0.091110063
184.204486,186109,186.104,2192,3801.156069,3.801156069,4141.354626,-0.082146686
184.297534,186159,186.154,2210,3868.965517,3.868965517,4141.354626,-0.065772949
184.304467,186209,186.204,2199,3827.373418,3.827373418,4141.354626,-0.075816064
184.354497,186259,186.254,2210,3868.965517,3.868965517,4141.354626,-0.065772949
184.447391,186309,186.304,2215,3888.031915,3.888031915,4141.354626,-0.061169046
184.454461,186359,186.354,2217,3895.686901,3.895686901,4141.354626,-0.05932062
184.50448,186409,186.404,2221,3911.045891,3.911045891,4141.354626,-0.055611933
184.590054,186459,186.454,2215,3888.031915,3.888031915,4141.354626,-0.061169046
184.604461,186509,186.504,2196,3816.113744,3.816113744,4141.354626,-0.078534902
184.654499,186559,186.554,2208,3861.36725,3.86136725,4141.354626,-0.067607679
184.754117,186609,186.604,2192,3801.156069,3.801156069,4141.354626,-0.082146686
184.75445,186659,186.654,2193,3804.88959,3.80488959,4141.354626,-0.081245164
184.804493,186709,186.704,2206,3853.785071,3.853785071,4141.354626,-0.069438524
184.89668,186759,186.754,2192,3801.156069,3.801156069,4141.354626,-0.082146686
184.904472,186809,186.804,2184,3771.428571,3.771428571,4141.354626,-0.089324892
184.954477,186859,186.854,2174,3734.617387,3.734617387,4141.354626,-0.098213574
185.043574,186909,186.904,2182,3764.035546,3.764035546,4141.354626,-0.091110063
185.054492,186959,186.954,2196,3816.113744,3.816113744,4141.354626,-0.078534902
185.104414,187009,187.004,2217,3895.686901,3.895686901,4141.354626,-0.05932062
185.205088,187059,187.054,2233,3957.518797,3.957518797,4141.354626,-0.044390265
185.299311,187109,187.104,2197,3819.863014,3.819863014,4141.354626,-0.077629578
185.299552,187159,187.154,2181,3760.344828,3.760344828,4141.354626,-0.092001249
185.304427,187209,187.204,2188,3786.261143,3.786261143,4141.354626,-0.085743317
185.354513,187259,187.254,2190,3793.700787,3.793700787,4141.354626,-0.083946889
185.44803,187309,187.304,2187,3782.54717,3.78254717,4141.354626,-0.086640119
185.4545,187359,187.354,2193,3804.88959,3.80488959,4141.354626,-0.081245164
185.504481,187409,187.404,2203,3842.44186,3.84244186,4141.354626,-0.072177534
185.590218,187459,187.454,2203,3842.44186,3.84244186,4141.354626,-0.072177534
185.604508,187509,187.504,2207,3857.574153,3.857574153,4141.354626,-0.068523587
185.697103,187559,187.554,2212,3876.579926,3.876579926,4141.354626,-0.063934322
185.704501,187609,187.604,2226,3930.337079,3.930337079,4141.354626,-0.05095375
185.754505,187659,187.654,2226,3930.337079,3.930337079,4141.354626,-0.05095375
185.8546,187709,187.704,2217,3895.686901,3.895686901,4141.354626,-0.05932062
185.939658,187759,187.754,2206,3853.785071,3.853785071,4141.354626,-0.069438524
185.939868,187809,187.804,2202,3838.66878,3.83866878,4141.354626,-0.073088608
185.954511,187859,187.854,2204,3846.218932,3.846218932,4141.354626,-0.071265497
186.004459,187909,187.904,2202,3838.66878,3.83866878,4141.354626,-0.073088608
186.105568,187959,187.954,2199,3827.373418,3.827373418,4141.354626,-0.075816064
186.191233,188009,188.004,2184,3771.428571,3.771428571,4141.354626,-0.089324892
186.19145,188059,188.054,2175,3738.28125,3.73828125,4141.354626,-0.097328872
186.204463,188109,188.104,2170,3720.0,3.72,4141.354626,-0.101743189
186.254497,188159,188.154,2203,3842.44186,3.84244186,4141.354626,-0.072177534
186.354729,188209,188.204,2207,3857.574153,3.857574153,4141.354626,-0.068523587
186.446704,188259,188.254,2227,3934.207709,3.934207709,4141.354626,-0.050019121
186.446923,188309,188.304,2204,3846.218932,3.846218932,4141.354626,-0.071265497
186.454466,188359,188.354,2184,3771.428571,3.771428571,4141.354626,-0.089324892
186.504501,188409,188.404,2188,3786.261143,3.786261143,4141.354626,-0.085743317
186.597,188459,188.454,2192,3801.156069,3.801156069,4141.354626,-0.082146686
186.604459,188509,188.504,2190,3793.700787,3.793700787,4141.354626,-0.083946889
186.654528,188559,188.554,2185,3775.13089,3.77513089,4141.354626,-0.088430905
186.739435,188609,188.604,2191,3797.426471,3.797426471,4141.354626,-0.08304726
186.754495,188659,188.654,2209,3865.164369,3.865164369,4141.354626,-0.066690801
186.804475,188709,188.704,2200,3831.134565,3.831134565,4141.354626,-0.074907872
186.904493,188759,188.754,2202,3838.66878,3.83866878,4141.354626,-0.073088608
186.997122,188809,188.804,2211,3872.770701,3.872770701,4141.354626,-0.064854124
186.997344,188859,188.854,2214,3884.210526,3.884210526,4141.354626,-0.062091785
187.004503,188909,188.904,2218,3899.520511,3.899520511,4141.354626,-0.05839493
187.054466,188959,188.954,2198,3823.616236,3.823616236,4141.354626,-0.076723299
187.147842,189009,189.004,2198,3823.616236,3.823616236,4141.354626,-0.076723299
187.154445,189059,189.054,2200,3831.134565,3.831134565,4141.354626,-0.074907872
187.204488,189109,189.104,2203,3842.44186,3.84244186,4141.354626,-0.072177534
187.290274,189159,189.154,2196,3816.113744,3.816113744,4141.354626,-0.078534902
187.304455,189209,189.204,2189,3789.979014,3.789979014,4141.354626,-0.084845574
187.354531,189259,189.254,2182,3764.035546,3.764035546,4141.354626,-0.091110063
187.454167,189309,189.304,2178,3749.295775,3.749295775,4141.354626,-0.094669229
187.454401,189359,189.354,2183,3767.730126,3.767730126,4141.354626,-0.090217944
187.504443,189409,189.404,2199,3827.373418,3.827373418,4141.354626,-0.075816064
187.597822,189459,189.454,2224,3922.608231,3.922608231,4141.354626,-0.05282001
187.604472,189509,189.504,2209,3865.164369,3.865164369,4141.354626,-0.066690801
187.697065,189559,189.554,2180,3756.657963,3.756657963,4141.354626,-0.092891505
187.704435,189609,189.604,2185,3775.13089,3.77513089,4141.354626,-0.088430905
187.754507,189659,189.654,2184,3771.428571,3.771428571,4141.354626,-0.089324892
187.840144,189709,189.704,2192,3801.156069,3.801156069,4141.354626,-0.082146686
187.854472,189759,189.754,2197,3819.863014,3.819863014,4141.354626,-0.077629578
187.904483,189809,189.804,2205,3850.0,3.85,4141.354626,-0.070352494
188.006164,189859,189.854,2196,3816.113744,3.816113744,4141.354626,-0.078534902
188.1004,189909,189.904,2213,3880.393199,3.880393199,4141.354626,-0.063013543
188.100621,189959,189.954,2211,3872.770701,3.872770701,4141.354626,-0.064854124
188.10447,190009,190.004,2213,3880.393199,3.880393199,4141.354626,-0.063013543
188.154508,190059,190.054,2214,3884.210526,3.884210526,4141.354626,-0.062091785
188.248073,190109,190.104,2203,3842.44186,3.84244186,4141.354626,-0.072177534
188.25445,190159,190.154,2209,3865.164369,3.865164369,4141.354626,-0.066690801
188.304452,190209,190.204,2217,3895.686901,3.895686901,4141.354626,-0.05932062
188.389392,190259,190.254,2202,3838.66878,3.83866878,4141.354626,-0.073088608
188.404484,190309,190.304,2190,3793.700787,3.793700787,4141.354626,-0.083946889
188.505231,190359,190.354,2191,3797.426471,3.797426471,4141.354626,-0.08304726
188.598418,190409,190.404,2199,3827.373418,3.827373418,4141.354626,-0.075816064
188.598642,190459,190.454,2183,3767.730126,3.767730126,4141.354626,-0.090217944
188.604474,190509,190.504,2168,3712.714063,3.712714063,4141.354626,-0.103502501
188.654457,190559,190.554,2178,3749.295775,3.749295775,4141.354626,-0.094669229
188.745765,190609,190.604,2202,3838.66878,3.83866878,4141.354626,-0.073088608
188.754491,190659,190.654,2227,3934.207709,3.934207709,4141.354626,-0.050019121
188.846886,190709,190.704,2228,3938.082485,3.938082485,4141.354626,-0.04908349
188.854492,190759,190.754,2206,3853.785071,3.853785071,4141.354626,-0.069438524
188.939332,190809,190.804,2187,3782.54717,3.78254717,4141.354626,-0.086640119
188.954462,190859,190.854,2185,3775.13089,3.77513089,4141.354626,-0.088430905
189.056087,190909,190.904,2182,3764.035546,3.764035546,4141.354626,-0.091110063
189.149519,190959,190.954,2193,3804.88959,3.80488959,4141.354626,-0.081245164
189.14974,191009,191.004,2201,3834.899683,3.834899683,4141.354626,-0.07399872
189.154456,191059,191.054,2204,3846.218932,3.846218932,4141.354626,-0.071265497
189.204457,191109,191.104,2215,3888.031915,3.888031915,4141.354626,-0.061169046
189.297984,191159,191.154,2208,3861.36725,3.86136725,4141.354626,-0.067607679
189.304444,191209,191.204,2214,3884.210526,3.884210526,4141.354626,-0.062091785
189.35445,191259,191.254,2213,3880.393199,3.880393199,4141.354626,-0.063013543
189.439713,191309,191.304,2219,3903.358209,3.903358209,4141.354626,-0.057468253
189.454461,191359,191.354,2214,3884.210526,3.884210526,4141.354626,-0.062091785
189.555417,191409,191.404,2206,3853.785071,3.853785071,4141.354626,-0.069438524
189.648067,191459,191.454,2194,3808.627038,3.808627038,4141.354626,-0.080342694
189.648292,191509,191.504,2198,3823.616236,3.823616236,4141.354626,-0.076723299
189.654449,191559,191.554,2195,3812.368421,3.812368421,4141.354626,-0.079439274
189.704456,191609,191.604,2189,3789.979014,3.789979014,4141.354626,-0.084845574
189.79668,191659,191.654,2181,3760.344828,3.760344828,4141.354626,-0.092001249
189.804438,191709,191.704,2172,3727.301092,3.727301092,4141.354626,-0.099980217
189.85445,191759,191.754,2166,3705.443235,3.705443235,4141.354626,-0.105258166
189.946871,191809,191.804,2198,3823.616236,3.823616236,4141.354626,-0.076723299
189.954503,191859,191.854,2218,3899.520511,3.899520511,4141.354626,-0.05839493
190.042824,191909,191.904,2235,3965.322581,3.965322581,4141.354626,-0.042505909
190.054458,191959,191.954,2207,3857.574153,3.857574153,4141.354626,-0.068523587
190.104484,192009,192.004,2189,3789.979014,3.789979014,4141.354626,-0.084845574
190.205108,192059,192.054,2187,3782.54717,3.78254717,4141.354626,-0.086640119
190.298083,192109,192.104,2194,3808.627038,3.808627038,4141.354626,-0.080342694
190.298306,192159,192.154,2190,3793.700787,3.793700787,4141.354626,-0.083946889
190.304488,192209,192.204,2183,3767.730126,3.767730126,4141.354626,-0.090217944
190.354425,192259,192.254,2200,3831.134565,3.831134565,4141.354626,-0.074907872
190.44682,192309,192.304,2198,3823.616236,3.823616236,4141.354626,-0.076723299
190.454456,192359,192.354,2198,3823.616236,3.823616236,4141.354626,-0.076723299
190.540508,192409,192.404,2205,3850.0,3.85,4141.354626,-0.070352494
190.554535,192459,192.454,2213,3880.393199,3.880393199,4141.354626,-0.063013543
190.656015,192509,192.504,2219,3903.358209,3.903358209,4141.354626,-0.057468253
190.748556,192559,192.554,2204,3846.218932,3.846218932,4141.354626,-0.071265497
190.748776,192609,192.604,2197,3819.863014,3.819863014,4141.354626,-0.077629578
190.754467,192659,192.654,2197,3819.863014,3.819863014,4141.354626,-0.077629578
190.804543,192709,192.704,2195,3812.368421,3.812368421,4141.354626,-0.079439274
190.889799,192759,192.754,2195,3812.368421,3.812368421,4141.354626,-0.079439274
190.904462,192809,192.804,2206,3853.785071,3.853785071,4141.354626,-0.069438524
190.954478,192859,192.854,2181,3760.344828,3.760344828,4141.354626,-0.092001249
191.048955,192909,192.904,2178,3749.295775,3.749295775,4141.354626,-0.094669229
191.054484,192959,192.954,2173,3730.957336,3.730957336,4141.354626,-0.099097355
191.104451,193009,193.004,2192,3801.156069,3.801156069,4141.354626,-0.082146686
191.197825,193059,193.054,2199,3827.373418,3.827373418,4141.354626,-0.075816064
191.204469,193109,193.104,2227,3934.207709,3.934207709,4141.354626,-0.050019121
191.306361,193159,193.154,2212,3876.579926,3.876579926,4141.354626,-0.063934322
191.398768,193209,193.204,2194,3808.627038,3.808627038,4141.354626,-0.080342694
191.398993,193259,193.254,2183,3767.730126,3.767730126,4141.354626,-0.090217944
191.404464,193309,193.304,2216,3891.857371,3.891857371,4141.354626,-0.060245325
191.454484,193359,193.354,2187,3782.54717,3.78254717,4141.354626,-0.086640119
191.548577,193409,193.404,2183,3767.730126,3.767730126,4141.354626,-0.090217944
191.554445,193459,193.454,2197,3819.863014,3.819863014,4141.354626,-0.077629578
191.60445,193509,193.504,2205,3850.0,3.85,4141.354626,-0.070352494
191.698837,193559,193.554,2211,3872.770701,3.872770701,4141.354626,-0.064854124
191.704444,193609,193.604,2209,3865.164369,3.865164369,4141.354626,-0.066690801
191.754451,193659,193.654,2209,3865.164369,3.865164369,4141.354626,-0.066690801
191.840576,193709,193.704,2213,3880.393199,3.880393199,4141.354626,-0.063013543
191.854463,193759,193.754,2207,3857.574153,3.857574153,4141.354626,-0.068523587
191.954626,193809,193.804,2199,3827.373418,3.827373418,4141.354626,-0.075816064
192.048341,193859,193.854,2198,3823.616236,3.823616236,4141.354626,-0.076723299
192.048973,193909,193.904,2187,3782.54717,3.78254717,4141.354626,-0.086640119
192.0545,193959,193.954,2195,3812.368421,3.812368421,4141.354626,-0.079439274
192.10444,194009,194.004,2195,3812.368421,3.812368421,4141.354626,-0.079439274
192.198677,194059,194.054,2185,3775.13089,3.77513089,4141.354626,-0.088430905
192.204478,194109,194.104,2181,3760.344828,3.760344828,4141.354626,-0.092001249
192.291439,194159,194.154,2175,3738.28125,3.73828125,4141.354626,-0.097328872
192.304436,194209,194.204,2183,3767.730126,3.767730126,4141.354626,-0.090217944
192.354379,194259,194.254,2199,3827.373418,3.827373418,4141.354626,-0.075816064
192.45481,194309,194.304,2219,3903.358209,3.903358209,4141.354626,-0.057468253
192.54865,194359,194.354,2226,3930.337079,3.930337079,4141.354626,-0.05095375
192.548868,194409,194.404,2204,3846.218932,3.846218932,4141.354626,-0.071265497
192.554506,194459,194.454,2198,3823.616236,3.823616236,4141.354626,-0.076723299
192.604419,194509,194.504,2194,3808.627038,3.808627038,4141.354626,-0.080342694
192.697975,194559,194.554,2187,3782.54717,3.78254717,4141.354626,-0.086640119
192.704437,194609,194.604,2189,3789.979014,3.789979014,4141.354626,-0.084845574
192.797953,194659,194.654,2191,3797.426471,3.797426471,4141.354626,-0.08304726
192.804401,194709,194.704,2196,3816.113744,3.816113744,4141.354626,-0.078534902
192.854517,194759,194.754,2210,3868.965517,3.868965517,4141.354626,-0.065772949
192.941268,194809,194.804,2208,3861.36725,3.86136725,4141.354626,-0.067607679
192.954439,194859,194.854,2207,3857.574153,3.857574153,4141.354626,-0.068523587
193.004431,194909,194.904,2218,3899.520511,3.899520511,4141.354626,-0.05839493
193.10632,194959,194.954,2215,3888.031915,3.888031915,4141.354626,-0.061169046
193.200214,195009,195.004,2212,3876.579926,3.876579926,4141.354626,-0.063934322
193.200435,195059,195.054,2197,3819.863014,3.819863014,4141.354626,-0.077629578
193.204439,195109,195.104,2193,3804.88959,3.80488959,4141.354626,-0.081245164
193.254449,195159,195.154,2191,3797.426471,3.797426471,4141.354626,-0.08304726
193.348501,195209,195.204,2193,3804.88959,3.80488959,4141.354626,-0.081245164
193.354458,195259,195.254,2188,3786.261143,3.786261143,4141.354626,-0.085743317
193.440758,195309,195.304,2177,3745.620438,3.745620438,4141.354626,-0.095556701
193.454396,195359,195.354,2181,3760.344828,3.760344828,4141.354626,-0.092001249
193.504393,195409,195.404,2182,3764.035546,3.764035546,4141.354626,-0.091110063
193.605082,195459,195.454,2197,3819.863014,3.819863014,4141.354626,-0.077629578
193.698995,195509,195.504,2228,3938.082485,3.938082485,4141.354626,-0.04908349
193.699216,195559,195.554,2245,4004.594595,4.004594595,4141.354626,-0.033023019
193.704425,195609,195.604,2210,3868.965517,3.868965517,4141.354626,-0.065772949
193.754434,195659,195.654,2194,3808.627038,3.808627038,4141.354626,-0.080342694
193.84785,195709,195.704,2188,3786.261143,3.786261143,4141.354626,-0.085743317
193.854435,195759,195.754,2199,3827.373418,3.827373418,4141.354626,-0.075816064
193.940563,195809,195.804,2184,3771.428571,3.771428571,4141.354626,-0.089324892
193.954447,195859,195.854,2188,3786.261143,3.786261143,4141.354626,-0.085743317
194.057309,195909,195.904,2191,3797.426471,3.797426471,4141.354626,-0.08304726
194.152312,195959,195.954,2203,3842.44186,3.84244186,4141.354626,-0.072177534
194.152531,196009,196.004,2202,3838.66878,3.83866878,4141.354626,-0.073088608
194.15444,196059,196.054,2198,3823.616236,3.823616236,4141.354626,-0.076723299
194.204376,196109,196.104,2208,3861.36725,3.86136725,4141.354626,-0.067607679
194.302288,196159,196.154,2224,3922.608231,3.922608231,4141.354626,-0.05282001
194.304347,196209,196.204,2209,3865.164369,3.865164369,4141.354626,-0.066690801
194.354432,196259,196.254,2206,3853.785071,3.853785071,4141.354626,-0.069438524
194.450571,196309,196.304,2200,3831.134565,3.831134565,4141.354626,-0.074907872
194.454388,196359,196.354,2195,3812.368421,3.812368421,4141.354626,-0.079439274
194.504485,196409,196.404,2172,3727.301092,3.727301092,4141.354626,-0.099980217
194.590936,196459,196.454,2188,3786.261143,3.786261143,4141.354626,-0.085743317
194.604435,196509,196.504,2207,3857.574153,3.857574153,4141.354626,-0.068523587
194.654469,196559,196.554,2188,3786.261143,3.786261143,4141.354626,-0.085743317
194.755561,196609,196.604,2179,3752.974948,3.752974948,4141.354626,-0.093780831
194.849133,196659,196.654,2193,3804.88959,3.80488959,4141.354626,-0.081245164
194.849354,196709,196.704,2204,3846.218932,3.846218932,4141.354626,-0.071265497
194.854442,196759,196.754,2230,3945.844504,3.945844504,4141.354626,-0.04720922
194.904454,196809,196.804,2215,3888.031915,3.888031915,4141.354626,-0.061169046
194.998072,196859,196.854,2199,3827.373418,3.827373418,4141.354626,-0.075816064
195.004455,196909,196.904,2190,3793.700787,3.793700787,4141.354626,-0.083946889
195.092264,196959,196.954,2187,3782.54717,3.78254717,4141.354626,-0.086640119
195.104438,197009,197.004,2183,3767.730126,3.767730126,4141.354626,-0.090217944
195.154397,197059,197.054,2177,3745.620438,3.745620438,4141.354626,-0.095556701
195.255935,197109,197.104,2195,3812.368421,3.812368421,4141.354626,-0.079439274
195.351336,197159,197.154,2189,3789.979014,3.789979014,4141.354626,-0.084845574
195.351556,197209,197.204,2204,3846.218932,3.846218932,4141.354626,-0.071265497
195.354467,197259,197.254,2196,3816.113744,3.816113744,4141.354626,-0.078534902
195.404481,197309,197.304,2206,3853.785071,3.853785071,4141.354626,-0.069438524
195.498167,197359,197.354,2213,3880.393199,3.880393199,4141.354626,-0.063013543
195.50441,197409,197.404,2212,3876.579926,3.876579926,4141.354626,-0.063934322
195.554509,197459,197.454,2211,3872.770701,3.872770701,4141.354626,-0.064854124
195.640823,197509,197.504,2213,3880.393199,3.880393199,4141.354626,-0.063013543
195.654443,197559,197.554,2194,3808.627038,3.808627038,4141.354626,-0.080342694
195.704486,197609,197.604,2191,3797.426471,3.797426471,4141.354626,-0.08304726
195.805805,197659,197.654,2193,3804.88959,3.80488959,4141.354626,-0.081245164
195.899321,197709,197.704,2189,3789.979014,3.789979014,4141.354626,-0.084845574
195.899542,197759,197.754,2186,3778.837087,3.778837087,4141.354626,-0.087535981
195.904393,197809,197.804,2173,3730.957336,3.730957336,4141.354626,-0.099097355
195.954402,197859,197.854,2176,3741.948932,3.741948932,4141.354626,-0.096443249
196.051905,197909,197.904,2197,3819.863014,3.819863014,4141.354626,-0.077629578
196.054412,197959,197.954,2222,3914.895889,3.914895889,4141.354626,-0.054682286
196.104417,198009,198.004,2221,3911.045891,3.911045891,4141.354626,-0.055611933
196.191605,198059,198.054,2209,3865.164369,3.865164369,4141.354626,-0.066690801
196.204456,198109,198.104,2191,3797.426471,3.797426471,4141.354626,-0.08304726
196.29888,198159,198.154,2205,3850.0,3.85,4141.354626,-0.070352494
196.30444,198209,198.204,2186,3778.837087,3.778837087,4141.354626,-0.087535981
196.354427,198259,198.254,2193,3804.88959,3.80488959,4141.354626,-0.081245164
196.455694,198309,198.304,2193,3804.88959,3.80488959,4141.354626,-0.081245164
196.550301,198359,198.354,2186,3778.837087,3.778837087,4141.354626,-0.087535981
196.550523,198409,198.404,2197,3819.863014,3.819863014,4141.354626,-0.077629578
196.554516,198459,198.454,2202,3838.66878,3.83866878,4141.354626,-0.073088608
196.604428,198509,198.504,2200,3831.134565,3.831134565,4141.354626,-0.074907872
196.698333,198559,198.554,2199,3827.373418,3.827373418,4141.354626,-0.075816064
196.704419,198609,198.604,2212,3876.579926,3.876579926,4141.354626,-0.063934322
196.754436,198659,198.654,2211,3872.770701,3.872770701,4141.354626,-0.064854124
196.840842,198709,198.704,2205,3850.0,3.85,4141.354626,-0.070352494
196.854431,198759,198.754,2201,3834.899683,3.834899683,4141.354626,-0.07399872
196.903452,198809,198.804,2190,3793.700787,3.793700787,4141.354626,-0.083946889
197.004906,198859,198.854,2183,3767.730126,3.767730126,4141.354626,-0.090217944
197.101564,198909,198.904,2189,3789.979014,3.789979014,4141.354626,-0.084845574
197.101786,198959,198.954,2173,3730.957336,3.730957336,4141.354626,-0.099097355
197.104369,199009,199.004,2179,3752.974948,3.752974948,4141.354626,-0.093780831
197.153409,199059,199.054,2178,3749.295775,3.749295775,4141.354626,-0.094669229
197.247589,199109,199.104,2192,3801.156069,3.801156069,4141.354626,-0.082146686
197.25346,199159,199.154,2201,3834.899683,3.834899683,4141.354626,-0.07399872
197.340575,199209,199.204,2237,3973.143165,3.973143165,4141.354626,-0.040617497
197.35348,199259,199.254,2228,3938.082485,3.938082485,4141.354626,-0.04908349
197.454143,199309,199.304,2192,3801.156069,3.801156069,4141.354626,-0.082146686
197.548422,199359,199.354,2194,3808.627038,3.808627038,4141.354626,-0.080342694
197.548639,199409,199.404,2199,3827.373418,3.827373418,4141.354626,-0.075816064
197.553414,199459,199.454,2217,3895.686901,3.895686901,4141.354626,-0.05932062
197.603471,199509,199.504,2196,3816.113744,3.816113744,4141.354626,-0.078534902
197.696889,199559,199.554,2186,3778.837087,3.778837087,4141.354626,-0.087535981
197.70342,199609,199.604,2190,3793.700787,3.793700787,4141.354626,-0.083946889
197.753463,199659,199.654,2194,3808.627038,3.808627038,4141.354626,-0.080342694
197.839583,199709,199.704,2189,3789.979014,3.789979014,4141.354626,-0.084845574
197.853504,199759,199.754,2204,3846.218932,3.846218932,4141.354626,-0.071265497
197.955403,199809,199.804,2209,3865.164369,3.865164369,4141.354626,-0.066690801
198.050926,199859,199.854,2199,3827.373418,3.827373418,4141.354626,-0.075816064
198.051234,199909,199.904,2199,3827.373418,3.827373418,4141.354626,-0.075816064
198.054417,199959,199.954,2199,3827.373418,3.827373418,4141.354626,-0.075816064
198.10347,200009,200.004,2179,3752.974948,3.752974948,4141.354626,-0.093780831
198.198243,200059,200.054,2191,3797.426471,3.797426471,4141.354626,-0.08304726
198.204418,200109,200.104,2192,3801.156069,3.801156069,4141.354626,-0.082146686
198.298327,200159,200.154,2199,3827.373418,3.827373418,4141.354626,-0.075816064
198.303397,200209,200.204,2183,3767.730126,3.767730126,4141.354626,-0.090217944
198.353413,200259,200.254,2184,3771.428571,3.771428571,4141.354626,-0.089324892
198.439569,200309,200.304,2186,3778.837087,3.778837087,4141.354626,-0.087535981
198.453503,200359,200.354,2207,3857.574153,3.857574153,4141.354626,-0.068523587
198.55611,200409,200.404,2222,3914.895889,3.914895889,4141.354626,-0.054682286
198.652565,200459,200.454,2219,3903.358209,3.903358209,4141.354626,-0.057468253
198.652785,200509,200.504,2205,3850.0,3.85,4141.354626,-0.070352494
198.653409,200559,200.554,2195,3812.368421,3.812368421,4141.354626,-0.079439274
198.703385,200609,200.604,2192,3801.156069,3.801156069,4141.354626,-0.082146686
198.797135,200659,200.654,2199,3827.373418,3.827373418,4141.354626,-0.075816064
198.803471,200709,200.704,2197,3819.863014,3.819863014,4141.354626,-0.077629578
198.890187,200759,200.754,2180,3756.657963,3.756657963,4141.354626,-0.092891505
198.903448,200809,200.804,2195,3812.368421,3.812368421,4141.354626,-0.079439274
198.953452,200859,200.854,2195,3812.368421,3.812368421,4141.354626,-0.079439274
199.055932,200909,200.904,2195,3812.368421,3.812368421,4141.354626,-0.079439274
199.150475,200959,200.954,2200,3831.134565,3.831134565,4141.354626,-0.074907872
199.150696,201009,201.004,2203,3842.44186,3.84244186,4141.354626,-0.072177534
199.153421,201059,201.054,2211,3872.770701,3.872770701,4141.354626,-0.064854124
199.203441,201109,201.104,2173,3730.957336,3.730957336,4141.354626,-0.099097355
199.297508,201159,201.154,2187,3782.54717,3.78254717,4141.354626,-0.086640119
199.30346,201209,201.204,2185,3775.13089,3.77513089,4141.354626,-0.088430905
199.398036,201259,201.254,2185,3775.13089,3.77513089,4141.354626,-0.088430905
199.403461,201309,201.304,2187,3782.54717,3.78254717,4141.354626,-0.086640119
199.490237,201359,201.354,2192,3801.156069,3.801156069,4141.354626,-0.082146686
199.503476,201409,201.404,2182,3764.035546,3.764035546,4141.354626,-0.091110063
199.604223,201459,201.454,2176,3741.948932,3.741948932,4141.354626,-0.096443249
199.698004,201509,201.504,2172,3727.301092,3.727301092,4141.354626,-0.099980217
199.698223,201559,201.554,2221,3911.045891,3.911045891,4141.354626,-0.055611933
199.70342,201609,201.604,2218,3899.520511,3.899520511,4141.354626,-0.05839493
199.753464,201659,201.654,2197,3819.863014,3.819863014,4141.354626,-0.077629578
199.847,201709,201.704,2211,3872.770701,3.872770701,4141.354626,-0.064854124
199.85344,201759,201.754,2195,3812.368421,3.812368421,4141.354626,-0.079439274
199.90347,201809,201.804,2192,3801.156069,3.801156069,4141.354626,-0.082146686
199.990258,201859,201.854,2199,3827.373418,3.827373418,4141.354626,-0.075816064
200.003383,201909,201.904,2196,3816.113744,3.816113744,4141.354626,-0.078534902
200.053432,201959,201.954,2202,3838.66878,3.83866878,4141.354626,-0.073088608
200.155145,202009,202.004,2192,3801.156069,3.801156069,4141.354626,-0.082146686
200.249857,202059,202.054,2195,3812.368421,3.812368421,4141.354626,-0.079439274
200.250076,202109,202.104,2189,3789.979014,3.789979014,4141.354626,-0.084845574
200.253434,202159,202.154,2198,3823.616236,3.823616236,4141.354626,-0.076723299
200.303483,202209,202.204,2217,3895.686901,3.895686901,4141.354626,-0.05932062
200.397523,202259,202.254,2209,3865.164369,3.865164369,4141.354626,-0.066690801
200.403482,202309,202.304,2201,3834.899683,3.834899683,4141.354626,-0.07399872
200.453368,202359,202.354,2203,3842.44186,3.84244186,4141.354626,-0.072177534
200.54064,202409,202.404,2190,3793.700787,3.793700787,4141.354626,-0.083946889
200.553427,202459,202.454,2189,3789.979014,3.789979014,4141.354626,-0.084845574
200.654186,202509,202.504,2188,3786.261143,3.786261143,4141.354626,-0.085743317
200.74804,202559,202.554,2183,3767.730126,3.767730126,4141.354626,-0.090217944
200.748267,202609,202.604,2176,3741.948932,3.741948932,4141.354626,-0.096443249
200.753389,202659,202.654,2178,3749.295775,3.749295775,4141.354626,-0.094669229
200.803456,202709,202.704,2177,3745.620438,3.745620438,4141.354626,-0.095556701
200.897359,202759,202.754,2207,3857.574153,3.857574153,4141.354626,-0.068523587
200.903412,202809,202.804,2214,3884.210526,3.884210526,4141.354626,-0.062091785
200.953434,202859,202.854,2224,3922.608231,3.922608231,4141.354626,-0.05282001
201.051806,202909,202.904,2219,3903.358209,3.903358209,4141.354626,-0.057468253
201.053382,202959,202.954,2198,3823.616236,3.823616236,4141.354626,-0.076723299
201.103379,203009,203.004,2188,3786.261143,3.786261143,4141.354626,-0.085743317
201.190533,203059,203.054,2190,3793.700787,3.793700787,4141.354626,-0.083946889
201.20345,203109,203.104,2194,3808.627038,3.808627038,4141.354626,-0.080342694
201.29895,203159,203.154,2191,3797.426471,3.797426471,4141.354626,-0.08304726
201.303422,203209,203.204,2196,3816.113744,3.816113744,4141.354626,-0.078534902
201.353377,203259,203.254,2203,3842.44186,3.84244186,4141.354626,-0.072177534
201.454279,203309,203.304,2197,3819.863014,3.819863014,4141.354626,-0.077629578
201.541748,203359,203.354,2194,3808.627038,3.808627038,4141.354626,-0.080342694
201.541962,203409,203.404,2201,3834.899683,3.834899683,4141.354626,-0.07399872
201.553444,203459,203.454,2206,3853.785071,3.853785071,4141.354626,-0.069438524
201.60343,203509,203.504,2207,3857.574153,3.857574153,4141.354626,-0.068523587
201.697262,203559,203.554,2200,3831.134565,3.831134565,4141.354626,-0.074907872
201.703436,203609,203.604,2196,3816.113744,3.816113744,4141.354626,-0.078534902
201.804638,203659,203.654,2193,3804.88959,3.80488959,4141.354626,-0.081245164
201.899006,203709,203.704,2188,3786.261143,3.786261143,4141.354626,-0.085743317
201.899231,203759,203.754,2191,3797.426471,3.797426471,4141.354626,-0.08304726
201.903417,203809,203.804,2181,3760.344828,3.760344828,4141.354626,-0.092001249
201.953426,203859,203.854,2175,3738.28125,3.73828125,4141.354626,-0.097328872
202.051794,203909,203.904,2173,3730.957336,3.730957336,4141.354626,-0.099097355
202.053464,203959,203.954,2172,3727.301092,3.727301092,4141.354626,-0.099980217
202.103434,204009,204.004,2195,3812.368421,3.812368421,4141.354626,-0.079439274
202.198021,204059,204.054,2227,3934.207709,3.934207709,4141.354626,-0.050019121
202.203481,204109,204.104,2220,3907.2,3.9072,4141.354626,-0.056540588
202.290859,204159,204.154,2206,3853.785071,3.853785071,4141.354626,-0.069438524
202.303459,204209,204.204,2191,3797.426471,3.797426471,4141.354626,-0.08304726
202.353457,204259,204.254,2186,3778.837087,3.778837087,4141.354626,-0.087535981
202.45531,204309,204.304,2190,3793.700787,3.793700787,4141.354626,-0.083946889
202.549767,204359,204.354,2194,3808.627038,3.808627038,4141.354626,-0.080342694
202.549987,204409,204.404,2199,3827.373418,3.827373418,4141.354626,-0.075816064
202.553408,204459,204.454,2198,3823.616236,3.823616236,4141.354626,-0.076723299
202.603438,204509,204.504,2207,3857.574153,3.857574153,4141.354626,-0.068523587
202.697342,204559,204.554,2198,3823.616236,3.823616236,4141.354626,-0.076723299
202.703428,204609,204.604,2208,3861.36725,3.86136725,4141.354626,-0.067607679
202.753453,204659,204.654,2203,3842.44186,3.84244186,4141.354626,-0.072177534
202.839079,204709,204.704,2208,3861.36725,3.86136725,4141.354626,-0.067607679
202.853443,204759,204.754,2198,3823.616236,3.823616236,4141.354626,-0.076723299
202.9035,204809,204.804,2197,3819.863014,3.819863014,4141.354626,-0.077629578
203.006721,204859,204.854,2197,3819.863014,3.819863014,4141.354626,-0.077629578
203.102753,204909,204.904,2199,3827.373418,3.827373418,4141.354626,-0.075816064
203.102978,204959,204.954,2184,3771.428571,3.771428571,4141.354626,-0.089324892
203.103312,205009,205.004,2179,3752.974948,3.752974948,4141.354626,-0.093780831
203.15336,205059,205.054,2180,3756.657963,3.756657963,4141.354626,-0.092891505
203.247215,205109,205.104,2175,3738.28125,3.73828125,4141.354626,-0.097328872
203.253429,205159,205.154,2173,3730.957336,3.730957336,4141.354626,-0.099097355
203.34712,205209,205.204,2196,3816.113744,3.816113744,4141.354626,-0.078534902
203.353499,205259,205.254,2228,3938.082485,3.938082485,4141.354626,-0.04908349
203.440676,205309,205.304,2221,3911.045891,3.911045891,4141.354626,-0.055611933
203.453433,205359,205.354,2208,3861.36725,3.86136725,4141.354626,-0.067607679
203.503398,205409,205.404,2193,3804.88959,3.80488959,4141.354626,-0.081245164
203.604883,205459,205.454,2188,3786.261143,3.786261143,4141.354626,-0.085743317
203.699379,205509,205.504,2193,3804.88959,3.80488959,4141.354626,-0.081245164
203.699598,205559,205.554,2193,3804.88959,3.80488959,4141.354626,-0.081245164
203.703365,205609,205.604,2196,3816.113744,3.816113744,4141.354626,-0.078534902
203.753423,205659,205.654,2194,3808.627038,3.808627038,4141.354626,-0.080342694
203.846585,205709,205.704,2195,3812.368421,3.812368421,4141.354626,-0.079439274
203.853424,205759,205.754,2203,3842.44186,3.84244186,4141.354626,-0.072177534
203.939916,205809,205.804,2199,3827.373418,3.827373418,4141.354626,-0.075816064
203.953415,205859,205.854,2203,3842.44186,3.84244186,4141.354626,-0.072177534
204.05512,205909,205.904,2213,3880.393199,3.880393199,4141.354626,-0.063013543
204.149383,205959,205.954,2205,3850.0,3.85,4141.354626,-0.070352494
204.149605,206009,206.004,2201,3834.899683,3.834899683,4141.354626,-0.07399872
204.153448,206059,206.054,2199,3827.373418,3.827373418,4141.354626,-0.075816064
204.203388,206109,206.104,2178,3749.295775,3.749295775,4141.354626,-0.094669229
204.298091,206159,206.154,2186,3778.837087,3.778837087,4141.354626,-0.087535981
204.303451,206209,206.204,2183,3767.730126,3.767730126,4141.354626,-0.090217944
204.398198,206259,206.254,2163,3694.565217,3.694565217,4141.354626,-0.107884847
204.403388,206309,206.304,2178,3749.295775,3.749295775,4141.354626,-0.094669229
204.453455,206359,206.354,2183,3767.730126,3.767730126,4141.354626,-0.090217944
204.591082,206409,206.404,2200,3831.134565,3.831134565,4141.354626,-0.074907872
204.763472,206459,206.454,2213,3880.393199,3.880393199,4141.354626,-0.063013543
204.864851,206509,206.504,2226,3930.337079,3.930337079,4141.354626,-0.05095375
204.959788,206559,206.554,2216,3891.857371,3.891857371,4141.354626,-0.060245325
204.960009,206609,206.604,2191,3797.426471,3.797426471,4141.354626,-0.08304726
204.960208,206659,206.654,2185,3775.13089,3.77513089,4141.354626,-0.088430905
204.960404,206709,206.704,2190,3793.700787,3.793700787,4141.354626,-0.083946889
204.9606,206759,206.754,2196,3816.113744,3.816113744,4141.354626,-0.078534902
204.960794,206809,206.804,2190,3793.700787,3.793700787,4141.354626,-0.083946889
204.960988,206859,206.854,2196,3816.113744,3.816113744,4141.354626,-0.078534902
205.00336,206909,206.904,2205,3850.0,3.85,4141.354626,-0.070352494
205.092031,206959,206.954,2214,3884.210526,3.884210526,4141.354626,-0.062091785
205.10333,207009,207.004,2206,3853.785071,3.853785071,4141.354626,-0.069438524
205.153411,207059,207.054,2205,3850.0,3.85,4141.354626,-0.070352494
205.256217,207109,207.104,2213,3880.393199,3.880393199,4141.354626,-0.063013543
205.350553,207159,207.154,2216,3891.857371,3.891857371,4141.354626,-0.060245325
205.350776,207209,207.204,2206,3853.785071,3.853785071,4141.354626,-0.069438524
205.353366,207259,207.254,2199,3827.373418,3.827373418,4141.354626,-0.075816064
205.403382,207309,207.304,2200,3831.134565,3.831134565,4141.354626,-0.074907872
205.497151,207359,207.354,2197,3819.863014,3.819863014,4141.354626,-0.077629578
205.503416,207409,207.404,2193,3804.88959,3.80488959,4141.354626,-0.081245164
205.618084,207459,207.454,2174,3734.617387,3.734617387,4141.354626,-0.098213574
205.72671,207509,207.504,2191,3797.426471,3.797426471,4141.354626,-0.08304726
205.825583,207559,207.554,2185,3775.13089,3.77513089,4141.354626,-0.088430905
205.825805,207609,207.604,2179,3752.974948,3.752974948,4141.354626,-0.093780831
205.826001,207659,207.654,2206,3853.785071,3.853785071,4141.354626,-0.069438524
205.826197,207709,207.704,2221,3911.045891,3.911045891,4141.354626,-0.055611933
205.853413,207759,207.754,2218,3899.520511,3.899520511,4141.354626,-0.05839493
205.95115,207809,207.804,2203,3842.44186,3.84244186,4141.354626,-0.072177534
205.953404,207859,207.854,2192,3801.156069,3.801156069,4141.354626,-0.082146686
206.053015,207909,207.904,2199,3827.373418,3.827373418,4141.354626,-0.075816064
206.053433,207959,207.954,2189,3789.979014,3.789979014,4141.354626,-0.084845574
206.103364,208009,208.004,2198,3823.616236,3.823616236,4141.354626,-0.076723299
206.19418,208059,208.054,2190,3793.700787,3.793700787,4141.354626,-0.083946889
206.203408,208109,208.104,2194,3808.627038,3.808627038,4141.354626,-0.080342694
206.336346,208159,208.154,2203,3842.44186,3.84244186,4141.354626,-0.072177534
206.448825,208209,208.204,2205,3850.0,3.85,4141.354626,-0.070352494
206.560434,208259,208.254,2214,3884.210526,3.884210526,4141.354626,-0.062091785
206.657762,208309,208.304,2206,3853.785071,3.853785071,4141.354626,-0.069438524
206.657982,208359,208.354,2212,3876.579926,3.876579926,4141.354626,-0.063934322
206.658178,208409,208.404,2204,3846.218932,3.846218932,4141.354626,-0.071265497
206.658387,208459,208.454,2193,3804.88959,3.80488959,4141.354626,-0.081245164
206.65858,208509,208.504,2198,3823.616236,3.823616236,4141.354626,-0.076723299
206.658774,208559,208.554,2199,3827.373418,3.827373418,4141.354626,-0.075816064
206.703418,208609,208.604,2193,3804.88959,3.80488959,4141.354626,-0.081245164
206.804995,208659,208.654,2189,3789.979014,3.789979014,4141.354626,-0.084845574
206.900131,208709,208.704,2188,3786.261143,3.786261143,4141.354626,-0.085743317
206.900358,208759,208.754,2184,3771.428571,3.771428571,4141.354626,-0.089324892
206.903439,208809,208.804,2180,3756.657963,3.756657963,4141.354626,-0.092891505
206.953421,208859,208.854,2203,3842.44186,3.84244186,4141.354626,-0.072177534
207.052095,208909,208.904,2210,3868.965517,3.868965517,4141.354626,-0.065772949
207.055122,208959,208.954,2222,3914.895889,3.914895889,4141.354626,-0.054682286
207.150289,209009,209.004,2212,3876.579926,3.876579926,4141.354626,-0.063934322
207.153428,209059,209.054,2198,3823.616236,3.823616236,4141.354626,-0.076723299
207.203423,209109,209.104,2192,3801.156069,3.801156069,4141.354626,-0.082146686
207.291824,209159,209.154,2194,3808.627038,3.808627038,4141.354626,-0.080342694
207.303339,209209,209.204,2199,3827.373418,3.827373418,4141.354626,-0.075816064
207.35345,209259,209.254,2196,3816.113744,3.816113744,4141.354626,-0.078534902
207.461526,209309,209.304,2195,3812.368421,3.812368421,4141.354626,-0.079439274
207.558071,209359,209.354,2192,3801.156069,3.801156069,4141.354626,-0.082146686
207.558287,209409,209.404,2207,3857.574153,3.857574153,4141.354626,-0.068523587
207.558485,209459,209.454,2219,3903.358209,3.903358209,4141.354626,-0.057468253
207.603437,209509,209.504,2211,3872.770701,3.872770701,4141.354626,-0.064854124
207.697914,209559,209.554,2217,3895.686901,3.895686901,4141.354626,-0.05932062
207.703408,209609,209.604,2190,3793.700787,3.793700787,4141.354626,-0.083946889
207.75342,209659,209.654,2196,3816.113744,3.816113744,4141.354626,-0.078534902
207.840398,209709,209.704,2195,3812.368421,3.812368421,4141.354626,-0.079439274
207.853404,209759,209.754,2194,3808.627038,3.808627038,4141.354626,-0.080342694
207.903404,209809,209.804,2194,3808.627038,3.808627038,4141.354626,-0.080342694
208.007143,209859,209.854,2177,3745.620438,3.745620438,4141.354626,-0.095556701
208.10455,209909,209.904,2175,3738.28125,3.73828125,4141.354626,-0.097328872
208.104771,209959,209.954,2188,3786.261143,3.786261143,4141.354626,-0.085743317
208.104966,210009,210.004,2180,3756.657963,3.756657963,4141.354626,-0.092891505
208.15343,210059,210.054,2185,3775.13089,3.77513089,4141.354626,-0.088430905
208.248155,210109,210.104,2221,3911.045891,3.911045891,4141.354626,-0.055611933
208.253439,210159,210.154,2222,3914.895889,3.914895889,4141.354626,-0.054682286
208.343043,210209,210.204,2211,3872.770701,3.872770701,4141.354626,-0.064854124
208.35344,210259,210.254,2194,3808.627038,3.808627038,4141.354626,-0.080342694
208.455709,210309,210.304,2184,3771.428571,3.771428571,4141.354626,-0.089324892
208.551147,210359,210.354,2204,3846.218932,3.846218932,4141.354626,-0.071265497
208.551374,210409,210.404,2190,3793.700787,3.793700787,4141.354626,-0.083946889
208.553444,210459,210.454,2192,3801.156069,3.801156069,4141.354626,-0.082146686
208.603403,210509,210.504,2201,3834.899683,3.834899683,4141.354626,-0.07399872
208.69865,210559,210.554,2193,3804.88959,3.80488959,4141.354626,-0.081245164
208.703408,210609,210.604,2203,3842.44186,3.84244186,4141.354626,-0.072177534
208.753461,210659,210.654,2211,3872.770701,3.872770701,4141.354626,-0.064854124
208.840612,210709,210.704,2222,3914.895889,3.914895889,4141.354626,-0.054682286
208.853412,210759,210.754,2220,3907.2,3.9072,4141.354626,-0.056540588
208.90341,210809,210.804,2215,3888.031915,3.888031915,4141.354626,-0.061169046
209.007435,210859,210.854,2221,3911.045891,3.911045891,4141.354626,-0.055611933
209.105179,210909,210.904,2193,3804.88959,3.80488959,4141.354626,-0.081245164
209.105402,210959,210.954,2199,3827.373418,3.827373418,4141.354626,-0.075816064
209.105599,211009,211.004,2205,3850.0,3.85,4141.354626,-0.070352494
209.15339,211059,211.054,2197,3819.863014,3.819863014,4141.354626,-0.077629578
209.249217,211109,211.104,2197,3819.863014,3.819863014,4141.354626,-0.077629578
209.253436,211159,211.154,2197,3819.863014,3.819863014,4141.354626,-0.077629578
209.348288,211209,211.204,2182,3764.035546,3.764035546,4141.354626,-0.091110063
209.353391,211259,211.254,2189,3789.979014,3.789979014,4141.354626,-0.084845574
209.403437,211309,211.304,2194,3808.627038,3.808627038,4141.354626,-0.080342694
209.491765,211359,211.354,2225,3926.470588,3.926470588,4141.354626,-0.051887379
209.503424,211409,211.404,2225,3926.470588,3.926470588,4141.354626,-0.051887379
209.553424,211459,211.454,2205,3850.0,3.85,4141.354626,-0.070352494
209.662998,211509,211.504,2195,3812.368421,3.812368421,4141.354626,-0.079439274
209.757261,211559,211.554,2189,3789.979014,3.789979014,4141.354626,-0.084845574
209.757484,211609,211.604,2180,3756.657963,3.756657963,4141.354626,-0.092891505
209.757679,211659,211.654,2192,3801.156069,3.801156069,4141.354626,-0.082146686
209.80342,211709,211.704,2195,3812.368421,3.812368421,4141.354626,-0.079439274
209.898575,211759,211.754,2192,3801.156069,3.801156069,4141.354626,-0.082146686
209.903403,211809,211.804,2200,3831.134565,3.831134565,4141.354626,-0.074907872
209.953429,211859,211.854,2209,3865.164369,3.865164369,4141.354626,-0.066690801
210.0467,211909,211.904,2217,3895.686901,3.895686901,4141.354626,-0.05932062
210.05341,211959,211.954,2223,3918.75,3.91875,4141.354626,-0.053751645
210.103415,212009,212.004,2215,3888.031915,3.888031915,4141.354626,-0.061169046
210.206472,212059,212.054,2213,3880.393199,3.880393199,4141.354626,-0.063013543
210.302002,212109,212.104,2208,3861.36725,3.86136725,4141.354626,-0.067607679
210.302224,212159,212.154,2195,3812.368421,3.812368421,4141.354626,-0.079439274
210.303394,212209,212.204,2195,3812.368421,3.812368421,4141.354626,-0.079439274
210.353421,212259,212.254,2204,3846.218932,3.846218932,4141.354626,-0.071265497
210.448216,212309,212.304,2192,3801.156069,3.801156069,4141.354626,-0.082146686
210.453418,212359,212.354,2200,3831.134565,3.831134565,4141.354626,-0.074907872
210.503449,212409,212.404,2190,3793.700787,3.793700787,4141.354626,-0.083946889
210.591943,212459,212.454,2179,3752.974948,3.752974948,4141.354626,-0.093780831
210.603394,212509,212.504,2180,3756.657963,3.756657963,4141.354626,-0.092891505
210.65342,212559,212.554,2217,3895.686901,3.895686901,4141.354626,-0.05932062
210.762511,212609,212.604,2222,3914.895889,3.914895889,4141.354626,-0.054682286
210.857535,212659,212.654,2213,3880.393199,3.880393199,4141.354626,-0.063013543
210.857756,212709,212.704,2193,3804.88959,3.80488959,4141.354626,-0.081245164
210.857954,212759,212.754,2189,3789.979014,3.789979014,4141.354626,-0.084845574
210.903353,212809,212.804,2191,3797.426471,3.797426471,4141.354626,-0.08304726
211.001292,212859,212.854,2194,3808.627038,3.808627038,4141.354626,-0.080342694
211.003415,212909,212.904,2188,3786.261143,3.786261143,4141.354626,-0.085743317
211.09408,212959,212.954,2187,3782.54717,3.78254717,4141.354626,-0.086640119
211.103336,213009,213.004,2198,3823.616236,3.823616236,4141.354626,-0.076723299
211.153397,213059,213.054,2205,3850.0,3.85,4141.354626,-0.070352494
211.255984,213109,213.104,2199,3827.373418,3.827373418,4141.354626,-0.075816064
211.351708,213159,213.154,2220,3907.2,3.9072,4141.354626,-0.056540588
211.351928,213209,213.204,2221,3911.045891,3.911045891,4141.354626,-0.055611933
211.353342,213259,213.254,2212,3876.579926,3.876579926,4141.354626,-0.063934322
211.403409,213309,213.304,2221,3911.045891,3.911045891,4141.354626,-0.055611933
211.50576,213359,213.354,2201,3834.899683,3.834899683,4141.354626,-0.07399872
211.593437,213409,213.404,2198,3823.616236,3.823616236,4141.354626,-0.076723299
211.593648,213459,213.454,2198,3823.616236,3.823616236,4141.354626,-0.076723299
211.603424,213509,213.504,2200,3831.134565,3.831134565,4141.354626,-0.074907872
211.653432,213559,213.554,2192,3801.156069,3.801156069,4141.354626,-0.082146686
211.748317,213609,213.604,2188,3786.261143,3.786261143,4141.354626,-0.085743317
211.753421,213659,213.654,2169,3716.35514,3.71635514,4141.354626,-0.102623302
211.803409,213709,213.704,2182,3764.035546,3.764035546,4141.354626,-0.091110063
211.898329,213759,213.754,2228,3938.082485,3.938082485,4141.354626,-0.04908349
211.903401,213809,213.804,2215,3888.031915,3.888031915,4141.354626,-0.061169046
211.953378,213859,213.854,2208,3861.36725,3.86136725,4141.354626,-0.067607679
212.057178,213909,213.904,2205,3850.0,3.85,4141.354626,-0.070352494
212.145545,213959,213.954,2194,3808.627038,3.808627038,4141.354626,-0.080342694
212.145756,214009,214.004,2190,3793.700787,3.793700787,4141.354626,-0.083946889
212.1534,214059,214.054,2193,3804.88959,3.80488959,4141.354626,-0.081245164
212.203416,214109,214.104,2201,3834.899683,3.834899683,4141.354626,-0.07399872
212.306059,214159,214.154,2200,3831.134565,3.831134565,4141.354626,-0.074907872
212.40129,214209,214.204,2191,3797.426471,3.797426471,4141.354626,-0.08304726
212.401512,214259,214.254,2196,3816.113744,3.816113744,4141.354626,-0.078534902
212.403339,214309,214.304,2213,3880.393199,3.880393199,4141.354626,-0.063013543
212.453397,214359,214.354,2216,3891.857371,3.891857371,4141.354626,-0.060245325
212.548065,214409,214.404,2231,3949.73176,3.94973176,4141.354626,-0.046270576
212.553415,214459,214.454,2223,3918.75,3.91875,4141.354626,-0.053751645
212.649067,214509,214.504,2217,3895.686901,3.895686901,4141.354626,-0.05932062
212.653316,214559,214.554,2208,3861.36725,3.86136725,4141.354626,-0.067607679
212.703393,214609,214.604,2201,3834.899683,3.834899683,4141.354626,-0.07399872
212.790932,214659,214.654,2198,3823.616236,3.823616236,4141.354626,-0.076723299
212.803381,214709,214.704,2214,3884.210526,3.884210526,4141.354626,-0.062091785
212.853332,214759,214.754,2196,3816.113744,3.816113744,4141.354626,-0.078534902
212.9567,214809,214.804,2190,3793.700787,3.793700787,4141.354626,-0.083946889
213.053032,214859,214.854,2174,3734.617387,3.734617387,4141.354626,-0.098213574
213.053343,214909,214.904,2186,3778.837087,3.778837087,4141.354626,-0.087535981
213.053545,214959,214.954,2205,3850.0,3.85,4141.354626,-0.070352494
213.103341,215009,215.004,2219,3903.358209,3.903358209,4141.354626,-0.057468253
213.198231,215059,215.054,2216,3891.857371,3.891857371,4141.354626,-0.060245325
213.203456,215109,215.104,2213,3880.393199,3.880393199,4141.354626,-0.063013543
213.291374,215159,215.154,2210,3868.965517,3.868965517,4141.354626,-0.065772949
213.303402,215209,215.204,2190,3793.700787,3.793700787,4141.354626,-0.083946889
213.353364,215259,215.254,2197,3819.863014,3.819863014,4141.354626,-0.077629578
213.456544,215309,215.304,2195,3812.368421,3.812368421,4141.354626,-0.079439274
213.552257,215359,215.354,2189,3789.979014,3.789979014,4141.354626,-0.084845574
213.552478,215409,215.404,2195,3812.368421,3.812368421,4141.354626,-0.079439274
213.55332,215459,215.454,2192,3801.156069,3.801156069,4141.354626,-0.082146686
213.60341,215509,215.504,2195,3812.368421,3.812368421,4141.354626,-0.079439274
213.698197,215559,215.554,2208,3861.36725,3.86136725,4141.354626,-0.067607679
213.70339,215609,215.604,2213,3880.393199,3.880393199,4141.354626,-0.063013543
213.753409,215659,215.654,2207,3857.574153,3.857574153,4141.354626,-0.068523587
213.840498,215709,215.704,2219,3903.358209,3.903358209,4141.354626,-0.057468253
213.853412,215759,215.754,2196,3816.113744,3.816113744,4141.354626,-0.078534902
213.955697,215809,215.804,2198,3823.616236,3.823616236,4141.354626,-0.076723299
214.053199,215859,215.854,2197,3819.863014,3.819863014,4141.354626,-0.077629578
214.053507,215909,215.904,2208,3861.36725,3.86136725,4141.354626,-0.067607679
214.053706,215959,215.954,2200,3831.134565,3.831134565,4141.354626,-0.074907872
214.10337,216009,216.004,2192,3801.156069,3.801156069,4141.354626,-0.082146686
214.199137,216059,216.054,2182,3764.035546,3.764035546,4141.354626,-0.091110063
214.203315,216109,216.104,2182,3764.035546,3.764035546,4141.354626,-0.091110063
214.253371,216159,216.154,2192,3801.156069,3.801156069,4141.354626,-0.082146686
214.3547,216209,216.204,2199,3827.373418,3.827373418,4141.354626,-0.075816064
214.442865,216259,216.254,2221,3911.045891,3.911045891,4141.354626,-0.055611933
214.443081,216309,216.304,2213,3880.393199,3.880393199,4141.354626,-0.063013543
214.453404,216359,216.354,2198,3823.616236,3.823616236,4141.354626,-0.076723299
214.503403,216409,216.404,2197,3819.863014,3.819863014,4141.354626,-0.077629578
214.606924,216459,216.454,2196,3816.113744,3.816113744,4141.354626,-0.078534902
214.701546,216509,216.504,2196,3816.113744,3.816113744,4141.354626,-0.078534902
214.701766,216559,216.554,2191,3797.426471,3.797426471,4141.354626,-0.08304726
214.703336,216609,216.604,2194,3808.627038,3.808627038,4141.354626,-0.080342694
214.753395,216659,216.654,2196,3816.113744,3.816113744,4141.354626,-0.078534902
214.847884,216709,216.704,2198,3823.616236,3.823616236,4141.354626,-0.076723299
214.853377,216759,216.754,2211,3872.770701,3.872770701,4141.354626,-0.064854124
214.90341,216809,216.804,2194,3808.627038,3.808627038,4141.354626,-0.080342694
214.99171,216859,216.854,2208,3861.36725,3.86136725,4141.354626,-0.067607679
215.003383,216909,216.904,2212,3876.579926,3.876579926,4141.354626,-0.063934322
215.05337,216959,216.954,2216,3891.857371,3.891857371,4141.354626,-0.060245325
215.15609,217009,217.004,2197,3819.863014,3.819863014,4141.354626,-0.077629578
215.251319,217059,217.054,2200,3831.134565,3.831134565,4141.354626,-0.074907872
215.251539,217109,217.104,2204,3846.218932,3.846218932,4141.354626,-0.071265497
215.253335,217159,217.154,2200,3831.134565,3.831134565,4141.354626,-0.074907872
215.303336,217209,217.204,2185,3775.13089,3.77513089,4141.354626,-0.088430905
215.396949,217259,217.254,2184,3771.428571,3.771428571,4141.354626,-0.089324892
215.403386,217309,217.304,2184,3771.428571,3.771428571,4141.354626,-0.089324892
215.497001,217359,217.354,2199,3827.373418,3.827373418,4141.354626,-0.075816064
215.503494,217409,217.404,2220,3907.2,3.9072,4141.354626,-0.056540588
215.590008,217459,217.454,2229,3941.961415,3.941961415,4141.354626,-0.048146857
215.603363,217509,217.504,2211,3872.770701,3.872770701,4141.354626,-0.064854124
215.653411,217559,217.554,2214,3884.210526,3.884210526,4141.354626,-0.062091785
215.754767,217609,217.604,2200,3831.134565,3.831134565,4141.354626,-0.074907872
215.848367,217659,217.654,2198,3823.616236,3.823616236,4141.354626,-0.076723299
215.848587,217709,217.704,2193,3804.88959,3.80488959,4141.354626,-0.081245164
215.853381,217759,217.754,2205,3850.0,3.85,4141.354626,-0.070352494
215.903413,217809,217.804,2183,3767.730126,3.767730126,4141.354626,-0.090217944
215.998838,217859,217.854,2195,3812.368421,3.812368421,4141.354626,-0.079439274
216.003366,217909,217.904,2211,3872.770701,3.872770701,4141.354626,-0.064854124
216.053389,217959,217.954,2205,3850.0,3.85,4141.354626,-0.070352494
216.141123,218009,218.004,2208,3861.36725,3.86136725,4141.354626,-0.067607679
216.153375,218059,218.054,2210,3868.965517,3.868965517,4141.354626,-0.065772949
216.203361,218109,218.104,2212,3876.579926,3.876579926,4141.354626,-0.063934322
216.305786,218159,218.154,2205,3850.0,3.85,4141.354626,-0.070352494
216.398917,218209,218.204,2204,3846.218932,3.846218932,4141.354626,-0.071265497
216.39914,218259,218.254,2193,3804.88959,3.80488959,4141.354626,-0.081245164
216.403398,218309,218.304,2189,3789.979014,3.789979014,4141.354626,-0.084845574
216.453349,218359,218.354,2207,3857.574153,3.857574153,4141.354626,-0.068523587
216.546568,218409,218.404,2188,3786.261143,3.786261143,4141.354626,-0.085743317
216.553421,218459,218.454,2189,3789.979014,3.789979014,4141.354626,-0.084845574
216.641099,218509,218.504,2181,3760.344828,3.760344828,4141.354626,-0.092001249
216.653418,218559,218.554,2190,3793.700787,3.793700787,4141.354626,-0.083946889
216.703397,218609,218.604,2210,3868.965517,3.868965517,4141.354626,-0.065772949
216.803813,218659,218.654,2220,3907.2,3.9072,4141.354626,-0.056540588
216.897922,218709,218.704,2215,3888.031915,3.888031915,4141.354626,-0.061169046
216.898141,218759,218.754,2221,3911.045891,3.911045891,4141.354626,-0.055611933
216.903377,218809,218.804,2197,3819.863014,3.819863014,4141.354626,-0.077629578
216.953405,218859,218.854,2198,3823.616236,3.823616236,4141.354626,-0.076723299
217.042746,218909,218.904,2201,3834.899683,3.834899683,4141.354626,-0.07399872
217.053382,218959,218.954,2194,3808.627038,3.808627038,4141.354626,-0.080342694
217.103376,219009,219.004,2194,3808.627038,3.808627038,4141.354626,-0.080342694
217.197715,219059,219.054,2202,3838.66878,3.83866878,4141.354626,-0.073088608
217.20338,219109,219.104,2207,3857.574153,3.857574153,4141.354626,-0.068523587
217.304225,219159,219.154,2210,3868.965517,3.868965517,4141.354626,-0.065772949
217.397587,219209,219.204,2210,3868.965517,3.868965517,4141.354626,-0.065772949
217.397808,219259,219.254,2211,3872.770701,3.872770701,4141.354626,-0.064854124
217.403374,219309,219.304,2207,3857.574153,3.857574153,4141.354626,-0.068523587
217.453397,219359,219.354,2204,3846.218932,3.846218932,4141.354626,-0.071265497
217.546649,219409,219.404,2212,3876.579926,3.876579926,4141.354626,-0.063934322
217.553386,219459,219.454,2195,3812.368421,3.812368421,4141.354626,-0.079439274
217.603391,219509,219.504,2186,3778.837087,3.778837087,4141.354626,-0.087535981
217.696528,219559,219.554,2192,3801.156069,3.801156069,4141.354626,-0.082146686
217.703406,219609,219.604,2197,3819.863014,3.819863014,4141.354626,-0.077629578
217.789533,219659,219.654,2189,3789.979014,3.789979014,4141.354626,-0.084845574
217.803411,219709,219.704,2186,3778.837087,3.778837087,4141.354626,-0.087535981
217.903775,219759,219.754,2191,3797.426471,3.797426471,4141.354626,-0.08304726
217.99893,219809,219.804,2187,3782.54717,3.78254717,4141.354626,-0.086640119
217.999154,219859,219.854,2207,3857.574153,3.857574153,4141.354626,-0.068523587
218.003365,219909,219.904,2226,3930.337079,3.930337079,4141.354626,-0.05095375
218.053392,219959,219.954,2213,3880.393199,3.880393199,4141.354626,-0.063013543
218.147381,220009,220.004,2201,3834.899683,3.834899683,4141.354626,-0.07399872
218.153393,220059,220.054,2197,3819.863014,3.819863014,4141.354626,-0.077629578
218.203387,220109,220.104,2192,3801.156069,3.801156069,4141.354626,-0.082146686
218.289773,220159,220.154,2196,3816.113744,3.816113744,4141.354626,-0.078534902
218.303397,220209,220.204,2205,3850.0,3.85,4141.354626,-0.070352494
218.406562,220259,220.254,2202,3838.66878,3.83866878,4141.354626,-0.073088608
218.500816,220309,220.304,2204,3846.218932,3.846218932,4141.354626,-0.071265497
218.501039,220359,220.354,2204,3846.218932,3.846218932,4141.354626,-0.071265497
218.503389,220409,220.404,2196,3816.113744,3.816113744,4141.354626,-0.078534902
218.553361,220459,220.454,2218,3899.520511,3.899520511,4141.354626,-0.05839493
218.647627,220509,220.504,2211,3872.770701,3.872770701,4141.354626,-0.064854124
218.653375,220559,220.554,2212,3876.579926,3.876579926,4141.354626,-0.063934322
218.746658,220609,220.604,2199,3827.373418,3.827373418,4141.354626,-0.075816064
218.753385,220659,220.654,2194,3808.627038,3.808627038,4141.354626,-0.080342694
218.839235,220709,220.704,2183,3767.730126,3.767730126,4141.354626,-0.090217944
218.853371,220759,220.754,2198,3823.616236,3.823616236,4141.354626,-0.076723299
218.903435,220809,220.804,2189,3789.979014,3.789979014,4141.354626,-0.084845574
219.004215,220859,220.854,2202,3838.66878,3.83866878,4141.354626,-0.073088608
219.099118,220909,220.904,2181,3760.344828,3.760344828,4141.354626,-0.092001249
219.099339,220959,220.954,2175,3738.28125,3.73828125,4141.354626,-0.097328872
219.103358,221009,221.004,2184,3771.428571,3.771428571,4141.354626,-0.089324892
219.153372,221059,221.054,2221,3911.045891,3.911045891,4141.354626,-0.055611933
219.247447,221109,221.104,2230,3945.844504,3.945844504,4141.354626,-0.04720922
219.253388,221159,221.154,2214,3884.210526,3.884210526,4141.354626,-0.062091785
219.34021,221209,221.204,2220,3907.2,3.9072,4141.354626,-0.056540588
219.353398,221259,221.254,2200,3831.134565,3.831134565,4141.354626,-0.074907872
219.46077,221309,221.304,2186,3778.837087,3.778837087,4141.354626,-0.087535981
219.558324,221359,221.354,2180,3756.657963,3.756657963,4141.354626,-0.092891505
219.558541,221409,221.404,2204,3846.218932,3.846218932,4141.354626,-0.071265497
219.55874,221459,221.454,2200,3831.134565,3.831134565,4141.354626,-0.074907872
219.603392,221509,221.504,2202,3838.66878,3.83866878,4141.354626,-0.073088608
219.697109,221559,221.554,2210,3868.965517,3.868965517,4141.354626,-0.065772949
219.703351,221609,221.604,2205,3850.0,3.85,4141.354626,-0.070352494
219.753398,221659,221.654,2222,3914.895889,3.914895889,4141.354626,-0.054682286
219.845956,221709,221.704,2218,3899.520511,3.899520511,4141.354626,-0.05839493
219.853398,221759,221.754,2208,3861.36725,3.86136725,4141.354626,-0.067607679
219.939562,221809,221.804,2207,3857.574153,3.857574153,4141.354626,-0.068523587
219.953401,221859,221.854,2200,3831.134565,3.831134565,4141.354626,-0.074907872
220.055679,221909,221.904,2196,3816.113744,3.816113744,4141.354626,-0.078534902
220.150045,221959,221.954,2182,3764.035546,3.764035546,4141.354626,-0.091110063
220.150266,222009,222.004,2199,3827.373418,3.827373418,4141.354626,-0.075816064
220.153318,222059,222.054,2200,3831.134565,3.831134565,4141.354626,-0.074907872
220.203406,222109,222.104,2202,3838.66878,3.83866878,4141.354626,-0.073088608
220.29731,222159,222.154,2175,3738.28125,3.73828125,4141.354626,-0.097328872
220.303441,222209,222.204,2189,3789.979014,3.789979014,4141.354626,-0.084845574
220.397817,222259,222.254,2209,3865.164369,3.865164369,4141.354626,-0.066690801
220.403365,222309,222.304,2227,3934.207709,3.934207709,4141.354626,-0.050019121
220.453371,222359,222.354,2216,3891.857371,3.891857371,4141.354626,-0.060245325
220.539505,222409,222.404,2219,3903.358209,3.903358209,4141.354626,-0.057468253
220.553351,222459,222.454,2193,3804.88959,3.80488959,4141.354626,-0.081245164
220.603386,222509,222.504,2192,3801.156069,3.801156069,4141.354626,-0.082146686
220.704671,222559,222.554,2188,3786.261143,3.786261143,4141.354626,-0.085743317
220.798458,222609,222.604,2204,3846.218932,3.846218932,4141.354626,-0.071265497
220.798684,222659,222.654,2197,3819.863014,3.819863014,4141.354626,-0.077629578
220.803399,222709,222.704,2207,3857.574153,3.857574153,4141.354626,-0.068523587
220.853383,222759,222.754,2205,3850.0,3.85,4141.354626,-0.070352494
220.946398,222809,222.804,2204,3846.218932,3.846218932,4141.354626,-0.071265497
220.953365,222859,222.854,2219,3903.358209,3.903358209,4141.354626,-0.057468253
221.042621,222909,222.904,2232,3953.623188,3.953623188,4141.354626,-0.045330925
221.053385,222959,222.954,2221,3911.045891,3.911045891,4141.354626,-0.055611933
221.103355,223009,223.004,2202,3838.66878,3.83866878,4141.354626,-0.073088608
221.205919,223059,223.054,2199,3827.373418,3.827373418,4141.354626,-0.075816064
221.299308,223109,223.104,2194,3808.627038,3.808627038,4141.354626,-0.080342694
221.299527,223159,223.154,2186,3778.837087,3.778837087,4141.354626,-0.087535981
221.303368,223209,223.204,2200,3831.134565,3.831134565,4141.354626,-0.074907872
221.353375,223259,223.254,2190,3793.700787,3.793700787,4141.354626,-0.083946889
221.446343,223309,223.304,2192,3801.156069,3.801156069,4141.354626,-0.082146686
221.453344,223359,223.354,2182,3764.035546,3.764035546,4141.354626,-0.091110063
221.503364,223409,223.404,2201,3834.899683,3.834899683,4141.354626,-0.07399872
221.589867,223459,223.454,2189,3789.979014,3.789979014,4141.354626,-0.084845574
221.603353,223509,223.504,2217,3895.686901,3.895686901,4141.354626,-0.05932062
221.653382,223559,223.554,2220,3907.2,3.9072,4141.354626,-0.056540588
221.753611,223609,223.604,2210,3868.965517,3.868965517,4141.354626,-0.065772949
221.846967,223659,223.654,2202,3838.66878,3.83866878,4141.354626,-0.073088608
221.847186,223709,223.704,2190,3793.700787,3.793700787,4141.354626,-0.083946889
221.853381,223759,223.754,2186,3778.837087,3.778837087,4141.354626,-0.087535981
221.903372,223809,223.804,2194,3808.627038,3.808627038,4141.354626,-0.080342694
221.996615,223859,223.854,2199,3827.373418,3.827373418,4141.354626,-0.075816064
222.003343,223909,223.904,2195,3812.368421,3.812368421,4141.354626,-0.079439274
222.053377,223959,223.954,2212,3876.579926,3.876579926,4141.354626,-0.063934322
222.13954,224009,224.004,2209,3865.164369,3.865164369,4141.354626,-0.066690801
222.153384,224059,224.054,2198,3823.616236,3.823616236,4141.354626,-0.076723299
222.203327,224109,224.104,2234,3961.418592,3.961418592,4141.354626,-0.043448593
222.315042,224159,224.154,2221,3911.045891,3.911045891,4141.354626,-0.055611933
222.401521,224209,224.204,2214,3884.210526,3.884210526,4141.354626,-0.062091785
222.401735,224259,224.254,2208,3861.36725,3.86136725,4141.354626,-0.067607679
222.403368,224309,224.304,2202,3838.66878,3.83866878,4141.354626,-0.073088608
222.453385,224359,224.354,2195,3812.368421,3.812368421,4141.354626,-0.079439274
222.556381,224409,224.404,2201,3834.899683,3.834899683,4141.354626,-0.07399872
222.644382,224459,224.454,2205,3850.0,3.85,4141.354626,-0.070352494
222.644593,224509,224.504,2199,3827.373418,3.827373418,4141.354626,-0.075816064
222.653385,224559,224.554,2200,3831.134565,3.831134565,4141.354626,-0.074907872
222.703385,224609,224.604,2191,3797.426471,3.797426471,4141.354626,-0.08304726
222.806102,224659,224.654,2189,3789.979014,3.789979014,4141.354626,-0.084845574
222.899417,224709,224.704,2222,3914.895889,3.914895889,4141.354626,-0.054682286
222.899636,224759,224.754,2233,3957.518797,3.957518797,4141.354626,-0.044390265
222.90335,224809,224.804,2208,3861.36725,3.86136725,4141.354626,-0.067607679
222.95332,224859,224.854,2216,3891.857371,3.891857371,4141.354626,-0.060245325
223.052212,224909,224.904,2194,3808.627038,3.808627038,4141.354626,-0.080342694
223.053271,224959,224.954,2190,3793.700787,3.793700787,4141.354626,-0.083946889
223.103363,225009,225.004,2190,3793.700787,3.793700787,4141.354626,-0.083946889
223.191028,225059,225.054,2205,3850.0,3.85,4141.354626,-0.070352494
223.203364,225109,225.104,2191,3797.426471,3.797426471,4141.354626,-0.08304726
223.3077,225159,225.154,2210,3868.965517,3.868965517,4141.354626,-0.065772949
223.402572,225209,225.204,2207,3857.574153,3.857574153,4141.354626,-0.068523587
223.402792,225259,225.254,2208,3861.36725,3.86136725,4141.354626,-0.067607679
223.403284,225309,225.304,2213,3880.393199,3.880393199,4141.354626,-0.063013543
223.453355,225359,225.354,2226,3930.337079,3.930337079,4141.354626,-0.05095375
223.55549,225409,225.404,2213,3880.393199,3.880393199,4141.354626,-0.063013543
223.649751,225459,225.454,2212,3876.579926,3.876579926,4141.354626,-0.063934322
223.649972,225509,225.504,2201,3834.899683,3.834899683,4141.354626,-0.07399872
223.653378,225559,225.554,2169,3716.35514,3.71635514,4141.354626,-0.102623302
223.703398,225609,225.604,2185,3775.13089,3.77513089,4141.354626,-0.088430905
223.789556,225659,225.654,2200,3831.134565,3.831134565,4141.354626,-0.074907872
223.80335,225709,225.704,2201,3834.899683,3.834899683,4141.354626,-0.07399872
223.853356,225759,225.754,2203,3842.44186,3.84244186,4141.354626,-0.072177534
223.954639,225809,225.804,2186,3778.837087,3.778837087,4141.354626,-0.087535981
224.049614,225859,225.854,2191,3797.426471,3.797426471,4141.354626,-0.08304726
224.049921,225909,225.904,2212,3876.579926,3.876579926,4141.354626,-0.063934322
224.053271,225959,225.954,2247,4012.5,4.0125,4141.354626,-0.031114125
224.103454,226009,226.004,2209,3865.164369,3.865164369,4141.354626,-0.066690801
224.198634,226059,226.054,2218,3899.520511,3.899520511,4141.354626,-0.05839493
224.203287,226109,226.104,2193,3804.88959,3.80488959,4141.354626,-0.081245164
224.253364,226159,226.154,2184,3771.428571,3.771428571,4141.354626,-0.089324892
224.340508,226209,226.204,2177,3745.620438,3.745620438,4141.354626,-0.095556701
224.353409,226259,226.254,2204,3846.218932,3.846218932,4141.354626,-0.071265497
224.45582,226309,226.304,2196,3816.113744,3.816113744,4141.354626,-0.078534902
224.5512,226359,226.354,2204,3846.218932,3.846218932,4141.354626,-0.071265497
224.551421,226409,226.404,2212,3876.579926,3.876579926,4141.354626,-0.063934322
224.553397,226459,226.454,2211,3872.770701,3.872770701,4141.354626,-0.064854124
224.603386,226509,226.504,2215,3888.031915,3.888031915,4141.354626,-0.061169046
224.697239,226559,226.554,2219,3903.358209,3.903358209,4141.354626,-0.057468253
224.703386,226609,226.604,2229,3941.961415,3.941961415,4141.354626,-0.048146857
224.75336,226659,226.654,2222,3914.895889,3.914895889,4141.354626,-0.054682286
224.839538,226709,226.704,2215,3888.031915,3.888031915,4141.354626,-0.061169046
224.853396,226759,226.754,2207,3857.574153,3.857574153,4141.354626,-0.068523587
224.955722,226809,226.804,2195,3812.368421,3.812368421,4141.354626,-0.079439274
225.051031,226859,226.854,2208,3861.36725,3.86136725,4141.354626,-0.067607679
225.051342,226909,226.904,2198,3823.616236,3.823616236,4141.354626,-0.076723299
225.053308,226959,226.954,2194,3808.627038,3.808627038,4141.354626,-0.080342694
225.103364,227009,227.004,2203,3842.44186,3.84244186,4141.354626,-0.072177534
225.198105,227059,227.054,2193,3804.88959,3.80488959,4141.354626,-0.081245164
225.203382,227109,227.104,2193,3804.88959,3.80488959,4141.354626,-0.081245164
225.297902,227159,227.154,2219,3903.358209,3.903358209,4141.354626,-0.057468253
225.303322,227209,227.204,2221,3911.045891,3.911045891,4141.354626,-0.055611933
225.353355,227259,227.254,2194,3808.627038,3.808627038,4141.354626,-0.080342694
225.439428,227309,227.304,2198,3823.616236,3.823616236,4141.354626,-0.076723299
225.453367,227359,227.354,2182,3764.035546,3.764035546,4141.354626,-0.091110063
225.556027,227409,227.404,2185,3775.13089,3.77513089,4141.354626,-0.088430905
225.650069,227459,227.454,2195,3812.368421,3.812368421,4141.354626,-0.079439274
225.650292,227509,227.504,2198,3823.616236,3.823616236,4141.354626,-0.076723299
225.653355,227559,227.554,2193,3804.88959,3.80488959,4141.354626,-0.081245164
225.703377,227609,227.604,2200,3831.134565,3.831134565,4141.354626,-0.074907872
225.797532,227659,227.654,2216,3891.857371,3.891857371,4141.354626,-0.060245325
225.803343,227709,227.704,2220,3907.2,3.9072,4141.354626,-0.056540588
225.853384,227759,227.754,2213,3880.393199,3.880393199,4141.354626,-0.063013543
225.939477,227809,227.804,2225,3926.470588,3.926470588,4141.354626,-0.051887379
225.953363,227859,227.854,2221,3911.045891,3.911045891,4141.354626,-0.055611933
226.056592,227909,227.904,2210,3868.965517,3.868965517,4141.354626,-0.065772949
226.151523,227959,227.954,2205,3850.0,3.85,4141.354626,-0.070352494
226.151742,228009,228.004,2189,3789.979014,3.789979014,4141.354626,-0.084845574
226.153322,228059,228.054,2183,3767.730126,3.767730126,4141.354626,-0.090217944
226.203331,228109,228.104,2205,3850.0,3.85,4141.354626,-0.070352494
226.297599,228159,228.154,2190,3793.700787,3.793700787,4141.354626,-0.083946889
226.303332,228209,228.204,2200,3831.134565,3.831134565,4141.354626,-0.074907872
226.397068,228259,228.254,2186,3778.837087,3.778837087,4141.354626,-0.087535981
226.403256,228309,228.304,2183,3767.730126,3.767730126,4141.354626,-0.090217944
226.453326,228359,228.354,2221,3911.045891,3.911045891,4141.354626,-0.055611933
226.540927,228409,228.404,2226,3930.337079,3.930337079,4141.354626,-0.05095375
226.553316,228459,228.454,2210,3868.965517,3.868965517,4141.354626,-0.065772949
226.603364,228509,228.504,2203,3842.44186,3.84244186,4141.354626,-0.072177534
226.704978,228559,228.554,2190,3793.700787,3.793700787,4141.354626,-0.083946889
226.805855,228609,228.604,2188,3786.261143,3.786261143,4141.354626,-0.085743317
226.899555,228659,228.654,2178,3749.295775,3.749295775,4141.354626,-0.094669229
226.899776,228709,228.704,2198,3823.616236,3.823616236,4141.354626,-0.076723299
226.899973,228759,228.754,2209,3865.164369,3.865164369,4141.354626,-0.066690801
226.903368,228809,228.804,2199,3827.373418,3.827373418,4141.354626,-0.075816064
226.953335,228859,228.854,2217,3895.686901,3.895686901,4141.354626,-0.05932062
227.044796,228909,228.904,2206,3853.785071,3.853785071,4141.354626,-0.069438524
227.053323,228959,228.954,2219,3903.358209,3.903358209,4141.354626,-0.057468253
227.103362,229009,229.004,2223,3918.75,3.91875,4141.354626,-0.053751645
227.198201,229059,229.054,2221,3911.045891,3.911045891,4141.354626,-0.055611933
227.203349,229109,229.104,2212,3876.579926,3.876579926,4141.354626,-0.063934322
227.253346,229159,229.154,2211,3872.770701,3.872770701,4141.354626,-0.064854124
227.354845,229209,229.204,2202,3838.66878,3.83866878,4141.354626,-0.073088608
227.44218,229259,229.254,2202,3838.66878,3.83866878,4141.354626,-0.073088608
227.442392,229309,229.304,2205,3850.0,3.85,4141.354626,-0.070352494
227.453349,229359,229.354,2190,3793.700787,3.793700787,4141.354626,-0.083946889
227.503367,229409,229.404,2192,3801.156069,3.801156069,4141.354626,-0.082146686
227.598028,229459,229.454,2188,3786.261143,3.786261143,4141.354626,-0.085743317
227.603358,229509,229.504,2192,3801.156069,3.801156069,4141.354626,-0.082146686
227.653311,229559,229.554,2211,3872.770701,3.872770701,4141.354626,-0.064854124
227.753992,229609,229.604,2214,3884.210526,3.884210526,4141.354626,-0.062091785
227.848298,229659,229.654,2207,3857.574153,3.857574153,4141.354626,-0.068523587
227.848518,229709,229.704,2205,3850.0,3.85,4141.354626,-0.070352494
227.853353,229759,229.754,2192,3801.156069,3.801156069,4141.354626,-0.082146686
227.903368,229809,229.804,2181,3760.344828,3.760344828,4141.354626,-0.092001249
227.998131,229859,229.854,2188,3786.261143,3.786261143,4141.354626,-0.085743317
228.003343,229909,229.904,2212,3876.579926,3.876579926,4141.354626,-0.063934322
228.053336,229959,229.954,2200,3831.134565,3.831134565,4141.354626,-0.074907872
228.141136,230009,230.004,2213,3880.393199,3.880393199,4141.354626,-0.063013543
228.153373,230059,230.054,2215,3888.031915,3.888031915,4141.354626,-0.061169046
228.25552,230109,230.104,2213,3880.393199,3.880393199,4141.354626,-0.063013543
228.350538,230159,230.154,2220,3907.2,3.9072,4141.354626,-0.056540588
228.350757,230209,230.204,2206,3853.785071,3.853785071,4141.354626,-0.069438524
228.353302,230259,230.254,2222,3914.895889,3.914895889,4141.354626,-0.054682286
228.403354,230309,230.304,2227,3934.207709,3.934207709,4141.354626,-0.050019121
228.497093,230359,230.354,2207,3857.574153,3.857574153,4141.354626,-0.068523587
228.503334,230409,230.404,2196,3816.113744,3.816113744,4141.354626,-0.078534902
228.553357,230459,230.454,2195,3812.368421,3.812368421,4141.354626,-0.079439274
228.649713,230509,230.504,2195,3812.368421,3.812368421,4141.354626,-0.079439274
228.653378,230559,230.554,2194,3808.627038,3.808627038,4141.354626,-0.080342694
228.741559,230609,230.604,2185,3775.13089,3.77513089,4141.354626,-0.088430905
228.753335,230659,230.654,2185,3775.13089,3.77513089,4141.354626,-0.088430905
228.803381,230709,230.704,2195,3812.368421,3.812368421,4141.354626,-0.079439274
228.905768,230759,230.754,2207,3857.574153,3.857574153,4141.354626,-0.068523587
229.000723,230809,230.804,2229,3941.961415,3.941961415,4141.354626,-0.048146857
229.000945,230859,230.854,2218,3899.520511,3.899520511,4141.354626,-0.05839493
229.003279,230909,230.904,2202,3838.66878,3.83866878,4141.354626,-0.073088608
229.05335,230959,230.954,2204,3846.218932,3.846218932,4141.354626,-0.071265497
229.152817,231009,231.004,2206,3853.785071,3.853785071,4141.354626,-0.069438524
229.153335,231059,231.054,2195,3812.368421,3.812368421,4141.354626,-0.079439274
229.203326,231109,231.104,2192,3801.156069,3.801156069,4141.354626,-0.082146686
229.291385,231159,231.154,2196,3816.113744,3.816113744,4141.354626,-0.078534902
229.303372,231209,231.204,2201,3834.899683,3.834899683,4141.354626,-0.07399872
229.405662,231259,231.254,2204,3846.218932,3.846218932,4141.354626,-0.071265497
229.500323,231309,231.304,2217,3895.686901,3.895686901,4141.354626,-0.05932062
229.500547,231359,231.354,2210,3868.965517,3.868965517,4141.354626,-0.065772949
229.503311,231409,231.404,2231,3949.73176,3.94973176,4141.354626,-0.046270576
229.553355,231459,231.454,2232,3953.623188,3.953623188,4141.354626,-0.045330925
229.647862,231509,231.504,2224,3922.608231,3.922608231,4141.354626,-0.05282001
229.653358,231559,231.554,2217,3895.686901,3.895686901,4141.354626,-0.05932062
229.703343,231609,231.604,2207,3857.574153,3.857574153,4141.354626,-0.068523587
229.790651,231659,231.654,2200,3831.134565,3.831134565,4141.354626,-0.074907872
229.803351,231709,231.704,2195,3812.368421,3.812368421,4141.354626,-0.079439274
229.904801,231759,231.754,2207,3857.574153,3.857574153,4141.354626,-0.068523587
229.99977,231809,231.804,2183,3767.730126,3.767730126,4141.354626,-0.090217944
229.99999,231859,231.854,2187,3782.54717,3.78254717,4141.354626,-0.086640119
230.003356,231909,231.904,2177,3745.620438,3.745620438,4141.354626,-0.095556701
230.053388,231959,231.954,2194,3808.627038,3.808627038,4141.354626,-0.080342694
230.148206,232009,232.004,2222,3914.895889,3.914895889,4141.354626,-0.054682286
230.153332,232059,232.054,2224,3922.608231,3.922608231,4141.354626,-0.05282001
230.203376,232109,232.104,2206,3853.785071,3.853785071,4141.354626,-0.069438524
230.298842,232159,232.154,2212,3876.579926,3.876579926,4141.354626,-0.063934322
230.303454,232209,232.204,2207,3857.574153,3.857574153,4141.354626,-0.068523587
230.390798,232259,232.254,2198,3823.616236,3.823616236,4141.354626,-0.076723299
230.403341,232309,232.304,2199,3827.373418,3.827373418,4141.354626,-0.075816064
230.45332,232359,232.354,2193,3804.88959,3.80488959,4141.354626,-0.081245164
230.556466,232409,232.404,2185,3775.13089,3.77513089,4141.354626,-0.088430905
230.653306,232459,232.454,2214,3884.210526,3.884210526,4141.354626,-0.062091785
230.653525,232509,232.504,2220,3907.2,3.9072,4141.354626,-0.056540588
230.653721,232559,232.554,2209,3865.164369,3.865164369,4141.354626,-0.066690801
230.703355,232609,232.604,2221,3911.045891,3.911045891,4141.354626,-0.055611933
230.798341,232659,232.654,2223,3918.75,3.91875,4141.354626,-0.053751645
230.803329,232709,232.704,2227,3934.207709,3.934207709,4141.354626,-0.050019121
230.853359,232759,232.754,2218,3899.520511,3.899520511,4141.354626,-0.05839493
230.940423,232809,232.804,2212,3876.579926,3.876579926,4141.354626,-0.063934322
230.953364,232859,232.854,2206,3853.785071,3.853785071,4141.354626,-0.069438524
231.062446,232909,232.904,2194,3808.627038,3.808627038,4141.354626,-0.080342694
231.158222,232959,232.954,2205,3850.0,3.85,4141.354626,-0.070352494
231.158442,233009,233.004,2194,3808.627038,3.808627038,4141.354626,-0.080342694
231.15864,233059,233.054,2199,3827.373418,3.827373418,4141.354626,-0.075816064
231.20336,233109,233.104,2185,3775.13089,3.77513089,4141.354626,-0.088430905
231.298752,233159,233.154,2194,3808.627038,3.808627038,4141.354626,-0.080342694
231.303347,233209,233.204,2207,3857.574153,3.857574153,4141.354626,-0.068523587
231.353341,233259,233.254,2216,3891.857371,3.891857371,4141.354626,-0.060245325
231.448227,233309,233.304,2201,3834.899683,3.834899683,4141.354626,-0.07399872
231.453377,233359,233.354,2207,3857.574153,3.857574153,4141.354626,-0.068523587
231.541277,233409,233.404,2206,3853.785071,3.853785071,4141.354626,-0.069438524
231.553351,233459,233.454,2207,3857.574153,3.857574153,4141.354626,-0.068523587
231.603329,233509,233.504,2201,3834.899683,3.834899683,4141.354626,-0.07399872
231.706052,233559,233.554,2200,3831.134565,3.831134565,4141.354626,-0.074907872
231.800418,233609,233.604,2208,3861.36725,3.86136725,4141.354626,-0.067607679
231.80064,233659,233.654,2211,3872.770701,3.872770701,4141.354626,-0.064854124
231.803365,233709,233.704,2213,3880.393199,3.880393199,4141.354626,-0.063013543
231.853349,233759,233.754,2228,3938.082485,3.938082485,4141.354626,-0.04908349
231.947552,233809,233.804,2220,3907.2,3.9072,4141.354626,-0.056540588
231.953345,233859,233.854,2217,3895.686901,3.895686901,4141.354626,-0.05932062
232.044637,233909,233.904,2223,3918.75,3.91875,4141.354626,-0.053751645
232.053356,233959,233.954,2225,3926.470588,3.926470588,4141.354626,-0.051887379
232.103327,234009,234.004,2222,3914.895889,3.914895889,4141.354626,-0.054682286
232.205732,234059,234.054,2210,3868.965517,3.868965517,4141.354626,-0.065772949
232.300675,234109,234.104,2216,3891.857371,3.891857371,4141.354626,-0.060245325
232.300893,234159,234.154,2196,3816.113744,3.816113744,4141.354626,-0.078534902
232.303261,234209,234.204,2200,3831.134565,3.831134565,4141.354626,-0.074907872
232.353361,234259,234.254,2192,3801.156069,3.801156069,4141.354626,-0.082146686
232.440511,234309,234.304,2185,3775.13089,3.77513089,4141.354626,-0.088430905
232.453331,234359,234.354,2184,3771.428571,3.771428571,4141.354626,-0.089324892
232.503356,234409,234.404,2193,3804.88959,3.80488959,4141.354626,-0.081245164
232.599238,234459,234.454,2213,3880.393199,3.880393199,4141.354626,-0.063013543
232.603284,234509,234.504,2214,3884.210526,3.884210526,4141.354626,-0.062091785
232.653335,234559,234.554,2197,3819.863014,3.819863014,4141.354626,-0.077629578
232.755258,234609,234.604,2193,3804.88959,3.80488959,4141.354626,-0.081245164
232.851483,234659,234.654,2195,3812.368421,3.812368421,4141.354626,-0.079439274
232.851702,234709,234.704,2197,3819.863014,3.819863014,4141.354626,-0.077629578
232.853304,234759,234.754,2197,3819.863014,3.819863014,4141.354626,-0.077629578
232.903346,234809,234.804,2197,3819.863014,3.819863014,4141.354626,-0.077629578
232.999834,234859,234.854,2200,3831.134565,3.831134565,4141.354626,-0.074907872
233.003251,234909,234.904,2206,3853.785071,3.853785071,4141.354626,-0.069438524
233.053335,234959,234.954,2216,3891.857371,3.891857371,4141.354626,-0.060245325
233.142429,235009,235.004,2208,3861.36725,3.86136725,4141.354626,-0.067607679
233.153305,235059,235.054,2220,3907.2,3.9072,4141.354626,-0.056540588
233.203364,235109,235.104,2227,3934.207709,3.934207709,4141.354626,-0.050019121
233.307119,235159,235.154,2222,3914.895889,3.914895889,4141.354626,-0.054682286
233.402035,235209,235.204,2217,3895.686901,3.895686901,4141.354626,-0.05932062
233.402256,235259,235.254,2207,3857.574153,3.857574153,4141.354626,-0.068523587
233.40328,235309,235.304,2193,3804.88959,3.80488959,4141.354626,-0.081245164
233.453351,235359,235.354,2194,3808.627038,3.808627038,4141.354626,-0.080342694
233.548456,235409,235.404,2200,3831.134565,3.831134565,4141.354626,-0.074907872
233.553318,235459,235.454,2201,3834.899683,3.834899683,4141.354626,-0.07399872
233.60326,235509,235.504,2194,3808.627038,3.808627038,4141.354626,-0.080342694
233.690772,235559,235.554,2188,3786.261143,3.786261143,4141.354626,-0.085743317
233.703335,235609,235.604,2192,3801.156069,3.801156069,4141.354626,-0.082146686
233.805244,235659,235.654,2218,3899.520511,3.899520511,4141.354626,-0.05839493
233.900092,235709,235.704,2227,3934.207709,3.934207709,4141.354626,-0.050019121
233.900315,235759,235.754,2201,3834.899683,3.834899683,4141.354626,-0.07399872
233.903328,235809,235.804,2205,3850.0,3.85,4141.354626,-0.070352494
233.953408,235859,235.854,2194,3808.627038,3.808627038,4141.354626,-0.080342694
234.076967,235909,235.904,2194,3808.627038,3.808627038,4141.354626,-0.080342694
234.210702,235959,235.954,2197,3819.863014,3.819863014,4141.354626,-0.077629578
234.335002,236009,236.004,2209,3865.164369,3.865164369,4141.354626,-0.066690801
234.459306,236059,236.054,2213,3880.393199,3.880393199,4141.354626,-0.063013543
234.561287,236109,236.104,2209,3865.164369,3.865164369,4141.354626,-0.066690801
234.657852,236159,236.154,2226,3930.337079,3.930337079,4141.354626,-0.05095375
234.658071,236209,236.204,2217,3895.686901,3.895686901,4141.354626,-0.05932062
234.658268,236259,236.254,2217,3895.686901,3.895686901,4141.354626,-0.05932062
234.658465,236309,236.304,2228,3938.082485,3.938082485,4141.354626,-0.04908349
234.658661,236359,236.354,2226,3930.337079,3.930337079,4141.354626,-0.05095375
234.658855,236409,236.404,2232,3953.623188,3.953623188,4141.354626,-0.045330925
234.659049,236459,236.454,2218,3899.520511,3.899520511,4141.354626,-0.05839493
234.659255,236509,236.504,2206,3853.785071,3.853785071,4141.354626,-0.069438524
234.659455,236559,236.554,2194,3808.627038,3.808627038,4141.354626,-0.080342694
234.703363,236609,236.604,2203,3842.44186,3.84244186,4141.354626,-0.072177534
234.798755,236659,236.654,2193,3804.88959,3.80488959,4141.354626,-0.081245164
234.803343,236709,236.704,2197,3819.863014,3.819863014,4141.354626,-0.077629578
234.853336,236759,236.754,2186,3778.837087,3.778837087,4141.354626,-0.087535981
234.940821,236809,236.804,2195,3812.368421,3.812368421,4141.354626,-0.079439274
234.953338,236859,236.854,2216,3891.857371,3.891857371,4141.354626,-0.060245325
235.057436,236909,236.904,2213,3880.393199,3.880393199,4141.354626,-0.063013543
235.153361,236959,236.954,2218,3899.520511,3.899520511,4141.354626,-0.05839493
235.15358,237009,237.004,2215,3888.031915,3.888031915,4141.354626,-0.061169046
235.153776,237059,237.054,2204,3846.218932,3.846218932,4141.354626,-0.071265497
235.203319,237109,237.104,2192,3801.156069,3.801156069,4141.354626,-0.082146686
235.2987,237159,237.154,2199,3827.373418,3.827373418,4141.354626,-0.075816064
235.30335,237209,237.204,2201,3834.899683,3.834899683,4141.354626,-0.07399872
235.391205,237259,237.254,2198,3823.616236,3.823616236,4141.354626,-0.076723299
235.40325,237309,237.304,2206,3853.785071,3.853785071,4141.354626,-0.069438524
235.453294,237359,237.354,2224,3922.608231,3.922608231,4141.354626,-0.05282001
235.556387,237409,237.404,2213,3880.393199,3.880393199,4141.354626,-0.063013543
235.651463,237459,237.454,2217,3895.686901,3.895686901,4141.354626,-0.05932062
235.651681,237509,237.504,2212,3876.579926,3.876579926,4141.354626,-0.063934322
235.653321,237559,237.554,2230,3945.844504,3.945844504,4141.354626,-0.04720922
235.703323,237609,237.604,2227,3934.207709,3.934207709,4141.354626,-0.050019121
235.798267,237659,237.654,2217,3895.686901,3.895686901,4141.354626,-0.05932062
235.803312,237709,237.704,2219,3903.358209,3.903358209,4141.354626,-0.057468253
235.853318,237759,237.754,2201,3834.899683,3.834899683,4141.354626,-0.07399872
235.940913,237809,237.804,2200,3831.134565,3.831134565,4141.354626,-0.074907872
235.953321,237859,237.854,2197,3819.863014,3.819863014,4141.354626,-0.077629578
236.057747,237909,237.904,2191,3797.426471,3.797426471,4141.354626,-0.08304726
236.15351,237959,237.954,2194,3808.627038,3.808627038,4141.354626,-0.080342694
236.15373,238009,238.004,2192,3801.156069,3.801156069,4141.354626,-0.082146686
236.153927,238059,238.054,2198,3823.616236,3.823616236,4141.354626,-0.076723299
236.203292,238109,238.104,2206,3853.785071,3.853785071,4141.354626,-0.069438524
236.298334,238159,238.154,2214,3884.210526,3.884210526,4141.354626,-0.062091785
236.303326,238209,238.204,2199,3827.373418,3.827373418,4141.354626,-0.075816064
236.398244,238259,238.254,2197,3819.863014,3.819863014,4141.354626,-0.077629578
236.403329,238309,238.304,2194,3808.627038,3.808627038,4141.354626,-0.080342694
236.491428,238359,238.354,2196,3816.113744,3.816113744,4141.354626,-0.078534902
236.503299,238409,238.404,2203,3842.44186,3.84244186,4141.354626,-0.072177534
236.553296,238459,238.454,2207,3857.574153,3.857574153,4141.354626,-0.068523587
236.655729,238509,238.504,2207,3857.574153,3.857574153,4141.354626,-0.068523587
236.750381,238559,238.554,2207,3857.574153,3.857574153,4141.354626,-0.068523587
236.750605,238609,238.604,2208,3861.36725,3.86136725,4141.354626,-0.067607679
236.753267,238659,238.654,2206,3853.785071,3.853785071,4141.354626,-0.069438524
236.803217,238709,238.704,2213,3880.393199,3.880393199,4141.354626,-0.063013543
236.897731,238759,238.754,2225,3926.470588,3.926470588,4141.354626,-0.051887379
236.903279,238809,238.804,2224,3922.608231,3.922608231,4141.354626,-0.05282001
236.990957,238859,238.854,2214,3884.210526,3.884210526,4141.354626,-0.062091785
237.003294,238909,238.904,2209,3865.164369,3.865164369,4141.354626,-0.066690801
237.108441,238959,238.954,2194,3808.627038,3.808627038,4141.354626,-0.080342694
237.204549,239009,239.004,2198,3823.616236,3.823616236,4141.354626,-0.076723299
237.204768,239059,239.054,2189,3789.979014,3.789979014,4141.354626,-0.084845574
237.204966,239109,239.104,2187,3782.54717,3.78254717,4141.354626,-0.086640119
237.253244,239159,239.154,2183,3767.730126,3.767730126,4141.354626,-0.090217944
237.348066,239209,239.204,2185,3775.13089,3.77513089,4141.354626,-0.088430905
237.353311,239259,239.254,2194,3808.627038,3.808627038,4141.354626,-0.080342694
237.451798,239309,239.304,2210,3868.965517,3.868965517,4141.354626,-0.065772949
237.453381,239359,239.354,2226,3930.337079,3.930337079,4141.354626,-0.05095375
237.541876,239409,239.404,2206,3853.785071,3.853785071,4141.354626,-0.069438524
237.553267,239459,239.454,2206,3853.785071,3.853785071,4141.354626,-0.069438524
237.603308,239509,239.504,2190,3793.700787,3.793700787,4141.354626,-0.083946889
237.705349,239559,239.554,2193,3804.88959,3.80488959,4141.354626,-0.081245164
237.793707,239609,239.604,2195,3812.368421,3.812368421,4141.354626,-0.079439274
237.793919,239659,239.654,2193,3804.88959,3.80488959,4141.354626,-0.081245164
237.803299,239709,239.704,2200,3831.134565,3.831134565,4141.354626,-0.074907872
237.853327,239759,239.754,2203,3842.44186,3.84244186,4141.354626,-0.072177534
237.955167,239809,239.804,2210,3868.965517,3.868965517,4141.354626,-0.065772949
238.044585,239859,239.854,2210,3868.965517,3.868965517,4141.354626,-0.065772949
238.044867,239909,239.904,2221,3911.045891,3.911045891,4141.354626,-0.055611933
238.053213,239959,239.954,2225,3926.470588,3.926470588,4141.354626,-0.051887379
238.103306,240009,240.004,2221,3911.045891,3.911045891,4141.354626,-0.055611933
238.206519,240059,240.054,2208,3861.36725,3.86136725,4141.354626,-0.067607679
238.301705,240109,240.104,2213,3880.393199,3.880393199,4141.354626,-0.063013543
238.301926,240159,240.154,2192,3801.156069,3.801156069,4141.354626,-0.082146686
238.303336,240209,240.204,2199,3827.373418,3.827373418,4141.354626,-0.075816064
238.353308,240259,240.254,2205,3850.0,3.85,4141.354626,-0.070352494
238.448585,240309,240.304,2194,3808.627038,3.808627038,4141.354626,-0.080342694
238.453281,240359,240.354,2194,3808.627038,3.808627038,4141.354626,-0.080342694
238.503282,240409,240.404,2183,3767.730126,3.767730126,4141.354626,-0.090217944
238.590981,240459,240.454,2198,3823.616236,3.823616236,4141.354626,-0.076723299
238.603286,240509,240.504,2219,3903.358209,3.903358209,4141.354626,-0.057468253
238.70545,240559,240.554,2219,3903.358209,3.903358209,4141.354626,-0.057468253
238.799938,240609,240.604,2210,3868.965517,3.868965517,4141.354626,-0.065772949
238.800156,240659,240.654,2208,3861.36725,3.86136725,4141.354626,-0.067607679
238.803333,240709,240.704,2198,3823.616236,3.823616236,4141.354626,-0.076723299
238.853334,240759,240.754,2193,3804.88959,3.80488959,4141.354626,-0.081245164
238.948619,240809,240.804,2198,3823.616236,3.823616236,4141.354626,-0.076723299
238.953293,240859,240.854,2204,3846.218932,3.846218932,4141.354626,-0.071265497
239.052343,240909,240.904,2205,3850.0,3.85,4141.354626,-0.070352494
239.053286,240959,240.954,2208,3861.36725,3.86136725,4141.354626,-0.067607679
239.103236,241009,241.004,2214,3884.210526,3.884210526,4141.354626,-0.062091785
239.191479,241059,241.054,2214,3884.210526,3.884210526,4141.354626,-0.062091785
239.203287,241109,241.104,2217,3895.686901,3.895686901,4141.354626,-0.05932062
239.306327,241159,241.154,2218,3899.520511,3.899520511,4141.354626,-0.05839493
239.40228,241209,241.204,2224,3922.608231,3.922608231,4141.354626,-0.05282001
239.402502,241259,241.254,2228,3938.082485,3.938082485,4141.354626,-0.04908349
239.40323,241309,241.304,2206,3853.785071,3.853785071,4141.354626,-0.069438524
239.453326,241359,241.354,2205,3850.0,3.85,4141.354626,-0.070352494
239.548893,241409,241.404,2195,3812.368421,3.812368421,4141.354626,-0.079439274
239.553296,241459,241.454,2198,3823.616236,3.823616236,4141.354626,-0.076723299
239.603306,241509,241.504,2195,3812.368421,3.812368421,4141.354626,-0.079439274
239.690832,241559,241.554,2193,3804.88959,3.80488959,4141.354626,-0.081245164
239.703272,241609,241.604,2187,3782.54717,3.78254717,4141.354626,-0.086640119
239.753305,241659,241.654,2187,3782.54717,3.78254717,4141.354626,-0.086640119
239.855894,241709,241.704,2192,3801.156069,3.801156069,4141.354626,-0.082146686
239.95063,241759,241.754,2216,3891.857371,3.891857371,4141.354626,-0.060245325
239.950849,241809,241.804,2222,3914.895889,3.914895889,4141.354626,-0.054682286
239.953292,241859,241.854,2182,3764.035546,3.764035546,4141.354626,-0.091110063
240.003266,241909,241.904,2204,3846.218932,3.846218932,4141.354626,-0.071265497
240.098951,241959,241.954,2193,3804.88959,3.80488959,4141.354626,-0.081245164
240.103299,242009,242.004,2206,3853.785071,3.853785071,4141.354626,-0.069438524
240.199565,242059,242.054,2196,3816.113744,3.816113744,4141.354626,-0.078534902
240.203291,242109,242.104,2204,3846.218932,3.846218932,4141.354626,-0.071265497
240.253304,242159,242.154,2213,3880.393199,3.880393199,4141.354626,-0.063013543
240.340883,242209,242.204,2214,3884.210526,3.884210526,4141.354626,-0.062091785
240.353306,242259,242.254,2173,3730.957336,3.730957336,4141.354626,-0.099097355
240.455079,242309,242.304,2222,3914.895889,3.914895889,4141.354626,-0.054682286
240.551909,242359,242.354,2229,3941.961415,3.941961415,4141.354626,-0.048146857
240.552132,242409,242.404,2221,3911.045891,3.911045891,4141.354626,-0.055611933
240.553292,242459,242.454,2220,3907.2,3.9072,4141.354626,-0.056540588
240.603316,242509,242.504,2211,3872.770701,3.872770701,4141.354626,-0.064854124
240.698209,242559,242.554,2201,3834.899683,3.834899683,4141.354626,-0.07399872
240.703275,242609,242.604,2194,3808.627038,3.808627038,4141.354626,-0.080342694
240.753204,242659,242.654,2193,3804.88959,3.80488959,4141.354626,-0.081245164
240.840609,242709,242.704,2195,3812.368421,3.812368421,4141.354626,-0.079439274
240.853293,242759,242.754,2187,3782.54717,3.78254717,4141.354626,-0.086640119
240.955072,242809,242.804,2195,3812.368421,3.812368421,4141.354626,-0.079439274
241.050972,242859,242.854,2179,3752.974948,3.752974948,4141.354626,-0.093780831
241.051274,242909,242.904,2194,3808.627038,3.808627038,4141.354626,-0.080342694
241.0532,242959,242.954,2214,3884.210526,3.884210526,4141.354626,-0.062091785
241.103276,243009,243.004,2219,3903.358209,3.903358209,4141.354626,-0.057468253
241.198906,243059,243.054,2206,3853.785071,3.853785071,4141.354626,-0.069438524
241.203279,243109,243.104,2204,3846.218932,3.846218932,4141.354626,-0.071265497
241.253289,243159,243.154,2196,3816.113744,3.816113744,4141.354626,-0.078534902
241.34783,243209,243.204,2197,3819.863014,3.819863014,4141.354626,-0.077629578
241.353308,243259,243.254,2195,3812.368421,3.812368421,4141.354626,-0.079439274
241.441315,243309,243.304,2207,3857.574153,3.857574153,4141.354626,-0.068523587
241.453259,243359,243.354,2195,3812.368421,3.812368421,4141.354626,-0.079439274
241.5033,243409,243.404,2207,3857.574153,3.857574153,4141.354626,-0.068523587
241.605642,243459,243.454,2213,3880.393199,3.880393199,4141.354626,-0.063013543
241.70048,243509,243.504,2217,3895.686901,3.895686901,4141.354626,-0.05932062
241.700699,243559,243.554,2216,3891.857371,3.891857371,4141.354626,-0.060245325
241.703252,243609,243.604,2224,3922.608231,3.922608231,4141.354626,-0.05282001
241.753247,243659,243.654,2214,3884.210526,3.884210526,4141.354626,-0.062091785
241.847362,243709,243.704,2212,3876.579926,3.876579926,4141.354626,-0.063934322
241.853275,243759,243.754,2196,3816.113744,3.816113744,4141.354626,-0.078534902
241.940635,243809,243.804,2199,3827.373418,3.827373418,4141.354626,-0.075816064
241.953176,243859,243.854,2198,3823.616236,3.823616236,4141.354626,-0.076723299
242.003291,243909,243.904,2194,3808.627038,3.808627038,4141.354626,-0.080342694
242.106971,243959,243.954,2177,3745.620438,3.745620438,4141.354626,-0.095556701
242.202528,244009,244.004,2189,3789.979014,3.789979014,4141.354626,-0.084845574
242.202748,244059,244.054,2191,3797.426471,3.797426471,4141.354626,-0.08304726
242.203192,244109,244.104,2202,3838.66878,3.83866878,4141.354626,-0.073088608
242.253222,244159,244.154,2215,3888.031915,3.888031915,4141.354626,-0.061169046
242.348184,244209,244.204,2216,3891.857371,3.891857371,4141.354626,-0.060245325
242.353299,244259,244.254,2224,3922.608231,3.922608231,4141.354626,-0.05282001
242.448064,244309,244.304,2226,3930.337079,3.930337079,4141.354626,-0.05095375
242.453289,244359,244.354,2203,3842.44186,3.84244186,4141.354626,-0.072177534
242.503265,244409,244.404,2201,3834.899683,3.834899683,4141.354626,-0.07399872
242.591311,244459,244.454,2192,3801.156069,3.801156069,4141.354626,-0.082146686
242.603307,244509,244.504,2199,3827.373418,3.827373418,4141.354626,-0.075816064
242.706438,244559,244.554,2197,3819.863014,3.819863014,4141.354626,-0.077629578
242.793873,244609,244.604,2211,3872.770701,3.872770701,4141.354626,-0.064854124
242.794082,244659,244.654,2216,3891.857371,3.891857371,4141.354626,-0.060245325
242.803247,244709,244.704,2209,3865.164369,3.865164369,4141.354626,-0.066690801
242.853312,244759,244.754,2238,3977.059774,3.977059774,4141.354626,-0.039671766
242.955029,244809,244.804,2219,3903.358209,3.903358209,4141.354626,-0.057468253
243.044658,244859,244.854,2225,3926.470588,3.926470588,4141.354626,-0.051887379
243.044945,244909,244.904,2211,3872.770701,3.872770701,4141.354626,-0.064854124
243.053175,244959,244.954,2202,3838.66878,3.83866878,4141.354626,-0.073088608
243.103214,245009,245.004,2212,3876.579926,3.876579926,4141.354626,-0.063934322
243.204795,245059,245.054,2198,3823.616236,3.823616236,4141.354626,-0.076723299
243.299891,245109,245.104,2193,3804.88959,3.80488959,4141.354626,-0.081245164
243.300112,245159,245.154,2193,3804.88959,3.80488959,4141.354626,-0.081245164
243.303176,245209,245.204,2193,3804.88959,3.80488959,4141.354626,-0.081245164
243.35327,245259,245.254,2192,3801.156069,3.801156069,4141.354626,-0.082146686
243.447513,245309,245.304,2198,3823.616236,3.823616236,4141.354626,-0.076723299
243.453277,245359,245.354,2190,3793.700787,3.793700787,4141.354626,-0.083946889
243.541407,245409,245.404,2199,3827.373418,3.827373418,4141.354626,-0.075816064
243.553296,245459,245.454,2229,3941.961415,3.941961415,4141.354626,-0.048146857
243.6549,245509,245.504,2198,3823.616236,3.823616236,4141.354626,-0.076723299
243.749685,245559,245.554,2211,3872.770701,3.872770701,4141.354626,-0.064854124
243.749903,245609,245.604,2195,3812.368421,3.812368421,4141.354626,-0.079439274
243.753197,245659,245.654,2190,3793.700787,3.793700787,4141.354626,-0.083946889
243.80329,245709,245.704,2205,3850.0,3.85,4141.354626,-0.070352494
243.897876,245759,245.754,2193,3804.88959,3.80488959,4141.354626,-0.081245164
243.90325,245809,245.804,2208,3861.36725,3.86136725,4141.354626,-0.067607679
243.953241,245859,245.854,2233,3957.518797,3.957518797,4141.354626,-0.044390265
244.050814,245909,245.904,2211,3872.770701,3.872770701,4141.354626,-0.064854124
244.053262,245959,245.954,2211,3872.770701,3.872770701,4141.354626,-0.064854124
244.103283,246009,246.004,2218,3899.520511,3.899520511,4141.354626,-0.05839493
244.191538,246059,246.054,2225,3926.470588,3.926470588,4141.354626,-0.051887379
244.203203,246109,246.104,2212,3876.579926,3.876579926,4141.354626,-0.063934322
244.253286,246159,246.154,2213,3880.393199,3.880393199,4141.354626,-0.063013543
244.358089,246209,246.204,2210,3868.965517,3.868965517,4141.354626,-0.065772949
244.453757,246259,246.254,2206,3853.785071,3.853785071,4141.354626,-0.069438524
244.453977,246309,246.304,2196,3816.113744,3.816113744,4141.354626,-0.078534902
244.454175,246359,246.354,2190,3793.700787,3.793700787,4141.354626,-0.083946889
244.503297,246409,246.404,2197,3819.863014,3.819863014,4141.354626,-0.077629578
244.59848,246459,246.454,2197,3819.863014,3.819863014,4141.354626,-0.077629578
244.603175,246509,246.504,2199,3827.373418,3.827373418,4141.354626,-0.075816064
244.65328,246559,246.554,2192,3801.156069,3.801156069,4141.354626,-0.082146686
244.740915,246609,246.604,2211,3872.770701,3.872770701,4141.354626,-0.064854124
244.753293,246659,246.654,2226,3930.337079,3.930337079,4141.354626,-0.05095375
244.854815,246709,246.704,2202,3838.66878,3.83866878,4141.354626,-0.073088608
244.950581,246759,246.754,2208,3861.36725,3.86136725,4141.354626,-0.067607679
244.950802,246809,246.804,2206,3853.785071,3.853785071,4141.354626,-0.069438524
244.953201,246859,246.854,2208,3861.36725,3.86136725,4141.354626,-0.067607679
245.003283,246909,246.904,2202,3838.66878,3.83866878,4141.354626,-0.073088608
245.100227,246959,246.954,2204,3846.218932,3.846218932,4141.354626,-0.071265497
245.103244,247009,247.004,2195,3812.368421,3.812368421,4141.354626,-0.079439274
245.153227,247059,247.054,2213,3880.393199,3.880393199,4141.354626,-0.063013543
245.242076,247109,247.104,2214,3884.210526,3.884210526,4141.354626,-0.062091785
245.253298,247159,247.154,2215,3888.031915,3.888031915,4141.354626,-0.061169046
245.355718,247209,247.204,2219,3903.358209,3.903358209,4141.354626,-0.057468253
245.451483,247259,247.254,2207,3857.574153,3.857574153,4141.354626,-0.068523587
245.451704,247309,247.304,2218,3899.520511,3.899520511,4141.354626,-0.05839493
245.453302,247359,247.354,2212,3876.579926,3.876579926,4141.354626,-0.063934322
245.503283,247409,247.404,2204,3846.218932,3.846218932,4141.354626,-0.071265497
245.598885,247459,247.454,2206,3853.785071,3.853785071,4141.354626,-0.069438524
245.603302,247509,247.504,2197,3819.863014,3.819863014,4141.354626,-0.077629578
245.691736,247559,247.554,2194,3808.627038,3.808627038,4141.354626,-0.080342694
245.703236,247609,247.604,2201,3834.899683,3.834899683,4141.354626,-0.07399872
245.753304,247659,247.654,2191,3797.426471,3.797426471,4141.354626,-0.08304726
245.855734,247709,247.704,2188,3786.261143,3.786261143,4141.354626,-0.085743317
245.951094,247759,247.754,2203,3842.44186,3.84244186,4141.354626,-0.072177534
245.951313,247809,247.804,2214,3884.210526,3.884210526,4141.354626,-0.062091785
245.953185,247859,247.854,2219,3903.358209,3.903358209,4141.354626,-0.057468253
246.054761,247909,247.904,2225,3926.470588,3.926470588,4141.354626,-0.051887379
246.054983,247959,247.954,2205,3850.0,3.85,4141.354626,-0.070352494
246.103287,248009,248.004,2194,3808.627038,3.808627038,4141.354626,-0.080342694
246.1991,248059,248.054,2213,3880.393199,3.880393199,4141.354626,-0.063013543
246.20329,248109,248.104,2208,3861.36725,3.86136725,4141.354626,-0.067607679
246.291794,248159,248.154,2201,3834.899683,3.834899683,4141.354626,-0.07399872
246.3033,248209,248.204,2203,3842.44186,3.84244186,4141.354626,-0.072177534
246.406578,248259,248.254,2209,3865.164369,3.865164369,4141.354626,-0.066690801
246.501861,248309,248.304,2212,3876.579926,3.876579926,4141.354626,-0.063934322
246.502081,248359,248.354,2215,3888.031915,3.888031915,4141.354626,-0.061169046
246.503223,248409,248.404,2213,3880.393199,3.880393199,4141.354626,-0.063013543
246.553233,248459,248.454,2217,3895.686901,3.895686901,4141.354626,-0.05932062
246.648558,248509,248.504,2220,3907.2,3.9072,4141.354626,-0.056540588
246.653267,248559,248.554,2200,3831.134565,3.831134565,4141.354626,-0.074907872
246.747892,248609,248.604,2208,3861.36725,3.86136725,4141.354626,-0.067607679
246.753251,248659,248.654,2206,3853.785071,3.853785071,4141.354626,-0.069438524
246.803312,248709,248.704,2204,3846.218932,3.846218932,4141.354626,-0.071265497
246.891564,248759,248.754,2200,3831.134565,3.831134565,4141.354626,-0.074907872
246.903213,248809,248.804,2208,3861.36725,3.86136725,4141.354626,-0.067607679
246.953258,248859,248.854,2196,3816.113744,3.816113744,4141.354626,-0.078534902
247.058012,248909,248.904,2191,3797.426471,3.797426471,4141.354626,-0.08304726
247.153405,248959,248.954,2193,3804.88959,3.80488959,4141.354626,-0.081245164
247.153624,249009,249.004,2197,3819.863014,3.819863014,4141.354626,-0.077629578
247.153822,249059,249.054,2212,3876.579926,3.876579926,4141.354626,-0.063934322
247.203246,249109,249.104,2228,3938.082485,3.938082485,4141.354626,-0.04908349
247.298717,249159,249.154,2205,3850.0,3.85,4141.354626,-0.070352494
247.303237,249209,249.204,2204,3846.218932,3.846218932,4141.354626,-0.071265497
247.353197,249259,249.254,2205,3850.0,3.85,4141.354626,-0.070352494
247.440884,249309,249.304,2206,3853.785071,3.853785071,4141.354626,-0.069438524
247.453247,249359,249.354,2202,3838.66878,3.83866878,4141.354626,-0.073088608
247.558204,249409,249.404,2201,3834.899683,3.834899683,4141.354626,-0.07399872
247.654453,249459,249.454,2208,3861.36725,3.86136725,4141.354626,-0.067607679
247.654672,249509,249.504,2215,3888.031915,3.888031915,4141.354626,-0.061169046
247.654869,249559,249.554,2206,3853.785071,3.853785071,4141.354626,-0.069438524
247.703306,249609,249.604,2212,3876.579926,3.876579926,4141.354626,-0.063934322
247.791458,249659,249.654,2224,3922.608231,3.922608231,4141.354626,-0.05282001
247.803243,249709,249.704,2221,3911.045891,3.911045891,4141.354626,-0.055611933
247.853295,249759,249.754,2212,3876.579926,3.876579926,4141.354626,-0.063934322
247.949121,249809,249.804,2216,3891.857371,3.891857371,4141.354626,-0.060245325
247.953244,249859,249.854,2207,3857.574153,3.857574153,4141.354626,-0.068523587
248.051767,249909,249.904,2209,3865.164369,3.865164369,4141.354626,-0.066690801
248.053283,249959,249.954,2208,3861.36725,3.86136725,4141.354626,-0.067607679
248.103241,250009,250.004,2206,3853.785071,3.853785071,4141.354626,-0.069438524
248.207104,250059,250.054,2195,3812.368421,3.812368421,4141.354626,-0.079439274
248.302685,250109,250.104,2192,3801.156069,3.801156069,4141.354626,-0.082146686
248.302902,250159,250.154,2191,3797.426471,3.797426471,4141.354626,-0.08304726
248.303156,250209,250.204,2198,3823.616236,3.823616236,4141.354626,-0.076723299
248.353289,250259,250.254,2213,3880.393199,3.880393199,4141.354626,-0.063013543
248.44885,250309,250.304,2225,3926.470588,3.926470588,4141.354626,-0.051887379
248.453252,250359,250.354,2201,3834.899683,3.834899683,4141.354626,-0.07399872
248.503291,250409,250.404,2210,3868.965517,3.868965517,4141.354626,-0.065772949
248.592507,250459,250.454,2207,3857.574153,3.857574153,4141.354626,-0.068523587
248.603292,250509,250.504,2197,3819.863014,3.819863014,4141.354626,-0.077629578
248.653295,250559,250.554,2193,3804.88959,3.80488959,4141.354626,-0.081245164
248.757486,250609,250.604,2201,3834.899683,3.834899683,4141.354626,-0.07399872
248.853244,250659,250.654,2204,3846.218932,3.846218932,4141.354626,-0.071265497
248.853466,250709,250.704,2205,3850.0,3.85,4141.354626,-0.070352494
248.853664,250759,250.754,2206,3853.785071,3.853785071,4141.354626,-0.069438524
248.903243,250809,250.804,2216,3891.857371,3.891857371,4141.354626,-0.060245325
248.999017,250859,250.854,2224,3922.608231,3.922608231,4141.354626,-0.05282001
249.003217,250909,250.904,2223,3918.75,3.91875,4141.354626,-0.053751645
249.053234,250959,250.954,2224,3922.608231,3.922608231,4141.354626,-0.05282001
249.142703,251009,251.004,2216,3891.857371,3.891857371,4141.354626,-0.060245325
249.153242,251059,251.054,2207,3857.574153,3.857574153,4141.354626,-0.068523587
249.257598,251109,251.104,2208,3861.36725,3.86136725,4141.354626,-0.067607679
249.35353,251159,251.154,2211,3872.770701,3.872770701,4141.354626,-0.064854124
249.353749,251209,251.204,2206,3853.785071,3.853785071,4141.354626,-0.069438524
249.353948,251259,251.254,2212,3876.579926,3.876579926,4141.354626,-0.063934322
249.403286,251309,251.304,2189,3789.979014,3.789979014,4141.354626,-0.084845574
249.498768,251359,251.354,2173,3730.957336,3.730957336,4141.354626,-0.099097355
249.503275,251409,251.404,2195,3812.368421,3.812368421,4141.354626,-0.079439274
249.55324,251459,251.454,2202,3838.66878,3.83866878,4141.354626,-0.073088608
249.641186,251509,251.504,2222,3914.895889,3.914895889,4141.354626,-0.054682286
249.653275,251559,251.554,2220,3907.2,3.9072,4141.354626,-0.056540588
249.756035,251609,251.604,2222,3914.895889,3.914895889,4141.354626,-0.054682286
249.852158,251659,251.654,2205,3850.0,3.85,4141.354626,-0.070352494
249.852375,251709,251.704,2205,3850.0,3.85,4141.354626,-0.070352494
249.853217,251759,251.754,2204,3846.218932,3.846218932,4141.354626,-0.071265497
249.903234,251809,251.804,2195,3812.368421,3.812368421,4141.354626,-0.079439274
249.998903,251859,251.854,2205,3850.0,3.85,4141.354626,-0.070352494
250.003221,251909,251.904,2202,3838.66878,3.83866878,4141.354626,-0.073088608
250.053261,251959,251.954,2210,3868.965517,3.868965517,4141.354626,-0.065772949
250.150303,252009,252.004,2230,3945.844504,3.945844504,4141.354626,-0.04720922
250.153185,252059,252.054,2222,3914.895889,3.914895889,4141.354626,-0.054682286
250.203231,252109,252.104,2216,3891.857371,3.891857371,4141.354626,-0.060245325
250.292393,252159,252.154,2218,3899.520511,3.899520511,4141.354626,-0.05839493
250.303229,252209,252.204,2212,3876.579926,3.876579926,4141.354626,-0.063934322
250.405811,252259,252.254,2215,3888.031915,3.888031915,4141.354626,-0.061169046
250.501317,252309,252.304,2205,3850.0,3.85,4141.354626,-0.070352494
250.501534,252359,252.354,2201,3834.899683,3.834899683,4141.354626,-0.07399872
250.503259,252409,252.404,2214,3884.210526,3.884210526,4141.354626,-0.062091785
250.553205,252459,252.454,2207,3857.574153,3.857574153,4141.354626,-0.068523587
250.649216,252509,252.504,2190,3793.700787,3.793700787,4141.354626,-0.083946889
250.653222,252559,252.554,2172,3727.301092,3.727301092,4141.354626,-0.099980217
250.742255,252609,252.604,2197,3819.863014,3.819863014,4141.354626,-0.077629578
250.75323,252659,252.654,2198,3823.616236,3.823616236,4141.354626,-0.076723299
250.856573,252709,252.704,2219,3903.358209,3.903358209,4141.354626,-0.057468253
250.952856,252759,252.754,2224,3922.608231,3.922608231,4141.354626,-0.05282001
250.953077,252809,252.804,2203,3842.44186,3.84244186,4141.354626,-0.072177534
250.953276,252859,252.854,2199,3827.373418,3.827373418,4141.354626,-0.075816064
251.003224,252909,252.904,2207,3857.574153,3.857574153,4141.354626,-0.068523587
251.100302,252959,252.954,2208,3861.36725,3.86136725,4141.354626,-0.067607679
251.102217,253009,253.004,2217,3895.686901,3.895686901,4141.354626,-0.05932062
251.152252,253059,253.054,2199,3827.373418,3.827373418,4141.354626,-0.075816064
251.249325,253109,253.104,2214,3884.210526,3.884210526,4141.354626,-0.062091785
251.253241,253159,253.154,2199,3827.373418,3.827373418,4141.354626,-0.075816064
251.342035,253209,253.204,2201,3834.899683,3.834899683,4141.354626,-0.07399872
251.352297,253259,253.254,2213,3880.393199,3.880393199,4141.354626,-0.063013543
251.40229,253309,253.304,2225,3926.470588,3.926470588,4141.354626,-0.051887379
251.505383,253359,253.354,2222,3914.895889,3.914895889,4141.354626,-0.054682286
251.601789,253409,253.404,2220,3907.2,3.9072,4141.354626,-0.056540588
251.602003,253459,253.454,2211,3872.770701,3.872770701,4141.354626,-0.064854124
251.602258,253509,253.504,2211,3872.770701,3.872770701,4141.354626,-0.064854124
251.652283,253559,253.554,2220,3907.2,3.9072,4141.354626,-0.056540588
251.749034,253609,253.604,2213,3880.393199,3.880393199,4141.354626,-0.063013543
251.752192,253659,253.654,2209,3865.164369,3.865164369,4141.354626,-0.066690801
251.80225,253709,253.704,2203,3842.44186,3.84244186,4141.354626,-0.072177534
251.89205,253759,253.754,2190,3793.700787,3.793700787,4141.354626,-0.083946889
251.902288,253809,253.804,2186,3778.837087,3.778837087,4141.354626,-0.087535981
252.006869,253859,253.854,2203,3842.44186,3.84244186,4141.354626,-0.072177534
252.124962,253909,253.904,2211,3872.770701,3.872770701,4141.354626,-0.064854124
252.230613,253959,253.954,2226,3930.337079,3.930337079,4141.354626,-0.05095375
252.327533,254009,254.004,2201,3834.899683,3.834899683,4141.354626,-0.07399872
252.327754,254059,254.054,2205,3850.0,3.85,4141.354626,-0.070352494
252.327953,254109,254.104,2204,3846.218932,3.846218932,4141.354626,-0.071265497
252.328154,254159,254.154,2198,3823.616236,3.823616236,4141.354626,-0.076723299
252.328351,254209,254.204,2206,3853.785071,3.853785071,4141.354626,-0.069438524
252.352249,254259,254.254,2198,3823.616236,3.823616236,4141.354626,-0.076723299
252.441406,254309,254.304,2209,3865.164369,3.865164369,4141.354626,-0.066690801
252.452294,254359,254.354,2212,3876.579926,3.876579926,4141.354626,-0.063934322
252.558293,254409,254.404,2214,3884.210526,3.884210526,4141.354626,-0.062091785
252.657369,254459,254.454,2221,3911.045891,3.911045891,4141.354626,-0.055611933
252.657586,254509,254.504,2224,3922.608231,3.922608231,4141.354626,-0.05282001
252.657783,254559,254.554,2223,3918.75,3.91875,4141.354626,-0.053751645
252.702238,254609,254.604,2224,3922.608231,3.922608231,4141.354626,-0.05282001
252.798732,254659,254.654,2215,3888.031915,3.888031915,4141.354626,-0.061169046
252.802203,254709,254.704,2218,3899.520511,3.899520511,4141.354626,-0.05839493
252.852293,254759,254.754,2192,3801.156069,3.801156069,4141.354626,-0.082146686
252.941177,254809,254.804,2204,3846.218932,3.846218932,4141.354626,-0.071265497
252.952287,254859,254.854,2207,3857.574153,3.857574153,4141.354626,-0.068523587
253.059966,254909,254.904,2205,3850.0,3.85,4141.354626,-0.070352494
253.157041,254959,254.954,2190,3793.700787,3.793700787,4141.354626,-0.083946889
253.157262,255009,255.004,2182,3764.035546,3.764035546,4141.354626,-0.091110063
253.15746,255059,255.054,2207,3857.574153,3.857574153,4141.354626,-0.068523587
253.202215,255109,255.104,2203,3842.44186,3.84244186,4141.354626,-0.072177534
253.29556,255159,255.154,2214,3884.210526,3.884210526,4141.354626,-0.062091785
253.30225,255209,255.204,2215,3888.031915,3.888031915,4141.354626,-0.061169046
253.408309,255259,255.254,2202,3838.66878,3.83866878,4141.354626,-0.073088608
253.498364,255309,255.304,2207,3857.574153,3.857574153,4141.354626,-0.068523587
253.49858,255359,255.354,2207,3857.574153,3.857574153,4141.354626,-0.068523587
253.50227,255409,255.404,2203,3842.44186,3.84244186,4141.354626,-0.072177534
253.55226,255459,255.454,2201,3834.899683,3.834899683,4141.354626,-0.07399872
253.655843,255509,255.504,2201,3834.899683,3.834899683,4141.354626,-0.07399872
253.752525,255559,255.554,2202,3838.66878,3.83866878,4141.354626,-0.073088608
253.752744,255609,255.604,2210,3868.965517,3.868965517,4141.354626,-0.065772949
253.752942,255659,255.654,2220,3907.2,3.9072,4141.354626,-0.056540588
253.802248,255709,255.704,2216,3891.857371,3.891857371,4141.354626,-0.060245325
253.898812,255759,255.754,2216,3891.857371,3.891857371,4141.354626,-0.060245325
253.902166,255809,255.804,2228,3938.082485,3.938082485,4141.354626,-0.04908349
253.952276,255859,255.854,2221,3911.045891,3.911045891,4141.354626,-0.055611933
254.046329,255909,255.904,2218,3899.520511,3.899520511,4141.354626,-0.05839493
254.052227,255959,255.954,2208,3861.36725,3.86136725,4141.354626,-0.067607679
254.102272,256009,256.004,2204,3846.218932,3.846218932,4141.354626,-0.071265497
254.208341,256059,256.054,2205,3850.0,3.85,4141.354626,-0.070352494
254.305504,256109,256.104,2214,3884.210526,3.884210526,4141.354626,-0.062091785
254.305725,256159,256.154,2199,3827.373418,3.827373418,4141.354626,-0.075816064
254.305923,256209,256.204,2185,3775.13089,3.77513089,4141.354626,-0.088430905
254.352235,256259,256.254,2190,3793.700787,3.793700787,4141.354626,-0.083946889
254.448728,256309,256.304,2172,3727.301092,3.727301092,4141.354626,-0.099980217
254.452175,256359,256.354,2207,3857.574153,3.857574153,4141.354626,-0.068523587
254.502281,256409,256.404,2234,3961.418592,3.961418592,4141.354626,-0.043448593
254.591993,256459,256.454,2210,3868.965517,3.868965517,4141.354626,-0.065772949
254.602212,256509,256.504,2201,3834.899683,3.834899683,4141.354626,-0.07399872
254.652221,256559,256.554,2205,3850.0,3.85,4141.354626,-0.070352494
254.755788,256609,256.604,2209,3865.164369,3.865164369,4141.354626,-0.066690801
254.852188,256659,256.654,2195,3812.368421,3.812368421,4141.354626,-0.079439274
254.852408,256709,256.704,2202,3838.66878,3.83866878,4141.354626,-0.073088608
254.852606,256759,256.754,2209,3865.164369,3.865164369,4141.354626,-0.066690801
254.902239,256809,256.804,2211,3872.770701,3.872770701,4141.354626,-0.064854124
254.999565,256859,256.854,2237,3973.143165,3.973143165,4141.354626,-0.040617497
255.002159,256909,256.904,2217,3895.686901,3.895686901,4141.354626,-0.05932062
255.052233,256959,256.954,2227,3934.207709,3.934207709,4141.354626,-0.050019121
255.142711,257009,257.004,2225,3926.470588,3.926470588,4141.354626,-0.051887379
255.152259,257059,257.054,2226,3930.337079,3.930337079,4141.354626,-0.05095375
255.257645,257109,257.104,2210,3868.965517,3.868965517,4141.354626,-0.065772949
255.354064,257159,257.154,2215,3888.031915,3.888031915,4141.354626,-0.061169046
255.354285,257209,257.204,2212,3876.579926,3.876579926,4141.354626,-0.063934322
255.354483,257259,257.254,2210,3868.965517,3.868965517,4141.354626,-0.065772949
255.40219,257309,257.304,2207,3857.574153,3.857574153,4141.354626,-0.068523587
255.498833,257359,257.354,2201,3834.899683,3.834899683,4141.354626,-0.07399872
255.502225,257409,257.404,2192,3801.156069,3.801156069,4141.354626,-0.082146686
255.599073,257459,257.454,2190,3793.700787,3.793700787,4141.354626,-0.083946889
255.602175,257509,257.504,2196,3816.113744,3.816113744,4141.354626,-0.078534902
255.65224,257559,257.554,2209,3865.164369,3.865164369,4141.354626,-0.066690801
255.740849,257609,257.604,2216,3891.857371,3.891857371,4141.354626,-0.060245325
255.752246,257659,257.654,2198,3823.616236,3.823616236,4141.354626,-0.076723299
255.855954,257709,257.704,2221,3911.045891,3.911045891,4141.354626,-0.055611933
255.952584,257759,257.754,2189,3789.979014,3.789979014,4141.354626,-0.084845574
255.952807,257809,257.804,2201,3834.899683,3.834899683,4141.354626,-0.07399872
255.953006,257859,257.854,2195,3812.368421,3.812368421,4141.354626,-0.079439274
256.002228,257909,257.904,2206,3853.785071,3.853785071,4141.354626,-0.069438524
256.100395,257959,257.954,2209,3865.164369,3.865164369,4141.354626,-0.066690801
256.102182,258009,258.004,2211,3872.770701,3.872770701,4141.354626,-0.064854124
256.152243,258059,258.054,2216,3891.857371,3.891857371,4141.354626,-0.060245325
256.241407,258109,258.104,2215,3888.031915,3.888031915,4141.354626,-0.061169046
256.252241,258159,258.154,2226,3930.337079,3.930337079,4141.354626,-0.05095375
256.355758,258209,258.204,2224,3922.608231,3.922608231,4141.354626,-0.05282001
256.452729,258259,258.254,2231,3949.73176,3.94973176,4141.354626,-0.046270576
256.452947,258309,258.304,2216,3891.857371,3.891857371,4141.354626,-0.060245325
256.453143,258359,258.354,2212,3876.579926,3.876579926,4141.354626,-0.063934322
256.502232,258409,258.404,2211,3872.770701,3.872770701,4141.354626,-0.064854124
256.598222,258459,258.454,2205,3850.0,3.85,4141.354626,-0.070352494
256.602206,258509,258.504,2200,3831.134565,3.831134565,4141.354626,-0.074907872
256.652284,258559,258.554,2200,3831.134565,3.831134565,4141.354626,-0.074907872
256.740862,258609,258.604,2191,3797.426471,3.797426471,4141.354626,-0.08304726
256.752263,258659,258.654,2182,3764.035546,3.764035546,4141.354626,-0.091110063
256.802271,258709,258.704,2201,3834.899683,3.834899683,4141.354626,-0.07399872
256.905414,258759,258.754,2209,3865.164369,3.865164369,4141.354626,-0.066690801
257.002073,258809,258.804,2223,3918.75,3.91875,4141.354626,-0.053751645
257.002291,258859,258.854,2212,3876.579926,3.876579926,4141.354626,-0.063934322
257.002563,258909,258.904,2213,3880.393199,3.880393199,4141.354626,-0.063013543
257.052235,258959,258.954,2202,3838.66878,3.83866878,4141.354626,-0.073088608
257.148943,259009,259.004,2193,3804.88959,3.80488959,4141.354626,-0.081245164
257.152226,259059,259.054,2194,3808.627038,3.808627038,4141.354626,-0.080342694
257.202224,259109,259.104,2199,3827.373418,3.827373418,4141.354626,-0.075816064
257.291639,259159,259.154,2205,3850.0,3.85,4141.354626,-0.070352494
257.302237,259209,259.204,2218,3899.520511,3.899520511,4141.354626,-0.05839493
257.405544,259259,259.254,2211,3872.770701,3.872770701,4141.354626,-0.064854124
257.502184,259309,259.304,2218,3899.520511,3.899520511,4141.354626,-0.05839493
257.502405,259359,259.354,2223,3918.75,3.91875,4141.354626,-0.053751645
257.502602,259409,259.404,2219,3903.358209,3.903358209,4141.354626,-0.057468253
257.552211,259459,259.454,2227,3934.207709,3.934207709,4141.354626,-0.050019121
257.64845,259509,259.504,2225,3926.470588,3.926470588,4141.354626,-0.051887379
257.652154,259559,259.554,2214,3884.210526,3.884210526,4141.354626,-0.062091785
257.702244,259609,259.604,2209,3865.164369,3.865164369,4141.354626,-0.066690801
257.798572,259659,259.654,2207,3857.574153,3.857574153,4141.354626,-0.068523587
257.802154,259709,259.704,2210,3868.965517,3.868965517,4141.354626,-0.065772949
257.852231,259759,259.754,2204,3846.218932,3.846218932,4141.354626,-0.071265497
257.940589,259809,259.804,2210,3868.965517,3.868965517,4141.354626,-0.065772949
257.952224,259859,259.854,2191,3797.426471,3.797426471,4141.354626,-0.08304726
258.052322,259909,259.904,2195,3812.368421,3.812368421,4141.354626,-0.079439274
258.149489,259959,259.954,2198,3823.616236,3.823616236,4141.354626,-0.076723299
258.149705,260009,260.004,2210,3868.965517,3.868965517,4141.354626,-0.065772949
258.152242,260059,260.054,2243,3996.706263,3.996706263,4141.354626,-0.034927789
258.202248,260109,260.104,2200,3831.134565,3.831134565,4141.354626,-0.074907872
258.306173,260159,260.154,2204,3846.218932,3.846218932,4141.354626,-0.071265497
258.395257,260209,260.204,2192,3801.156069,3.801156069,4141.354626,-0.082146686
258.395469,260259,260.254,2178,3749.295775,3.749295775,4141.354626,-0.094669229
258.402237,260309,260.304,2187,3782.54717,3.78254717,4141.354626,-0.086640119
258.452263,260359,260.354,2193,3804.88959,3.80488959,4141.354626,-0.081245164
258.556915,260409,260.404,2196,3816.113744,3.816113744,4141.354626,-0.078534902
258.653884,260459,260.454,2202,3838.66878,3.83866878,4141.354626,-0.073088608
258.654104,260509,260.504,2213,3880.393199,3.880393199,4141.354626,-0.063013543
258.6543,260559,260.554,2227,3934.207709,3.934207709,4141.354626,-0.050019121
258.702274,260609,260.604,2217,3895.686901,3.895686901,4141.354626,-0.05932062
258.798108,260659,260.654,2219,3903.358209,3.903358209,4141.354626,-0.057468253
258.80227,260709,260.704,2210,3868.965517,3.868965517,4141.354626,-0.065772949
258.852171,260759,260.754,2210,3868.965517,3.868965517,4141.354626,-0.065772949
258.941615,260809,260.804,2211,3872.770701,3.872770701,4141.354626,-0.064854124
258.952245,260859,260.854,2201,3834.899683,3.834899683,4141.354626,-0.07399872
259.057954,260909,260.904,2208,3861.36725,3.86136725,4141.354626,-0.067607679
259.154376,260959,260.954,2197,3819.863014,3.819863014,4141.354626,-0.077629578
259.154597,261009,261.004,2200,3831.134565,3.831134565,4141.354626,-0.074907872
259.154794,261059,261.054,2192,3801.156069,3.801156069,4141.354626,-0.082146686
259.20223,261109,261.104,2189,3789.979014,3.789979014,4141.354626,-0.084845574
259.299855,261159,261.154,2191,3797.426471,3.797426471,4141.354626,-0.08304726
259.302139,261209,261.204,2209,3865.164369,3.865164369,4141.354626,-0.066690801
259.352222,261259,261.254,2223,3918.75,3.91875,4141.354626,-0.053751645
259.448199,261309,261.304,2207,3857.574153,3.857574153,4141.354626,-0.068523587
259.452225,261359,261.354,2208,3861.36725,3.86136725,4141.354626,-0.067607679
259.541535,261409,261.404,2202,3838.66878,3.83866878,4141.354626,-0.073088608
259.552236,261459,261.454,2190,3793.700787,3.793700787,4141.354626,-0.083946889
259.655049,261509,261.504,2201,3834.899683,3.834899683,4141.354626,-0.07399872
259.75123,261559,261.554,2199,3827.373418,3.827373418,4141.354626,-0.075816064
259.751449,261609,261.604,2203,3842.44186,3.84244186,4141.354626,-0.072177534
259.752139,261659,261.654,2201,3834.899683,3.834899683,4141.354626,-0.07399872
259.802232,261709,261.704,2212,3876.579926,3.876579926,4141.354626,-0.063934322
259.897795,261759,261.754,2221,3911.045891,3.911045891,4141.354626,-0.055611933
259.902152,261809,261.804,2221,3911.045891,3.911045891,4141.354626,-0.055611933
259.952242,261859,261.854,2225,3926.470588,3.926470588,4141.354626,-0.051887379
260.04382,261909,261.904,2214,3884.210526,3.884210526,4141.354626,-0.062091785
260.052251,261959,261.954,2216,3891.857371,3.891857371,4141.354626,-0.060245325
260.10222,262009,262.004,2208,3861.36725,3.86136725,4141.354626,-0.067607679
260.205488,262059,262.054,2210,3868.965517,3.868965517,4141.354626,-0.065772949
260.301441,262109,262.104,2208,3861.36725,3.86136725,4141.354626,-0.067607679
260.301667,262159,262.154,2210,3868.965517,3.868965517,4141.354626,-0.065772949
260.302157,262209,262.204,2209,3865.164369,3.865164369,4141.354626,-0.066690801
260.352232,262259,262.254,2188,3786.261143,3.786261143,4141.354626,-0.085743317
260.447836,262309,262.304,2188,3786.261143,3.786261143,4141.354626,-0.085743317
260.452223,262359,262.354,2191,3797.426471,3.797426471,4141.354626,-0.08304726
260.502218,262409,262.404,2205,3850.0,3.85,4141.354626,-0.070352494
260.592085,262459,262.454,2236,3969.230769,3.969230769,4141.354626,-0.041562211
260.602232,262509,262.504,2223,3918.75,3.91875,4141.354626,-0.053751645
260.705157,262559,262.554,2218,3899.520511,3.899520511,4141.354626,-0.05839493
260.801122,262609,262.604,2209,3865.164369,3.865164369,4141.354626,-0.066690801
260.801342,262659,262.654,2194,3808.627038,3.808627038,4141.354626,-0.080342694
260.802145,262709,262.704,2193,3804.88959,3.80488959,4141.354626,-0.081245164
260.852212,262759,262.754,2185,3775.13089,3.77513089,4141.354626,-0.088430905
260.947337,262809,262.804,2199,3827.373418,3.827373418,4141.354626,-0.075816064
260.952256,262859,262.854,2196,3816.113744,3.816113744,4141.354626,-0.078534902
261.050844,262909,262.904,2206,3853.785071,3.853785071,4141.354626,-0.069438524
261.052175,262959,262.954,2212,3876.579926,3.876579926,4141.354626,-0.063934322
261.102189,263009,263.004,2220,3907.2,3.9072,4141.354626,-0.056540588
261.191748,263059,263.054,2218,3899.520511,3.899520511,4141.354626,-0.05839493
261.20225,263109,263.104,2225,3926.470588,3.926470588,4141.354626,-0.051887379
261.305157,263159,263.154,2219,3903.358209,3.903358209,4141.354626,-0.057468253
261.401877,263209,263.204,2203,3842.44186,3.84244186,4141.354626,-0.072177534
261.402099,263259,263.254,2205,3850.0,3.85,4141.354626,-0.070352494
261.402296,263309,263.304,2204,3846.218932,3.846218932,4141.354626,-0.071265497
261.452224,263359,263.354,2216,3891.857371,3.891857371,4141.354626,-0.060245325
261.548096,263409,263.404,2212,3876.579926,3.876579926,4141.354626,-0.063934322
261.552274,263459,263.454,2206,3853.785071,3.853785071,4141.354626,-0.069438524
261.641552,263509,263.504,2189,3789.979014,3.789979014,4141.354626,-0.084845574
261.652199,263559,263.554,2191,3797.426471,3.797426471,4141.354626,-0.08304726
261.70227,263609,263.604,2199,3827.373418,3.827373418,4141.354626,-0.075816064
261.805713,263659,263.654,2215,3888.031915,3.888031915,4141.354626,-0.061169046
261.901815,263709,263.704,2231,3949.73176,3.94973176,4141.354626,-0.046270576
261.902034,263759,263.754,2216,3891.857371,3.891857371,4141.354626,-0.060245325
261.902231,263809,263.804,2207,3857.574153,3.857574153,4141.354626,-0.068523587
261.952228,263859,263.854,2212,3876.579926,3.876579926,4141.354626,-0.063934322
262.051254,263909,263.904,2190,3793.700787,3.793700787,4141.354626,-0.083946889
262.052137,263959,263.954,2195,3812.368421,3.812368421,4141.354626,-0.079439274
262.102232,264009,264.004,2205,3850.0,3.85,4141.354626,-0.070352494
262.191776,264059,264.054,2198,3823.616236,3.823616236,4141.354626,-0.076723299
262.202239,264109,264.104,2216,3891.857371,3.891857371,4141.354626,-0.060245325
262.306082,264159,264.154,2211,3872.770701,3.872770701,4141.354626,-0.064854124
262.402349,264209,264.204,2218,3899.520511,3.899520511,4141.354626,-0.05839493
262.402568,264259,264.254,2209,3865.164369,3.865164369,4141.354626,-0.066690801
262.402766,264309,264.304,2225,3926.470588,3.926470588,4141.354626,-0.051887379
262.452278,264359,264.354,2226,3930.337079,3.930337079,4141.354626,-0.05095375
262.548515,264409,264.404,2214,3884.210526,3.884210526,4141.354626,-0.062091785
262.552209,264459,264.454,2211,3872.770701,3.872770701,4141.354626,-0.064854124
262.602252,264509,264.504,2193,3804.88959,3.80488959,4141.354626,-0.081245164
262.698903,264559,264.554,2203,3842.44186,3.84244186,4141.354626,-0.072177534
262.702236,264609,264.604,2216,3891.857371,3.891857371,4141.354626,-0.060245325
262.752223,264659,264.654,2200,3831.134565,3.831134565,4141.354626,-0.074907872
262.840898,264709,264.704,2190,3793.700787,3.793700787,4141.354626,-0.083946889
262.852247,264759,264.754,2190,3793.700787,3.793700787,4141.354626,-0.083946889
262.955829,264809,264.804,2193,3804.88959,3.80488959,4141.354626,-0.081245164
263.056319,264859,264.854,2209,3865.164369,3.865164369,4141.354626,-0.066690801
263.148356,264909,264.904,2229,3941.961415,3.941961415,4141.354626,-0.048146857
263.148581,264959,264.954,2213,3880.393199,3.880393199,4141.354626,-0.063013543
263.148783,265009,265.004,2207,3857.574153,3.857574153,4141.354626,-0.068523587
263.152206,265059,265.054,2211,3872.770701,3.872770701,4141.354626,-0.064854124
263.202246,265109,265.104,2202,3838.66878,3.83866878,4141.354626,-0.073088608
263.299875,265159,265.154,2198,3823.616236,3.823616236,4141.354626,-0.076723299
263.302209,265209,265.204,2208,3861.36725,3.86136725,4141.354626,-0.067607679
263.352204,265259,265.254,2205,3850.0,3.85,4141.354626,-0.070352494
263.450896,265309,265.304,2212,3876.579926,3.876579926,4141.354626,-0.063934322
263.452215,265359,265.354,2211,3872.770701,3.872770701,4141.354626,-0.064854124
263.557863,265409,265.404,2219,3903.358209,3.903358209,4141.354626,-0.057468253
263.653629,265459,265.454,2223,3918.75,3.91875,4141.354626,-0.053751645
263.65385,265509,265.504,2225,3926.470588,3.926470588,4141.354626,-0.051887379
263.654048,265559,265.554,2224,3922.608231,3.922608231,4141.354626,-0.05282001
263.702227,265609,265.604,2213,3880.393199,3.880393199,4141.354626,-0.063013543
263.797804,265659,265.654,2219,3903.358209,3.903358209,4141.354626,-0.057468253
263.802193,265709,265.704,2206,3853.785071,3.853785071,4141.354626,-0.069438524
263.852178,265759,265.754,2202,3838.66878,3.83866878,4141.354626,-0.073088608
263.940684,265809,265.804,2212,3876.579926,3.876579926,4141.354626,-0.063934322
263.952211,265859,265.854,2207,3857.574153,3.857574153,4141.354626,-0.068523587
264.057048,265909,265.904,2203,3842.44186,3.84244186,4141.354626,-0.072177534
264.153613,265959,265.954,2187,3782.54717,3.78254717,4141.354626,-0.086640119
264.153836,266009,266.004,2185,3775.13089,3.77513089,4141.354626,-0.088430905
264.154035,266059,266.054,2194,3808.627038,3.808627038,4141.354626,-0.080342694
264.202189,266109,266.104,2218,3899.520511,3.899520511,4141.354626,-0.05839493
264.298951,266159,266.154,2228,3938.082485,3.938082485,4141.354626,-0.04908349
264.302126,266209,266.204,2209,3865.164369,3.865164369,4141.354626,-0.066690801
264.352269,266259,266.254,2211,3872.770701,3.872770701,4141.354626,-0.064854124
264.441834,266309,266.304,2203,3842.44186,3.84244186,4141.354626,-0.072177534
264.452233,266359,266.354,2198,3823.616236,3.823616236,4141.354626,-0.076723299
264.502193,266409,266.404,2191,3797.426471,3.797426471,4141.354626,-0.08304726
264.606032,266459,266.454,2203,3842.44186,3.84244186,4141.354626,-0.072177534
264.702146,266509,266.504,2215,3888.031915,3.888031915,4141.354626,-0.061169046
264.702367,266559,266.554,2209,3865.164369,3.865164369,4141.354626,-0.066690801
264.702566,266609,266.604,2202,3838.66878,3.83866878,4141.354626,-0.073088608
264.75222,266659,266.654,2225,3926.470588,3.926470588,4141.354626,-0.051887379
264.848475,266709,266.704,2226,3930.337079,3.930337079,4141.354626,-0.05095375
264.852156,266759,266.754,2220,3907.2,3.9072,4141.354626,-0.056540588
264.902213,266809,266.804,2226,3930.337079,3.930337079,4141.354626,-0.05095375
264.993818,266859,266.854,2211,3872.770701,3.872770701,4141.354626,-0.064854124
265.002176,266909,266.904,2204,3846.218932,3.846218932,4141.354626,-0.071265497
265.052177,266959,266.954,2196,3816.113744,3.816113744,4141.354626,-0.078534902
265.158893,267009,267.004,2189,3789.979014,3.789979014,4141.354626,-0.084845574
265.256973,267059,267.054,2192,3801.156069,3.801156069,4141.354626,-0.082146686
265.257193,267109,267.104,2202,3838.66878,3.83866878,4141.354626,-0.073088608
265.257391,267159,267.154,2185,3775.13089,3.77513089,4141.354626,-0.088430905
265.302189,267209,267.204,2188,3786.261143,3.786261143,4141.354626,-0.085743317
265.399599,267259,267.254,2193,3804.88959,3.80488959,4141.354626,-0.081245164
265.402151,267309,267.304,2222,3914.895889,3.914895889,4141.354626,-0.054682286
265.452223,267359,267.354,2233,3957.518797,3.957518797,4141.354626,-0.044390265
265.543149,267409,267.404,2218,3899.520511,3.899520511,4141.354626,-0.05839493
265.552231,267459,267.454,2211,3872.770701,3.872770701,4141.354626,-0.064854124
265.656964,267509,267.504,2201,3834.899683,3.834899683,4141.354626,-0.07399872
265.754504,267559,267.554,2198,3823.616236,3.823616236,4141.354626,-0.076723299
265.754724,267609,267.604,2185,3775.13089,3.77513089,4141.354626,-0.088430905
265.754923,267659,267.654,2207,3857.574153,3.857574153,4141.354626,-0.068523587
265.802235,267709,267.704,2180,3756.657963,3.756657963,4141.354626,-0.092891505
265.900612,267759,267.754,2211,3872.770701,3.872770701,4141.354626,-0.064854124
265.902155,267809,267.804,2205,3850.0,3.85,4141.354626,-0.070352494
265.952218,267859,267.854,2214,3884.210526,3.884210526,4141.354626,-0.062091785
266.048947,267909,267.904,2222,3914.895889,3.914895889,4141.354626,-0.054682286
266.052207,267959,267.954,2226,3930.337079,3.930337079,4141.354626,-0.05095375
266.102176,268009,268.004,2230,3945.844504,3.945844504,4141.354626,-0.04720922
266.208851,268059,268.054,2222,3914.895889,3.914895889,4141.354626,-0.054682286
266.307289,268109,268.104,2222,3914.895889,3.914895889,4141.354626,-0.054682286
266.307511,268159,268.154,2208,3861.36725,3.86136725,4141.354626,-0.067607679
266.30771,268209,268.204,2211,3872.770701,3.872770701,4141.354626,-0.064854124
266.352154,268259,268.254,2198,3823.616236,3.823616236,4141.354626,-0.076723299
266.44939,268309,268.304,2200,3831.134565,3.831134565,4141.354626,-0.074907872
266.452101,268359,268.354,2191,3797.426471,3.797426471,4141.354626,-0.08304726
266.502223,268409,268.404,2185,3775.13089,3.77513089,4141.354626,-0.088430905
266.593987,268459,268.454,2182,3764.035546,3.764035546,4141.354626,-0.091110063
266.602206,268509,268.504,2196,3816.113744,3.816113744,4141.354626,-0.078534902
266.652217,268559,268.554,2226,3930.337079,3.930337079,4141.354626,-0.05095375
266.757232,268609,268.604,2205,3850.0,3.85,4141.354626,-0.070352494
266.855227,268659,268.654,2210,3868.965517,3.868965517,4141.354626,-0.065772949
266.855448,268709,268.704,2208,3861.36725,3.86136725,4141.354626,-0.067607679
266.855646,268759,268.754,2194,3808.627038,3.808627038,4141.354626,-0.080342694
266.902215,268809,268.804,2198,3823.616236,3.823616236,4141.354626,-0.076723299
267.000459,268859,268.854,2197,3819.863014,3.819863014,4141.354626,-0.077629578
267.002161,268909,268.904,2208,3861.36725,3.86136725,4141.354626,-0.067607679
267.052189,268959,268.954,2213,3880.393199,3.880393199,4141.354626,-0.063013543
267.144333,269009,269.004,2218,3899.520511,3.899520511,4141.354626,-0.05839493
267.1522,269059,269.054,2220,3907.2,3.9072,4141.354626,-0.056540588
267.202224,269109,269.104,2242,3992.768484,3.992768484,4141.354626,-0.035878633
267.307638,269159,269.154,2213,3880.393199,3.880393199,4141.354626,-0.063013543
267.40683,269209,269.204,2236,3969.230769,3.969230769,4141.354626,-0.041562211
267.40705,269259,269.254,2218,3899.520511,3.899520511,4141.354626,-0.05839493
267.407245,269309,269.304,2213,3880.393199,3.880393199,4141.354626,-0.063013543
267.452218,269359,269.354,2200,3831.134565,3.831134565,4141.354626,-0.074907872
267.550422,269409,269.404,2210,3868.965517,3.868965517,4141.354626,-0.065772949
267.552141,269459,269.454,2208,3861.36725,3.86136725,4141.354626,-0.067607679
267.602208,269509,269.504,2213,3880.393199,3.880393199,4141.354626,-0.063013543
267.692777,269559,269.554,2204,3846.218932,3.846218932,4141.354626,-0.071265497
267.702213,269609,269.604,2187,3782.54717,3.78254717,4141.354626,-0.086640119
267.807283,269659,269.654,2181,3760.344828,3.760344828,4141.354626,-0.092001249
267.904853,269709,269.704,2200,3831.134565,3.831134565,4141.354626,-0.074907872
267.905073,269759,269.754,2196,3816.113744,3.816113744,4141.354626,-0.078534902
267.905271,269809,269.804,2228,3938.082485,3.938082485,4141.354626,-0.04908349
267.952217,269859,269.854,2220,3907.2,3.9072,4141.354626,-0.056540588
268.054767,269909,269.904,2206,3853.785071,3.853785071,4141.354626,-0.069438524
268.147481,269959,269.954,2196,3816.113744,3.816113744,4141.354626,-0.078534902
268.147693,270009,270.004,2197,3819.863014,3.819863014,4141.354626,-0.077629578
268.152212,270059,270.054,2192,3801.156069,3.801156069,4141.354626,-0.082146686
268.202213,270109,270.104,2194,3808.627038,3.808627038,4141.354626,-0.080342694
268.301321,270159,270.154,2205,3850.0,3.85,4141.354626,-0.070352494
268.302221,270209,270.204,2210,3868.965517,3.868965517,4141.354626,-0.065772949
268.407247,270259,270.254,2213,3880.393199,3.880393199,4141.354626,-0.063013543
268.506211,270309,270.304,2222,3914.895889,3.914895889,4141.354626,-0.054682286
268.506429,270359,270.354,2228,3938.082485,3.938082485,4141.354626,-0.04908349
268.506627,270409,270.404,2238,3977.059774,3.977059774,4141.354626,-0.039671766
268.552203,270459,270.454,2228,3938.082485,3.938082485,4141.354626,-0.04908349
268.642756,270509,270.504,2225,3926.470588,3.926470588,4141.354626,-0.051887379
268.652209,270559,270.554,2207,3857.574153,3.857574153,4141.354626,-0.068523587
268.75076,270609,270.604,2205,3850.0,3.85,4141.354626,-0.070352494
268.75222,270659,270.654,2214,3884.210526,3.884210526,4141.354626,-0.062091785
268.856807,270709,270.704,2201,3834.899683,3.834899683,4141.354626,-0.07399872
268.955689,270759,270.754,2202,3838.66878,3.83866878,4141.354626,-0.073088608
268.955907,270809,270.804,2188,3786.261143,3.786261143,4141.354626,-0.085743317
268.956103,270859,270.854,2179,3752.974948,3.752974948,4141.354626,-0.093780831
269.002185,270909,270.904,2189,3789.979014,3.789979014,4141.354626,-0.084845574
269.101593,270959,270.954,2216,3891.857371,3.891857371,4141.354626,-0.060245325
269.102167,271009,271.004,2237,3973.143165,3.973143165,4141.354626,-0.040617497
269.152165,271059,271.054,2222,3914.895889,3.914895889,4141.354626,-0.054682286
269.250601,271109,271.104,2213,3880.393199,3.880393199,4141.354626,-0.063013543
269.252141,271159,271.154,2200,3831.134565,3.831134565,4141.354626,-0.074907872
269.302217,271209,271.204,2204,3846.218932,3.846218932,4141.354626,-0.071265497
269.392936,271259,271.254,2186,3778.837087,3.778837087,4141.354626,-0.087535981
269.402205,271309,271.304,2205,3850.0,3.85,4141.354626,-0.070352494
269.452234,271359,271.354,2200,3831.134565,3.831134565,4141.354626,-0.074907872
269.558576,271409,271.404,2210,3868.965517,3.868965517,4141.354626,-0.065772949
269.656471,271459,271.454,2212,3876.579926,3.876579926,4141.354626,-0.063934322
269.656689,271509,271.504,2219,3903.358209,3.903358209,4141.354626,-0.057468253
269.656885,271559,271.554,2224,3922.608231,3.922608231,4141.354626,-0.05282001
269.702192,271609,271.604,2226,3930.337079,3.930337079,4141.354626,-0.05095375
269.799808,271659,271.654,2228,3938.082485,3.938082485,4141.354626,-0.04908349
269.802127,271709,271.704,2215,3888.031915,3.888031915,4141.354626,-0.061169046
269.852229,271759,271.754,2199,3827.373418,3.827373418,4141.354626,-0.075816064
269.942481,271809,271.804,2198,3823.616236,3.823616236,4141.354626,-0.076723299
269.952236,271859,271.854,2192,3801.156069,3.801156069,4141.354626,-0.082146686
270.059725,271909,271.904,2204,3846.218932,3.846218932,4141.354626,-0.071265497
270.158496,271959,271.954,2214,3884.210526,3.884210526,4141.354626,-0.062091785
270.158718,272009,272.004,2183,3767.730126,3.767730126,4141.354626,-0.090217944
270.158916,272059,272.054,2177,3745.620438,3.745620438,4141.354626,-0.095556701
270.202184,272109,272.104,2187,3782.54717,3.78254717,4141.354626,-0.086640119
270.299937,272159,272.154,2200,3831.134565,3.831134565,4141.354626,-0.074907872
270.302126,272209,272.204,2231,3949.73176,3.94973176,4141.354626,-0.046270576
270.352218,272259,272.254,2217,3895.686901,3.895686901,4141.354626,-0.05932062
270.442352,272309,272.304,2207,3857.574153,3.857574153,4141.354626,-0.068523587
270.452252,272359,272.354,2205,3850.0,3.85,4141.354626,-0.070352494
270.560034,272409,272.404,2195,3812.368421,3.812368421,4141.354626,-0.079439274
270.658878,272459,272.454,2197,3819.863014,3.819863014,4141.354626,-0.077629578
270.6591,272509,272.504,2194,3808.627038,3.808627038,4141.354626,-0.080342694
270.6593,272559,272.554,2205,3850.0,3.85,4141.354626,-0.070352494
270.702211,272609,272.604,2213,3880.393199,3.880393199,4141.354626,-0.063013543
270.799865,272659,272.654,2215,3888.031915,3.888031915,4141.354626,-0.061169046
270.80213,272709,272.704,2213,3880.393199,3.880393199,4141.354626,-0.063013543
270.852213,272759,272.754,2215,3888.031915,3.888031915,4141.354626,-0.061169046
270.94958,272809,272.804,2228,3938.082485,3.938082485,4141.354626,-0.04908349
270.952131,272859,272.854,2230,3945.844504,3.945844504,4141.354626,-0.04720922
271.00216,272909,272.904,2207,3857.574153,3.857574153,4141.354626,-0.068523587
271.09416,272959,272.954,2205,3850.0,3.85,4141.354626,-0.070352494
271.102198,273009,273.004,2200,3831.134565,3.831134565,4141.354626,-0.074907872
271.207661,273059,273.054,2201,3834.899683,3.834899683,4141.354626,-0.07399872
271.305352,273109,273.104,2201,3834.899683,3.834899683,4141.354626,-0.07399872
271.305573,273159,273.154,2194,3808.627038,3.808627038,4141.354626,-0.080342694
271.305773,273209,273.204,2201,3834.899683,3.834899683,4141.354626,-0.07399872
271.352207,273259,273.254,2183,3767.730126,3.767730126,4141.354626,-0.090217944
271.449526,273309,273.304,2169,3716.35514,3.71635514,4141.354626,-0.102623302
271.452216,273359,273.354,2198,3823.616236,3.823616236,4141.354626,-0.076723299
271.544674,273409,273.404,2206,3853.785071,3.853785071,4141.354626,-0.069438524
271.552206,273459,273.454,2229,3941.961415,3.941961415,4141.354626,-0.048146857
271.602192,273509,273.504,2202,3838.66878,3.83866878,4141.354626,-0.073088608
271.707343,273559,273.554,2203,3842.44186,3.84244186,4141.354626,-0.072177534
271.804914,273609,273.604,2199,3827.373418,3.827373418,4141.354626,-0.075816064
271.805137,273659,273.654,2194,3808.627038,3.808627038,4141.354626,-0.080342694
271.805336,273709,273.704,2195,3812.368421,3.812368421,4141.354626,-0.079439274
271.852218,273759,273.754,2202,3838.66878,3.83866878,4141.354626,-0.073088608
271.949976,273809,273.804,2209,3865.164369,3.865164369,4141.354626,-0.066690801
271.9521,273859,273.854,2217,3895.686901,3.895686901,4141.354626,-0.05932062
272.002203,273909,273.904,2211,3872.770701,3.872770701,4141.354626,-0.064854124
272.094624,273959,273.954,2212,3876.579926,3.876579926,4141.354626,-0.063934322
272.102221,274009,274.004,2213,3880.393199,3.880393199,4141.354626,-0.063013543
272.207828,274059,274.054,2226,3930.337079,3.930337079,4141.354626,-0.05095375
272.305766,274109,274.104,2214,3884.210526,3.884210526,4141.354626,-0.062091785
272.305988,274159,274.154,2207,3857.574153,3.857574153,4141.354626,-0.068523587
272.306187,274209,274.204,2199,3827.373418,3.827373418,4141.354626,-0.075816064
272.352223,274259,274.254,2198,3823.616236,3.823616236,4141.354626,-0.076723299
272.449868,274309,274.304,2205,3850.0,3.85,4141.354626,-0.070352494
272.452147,274359,274.354,2208,3861.36725,3.86136725,4141.354626,-0.067607679
272.502212,274409,274.404,2205,3850.0,3.85,4141.354626,-0.070352494
272.599931,274459,274.454,2186,3778.837087,3.778837087,4141.354626,-0.087535981
272.602179,274509,274.504,2189,3789.979014,3.789979014,4141.354626,-0.084845574
272.652199,274559,274.554,2192,3801.156069,3.801156069,4141.354626,-0.082146686
272.741871,274609,274.604,2210,3868.965517,3.868965517,4141.354626,-0.065772949
272.752206,274659,274.654,2239,3980.980603,3.980980603,4141.354626,-0.038725016
272.856826,274709,274.704,2216,3891.857371,3.891857371,4141.354626,-0.060245325
272.954246,274759,274.754,2220,3907.2,3.9072,4141.354626,-0.056540588
272.954468,274809,274.804,2197,3819.863014,3.819863014,4141.354626,-0.077629578
272.954666,274859,274.854,2208,3861.36725,3.86136725,4141.354626,-0.067607679
273.00219,274909,274.904,2182,3764.035546,3.764035546,4141.354626,-0.091110063
273.101639,274959,274.954,2191,3797.426471,3.797426471,4141.354626,-0.08304726
273.102121,275009,275.004,2197,3819.863014,3.819863014,4141.354626,-0.077629578
273.152177,275059,275.054,2216,3891.857371,3.891857371,4141.354626,-0.060245325
273.242053,275109,275.104,2210,3868.965517,3.868965517,4141.354626,-0.065772949
273.252206,275159,275.154,2217,3895.686901,3.895686901,4141.354626,-0.05932062
273.356319,275209,275.204,2223,3918.75,3.91875,4141.354626,-0.053751645
273.446959,275259,275.254,2220,3907.2,3.9072,4141.354626,-0.056540588
273.447181,275309,275.304,2221,3911.045891,3.911045891,4141.354626,-0.055611933
273.452193,275359,275.354,2230,3945.844504,3.945844504,4141.354626,-0.04720922
273.502197,275409,275.404,2198,3823.616236,3.823616236,4141.354626,-0.076723299
273.606208,275459,275.454,2195,3812.368421,3.812368421,4141.354626,-0.079439274
273.696152,275509,275.504,2197,3819.863014,3.819863014,4141.354626,-0.077629578
273.696367,275559,275.554,2199,3827.373418,3.827373418,4141.354626,-0.075816064
273.702089,275609,275.604,2194,3808.627038,3.808627038,4141.354626,-0.080342694
273.752153,275659,275.654,2190,3793.700787,3.793700787,4141.354626,-0.083946889
273.869229,275709,275.704,2189,3789.979014,3.789979014,4141.354626,-0.084845574
273.970344,275759,275.754,2183,3767.730126,3.767730126,4141.354626,-0.090217944
274.070152,275809,275.804,2198,3823.616236,3.823616236,4141.354626,-0.076723299
274.070372,275859,275.854,2214,3884.210526,3.884210526,4141.354626,-0.062091785
274.170986,275909,275.904,2202,3838.66878,3.83866878,4141.354626,-0.073088608
274.26259,275959,275.954,2210,3868.965517,3.868965517,4141.354626,-0.065772949
274.262804,276009,276.004,2198,3823.616236,3.823616236,4141.354626,-0.076723299
274.263014,276059,276.054,2194,3808.627038,3.808627038,4141.354626,-0.080342694
274.263208,276109,276.104,2200,3831.134565,3.831134565,4141.354626,-0.074907872
274.263408,276159,276.154,2193,3804.88959,3.80488959,4141.354626,-0.081245164
274.302186,276209,276.204,2212,3876.579926,3.876579926,4141.354626,-0.063934322
274.406761,276259,276.254,2215,3888.031915,3.888031915,4141.354626,-0.061169046
274.503968,276309,276.304,2229,3941.961415,3.941961415,4141.354626,-0.048146857
274.50419,276359,276.354,2209,3865.164369,3.865164369,4141.354626,-0.066690801
274.504387,276409,276.404,2219,3903.358209,3.903358209,4141.354626,-0.057468253
274.552144,276459,276.454,2228,3938.082485,3.938082485,4141.354626,-0.04908349
274.649995,276509,276.504,2221,3911.045891,3.911045891,4141.354626,-0.055611933
274.652116,276559,276.554,2205,3850.0,3.85,4141.354626,-0.070352494
274.702158,276609,276.604,2204,3846.218932,3.846218932,4141.354626,-0.071265497
274.792794,276659,276.654,2193,3804.88959,3.80488959,4141.354626,-0.081245164
274.802203,276709,276.704,2199,3827.373418,3.827373418,4141.354626,-0.075816064
274.908429,276759,276.754,2196,3816.113744,3.816113744,4141.354626,-0.078534902
275.010149,276809,276.804,2201,3834.899683,3.834899683,4141.354626,-0.07399872
275.109306,276859,276.854,2189,3789.979014,3.789979014,4141.354626,-0.084845574
275.109605,276909,276.904,2176,3741.948932,3.741948932,4141.354626,-0.096443249
275.109805,276959,276.954,2188,3786.261143,3.786261143,4141.354626,-0.085743317
275.110002,277009,277.004,2213,3880.393199,3.880393199,4141.354626,-0.063013543
275.152145,277059,277.054,2211,3872.770701,3.872770701,4141.354626,-0.064854124
275.252781,277109,277.104,2225,3926.470588,3.926470588,4141.354626,-0.051887379
275.346534,277159,277.154,2217,3895.686901,3.895686901,4141.354626,-0.05932062
275.346743,277209,277.204,2204,3846.218932,3.846218932,4141.354626,-0.071265497
275.352186,277259,277.254,2206,3853.785071,3.853785071,4141.354626,-0.069438524
275.402186,277309,277.304,2192,3801.156069,3.801156069,4141.354626,-0.082146686
275.510164,277359,277.354,2196,3816.113744,3.816113744,4141.354626,-0.078534902
275.608837,277409,277.404,2198,3823.616236,3.823616236,4141.354626,-0.076723299
275.609056,277459,277.454,2202,3838.66878,3.83866878,4141.354626,-0.073088608
275.609252,277509,277.504,2215,3888.031915,3.888031915,4141.354626,-0.061169046
275.652178,277559,277.554,2218,3899.520511,3.899520511,4141.354626,-0.05839493
275.750796,277609,277.604,2216,3891.857371,3.891857371,4141.354626,-0.060245325
275.752089,277659,277.654,2224,3922.608231,3.922608231,4141.354626,-0.05282001
275.802189,277709,277.704,2226,3930.337079,3.930337079,4141.354626,-0.05095375
275.893802,277759,277.754,2213,3880.393199,3.880393199,4141.354626,-0.063013543
275.902153,277809,277.804,2210,3868.965517,3.868965517,4141.354626,-0.065772949
275.95214,277859,277.854,2198,3823.616236,3.823616236,4141.354626,-0.076723299
276.059642,277909,277.904,2196,3816.113744,3.816113744,4141.354626,-0.078534902
276.159929,277959,277.954,2197,3819.863014,3.819863014,4141.354626,-0.077629578
276.260514,278009,278.004,2197,3819.863014,3.819863014,4141.354626,-0.077629578
276.359112,278059,278.054,2195,3812.368421,3.812368421,4141.354626,-0.079439274
276.359331,278109,278.104,2192,3801.156069,3.801156069,4141.354626,-0.082146686
276.359529,278159,278.154,2186,3778.837087,3.778837087,4141.354626,-0.087535981
276.359726,278209,278.204,2195,3812.368421,3.812368421,4141.354626,-0.079439274
276.359921,278259,278.254,2204,3846.218932,3.846218932,4141.354626,-0.071265497
276.402229,278309,278.304,2234,3961.418592,3.961418592,4141.354626,-0.043448593
276.493428,278359,278.354,2208,3861.36725,3.86136725,4141.354626,-0.067607679
276.502146,278409,278.404,2213,3880.393199,3.880393199,4141.354626,-0.063013543
276.552168,278459,278.454,2196,3816.113744,3.816113744,4141.354626,-0.078534902
276.657878,278509,278.504,2195,3812.368421,3.812368421,4141.354626,-0.079439274
276.756549,278559,278.554,2195,3812.368421,3.812368421,4141.354626,-0.079439274
276.75677,278609,278.604,2188,3786.261143,3.786261143,4141.354626,-0.085743317
276.756967,278659,278.654,2199,3827.373418,3.827373418,4141.354626,-0.075816064
276.802193,278709,278.704,2217,3895.686901,3.895686901,4141.354626,-0.05932062
276.900242,278759,278.754,2212,3876.579926,3.876579926,4141.354626,-0.063934322
276.902201,278809,278.804,2220,3907.2,3.9072,4141.354626,-0.056540588
276.994529,278859,278.854,2218,3899.520511,3.899520511,4141.354626,-0.05839493
277.002184,278909,278.904,2236,3969.230769,3.969230769,4141.354626,-0.041562211
277.052163,278959,278.954,2223,3918.75,3.91875,4141.354626,-0.053751645
277.159082,279009,279.004,2215,3888.031915,3.888031915,4141.354626,-0.061169046
277.257863,279059,279.054,2198,3823.616236,3.823616236,4141.354626,-0.076723299
277.258081,279109,279.104,2198,3823.616236,3.823616236,4141.354626,-0.076723299
277.258277,279159,279.154,2192,3801.156069,3.801156069,4141.354626,-0.082146686
277.302184,279209,279.204,2198,3823.616236,3.823616236,4141.354626,-0.076723299
277.39983,279259,279.254,2192,3801.156069,3.801156069,4141.354626,-0.082146686
277.402176,279309,279.304,2192,3801.156069,3.801156069,4141.354626,-0.082146686
277.452186,279359,279.354,2188,3786.261143,3.786261143,4141.354626,-0.085743317
277.54321,279409,279.404,2189,3789.979014,3.789979014,4141.354626,-0.084845574
277.552181,279459,279.454,2210,3868.965517,3.868965517,4141.354626,-0.065772949
277.602165,279509,279.504,2213,3880.393199,3.880393199,4141.354626,-0.063013543
277.706863,279559,279.554,2198,3823.616236,3.823616236,4141.354626,-0.076723299
277.804697,279609,279.604,2199,3827.373418,3.827373418,4141.354626,-0.075816064
277.804918,279659,279.654,2203,3842.44186,3.84244186,4141.354626,-0.072177534
277.805118,279709,279.704,2192,3801.156069,3.801156069,4141.354626,-0.082146686
277.852155,279759,279.754,2197,3819.863014,3.819863014,4141.354626,-0.077629578
277.949399,279809,279.804,2199,3827.373418,3.827373418,4141.354626,-0.075816064
277.952108,279859,279.854,2207,3857.574153,3.857574153,4141.354626,-0.068523587
278.053666,279909,279.904,2192,3801.156069,3.801156069,4141.354626,-0.082146686
278.146754,279959,279.954,2224,3922.608231,3.922608231,4141.354626,-0.05282001
278.146966,280009,280.004,2208,3861.36725,3.86136725,4141.354626,-0.067607679
278.152208,280059,280.054,2219,3903.358209,3.903358209,4141.354626,-0.057468253
278.202179,280109,280.104,2222,3914.895889,3.914895889,4141.354626,-0.054682286
278.308597,280159,280.154,2225,3926.470588,3.926470588,4141.354626,-0.051887379
278.406349,280209,280.204,2216,3891.857371,3.891857371,4141.354626,-0.060245325
278.406566,280259,280.254,2202,3838.66878,3.83866878,4141.354626,-0.073088608
278.406764,280309,280.304,2197,3819.863014,3.819863014,4141.354626,-0.077629578
278.452146,280359,280.354,2199,3827.373418,3.827373418,4141.354626,-0.075816064
278.543075,280409,280.404,2197,3819.863014,3.819863014,4141.354626,-0.077629578
278.552194,280459,280.454,2193,3804.88959,3.80488959,4141.354626,-0.081245164
278.649934,280509,280.504,2201,3834.899683,3.834899683,4141.354626,-0.07399872
278.652182,280559,280.554,2193,3804.88959,3.80488959,4141.354626,-0.081245164
278.702206,280609,280.604,2198,3823.616236,3.823616236,4141.354626,-0.076723299
278.800288,280659,280.654,2201,3834.899683,3.834899683,4141.354626,-0.07399872
278.802203,280709,280.704,2209,3865.164369,3.865164369,4141.354626,-0.066690801
278.852146,280759,280.754,2211,3872.770701,3.872770701,4141.354626,-0.064854124
278.957029,280809,280.804,2211,3872.770701,3.872770701,4141.354626,-0.064854124
279.056337,280859,280.854,2200,3831.134565,3.831134565,4141.354626,-0.074907872
279.056642,280909,280.904,2195,3812.368421,3.812368421,4141.354626,-0.079439274
279.05684,280959,280.954,2195,3812.368421,3.812368421,4141.354626,-0.079439274
279.102199,281009,281.004,2198,3823.616236,3.823616236,4141.354626,-0.076723299
279.194621,281059,281.054,2192,3801.156069,3.801156069,4141.354626,-0.082146686
279.202179,281109,281.104,2200,3831.134565,3.831134565,4141.354626,-0.074907872
279.252183,281159,281.154,2210,3868.965517,3.868965517,4141.354626,-0.065772949
279.357986,281209,281.204,2207,3857.574153,3.857574153,4141.354626,-0.068523587
279.456607,281259,281.254,2233,3957.518797,3.957518797,4141.354626,-0.044390265
279.456826,281309,281.304,2221,3911.045891,3.911045891,4141.354626,-0.055611933
279.457024,281359,281.354,2226,3930.337079,3.930337079,4141.354626,-0.05095375
279.502177,281409,281.404,2222,3914.895889,3.914895889,4141.354626,-0.054682286
279.601242,281459,281.454,2210,3868.965517,3.868965517,4141.354626,-0.065772949
279.602093,281509,281.504,2202,3838.66878,3.83866878,4141.354626,-0.073088608
279.652159,281559,281.554,2200,3831.134565,3.831134565,4141.354626,-0.074907872
279.743063,281609,281.604,2193,3804.88959,3.80488959,4141.354626,-0.081245164
279.752175,281659,281.654,2199,3827.373418,3.827373418,4141.354626,-0.075816064
279.857232,281709,281.704,2199,3827.373418,3.827373418,4141.354626,-0.075816064
279.955196,281759,281.754,2195,3812.368421,3.812368421,4141.354626,-0.079439274
279.955415,281809,281.804,2183,3767.730126,3.767730126,4141.354626,-0.090217944
279.955612,281859,281.854,2190,3793.700787,3.793700787,4141.354626,-0.083946889
280.002194,281909,281.904,2206,3853.785071,3.853785071,4141.354626,-0.069438524
280.102138,281959,281.954,2229,3941.961415,3.941961415,4141.354626,-0.048146857
280.10236,282009,282.004,2209,3865.164369,3.865164369,4141.354626,-0.066690801
280.204097,282059,282.054,2205,3850.0,3.85,4141.354626,-0.070352494
280.296146,282109,282.104,2194,3808.627038,3.808627038,4141.354626,-0.080342694
280.296379,282159,282.154,2190,3793.700787,3.793700787,4141.354626,-0.083946889
280.302154,282209,282.204,2191,3797.426471,3.797426471,4141.354626,-0.08304726
280.352183,282259,282.254,2192,3801.156069,3.801156069,4141.354626,-0.082146686
280.457931,282309,282.304,2198,3823.616236,3.823616236,4141.354626,-0.076723299
280.557696,282359,282.354,2210,3868.965517,3.868965517,4141.354626,-0.065772949
280.557917,282409,282.404,2204,3846.218932,3.846218932,4141.354626,-0.071265497
280.558114,282459,282.454,2220,3907.2,3.9072,4141.354626,-0.056540588
280.656358,282509,282.504,2226,3930.337079,3.930337079,4141.354626,-0.05095375
280.656579,282559,282.554,2228,3938.082485,3.938082485,4141.354626,-0.04908349
280.702184,282609,282.604,2227,3934.207709,3.934207709,4141.354626,-0.050019121
280.800077,282659,282.654,2219,3903.358209,3.903358209,4141.354626,-0.057468253
280.80217,282709,282.704,2202,3838.66878,3.83866878,4141.354626,-0.073088608
280.85219,282759,282.754,2201,3834.899683,3.834899683,4141.354626,-0.07399872
280.943124,282809,282.804,2194,3808.627038,3.808627038,4141.354626,-0.080342694
280.952092,282859,282.854,2197,3819.863014,3.819863014,4141.354626,-0.077629578
281.002112,282909,282.904,2212,3876.579926,3.876579926,4141.354626,-0.063934322
281.109095,282959,282.954,2198,3823.616236,3.823616236,4141.354626,-0.076723299
281.207974,283009,283.004,2190,3793.700787,3.793700787,4141.354626,-0.083946889
281.208195,283059,283.054,2191,3797.426471,3.797426471,4141.354626,-0.08304726
281.208392,283109,283.104,2190,3793.700787,3.793700787,4141.354626,-0.083946889
281.252142,283159,283.154,2226,3930.337079,3.930337079,4141.354626,-0.05095375
281.350384,283209,283.204,2194,3808.627038,3.808627038,4141.354626,-0.080342694
281.352122,283259,283.254,2194,3808.627038,3.808627038,4141.354626,-0.080342694
281.402209,283309,283.304,2198,3823.616236,3.823616236,4141.354626,-0.076723299
281.493326,283359,283.354,2193,3804.88959,3.80488959,4141.354626,-0.081245164
281.502146,283409,283.404,2190,3793.700787,3.793700787,4141.354626,-0.083946889
281.552167,283459,283.454,2182,3764.035546,3.764035546,4141.354626,-0.091110063
281.657726,283509,283.504,2208,3861.36725,3.86136725,4141.354626,-0.067607679
281.755739,283559,283.554,2212,3876.579926,3.876579926,4141.354626,-0.063934322
281.755957,283609,283.604,2200,3831.134565,3.831134565,4141.354626,-0.074907872
281.756152,283659,283.654,2217,3895.686901,3.895686901,4141.354626,-0.05932062
281.802172,283709,283.704,2197,3819.863014,3.819863014,4141.354626,-0.077629578
281.900132,283759,283.754,2216,3891.857371,3.891857371,4141.354626,-0.060245325
281.902073,283809,283.804,2230,3945.844504,3.945844504,4141.354626,-0.04720922
281.952151,283859,283.854,2221,3911.045891,3.911045891,4141.354626,-0.055611933
282.048487,283909,283.904,2205,3850.0,3.85,4141.354626,-0.070352494
282.052167,283959,283.954,2201,3834.899683,3.834899683,4141.354626,-0.07399872
282.102158,284009,284.004,2200,3831.134565,3.831134565,4141.354626,-0.074907872
282.208559,284059,284.054,2198,3823.616236,3.823616236,4141.354626,-0.076723299
282.307449,284109,284.104,2208,3861.36725,3.86136725,4141.354626,-0.067607679
282.307668,284159,284.154,2194,3808.627038,3.808627038,4141.354626,-0.080342694
282.307864,284209,284.204,2199,3827.373418,3.827373418,4141.354626,-0.075816064
282.352152,284259,284.254,2192,3801.156069,3.801156069,4141.354626,-0.082146686
282.450165,284309,284.304,2213,3880.393199,3.880393199,4141.354626,-0.063013543
282.452147,284359,284.354,2211,3872.770701,3.872770701,4141.354626,-0.064854124
282.50218,284409,284.404,2229,3941.961415,3.941961415,4141.354626,-0.048146857
282.593535,284459,284.454,2229,3941.961415,3.941961415,4141.354626,-0.048146857
282.60219,284509,284.504,2198,3823.616236,3.823616236,4141.354626,-0.076723299
282.70755,284559,284.554,2192,3801.156069,3.801156069,4141.354626,-0.082146686
282.806121,284609,284.604,2191,3797.426471,3.797426471,4141.354626,-0.08304726
282.806341,284659,284.654,2200,3831.134565,3.831134565,4141.354626,-0.074907872
282.806537,284709,284.704,2189,3789.979014,3.789979014,4141.354626,-0.084845574
282.852172,284759,284.754,2200,3831.134565,3.831134565,4141.354626,-0.074907872
282.950143,284809,284.804,2211,3872.770701,3.872770701,4141.354626,-0.064854124
282.952099,284859,284.854,2210,3868.965517,3.868965517,4141.354626,-0.065772949
283.002163,284909,284.904,2212,3876.579926,3.876579926,4141.354626,-0.063934322
283.095554,284959,284.954,2226,3930.337079,3.930337079,4141.354626,-0.05095375
283.102116,285009,285.004,2230,3945.844504,3.945844504,4141.354626,-0.04720922
283.152117,285059,285.054,2227,3934.207709,3.934207709,4141.354626,-0.050019121
283.259124,285109,285.104,2213,3880.393199,3.880393199,4141.354626,-0.063013543
283.3573,285159,285.154,2204,3846.218932,3.846218932,4141.354626,-0.071265497
283.357519,285209,285.204,2203,3842.44186,3.84244186,4141.354626,-0.072177534
283.357716,285259,285.254,2202,3838.66878,3.83866878,4141.354626,-0.073088608
283.402167,285309,285.304,2200,3831.134565,3.831134565,4141.354626,-0.074907872
283.500589,285359,285.354,2203,3842.44186,3.84244186,4141.354626,-0.072177534
283.502103,285409,285.404,2196,3816.113744,3.816113744,4141.354626,-0.078534902
283.552191,285459,285.454,2189,3789.979014,3.789979014,4141.354626,-0.084845574
283.643026,285509,285.504,2198,3823.616236,3.823616236,4141.354626,-0.076723299
283.652173,285559,285.554,2200,3831.134565,3.831134565,4141.354626,-0.074907872
283.702148,285609,285.604,2226,3930.337079,3.930337079,4141.354626,-0.05095375
283.807017,285659,285.654,2198,3823.616236,3.823616236,4141.354626,-0.076723299
283.905548,285709,285.704,2207,3857.574153,3.857574153,4141.354626,-0.068523587
283.905771,285759,285.754,2200,3831.134565,3.831134565,4141.354626,-0.074907872
283.90597,285809,285.804,2197,3819.863014,3.819863014,4141.354626,-0.077629578
283.952187,285859,285.854,2195,3812.368421,3.812368421,4141.354626,-0.079439274
284.047257,285909,285.904,2186,3778.837087,3.778837087,4141.354626,-0.087535981
284.05215,285959,285.954,2199,3827.373418,3.827373418,4141.354626,-0.075816064
284.10216,286009,286.004,2208,3861.36725,3.86136725,4141.354626,-0.067607679
284.201253,286059,286.054,2212,3876.579926,3.876579926,4141.354626,-0.063934322
284.202181,286109,286.104,2220,3907.2,3.9072,4141.354626,-0.056540588
284.30927,286159,286.154,2213,3880.393199,3.880393199,4141.354626,-0.063013543
284.407237,286209,286.204,2233,3957.518797,3.957518797,4141.354626,-0.044390265
284.407459,286259,286.254,2229,3941.961415,3.941961415,4141.354626,-0.048146857
284.407658,286309,286.304,2230,3945.844504,3.945844504,4141.354626,-0.04720922
284.452132,286359,286.354,2203,3842.44186,3.84244186,4141.354626,-0.072177534
284.550816,286409,286.404,2199,3827.373418,3.827373418,4141.354626,-0.075816064
284.552076,286459,286.454,2205,3850.0,3.85,4141.354626,-0.070352494
284.602138,286509,286.504,2202,3838.66878,3.83866878,4141.354626,-0.073088608
284.700107,286559,286.554,2205,3850.0,3.85,4141.354626,-0.070352494
284.702062,286609,286.604,2191,3797.426471,3.797426471,4141.354626,-0.08304726
284.75215,286659,286.654,2191,3797.426471,3.797426471,4141.354626,-0.08304726
284.843131,286709,286.704,2186,3778.837087,3.778837087,4141.354626,-0.087535981
284.852116,286759,286.754,2200,3831.134565,3.831134565,4141.354626,-0.074907872
284.902142,286809,286.804,2211,3872.770701,3.872770701,4141.354626,-0.064854124
285.008158,286859,286.854,2198,3823.616236,3.823616236,4141.354626,-0.076723299
285.112875,286909,286.904,2224,3922.608231,3.922608231,4141.354626,-0.05282001
285.211558,286959,286.954,2206,3853.785071,3.853785071,4141.354626,-0.069438524
285.21178,287009,287.004,2198,3823.616236,3.823616236,4141.354626,-0.076723299
285.211979,287059,287.054,2188,3786.261143,3.786261143,4141.354626,-0.085743317
285.212177,287109,287.104,2191,3797.426471,3.797426471,4141.354626,-0.08304726
285.252152,287159,287.154,2200,3831.134565,3.831134565,4141.354626,-0.074907872
285.342972,287209,287.204,2213,3880.393199,3.880393199,4141.354626,-0.063013543
285.352134,287259,287.254,2208,3861.36725,3.86136725,4141.354626,-0.067607679
285.402142,287309,287.304,2216,3891.857371,3.891857371,4141.354626,-0.060245325
285.507713,287359,287.354,2226,3930.337079,3.930337079,4141.354626,-0.05095375
285.605728,287409,287.404,2225,3926.470588,3.926470588,4141.354626,-0.051887379
285.605946,287459,287.454,2217,3895.686901,3.895686901,4141.354626,-0.05932062
285.606144,287509,287.504,2218,3899.520511,3.899520511,4141.354626,-0.05839493
285.65216,287559,287.554,2207,3857.574153,3.857574153,4141.354626,-0.068523587
285.750083,287609,287.604,2200,3831.134565,3.831134565,4141.354626,-0.074907872
285.752111,287659,287.654,2208,3861.36725,3.86136725,4141.354626,-0.067607679
285.802168,287709,287.704,2205,3850.0,3.85,4141.354626,-0.070352494
285.892768,287759,287.754,2198,3823.616236,3.823616236,4141.354626,-0.076723299
285.902123,287809,287.804,2201,3834.899683,3.834899683,4141.354626,-0.07399872
285.952112,287859,287.854,2191,3797.426471,3.797426471,4141.354626,-0.08304726
286.059989,287909,287.904,2195,3812.368421,3.812368421,4141.354626,-0.079439274
286.158578,287959,287.954,2209,3865.164369,3.865164369,4141.354626,-0.066690801
286.158798,288009,288.004,2211,3872.770701,3.872770701,4141.354626,-0.064854124
286.158995,288059,288.054,2210,3868.965517,3.868965517,4141.354626,-0.065772949
286.202122,288109,288.104,2215,3888.031915,3.888031915,4141.354626,-0.061169046
286.300929,288159,288.154,2206,3853.785071,3.853785071,4141.354626,-0.069438524
286.302042,288209,288.204,2194,3808.627038,3.808627038,4141.354626,-0.080342694
286.352086,288259,288.254,2197,3819.863014,3.819863014,4141.354626,-0.077629578
286.443105,288309,288.304,2199,3827.373418,3.827373418,4141.354626,-0.075816064
286.452146,288359,288.354,2166,3705.443235,3.705443235,4141.354626,-0.105258166
286.55827,288409,288.404,2202,3838.66878,3.83866878,4141.354626,-0.073088608
286.655842,288459,288.454,2210,3868.965517,3.868965517,4141.354626,-0.065772949
286.656059,288509,288.504,2198,3823.616236,3.823616236,4141.354626,-0.076723299
286.656256,288559,288.554,2218,3899.520511,3.899520511,4141.354626,-0.05839493
286.702164,288609,288.604,2219,3903.358209,3.903358209,4141.354626,-0.057468253
286.799698,288659,288.654,2225,3926.470588,3.926470588,4141.354626,-0.051887379
286.802124,288709,288.704,2225,3926.470588,3.926470588,4141.354626,-0.051887379
286.852158,288759,288.754,2223,3918.75,3.91875,4141.354626,-0.053751645
286.942964,288809,288.804,2209,3865.164369,3.865164369,4141.354626,-0.066690801
286.952109,288859,288.854,2213,3880.393199,3.880393199,4141.354626,-0.063013543
287.059778,288909,288.904,2207,3857.574153,3.857574153,4141.354626,-0.068523587
287.158966,288959,288.954,2211,3872.770701,3.872770701,4141.354626,-0.064854124
287.159187,289009,289.004,2198,3823.616236,3.823616236,4141.354626,-0.076723299
287.159387,289059,289.054,2193,3804.88959,3.80488959,4141.354626,-0.081245164
287.202134,289109,289.104,2191,3797.426471,3.797426471,4141.354626,-0.08304726
287.300072,289159,289.154,2195,3812.368421,3.812368421,4141.354626,-0.079439274
287.302059,289209,289.204,2203,3842.44186,3.84244186,4141.354626,-0.072177534
287.352109,289259,289.254,2225,3926.470588,3.926470588,4141.354626,-0.051887379
287.449573,289309,289.304,2200,3831.134565,3.831134565,4141.354626,-0.074907872
287.452062,289359,289.354,2200,3831.134565,3.831134565,4141.354626,-0.074907872
287.502124,289409,289.404,2191,3797.426471,3.797426471,4141.354626,-0.08304726
287.592794,289459,289.454,2197,3819.863014,3.819863014,4141.354626,-0.077629578
287.602105,289509,289.504,2194,3808.627038,3.808627038,4141.354626,-0.080342694
287.652152,289559,289.554,2195,3812.368421,3.812368421,4141.354626,-0.079439274
287.757576,289609,289.604,2217,3895.686901,3.895686901,4141.354626,-0.05932062
287.855962,289659,289.654,2209,3865.164369,3.865164369,4141.354626,-0.066690801
287.856181,289709,289.704,2212,3876.579926,3.876579926,4141.354626,-0.063934322
287.856377,289759,289.754,2218,3899.520511,3.899520511,4141.354626,-0.05839493
287.902107,289809,289.804,2223,3918.75,3.91875,4141.354626,-0.053751645
288.000155,289859,289.854,2218,3899.520511,3.899520511,4141.354626,-0.05839493
288.002116,289909,289.904,2227,3934.207709,3.934207709,4141.354626,-0.050019121
288.052112,289959,289.954,2213,3880.393199,3.880393199,4141.354626,-0.063013543
288.144832,290009,290.004,2208,3861.36725,3.86136725,4141.354626,-0.067607679
288.152138,290059,290.054,2209,3865.164369,3.865164369,4141.354626,-0.066690801
288.258646,290109,290.104,2206,3853.785071,3.853785071,4141.354626,-0.069438524
288.358099,290159,290.154,2204,3846.218932,3.846218932,4141.354626,-0.071265497
288.358319,290209,290.204,2209,3865.164369,3.865164369,4141.354626,-0.066690801
288.358517,290259,290.254,2194,3808.627038,3.808627038,4141.354626,-0.080342694
288.402144,290309,290.304,2192,3801.156069,3.801156069,4141.354626,-0.082146686
288.501151,290359,290.354,2191,3797.426471,3.797426471,4141.354626,-0.08304726
288.502056,290409,290.404,2204,3846.218932,3.846218932,4141.354626,-0.071265497
288.552131,290459,290.454,2200,3831.134565,3.831134565,4141.354626,-0.074907872
288.643735,290509,290.504,2189,3789.979014,3.789979014,4141.354626,-0.084845574
288.652154,290559,290.554,2203,3842.44186,3.84244186,4141.354626,-0.072177534
288.751203,290609,290.604,2202,3838.66878,3.83866878,4141.354626,-0.073088608
288.752146,290659,290.654,2192,3801.156069,3.801156069,4141.354626,-0.082146686
288.802119,290709,290.704,2188,3786.261143,3.786261143,4141.354626,-0.085743317
288.907588,290759,290.754,2186,3778.837087,3.778837087,4141.354626,-0.087535981
289.0069,290809,290.804,2194,3808.627038,3.808627038,4141.354626,-0.080342694
289.007119,290859,290.854,2213,3880.393199,3.880393199,4141.354626,-0.063013543
289.007383,290909,290.904,2210,3868.965517,3.868965517,4141.354626,-0.065772949
289.052094,290959,290.954,2216,3891.857371,3.891857371,4141.354626,-0.060245325
289.144535,291009,291.004,2215,3888.031915,3.888031915,4141.354626,-0.061169046
289.1521,291059,291.054,2223,3918.75,3.91875,4141.354626,-0.053751645
289.202148,291109,291.104,2234,3961.418592,3.961418592,4141.354626,-0.043448593
289.31267,291159,291.154,2228,3938.082485,3.938082485,4141.354626,-0.04908349
289.412612,291209,291.204,2217,3895.686901,3.895686901,4141.354626,-0.05932062
289.412831,291259,291.254,2202,3838.66878,3.83866878,4141.354626,-0.073088608
289.512546,291309,291.304,2207,3857.574153,3.857574153,4141.354626,-0.068523587
289.512765,291359,291.354,2210,3868.965517,3.868965517,4141.354626,-0.065772949
289.512962,291409,291.404,2239,3980.980603,3.980980603,4141.354626,-0.038725016
289.612162,291459,291.454,2198,3823.616236,3.823616236,4141.354626,-0.076723299
289.612383,291509,291.504,2216,3891.857371,3.891857371,4141.354626,-0.060245325
289.652118,291559,291.554,2188,3786.261143,3.786261143,4141.354626,-0.085743317
289.744094,291609,291.604,2203,3842.44186,3.84244186,4141.354626,-0.072177534
289.752078,291659,291.654,2207,3857.574153,3.857574153,4141.354626,-0.068523587
289.802114,291709,291.704,2214,3884.210526,3.884210526,4141.354626,-0.062091785
289.908708,291759,291.754,2200,3831.134565,3.831134565,4141.354626,-0.074907872
290.009124,291809,291.804,2202,3838.66878,3.83866878,4141.354626,-0.073088608
290.109085,291859,291.854,2195,3812.368421,3.812368421,4141.354626,-0.079439274
290.211718,291909,291.904,2190,3793.700787,3.793700787,4141.354626,-0.083946889
290.305154,291959,291.954,2193,3804.88959,3.80488959,4141.354626,-0.081245164
290.30537,292009,292.004,2195,3812.368421,3.812368421,4141.354626,-0.079439274
290.305567,292059,292.054,2198,3823.616236,3.823616236,4141.354626,-0.076723299
290.30576,292109,292.104,2204,3846.218932,3.846218932,4141.354626,-0.071265497
290.305963,292159,292.154,2221,3911.045891,3.911045891,4141.354626,-0.055611933
290.306158,292209,292.204,2216,3891.857371,3.891857371,4141.354626,-0.060245325
290.352138,292259,292.254,2228,3938.082485,3.938082485,4141.354626,-0.04908349
290.459181,292309,292.304,2230,3945.844504,3.945844504,4141.354626,-0.04720922
290.559944,292359,292.354,2237,3973.143165,3.973143165,4141.354626,-0.040617497
290.660016,292409,292.404,2232,3953.623188,3.953623188,4141.354626,-0.045330925
290.757425,292459,292.454,2210,3868.965517,3.868965517,4141.354626,-0.065772949
290.757644,292509,292.504,2207,3857.574153,3.857574153,4141.354626,-0.068523587
290.75784,292559,292.554,2197,3819.863014,3.819863014,4141.354626,-0.077629578
290.758036,292609,292.604,2205,3850.0,3.85,4141.354626,-0.070352494
290.758231,292659,292.654,2198,3823.616236,3.823616236,4141.354626,-0.076723299
290.802138,292709,292.704,2187,3782.54717,3.78254717,4141.354626,-0.086640119
290.892629,292759,292.754,2185,3775.13089,3.77513089,4141.354626,-0.088430905
290.902128,292809,292.804,2189,3789.979014,3.789979014,4141.354626,-0.084845574
290.952155,292859,292.854,2197,3819.863014,3.819863014,4141.354626,-0.077629578
291.059685,292909,292.904,2218,3899.520511,3.899520511,4141.354626,-0.05839493
291.158223,292959,292.954,2202,3838.66878,3.83866878,4141.354626,-0.073088608
291.158443,293009,293.004,2195,3812.368421,3.812368421,4141.354626,-0.079439274
291.158642,293059,293.054,2203,3842.44186,3.84244186,4141.354626,-0.072177534
291.20211,293109,293.104,2192,3801.156069,3.801156069,4141.354626,-0.082146686
291.30023,293159,293.154,2186,3778.837087,3.778837087,4141.354626,-0.087535981
291.302023,293209,293.204,2189,3789.979014,3.789979014,4141.354626,-0.084845574
291.352138,293259,293.254,2202,3838.66878,3.83866878,4141.354626,-0.073088608
291.442487,293309,293.304,2211,3872.770701,3.872770701,4141.354626,-0.064854124
291.452102,293359,293.354,2207,3857.574153,3.857574153,4141.354626,-0.068523587
291.502088,293409,293.404,2217,3895.686901,3.895686901,4141.354626,-0.05932062
291.60755,293459,293.454,2230,3945.844504,3.945844504,4141.354626,-0.04720922
291.706391,293509,293.504,2231,3949.73176,3.94973176,4141.354626,-0.046270576
291.706612,293559,293.554,2220,3907.2,3.9072,4141.354626,-0.056540588
291.706809,293609,293.604,2221,3911.045891,3.911045891,4141.354626,-0.055611933
291.752087,293659,293.654,2205,3850.0,3.85,4141.354626,-0.070352494
291.849395,293709,293.704,2210,3868.965517,3.868965517,4141.354626,-0.065772949
291.852009,293759,293.754,2198,3823.616236,3.823616236,4141.354626,-0.076723299
291.902096,293809,293.804,2199,3827.373418,3.827373418,4141.354626,-0.075816064
291.992692,293859,293.854,2201,3834.899683,3.834899683,4141.354626,-0.07399872
292.002091,293909,293.904,2189,3789.979014,3.789979014,4141.354626,-0.084845574
292.052102,293959,293.954,2182,3764.035546,3.764035546,4141.354626,-0.091110063
292.158213,294009,294.004,2187,3782.54717,3.78254717,4141.354626,-0.086640119
292.256699,294059,294.054,2197,3819.863014,3.819863014,4141.354626,-0.077629578
292.256923,294109,294.104,2211,3872.770701,3.872770701,4141.354626,-0.064854124
292.257122,294159,294.154,2197,3819.863014,3.819863014,4141.354626,-0.077629578
292.302082,294209,294.204,2191,3797.426471,3.797426471,4141.354626,-0.08304726
292.39979,294259,294.254,2202,3838.66878,3.83866878,4141.354626,-0.073088608
292.402001,294309,294.304,2192,3801.156069,3.801156069,4141.354626,-0.082146686
292.452097,294359,294.354,2191,3797.426471,3.797426471,4141.354626,-0.08304726
292.542856,294409,294.404,2186,3778.837087,3.778837087,4141.354626,-0.087535981
292.552127,294459,294.454,2210,3868.965517,3.868965517,4141.354626,-0.065772949
292.657147,294509,294.504,2203,3842.44186,3.84244186,4141.354626,-0.072177534
292.754893,294559,294.554,2217,3895.686901,3.895686901,4141.354626,-0.05932062
292.755112,294609,294.604,2209,3865.164369,3.865164369,4141.354626,-0.066690801
292.755311,294659,294.654,2215,3888.031915,3.888031915,4141.354626,-0.061169046
292.802119,294709,294.704,2215,3888.031915,3.888031915,4141.354626,-0.061169046
292.899243,294759,294.754,2221,3911.045891,3.911045891,4141.354626,-0.055611933
292.902071,294809,294.804,2213,3880.393199,3.880393199,4141.354626,-0.063013543
292.952079,294859,294.854,2200,3831.134565,3.831134565,4141.354626,-0.074907872
293.04619,294909,294.904,2200,3831.134565,3.831134565,4141.354626,-0.074907872
293.052138,294959,294.954,2207,3857.574153,3.857574153,4141.354626,-0.068523587
293.157693,295009,295.004,2200,3831.134565,3.831134565,4141.354626,-0.074907872
293.256113,295059,295.054,2187,3782.54717,3.78254717,4141.354626,-0.086640119
293.256333,295109,295.104,2190,3793.700787,3.793700787,4141.354626,-0.083946889
293.256531,295159,295.154,2191,3797.426471,3.797426471,4141.354626,-0.08304726
293.302105,295209,295.204,2192,3801.156069,3.801156069,4141.354626,-0.082146686
293.399254,295259,295.254,2197,3819.863014,3.819863014,4141.354626,-0.077629578
293.402016,295309,295.304,2215,3888.031915,3.888031915,4141.354626,-0.061169046
293.452101,295359,295.354,2205,3850.0,3.85,4141.354626,-0.070352494
293.549705,295409,295.404,2200,3831.134565,3.831134565,4141.354626,-0.074907872
293.552096,295459,295.454,2195,3812.368421,3.812368421,4141.354626,-0.079439274
293.602115,295509,295.504,2194,3808.627038,3.808627038,4141.354626,-0.080342694
293.69728,295559,295.554,2191,3797.426471,3.797426471,4141.354626,-0.08304726
293.702063,295609,295.604,2192,3801.156069,3.801156069,4141.354626,-0.082146686
293.75213,295659,295.654,2185,3775.13089,3.77513089,4141.354626,-0.088430905
293.864411,295709,295.704,2202,3838.66878,3.83866878,4141.354626,-0.073088608
293.955754,295759,295.754,2210,3868.965517,3.868965517,4141.354626,-0.065772949
293.955965,295809,295.804,2216,3891.857371,3.891857371,4141.354626,-0.060245325
293.95616,295859,295.854,2216,3891.857371,3.891857371,4141.354626,-0.060245325
294.002054,295909,295.904,2226,3930.337079,3.930337079,4141.354626,-0.05095375
294.109054,295959,295.954,2222,3914.895889,3.914895889,4141.354626,-0.054682286
294.201289,296009,296.004,2220,3907.2,3.9072,4141.354626,-0.056540588
294.201501,296059,296.054,2222,3914.895889,3.914895889,4141.354626,-0.054682286
294.202115,296109,296.104,2196,3816.113744,3.816113744,4141.354626,-0.078534902
294.252091,296159,296.154,2215,3888.031915,3.888031915,4141.354626,-0.061169046
294.359114,296209,296.204,2200,3831.134565,3.831134565,4141.354626,-0.074907872
294.456483,296259,296.254,2207,3857.574153,3.857574153,4141.354626,-0.068523587
294.456705,296309,296.304,2206,3853.785071,3.853785071,4141.354626,-0.069438524
294.456902,296359,296.354,2188,3786.261143,3.786261143,4141.354626,-0.085743317
294.502046,296409,296.404,2188,3786.261143,3.786261143,4141.354626,-0.085743317
294.599415,296459,296.454,2192,3801.156069,3.801156069,4141.354626,-0.082146686
294.602024,296509,296.504,2195,3812.368421,3.812368421,4141.354626,-0.079439274
294.652087,296559,296.554,2211,3872.770701,3.872770701,4141.354626,-0.064854124
294.741787,296609,296.604,2199,3827.373418,3.827373418,4141.354626,-0.075816064
294.752102,296659,296.654,2202,3838.66878,3.83866878,4141.354626,-0.073088608
294.867141,296709,296.704,2195,3812.368421,3.812368421,4141.354626,-0.079439274
294.965098,296759,296.754,2180,3756.657963,3.756657963,4141.354626,-0.092891505
294.965317,296809,296.804,2189,3789.979014,3.789979014,4141.354626,-0.084845574
294.965514,296859,296.854,2185,3775.13089,3.77513089,4141.354626,-0.088430905
295.002029,296909,296.904,2199,3827.373418,3.827373418,4141.354626,-0.075816064
295.102409,296959,296.954,2211,3872.770701,3.872770701,4141.354626,-0.064854124
295.202879,297009,297.004,2211,3872.770701,3.872770701,4141.354626,-0.064854124
295.293891,297059,297.054,2220,3907.2,3.9072,4141.354626,-0.056540588
295.294115,297109,297.104,2212,3876.579926,3.876579926,4141.354626,-0.063934322
295.294314,297159,297.154,2223,3918.75,3.91875,4141.354626,-0.053751645
295.302047,297209,297.204,2222,3914.895889,3.914895889,4141.354626,-0.054682286
295.352075,297259,297.254,2230,3945.844504,3.945844504,4141.354626,-0.04720922
295.457416,297309,297.304,2205,3850.0,3.85,4141.354626,-0.070352494
295.556019,297359,297.354,2202,3838.66878,3.83866878,4141.354626,-0.073088608
295.556242,297409,297.404,2205,3850.0,3.85,4141.354626,-0.070352494
295.556439,297459,297.454,2198,3823.616236,3.823616236,4141.354626,-0.076723299
295.602091,297509,297.504,2204,3846.218932,3.846218932,4141.354626,-0.071265497
295.702575,297559,297.554,2189,3789.979014,3.789979014,4141.354626,-0.084845574
295.795452,297609,297.604,2183,3767.730126,3.767730126,4141.354626,-0.090217944
295.795666,297659,297.654,2185,3775.13089,3.77513089,4141.354626,-0.088430905
295.802086,297709,297.704,2202,3838.66878,3.83866878,4141.354626,-0.073088608
295.852117,297759,297.754,2226,3930.337079,3.930337079,4141.354626,-0.05095375
295.957992,297809,297.804,2201,3834.899683,3.834899683,4141.354626,-0.07399872
296.058568,297859,297.854,2190,3793.700787,3.793700787,4141.354626,-0.083946889
296.158735,297909,297.904,2199,3827.373418,3.827373418,4141.354626,-0.075816064
296.260879,297959,297.954,2199,3827.373418,3.827373418,4141.354626,-0.075816064
296.35313,298009,298.004,2188,3786.261143,3.786261143,4141.354626,-0.085743317
296.353345,298059,298.054,2181,3760.344828,3.760344828,4141.354626,-0.092001249
296.353548,298109,298.104,2200,3831.134565,3.831134565,4141.354626,-0.074907872
296.353743,298159,298.154,2207,3857.574153,3.857574153,4141.354626,-0.068523587
296.353951,298209,298.204,2208,3861.36725,3.86136725,4141.354626,-0.067607679
296.354146,298259,298.254,2209,3865.164369,3.865164369,4141.354626,-0.066690801
296.402081,298309,298.304,2224,3922.608231,3.922608231,4141.354626,-0.05282001
296.507526,298359,298.354,2229,3941.961415,3.941961415,4141.354626,-0.048146857
296.605776,298409,298.404,2227,3934.207709,3.934207709,4141.354626,-0.050019121
296.605997,298459,298.454,2220,3907.2,3.9072,4141.354626,-0.056540588
296.606195,298509,298.504,2203,3842.44186,3.84244186,4141.354626,-0.072177534
296.652065,298559,298.554,2204,3846.218932,3.846218932,4141.354626,-0.071265497
296.749247,298609,298.604,2201,3834.899683,3.834899683,4141.354626,-0.07399872
296.752068,298659,298.654,2215,3888.031915,3.888031915,4141.354626,-0.061169046
296.849382,298709,298.704,2193,3804.88959,3.80488959,4141.354626,-0.081245164
296.852014,298759,298.754,2196,3816.113744,3.816113744,4141.354626,-0.078534902
296.902092,298809,298.804,2198,3823.616236,3.823616236,4141.354626,-0.076723299
296.992586,298859,298.854,2195,3812.368421,3.812368421,4141.354626,-0.079439274
297.002034,298909,298.904,2212,3876.579926,3.876579926,4141.354626,-0.063934322
297.052071,298959,298.954,2207,3857.574153,3.857574153,4141.354626,-0.068523587
297.166978,299009,299.004,2209,3865.164369,3.865164369,4141.354626,-0.066690801
297.267875,299059,299.054,2198,3823.616236,3.823616236,4141.354626,-0.076723299
297.36687,299109,299.104,2191,3797.426471,3.797426471,4141.354626,-0.08304726
297.367089,299159,299.154,2208,3861.36725,3.86136725,4141.354626,-0.067607679
297.367287,299209,299.204,2200,3831.134565,3.831134565,4141.354626,-0.074907872
297.367483,299259,299.254,2192,3801.156069,3.801156069,4141.354626,-0.082146686
297.402023,299309,299.304,2185,3775.13089,3.77513089,4141.354626,-0.088430905
297.492732,299359,299.354,2211,3872.770701,3.872770701,4141.354626,-0.064854124
297.502094,299409,299.404,2208,3861.36725,3.86136725,4141.354626,-0.067607679
297.607107,299459,299.454,2212,3876.579926,3.876579926,4141.354626,-0.063934322
297.705207,299509,299.504,2217,3895.686901,3.895686901,4141.354626,-0.05932062
297.705427,299559,299.554,2218,3899.520511,3.899520511,4141.354626,-0.05839493
297.705624,299609,299.604,2225,3926.470588,3.926470588,4141.354626,-0.051887379
297.752053,299659,299.654,2210,3868.965517,3.868965517,4141.354626,-0.065772949
297.848846,299709,299.704,2211,3872.770701,3.872770701,4141.354626,-0.064854124
297.852062,299759,299.754,2209,3865.164369,3.865164369,4141.354626,-0.066690801
297.949511,299809,299.804,2207,3857.574153,3.857574153,4141.354626,-0.068523587
297.952074,299859,299.854,2197,3819.863014,3.819863014,4141.354626,-0.077629578
298.045414,299909,299.904,2200,3831.134565,3.831134565,4141.354626,-0.074907872
298.052019,299959,299.954,2200,3831.134565,3.831134565,4141.354626,-0.074907872
298.102073,300009,300.004,2192,3801.156069,3.801156069,4141.354626,-0.082146686
298.209656,300059,300.054,2194,3808.627038,3.808627038,4141.354626,-0.080342694
298.308389,300109,300.104,2216,3891.857371,3.891857371,4141.354626,-0.060245325
298.308609,300159,300.154,2201,3834.899683,3.834899683,4141.354626,-0.07399872
298.308805,300209,300.204,2213,3880.393199,3.880393199,4141.354626,-0.063013543
298.35208,300259,300.254,2197,3819.863014,3.819863014,4141.354626,-0.077629578
298.4552,300309,300.304,2193,3804.88959,3.80488959,4141.354626,-0.081245164
298.547515,300359,300.354,2198,3823.616236,3.823616236,4141.354626,-0.076723299
298.547727,300409,300.404,2196,3816.113744,3.816113744,4141.354626,-0.078534902
298.551964,300459,300.454,2195,3812.368421,3.812368421,4141.354626,-0.079439274
298.602067,300509,300.504,2193,3804.88959,3.80488959,4141.354626,-0.081245164
298.708277,300559,300.554,2206,3853.785071,3.853785071,4141.354626,-0.069438524
298.805113,300609,300.604,2202,3838.66878,3.83866878,4141.354626,-0.073088608
298.805335,300659,300.654,2214,3884.210526,3.884210526,4141.354626,-0.062091785
298.805533,300709,300.704,2217,3895.686901,3.895686901,4141.354626,-0.05932062
298.851996,300759,300.754,2222,3914.895889,3.914895889,4141.354626,-0.054682286
298.949188,300809,300.804,2221,3911.045891,3.911045891,4141.354626,-0.055611933
298.951982,300859,300.854,2225,3926.470588,3.926470588,4141.354626,-0.051887379
299.044706,300909,300.904,2207,3857.574153,3.857574153,4141.354626,-0.068523587
299.051988,300959,300.954,2202,3838.66878,3.83866878,4141.354626,-0.073088608
299.102028,301009,301.004,2206,3853.785071,3.853785071,4141.354626,-0.069438524
299.202697,301059,301.054,2195,3812.368421,3.812368421,4141.354626,-0.079439274
299.301738,301109,301.104,2209,3865.164369,3.865164369,4141.354626,-0.066690801
299.301961,301159,301.154,2204,3846.218932,3.846218932,4141.354626,-0.071265497
299.302159,301209,301.204,2182,3764.035546,3.764035546,4141.354626,-0.091110063
299.352057,301259,301.254,2183,3767.730126,3.767730126,4141.354626,-0.090217944
299.452944,301309,301.304,2198,3823.616236,3.823616236,4141.354626,-0.076723299
299.560663,301359,301.354,2194,3808.627038,3.808627038,4141.354626,-0.080342694
299.660283,301409,301.404,2222,3914.895889,3.914895889,4141.354626,-0.054682286
299.660506,301459,301.454,2198,3823.616236,3.823616236,4141.354626,-0.076723299
299.660703,301509,301.504,2206,3853.785071,3.853785071,4141.354626,-0.069438524
299.751534,301559,301.554,2197,3819.863014,3.819863014,4141.354626,-0.077629578
299.751745,301609,301.604,2202,3838.66878,3.83866878,4141.354626,-0.073088608
299.752049,301659,301.654,2193,3804.88959,3.80488959,4141.354626,-0.081245164
299.802008,301709,301.704,2192,3801.156069,3.801156069,4141.354626,-0.082146686
299.906556,301759,301.754,2200,3831.134565,3.831134565,4141.354626,-0.074907872
300.005297,301809,301.804,2197,3819.863014,3.819863014,4141.354626,-0.077629578
300.005514,301859,301.854,2211,3872.770701,3.872770701,4141.354626,-0.064854124
300.006102,301909,301.904,2215,3888.031915,3.888031915,4141.354626,-0.061169046
300.051993,301959,301.954,2218,3899.520511,3.899520511,4141.354626,-0.05839493
300.144357,302009,302.004,2223,3918.75,3.91875,4141.354626,-0.053751645
300.152026,302059,302.054,2220,3907.2,3.9072,4141.354626,-0.056540588
300.256999,302109,302.104,2219,3903.358209,3.903358209,4141.354626,-0.057468253
300.347635,302159,302.154,2206,3853.785071,3.853785071,4141.354626,-0.069438524
300.347847,302209,302.204,2199,3827.373418,3.827373418,4141.354626,-0.075816064
300.352099,302259,302.254,2199,3827.373418,3.827373418,4141.354626,-0.075816064
300.402039,302309,302.304,2196,3816.113744,3.816113744,4141.354626,-0.078534902
300.509153,302359,302.354,2195,3812.368421,3.812368421,4141.354626,-0.079439274
300.607431,302409,302.404,2197,3819.863014,3.819863014,4141.354626,-0.077629578
300.607654,302459,302.454,2184,3771.428571,3.771428571,4141.354626,-0.089324892
300.607851,302509,302.504,2198,3823.616236,3.823616236,4141.354626,-0.076723299
300.651992,302559,302.554,2214,3884.210526,3.884210526,4141.354626,-0.062091785
300.749267,302609,302.604,2222,3914.895889,3.914895889,4141.354626,-0.054682286
300.752024,302659,302.654,2210,3868.965517,3.868965517,4141.354626,-0.065772949
300.849522,302709,302.704,2201,3834.899683,3.834899683,4141.354626,-0.07399872
300.851973,302759,302.754,2198,3823.616236,3.823616236,4141.354626,-0.076723299
300.902024,302809,302.804,2199,3827.373418,3.827373418,4141.354626,-0.075816064
300.99291,302859,302.854,2190,3793.700787,3.793700787,4141.354626,-0.083946889
301.002089,302909,302.904,2188,3786.261143,3.786261143,4141.354626,-0.085743317
301.109436,302959,302.954,2189,3789.979014,3.789979014,4141.354626,-0.084845574
301.20781,303009,303.004,2207,3857.574153,3.857574153,4141.354626,-0.068523587
301.208031,303059,303.054,2198,3823.616236,3.823616236,4141.354626,-0.076723299
301.208229,303109,303.104,2211,3872.770701,3.872770701,4141.354626,-0.064854124
301.252013,303159,303.154,2212,3876.579926,3.876579926,4141.354626,-0.063934322
301.350041,303209,303.204,2217,3895.686901,3.895686901,4141.354626,-0.05932062
301.351965,303259,303.254,2215,3888.031915,3.888031915,4141.354626,-0.061169046
301.402049,303309,303.304,2221,3911.045891,3.911045891,4141.354626,-0.055611933
301.491681,303359,303.354,2211,3872.770701,3.872770701,4141.354626,-0.064854124
301.502043,303409,303.404,2203,3842.44186,3.84244186,4141.354626,-0.072177534
301.552071,303459,303.454,2205,3850.0,3.85,4141.354626,-0.070352494
301.657252,303509,303.504,2199,3827.373418,3.827373418,4141.354626,-0.075816064
301.754473,303559,303.554,2187,3782.54717,3.78254717,4141.354626,-0.086640119
301.754693,303609,303.604,2200,3831.134565,3.831134565,4141.354626,-0.074907872
301.75489,303659,303.654,2186,3778.837087,3.778837087,4141.354626,-0.087535981
301.802033,303709,303.704,2191,3797.426471,3.797426471,4141.354626,-0.08304726
301.899262,303759,303.754,2195,3812.368421,3.812368421,4141.354626,-0.079439274
301.902053,303809,303.804,2201,3834.899683,3.834899683,4141.354626,-0.07399872
302.002042,303859,303.854,2214,3884.210526,3.884210526,4141.354626,-0.062091785
302.098826,303909,303.904,2199,3827.373418,3.827373418,4141.354626,-0.075816064
302.099045,303959,303.954,2192,3801.156069,3.801156069,4141.354626,-0.082146686
302.102054,304009,304.004,2192,3801.156069,3.801156069,4141.354626,-0.082146686
302.152064,304059,304.054,2187,3782.54717,3.78254717,4141.354626,-0.086640119
302.258788,304109,304.104,2197,3819.863014,3.819863014,4141.354626,-0.077629578
302.357894,304159,304.154,2195,3812.368421,3.812368421,4141.354626,-0.079439274
302.358114,304209,304.204,2201,3834.899683,3.834899683,4141.354626,-0.07399872
302.358311,304259,304.254,2212,3876.579926,3.876579926,4141.354626,-0.063934322
302.402042,304309,304.304,2194,3808.627038,3.808627038,4141.354626,-0.080342694
302.498923,304359,304.354,2215,3888.031915,3.888031915,4141.354626,-0.061169046
302.502005,304409,304.404,2208,3861.36725,3.86136725,4141.354626,-0.067607679
302.55199,304459,304.454,2214,3884.210526,3.884210526,4141.354626,-0.062091785
302.641541,304509,304.504,2209,3865.164369,3.865164369,4141.354626,-0.066690801
302.652044,304559,304.554,2209,3865.164369,3.865164369,4141.354626,-0.066690801
302.757115,304609,304.604,2194,3808.627038,3.808627038,4141.354626,-0.080342694
302.85364,304659,304.654,2196,3816.113744,3.816113744,4141.354626,-0.078534902
302.853863,304709,304.704,2192,3801.156069,3.801156069,4141.354626,-0.082146686
302.854062,304759,304.754,2195,3812.368421,3.812368421,4141.354626,-0.079439274
302.90201,304809,304.804,2189,3789.979014,3.789979014,4141.354626,-0.084845574
302.999393,304859,304.854,2178,3749.295775,3.749295775,4141.354626,-0.094669229
303.002066,304909,304.904,2182,3764.035546,3.764035546,4141.354626,-0.091110063
303.103272,304959,304.954,2198,3823.616236,3.823616236,4141.354626,-0.076723299
303.198474,305009,305.004,2194,3808.627038,3.808627038,4141.354626,-0.080342694
303.198688,305059,305.054,2218,3899.520511,3.899520511,4141.354626,-0.05839493
303.202077,305109,305.104,2193,3804.88959,3.80488959,4141.354626,-0.081245164
303.251938,305159,305.154,2193,3804.88959,3.80488959,4141.354626,-0.081245164
303.357287,305209,305.204,2191,3797.426471,3.797426471,4141.354626,-0.08304726
303.455142,305259,305.254,2190,3793.700787,3.793700787,4141.354626,-0.083946889
303.455364,305309,305.304,2186,3778.837087,3.778837087,4141.354626,-0.087535981
303.455568,305359,305.354,2187,3782.54717,3.78254717,4141.354626,-0.086640119
303.509998,305409,305.404,2188,3786.261143,3.786261143,4141.354626,-0.085743317
303.746737,305459,305.454,2198,3823.616236,3.823616236,4141.354626,-0.076723299
303.87843,305509,305.504,2208,3861.36725,3.86136725,4141.354626,-0.067607679
303.988402,305559,305.554,2214,3884.210526,3.884210526,4141.354626,-0.062091785
304.096655,305609,305.604,2217,3895.686901,3.895686901,4141.354626,-0.05932062
304.211048,305659,305.654,2219,3903.358209,3.903358209,4141.354626,-0.057468253
304.308863,305709,305.704,2213,3880.393199,3.880393199,4141.354626,-0.063013543
304.309087,305759,305.754,2208,3861.36725,3.86136725,4141.354626,-0.067607679
304.309285,305809,305.804,2196,3816.113744,3.816113744,4141.354626,-0.078534902
304.309482,305859,305.854,2191,3797.426471,3.797426471,4141.354626,-0.08304726
304.309751,305909,305.904,2199,3827.373418,3.827373418,4141.354626,-0.075816064
304.309952,305959,305.954,2200,3831.134565,3.831134565,4141.354626,-0.074907872
304.310148,306009,306.004,2182,3764.035546,3.764035546,4141.354626,-0.091110063
304.310345,306059,306.054,2194,3808.627038,3.808627038,4141.354626,-0.080342694
304.310541,306109,306.104,2186,3778.837087,3.778837087,4141.354626,-0.087535981
304.310736,306159,306.154,2188,3786.261143,3.786261143,4141.354626,-0.085743317
304.310932,306209,306.204,2208,3861.36725,3.86136725,4141.354626,-0.067607679
304.351977,306259,306.254,2210,3868.965517,3.868965517,4141.354626,-0.065772949
304.443258,306309,306.304,2199,3827.373418,3.827373418,4141.354626,-0.075816064
304.452006,306359,306.354,2196,3816.113744,3.816113744,4141.354626,-0.078534902
304.558967,306409,306.404,2184,3771.428571,3.771428571,4141.354626,-0.089324892
304.669208,306459,306.454,2196,3816.113744,3.816113744,4141.354626,-0.078534902
304.787908,306509,306.504,2189,3789.979014,3.789979014,4141.354626,-0.084845574
304.890046,306559,306.554,2195,3812.368421,3.812368421,4141.354626,-0.079439274
304.98084,306609,306.604,2196,3816.113744,3.816113744,4141.354626,-0.078534902
304.981057,306659,306.654,2205,3850.0,3.85,4141.354626,-0.070352494
304.981258,306709,306.704,2204,3846.218932,3.846218932,4141.354626,-0.071265497
304.981456,306759,306.754,2207,3857.574153,3.857574153,4141.354626,-0.068523587
304.981653,306809,306.804,2209,3865.164369,3.865164369,4141.354626,-0.066690801
304.981853,306859,306.854,2212,3876.579926,3.876579926,4141.354626,-0.063934322
305.001042,306909,306.904,2208,3861.36725,3.86136725,4141.354626,-0.067607679
305.111269,306959,306.954,2232,3953.623188,3.953623188,4141.354626,-0.045330925
305.218837,307009,307.004,2208,3861.36725,3.86136725,4141.354626,-0.067607679
305.318935,307059,307.054,2199,3827.373418,3.827373418,4141.354626,-0.075816064
305.425954,307109,307.104,2192,3801.156069,3.801156069,4141.354626,-0.082146686
305.517662,307159,307.154,2190,3793.700787,3.793700787,4141.354626,-0.083946889
305.517876,307209,307.204,2195,3812.368421,3.812368421,4141.354626,-0.079439274
305.518078,307259,307.254,2196,3816.113744,3.816113744,4141.354626,-0.078534902
305.518277,307309,307.304,2183,3767.730126,3.767730126,4141.354626,-0.090217944
305.518475,307359,307.354,2189,3789.979014,3.789979014,4141.354626,-0.084845574
305.51867,307409,307.404,2199,3827.373418,3.827373418,4141.354626,-0.075816064
305.551022,307459,307.454,2195,3812.368421,3.812368421,4141.354626,-0.079439274
305.656344,307509,307.504,2218,3899.520511,3.899520511,4141.354626,-0.05839493
305.755924,307559,307.554,2215,3888.031915,3.888031915,4141.354626,-0.061169046
305.756151,307609,307.604,2193,3804.88959,3.80488959,4141.354626,-0.081245164
305.756346,307659,307.654,2202,3838.66878,3.83866878,4141.354626,-0.073088608
305.801013,307709,307.704,2188,3786.261143,3.786261143,4141.354626,-0.085743317
305.903777,307759,307.754,2189,3789.979014,3.789979014,4141.354626,-0.084845574
306.005507,307809,307.804,2196,3816.113744,3.816113744,4141.354626,-0.078534902
306.096084,307859,307.854,2205,3850.0,3.85,4141.354626,-0.070352494
306.096363,307909,307.904,2207,3857.574153,3.857574153,4141.354626,-0.068523587
306.096564,307959,307.954,2199,3827.373418,3.827373418,4141.354626,-0.075816064
306.10099,308009,308.004,2206,3853.785071,3.853785071,4141.354626,-0.069438524
306.151015,308059,308.054,2225,3926.470588,3.926470588,4141.354626,-0.051887379
306.262844,308109,308.104,2221,3911.045891,3.911045891,4141.354626,-0.055611933
306.361916,308159,308.154,2217,3895.686901,3.895686901,4141.354626,-0.05932062
306.36214,308209,308.204,2204,3846.218932,3.846218932,4141.354626,-0.071265497
306.362339,308259,308.254,2199,3827.373418,3.827373418,4141.354626,-0.075816064
306.401049,308309,308.304,2198,3823.616236,3.823616236,4141.354626,-0.076723299
306.498862,308359,308.354,2195,3812.368421,3.812368421,4141.354626,-0.079439274
306.500993,308409,308.404,2190,3793.700787,3.793700787,4141.354626,-0.083946889
306.550985,308459,308.454,2188,3786.261143,3.786261143,4141.354626,-0.085743317
306.643452,308509,308.504,2186,3778.837087,3.778837087,4141.354626,-0.087535981
306.650983,308559,308.554,2190,3793.700787,3.793700787,4141.354626,-0.083946889
306.70107,308609,308.604,2196,3816.113744,3.816113744,4141.354626,-0.078534902
306.815763,308659,308.654,2194,3808.627038,3.808627038,4141.354626,-0.080342694
306.917228,308709,308.704,2200,3831.134565,3.831134565,4141.354626,-0.074907872
307.022079,308759,308.754,2207,3857.574153,3.857574153,4141.354626,-0.068523587
307.124552,308809,308.804,2188,3786.261143,3.786261143,4141.354626,-0.085743317
307.251154,308859,308.854,2192,3801.156069,3.801156069,4141.354626,-0.082146686
307.393522,308909,308.904,2195,3812.368421,3.812368421,4141.354626,-0.079439274
307.56712,308959,308.954,2183,3767.730126,3.767730126,4141.354626,-0.090217944
307.700263,309009,309.004,2196,3816.113744,3.816113744,4141.354626,-0.078534902
307.800464,309059,309.054,2198,3823.616236,3.823616236,4141.354626,-0.076723299
307.907571,309109,309.104,2204,3846.218932,3.846218932,4141.354626,-0.071265497
308.005784,309159,309.154,2196,3816.113744,3.816113744,4141.354626,-0.078534902
308.006013,309209,309.204,2201,3834.899683,3.834899683,4141.354626,-0.07399872
308.006215,309259,309.254,2215,3888.031915,3.888031915,4141.354626,-0.061169046
308.00642,309309,309.304,2220,3907.2,3.9072,4141.354626,-0.056540588
308.006623,309359,309.354,2220,3907.2,3.9072,4141.354626,-0.056540588
308.006825,309409,309.404,2203,3842.44186,3.84244186,4141.354626,-0.072177534
308.007023,309459,309.454,2198,3823.616236,3.823616236,4141.354626,-0.076723299
308.007224,309509,309.504,2192,3801.156069,3.801156069,4141.354626,-0.082146686
308.00742,309559,309.554,2203,3842.44186,3.84244186,4141.354626,-0.072177534
308.007613,309609,309.604,2189,3789.979014,3.789979014,4141.354626,-0.084845574
308.106614,309659,309.654,2193,3804.88959,3.80488959,4141.354626,-0.081245164
308.106839,309709,309.704,2181,3760.344828,3.760344828,4141.354626,-0.092001249
308.107037,309759,309.754,2190,3793.700787,3.793700787,4141.354626,-0.083946889
308.107232,309809,309.804,2194,3808.627038,3.808627038,4141.354626,-0.080342694
308.107427,309859,309.854,2207,3857.574153,3.857574153,4141.354626,-0.068523587
308.207381,309909,309.904,2204,3846.218932,3.846218932,4141.354626,-0.071265497
308.207606,309959,309.954,2210,3868.965517,3.868965517,4141.354626,-0.065772949
308.207806,310009,310.004,2207,3857.574153,3.857574153,4141.354626,-0.068523587
308.304569,310059,310.054,2192,3801.156069,3.801156069,4141.354626,-0.082146686
308.304787,310109,310.104,2192,3801.156069,3.801156069,4141.354626,-0.082146686
308.304987,310159,310.154,2188,3786.261143,3.786261143,4141.354626,-0.085743317
308.305184,310209,310.204,2189,3789.979014,3.789979014,4141.354626,-0.084845574
308.351058,310259,310.254,2200,3831.134565,3.831134565,4141.354626,-0.074907872
308.456079,310309,310.304,2204,3846.218932,3.846218932,4141.354626,-0.071265497
308.553316,310359,310.354,2209,3865.164369,3.865164369,4141.354626,-0.066690801
308.553541,310409,310.404,2203,3842.44186,3.84244186,4141.354626,-0.072177534
308.55374,310459,310.454,2205,3850.0,3.85,4141.354626,-0.070352494
308.601021,310509,310.504,2214,3884.210526,3.884210526,4141.354626,-0.062091785
308.698053,310559,310.554,2223,3918.75,3.91875,4141.354626,-0.053751645
308.701017,310609,310.604,2211,3872.770701,3.872770701,4141.354626,-0.064854124
308.751022,310659,310.654,2207,3857.574153,3.857574153,4141.354626,-0.068523587
308.841784,310709,310.704,2213,3880.393199,3.880393199,4141.354626,-0.063013543
308.850994,310759,310.754,2190,3793.700787,3.793700787,4141.354626,-0.083946889
308.900982,310809,310.804,2196,3816.113744,3.816113744,4141.354626,-0.078534902
309.006376,310859,310.854,2200,3831.134565,3.831134565,4141.354626,-0.074907872
309.106086,310909,310.904,2199,3827.373418,3.827373418,4141.354626,-0.075816064
309.106311,310959,310.954,2186,3778.837087,3.778837087,4141.354626,-0.087535981
309.106511,311009,311.004,2193,3804.88959,3.80488959,4141.354626,-0.081245164
309.198949,311059,311.054,2205,3850.0,3.85,4141.354626,-0.070352494
309.201038,311109,311.104,2201,3834.899683,3.834899683,4141.354626,-0.07399872
309.250979,311159,311.154,2212,3876.579926,3.876579926,4141.354626,-0.063934322
309.356344,311209,311.204,2196,3816.113744,3.816113744,4141.354626,-0.078534902
309.447943,311259,311.254,2190,3793.700787,3.793700787,4141.354626,-0.083946889
309.448157,311309,311.304,2190,3793.700787,3.793700787,4141.354626,-0.083946889
309.450993,311359,311.354,2179,3752.974948,3.752974948,4141.354626,-0.093780831
309.500998,311409,311.404,2188,3786.261143,3.786261143,4141.354626,-0.085743317
309.606988,311459,311.454,2195,3812.368421,3.812368421,4141.354626,-0.079439274
309.698526,311509,311.504,2203,3842.44186,3.84244186,4141.354626,-0.072177534
309.698739,311559,311.554,2199,3827.373418,3.827373418,4141.354626,-0.075816064
309.700998,311609,311.604,2209,3865.164369,3.865164369,4141.354626,-0.066690801
309.751097,311659,311.654,2204,3846.218932,3.846218932,4141.354626,-0.071265497
309.855845,311709,311.704,2220,3907.2,3.9072,4141.354626,-0.056540588
309.946425,311759,311.754,2207,3857.574153,3.857574153,4141.354626,-0.068523587
309.946639,311809,311.804,2220,3907.2,3.9072,4141.354626,-0.056540588
309.95098,311859,311.854,2213,3880.393199,3.880393199,4141.354626,-0.063013543
310.001028,311909,311.904,2194,3808.627038,3.808627038,4141.354626,-0.080342694
310.107987,311959,311.954,2199,3827.373418,3.827373418,4141.354626,-0.075816064
310.210497,312009,312.004,2195,3812.368421,3.812368421,4141.354626,-0.079439274
310.310025,312059,312.054,2193,3804.88959,3.80488959,4141.354626,-0.081245164
310.310248,312109,312.104,2185,3775.13089,3.77513089,4141.354626,-0.088430905
310.310446,312159,312.154,2186,3778.837087,3.778837087,4141.354626,-0.087535981
310.310647,312209,312.204,2194,3808.627038,3.808627038,4141.354626,-0.080342694
310.409494,312259,312.254,2204,3846.218932,3.846218932,4141.354626,-0.071265497
310.409718,312309,312.304,2205,3850.0,3.85,4141.354626,-0.070352494
310.451049,312359,312.354,2223,3918.75,3.91875,4141.354626,-0.053751645
310.542583,312409,312.404,2195,3812.368421,3.812368421,4141.354626,-0.079439274
310.550989,312459,312.454,2196,3816.113744,3.816113744,4141.354626,-0.078534902
310.60098,312509,312.504,2197,3819.863014,3.819863014,4141.354626,-0.077629578
310.715441,312559,312.554,2184,3771.428571,3.771428571,4141.354626,-0.089324892
310.828062,312609,312.604,2178,3749.295775,3.749295775,4141.354626,-0.094669229
310.961578,312659,312.654,2180,3756.657963,3.756657963,4141.354626,-0.092891505
311.15656,312709,312.704,2190,3793.700787,3.793700787,4141.354626,-0.083946889
311.363277,312759,312.754,2202,3838.66878,3.83866878,4141.354626,-0.073088608
311.52044,312809,312.804,2201,3834.899683,3.834899683,4141.354626,-0.07399872
311.640217,312859,312.854,2202,3838.66878,3.83866878,4141.354626,-0.073088608
311.765861,312909,312.904,2211,3872.770701,3.872770701,4141.354626,-0.064854124
311.892579,312959,312.954,2217,3895.686901,3.895686901,4141.354626,-0.05932062
312.009311,313009,313.004,2242,3992.768484,3.992768484,4141.354626,-0.035878633
312.122643,313059,313.054,2182,3764.035546,3.764035546,4141.354626,-0.091110063
312.22121,313109,313.104,2203,3842.44186,3.84244186,4141.354626,-0.072177534
312.22143,313159,313.154,2199,3827.373418,3.827373418,4141.354626,-0.075816064
312.221634,313209,313.204,2201,3834.899683,3.834899683,4141.354626,-0.07399872
312.221837,313259,313.254,2194,3808.627038,3.808627038,4141.354626,-0.080342694
312.222031,313309,313.304,2196,3816.113744,3.816113744,4141.354626,-0.078534902
312.222228,313359,313.354,2193,3804.88959,3.80488959,4141.354626,-0.081245164
312.222425,313409,313.404,2188,3786.261143,3.786261143,4141.354626,-0.085743317
312.222619,313459,313.454,2188,3786.261143,3.786261143,4141.354626,-0.085743317
312.222813,313509,313.504,2199,3827.373418,3.827373418,4141.354626,-0.075816064
312.330311,313559,313.554,2199,3827.373418,3.827373418,4141.354626,-0.075816064
312.432208,313609,313.604,2200,3831.134565,3.831134565,4141.354626,-0.074907872
312.540517,313659,313.654,2197,3819.863014,3.819863014,4141.354626,-0.077629578
312.665059,313709,313.704,2177,3745.620438,3.745620438,4141.354626,-0.095556701
312.877859,313759,313.754,2184,3771.428571,3.771428571,4141.354626,-0.089324892
313.081042,313809,313.804,2191,3797.426471,3.797426471,4141.354626,-0.08304726
313.237601,313859,313.854,2190,3793.700787,3.793700787,4141.354626,-0.083946889
313.387593,313909,313.904,2202,3838.66878,3.83866878,4141.354626,-0.073088608
313.562602,313959,313.954,2195,3812.368421,3.812368421,4141.354626,-0.079439274
313.740247,314009,314.004,2201,3834.899683,3.834899683,4141.354626,-0.07399872
313.89276,314059,314.054,2223,3918.75,3.91875,4141.354626,-0.053751645
314.092938,314109,314.104,2198,3823.616236,3.823616236,4141.354626,-0.076723299
314.205273,314159,314.154,2212,3876.579926,3.876579926,4141.354626,-0.063934322
314.33711,314209,314.204,2216,3891.857371,3.891857371,4141.354626,-0.060245325
314.45787,314259,314.254,2210,3868.965517,3.868965517,4141.354626,-0.065772949
314.571175,314309,314.304,2212,3876.579926,3.876579926,4141.354626,-0.063934322
314.687802,314359,314.354,2205,3850.0,3.85,4141.354626,-0.070352494
314.778943,314409,314.404,2194,3808.627038,3.808627038,4141.354626,-0.080342694
314.779158,314459,314.454,2203,3842.44186,3.84244186,4141.354626,-0.072177534
314.779365,314509,314.504,2199,3827.373418,3.827373418,4141.354626,-0.075816064
314.779563,314559,314.554,2190,3793.700787,3.793700787,4141.354626,-0.083946889
314.779761,314609,314.604,2177,3745.620438,3.745620438,4141.354626,-0.095556701
314.779959,314659,314.654,2181,3760.344828,3.760344828,4141.354626,-0.092001249
314.780156,314709,314.704,2189,3789.979014,3.789979014,4141.354626,-0.084845574
314.780349,314759,314.754,2195,3812.368421,3.812368421,4141.354626,-0.079439274
314.780542,314809,314.804,2213,3880.393199,3.880393199,4141.354626,-0.063013543
314.780738,314859,314.854,2192,3801.156069,3.801156069,4141.354626,-0.082146686
314.780994,314909,314.904,2214,3884.210526,3.884210526,4141.354626,-0.062091785
314.781192,314959,314.954,2187,3782.54717,3.78254717,4141.354626,-0.086640119
314.781383,315009,315.004,2181,3760.344828,3.760344828,4141.354626,-0.092001249
314.781578,315059,315.054,2187,3782.54717,3.78254717,4141.354626,-0.086640119
314.78177,315109,315.104,2183,3767.730126,3.767730126,4141.354626,-0.090217944
314.781965,315159,315.154,2202,3838.66878,3.83866878,4141.354626,-0.073088608
314.782157,315209,315.204,2201,3834.899683,3.834899683,4141.354626,-0.07399872
314.782351,315259,315.254,2189,3789.979014,3.789979014,4141.354626,-0.084845574
314.782547,315309,315.304,2200,3831.134565,3.831134565,4141.354626,-0.074907872
314.782739,315359,315.354,2220,3907.2,3.9072,4141.354626,-0.056540588
314.782933,315409,315.404,2215,3888.031915,3.888031915,4141.354626,-0.061169046
314.783127,315459,315.454,2222,3914.895889,3.914895889,4141.354626,-0.054682286
314.783323,315509,315.504,2207,3857.574153,3.857574153,4141.354626,-0.068523587
314.783516,315559,315.554,2194,3808.627038,3.808627038,4141.354626,-0.080342694
314.783709,315609,315.604,2201,3834.899683,3.834899683,4141.354626,-0.07399872
314.783933,315659,315.654,2202,3838.66878,3.83866878,4141.354626,-0.073088608
314.784124,315709,315.704,2198,3823.616236,3.823616236,4141.354626,-0.076723299
314.784321,315759,315.754,2189,3789.979014,3.789979014,4141.354626,-0.084845574
314.784516,315809,315.804,2186,3778.837087,3.778837087,4141.354626,-0.087535981
314.784715,315859,315.854,2188,3786.261143,3.786261143,4141.354626,-0.085743317
314.784931,315909,315.904,2194,3808.627038,3.808627038,4141.354626,-0.080342694
314.785126,315959,315.954,2194,3808.627038,3.808627038,4141.354626,-0.080342694
314.78532,316009,316.004,2204,3846.218932,3.846218932,4141.354626,-0.071265497
314.785517,316059,316.054,2192,3801.156069,3.801156069,4141.354626,-0.082146686
314.785712,316109,316.104,2195,3812.368421,3.812368421,4141.354626,-0.079439274
314.785904,316159,316.154,2191,3797.426471,3.797426471,4141.354626,-0.08304726
314.786098,316209,316.204,2189,3789.979014,3.789979014,4141.354626,-0.084845574
314.786291,316259,316.254,2180,3756.657963,3.756657963,4141.354626,-0.092891505
314.786486,316309,316.304,2186,3778.837087,3.778837087,4141.354626,-0.087535981
314.786681,316359,316.354,2186,3778.837087,3.778837087,4141.354626,-0.087535981
314.786878,316409,316.404,2209,3865.164369,3.865164369,4141.354626,-0.066690801
314.787073,316459,316.454,2197,3819.863014,3.819863014,4141.354626,-0.077629578
314.787267,316509,316.504,2197,3819.863014,3.819863014,4141.354626,-0.077629578
314.787462,316559,316.554,2210,3868.965517,3.868965517,4141.354626,-0.065772949
314.787658,316609,316.604,2213,3880.393199,3.880393199,4141.354626,-0.063013543
314.787852,316659,316.654,2224,3922.608231,3.922608231,4141.354626,-0.05282001
314.896688,316709,316.704,2212,3876.579926,3.876579926,4141.354626,-0.063934322
314.989597,316759,316.754,2204,3846.218932,3.846218932,4141.354626,-0.071265497
314.989809,316809,316.804,2194,3808.627038,3.808627038,4141.354626,-0.080342694
314.990007,316859,316.854,2213,3880.393199,3.880393199,4141.354626,-0.063013543
315.000956,316909,316.904,2192,3801.156069,3.801156069,4141.354626,-0.082146686
315.107715,316959,316.954,2193,3804.88959,3.80488959,4141.354626,-0.081245164
315.224115,317009,317.004,2191,3797.426471,3.797426471,4141.354626,-0.08304726
315.327441,317059,317.054,2188,3786.261143,3.786261143,4141.354626,-0.085743317
315.430491,317109,317.104,2186,3778.837087,3.778837087,4141.354626,-0.087535981
315.523366,317159,317.154,2198,3823.616236,3.823616236,4141.354626,-0.076723299
315.52358,317209,317.204,2212,3876.579926,3.876579926,4141.354626,-0.063934322
315.523774,317259,317.254,2209,3865.164369,3.865164369,4141.354626,-0.066690801
315.523968,317309,317.304,2202,3838.66878,3.83866878,4141.354626,-0.073088608
315.524162,317359,317.354,2198,3823.616236,3.823616236,4141.354626,-0.076723299
315.524357,317409,317.404,2195,3812.368421,3.812368421,4141.354626,-0.079439274
315.550939,317459,317.454,2189,3789.979014,3.789979014,4141.354626,-0.084845574
315.660288,317509,317.504,2183,3767.730126,3.767730126,4141.354626,-0.090217944
315.76193,317559,317.554,2193,3804.88959,3.80488959,4141.354626,-0.081245164
315.910454,317609,317.604,2194,3808.627038,3.808627038,4141.354626,-0.080342694
316.006989,317659,317.654,2198,3823.616236,3.823616236,4141.354626,-0.076723299
316.007209,317709,317.704,2205,3850.0,3.85,4141.354626,-0.070352494
316.007412,317759,317.754,2204,3846.218932,3.846218932,4141.354626,-0.071265497
316.007616,317809,317.804,2214,3884.210526,3.884210526,4141.354626,-0.062091785
316.007819,317859,317.854,2221,3911.045891,3.911045891,4141.354626,-0.055611933
316.008094,317909,317.904,2219,3903.358209,3.903358209,4141.354626,-0.057468253
316.050967,317959,317.954,2196,3816.113744,3.816113744,4141.354626,-0.078534902
316.154012,318009,318.004,2194,3808.627038,3.808627038,4141.354626,-0.080342694
316.264506,318059,318.054,2197,3819.863014,3.819863014,4141.354626,-0.077629578
316.366187,318109,318.104,2189,3789.979014,3.789979014,4141.354626,-0.084845574
316.471383,318159,318.154,2189,3789.979014,3.789979014,4141.354626,-0.084845574
316.573208,318209,318.204,2181,3760.344828,3.760344828,4141.354626,-0.092001249
316.66749,318259,318.254,2188,3786.261143,3.786261143,4141.354626,-0.085743317
316.667703,318309,318.304,2189,3789.979014,3.789979014,4141.354626,-0.084845574
316.667902,318359,318.354,2194,3808.627038,3.808627038,4141.354626,-0.080342694
316.668099,318409,318.404,2184,3771.428571,3.771428571,4141.354626,-0.089324892
316.668296,318459,318.454,2222,3914.895889,3.914895889,4141.354626,-0.054682286
316.668491,318509,318.504,2209,3865.164369,3.865164369,4141.354626,-0.066690801
316.668686,318559,318.554,2198,3823.616236,3.823616236,4141.354626,-0.076723299
316.701061,318609,318.604,2194,3808.627038,3.808627038,4141.354626,-0.080342694
316.809297,318659,318.654,2184,3771.428571,3.771428571,4141.354626,-0.089324892
316.91012,318709,318.704,2191,3797.426471,3.797426471,4141.354626,-0.08304726
317.014548,318759,318.754,2174,3734.617387,3.734617387,4141.354626,-0.098213574
317.117204,318809,318.804,2200,3831.134565,3.831134565,4141.354626,-0.074907872
317.224438,318859,318.854,2194,3808.627038,3.808627038,4141.354626,-0.080342694
317.382971,318909,318.904,2191,3797.426471,3.797426471,4141.354626,-0.08304726
317.509591,318959,318.954,2191,3797.426471,3.797426471,4141.354626,-0.08304726
317.625489,319009,319.004,2222,3914.895889,3.914895889,4141.354626,-0.054682286
317.736885,319059,319.054,2224,3922.608231,3.922608231,4141.354626,-0.05282001
317.849194,319109,319.104,2216,3891.857371,3.891857371,4141.354626,-0.060245325
317.954275,319159,319.154,2203,3842.44186,3.84244186,4141.354626,-0.072177534
318.059438,319209,319.204,2197,3819.863014,3.819863014,4141.354626,-0.077629578
318.164428,319259,319.254,2200,3831.134565,3.831134565,4141.354626,-0.074907872
318.260481,319309,319.304,2190,3793.700787,3.793700787,4141.354626,-0.083946889
318.260693,319359,319.354,2191,3797.426471,3.797426471,4141.354626,-0.08304726
318.260898,319409,319.404,2187,3782.54717,3.78254717,4141.354626,-0.086640119
318.261095,319459,319.454,2186,3778.837087,3.778837087,4141.354626,-0.087535981
318.26129,319509,319.504,2201,3834.899683,3.834899683,4141.354626,-0.07399872
318.261486,319559,319.554,2189,3789.979014,3.789979014,4141.354626,-0.084845574
318.261679,319609,319.604,2190,3793.700787,3.793700787,4141.354626,-0.083946889
318.261873,319659,319.654,2225,3926.470588,3.926470588,4141.354626,-0.051887379
318.262067,319709,319.704,2193,3804.88959,3.80488959,4141.354626,-0.081245164
318.26226,319759,319.754,2198,3823.616236,3.823616236,4141.354626,-0.076723299
318.262455,319809,319.804,2191,3797.426471,3.797426471,4141.354626,-0.08304726
318.262648,319859,319.854,2197,3819.863014,3.819863014,4141.354626,-0.077629578
318.263023,319909,319.904,2188,3786.261143,3.786261143,4141.354626,-0.085743317
318.26322,319959,319.954,2190,3793.700787,3.793700787,4141.354626,-0.083946889
318.263415,320009,320.004,2196,3816.113744,3.816113744,4141.354626,-0.078534902
318.263611,320059,320.054,2193,3804.88959,3.80488959,4141.354626,-0.081245164
318.263805,320109,320.104,2216,3891.857371,3.891857371,4141.354626,-0.060245325
318.264002,320159,320.154,2197,3819.863014,3.819863014,4141.354626,-0.077629578
318.30096,320209,320.204,2204,3846.218932,3.846218932,4141.354626,-0.071265497
318.412915,320259,320.254,2211,3872.770701,3.872770701,4141.354626,-0.064854124
318.515833,320309,320.304,2222,3914.895889,3.914895889,4141.354626,-0.054682286
318.618412,320359,320.354,2208,3861.36725,3.86136725,4141.354626,-0.067607679
318.720349,320409,320.404,2199,3827.373418,3.827373418,4141.354626,-0.075816064
318.815441,320459,320.454,2187,3782.54717,3.78254717,4141.354626,-0.086640119
318.815655,320509,320.504,2195,3812.368421,3.812368421,4141.354626,-0.079439274
318.815851,320559,320.554,2194,3808.627038,3.808627038,4141.354626,-0.080342694
318.816045,320609,320.604,2192,3801.156069,3.801156069,4141.354626,-0.082146686
318.816246,320659,320.654,2190,3793.700787,3.793700787,4141.354626,-0.083946889
318.816446,320709,320.704,2190,3793.700787,3.793700787,4141.354626,-0.083946889
318.850968,320759,320.754,2194,3808.627038,3.808627038,4141.354626,-0.080342694
318.95979,320809,320.804,2198,3823.616236,3.823616236,4141.354626,-0.076723299
319.061866,320859,320.854,2212,3876.579926,3.876579926,4141.354626,-0.063934322
319.165131,320909,320.904,2218,3899.520511,3.899520511,4141.354626,-0.05839493
319.267903,320959,320.954,2174,3734.617387,3.734617387,4141.354626,-0.098213574
319.362644,321009,321.004,2192,3801.156069,3.801156069,4141.354626,-0.082146686
319.362857,321059,321.054,2215,3888.031915,3.888031915,4141.354626,-0.061169046
319.363052,321109,321.104,2195,3812.368421,3.812368421,4141.354626,-0.079439274
319.363247,321159,321.154,2187,3782.54717,3.78254717,4141.354626,-0.086640119
319.363443,321209,321.204,2183,3767.730126,3.767730126,4141.354626,-0.090217944
319.363639,321259,321.254,2192,3801.156069,3.801156069,4141.354626,-0.082146686
319.400992,321309,321.304,2194,3808.627038,3.808627038,4141.354626,-0.080342694
319.505148,321359,321.354,2197,3819.863014,3.819863014,4141.354626,-0.077629578
319.61554,321409,321.404,2195,3812.368421,3.812368421,4141.354626,-0.079439274
319.718037,321459,321.454,2221,3911.045891,3.911045891,4141.354626,-0.055611933
319.814087,321509,321.504,2227,3934.207709,3.934207709,4141.354626,-0.050019121
319.814299,321559,321.554,2213,3880.393199,3.880393199,4141.354626,-0.063013543
319.814498,321609,321.604,2198,3823.616236,3.823616236,4141.354626,-0.076723299
319.814695,321659,321.654,2194,3808.627038,3.808627038,4141.354626,-0.080342694
319.81489,321709,321.704,2187,3782.54717,3.78254717,4141.354626,-0.086640119
319.850971,321759,321.754,2195,3812.368421,3.812368421,4141.354626,-0.079439274
319.952793,321809,321.804,2192,3801.156069,3.801156069,4141.354626,-0.082146686
320.06126,321859,321.854,2187,3782.54717,3.78254717,4141.354626,-0.086640119
320.163842,321909,321.904,2179,3752.974948,3.752974948,4141.354626,-0.093780831
320.266047,321959,321.954,2185,3775.13089,3.77513089,4141.354626,-0.088430905
320.368289,322009,322.004,2196,3816.113744,3.816113744,4141.354626,-0.078534902
320.462504,322059,322.054,2229,3941.961415,3.941961415,4141.354626,-0.048146857
320.462715,322109,322.104,2238,3977.059774,3.977059774,4141.354626,-0.039671766
320.462911,322159,322.154,2201,3834.899683,3.834899683,4141.354626,-0.07399872
320.463105,322209,322.204,2202,3838.66878,3.83866878,4141.354626,-0.073088608
320.463298,322259,322.254,2191,3797.426471,3.797426471,4141.354626,-0.08304726
320.463493,322309,322.304,2188,3786.261143,3.786261143,4141.354626,-0.085743317
320.463687,322359,322.354,2193,3804.88959,3.80488959,4141.354626,-0.081245164
320.500908,322409,322.404,2199,3827.373418,3.827373418,4141.354626,-0.075816064
320.609873,322459,322.454,2190,3793.700787,3.793700787,4141.354626,-0.083946889
320.711547,322509,322.504,2200,3831.134565,3.831134565,4141.354626,-0.074907872
320.812565,322559,322.554,2198,3823.616236,3.823616236,4141.354626,-0.076723299
320.913927,322609,322.604,2209,3865.164369,3.865164369,4141.354626,-0.066690801
321.009141,322659,322.654,2205,3850.0,3.85,4141.354626,-0.070352494
321.009352,322709,322.704,2215,3888.031915,3.888031915,4141.354626,-0.061169046
321.009551,322759,322.754,2220,3907.2,3.9072,4141.354626,-0.056540588
321.009745,322809,322.804,2209,3865.164369,3.865164369,4141.354626,-0.066690801
321.009939,322859,322.854,2196,3816.113744,3.816113744,4141.354626,-0.078534902
321.010194,322909,322.904,2187,3782.54717,3.78254717,4141.354626,-0.086640119
321.05094,322959,322.954,2194,3808.627038,3.808627038,4141.354626,-0.080342694
321.160625,323009,323.004,2193,3804.88959,3.80488959,4141.354626,-0.081245164
321.262438,323059,323.054,2193,3804.88959,3.80488959,4141.354626,-0.081245164
321.36441,323109,323.104,2189,3789.979014,3.789979014,4141.354626,-0.084845574
321.465929,323159,323.154,2192,3801.156069,3.801156069,4141.354626,-0.082146686
321.560203,323209,323.204,2191,3797.426471,3.797426471,4141.354626,-0.08304726
321.560414,323259,323.254,2199,3827.373418,3.827373418,4141.354626,-0.075816064
321.56061,323309,323.304,2220,3907.2,3.9072,4141.354626,-0.056540588
321.560807,323359,323.354,2193,3804.88959,3.80488959,4141.354626,-0.081245164
321.561003,323409,323.404,2191,3797.426471,3.797426471,4141.354626,-0.08304726
321.561199,323459,323.454,2191,3797.426471,3.797426471,4141.354626,-0.08304726
321.600961,323509,323.504,2187,3782.54717,3.78254717,4141.354626,-0.086640119
321.709178,323559,323.554,2182,3764.035546,3.764035546,4141.354626,-0.091110063
321.810848,323609,323.604,2183,3767.730126,3.767730126,4141.354626,-0.090217944
321.912468,323659,323.654,2193,3804.88959,3.80488959,4141.354626,-0.081245164
322.014844,323709,323.704,2202,3838.66878,3.83866878,4141.354626,-0.073088608
322.109799,323759,323.754,2196,3816.113744,3.816113744,4141.354626,-0.078534902
322.110009,323809,323.804,2186,3778.837087,3.778837087,4141.354626,-0.087535981
322.110205,323859,323.854,2208,3861.36725,3.86136725,4141.354626,-0.067607679
322.110463,323909,323.904,2211,3872.770701,3.872770701,4141.354626,-0.064854124
322.110659,323959,323.954,2219,3903.358209,3.903358209,4141.354626,-0.057468253
322.110854,324009,324.004,2209,3865.164369,3.865164369,4141.354626,-0.066690801
322.150955,324059,324.054,2194,3808.627038,3.808627038,4141.354626,-0.080342694
322.260897,324109,324.104,2198,3823.616236,3.823616236,4141.354626,-0.076723299
322.363551,324159,324.154,2196,3816.113744,3.816113744,4141.354626,-0.078534902
322.465443,324209,324.204,2196,3816.113744,3.816113744,4141.354626,-0.078534902
322.566819,324259,324.254,2194,3808.627038,3.808627038,4141.354626,-0.080342694
322.662587,324309,324.304,2198,3823.616236,3.823616236,4141.354626,-0.076723299
322.662799,324359,324.354,2190,3793.700787,3.793700787,4141.354626,-0.083946889
322.662997,324409,324.404,2193,3804.88959,3.80488959,4141.354626,-0.081245164
322.663194,324459,324.454,2205,3850.0,3.85,4141.354626,-0.070352494
322.663388,324509,324.504,2216,3891.857371,3.891857371,4141.354626,-0.060245325
322.663582,324559,324.554,2198,3823.616236,3.823616236,4141.354626,-0.076723299
322.700924,324609,324.604,2212,3876.579926,3.876579926,4141.354626,-0.063934322
322.810164,324659,324.654,2200,3831.134565,3.831134565,4141.354626,-0.074907872
322.912235,324709,324.704,2191,3797.426471,3.797426471,4141.354626,-0.08304726
323.014505,324759,324.754,2193,3804.88959,3.80488959,4141.354626,-0.081245164
323.117929,324809,324.804,2187,3782.54717,3.78254717,4141.354626,-0.086640119
323.212971,324859,324.854,2200,3831.134565,3.831134565,4141.354626,-0.074907872
323.213352,324909,324.904,2195,3812.368421,3.812368421,4141.354626,-0.079439274
323.213554,324959,324.954,2205,3850.0,3.85,4141.354626,-0.070352494
323.213751,325009,325.004,2195,3812.368421,3.812368421,4141.354626,-0.079439274
323.213947,325059,325.054,2199,3827.373418,3.827373418,4141.354626,-0.075816064
323.214142,325109,325.104,2209,3865.164369,3.865164369,4141.354626,-0.066690801
323.250956,325159,325.154,2220,3907.2,3.9072,4141.354626,-0.056540588
323.362542,325209,325.204,2218,3899.520511,3.899520511,4141.354626,-0.05839493
323.468442,325259,325.254,2206,3853.785071,3.853785071,4141.354626,-0.069438524
323.572301,325309,325.304,2203,3842.44186,3.84244186,4141.354626,-0.072177534
323.675054,325359,325.354,2197,3819.863014,3.819863014,4141.354626,-0.077629578
323.771536,325409,325.404,2195,3812.368421,3.812368421,4141.354626,-0.079439274
323.771745,325459,325.454,2194,3808.627038,3.808627038,4141.354626,-0.080342694
323.771941,325509,325.504,2190,3793.700787,3.793700787,4141.354626,-0.083946889
323.772135,325559,325.554,2183,3767.730126,3.767730126,4141.354626,-0.090217944
323.77233,325609,325.604,2189,3789.979014,3.789979014,4141.354626,-0.084845574
323.772524,325659,325.654,2188,3786.261143,3.786261143,4141.354626,-0.085743317
323.800887,325709,325.704,2199,3827.373418,3.827373418,4141.354626,-0.075816064
323.910975,325759,325.754,2218,3899.520511,3.899520511,4141.354626,-0.05839493
324.014691,325809,325.804,2198,3823.616236,3.823616236,4141.354626,-0.076723299
324.12028,325859,325.854,2200,3831.134565,3.831134565,4141.354626,-0.074907872
324.226432,325909,325.904,2194,3808.627038,3.808627038,4141.354626,-0.080342694
324.323,325959,325.954,2188,3786.261143,3.786261143,4141.354626,-0.085743317
324.323212,326009,326.004,2200,3831.134565,3.831134565,4141.354626,-0.074907872
324.32341,326059,326.054,2200,3831.134565,3.831134565,4141.354626,-0.074907872
324.323607,326109,326.104,2187,3782.54717,3.78254717,4141.354626,-0.086640119
324.323802,326159,326.154,2202,3838.66878,3.83866878,4141.354626,-0.073088608
324.323998,326209,326.204,2197,3819.863014,3.819863014,4141.354626,-0.077629578
324.350948,326259,326.254,2199,3827.373418,3.827373418,4141.354626,-0.075816064
324.461436,326309,326.304,2213,3880.393199,3.880393199,4141.354626,-0.063013543
324.565002,326359,326.354,2215,3888.031915,3.888031915,4141.354626,-0.061169046
324.66115,326409,326.404,2222,3914.895889,3.914895889,4141.354626,-0.054682286
324.661363,326459,326.454,2202,3838.66878,3.83866878,4141.354626,-0.073088608
324.661563,326509,326.504,2204,3846.218932,3.846218932,4141.354626,-0.071265497
324.66176,326559,326.554,2200,3831.134565,3.831134565,4141.354626,-0.074907872
324.700927,326609,326.604,2194,3808.627038,3.808627038,4141.354626,-0.080342694
324.81039,326659,326.654,2196,3816.113744,3.816113744,4141.354626,-0.078534902
324.906529,326709,326.704,2182,3764.035546,3.764035546,4141.354626,-0.091110063
324.906741,326759,326.754,2184,3771.428571,3.771428571,4141.354626,-0.089324892
324.906937,326809,326.804,2193,3804.88959,3.80488959,4141.354626,-0.081245164
324.950941,326859,326.854,2190,3793.700787,3.793700787,4141.354626,-0.083946889
325.062992,326909,326.904,2193,3804.88959,3.80488959,4141.354626,-0.081245164
325.168947,326959,326.954,2222,3914.895889,3.914895889,4141.354626,-0.054682286
325.272643,327009,327.004,2197,3819.863014,3.819863014,4141.354626,-0.077629578
325.375539,327059,327.054,2192,3801.156069,3.801156069,4141.354626,-0.082146686
325.471621,327109,327.104,2195,3812.368421,3.812368421,4141.354626,-0.079439274
325.471832,327159,327.154,2190,3793.700787,3.793700787,4141.354626,-0.083946889
325.47203,327209,327.204,2201,3834.899683,3.834899683,4141.354626,-0.07399872
325.472225,327259,327.254,2187,3782.54717,3.78254717,4141.354626,-0.086640119
325.472419,327309,327.304,2182,3764.035546,3.764035546,4141.354626,-0.091110063
325.472614,327359,327.354,2188,3786.261143,3.786261143,4141.354626,-0.085743317
325.500928,327409,327.404,2200,3831.134565,3.831134565,4141.354626,-0.074907872
325.61152,327459,327.454,2201,3834.899683,3.834899683,4141.354626,-0.07399872
325.714508,327509,327.504,2198,3823.616236,3.823616236,4141.354626,-0.076723299
325.816997,327559,327.554,2202,3838.66878,3.83866878,4141.354626,-0.073088608
325.919498,327609,327.604,2229,3941.961415,3.941961415,4141.354626,-0.048146857
326.015646,327659,327.654,2202,3838.66878,3.83866878,4141.354626,-0.073088608
326.015858,327709,327.704,2213,3880.393199,3.880393199,4141.354626,-0.063013543
326.016054,327759,327.754,2203,3842.44186,3.84244186,4141.354626,-0.072177534
326.016247,327809,327.804,2189,3789.979014,3.789979014,4141.354626,-0.084845574
326.016442,327859,327.854,2195,3812.368421,3.812368421,4141.354626,-0.079439274
326.016692,327909,327.904,2198,3823.616236,3.823616236,4141.354626,-0.076723299
326.050988,327959,327.954,2189,3789.979014,3.789979014,4141.354626,-0.084845574
326.162697,328009,328.004,2178,3749.295775,3.749295775,4141.354626,-0.094669229
326.266862,328059,328.054,2181,3760.344828,3.760344828,4141.354626,-0.092001249
326.369919,328109,328.104,2223,3918.75,3.91875,4141.354626,-0.053751645
326.475815,328159,328.154,2207,3857.574153,3.857574153,4141.354626,-0.068523587
326.573517,328209,328.204,2212,3876.579926,3.876579926,4141.354626,-0.063934322
326.573728,328259,328.254,2198,3823.616236,3.823616236,4141.354626,-0.076723299
326.573926,328309,328.304,2194,3808.627038,3.808627038,4141.354626,-0.080342694
326.574121,328359,328.354,2192,3801.156069,3.801156069,4141.354626,-0.082146686
326.574315,328409,328.404,2180,3756.657963,3.756657963,4141.354626,-0.092891505
326.57451,328459,328.454,2183,3767.730126,3.767730126,4141.354626,-0.090217944
326.600877,328509,328.504,2200,3831.134565,3.831134565,4141.354626,-0.074907872
326.710724,328559,328.554,2196,3816.113744,3.816113744,4141.354626,-0.078534902
326.813779,328609,328.604,2180,3756.657963,3.756657963,4141.354626,-0.092891505
326.917874,328659,328.654,2199,3827.373418,3.827373418,4141.354626,-0.075816064
327.022143,328709,328.704,2208,3861.36725,3.86136725,4141.354626,-0.067607679
327.119616,328759,328.754,2215,3888.031915,3.888031915,4141.354626,-0.061169046
327.119827,328809,328.804,2226,3930.337079,3.930337079,4141.354626,-0.05095375
327.120022,328859,328.854,2216,3891.857371,3.891857371,4141.354626,-0.060245325
327.120272,328909,328.904,2197,3819.863014,3.819863014,4141.354626,-0.077629578
327.120468,328959,328.954,2195,3812.368421,3.812368421,4141.354626,-0.079439274
327.120663,329009,329.004,2180,3756.657963,3.756657963,4141.354626,-0.092891505
327.150964,329059,329.054,2174,3734.617387,3.734617387,4141.354626,-0.098213574
327.264599,329109,329.104,2204,3846.218932,3.846218932,4141.354626,-0.071265497
327.370519,329159,329.154,2189,3789.979014,3.789979014,4141.354626,-0.084845574
327.524503,329209,329.204,2175,3738.28125,3.73828125,4141.354626,-0.097328872
327.631739,329259,329.254,2182,3764.035546,3.764035546,4141.354626,-0.091110063
327.764166,329309,329.304,2180,3756.657963,3.756657963,4141.354626,-0.092891505
327.882824,329359,329.354,2190,3793.700787,3.793700787,4141.354626,-0.083946889
327.990711,329409,329.404,2221,3911.045891,3.911045891,4141.354626,-0.055611933
328.09681,329459,329.454,2210,3868.965517,3.868965517,4141.354626,-0.065772949
328.194604,329509,329.504,2193,3804.88959,3.80488959,4141.354626,-0.081245164
328.194817,329559,329.554,2185,3775.13089,3.77513089,4141.354626,-0.088430905
328.195013,329609,329.604,2178,3749.295775,3.749295775,4141.354626,-0.094669229
328.195208,329659,329.654,2168,3712.714063,3.712714063,4141.354626,-0.103502501
328.195403,329709,329.704,2200,3831.134565,3.831134565,4141.354626,-0.074907872
328.195597,329759,329.754,2192,3801.156069,3.801156069,4141.354626,-0.082146686
328.195791,329809,329.804,2189,3789.979014,3.789979014,4141.354626,-0.084845574
328.195985,329859,329.854,2194,3808.627038,3.808627038,4141.354626,-0.080342694
328.196235,329909,329.904,2207,3857.574153,3.857574153,4141.354626,-0.068523587
328.19643,329959,329.954,2207,3857.574153,3.857574153,4141.354626,-0.068523587
328.196622,330009,330.004,2210,3868.965517,3.868965517,4141.354626,-0.065772949
328.196815,330059,330.054,2220,3907.2,3.9072,4141.354626,-0.056540588
328.20094,330109,330.104,2206,3853.785071,3.853785071,4141.354626,-0.069438524
328.313955,330159,330.154,2204,3846.218932,3.846218932,4141.354626,-0.071265497
328.418201,330209,330.204,2196,3816.113744,3.816113744,4141.354626,-0.078534902
328.522921,330259,330.254,2190,3793.700787,3.793700787,4141.354626,-0.083946889
328.639344,330309,330.304,2190,3793.700787,3.793700787,4141.354626,-0.083946889
328.737141,330359,330.354,2187,3782.54717,3.78254717,4141.354626,-0.086640119
328.737355,330409,330.404,2178,3749.295775,3.749295775,4141.354626,-0.094669229
328.737552,330459,330.454,2182,3764.035546,3.764035546,4141.354626,-0.091110063
328.737748,330509,330.504,2177,3745.620438,3.745620438,4141.354626,-0.095556701
328.737944,330559,330.554,2190,3793.700787,3.793700787,4141.354626,-0.083946889
328.738139,330609,330.604,2215,3888.031915,3.888031915,4141.354626,-0.061169046
328.750951,330659,330.654,2201,3834.899683,3.834899683,4141.354626,-0.07399872
328.862433,330709,330.704,2193,3804.88959,3.80488959,4141.354626,-0.081245164
328.966471,330759,330.754,2193,3804.88959,3.80488959,4141.354626,-0.081245164
329.070146,330809,330.804,2193,3804.88959,3.80488959,4141.354626,-0.081245164
329.17464,330859,330.854,2181,3760.344828,3.760344828,4141.354626,-0.092001249
329.273928,330909,330.904,2190,3793.700787,3.793700787,4141.354626,-0.083946889
329.27414,330959,330.954,2179,3752.974948,3.752974948,4141.354626,-0.093780831
329.274337,331009,331.004,2189,3789.979014,3.789979014,4141.354626,-0.084845574
329.274532,331059,331.054,2190,3793.700787,3.793700787,4141.354626,-0.083946889
329.274726,331109,331.104,2199,3827.373418,3.827373418,4141.354626,-0.075816064
329.274921,331159,331.154,2215,3888.031915,3.888031915,4141.354626,-0.061169046
329.300957,331209,331.204,2208,3861.36725,3.86136725,4141.354626,-0.067607679
329.412163,331259,331.254,2209,3865.164369,3.865164369,4141.354626,-0.066690801
329.517522,331309,331.304,2200,3831.134565,3.831134565,4141.354626,-0.074907872
329.621545,331359,331.354,2207,3857.574153,3.857574153,4141.354626,-0.068523587
329.718616,331409,331.404,2192,3801.156069,3.801156069,4141.354626,-0.082146686
329.718833,331459,331.454,2196,3816.113744,3.816113744,4141.354626,-0.078534902
329.719033,331509,331.504,2192,3801.156069,3.801156069,4141.354626,-0.082146686
329.719232,331559,331.554,2185,3775.13089,3.77513089,4141.354626,-0.088430905
329.719429,331609,331.604,2188,3786.261143,3.786261143,4141.354626,-0.085743317
329.750864,331659,331.654,2174,3734.617387,3.734617387,4141.354626,-0.098213574
329.854821,331709,331.704,2177,3745.620438,3.745620438,4141.354626,-0.095556701
329.958825,331759,331.754,2214,3884.210526,3.884210526,4141.354626,-0.062091785
330.069305,331809,331.804,2215,3888.031915,3.888031915,4141.354626,-0.061169046
330.172447,331859,331.854,2206,3853.785071,3.853785071,4141.354626,-0.069438524
330.277704,331909,331.904,2196,3816.113744,3.816113744,4141.354626,-0.078534902
330.374477,331959,331.954,2173,3730.957336,3.730957336,4141.354626,-0.099097355
330.374694,332009,332.004,2187,3782.54717,3.78254717,4141.354626,-0.086640119
330.374892,332059,332.054,2175,3738.28125,3.73828125,4141.354626,-0.097328872
330.375089,332109,332.104,2180,3756.657963,3.756657963,4141.354626,-0.092891505
330.375283,332159,332.154,2190,3793.700787,3.793700787,4141.354626,-0.083946889
330.375477,332209,332.204,2197,3819.863014,3.819863014,4141.354626,-0.077629578
330.375671,332259,332.254,2199,3827.373418,3.827373418,4141.354626,-0.075816064
330.400898,332309,332.304,2203,3842.44186,3.84244186,4141.354626,-0.072177534
330.511845,332359,332.354,2191,3797.426471,3.797426471,4141.354626,-0.08304726
330.615694,332409,332.404,2214,3884.210526,3.884210526,4141.354626,-0.062091785
330.719448,332459,332.454,2218,3899.520511,3.899520511,4141.354626,-0.05839493
330.822404,332509,332.504,2215,3888.031915,3.888031915,4141.354626,-0.061169046
330.91924,332559,332.554,2202,3838.66878,3.83866878,4141.354626,-0.073088608
330.919451,332609,332.604,2193,3804.88959,3.80488959,4141.354626,-0.081245164
330.91965,332659,332.654,2187,3782.54717,3.78254717,4141.354626,-0.086640119
330.919844,332709,332.704,2181,3760.344828,3.760344828,4141.354626,-0.092001249
330.920038,332759,332.754,2180,3756.657963,3.756657963,4141.354626,-0.092891505
330.920231,332809,332.804,2171,3723.648649,3.723648649,4141.354626,-0.100862161
330.950904,332859,332.854,2177,3745.620438,3.745620438,4141.354626,-0.095556701
331.061828,332909,332.904,2182,3764.035546,3.764035546,4141.354626,-0.091110063
331.165445,332959,332.954,2189,3789.979014,3.789979014,4141.354626,-0.084845574
331.26929,333009,333.004,2195,3812.368421,3.812368421,4141.354626,-0.079439274
331.372276,333059,333.054,2225,3926.470588,3.926470588,4141.354626,-0.051887379
331.468665,333109,333.104,2214,3884.210526,3.884210526,4141.354626,-0.062091785
331.468876,333159,333.154,2196,3816.113744,3.816113744,4141.354626,-0.078534902
331.469072,333209,333.204,2182,3764.035546,3.764035546,4141.354626,-0.091110063
331.469269,333259,333.254,2178,3749.295775,3.749295775,4141.354626,-0.094669229
331.469466,333309,333.304,2172,3727.301092,3.727301092,4141.354626,-0.099980217
331.469662,333359,333.354,2197,3819.863014,3.819863014,4141.354626,-0.077629578
331.500885,333409,333.404,2208,3861.36725,3.86136725,4141.354626,-0.067607679
331.610286,333459,333.454,2199,3827.373418,3.827373418,4141.354626,-0.075816064
331.713247,333509,333.504,2195,3812.368421,3.812368421,4141.354626,-0.079439274
331.816292,333559,333.554,2209,3865.164369,3.865164369,4141.354626,-0.066690801
331.918805,333609,333.604,2209,3865.164369,3.865164369,4141.354626,-0.066690801
332.014294,333659,333.654,2215,3888.031915,3.888031915,4141.354626,-0.061169046
332.014506,333709,333.704,2219,3903.358209,3.903358209,4141.354626,-0.057468253
332.014705,333759,333.754,2205,3850.0,3.85,4141.354626,-0.070352494
332.014901,333809,333.804,2182,3764.035546,3.764035546,4141.354626,-0.091110063
332.015098,333859,333.854,2184,3771.428571,3.771428571,4141.354626,-0.089324892
332.015354,333909,333.904,2189,3789.979014,3.789979014,4141.354626,-0.084845574
332.05086,333959,333.954,2182,3764.035546,3.764035546,4141.354626,-0.091110063
332.161954,334009,334.004,2179,3752.974948,3.752974948,4141.354626,-0.093780831
332.265411,334059,334.054,2180,3756.657963,3.756657963,4141.354626,-0.092891505
332.368636,334109,334.104,2183,3767.730126,3.767730126,4141.354626,-0.090217944
332.471111,334159,334.154,2183,3767.730126,3.767730126,4141.354626,-0.090217944
332.567551,334209,334.204,2190,3793.700787,3.793700787,4141.354626,-0.083946889
332.567763,334259,334.254,2209,3865.164369,3.865164369,4141.354626,-0.066690801
332.567962,334309,334.304,2198,3823.616236,3.823616236,4141.354626,-0.076723299
332.568157,334359,334.354,2184,3771.428571,3.771428571,4141.354626,-0.089324892
332.568354,334409,334.404,2192,3801.156069,3.801156069,4141.354626,-0.082146686
332.568549,334459,334.454,2179,3752.974948,3.752974948,4141.354626,-0.093780831
332.600867,334509,334.504,2183,3767.730126,3.767730126,4141.354626,-0.090217944
332.71023,334559,334.554,2178,3749.295775,3.749295775,4141.354626,-0.094669229
332.812641,334609,334.604,2187,3782.54717,3.78254717,4141.354626,-0.086640119
332.915229,334659,334.654,2196,3816.113744,3.816113744,4141.354626,-0.078534902
333.017736,334709,334.704,2197,3819.863014,3.819863014,4141.354626,-0.077629578
333.114455,334759,334.754,2205,3850.0,3.85,4141.354626,-0.070352494
333.114668,334809,334.804,2219,3903.358209,3.903358209,4141.354626,-0.057468253
333.114863,334859,334.854,2206,3853.785071,3.853785071,4141.354626,-0.069438524
333.115122,334909,334.904,2229,3941.961415,3.941961415,4141.354626,-0.048146857
333.115321,334959,334.954,2217,3895.686901,3.895686901,4141.354626,-0.05932062
333.115517,335009,335.004,2202,3838.66878,3.83866878,4141.354626,-0.073088608
333.15096,335059,335.054,2193,3804.88959,3.80488959,4141.354626,-0.081245164
333.261987,335109,335.104,2197,3819.863014,3.819863014,4141.354626,-0.077629578
333.365163,335159,335.154,2186,3778.837087,3.778837087,4141.354626,-0.087535981
333.467441,335209,335.204,2185,3775.13089,3.77513089,4141.354626,-0.088430905
333.569978,335259,335.254,2189,3789.979014,3.789979014,4141.354626,-0.084845574
333.665485,335309,335.304,2176,3741.948932,3.741948932,4141.354626,-0.096443249
333.665695,335359,335.354,2182,3764.035546,3.764035546,4141.354626,-0.091110063
333.665895,335409,335.404,2212,3876.579926,3.876579926,4141.354626,-0.063934322
333.666091,335459,335.454,2196,3816.113744,3.816113744,4141.354626,-0.078534902
333.666287,335509,335.504,2223,3918.75,3.91875,4141.354626,-0.053751645
333.666485,335559,335.554,2198,3823.616236,3.823616236,4141.354626,-0.076723299
333.700874,335609,335.604,2174,3734.617387,3.734617387,4141.354626,-0.098213574
333.810273,335659,335.654,2186,3778.837087,3.778837087,4141.354626,-0.087535981
333.912829,335709,335.704,2183,3767.730126,3.767730126,4141.354626,-0.090217944
334.017158,335759,335.754,2184,3771.428571,3.771428571,4141.354626,-0.089324892
334.119936,335809,335.804,2191,3797.426471,3.797426471,4141.354626,-0.08304726
334.215476,335859,335.854,2179,3752.974948,3.752974948,4141.354626,-0.093780831
334.215761,335909,335.904,2192,3801.156069,3.801156069,4141.354626,-0.082146686
334.21596,335959,335.954,2193,3804.88959,3.80488959,4141.354626,-0.081245164
334.216156,336009,336.004,2201,3834.899683,3.834899683,4141.354626,-0.07399872
334.216351,336059,336.054,2215,3888.031915,3.888031915,4141.354626,-0.061169046
334.216546,336109,336.104,2221,3911.045891,3.911045891,4141.354626,-0.055611933
334.250973,336159,336.154,2220,3907.2,3.9072,4141.354626,-0.056540588
334.362079,336209,336.204,2208,3861.36725,3.86136725,4141.354626,-0.067607679
334.465253,336259,336.254,2185,3775.13089,3.77513089,4141.354626,-0.088430905
334.568027,336309,336.304,2188,3786.261143,3.786261143,4141.354626,-0.085743317
334.670553,336359,336.354,2185,3775.13089,3.77513089,4141.354626,-0.088430905
334.766508,336409,336.404,2187,3782.54717,3.78254717,4141.354626,-0.086640119
334.766721,336459,336.454,2174,3734.617387,3.734617387,4141.354626,-0.098213574
334.766924,336509,336.504,2199,3827.373418,3.827373418,4141.354626,-0.075816064
334.767119,336559,336.554,2182,3764.035546,3.764035546,4141.354626,-0.091110063
334.767314,336609,336.604,2177,3745.620438,3.745620438,4141.354626,-0.095556701
334.767508,336659,336.654,2189,3789.979014,3.789979014,4141.354626,-0.084845574
334.800969,336709,336.704,2229,3941.961415,3.941961415,4141.354626,-0.048146857
334.906844,336759,336.754,2206,3853.785071,3.853785071,4141.354626,-0.069438524
335.006691,336809,336.804,2193,3804.88959,3.80488959,4141.354626,-0.081245164
335.006912,336859,336.854,2190,3793.700787,3.793700787,4141.354626,-0.083946889
335.100469,336909,336.904,2187,3782.54717,3.78254717,4141.354626,-0.086640119
335.100687,336959,336.954,2186,3778.837087,3.778837087,4141.354626,-0.087535981
335.100934,337009,337.004,2189,3789.979014,3.789979014,4141.354626,-0.084845574
335.151017,337059,337.054,2192,3801.156069,3.801156069,4141.354626,-0.082146686
335.257915,337109,337.104,2203,3842.44186,3.84244186,4141.354626,-0.072177534
335.350668,337159,337.154,2209,3865.164369,3.865164369,4141.354626,-0.066690801
335.350883,337209,337.204,2209,3865.164369,3.865164369,4141.354626,-0.066690801
335.351081,337259,337.254,2215,3888.031915,3.888031915,4141.354626,-0.061169046
335.400945,337309,337.304,2230,3945.844504,3.945844504,4141.354626,-0.04720922
335.507839,337359,337.354,2227,3934.207709,3.934207709,4141.354626,-0.050019121
335.607319,337409,337.404,2209,3865.164369,3.865164369,4141.354626,-0.066690801
335.607541,337459,337.454,2196,3816.113744,3.816113744,4141.354626,-0.078534902
335.607739,337509,337.504,2194,3808.627038,3.808627038,4141.354626,-0.080342694
335.650874,337559,337.554,2192,3801.156069,3.801156069,4141.354626,-0.082146686
335.769993,337609,337.604,2179,3752.974948,3.752974948,4141.354626,-0.093780831
335.868173,337659,337.654,2177,3745.620438,3.745620438,4141.354626,-0.095556701
335.868388,337709,337.704,2182,3764.035546,3.764035546,4141.354626,-0.091110063
335.868586,337759,337.754,2181,3760.344828,3.760344828,4141.354626,-0.092001249
335.900878,337809,337.804,2186,3778.837087,3.778837087,4141.354626,-0.087535981
336.008052,337859,337.854,2187,3782.54717,3.78254717,4141.354626,-0.086640119
336.109828,337909,337.904,2196,3816.113744,3.816113744,4141.354626,-0.078534902
336.210401,337959,337.954,2201,3834.899683,3.834899683,4141.354626,-0.07399872
336.3101,338009,338.004,2196,3816.113744,3.816113744,4141.354626,-0.078534902
336.31033,338059,338.054,2190,3793.700787,3.793700787,4141.354626,-0.083946889
336.310531,338109,338.104,2182,3764.035546,3.764035546,4141.354626,-0.091110063
336.403202,338159,338.154,2185,3775.13089,3.77513089,4141.354626,-0.088430905
336.403415,338209,338.204,2186,3778.837087,3.778837087,4141.354626,-0.087535981
336.403613,338259,338.254,2186,3778.837087,3.778837087,4141.354626,-0.087535981
336.403808,338309,338.304,2202,3838.66878,3.83866878,4141.354626,-0.073088608
336.450928,338359,338.354,2198,3823.616236,3.823616236,4141.354626,-0.076723299
336.558296,338409,338.404,2203,3842.44186,3.84244186,4141.354626,-0.072177534
336.657943,338459,338.454,2207,3857.574153,3.857574153,4141.354626,-0.068523587
336.658161,338509,338.504,2214,3884.210526,3.884210526,4141.354626,-0.062091785
336.65836,338559,338.554,2225,3926.470588,3.926470588,4141.354626,-0.051887379
336.758022,338609,338.604,2215,3888.031915,3.888031915,4141.354626,-0.061169046
336.758243,338659,338.654,2194,3808.627038,3.808627038,4141.354626,-0.080342694
336.800946,338709,338.704,2194,3808.627038,3.808627038,4141.354626,-0.080342694
336.9005,338759,338.754,2191,3797.426471,3.797426471,4141.354626,-0.08304726
336.900982,338809,338.804,2192,3801.156069,3.801156069,4141.354626,-0.082146686
336.993131,338859,338.854,2183,3767.730126,3.767730126,4141.354626,-0.090217944
337.000867,338909,338.904,2186,3778.837087,3.778837087,4141.354626,-0.087535981
337.050935,338959,338.954,2180,3756.657963,3.756657963,4141.354626,-0.092891505
337.158053,339009,339.004,2191,3797.426471,3.797426471,4141.354626,-0.08304726
337.257702,339059,339.054,2194,3808.627038,3.808627038,4141.354626,-0.080342694
337.257925,339109,339.104,2205,3850.0,3.85,4141.354626,-0.070352494
337.258121,339159,339.154,2221,3911.045891,3.911045891,4141.354626,-0.055611933
337.356729,339209,339.204,2198,3823.616236,3.823616236,4141.354626,-0.076723299
337.356948,339259,339.254,2194,3808.627038,3.808627038,4141.354626,-0.080342694
337.400877,339309,339.304,2190,3793.700787,3.793700787,4141.354626,-0.083946889
337.49235,339359,339.354,2178,3749.295775,3.749295775,4141.354626,-0.094669229
337.500919,339409,339.404,2184,3771.428571,3.771428571,4141.354626,-0.089324892
337.607003,339459,339.454,2187,3782.54717,3.78254717,4141.354626,-0.086640119
337.706246,339509,339.504,2176,3741.948932,3.741948932,4141.354626,-0.096443249
337.706465,339559,339.554,2187,3782.54717,3.78254717,4141.354626,-0.086640119
337.706664,339609,339.604,2207,3857.574153,3.857574153,4141.354626,-0.068523587
337.750884,339659,339.654,2199,3827.373418,3.827373418,4141.354626,-0.075816064
337.848987,339709,339.704,2208,3861.36725,3.86136725,4141.354626,-0.067607679
337.85094,339759,339.754,2227,3934.207709,3.934207709,4141.354626,-0.050019121
337.950264,339809,339.804,2224,3922.608231,3.922608231,4141.354626,-0.05282001
337.950889,339859,339.854,2203,3842.44186,3.84244186,4141.354626,-0.072177534
338.044728,339909,339.904,2196,3816.113744,3.816113744,4141.354626,-0.078534902
338.05089,339959,339.954,2191,3797.426471,3.797426471,4141.354626,-0.08304726
338.100856,340009,340.004,2176,3741.948932,3.741948932,4141.354626,-0.096443249
338.208543,340059,340.054,2197,3819.863014,3.819863014,4141.354626,-0.077629578
338.307937,340109,340.104,2187,3782.54717,3.78254717,4141.354626,-0.086640119
338.308161,340159,340.154,2186,3778.837087,3.778837087,4141.354626,-0.087535981
338.308359,340209,340.204,2192,3801.156069,3.801156069,4141.354626,-0.082146686
338.350832,340259,340.254,2186,3778.837087,3.778837087,4141.354626,-0.087535981
338.450046,340309,340.304,2192,3801.156069,3.801156069,4141.354626,-0.082146686
338.4509,340359,340.354,2218,3899.520511,3.899520511,4141.354626,-0.05839493
338.543434,340409,340.404,2201,3834.899683,3.834899683,4141.354626,-0.07399872
338.550884,340459,340.454,2193,3804.88959,3.80488959,4141.354626,-0.081245164
338.600918,340509,340.504,2190,3793.700787,3.793700787,4141.354626,-0.083946889
338.707345,340559,340.554,2187,3782.54717,3.78254717,4141.354626,-0.086640119
338.806462,340609,340.604,2176,3741.948932,3.741948932,4141.354626,-0.096443249
338.806683,340659,340.654,2191,3797.426471,3.797426471,4141.354626,-0.08304726
338.806879,340709,340.704,2190,3793.700787,3.793700787,4141.354626,-0.083946889
338.850961,340759,340.754,2200,3831.134565,3.831134565,4141.354626,-0.074907872
338.950206,340809,340.804,2201,3834.899683,3.834899683,4141.354626,-0.07399872
338.950923,340859,340.854,2207,3857.574153,3.857574153,4141.354626,-0.068523587
339.051544,340909,340.904,2211,3872.770701,3.872770701,4141.354626,-0.064854124
339.144419,340959,340.954,2196,3816.113744,3.816113744,4141.354626,-0.078534902
339.14463,341009,341.004,2227,3934.207709,3.934207709,4141.354626,-0.050019121
339.150901,341059,341.054,2226,3930.337079,3.930337079,4141.354626,-0.05095375
339.20094,341109,341.104,2201,3834.899683,3.834899683,4141.354626,-0.07399872
339.306743,341159,341.154,2194,3808.627038,3.808627038,4141.354626,-0.080342694
339.405548,341209,341.204,2189,3789.979014,3.789979014,4141.354626,-0.084845574
339.405771,341259,341.254,2192,3801.156069,3.801156069,4141.354626,-0.082146686
339.405968,341309,341.304,2186,3778.837087,3.778837087,4141.354626,-0.087535981
339.450882,341359,341.354,2189,3789.979014,3.789979014,4141.354626,-0.084845574
339.549522,341409,341.404,2186,3778.837087,3.778837087,4141.354626,-0.087535981
339.550941,341459,341.454,2187,3782.54717,3.78254717,4141.354626,-0.086640119
339.642944,341509,341.504,2197,3819.863014,3.819863014,4141.354626,-0.077629578
339.650915,341559,341.554,2207,3857.574153,3.857574153,4141.354626,-0.068523587
339.70087,341609,341.604,2191,3797.426471,3.797426471,4141.354626,-0.08304726
339.806245,341659,341.654,2181,3760.344828,3.760344828,4141.354626,-0.092001249
339.897394,341709,341.704,2194,3808.627038,3.808627038,4141.354626,-0.080342694
339.897607,341759,341.754,2177,3745.620438,3.745620438,4141.354626,-0.095556701
339.900909,341809,341.804,2183,3767.730126,3.767730126,4141.354626,-0.090217944
339.95086,341859,341.854,2179,3752.974948,3.752974948,4141.354626,-0.093780831
340.057589,341909,341.904,2185,3775.13089,3.77513089,4141.354626,-0.088430905
340.149854,341959,341.954,2193,3804.88959,3.80488959,4141.354626,-0.081245164
340.150071,342009,342.004,2198,3823.616236,3.823616236,4141.354626,-0.076723299
340.150899,342059,342.054,2196,3816.113744,3.816113744,4141.354626,-0.078534902
340.200913,342109,342.104,2198,3823.616236,3.823616236,4141.354626,-0.076723299
340.306551,342159,342.154,2198,3823.616236,3.823616236,4141.354626,-0.076723299
340.404802,342209,342.204,2225,3926.470588,3.926470588,4141.354626,-0.051887379
340.405024,342259,342.254,2218,3899.520511,3.899520511,4141.354626,-0.05839493
340.405219,342309,342.304,2194,3808.627038,3.808627038,4141.354626,-0.080342694
340.450892,342359,342.354,2190,3793.700787,3.793700787,4141.354626,-0.083946889
340.549203,342409,342.404,2187,3782.54717,3.78254717,4141.354626,-0.086640119
340.550883,342459,342.454,2193,3804.88959,3.80488959,4141.354626,-0.081245164
340.600884,342509,342.504,2195,3812.368421,3.812368421,4141.354626,-0.079439274
340.691949,342559,342.554,2192,3801.156069,3.801156069,4141.354626,-0.082146686
340.700886,342609,342.604,2187,3782.54717,3.78254717,4141.354626,-0.086640119
340.806291,342659,342.654,2192,3801.156069,3.801156069,4141.354626,-0.082146686
340.90494,342709,342.704,2201,3834.899683,3.834899683,4141.354626,-0.07399872
340.905162,342759,342.754,2203,3842.44186,3.84244186,4141.354626,-0.072177534
340.905362,342809,342.804,2216,3891.857371,3.891857371,4141.354626,-0.060245325
340.950849,342859,342.854,2193,3804.88959,3.80488959,4141.354626,-0.081245164
341.051036,342909,342.904,2192,3801.156069,3.801156069,4141.354626,-0.082146686
341.15044,342959,342.954,2182,3764.035546,3.764035546,4141.354626,-0.091110063
341.150662,343009,343.004,2185,3775.13089,3.77513089,4141.354626,-0.088430905
341.150913,343059,343.054,2181,3760.344828,3.760344828,4141.354626,-0.092001249
341.200871,343109,343.104,2181,3760.344828,3.760344828,4141.354626,-0.092001249
341.29263,343159,343.154,2188,3786.261143,3.786261143,4141.354626,-0.085743317
341.300894,343209,343.204,2193,3804.88959,3.80488959,4141.354626,-0.081245164
341.405898,343259,343.254,2202,3838.66878,3.83866878,4141.354626,-0.073088608
341.504261,343309,343.304,2214,3884.210526,3.884210526,4141.354626,-0.062091785
341.504482,343359,343.354,2210,3868.965517,3.868965517,4141.354626,-0.065772949
341.504678,343409,343.404,2225,3926.470588,3.926470588,4141.354626,-0.051887379
341.55089,343459,343.454,2222,3914.895889,3.914895889,4141.354626,-0.054682286
341.649061,343509,343.504,2208,3861.36725,3.86136725,4141.354626,-0.067607679
341.650884,343559,343.554,2192,3801.156069,3.801156069,4141.354626,-0.082146686
341.700838,343609,343.604,2194,3808.627038,3.808627038,4141.354626,-0.080342694
341.791581,343659,343.654,2187,3782.54717,3.78254717,4141.354626,-0.086640119
341.800835,343709,343.704,2179,3752.974948,3.752974948,4141.354626,-0.093780831
341.850926,343759,343.754,2189,3789.979014,3.789979014,4141.354626,-0.084845574
341.955337,343809,343.804,2190,3793.700787,3.793700787,4141.354626,-0.083946889
342.053676,343859,343.854,2182,3764.035546,3.764035546,4141.354626,-0.091110063
342.053963,343909,343.904,2188,3786.261143,3.786261143,4141.354626,-0.085743317
342.054163,343959,343.954,2195,3812.368421,3.812368421,4141.354626,-0.079439274
342.100884,344009,344.004,2215,3888.031915,3.888031915,4141.354626,-0.061169046
342.199865,344059,344.054,2205,3850.0,3.85,4141.354626,-0.070352494
342.200876,344109,344.104,2194,3808.627038,3.808627038,4141.354626,-0.080342694
342.250856,344159,344.154,2195,3812.368421,3.812368421,4141.354626,-0.079439274
342.342215,344209,344.204,2175,3738.28125,3.73828125,4141.354626,-0.097328872
342.350828,344259,344.254,2186,3778.837087,3.778837087,4141.354626,-0.087535981
342.400926,344309,344.304,2185,3775.13089,3.77513089,4141.354626,-0.088430905
342.506366,344359,344.354,2189,3789.979014,3.789979014,4141.354626,-0.084845574
342.605302,344409,344.404,2191,3797.426471,3.797426471,4141.354626,-0.08304726
342.605525,344459,344.454,2185,3775.13089,3.77513089,4141.354626,-0.088430905
342.605724,344509,344.504,2211,3872.770701,3.872770701,4141.354626,-0.064854124
342.650853,344559,344.554,2216,3891.857371,3.891857371,4141.354626,-0.060245325
342.748742,344609,344.604,2220,3907.2,3.9072,4141.354626,-0.056540588
342.750834,344659,344.654,2223,3918.75,3.91875,4141.354626,-0.053751645
342.800806,344709,344.704,2213,3880.393199,3.880393199,4141.354626,-0.063013543
342.891677,344759,344.754,2199,3827.373418,3.827373418,4141.354626,-0.075816064
342.900876,344809,344.804,2189,3789.979014,3.789979014,4141.354626,-0.084845574
343.006194,344859,344.854,2194,3808.627038,3.808627038,4141.354626,-0.080342694
343.106894,344909,344.904,2191,3797.426471,3.797426471,4141.354626,-0.08304726
343.207468,344959,344.954,2188,3786.261143,3.786261143,4141.354626,-0.085743317
343.305978,345009,345.004,2191,3797.426471,3.797426471,4141.354626,-0.08304726
343.306197,345059,345.054,2186,3778.837087,3.778837087,4141.354626,-0.087535981
343.306394,345109,345.104,2178,3749.295775,3.749295775,4141.354626,-0.094669229
343.306593,345159,345.154,2178,3749.295775,3.749295775,4141.354626,-0.094669229
343.306789,345209,345.204,2208,3861.36725,3.86136725,4141.354626,-0.067607679
343.350975,345259,345.254,2188,3786.261143,3.786261143,4141.354626,-0.085743317
343.441024,345309,345.304,2191,3797.426471,3.797426471,4141.354626,-0.08304726
343.450865,345359,345.354,2190,3793.700787,3.793700787,4141.354626,-0.083946889
343.500853,345409,345.404,2183,3767.730126,3.767730126,4141.354626,-0.090217944
343.604871,345459,345.454,2179,3752.974948,3.752974948,4141.354626,-0.093780831
343.702177,345509,345.504,2177,3745.620438,3.745620438,4141.354626,-0.095556701
343.702396,345559,345.554,2185,3775.13089,3.77513089,4141.354626,-0.088430905
343.702592,345609,345.604,2198,3823.616236,3.823616236,4141.354626,-0.076723299
343.750857,345659,345.654,2195,3812.368421,3.812368421,4141.354626,-0.079439274
343.847003,345709,345.704,2204,3846.218932,3.846218932,4141.354626,-0.071265497
343.850824,345759,345.754,2198,3823.616236,3.823616236,4141.354626,-0.076723299
343.900893,345809,345.804,2215,3888.031915,3.888031915,4141.354626,-0.061169046
343.991434,345859,345.854,2224,3922.608231,3.922608231,4141.354626,-0.05282001
344.000832,345909,345.904,2209,3865.164369,3.865164369,4141.354626,-0.066690801
344.050891,345959,345.954,2195,3812.368421,3.812368421,4141.354626,-0.079439274
344.155939,346009,346.004,2194,3808.627038,3.808627038,4141.354626,-0.080342694
344.253515,346059,346.054,2191,3797.426471,3.797426471,4141.354626,-0.08304726
344.253736,346109,346.104,2193,3804.88959,3.80488959,4141.354626,-0.081245164
344.253935,346159,346.154,2183,3767.730126,3.767730126,4141.354626,-0.090217944
344.300834,346209,346.204,2190,3793.700787,3.793700787,4141.354626,-0.083946889
344.396827,346259,346.254,2182,3764.035546,3.764035546,4141.354626,-0.091110063
344.400848,346309,346.304,2179,3752.974948,3.752974948,4141.354626,-0.093780831
344.491696,346359,346.354,2199,3827.373418,3.827373418,4141.354626,-0.075816064
344.500836,346409,346.404,2188,3786.261143,3.786261143,4141.354626,-0.085743317
344.550826,346459,346.454,2220,3907.2,3.9072,4141.354626,-0.056540588
344.655609,346509,346.504,2193,3804.88959,3.80488959,4141.354626,-0.081245164
344.754266,346559,346.554,2191,3797.426471,3.797426471,4141.354626,-0.08304726
344.754489,346609,346.604,2196,3816.113744,3.816113744,4141.354626,-0.078534902
344.754687,346659,346.654,2182,3764.035546,3.764035546,4141.354626,-0.091110063
344.800861,346709,346.704,2167,3709.076763,3.709076763,4141.354626,-0.104380789
344.898331,346759,346.754,2184,3771.428571,3.771428571,4141.354626,-0.089324892
344.900811,346809,346.804,2184,3771.428571,3.771428571,4141.354626,-0.089324892
344.950858,346859,346.854,2197,3819.863014,3.819863014,4141.354626,-0.077629578
345.044458,346909,346.904,2204,3846.218932,3.846218932,4141.354626,-0.071265497
345.050863,346959,346.954,2201,3834.899683,3.834899683,4141.354626,-0.07399872
345.10079,347009,347.004,2215,3888.031915,3.888031915,4141.354626,-0.061169046
345.199771,347059,347.054,2219,3903.358209,3.903358209,4141.354626,-0.057468253
345.200843,347109,347.104,2214,3884.210526,3.884210526,4141.354626,-0.062091785
345.305713,347159,347.154,2188,3786.261143,3.786261143,4141.354626,-0.085743317
345.404365,347209,347.204,2182,3764.035546,3.764035546,4141.354626,-0.091110063
345.404582,347259,347.254,2190,3793.700787,3.793700787,4141.354626,-0.083946889
345.404779,347309,347.304,2190,3793.700787,3.793700787,4141.354626,-0.083946889
345.450843,347359,347.354,2200,3831.134565,3.831134565,4141.354626,-0.074907872
345.54853,347409,347.404,2183,3767.730126,3.767730126,4141.354626,-0.090217944
345.550775,347459,347.454,2187,3782.54717,3.78254717,4141.354626,-0.086640119
345.600849,347509,347.504,2185,3775.13089,3.77513089,4141.354626,-0.088430905
345.69132,347559,347.554,2191,3797.426471,3.797426471,4141.354626,-0.08304726
345.700834,347609,347.604,2192,3801.156069,3.801156069,4141.354626,-0.082146686
345.750898,347659,347.654,2228,3938.082485,3.938082485,4141.354626,-0.04908349
345.85647,347709,347.704,2198,3823.616236,3.823616236,4141.354626,-0.076723299
345.954091,347759,347.754,2191,3797.426471,3.797426471,4141.354626,-0.08304726
345.954311,347809,347.804,2187,3782.54717,3.78254717,4141.354626,-0.086640119
345.954509,347859,347.854,2191,3797.426471,3.797426471,4141.354626,-0.08304726
346.000852,347909,347.904,2190,3793.700787,3.793700787,4141.354626,-0.083946889
346.100539,347959,347.954,2193,3804.88959,3.80488959,4141.354626,-0.081245164
346.100849,348009,348.004,2197,3819.863014,3.819863014,4141.354626,-0.077629578
346.15095,348059,348.054,2195,3812.368421,3.812368421,4141.354626,-0.079439274
346.241513,348109,348.104,2197,3819.863014,3.819863014,4141.354626,-0.077629578
346.250823,348159,348.154,2203,3842.44186,3.84244186,4141.354626,-0.072177534
346.300857,348209,348.204,2208,3861.36725,3.86136725,4141.354626,-0.067607679
346.404971,348259,348.254,2200,3831.134565,3.831134565,4141.354626,-0.074907872
346.502611,348309,348.304,2196,3816.113744,3.816113744,4141.354626,-0.078534902
346.50283,348359,348.354,2204,3846.218932,3.846218932,4141.354626,-0.071265497
346.503028,348409,348.404,2191,3797.426471,3.797426471,4141.354626,-0.08304726
346.550856,348459,348.454,2194,3808.627038,3.808627038,4141.354626,-0.080342694
346.648652,348509,348.504,2192,3801.156069,3.801156069,4141.354626,-0.082146686
346.650817,348559,348.554,2193,3804.88959,3.80488959,4141.354626,-0.081245164
346.700875,348609,348.604,2189,3789.979014,3.789979014,4141.354626,-0.084845574
346.790991,348659,348.654,2189,3789.979014,3.789979014,4141.354626,-0.084845574
346.800862,348709,348.704,2175,3738.28125,3.73828125,4141.354626,-0.097328872
346.850896,348759,348.754,2182,3764.035546,3.764035546,4141.354626,-0.091110063
346.954997,348809,348.804,2172,3727.301092,3.727301092,4141.354626,-0.099980217
347.052927,348859,348.854,2196,3816.113744,3.816113744,4141.354626,-0.078534902
347.05322,348909,348.904,2196,3816.113744,3.816113744,4141.354626,-0.078534902
347.05342,348959,348.954,2196,3816.113744,3.816113744,4141.354626,-0.078534902
347.100827,349009,349.004,2193,3804.88959,3.80488959,4141.354626,-0.081245164
347.19849,349059,349.054,2185,3775.13089,3.77513089,4141.354626,-0.088430905
347.200768,349109,349.104,2183,3767.730126,3.767730126,4141.354626,-0.090217944
347.250861,349159,349.154,2194,3808.627038,3.808627038,4141.354626,-0.080342694
347.340991,349209,349.204,2181,3760.344828,3.760344828,4141.354626,-0.092001249
347.350839,349259,349.254,2202,3838.66878,3.83866878,4141.354626,-0.073088608
347.400769,349309,349.304,2188,3786.261143,3.786261143,4141.354626,-0.085743317
347.505381,349359,349.354,2200,3831.134565,3.831134565,4141.354626,-0.074907872
347.603473,349409,349.404,2207,3857.574153,3.857574153,4141.354626,-0.068523587
347.603693,349459,349.454,2211,3872.770701,3.872770701,4141.354626,-0.064854124
347.603891,349509,349.504,2216,3891.857371,3.891857371,4141.354626,-0.060245325
347.650806,349559,349.554,2206,3853.785071,3.853785071,4141.354626,-0.069438524
347.747802,349609,349.604,2198,3823.616236,3.823616236,4141.354626,-0.076723299
347.750771,349659,349.654,2206,3853.785071,3.853785071,4141.354626,-0.069438524
347.800742,349709,349.704,2191,3797.426471,3.797426471,4141.354626,-0.08304726
347.894303,349759,349.754,2195,3812.368421,3.812368421,4141.354626,-0.079439274
347.900815,349809,349.804,2186,3778.837087,3.778837087,4141.354626,-0.087535981
348.005907,349859,349.854,2188,3786.261143,3.786261143,4141.354626,-0.085743317
348.108492,349909,349.904,2168,3712.714063,3.712714063,4141.354626,-0.103502501
348.20787,349959,349.954,2178,3749.295775,3.749295775,4141.354626,-0.094669229
348.208091,350009,350.004,2197,3819.863014,3.819863014,4141.354626,-0.077629578
348.208288,350059,350.054,2191,3797.426471,3.797426471,4141.354626,-0.08304726
348.208485,350109,350.104,2217,3895.686901,3.895686901,4141.354626,-0.05932062
348.250794,350159,350.154,2196,3816.113744,3.816113744,4141.354626,-0.078534902
348.340945,350209,350.204,2200,3831.134565,3.831134565,4141.354626,-0.074907872
348.350857,350259,350.254,2178,3749.295775,3.749295775,4141.354626,-0.094669229
348.455351,350309,350.304,2200,3831.134565,3.831134565,4141.354626,-0.074907872
348.55328,350359,350.354,2179,3752.974948,3.752974948,4141.354626,-0.093780831
348.553499,350409,350.404,2170,3720.0,3.72,4141.354626,-0.101743189
348.553697,350459,350.454,2190,3793.700787,3.793700787,4141.354626,-0.083946889
348.600791,350509,350.504,2200,3831.134565,3.831134565,4141.354626,-0.074907872
348.697917,350559,350.554,2199,3827.373418,3.827373418,4141.354626,-0.075816064
348.700803,350609,350.604,2204,3846.218932,3.846218932,4141.354626,-0.071265497
348.798003,350659,350.654,2208,3861.36725,3.86136725,4141.354626,-0.067607679
348.800811,350709,350.704,2223,3918.75,3.91875,4141.354626,-0.053751645
348.890561,350759,350.754,2213,3880.393199,3.880393199,4141.354626,-0.063013543
348.900821,350809,350.804,2203,3842.44186,3.84244186,4141.354626,-0.072177534
349.006239,350859,350.854,2187,3782.54717,3.78254717,4141.354626,-0.086640119
349.106567,350909,350.904,2188,3786.261143,3.786261143,4141.354626,-0.085743317
349.203711,350959,350.954,2190,3793.700787,3.793700787,4141.354626,-0.083946889
349.203932,351009,351.004,2194,3808.627038,3.808627038,4141.354626,-0.080342694
349.20413,351059,351.054,2191,3797.426471,3.797426471,4141.354626,-0.08304726
349.204329,351109,351.104,2186,3778.837087,3.778837087,4141.354626,-0.087535981
349.250823,351159,351.154,2189,3789.979014,3.789979014,4141.354626,-0.084845574
349.347921,351209,351.204,2179,3752.974948,3.752974948,4141.354626,-0.093780831
349.350856,351259,351.254,2176,3741.948932,3.741948932,4141.354626,-0.096443249
349.440932,351309,351.304,2212,3876.579926,3.876579926,4141.354626,-0.063934322
349.450821,351359,351.354,2197,3819.863014,3.819863014,4141.354626,-0.077629578
349.500885,351409,351.404,2198,3823.616236,3.823616236,4141.354626,-0.076723299
349.604899,351459,351.454,2191,3797.426471,3.797426471,4141.354626,-0.08304726
349.701665,351509,351.504,2184,3771.428571,3.771428571,4141.354626,-0.089324892
349.701884,351559,351.554,2192,3801.156069,3.801156069,4141.354626,-0.082146686
349.702081,351609,351.604,2189,3789.979014,3.789979014,4141.354626,-0.084845574
349.750794,351659,351.654,2192,3801.156069,3.801156069,4141.354626,-0.082146686
349.847555,351709,351.704,2193,3804.88959,3.80488959,4141.354626,-0.081245164
349.850823,351759,351.754,2193,3804.88959,3.80488959,4141.354626,-0.081245164
349.940382,351809,351.804,2204,3846.218932,3.846218932,4141.354626,-0.071265497
349.950825,351859,351.854,2223,3918.75,3.91875,4141.354626,-0.053751645
350.057281,351909,351.904,2206,3853.785071,3.853785071,4141.354626,-0.069438524
350.14831,351959,351.954,2216,3891.857371,3.891857371,4141.354626,-0.060245325
350.148522,352009,352.004,2191,3797.426471,3.797426471,4141.354626,-0.08304726
350.150867,352059,352.054,2196,3816.113744,3.816113744,4141.354626,-0.078534902
350.200833,352109,352.104,2196,3816.113744,3.816113744,4141.354626,-0.078534902
350.306112,352159,352.154,2191,3797.426471,3.797426471,4141.354626,-0.08304726
350.396003,352209,352.204,2192,3801.156069,3.801156069,4141.354626,-0.082146686
350.396216,352259,352.254,2194,3808.627038,3.808627038,4141.354626,-0.080342694
350.400857,352309,352.304,2192,3801.156069,3.801156069,4141.354626,-0.082146686
350.450846,352359,352.354,2189,3789.979014,3.789979014,4141.354626,-0.084845574
350.549276,352409,352.404,2182,3764.035546,3.764035546,4141.354626,-0.091110063
350.550773,352459,352.454,2188,3786.261143,3.786261143,4141.354626,-0.085743317
350.600838,352509,352.504,2222,3914.895889,3.914895889,4141.354626,-0.054682286
350.704956,352559,352.554,2195,3812.368421,3.812368421,4141.354626,-0.079439274
350.802819,352609,352.604,2191,3797.426471,3.797426471,4141.354626,-0.08304726
350.803037,352659,352.654,2192,3801.156069,3.801156069,4141.354626,-0.082146686
350.803234,352709,352.704,2187,3782.54717,3.78254717,4141.354626,-0.086640119
350.850845,352759,352.754,2181,3760.344828,3.760344828,4141.354626,-0.092001249
350.947568,352809,352.804,2189,3789.979014,3.789979014,4141.354626,-0.084845574
350.950743,352859,352.854,2187,3782.54717,3.78254717,4141.354626,-0.086640119
351.000819,352909,352.904,2202,3838.66878,3.83866878,4141.354626,-0.073088608
351.091708,352959,352.954,2191,3797.426471,3.797426471,4141.354626,-0.08304726
351.100793,353009,353.004,2213,3880.393199,3.880393199,4141.354626,-0.063013543
351.150807,353059,353.054,2210,3868.965517,3.868965517,4141.354626,-0.065772949
351.25581,353109,353.104,2213,3880.393199,3.880393199,4141.354626,-0.063013543
351.353044,353159,353.154,2220,3907.2,3.9072,4141.354626,-0.056540588
351.353266,353209,353.204,2203,3842.44186,3.84244186,4141.354626,-0.072177534
351.353466,353259,353.254,2196,3816.113744,3.816113744,4141.354626,-0.078534902
351.400839,353309,353.304,2194,3808.627038,3.808627038,4141.354626,-0.080342694
351.497839,353359,353.354,2187,3782.54717,3.78254717,4141.354626,-0.086640119
351.500814,353409,353.404,2191,3797.426471,3.797426471,4141.354626,-0.08304726
351.550867,353459,353.454,2194,3808.627038,3.808627038,4141.354626,-0.080342694
351.641789,353509,353.504,2186,3778.837087,3.778837087,4141.354626,-0.087535981
351.650838,353559,353.554,2189,3789.979014,3.789979014,4141.354626,-0.084845574
351.70084,353609,353.604,2160,3683.72093,3.68372093,4141.354626,-0.110503383
351.805018,353659,353.654,2196,3816.113744,3.816113744,4141.354626,-0.078534902
351.902356,353709,353.704,2193,3804.88959,3.80488959,4141.354626,-0.081245164
351.902577,353759,353.754,2208,3861.36725,3.86136725,4141.354626,-0.067607679
351.902775,353809,353.804,2208,3861.36725,3.86136725,4141.354626,-0.067607679
351.950854,353859,353.854,2192,3801.156069,3.801156069,4141.354626,-0.082146686
352.051802,353909,353.904,2184,3771.428571,3.771428571,4141.354626,-0.089324892
352.150125,353959,353.954,2185,3775.13089,3.77513089,4141.354626,-0.088430905
352.150347,354009,354.004,2189,3789.979014,3.789979014,4141.354626,-0.084845574
352.150822,354059,354.054,2192,3801.156069,3.801156069,4141.354626,-0.082146686
352.200833,354109,354.104,2194,3808.627038,3.808627038,4141.354626,-0.080342694
352.291162,354159,354.154,2194,3808.627038,3.808627038,4141.354626,-0.080342694
352.300845,354209,354.204,2195,3812.368421,3.812368421,4141.354626,-0.079439274
352.405113,354259,354.254,2200,3831.134565,3.831134565,4141.354626,-0.074907872
352.502569,354309,354.304,2222,3914.895889,3.914895889,4141.354626,-0.054682286
352.502791,354359,354.354,2221,3911.045891,3.911045891,4141.354626,-0.055611933
352.502988,354409,354.404,2211,3872.770701,3.872770701,4141.354626,-0.064854124
352.550839,354459,354.454,2199,3827.373418,3.827373418,4141.354626,-0.075816064
352.648441,354509,354.504,2182,3764.035546,3.764035546,4141.354626,-0.091110063
352.650833,354559,354.554,2190,3793.700787,3.793700787,4141.354626,-0.083946889
352.700801,354609,354.604,2192,3801.156069,3.801156069,4141.354626,-0.082146686
352.790992,354659,354.654,2193,3804.88959,3.80488959,4141.354626,-0.081245164
352.800864,354709,354.704,2190,3793.700787,3.793700787,4141.354626,-0.083946889
352.904806,354759,354.754,2184,3771.428571,3.771428571,4141.354626,-0.089324892
353.002734,354809,354.804,2182,3764.035546,3.764035546,4141.354626,-0.091110063
353.002953,354859,354.854,2174,3734.617387,3.734617387,4141.354626,-0.098213574
353.003215,354909,354.904,2200,3831.134565,3.831134565,4141.354626,-0.074907872
353.050792,354959,354.954,2224,3922.608231,3.922608231,4141.354626,-0.05282001
353.150254,355009,355.004,2203,3842.44186,3.84244186,4141.354626,-0.072177534
353.150761,355059,355.054,2185,3775.13089,3.77513089,4141.354626,-0.088430905
353.200788,355109,355.104,2194,3808.627038,3.808627038,4141.354626,-0.080342694
353.298896,355159,355.154,2184,3771.428571,3.771428571,4141.354626,-0.089324892
353.30077,355209,355.204,2188,3786.261143,3.786261143,4141.354626,-0.085743317
353.350832,355259,355.254,2191,3797.426471,3.797426471,4141.354626,-0.08304726
353.440895,355309,355.304,2194,3808.627038,3.808627038,4141.354626,-0.080342694
353.450822,355359,355.354,2194,3808.627038,3.808627038,4141.354626,-0.080342694
353.500806,355409,355.404,2191,3797.426471,3.797426471,4141.354626,-0.08304726
353.605217,355459,355.454,2204,3846.218932,3.846218932,4141.354626,-0.071265497
353.702916,355509,355.504,2213,3880.393199,3.880393199,4141.354626,-0.063013543
353.703136,355559,355.554,2210,3868.965517,3.868965517,4141.354626,-0.065772949
353.703333,355609,355.604,2213,3880.393199,3.880393199,4141.354626,-0.063013543
353.750783,355659,355.654,2205,3850.0,3.85,4141.354626,-0.070352494
353.847968,355709,355.704,2197,3819.863014,3.819863014,4141.354626,-0.077629578
353.85081,355759,355.754,2193,3804.88959,3.80488959,4141.354626,-0.081245164
353.942287,355809,355.804,2195,3812.368421,3.812368421,4141.354626,-0.079439274
353.950832,355859,355.854,2191,3797.426471,3.797426471,4141.354626,-0.08304726
354.126985,355909,355.904,2195,3812.368421,3.812368421,4141.354626,-0.079439274
354.317453,355959,355.954,2187,3782.54717,3.78254717,4141.354626,-0.086640119
354.468273,356009,356.004,2199,3827.373418,3.827373418,4141.354626,-0.075816064
354.564558,356059,356.054,2174,3734.617387,3.734617387,4141.354626,-0.098213574
354.56477,356109,356.104,2186,3778.837087,3.778837087,4141.354626,-0.087535981
354.564967,356159,356.154,2213,3880.393199,3.880393199,4141.354626,-0.063013543
354.565168,356209,356.204,2194,3808.627038,3.808627038,4141.354626,-0.080342694
354.565363,356259,356.254,2189,3789.979014,3.789979014,4141.354626,-0.084845574
354.565564,356309,356.304,2199,3827.373418,3.827373418,4141.354626,-0.075816064
354.565759,356359,356.354,2184,3771.428571,3.771428571,4141.354626,-0.089324892
354.565953,356409,356.404,2166,3705.443235,3.705443235,4141.354626,-0.105258166
354.566154,356459,356.454,2192,3801.156069,3.801156069,4141.354626,-0.082146686
354.600791,356509,356.504,2190,3793.700787,3.793700787,4141.354626,-0.083946889
354.705121,356559,356.554,2197,3819.863014,3.819863014,4141.354626,-0.077629578
354.802078,356609,356.604,2193,3804.88959,3.80488959,4141.354626,-0.081245164
354.802299,356659,356.654,2205,3850.0,3.85,4141.354626,-0.070352494
354.802497,356709,356.704,2206,3853.785071,3.853785071,4141.354626,-0.069438524
354.850766,356759,356.754,2216,3891.857371,3.891857371,4141.354626,-0.060245325
354.947335,356809,356.804,2221,3911.045891,3.911045891,4141.354626,-0.055611933
354.950788,356859,356.854,2212,3876.579926,3.876579926,4141.354626,-0.063934322
355.050488,356909,356.904,2195,3812.368421,3.812368421,4141.354626,-0.079439274
355.050712,356959,356.954,2190,3793.700787,3.793700787,4141.354626,-0.083946889
355.100745,357009,357.004,2181,3760.344828,3.760344828,4141.354626,-0.092001249
355.191797,357059,357.054,2195,3812.368421,3.812368421,4141.354626,-0.079439274
355.200833,357109,357.104,2190,3793.700787,3.793700787,4141.354626,-0.083946889
355.304961,357159,357.154,2187,3782.54717,3.78254717,4141.354626,-0.086640119
355.40168,357209,357.204,2186,3778.837087,3.778837087,4141.354626,-0.087535981
355.401903,357259,357.254,2171,3723.648649,3.723648649,4141.354626,-0.100862161
355.4021,357309,357.304,2193,3804.88959,3.80488959,4141.354626,-0.081245164
355.450739,357359,357.354,2195,3812.368421,3.812368421,4141.354626,-0.079439274
355.540839,357409,357.404,2219,3903.358209,3.903358209,4141.354626,-0.057468253
355.550773,357459,357.454,2195,3812.368421,3.812368421,4141.354626,-0.079439274
355.647444,357509,357.504,2191,3797.426471,3.797426471,4141.354626,-0.08304726
355.650834,357559,357.554,2186,3778.837087,3.778837087,4141.354626,-0.087535981
355.755085,357609,357.604,2177,3745.620438,3.745620438,4141.354626,-0.095556701
355.852126,357659,357.654,2186,3778.837087,3.778837087,4141.354626,-0.087535981
355.852345,357709,357.704,2188,3786.261143,3.786261143,4141.354626,-0.085743317
355.852541,357759,357.754,2198,3823.616236,3.823616236,4141.354626,-0.076723299
355.900826,357809,357.804,2200,3831.134565,3.831134565,4141.354626,-0.074907872
355.997404,357859,357.854,2194,3808.627038,3.808627038,4141.354626,-0.080342694
356.000775,357909,357.904,2198,3823.616236,3.823616236,4141.354626,-0.076723299
356.050741,357959,357.954,2214,3884.210526,3.884210526,4141.354626,-0.062091785
356.148614,358009,358.004,2219,3903.358209,3.903358209,4141.354626,-0.057468253
356.150714,358059,358.054,2214,3884.210526,3.884210526,4141.354626,-0.062091785
356.200763,358109,358.104,2199,3827.373418,3.827373418,4141.354626,-0.075816064
356.290621,358159,358.154,2191,3797.426471,3.797426471,4141.354626,-0.08304726
356.300804,358209,358.204,2189,3789.979014,3.789979014,4141.354626,-0.084845574
356.404299,358259,358.254,2192,3801.156069,3.801156069,4141.354626,-0.082146686
356.500888,358309,358.304,2192,3801.156069,3.801156069,4141.354626,-0.082146686
356.501108,358359,358.354,2179,3752.974948,3.752974948,4141.354626,-0.093780831
356.501305,358409,358.404,2185,3775.13089,3.77513089,4141.354626,-0.088430905
356.550798,358459,358.454,2184,3771.428571,3.771428571,4141.354626,-0.089324892
356.647602,358509,358.504,2180,3756.657963,3.756657963,4141.354626,-0.092891505
356.650771,358559,358.554,2205,3850.0,3.85,4141.354626,-0.070352494
356.70077,358609,358.604,2215,3888.031915,3.888031915,4141.354626,-0.061169046
356.790032,358659,358.654,2209,3865.164369,3.865164369,4141.354626,-0.066690801
356.800822,358709,358.704,2189,3789.979014,3.789979014,4141.354626,-0.084845574
356.90514,358759,358.754,2188,3786.261143,3.786261143,4141.354626,-0.085743317
357.002281,358809,358.804,2177,3745.620438,3.745620438,4141.354626,-0.095556701
357.002503,358859,358.854,2182,3764.035546,3.764035546,4141.354626,-0.091110063
357.002771,358909,358.904,2183,3767.730126,3.767730126,4141.354626,-0.090217944
357.050785,358959,358.954,2194,3808.627038,3.808627038,4141.354626,-0.080342694
357.148368,359009,359.004,2186,3778.837087,3.778837087,4141.354626,-0.087535981
357.150702,359059,359.054,2194,3808.627038,3.808627038,4141.354626,-0.080342694
357.200846,359109,359.104,2204,3846.218932,3.846218932,4141.354626,-0.071265497
357.299324,359159,359.154,2208,3861.36725,3.86136725,4141.354626,-0.067607679
357.300724,359209,359.204,2217,3895.686901,3.895686901,4141.354626,-0.05932062
357.350791,359259,359.254,2216,3891.857371,3.891857371,4141.354626,-0.060245325
357.441005,359309,359.304,2205,3850.0,3.85,4141.354626,-0.070352494
357.450799,359359,359.354,2205,3850.0,3.85,4141.354626,-0.070352494
357.556607,359409,359.404,2200,3831.134565,3.831134565,4141.354626,-0.074907872
357.653146,359459,359.454,2196,3816.113744,3.816113744,4141.354626,-0.078534902
357.653365,359509,359.504,2210,3868.965517,3.868965517,4141.354626,-0.065772949
357.653562,359559,359.554,2188,3786.261143,3.786261143,4141.354626,-0.085743317
357.700819,359609,359.604,2181,3760.344828,3.760344828,4141.354626,-0.092001249
357.79778,359659,359.654,2184,3771.428571,3.771428571,4141.354626,-0.089324892
357.80079,359709,359.704,2179,3752.974948,3.752974948,4141.354626,-0.093780831
357.850783,359759,359.754,2186,3778.837087,3.778837087,4141.354626,-0.087535981
357.940486,359809,359.804,2213,3880.393199,3.880393199,4141.354626,-0.063013543
357.950793,359859,359.854,2210,3868.965517,3.868965517,4141.354626,-0.065772949
358.071154,359909,359.904,2193,3804.88959,3.80488959,4141.354626,-0.081245164
358.177811,359959,359.954,2187,3782.54717,3.78254717,4141.354626,-0.086640119
358.275656,360009,360.004,2170,3720.0,3.72,4141.354626,-0.101743189
358.275876,360059,360.054,2182,3764.035546,3.764035546,4141.354626,-0.091110063
358.276072,360109,360.104,2192,3801.156069,3.801156069,4141.354626,-0.082146686
358.276266,360159,360.154,2189,3789.979014,3.789979014,4141.354626,-0.084845574
358.300816,360209,360.204,2186,3778.837087,3.778837087,4141.354626,-0.087535981
358.398392,360259,360.254,2199,3827.373418,3.827373418,4141.354626,-0.075816064
358.399827,360309,360.304,2202,3838.66878,3.83866878,4141.354626,-0.073088608
358.450741,360359,360.354,2204,3846.218932,3.846218932,4141.354626,-0.071265497
358.541484,360409,360.404,2191,3797.426471,3.797426471,4141.354626,-0.08304726
358.550729,360459,360.454,2224,3922.608231,3.922608231,4141.354626,-0.05282001
358.599842,360509,360.504,2212,3876.579926,3.876579926,4141.354626,-0.063934322
358.704013,360559,360.554,2184,3771.428571,3.771428571,4141.354626,-0.089324892
358.801011,360609,360.604,2203,3842.44186,3.84244186,4141.354626,-0.072177534
358.801232,360659,360.654,2183,3767.730126,3.767730126,4141.354626,-0.090217944
358.80143,360709,360.704,2190,3793.700787,3.793700787,4141.354626,-0.083946889
358.84985,360759,360.754,2191,3797.426471,3.797426471,4141.354626,-0.08304726
358.945811,360809,360.804,2180,3756.657963,3.756657963,4141.354626,-0.092891505
358.949743,360859,360.854,2182,3764.035546,3.764035546,4141.354626,-0.091110063
358.999827,360909,360.904,2180,3756.657963,3.756657963,4141.354626,-0.092891505
359.090523,360959,360.954,2193,3804.88959,3.80488959,4141.354626,-0.081245164
359.099782,361009,361.004,2186,3778.837087,3.778837087,4141.354626,-0.087535981
359.149744,361059,361.054,2204,3846.218932,3.846218932,4141.354626,-0.071265497
359.254754,361109,361.104,2196,3816.113744,3.816113744,4141.354626,-0.078534902
359.351868,361159,361.154,2187,3782.54717,3.78254717,4141.354626,-0.086640119
359.352087,361209,361.204,2177,3745.620438,3.745620438,4141.354626,-0.095556701
359.352283,361259,361.254,2176,3741.948932,3.741948932,4141.354626,-0.096443249
359.399835,361309,361.304,2176,3741.948932,3.741948932,4141.354626,-0.096443249
359.4969,361359,361.354,2186,3778.837087,3.778837087,4141.354626,-0.087535981
359.499829,361409,361.404,2193,3804.88959,3.80488959,4141.354626,-0.081245164
359.549889,361459,361.454,2207,3857.574153,3.857574153,4141.354626,-0.068523587
359.639211,361509,361.504,2191,3797.426471,3.797426471,4141.354626,-0.08304726
359.649841,361559,361.554,2203,3842.44186,3.84244186,4141.354626,-0.072177534
359.699843,361609,361.604,2210,3868.965517,3.868965517,4141.354626,-0.065772949
359.802921,361659,361.654,2221,3911.045891,3.911045891,4141.354626,-0.055611933
359.901924,361709,361.704,2220,3907.2,3.9072,4141.354626,-0.056540588
359.902141,361759,361.754,2203,3842.44186,3.84244186,4141.354626,-0.072177534
359.902337,361809,361.804,2203,3842.44186,3.84244186,4141.354626,-0.072177534
359.949836,361859,361.854,2194,3808.627038,3.808627038,4141.354626,-0.080342694
360.050729,361909,361.904,2194,3808.627038,3.808627038,4141.354626,-0.080342694
360.141379,361959,361.954,2193,3804.88959,3.80488959,4141.354626,-0.081245164
360.141592,362009,362.004,2181,3760.344828,3.760344828,4141.354626,-0.092001249
360.149811,362059,362.054,2179,3752.974948,3.752974948,4141.354626,-0.093780831
360.199849,362109,362.104,2174,3734.617387,3.734617387,4141.354626,-0.098213574
360.304001,362159,362.154,2170,3720.0,3.72,4141.354626,-0.101743189
360.393732,362209,362.204,2208,3861.36725,3.86136725,4141.354626,-0.067607679
360.393946,362259,362.254,2213,3880.393199,3.880393199,4141.354626,-0.063013543
360.399799,362309,362.304,2204,3846.218932,3.846218932,4141.354626,-0.071265497
360.449844,362359,362.354,2187,3782.54717,3.78254717,4141.354626,-0.086640119
360.55446,362409,362.404,2190,3793.700787,3.793700787,4141.354626,-0.083946889
360.644704,362459,362.454,2179,3752.974948,3.752974948,4141.354626,-0.093780831
360.644919,362509,362.504,2175,3738.28125,3.73828125,4141.354626,-0.097328872
360.649828,362559,362.554,2178,3749.295775,3.749295775,4141.354626,-0.094669229
360.699852,362609,362.604,2190,3793.700787,3.793700787,4141.354626,-0.083946889
360.803282,362659,362.654,2211,3872.770701,3.872770701,4141.354626,-0.064854124
360.900398,362709,362.704,2198,3823.616236,3.823616236,4141.354626,-0.076723299
360.900618,362759,362.754,2218,3899.520511,3.899520511,4141.354626,-0.05839493
360.900814,362809,362.804,2212,3876.579926,3.876579926,4141.354626,-0.063934322
360.949808,362859,362.854,2219,3903.358209,3.903358209,4141.354626,-0.057468253
361.048121,362909,362.904,2225,3926.470588,3.926470588,4141.354626,-0.051887379
361.049826,362959,362.954,2218,3899.520511,3.899520511,4141.354626,-0.05839493
361.09978,363009,363.004,2195,3812.368421,3.812368421,4141.354626,-0.079439274
361.18905,363059,363.054,2183,3767.730126,3.767730126,4141.354626,-0.090217944
361.199834,363109,363.104,2194,3808.627038,3.808627038,4141.354626,-0.080342694
361.304531,363159,363.154,2181,3760.344828,3.760344828,4141.354626,-0.092001249
361.401219,363209,363.204,2225,3926.470588,3.926470588,4141.354626,-0.051887379
361.401444,363259,363.254,2194,3808.627038,3.808627038,4141.354626,-0.080342694
361.401641,363309,363.304,2177,3745.620438,3.745620438,4141.354626,-0.095556701
361.449804,363359,363.354,2165,3701.813472,3.701813472,4141.354626,-0.106134633
361.546856,363409,363.404,2181,3760.344828,3.760344828,4141.354626,-0.092001249
361.54971,363459,363.454,2214,3884.210526,3.884210526,4141.354626,-0.062091785
361.599818,363509,363.504,2204,3846.218932,3.846218932,4141.354626,-0.071265497
361.696367,363559,363.554,2194,3808.627038,3.808627038,4141.354626,-0.080342694
361.699742,363609,363.604,2213,3880.393199,3.880393199,4141.354626,-0.063013543
361.749827,363659,363.654,2180,3756.657963,3.756657963,4141.354626,-0.092891505
361.839112,363709,363.704,2184,3771.428571,3.771428571,4141.354626,-0.089324892
361.849783,363759,363.754,2161,3687.331954,3.687331954,4141.354626,-0.10963144
361.899814,363809,363.804,2175,3738.28125,3.73828125,4141.354626,-0.097328872
362.003808,363859,363.854,2194,3808.627038,3.808627038,4141.354626,-0.080342694
362.104061,363909,363.904,2199,3827.373418,3.827373418,4141.354626,-0.075816064
362.204326,363959,363.954,2197,3819.863014,3.819863014,4141.354626,-0.077629578
362.295357,364009,364.004,2203,3842.44186,3.84244186,4141.354626,-0.072177534
362.295569,364059,364.054,2206,3853.785071,3.853785071,4141.354626,-0.069438524
362.295775,364109,364.104,2229,3941.961415,3.941961415,4141.354626,-0.048146857
362.295977,364159,364.154,2224,3922.608231,3.922608231,4141.354626,-0.05282001
362.299786,364209,364.204,2205,3850.0,3.85,4141.354626,-0.070352494
362.349782,364259,364.254,2200,3831.134565,3.831134565,4141.354626,-0.074907872
362.453669,364309,364.304,2192,3801.156069,3.801156069,4141.354626,-0.082146686
362.551934,364359,364.354,2188,3786.261143,3.786261143,4141.354626,-0.085743317
362.552155,364409,364.404,2192,3801.156069,3.801156069,4141.354626,-0.082146686
362.552352,364459,364.454,2174,3734.617387,3.734617387,4141.354626,-0.098213574
362.599805,364509,364.504,2172,3727.301092,3.727301092,4141.354626,-0.099980217
362.69636,364559,364.554,2178,3749.295775,3.749295775,4141.354626,-0.094669229
362.699804,364609,364.604,2186,3778.837087,3.778837087,4141.354626,-0.087535981
362.749777,364659,364.654,2193,3804.88959,3.80488959,4141.354626,-0.081245164
362.838711,364709,364.704,2220,3907.2,3.9072,4141.354626,-0.056540588
362.849809,364759,364.754,2199,3827.373418,3.827373418,4141.354626,-0.075816064
362.954521,364809,364.804,2199,3827.373418,3.827373418,4141.354626,-0.075816064
363.054692,364859,364.854,2184,3771.428571,3.771428571,4141.354626,-0.089324892
363.154536,364909,364.904,2181,3760.344828,3.760344828,4141.354626,-0.092001249
363.154757,364959,364.954,2175,3738.28125,3.73828125,4141.354626,-0.097328872
363.154956,365009,365.004,2179,3752.974948,3.752974948,4141.354626,-0.093780831
363.252197,365059,365.054,2190,3793.700787,3.793700787,4141.354626,-0.083946889
363.252418,365109,365.104,2196,3816.113744,3.816113744,4141.354626,-0.078534902
363.252616,365159,365.154,2197,3819.863014,3.819863014,4141.354626,-0.077629578
363.299762,365209,365.204,2202,3838.66878,3.83866878,4141.354626,-0.073088608
363.390055,365259,365.254,2205,3850.0,3.85,4141.354626,-0.070352494
363.399799,365309,365.304,2219,3903.358209,3.903358209,4141.354626,-0.057468253
363.504127,365359,365.354,2228,3938.082485,3.938082485,4141.354626,-0.04908349
363.601985,365409,365.404,2213,3880.393199,3.880393199,4141.354626,-0.063013543
363.602204,365459,365.454,2199,3827.373418,3.827373418,4141.354626,-0.075816064
363.602401,365509,365.504,2192,3801.156069,3.801156069,4141.354626,-0.082146686
363.649791,365559,365.554,2189,3789.979014,3.789979014,4141.354626,-0.084845574
363.745923,365609,365.604,2198,3823.616236,3.823616236,4141.354626,-0.076723299
363.74973,365659,365.654,2195,3812.368421,3.812368421,4141.354626,-0.079439274
363.799813,365709,365.704,2177,3745.620438,3.745620438,4141.354626,-0.095556701
363.897539,365759,365.754,2170,3720.0,3.72,4141.354626,-0.101743189
363.89976,365809,365.804,2185,3775.13089,3.77513089,4141.354626,-0.088430905
363.949804,365859,365.854,2190,3793.700787,3.793700787,4141.354626,-0.083946889
364.0435,365909,365.904,2223,3918.75,3.91875,4141.354626,-0.053751645
364.049806,365959,365.954,2199,3827.373418,3.827373418,4141.354626,-0.075816064
364.099784,366009,366.004,2191,3797.426471,3.797426471,4141.354626,-0.08304726
364.204948,366059,366.054,2193,3804.88959,3.80488959,4141.354626,-0.081245164
364.302494,366109,366.104,2182,3764.035546,3.764035546,4141.354626,-0.091110063
364.302711,366159,366.154,2178,3749.295775,3.749295775,4141.354626,-0.094669229
364.302907,366209,366.204,2176,3741.948932,3.741948932,4141.354626,-0.096443249
364.349792,366259,366.254,2197,3819.863014,3.819863014,4141.354626,-0.077629578
364.445774,366309,366.304,2196,3816.113744,3.816113744,4141.354626,-0.078534902
364.449807,366359,366.354,2178,3749.295775,3.749295775,4141.354626,-0.094669229
364.540423,366409,366.404,2193,3804.88959,3.80488959,4141.354626,-0.081245164
364.54979,366459,366.454,2203,3842.44186,3.84244186,4141.354626,-0.072177534
364.599811,366509,366.504,2210,3868.965517,3.868965517,4141.354626,-0.065772949
364.703314,366559,366.554,2224,3922.608231,3.922608231,4141.354626,-0.05282001
364.80032,366609,366.604,2206,3853.785071,3.853785071,4141.354626,-0.069438524
364.80054,366659,366.654,2206,3853.785071,3.853785071,4141.354626,-0.069438524
364.800737,366709,366.704,2197,3819.863014,3.819863014,4141.354626,-0.077629578
364.849774,366759,366.754,2168,3712.714063,3.712714063,4141.354626,-0.103502501
364.94662,366809,366.804,2187,3782.54717,3.78254717,4141.354626,-0.086640119
364.949782,366859,366.854,2180,3756.657963,3.756657963,4141.354626,-0.092891505
365.042933,366909,366.904,2182,3764.035546,3.764035546,4141.354626,-0.091110063
365.049796,366959,366.954,2164,3698.187468,3.698187468,4141.354626,-0.107010193
365.099731,367009,367.004,2174,3734.617387,3.734617387,4141.354626,-0.098213574
365.204988,367059,367.054,2184,3771.428571,3.771428571,4141.354626,-0.089324892
365.303,367109,367.104,2213,3880.393199,3.880393199,4141.354626,-0.063013543
365.30322,367159,367.154,2198,3823.616236,3.823616236,4141.354626,-0.076723299
365.303418,367209,367.204,2192,3801.156069,3.801156069,4141.354626,-0.082146686
365.349782,367259,367.254,2181,3760.344828,3.760344828,4141.354626,-0.092001249
365.440339,367309,367.304,2185,3775.13089,3.77513089,4141.354626,-0.088430905
365.449781,367359,367.354,2176,3741.948932,3.741948932,4141.354626,-0.096443249
365.499788,367409,367.404,2191,3797.426471,3.797426471,4141.354626,-0.08304726
365.597382,367459,367.454,2178,3749.295775,3.749295775,4141.354626,-0.094669229
365.599774,367509,367.504,2191,3797.426471,3.797426471,4141.354626,-0.08304726
365.649767,367559,367.554,2187,3782.54717,3.78254717,4141.354626,-0.086640119
365.746842,367609,367.604,2192,3801.156069,3.801156069,4141.354626,-0.082146686
365.749778,367659,367.654,2213,3880.393199,3.880393199,4141.354626,-0.063013543
365.854182,367709,367.704,2216,3891.857371,3.891857371,4141.354626,-0.060245325
365.951832,367759,367.754,2217,3895.686901,3.895686901,4141.354626,-0.05932062
365.952054,367809,367.804,2220,3907.2,3.9072,4141.354626,-0.056540588
365.952252,367859,367.854,2203,3842.44186,3.84244186,4141.354626,-0.072177534
365.999813,367909,367.904,2188,3786.261143,3.786261143,4141.354626,-0.085743317
366.09829,367959,367.954,2189,3789.979014,3.789979014,4141.354626,-0.084845574
366.099702,368009,368.004,2182,3764.035546,3.764035546,4141.354626,-0.091110063
366.149828,368059,368.054,2193,3804.88959,3.80488959,4141.354626,-0.081245164
366.240335,368109,368.104,2184,3771.428571,3.771428571,4141.354626,-0.089324892
366.249787,368159,368.154,2176,3741.948932,3.741948932,4141.354626,-0.096443249
366.299771,368209,368.204,2176,3741.948932,3.741948932,4141.354626,-0.096443249
366.40377,368259,368.254,2182,3764.035546,3.764035546,4141.354626,-0.091110063
366.501589,368309,368.304,2187,3782.54717,3.78254717,4141.354626,-0.086640119
366.501811,368359,368.354,2214,3884.210526,3.884210526,4141.354626,-0.062091785
366.502009,368409,368.404,2188,3786.261143,3.786261143,4141.354626,-0.085743317
366.549784,368459,368.454,2194,3808.627038,3.808627038,4141.354626,-0.080342694
366.6472,368509,368.504,2183,3767.730126,3.767730126,4141.354626,-0.090217944
366.649704,368559,368.554,2174,3734.617387,3.734617387,4141.354626,-0.098213574
366.699798,368609,368.604,2178,3749.295775,3.749295775,4141.354626,-0.094669229
366.790134,368659,368.654,2165,3701.813472,3.701813472,4141.354626,-0.106134633
366.799774,368709,368.704,2189,3789.979014,3.789979014,4141.354626,-0.084845574
366.8498,368759,368.754,2199,3827.373418,3.827373418,4141.354626,-0.075816064
366.955133,368809,368.804,2192,3801.156069,3.801156069,4141.354626,-0.082146686
367.054445,368859,368.854,2201,3834.899683,3.834899683,4141.354626,-0.07399872
367.05475,368909,368.904,2209,3865.164369,3.865164369,4141.354626,-0.066690801
367.054949,368959,368.954,2207,3857.574153,3.857574153,4141.354626,-0.068523587
367.099766,369009,369.004,2217,3895.686901,3.895686901,4141.354626,-0.05932062
367.198119,369059,369.054,2204,3846.218932,3.846218932,4141.354626,-0.071265497
367.199697,369109,369.104,2194,3808.627038,3.808627038,4141.354626,-0.080342694
367.249783,369159,369.154,2189,3789.979014,3.789979014,4141.354626,-0.084845574
367.340073,369209,369.204,2181,3760.344828,3.760344828,4141.354626,-0.092001249
367.349721,369259,369.254,2197,3819.863014,3.819863014,4141.354626,-0.077629578
367.399765,369309,369.304,2185,3775.13089,3.77513089,4141.354626,-0.088430905
367.505475,369359,369.354,2169,3716.35514,3.71635514,4141.354626,-0.102623302
367.603521,369409,369.404,2205,3850.0,3.85,4141.354626,-0.070352494
367.603742,369459,369.454,2169,3716.35514,3.71635514,4141.354626,-0.102623302
367.603939,369509,369.504,2195,3812.368421,3.812368421,4141.354626,-0.079439274
367.649788,369559,369.554,2220,3907.2,3.9072,4141.354626,-0.056540588
367.747262,369609,369.604,2196,3816.113744,3.816113744,4141.354626,-0.078534902
367.749756,369659,369.654,2191,3797.426471,3.797426471,4141.354626,-0.08304726
367.79976,369709,369.704,2190,3793.700787,3.793700787,4141.354626,-0.083946889
367.890022,369759,369.754,2177,3745.620438,3.745620438,4141.354626,-0.095556701
367.899752,369809,369.804,2177,3745.620438,3.745620438,4141.354626,-0.095556701
367.949765,369859,369.854,2178,3749.295775,3.749295775,4141.354626,-0.094669229
368.057377,369909,369.904,2171,3723.648649,3.723648649,4141.354626,-0.100862161
368.156389,369959,369.954,2190,3793.700787,3.793700787,4141.354626,-0.083946889
368.156615,370009,370.004,2193,3804.88959,3.80488959,4141.354626,-0.081245164
368.156816,370059,370.054,2189,3789.979014,3.789979014,4141.354626,-0.084845574
368.199795,370109,370.104,2202,3838.66878,3.83866878,4141.354626,-0.073088608
368.29833,370159,370.154,2202,3838.66878,3.83866878,4141.354626,-0.073088608
368.299684,370209,370.204,2208,3861.36725,3.86136725,4141.354626,-0.067607679
368.349775,370259,370.254,2202,3838.66878,3.83866878,4141.354626,-0.073088608
368.439955,370309,370.304,2192,3801.156069,3.801156069,4141.354626,-0.082146686
368.449736,370359,370.354,2194,3808.627038,3.808627038,4141.354626,-0.080342694
368.499795,370409,370.404,2180,3756.657963,3.756657963,4141.354626,-0.092891505
368.606697,370459,370.454,2188,3786.261143,3.786261143,4141.354626,-0.085743317
368.705256,370509,370.504,2189,3789.979014,3.789979014,4141.354626,-0.084845574
368.70548,370559,370.554,2177,3745.620438,3.745620438,4141.354626,-0.095556701
368.705679,370609,370.604,2176,3741.948932,3.741948932,4141.354626,-0.096443249
368.749826,370659,370.654,2172,3727.301092,3.727301092,4141.354626,-0.099980217
368.847028,370709,370.704,2180,3756.657963,3.756657963,4141.354626,-0.092891505
368.849718,370759,370.754,2216,3891.857371,3.891857371,4141.354626,-0.060245325
368.899767,370809,370.804,2199,3827.373418,3.827373418,4141.354626,-0.075816064
368.991988,370859,370.854,2194,3808.627038,3.808627038,4141.354626,-0.080342694
368.999707,370909,370.904,2193,3804.88959,3.80488959,4141.354626,-0.081245164
369.049778,370959,370.954,2159,3680.113636,3.680113636,4141.354626,-0.111374425
369.155427,371009,371.004,2180,3756.657963,3.756657963,4141.354626,-0.092891505
369.253313,371059,371.054,2177,3745.620438,3.745620438,4141.354626,-0.095556701
369.253535,371109,371.104,2178,3749.295775,3.749295775,4141.354626,-0.094669229
369.253734,371159,371.154,2187,3782.54717,3.78254717,4141.354626,-0.086640119
369.299766,371209,371.204,2189,3789.979014,3.789979014,4141.354626,-0.084845574
369.396673,371259,371.254,2191,3797.426471,3.797426471,4141.354626,-0.08304726
369.399707,371309,371.304,2189,3789.979014,3.789979014,4141.354626,-0.084845574
369.449763,371359,371.354,2183,3767.730126,3.767730126,4141.354626,-0.090217944
369.540686,371409,371.404,2210,3868.965517,3.868965517,4141.354626,-0.065772949
369.549784,371459,371.454,2224,3922.608231,3.922608231,4141.354626,-0.05282001
369.655323,371509,371.504,2191,3797.426471,3.797426471,4141.354626,-0.08304726
369.753283,371559,371.554,2192,3801.156069,3.801156069,4141.354626,-0.082146686
369.753503,371609,371.604,2181,3760.344828,3.760344828,4141.354626,-0.092001249
369.7537,371659,371.654,2180,3756.657963,3.756657963,4141.354626,-0.092891505
369.799767,371709,371.704,2187,3782.54717,3.78254717,4141.354626,-0.086640119
369.897156,371759,371.754,2191,3797.426471,3.797426471,4141.354626,-0.08304726
369.899698,371809,371.804,2165,3701.813472,3.701813472,4141.354626,-0.106134633
369.949758,371859,371.854,2164,3698.187468,3.698187468,4141.354626,-0.107010193
370.042807,371909,371.904,2176,3741.948932,3.741948932,4141.354626,-0.096443249
370.049788,371959,371.954,2190,3793.700787,3.793700787,4141.354626,-0.083946889
370.09982,372009,372.004,2224,3922.608231,3.922608231,4141.354626,-0.05282001
370.207207,372059,372.054,2191,3797.426471,3.797426471,4141.354626,-0.08304726
370.304966,372109,372.104,2195,3812.368421,3.812368421,4141.354626,-0.079439274
370.305188,372159,372.154,2181,3760.344828,3.760344828,4141.354626,-0.092001249
370.305385,372209,372.204,2175,3738.28125,3.73828125,4141.354626,-0.097328872
370.349776,372259,372.254,2177,3745.620438,3.745620438,4141.354626,-0.095556701
370.44649,372309,372.304,2177,3745.620438,3.745620438,4141.354626,-0.095556701
370.449758,372359,372.354,2171,3723.648649,3.723648649,4141.354626,-0.100862161
370.499786,372409,372.404,2188,3786.261143,3.786261143,4141.354626,-0.085743317
370.591534,372459,372.454,2185,3775.13089,3.77513089,4141.354626,-0.088430905
370.59978,372509,372.504,2188,3786.261143,3.786261143,4141.354626,-0.085743317
370.649767,372559,372.554,2199,3827.373418,3.827373418,4141.354626,-0.075816064
370.748239,372609,372.604,2203,3842.44186,3.84244186,4141.354626,-0.072177534
370.749775,372659,372.654,2207,3857.574153,3.857574153,4141.354626,-0.068523587
370.854999,372709,372.704,2194,3808.627038,3.808627038,4141.354626,-0.080342694
370.946076,372759,372.754,2190,3793.700787,3.793700787,4141.354626,-0.083946889
370.946291,372809,372.804,2188,3786.261143,3.786261143,4141.354626,-0.085743317
370.949791,372859,372.854,2195,3812.368421,3.812368421,4141.354626,-0.079439274
370.99977,372909,372.904,2194,3808.627038,3.808627038,4141.354626,-0.080342694
371.105823,372959,372.954,2186,3778.837087,3.778837087,4141.354626,-0.087535981
371.196743,373009,373.004,2181,3760.344828,3.760344828,4141.354626,-0.092001249
371.196955,373059,373.054,2182,3764.035546,3.764035546,4141.354626,-0.091110063
371.199756,373109,373.104,2169,3716.35514,3.71635514,4141.354626,-0.102623302
371.249738,373159,373.154,2198,3823.616236,3.823616236,4141.354626,-0.076723299
371.355366,373209,373.204,2214,3884.210526,3.884210526,4141.354626,-0.062091785
371.45315,373259,373.254,2193,3804.88959,3.80488959,4141.354626,-0.081245164
371.453375,373309,373.304,2191,3797.426471,3.797426471,4141.354626,-0.08304726
371.453573,373359,373.354,2188,3786.261143,3.786261143,4141.354626,-0.085743317
371.499758,373409,373.404,2183,3767.730126,3.767730126,4141.354626,-0.090217944
371.599818,373459,373.454,2179,3752.974948,3.752974948,4141.354626,-0.093780831
371.70018,373509,373.504,2181,3760.344828,3.760344828,4141.354626,-0.092001249
371.792826,373559,373.554,2173,3730.957336,3.730957336,4141.354626,-0.099097355
371.793051,373609,373.604,2184,3771.428571,3.771428571,4141.354626,-0.089324892
371.793251,373659,373.654,2187,3782.54717,3.78254717,4141.354626,-0.086640119
371.79974,373709,373.704,2184,3771.428571,3.771428571,4141.354626,-0.089324892
371.849745,373759,373.754,2191,3797.426471,3.797426471,4141.354626,-0.08304726
371.954601,373809,373.804,2198,3823.616236,3.823616236,4141.354626,-0.076723299
372.053686,373859,373.854,2199,3827.373418,3.827373418,4141.354626,-0.075816064
372.053989,373909,373.904,2193,3804.88959,3.80488959,4141.354626,-0.081245164
372.054191,373959,373.954,2180,3756.657963,3.756657963,4141.354626,-0.092891505
372.099711,374009,374.004,2188,3786.261143,3.786261143,4141.354626,-0.085743317
372.198344,374059,374.054,2186,3778.837087,3.778837087,4141.354626,-0.087535981
372.19965,374109,374.104,2192,3801.156069,3.801156069,4141.354626,-0.082146686
372.249777,374159,374.154,2190,3793.700787,3.793700787,4141.354626,-0.083946889
372.34066,374209,374.204,2174,3734.617387,3.734617387,4141.354626,-0.098213574
372.349774,374259,374.254,2167,3709.076763,3.709076763,4141.354626,-0.104380789
372.399775,374309,374.304,2172,3727.301092,3.727301092,4141.354626,-0.099980217
372.50471,374359,374.354,2185,3775.13089,3.77513089,4141.354626,-0.088430905
372.603288,374409,374.404,2204,3846.218932,3.846218932,4141.354626,-0.071265497
372.60351,374459,374.454,2203,3842.44186,3.84244186,4141.354626,-0.072177534
372.603709,374509,374.504,2207,3857.574153,3.857574153,4141.354626,-0.068523587
372.649766,374559,374.554,2196,3816.113744,3.816113744,4141.354626,-0.078534902
372.747747,374609,374.604,2189,3789.979014,3.789979014,4141.354626,-0.084845574
372.749691,374659,374.654,2179,3752.974948,3.752974948,4141.354626,-0.093780831
372.799772,374709,374.704,2182,3764.035546,3.764035546,4141.354626,-0.091110063
372.890493,374759,374.754,2181,3760.344828,3.760344828,4141.354626,-0.092001249
372.899784,374809,374.804,2177,3745.620438,3.745620438,4141.354626,-0.095556701
373.004968,374859,374.854,2184,3771.428571,3.771428571,4141.354626,-0.089324892
373.10642,374909,374.904,2192,3801.156069,3.801156069,4141.354626,-0.082146686
373.207882,374959,374.954,2189,3789.979014,3.789979014,4141.354626,-0.084845574
373.306371,375009,375.004,2197,3819.863014,3.819863014,4141.354626,-0.077629578
373.306589,375059,375.054,2207,3857.574153,3.857574153,4141.354626,-0.068523587
373.306787,375109,375.104,2186,3778.837087,3.778837087,4141.354626,-0.087535981
373.306982,375159,375.154,2197,3819.863014,3.819863014,4141.354626,-0.077629578
373.307177,375209,375.204,2193,3804.88959,3.80488959,4141.354626,-0.081245164
373.349814,375259,375.254,2188,3786.261143,3.786261143,4141.354626,-0.085743317
373.440216,375309,375.304,2186,3778.837087,3.778837087,4141.354626,-0.087535981
373.449722,375359,375.354,2188,3786.261143,3.786261143,4141.354626,-0.085743317
373.499781,375409,375.404,2177,3745.620438,3.745620438,4141.354626,-0.095556701
373.604801,375459,375.454,2159,3680.113636,3.680113636,4141.354626,-0.111374425
373.701886,375509,375.504,2185,3775.13089,3.77513089,4141.354626,-0.088430905
373.702106,375559,375.554,2188,3786.261143,3.786261143,4141.354626,-0.085743317
373.702303,375609,375.604,2211,3872.770701,3.872770701,4141.354626,-0.064854124
373.749771,375659,375.654,2208,3861.36725,3.86136725,4141.354626,-0.067607679
373.846725,375709,375.704,2195,3812.368421,3.812368421,4141.354626,-0.079439274
373.849745,375759,375.754,2190,3793.700787,3.793700787,4141.354626,-0.083946889
373.899753,375809,375.804,2189,3789.979014,3.789979014,4141.354626,-0.084845574
373.989901,375859,375.854,2179,3752.974948,3.752974948,4141.354626,-0.093780831
373.999781,375909,375.904,2184,3771.428571,3.771428571,4141.354626,-0.089324892
374.106941,375959,375.954,2201,3834.899683,3.834899683,4141.354626,-0.07399872
374.205381,376009,376.004,2174,3734.617387,3.734617387,4141.354626,-0.098213574
374.205602,376059,376.054,2195,3812.368421,3.812368421,4141.354626,-0.079439274
374.205801,376109,376.104,2209,3865.164369,3.865164369,4141.354626,-0.066690801
374.249724,376159,376.154,2188,3786.261143,3.786261143,4141.354626,-0.085743317
374.347239,376209,376.204,2197,3819.863014,3.819863014,4141.354626,-0.077629578
374.34975,376259,376.254,2204,3846.218932,3.846218932,4141.354626,-0.071265497
374.439921,376309,376.304,2197,3819.863014,3.819863014,4141.354626,-0.077629578
374.449735,376359,376.354,2196,3816.113744,3.816113744,4141.354626,-0.078534902
374.499785,376409,376.404,2193,3804.88959,3.80488959,4141.354626,-0.081245164
374.604249,376459,376.454,2190,3793.700787,3.793700787,4141.354626,-0.083946889
374.701464,376509,376.504,2187,3782.54717,3.78254717,4141.354626,-0.086640119
374.70169,376559,376.554,2199,3827.373418,3.827373418,4141.354626,-0.075816064
374.701888,376609,376.604,2184,3771.428571,3.771428571,4141.354626,-0.089324892
374.749719,376659,376.654,2183,3767.730126,3.767730126,4141.354626,-0.090217944
374.846287,376709,376.704,2179,3752.974948,3.752974948,4141.354626,-0.093780831
374.849769,376759,376.754,2177,3745.620438,3.745620438,4141.354626,-0.095556701
374.947836,376809,376.804,2195,3812.368421,3.812368421,4141.354626,-0.079439274
374.949764,376859,376.854,2217,3895.686901,3.895686901,4141.354626,-0.05932062
375.043884,376909,376.904,2191,3797.426471,3.797426471,4141.354626,-0.08304726
375.049773,376959,376.954,2201,3834.899683,3.834899683,4141.354626,-0.07399872
375.099732,377009,377.004,2203,3842.44186,3.84244186,4141.354626,-0.072177534
375.20438,377059,377.054,2176,3741.948932,3.741948932,4141.354626,-0.096443249
375.301829,377109,377.104,2189,3789.979014,3.789979014,4141.354626,-0.084845574
375.30205,377159,377.154,2180,3756.657963,3.756657963,4141.354626,-0.092891505
375.302249,377209,377.204,2177,3745.620438,3.745620438,4141.354626,-0.095556701
375.349708,377259,377.254,2178,3749.295775,3.749295775,4141.354626,-0.094669229
375.446654,377309,377.304,2188,3786.261143,3.786261143,4141.354626,-0.085743317
375.449696,377359,377.354,2194,3808.627038,3.808627038,4141.354626,-0.080342694
375.499756,377409,377.404,2190,3793.700787,3.793700787,4141.354626,-0.083946889
375.590913,377459,377.454,2199,3827.373418,3.827373418,4141.354626,-0.075816064
375.599753,377509,377.504,2204,3846.218932,3.846218932,4141.354626,-0.071265497
375.649736,377559,377.554,2198,3823.616236,3.823616236,4141.354626,-0.076723299
375.75471,377609,377.604,2206,3853.785071,3.853785071,4141.354626,-0.069438524
375.84484,377659,377.654,2190,3793.700787,3.793700787,4141.354626,-0.083946889
375.845054,377709,377.704,2192,3801.156069,3.801156069,4141.354626,-0.082146686
375.849758,377759,377.754,2181,3760.344828,3.760344828,4141.354626,-0.092001249
375.899747,377809,377.804,2189,3789.979014,3.789979014,4141.354626,-0.084845574
375.997319,377859,377.854,2177,3745.620438,3.745620438,4141.354626,-0.095556701
375.999754,377909,377.904,2161,3687.331954,3.687331954,4141.354626,-0.10963144
376.108029,377959,377.954,2178,3749.295775,3.749295775,4141.354626,-0.094669229
376.19985,378009,378.004,2193,3804.88959,3.80488959,4141.354626,-0.081245164
376.200061,378059,378.054,2198,3823.616236,3.823616236,4141.354626,-0.076723299
376.200259,378109,378.104,2195,3812.368421,3.812368421,4141.354626,-0.079439274
376.249642,378159,378.154,2197,3819.863014,3.819863014,4141.354626,-0.077629578
376.35571,378209,378.204,2203,3842.44186,3.84244186,4141.354626,-0.072177534
376.451959,378259,378.254,2192,3801.156069,3.801156069,4141.354626,-0.082146686
376.452179,378309,378.304,2185,3775.13089,3.77513089,4141.354626,-0.088430905
376.452378,378359,378.354,2179,3752.974948,3.752974948,4141.354626,-0.093780831
376.499736,378409,378.404,2180,3756.657963,3.756657963,4141.354626,-0.092891505
376.599487,378459,378.454,2185,3775.13089,3.77513089,4141.354626,-0.088430905
376.599713,378509,378.504,2179,3752.974948,3.752974948,4141.354626,-0.093780831
376.649765,378559,378.554,2187,3782.54717,3.78254717,4141.354626,-0.086640119
376.738905,378609,378.604,2195,3812.368421,3.812368421,4141.354626,-0.079439274
376.749689,378659,378.654,2211,3872.770701,3.872770701,4141.354626,-0.064854124
376.799749,378709,378.704,2204,3846.218932,3.846218932,4141.354626,-0.071265497
376.903764,378759,378.754,2197,3819.863014,3.819863014,4141.354626,-0.077629578
377.000222,378809,378.804,2191,3797.426471,3.797426471,4141.354626,-0.08304726
377.000441,378859,378.854,2194,3808.627038,3.808627038,4141.354626,-0.080342694
377.001046,378909,378.904,2192,3801.156069,3.801156069,4141.354626,-0.082146686
377.049672,378959,378.954,2181,3760.344828,3.760344828,4141.354626,-0.092001249
377.146663,379009,379.004,2191,3797.426471,3.797426471,4141.354626,-0.08304726
377.149634,379059,379.054,2185,3775.13089,3.77513089,4141.354626,-0.088430905
377.199716,379109,379.104,2165,3701.813472,3.701813472,4141.354626,-0.106134633
377.293383,379159,379.154,2176,3741.948932,3.741948932,4141.354626,-0.096443249
377.299744,379209,379.204,2195,3812.368421,3.812368421,4141.354626,-0.079439274
377.402982,379259,379.254,2202,3838.66878,3.83866878,4141.354626,-0.073088608
377.501245,379309,379.304,2223,3918.75,3.91875,4141.354626,-0.053751645
377.501465,379359,379.354,2189,3789.979014,3.789979014,4141.354626,-0.084845574
377.501663,379409,379.404,2195,3812.368421,3.812368421,4141.354626,-0.079439274
377.549681,379459,379.454,2192,3801.156069,3.801156069,4141.354626,-0.082146686
377.646433,379509,379.504,2179,3752.974948,3.752974948,4141.354626,-0.093780831
377.64975,379559,379.554,2182,3764.035546,3.764035546,4141.354626,-0.091110063
377.74673,379609,379.604,2169,3716.35514,3.71635514,4141.354626,-0.102623302
377.749724,379659,379.654,2180,3756.657963,3.756657963,4141.354626,-0.092891505
377.799737,379709,379.704,2180,3756.657963,3.756657963,4141.354626,-0.092891505
377.892163,379759,379.754,2182,3764.035546,3.764035546,4141.354626,-0.091110063
377.899716,379809,379.804,2179,3752.974948,3.752974948,4141.354626,-0.093780831
377.949745,379859,379.854,2192,3801.156069,3.801156069,4141.354626,-0.082146686
378.057138,379909,379.904,2212,3876.579926,3.876579926,4141.354626,-0.063934322
378.156464,379959,379.954,2199,3827.373418,3.827373418,4141.354626,-0.075816064
378.156687,380009,380.004,2194,3808.627038,3.808627038,4141.354626,-0.080342694
378.156886,380059,380.054,2196,3816.113744,3.816113744,4141.354626,-0.078534902
378.199743,380109,380.104,2186,3778.837087,3.778837087,4141.354626,-0.087535981
378.298102,380159,380.154,2184,3771.428571,3.771428571,4141.354626,-0.089324892
378.299681,380209,380.204,2180,3756.657963,3.756657963,4141.354626,-0.092891505
378.349746,380259,380.254,2183,3767.730126,3.767730126,4141.354626,-0.090217944
378.439623,380309,380.304,2181,3760.344828,3.760344828,4141.354626,-0.092001249
378.449749,380359,380.354,2171,3723.648649,3.723648649,4141.354626,-0.100862161
378.555528,380409,380.404,2171,3723.648649,3.723648649,4141.354626,-0.100862161
378.652854,380459,380.454,2194,3808.627038,3.808627038,4141.354626,-0.080342694
378.653075,380509,380.504,2219,3903.358209,3.903358209,4141.354626,-0.057468253
378.653272,380559,380.554,2191,3797.426471,3.797426471,4141.354626,-0.08304726
378.699741,380609,380.604,2206,3853.785071,3.853785071,4141.354626,-0.069438524
378.796572,380659,380.654,2196,3816.113744,3.816113744,4141.354626,-0.078534902
378.799762,380709,380.704,2188,3786.261143,3.786261143,4141.354626,-0.085743317
378.88991,380759,380.754,2184,3771.428571,3.771428571,4141.354626,-0.089324892
378.899758,380809,380.804,2173,3730.957336,3.730957336,4141.354626,-0.099097355
378.949754,380859,380.854,2176,3741.948932,3.741948932,4141.354626,-0.096443249
379.058294,380909,380.904,2177,3745.620438,3.745620438,4141.354626,-0.095556701
379.156125,380959,380.954,2185,3775.13089,3.77513089,4141.354626,-0.088430905
379.156344,381009,381.004,2189,3789.979014,3.789979014,4141.354626,-0.084845574
379.15654,381059,381.054,2188,3786.261143,3.786261143,4141.354626,-0.085743317
379.199717,381109,381.104,2196,3816.113744,3.816113744,4141.354626,-0.078534902
379.297751,381159,381.154,2211,3872.770701,3.872770701,4141.354626,-0.064854124
379.299671,381209,381.204,2199,3827.373418,3.827373418,4141.354626,-0.075816064
379.349776,381259,381.254,2196,3816.113744,3.816113744,4141.354626,-0.078534902
379.440239,381309,381.304,2189,3789.979014,3.789979014,4141.354626,-0.084845574
379.449719,381359,381.354,2188,3786.261143,3.786261143,4141.354626,-0.085743317
379.499709,381409,381.404,2188,3786.261143,3.786261143,4141.354626,-0.085743317
379.604258,381459,381.454,2185,3775.13089,3.77513089,4141.354626,-0.088430905
379.701654,381509,381.504,2171,3723.648649,3.723648649,4141.354626,-0.100862161
379.701874,381559,381.554,2175,3738.28125,3.73828125,4141.354626,-0.097328872
379.702072,381609,381.604,2172,3727.301092,3.727301092,4141.354626,-0.099980217
379.749711,381659,381.654,2199,3827.373418,3.827373418,4141.354626,-0.075816064
379.846738,381709,381.704,2201,3834.899683,3.834899683,4141.354626,-0.07399872
379.84978,381759,381.754,2197,3819.863014,3.819863014,4141.354626,-0.077629578
379.948453,381809,381.804,2207,3857.574153,3.857574153,4141.354626,-0.068523587
379.949745,381859,381.854,2193,3804.88959,3.80488959,4141.354626,-0.081245164
380.043711,381909,381.904,2197,3819.863014,3.819863014,4141.354626,-0.077629578
380.049747,381959,381.954,2183,3767.730126,3.767730126,4141.354626,-0.090217944
380.099736,382009,382.004,2176,3741.948932,3.741948932,4141.354626,-0.096443249
380.204875,382059,382.054,2173,3730.957336,3.730957336,4141.354626,-0.099097355
380.302324,382109,382.104,2174,3734.617387,3.734617387,4141.354626,-0.098213574
380.30254,382159,382.154,2171,3723.648649,3.723648649,4141.354626,-0.100862161
380.302738,382209,382.204,2183,3767.730126,3.767730126,4141.354626,-0.090217944
380.349683,382259,382.254,2192,3801.156069,3.801156069,4141.354626,-0.082146686
380.44661,382309,382.304,2210,3868.965517,3.868965517,4141.354626,-0.065772949
380.449756,382359,382.354,2221,3911.045891,3.911045891,4141.354626,-0.055611933
380.541193,382409,382.404,2197,3819.863014,3.819863014,4141.354626,-0.077629578
380.5497,382459,382.454,2193,3804.88959,3.80488959,4141.354626,-0.081245164
380.599734,382509,382.504,2191,3797.426471,3.797426471,4141.354626,-0.08304726
380.704244,382559,382.554,2192,3801.156069,3.801156069,4141.354626,-0.082146686
380.801922,382609,382.604,2187,3782.54717,3.78254717,4141.354626,-0.086640119
380.802142,382659,382.654,2199,3827.373418,3.827373418,4141.354626,-0.075816064
380.802339,382709,382.704,2182,3764.035546,3.764035546,4141.354626,-0.091110063
380.849693,382759,382.754,2169,3716.35514,3.71635514,4141.354626,-0.102623302
380.939781,382809,382.804,2186,3778.837087,3.778837087,4141.354626,-0.087535981
380.949707,382859,382.854,2190,3793.700787,3.793700787,4141.354626,-0.083946889
381.056567,382909,382.904,2204,3846.218932,3.846218932,4141.354626,-0.071265497
381.148603,382959,382.954,2229,3941.961415,3.941961415,4141.354626,-0.048146857
381.148818,383009,383.004,2196,3816.113744,3.816113744,4141.354626,-0.078534902
381.149706,383059,383.054,2194,3808.627038,3.808627038,4141.354626,-0.080342694
381.199724,383109,383.104,2194,3808.627038,3.808627038,4141.354626,-0.080342694
381.305023,383159,383.154,2171,3723.648649,3.723648649,4141.354626,-0.100862161
381.402688,383209,383.204,2175,3738.28125,3.73828125,4141.354626,-0.097328872
381.402909,383259,383.254,2174,3734.617387,3.734617387,4141.354626,-0.098213574
381.403105,383309,383.304,2167,3709.076763,3.709076763,4141.354626,-0.104380789
381.449742,383359,383.354,2168,3712.714063,3.712714063,4141.354626,-0.103502501
381.546601,383409,383.404,2183,3767.730126,3.767730126,4141.354626,-0.090217944
381.549709,383459,383.454,2196,3816.113744,3.816113744,4141.354626,-0.078534902
381.599722,383509,383.504,2194,3808.627038,3.808627038,4141.354626,-0.080342694
381.689224,383559,383.554,2208,3861.36725,3.86136725,4141.354626,-0.067607679
381.699729,383609,383.604,2202,3838.66878,3.83866878,4141.354626,-0.073088608
381.803537,383659,383.654,2196,3816.113744,3.816113744,4141.354626,-0.078534902
381.900507,383709,383.704,2184,3771.428571,3.771428571,4141.354626,-0.089324892
381.900722,383759,383.754,2190,3793.700787,3.793700787,4141.354626,-0.083946889
381.900917,383809,383.804,2187,3782.54717,3.78254717,4141.354626,-0.086640119
381.949736,383859,383.854,2194,3808.627038,3.808627038,4141.354626,-0.080342694
382.04894,383909,383.904,2181,3760.344828,3.760344828,4141.354626,-0.092001249
382.049726,383959,383.954,2177,3745.620438,3.745620438,4141.354626,-0.095556701
382.099699,384009,384.004,2172,3727.301092,3.727301092,4141.354626,-0.099980217
382.196726,384059,384.054,2169,3716.35514,3.71635514,4141.354626,-0.102623302
382.199732,384109,384.104,2180,3756.657963,3.756657963,4141.354626,-0.092891505
382.28946,384159,384.154,2225,3926.470588,3.926470588,4141.354626,-0.051887379
382.299664,384209,384.204,2196,3816.113744,3.816113744,4141.354626,-0.078534902
382.349743,384259,384.254,2197,3819.863014,3.819863014,4141.354626,-0.077629578
382.453699,384309,384.304,2184,3771.428571,3.771428571,4141.354626,-0.089324892
382.55151,384359,384.354,2187,3782.54717,3.78254717,4141.354626,-0.086640119
382.551728,384409,384.404,2187,3782.54717,3.78254717,4141.354626,-0.086640119
382.551925,384459,384.454,2180,3756.657963,3.756657963,4141.354626,-0.092891505
382.599702,384509,384.504,2179,3752.974948,3.752974948,4141.354626,-0.093780831
382.696577,384559,384.554,2179,3752.974948,3.752974948,4141.354626,-0.093780831
382.699722,384609,384.604,2181,3760.344828,3.760344828,4141.354626,-0.092001249
382.789315,384659,384.654,2190,3793.700787,3.793700787,4141.354626,-0.083946889
382.799709,384709,384.704,2192,3801.156069,3.801156069,4141.354626,-0.082146686
382.849705,384759,384.754,2199,3827.373418,3.827373418,4141.354626,-0.075816064
382.954081,384809,384.804,2211,3872.770701,3.872770701,4141.354626,-0.064854124
383.051895,384859,384.854,2200,3831.134565,3.831134565,4141.354626,-0.074907872
383.0522,384909,384.904,2187,3782.54717,3.78254717,4141.354626,-0.086640119
383.052401,384959,384.954,2195,3812.368421,3.812368421,4141.354626,-0.079439274
383.099646,385009,385.004,2192,3801.156069,3.801156069,4141.354626,-0.082146686
383.199337,385059,385.054,2189,3789.979014,3.789979014,4141.354626,-0.084845574
383.199634,385109,385.104,2189,3789.979014,3.789979014,4141.354626,-0.084845574
383.249686,385159,385.154,2176,3741.948932,3.741948932,4141.354626,-0.096443249
383.33953,385209,385.204,2176,3741.948932,3.741948932,4141.354626,-0.096443249
383.34971,385259,385.254,2189,3789.979014,3.789979014,4141.354626,-0.084845574
383.456844,385309,385.304,2195,3812.368421,3.812368421,4141.354626,-0.079439274
383.55446,385359,385.354,2208,3861.36725,3.86136725,4141.354626,-0.067607679
383.554678,385409,385.404,2203,3842.44186,3.84244186,4141.354626,-0.072177534
383.554877,385459,385.454,2199,3827.373418,3.827373418,4141.354626,-0.075816064
383.599667,385509,385.504,2191,3797.426471,3.797426471,4141.354626,-0.08304726
383.696826,385559,385.554,2188,3786.261143,3.786261143,4141.354626,-0.085743317
383.699617,385609,385.604,2187,3782.54717,3.78254717,4141.354626,-0.086640119
383.74973,385659,385.654,2179,3752.974948,3.752974948,4141.354626,-0.093780831
383.846638,385709,385.704,2169,3716.35514,3.71635514,4141.354626,-0.102623302
383.84964,385759,385.754,2185,3775.13089,3.77513089,4141.354626,-0.088430905
383.899744,385809,385.804,2187,3782.54717,3.78254717,4141.354626,-0.086640119
383.989862,385859,385.854,2185,3775.13089,3.77513089,4141.354626,-0.088430905
383.9997,385909,385.904,2191,3797.426471,3.797426471,4141.354626,-0.08304726
384.049696,385959,385.954,2200,3831.134565,3.831134565,4141.354626,-0.074907872
384.154338,386009,386.004,2207,3857.574153,3.857574153,4141.354626,-0.068523587
384.252477,386059,386.054,2202,3838.66878,3.83866878,4141.354626,-0.073088608
384.252693,386109,386.104,2191,3797.426471,3.797426471,4141.354626,-0.08304726
384.252891,386159,386.154,2184,3771.428571,3.771428571,4141.354626,-0.089324892
384.29974,386209,386.204,2180,3756.657963,3.756657963,4141.354626,-0.092891505
384.397004,386259,386.254,2198,3823.616236,3.823616236,4141.354626,-0.076723299
384.399654,386309,386.304,2188,3786.261143,3.786261143,4141.354626,-0.085743317
384.449723,386359,386.354,2178,3749.295775,3.749295775,4141.354626,-0.094669229
384.539616,386409,386.404,2172,3727.301092,3.727301092,4141.354626,-0.099980217
384.549749,386459,386.454,2181,3760.344828,3.760344828,4141.354626,-0.092001249
384.654647,386509,386.504,2194,3808.627038,3.808627038,4141.354626,-0.080342694
384.750818,386559,386.554,2195,3812.368421,3.812368421,4141.354626,-0.079439274
384.751037,386609,386.604,2228,3938.082485,3.938082485,4141.354626,-0.04908349
384.751234,386659,386.654,2193,3804.88959,3.80488959,4141.354626,-0.081245164
384.79972,386709,386.704,2192,3801.156069,3.801156069,4141.354626,-0.082146686
384.89522,386759,386.754,2178,3749.295775,3.749295775,4141.354626,-0.094669229
384.899817,386809,386.804,2194,3808.627038,3.808627038,4141.354626,-0.080342694
384.988566,386859,386.854,2182,3764.035546,3.764035546,4141.354626,-0.091110063
384.999687,386909,386.904,2178,3749.295775,3.749295775,4141.354626,-0.094669229
385.049679,386959,386.954,2180,3756.657963,3.756657963,4141.354626,-0.092891505
385.153757,387009,387.004,2177,3745.620438,3.745620438,4141.354626,-0.095556701
385.252488,387059,387.054,2190,3793.700787,3.793700787,4141.354626,-0.083946889
385.252712,387109,387.104,2193,3804.88959,3.80488959,4141.354626,-0.081245164
385.25291,387159,387.154,2192,3801.156069,3.801156069,4141.354626,-0.082146686
385.299764,387209,387.204,2204,3846.218932,3.846218932,4141.354626,-0.071265497
385.396169,387259,387.254,2204,3846.218932,3.846218932,4141.354626,-0.071265497
385.3997,387309,387.304,2195,3812.368421,3.812368421,4141.354626,-0.079439274
385.449688,387359,387.354,2198,3823.616236,3.823616236,4141.354626,-0.076723299
385.538764,387409,387.404,2183,3767.730126,3.767730126,4141.354626,-0.090217944
385.549708,387459,387.454,2195,3812.368421,3.812368421,4141.354626,-0.079439274
385.652229,387509,387.504,2192,3801.156069,3.801156069,4141.354626,-0.082146686
385.748217,387559,387.554,2179,3752.974948,3.752974948,4141.354626,-0.093780831
385.748439,387609,387.604,2171,3723.648649,3.723648649,4141.354626,-0.100862161
385.74966,387659,387.654,2175,3738.28125,3.73828125,4141.354626,-0.097328872
385.799708,387709,387.704,2180,3756.657963,3.756657963,4141.354626,-0.092891505
385.895403,387759,387.754,2179,3752.974948,3.752974948,4141.354626,-0.093780831
385.899706,387809,387.804,2228,3938.082485,3.938082485,4141.354626,-0.04908349
385.949689,387859,387.854,2199,3827.373418,3.827373418,4141.354626,-0.075816064
386.041231,387909,387.904,2194,3808.627038,3.808627038,4141.354626,-0.080342694
386.049725,387959,387.954,2180,3756.657963,3.756657963,4141.354626,-0.092891505
386.099735,388009,388.004,2193,3804.88959,3.80488959,4141.354626,-0.081245164
386.196328,388059,388.054,2196,3816.113744,3.816113744,4141.354626,-0.078534902
386.199667,388109,388.104,2182,3764.035546,3.764035546,4141.354626,-0.091110063
386.249731,388159,388.154,2179,3752.974948,3.752974948,4141.354626,-0.093780831
386.34605,388209,388.204,2191,3797.426471,3.797426471,4141.354626,-0.08304726
386.349734,388259,388.254,2196,3816.113744,3.816113744,4141.354626,-0.078534902
386.45276,388309,388.304,2191,3797.426471,3.797426471,4141.354626,-0.08304726
386.550652,388359,388.354,2187,3782.54717,3.78254717,4141.354626,-0.086640119
386.550868,388409,388.404,2195,3812.368421,3.812368421,4141.354626,-0.079439274
386.551064,388459,388.454,2193,3804.88959,3.80488959,4141.354626,-0.081245164
386.599721,388509,388.504,2187,3782.54717,3.78254717,4141.354626,-0.086640119
386.695506,388559,388.554,2190,3793.700787,3.793700787,4141.354626,-0.083946889
386.699744,388609,388.604,2183,3767.730126,3.767730126,4141.354626,-0.090217944
386.788393,388659,388.654,2178,3749.295775,3.749295775,4141.354626,-0.094669229
386.7997,388709,388.704,2179,3752.974948,3.752974948,4141.354626,-0.093780831
386.849719,388759,388.754,2184,3771.428571,3.771428571,4141.354626,-0.089324892
386.953576,388809,388.804,2174,3734.617387,3.734617387,4141.354626,-0.098213574
387.050257,388859,388.854,2173,3730.957336,3.730957336,4141.354626,-0.099097355
387.050561,388909,388.904,2192,3801.156069,3.801156069,4141.354626,-0.082146686
387.05076,388959,388.954,2188,3786.261143,3.786261143,4141.354626,-0.085743317
387.099694,389009,389.004,2196,3816.113744,3.816113744,4141.354626,-0.078534902
387.19654,389059,389.054,2217,3895.686901,3.895686901,4141.354626,-0.05932062
387.199729,389109,389.104,2203,3842.44186,3.84244186,4141.354626,-0.072177534
387.288839,389159,389.154,2187,3782.54717,3.78254717,4141.354626,-0.086640119
387.299711,389209,389.204,2188,3786.261143,3.786261143,4141.354626,-0.085743317
387.349695,389259,389.254,2188,3786.261143,3.786261143,4141.354626,-0.085743317
387.45325,389309,389.304,2180,3756.657963,3.756657963,4141.354626,-0.092891505
387.549989,389359,389.354,2177,3745.620438,3.745620438,4141.354626,-0.095556701
387.550209,389409,389.404,2193,3804.88959,3.80488959,4141.354626,-0.081245164
387.550408,389459,389.454,2179,3752.974948,3.752974948,4141.354626,-0.093780831
387.599722,389509,389.504,2188,3786.261143,3.786261143,4141.354626,-0.085743317
387.695321,389559,389.554,2193,3804.88959,3.80488959,4141.354626,-0.081245164
387.69973,389609,389.604,2196,3816.113744,3.816113744,4141.354626,-0.078534902
387.795649,389659,389.654,2195,3812.368421,3.812368421,4141.354626,-0.079439274
387.799647,389709,389.704,2187,3782.54717,3.78254717,4141.354626,-0.086640119
387.849725,389759,389.754,2180,3756.657963,3.756657963,4141.354626,-0.092891505
387.937894,389809,389.804,2179,3752.974948,3.752974948,4141.354626,-0.093780831
387.949701,389859,389.854,2176,3741.948932,3.741948932,4141.354626,-0.096443249
388.055844,389909,389.904,2175,3738.28125,3.73828125,4141.354626,-0.097328872
388.153049,389959,389.954,2170,3720.0,3.72,4141.354626,-0.101743189
388.153272,390009,390.004,2168,3712.714063,3.712714063,4141.354626,-0.103502501
388.153472,390059,390.054,2170,3720.0,3.72,4141.354626,-0.101743189
388.199703,390109,390.104,2201,3834.899683,3.834899683,4141.354626,-0.07399872
388.295932,390159,390.154,2195,3812.368421,3.812368421,4141.354626,-0.079439274
388.299751,390209,390.204,2191,3797.426471,3.797426471,4141.354626,-0.08304726
388.389822,390259,390.254,2234,3961.418592,3.961418592,4141.354626,-0.043448593
388.399713,390309,390.304,2194,3808.627038,3.808627038,4141.354626,-0.080342694
388.449771,390359,390.354,2193,3804.88959,3.80488959,4141.354626,-0.081245164
388.553904,390409,390.404,2188,3786.261143,3.786261143,4141.354626,-0.085743317
388.650131,390459,390.454,2187,3782.54717,3.78254717,4141.354626,-0.086640119
388.650353,390509,390.504,2195,3812.368421,3.812368421,4141.354626,-0.079439274
388.65055,390559,390.554,2170,3720.0,3.72,4141.354626,-0.101743189
388.69968,390609,390.604,2178,3749.295775,3.749295775,4141.354626,-0.094669229
388.79643,390659,390.654,2187,3782.54717,3.78254717,4141.354626,-0.086640119
388.799707,390709,390.704,2186,3778.837087,3.778837087,4141.354626,-0.087535981
388.896361,390759,390.754,2191,3797.426471,3.797426471,4141.354626,-0.08304726
388.899703,390809,390.804,2202,3838.66878,3.83866878,4141.354626,-0.073088608
388.949639,390859,390.854,2211,3872.770701,3.872770701,4141.354626,-0.064854124
389.052835,390909,390.904,2195,3812.368421,3.812368421,4141.354626,-0.079439274
389.160072,390959,390.954,2185,3775.13089,3.77513089,4141.354626,-0.088430905
389.261327,391009,391.004,2198,3823.616236,3.823616236,4141.354626,-0.076723299
389.358447,391059,391.054,2181,3760.344828,3.760344828,4141.354626,-0.092001249
389.358667,391109,391.104,2171,3723.648649,3.723648649,4141.354626,-0.100862161
389.358864,391159,391.154,2197,3819.863014,3.819863014,4141.354626,-0.077629578
389.35906,391209,391.204,2175,3738.28125,3.73828125,4141.354626,-0.097328872
389.359255,391259,391.254,2176,3741.948932,3.741948932,4141.354626,-0.096443249
389.399698,391309,391.304,2177,3745.620438,3.745620438,4141.354626,-0.095556701
389.489573,391359,391.354,2183,3767.730126,3.767730126,4141.354626,-0.090217944
389.499673,391409,391.404,2185,3775.13089,3.77513089,4141.354626,-0.088430905
389.549659,391459,391.454,2223,3918.75,3.91875,4141.354626,-0.053751645
389.654254,391509,391.504,2189,3789.979014,3.789979014,4141.354626,-0.084845574
389.75161,391559,391.554,2193,3804.88959,3.80488959,4141.354626,-0.081245164
389.751829,391609,391.604,2185,3775.13089,3.77513089,4141.354626,-0.088430905
389.752026,391659,391.654,2190,3793.700787,3.793700787,4141.354626,-0.083946889
389.799706,391709,391.704,2192,3801.156069,3.801156069,4141.354626,-0.082146686
389.896215,391759,391.754,2185,3775.13089,3.77513089,4141.354626,-0.088430905
389.899728,391809,391.804,2183,3767.730126,3.767730126,4141.354626,-0.090217944
389.99657,391859,391.854,2179,3752.974948,3.752974948,4141.354626,-0.093780831
389.999708,391909,391.904,2173,3730.957336,3.730957336,4141.354626,-0.099097355
390.049701,391959,391.954,2191,3797.426471,3.797426471,4141.354626,-0.08304726
390.141887,392009,392.004,2203,3842.44186,3.84244186,4141.354626,-0.072177534
390.149705,392059,392.054,2181,3760.344828,3.760344828,4141.354626,-0.092001249
390.199705,392109,392.104,2201,3834.899683,3.834899683,4141.354626,-0.07399872
390.304688,392159,392.154,2186,3778.837087,3.778837087,4141.354626,-0.087535981
390.401652,392209,392.204,2189,3789.979014,3.789979014,4141.354626,-0.084845574
390.401872,392259,392.254,2190,3793.700787,3.793700787,4141.354626,-0.083946889
390.40207,392309,392.304,2179,3752.974948,3.752974948,4141.354626,-0.093780831
390.449706,392359,392.354,2179,3752.974948,3.752974948,4141.354626,-0.093780831
390.546928,392409,392.404,2181,3760.344828,3.760344828,4141.354626,-0.092001249
390.549633,392459,392.454,2179,3752.974948,3.752974948,4141.354626,-0.093780831
390.599697,392509,392.504,2186,3778.837087,3.778837087,4141.354626,-0.087535981
390.689322,392559,392.554,2194,3808.627038,3.808627038,4141.354626,-0.080342694
390.699702,392609,392.604,2193,3804.88959,3.80488959,4141.354626,-0.081245164
390.803351,392659,392.654,2197,3819.863014,3.819863014,4141.354626,-0.077629578
390.900136,392709,392.704,2215,3888.031915,3.888031915,4141.354626,-0.061169046
390.90036,392759,392.754,2195,3812.368421,3.812368421,4141.354626,-0.079439274
390.900559,392809,392.804,2190,3793.700787,3.793700787,4141.354626,-0.083946889
390.949691,392859,392.854,2188,3786.261143,3.786261143,4141.354626,-0.085743317
391.050569,392909,392.904,2180,3756.657963,3.756657963,4141.354626,-0.092891505
391.141217,392959,392.954,2180,3756.657963,3.756657963,4141.354626,-0.092891505
391.14143,393009,393.004,2179,3752.974948,3.752974948,4141.354626,-0.093780831
391.149666,393059,393.054,2183,3767.730126,3.767730126,4141.354626,-0.090217944
391.199687,393109,393.104,2184,3771.428571,3.771428571,4141.354626,-0.089324892
391.304064,393159,393.154,2188,3786.261143,3.786261143,4141.354626,-0.085743317
391.400749,393209,393.204,2193,3804.88959,3.80488959,4141.354626,-0.081245164
391.400972,393259,393.254,2199,3827.373418,3.827373418,4141.354626,-0.075816064
391.401171,393309,393.304,2197,3819.863014,3.819863014,4141.354626,-0.077629578
391.449715,393359,393.354,2196,3816.113744,3.816113744,4141.354626,-0.078534902
391.539591,393409,393.404,2187,3782.54717,3.78254717,4141.354626,-0.086640119
391.549675,393459,393.454,2185,3775.13089,3.77513089,4141.354626,-0.088430905
391.599662,393509,393.504,2178,3749.295775,3.749295775,4141.354626,-0.094669229
391.696569,393559,393.554,2181,3760.344828,3.760344828,4141.354626,-0.092001249
391.69969,393609,393.604,2164,3698.187468,3.698187468,4141.354626,-0.107010193
391.803313,393659,393.654,2184,3771.428571,3.771428571,4141.354626,-0.089324892
391.900825,393709,393.704,2174,3734.617387,3.734617387,4141.354626,-0.098213574
391.901045,393759,393.754,2188,3786.261143,3.786261143,4141.354626,-0.085743317
391.901244,393809,393.804,2192,3801.156069,3.801156069,4141.354626,-0.082146686
391.949691,393859,393.854,2202,3838.66878,3.83866878,4141.354626,-0.073088608
392.049051,393909,393.904,2218,3899.520511,3.899520511,4141.354626,-0.05839493
392.04959,393959,393.954,2198,3823.616236,3.823616236,4141.354626,-0.076723299
392.099659,394009,394.004,2195,3812.368421,3.812368421,4141.354626,-0.079439274
392.197114,394059,394.054,2180,3756.657963,3.756657963,4141.354626,-0.092891505
392.199643,394109,394.104,2159,3680.113636,3.680113636,4141.354626,-0.111374425
392.249678,394159,394.154,2188,3786.261143,3.786261143,4141.354626,-0.085743317
392.338919,394209,394.204,2181,3760.344828,3.760344828,4141.354626,-0.092001249
392.349658,394259,394.254,2170,3720.0,3.72,4141.354626,-0.101743189
392.399687,394309,394.304,2180,3756.657963,3.756657963,4141.354626,-0.092891505
392.502789,394359,394.354,2184,3771.428571,3.771428571,4141.354626,-0.089324892
392.601245,394409,394.404,2191,3797.426471,3.797426471,4141.354626,-0.08304726
392.601467,394459,394.454,2205,3850.0,3.85,4141.354626,-0.070352494
392.601663,394509,394.504,2208,3861.36725,3.86136725,4141.354626,-0.067607679
392.649663,394559,394.554,2190,3793.700787,3.793700787,4141.354626,-0.083946889
392.745142,394609,394.604,2185,3775.13089,3.77513089,4141.354626,-0.088430905
392.749674,394659,394.654,2173,3730.957336,3.730957336,4141.354626,-0.099097355
392.840212,394709,394.704,2185,3775.13089,3.77513089,4141.354626,-0.088430905
392.84968,394759,394.754,2173,3730.957336,3.730957336,4141.354626,-0.099097355
392.952608,394809,394.804,2201,3834.899683,3.834899683,4141.354626,-0.07399872
393.050585,394859,394.854,2194,3808.627038,3.808627038,4141.354626,-0.080342694
393.050895,394909,394.904,2181,3760.344828,3.760344828,4141.354626,-0.092001249
393.051093,394959,394.954,2180,3756.657963,3.756657963,4141.354626,-0.092891505
393.099652,395009,395.004,2168,3712.714063,3.712714063,4141.354626,-0.103502501
393.196574,395059,395.054,2186,3778.837087,3.778837087,4141.354626,-0.087535981
393.199582,395109,395.104,2217,3895.686901,3.895686901,4141.354626,-0.05932062
393.249633,395159,395.154,2196,3816.113744,3.816113744,4141.354626,-0.078534902
393.33839,395209,395.204,2185,3775.13089,3.77513089,4141.354626,-0.088430905
393.349643,395259,395.254,2185,3775.13089,3.77513089,4141.354626,-0.088430905
393.452516,395309,395.304,2176,3741.948932,3.741948932,4141.354626,-0.096443249
393.54922,395359,395.354,2188,3786.261143,3.786261143,4141.354626,-0.085743317
393.549442,395409,395.404,2182,3764.035546,3.764035546,4141.354626,-0.091110063
393.549641,395459,395.454,2173,3730.957336,3.730957336,4141.354626,-0.099097355
393.599648,395509,395.504,2195,3812.368421,3.812368421,4141.354626,-0.079439274
393.696393,395559,395.554,2178,3749.295775,3.749295775,4141.354626,-0.094669229
393.699612,395609,395.604,2180,3756.657963,3.756657963,4141.354626,-0.092891505
393.749693,395659,395.654,2192,3801.156069,3.801156069,4141.354626,-0.082146686
393.845857,395709,395.704,2194,3808.627038,3.808627038,4141.354626,-0.080342694
393.849592,395759,395.754,2196,3816.113744,3.816113744,4141.354626,-0.078534902
393.899657,395809,395.804,2212,3876.579926,3.876579926,4141.354626,-0.063934322
393.989181,395859,395.854,2187,3782.54717,3.78254717,4141.354626,-0.086640119
393.999604,395909,395.904,2180,3756.657963,3.756657963,4141.354626,-0.092891505
394.04963,395959,395.954,2181,3760.344828,3.760344828,4141.354626,-0.092001249
394.154998,396009,396.004,2177,3745.620438,3.745620438,4141.354626,-0.095556701
394.253636,396059,396.054,2181,3760.344828,3.760344828,4141.354626,-0.092001249
394.253856,396109,396.104,2177,3745.620438,3.745620438,4141.354626,-0.095556701
394.254053,396159,396.154,2174,3734.617387,3.734617387,4141.354626,-0.098213574
394.299679,396209,396.204,2198,3823.616236,3.823616236,4141.354626,-0.076723299
394.396957,396259,396.254,2196,3816.113744,3.816113744,4141.354626,-0.078534902
394.399602,396309,396.304,2198,3823.616236,3.823616236,4141.354626,-0.076723299
394.449668,396359,396.354,2206,3853.785071,3.853785071,4141.354626,-0.069438524
394.539429,396409,396.404,2199,3827.373418,3.827373418,4141.354626,-0.075816064
394.549676,396459,396.454,2191,3797.426471,3.797426471,4141.354626,-0.08304726
394.654229,396509,396.504,2193,3804.88959,3.80488959,4141.354626,-0.081245164
394.751427,396559,396.554,2182,3764.035546,3.764035546,4141.354626,-0.091110063
394.751655,396609,396.604,2188,3786.261143,3.786261143,4141.354626,-0.085743317
394.751856,396659,396.654,2171,3723.648649,3.723648649,4141.354626,-0.100862161
394.799644,396709,396.704,2180,3756.657963,3.756657963,4141.354626,-0.092891505
394.895879,396759,396.754,2183,3767.730126,3.767730126,4141.354626,-0.090217944
394.899603,396809,396.804,2180,3756.657963,3.756657963,4141.354626,-0.092891505
394.949643,396859,396.854,2198,3823.616236,3.823616236,4141.354626,-0.076723299
395.043053,396909,396.904,2198,3823.616236,3.823616236,4141.354626,-0.076723299
395.04968,396959,396.954,2206,3853.785071,3.853785071,4141.354626,-0.069438524
395.099611,397009,397.004,2187,3782.54717,3.78254717,4141.354626,-0.086640119
395.203428,397059,397.054,2191,3797.426471,3.797426471,4141.354626,-0.08304726
395.3014,397109,397.104,2189,3789.979014,3.789979014,4141.354626,-0.084845574
395.301623,397159,397.154,2173,3730.957336,3.730957336,4141.354626,-0.099097355
395.30182,397209,397.204,2171,3723.648649,3.723648649,4141.354626,-0.100862161
395.349679,397259,397.254,2175,3738.28125,3.73828125,4141.354626,-0.097328872
395.445577,397309,397.304,2179,3752.974948,3.752974948,4141.354626,-0.093780831
395.449648,397359,397.354,2177,3745.620438,3.745620438,4141.354626,-0.095556701
395.499666,397409,397.404,2184,3771.428571,3.771428571,4141.354626,-0.089324892
395.589836,397459,397.454,2194,3808.627038,3.808627038,4141.354626,-0.080342694
395.599685,397509,397.504,2191,3797.426471,3.797426471,4141.354626,-0.08304726
395.703292,397559,397.554,2243,3996.706263,3.996706263,4141.354626,-0.034927789
395.800818,397609,397.604,2207,3857.574153,3.857574153,4141.354626,-0.068523587
395.80104,397659,397.654,2195,3812.368421,3.812368421,4141.354626,-0.079439274
395.801237,397709,397.704,2189,3789.979014,3.789979014,4141.354626,-0.084845574
395.849673,397759,397.754,2178,3749.295775,3.749295775,4141.354626,-0.094669229
395.945838,397809,397.804,2199,3827.373418,3.827373418,4141.354626,-0.075816064
395.949675,397859,397.854,2187,3782.54717,3.78254717,4141.354626,-0.086640119
396.048801,397909,397.904,2175,3738.28125,3.73828125,4141.354626,-0.097328872
396.049722,397959,397.954,2178,3749.295775,3.749295775,4141.354626,-0.094669229
396.099674,398009,398.004,2187,3782.54717,3.78254717,4141.354626,-0.086640119
396.189035,398059,398.054,2189,3789.979014,3.789979014,4141.354626,-0.084845574
396.199674,398109,398.104,2176,3741.948932,3.741948932,4141.354626,-0.096443249
396.304633,398159,398.154,2194,3808.627038,3.808627038,4141.354626,-0.080342694
396.401159,398209,398.204,2180,3756.657963,3.756657963,4141.354626,-0.092891505
396.401379,398259,398.254,2183,3767.730126,3.767730126,4141.354626,-0.090217944
396.401576,398309,398.304,2182,3764.035546,3.764035546,4141.354626,-0.091110063
396.449696,398359,398.354,2174,3734.617387,3.734617387,4141.354626,-0.098213574
396.547305,398409,398.404,2173,3730.957336,3.730957336,4141.354626,-0.099097355
396.549604,398459,398.454,2179,3752.974948,3.752974948,4141.354626,-0.093780831
396.599652,398509,398.504,2186,3778.837087,3.778837087,4141.354626,-0.087535981
396.689384,398559,398.554,2175,3738.28125,3.73828125,4141.354626,-0.097328872
396.699631,398609,398.604,2186,3778.837087,3.778837087,4141.354626,-0.087535981
396.749651,398659,398.654,2194,3808.627038,3.808627038,4141.354626,-0.080342694
396.853214,398709,398.704,2191,3797.426471,3.797426471,4141.354626,-0.08304726
396.950986,398759,398.754,2216,3891.857371,3.891857371,4141.354626,-0.060245325
396.951212,398809,398.804,2173,3730.957336,3.730957336,4141.354626,-0.099097355
396.951411,398859,398.854,2196,3816.113744,3.816113744,4141.354626,-0.078534902
396.999599,398909,398.904,2188,3786.261143,3.786261143,4141.354626,-0.085743317
397.09854,398959,398.954,2184,3771.428571,3.771428571,4141.354626,-0.089324892
397.099548,399009,399.004,2178,3749.295775,3.749295775,4141.354626,-0.094669229
397.149598,399059,399.054,2190,3793.700787,3.793700787,4141.354626,-0.083946889
397.239867,399109,399.104,2185,3775.13089,3.77513089,4141.354626,-0.088430905
397.249605,399159,399.154,2174,3734.617387,3.734617387,4141.354626,-0.098213574
397.352827,399209,399.204,2182,3764.035546,3.764035546,4141.354626,-0.091110063
397.450552,399259,399.254,2207,3857.574153,3.857574153,4141.354626,-0.068523587
397.450772,399309,399.304,2190,3793.700787,3.793700787,4141.354626,-0.083946889
397.45097,399359,399.354,2199,3827.373418,3.827373418,4141.354626,-0.075816064
397.499637,399409,399.404,2200,3831.134565,3.831134565,4141.354626,-0.074907872
397.595809,399459,399.454,2195,3812.368421,3.812368421,4141.354626,-0.079439274
397.599637,399509,399.504,2182,3764.035546,3.764035546,4141.354626,-0.091110063
397.649669,399559,399.554,2181,3760.344828,3.760344828,4141.354626,-0.092001249
397.745739,399609,399.604,2181,3760.344828,3.760344828,4141.354626,-0.092001249
397.74956,399659,399.654,2180,3756.657963,3.756657963,4141.354626,-0.092891505
397.799653,399709,399.704,2193,3804.88959,3.80488959,4141.354626,-0.081245164
397.888303,399759,399.754,2182,3764.035546,3.764035546,4141.354626,-0.091110063
397.899634,399809,399.804,2170,3720.0,3.72,4141.354626,-0.101743189
397.949647,399859,399.854,2198,3823.616236,3.823616236,4141.354626,-0.076723299
398.056039,399909,399.904,2192,3801.156069,3.801156069,4141.354626,-0.082146686
398.153952,399959,399.954,2202,3838.66878,3.83866878,4141.354626,-0.073088608
398.154169,400009,400.004,2222,3914.895889,3.914895889,4141.354626,-0.054682286
398.154365,400059,400.054,2187,3782.54717,3.78254717,4141.354626,-0.086640119
398.199628,400109,400.104,2193,3804.88959,3.80488959,4141.354626,-0.081245164
398.299479,400159,400.154,2181,3760.344828,3.760344828,4141.354626,-0.092001249
398.299703,400209,400.204,2203,3842.44186,3.84244186,4141.354626,-0.072177534
398.390936,400259,400.254,2186,3778.837087,3.778837087,4141.354626,-0.087535981
398.399662,400309,400.304,2188,3786.261143,3.786261143,4141.354626,-0.085743317
398.449716,400359,400.354,2185,3775.13089,3.77513089,4141.354626,-0.088430905
398.554551,400409,400.404,2186,3778.837087,3.778837087,4141.354626,-0.087535981
398.651015,400459,400.454,2184,3771.428571,3.771428571,4141.354626,-0.089324892
398.651233,400509,400.504,2189,3789.979014,3.789979014,4141.354626,-0.084845574
398.651429,400559,400.554,2206,3853.785071,3.853785071,4141.354626,-0.069438524
398.699615,400609,400.604,2204,3846.218932,3.846218932,4141.354626,-0.071265497
398.796216,400659,400.654,2194,3808.627038,3.808627038,4141.354626,-0.080342694
398.799551,400709,400.704,2176,3741.948932,3.741948932,4141.354626,-0.096443249
398.849627,400759,400.754,2198,3823.616236,3.823616236,4141.354626,-0.076723299
398.938982,400809,400.804,2180,3756.657963,3.756657963,4141.354626,-0.092891505
398.949622,400859,400.854,2170,3720.0,3.72,4141.354626,-0.101743189
399.057344,400909,400.904,2187,3782.54717,3.78254717,4141.354626,-0.086640119
399.154598,400959,400.954,2177,3745.620438,3.745620438,4141.354626,-0.095556701
399.15482,401009,401.004,2170,3720.0,3.72,4141.354626,-0.101743189
399.155018,401059,401.054,2186,3778.837087,3.778837087,4141.354626,-0.087535981
399.199652,401109,401.104,2197,3819.863014,3.819863014,4141.354626,-0.077629578
399.296068,401159,401.154,2212,3876.579926,3.876579926,4141.354626,-0.063934322
399.299662,401209,401.204,2223,3918.75,3.91875,4141.354626,-0.053751645
399.396025,401259,401.254,2180,3756.657963,3.756657963,4141.354626,-0.092891505
399.399544,401309,401.304,2183,3767.730126,3.767730126,4141.354626,-0.090217944
399.449609,401359,401.354,2182,3764.035546,3.764035546,4141.354626,-0.091110063
399.540056,401409,401.404,2191,3797.426471,3.797426471,4141.354626,-0.08304726
399.549597,401459,401.454,2184,3771.428571,3.771428571,4141.354626,-0.089324892
399.599621,401509,401.504,2183,3767.730126,3.767730126,4141.354626,-0.090217944
399.703656,401559,401.554,2176,3741.948932,3.741948932,4141.354626,-0.096443249
399.800118,401609,401.604,2189,3789.979014,3.789979014,4141.354626,-0.084845574
399.800335,401659,401.654,2187,3782.54717,3.78254717,4141.354626,-0.086640119
399.800532,401709,401.704,2186,3778.837087,3.778837087,4141.354626,-0.087535981
399.849627,401759,401.754,2175,3738.28125,3.73828125,4141.354626,-0.097328872
399.946195,401809,401.804,2197,3819.863014,3.819863014,4141.354626,-0.077629578
399.949623,401859,401.854,2192,3801.156069,3.801156069,4141.354626,-0.082146686
400.042471,401909,401.904,2172,3727.301092,3.727301092,4141.354626,-0.099980217
400.049649,401959,401.954,2179,3752.974948,3.752974948,4141.354626,-0.093780831
400.099627,402009,402.004,2172,3727.301092,3.727301092,4141.354626,-0.099980217
400.204121,402059,402.054,2178,3749.295775,3.749295775,4141.354626,-0.094669229
400.302174,402109,402.104,2197,3819.863014,3.819863014,4141.354626,-0.077629578
400.302396,402159,402.154,2173,3730.957336,3.730957336,4141.354626,-0.099097355
400.302593,402209,402.204,2183,3767.730126,3.767730126,4141.354626,-0.090217944
400.349565,402259,402.254,2173,3730.957336,3.730957336,4141.354626,-0.099097355
400.44582,402309,402.304,2195,3812.368421,3.812368421,4141.354626,-0.079439274
400.449652,402359,402.354,2198,3823.616236,3.823616236,4141.354626,-0.076723299
400.540541,402409,402.404,2210,3868.965517,3.868965517,4141.354626,-0.065772949
400.549623,402459,402.454,2185,3775.13089,3.77513089,4141.354626,-0.088430905
400.599544,402509,402.504,2189,3789.979014,3.789979014,4141.354626,-0.084845574
400.703233,402559,402.554,2190,3793.700787,3.793700787,4141.354626,-0.083946889
400.802016,402609,402.604,2176,3741.948932,3.741948932,4141.354626,-0.096443249
400.802237,402659,402.654,2193,3804.88959,3.80488959,4141.354626,-0.081245164
400.802435,402709,402.704,2183,3767.730126,3.767730126,4141.354626,-0.090217944
400.849602,402759,402.754,2185,3775.13089,3.77513089,4141.354626,-0.088430905
400.945726,402809,402.804,2176,3741.948932,3.741948932,4141.354626,-0.096443249
400.949601,402859,402.854,2199,3827.373418,3.827373418,4141.354626,-0.075816064
401.04703,402909,402.904,2181,3760.344828,3.760344828,4141.354626,-0.092001249
401.049625,402959,402.954,2195,3812.368421,3.812368421,4141.354626,-0.079439274
401.099597,403009,403.004,2205,3850.0,3.85,4141.354626,-0.070352494
401.189616,403059,403.054,2209,3865.164369,3.865164369,4141.354626,-0.066690801
401.199614,403109,403.104,2198,3823.616236,3.823616236,4141.354626,-0.076723299
401.304407,403159,403.154,2186,3778.837087,3.778837087,4141.354626,-0.087535981
401.393996,403209,403.204,2197,3819.863014,3.819863014,4141.354626,-0.077629578
401.394208,403259,403.254,2186,3778.837087,3.778837087,4141.354626,-0.087535981
401.399638,403309,403.304,2178,3749.295775,3.749295775,4141.354626,-0.094669229
401.44964,403359,403.354,2184,3771.428571,3.771428571,4141.354626,-0.089324892
401.554508,403409,403.404,2176,3741.948932,3.741948932,4141.354626,-0.096443249
401.645143,403459,403.454,2179,3752.974948,3.752974948,4141.354626,-0.093780831
401.645357,403509,403.504,2191,3797.426471,3.797426471,4141.354626,-0.08304726
401.649624,403559,403.554,2205,3850.0,3.85,4141.354626,-0.070352494
401.699633,403609,403.604,2201,3834.899683,3.834899683,4141.354626,-0.07399872
401.796576,403659,403.654,2221,3911.045891,3.911045891,4141.354626,-0.055611933
401.799587,403709,403.704,2194,3808.627038,3.808627038,4141.354626,-0.080342694
401.84959,403759,403.754,2189,3789.979014,3.789979014,4141.354626,-0.084845574
401.953572,403809,403.804,2195,3812.368421,3.812368421,4141.354626,-0.079439274
402.051509,403859,403.854,2178,3749.295775,3.749295775,4141.354626,-0.094669229
402.051814,403909,403.904,2187,3782.54717,3.78254717,4141.354626,-0.086640119
402.052013,403959,403.954,2181,3760.344828,3.760344828,4141.354626,-0.092001249
402.099601,404009,404.004,2177,3745.620438,3.745620438,4141.354626,-0.095556701
402.190737,404059,404.054,2186,3778.837087,3.778837087,4141.354626,-0.087535981
402.199598,404109,404.104,2187,3782.54717,3.78254717,4141.354626,-0.086640119
402.249606,404159,404.154,2192,3801.156069,3.801156069,4141.354626,-0.082146686
402.355395,404209,404.204,2199,3827.373418,3.827373418,4141.354626,-0.075816064
402.451804,404259,404.254,2200,3831.134565,3.831134565,4141.354626,-0.074907872
402.452022,404309,404.304,2196,3816.113744,3.816113744,4141.354626,-0.078534902
402.452218,404359,404.354,2194,3808.627038,3.808627038,4141.354626,-0.080342694
402.499619,404409,404.404,2188,3786.261143,3.786261143,4141.354626,-0.085743317
402.597503,404459,404.454,2188,3786.261143,3.786261143,4141.354626,-0.085743317
402.599613,404509,404.504,2182,3764.035546,3.764035546,4141.354626,-0.091110063
402.64962,404559,404.554,2192,3801.156069,3.801156069,4141.354626,-0.082146686
402.73887,404609,404.604,2179,3752.974948,3.752974948,4141.354626,-0.093780831
402.749587,404659,404.654,2172,3727.301092,3.727301092,4141.354626,-0.099980217
402.799598,404709,404.704,2190,3793.700787,3.793700787,4141.354626,-0.083946889
402.903293,404759,404.754,2203,3842.44186,3.84244186,4141.354626,-0.072177534
403.002047,404809,404.804,2194,3808.627038,3.808627038,4141.354626,-0.080342694
403.002271,404859,404.854,2216,3891.857371,3.891857371,4141.354626,-0.060245325
403.002535,404909,404.904,2185,3775.13089,3.77513089,4141.354626,-0.088430905
403.049601,404959,404.954,2200,3831.134565,3.831134565,4141.354626,-0.074907872
403.149071,405009,405.004,2190,3793.700787,3.793700787,4141.354626,-0.083946889
403.14952,405059,405.054,2192,3801.156069,3.801156069,4141.354626,-0.082146686
403.199505,405109,405.104,2193,3804.88959,3.80488959,4141.354626,-0.081245164
403.292322,405159,405.154,2196,3816.113744,3.816113744,4141.354626,-0.078534902
403.299607,405209,405.204,2185,3775.13089,3.77513089,4141.354626,-0.088430905
403.404072,405259,405.254,2193,3804.88959,3.80488959,4141.354626,-0.081245164
403.502003,405309,405.304,2192,3801.156069,3.801156069,4141.354626,-0.082146686
403.502227,405359,405.354,2196,3816.113744,3.816113744,4141.354626,-0.078534902
403.502428,405409,405.404,2202,3838.66878,3.83866878,4141.354626,-0.073088608
403.549607,405459,405.454,2213,3880.393199,3.880393199,4141.354626,-0.063013543
403.646198,405509,405.504,2197,3819.863014,3.819863014,4141.354626,-0.077629578
403.64964,405559,405.554,2192,3801.156069,3.801156069,4141.354626,-0.082146686
403.746566,405609,405.604,2184,3771.428571,3.771428571,4141.354626,-0.089324892
403.749607,405659,405.654,2195,3812.368421,3.812368421,4141.354626,-0.079439274
403.799661,405709,405.704,2186,3778.837087,3.778837087,4141.354626,-0.087535981
403.889462,405759,405.754,2190,3793.700787,3.793700787,4141.354626,-0.083946889
403.899616,405809,405.804,2177,3745.620438,3.745620438,4141.354626,-0.095556701
403.949615,405859,405.854,2175,3738.28125,3.73828125,4141.354626,-0.097328872
404.056672,405909,405.904,2197,3819.863014,3.819863014,4141.354626,-0.077629578
404.154282,405959,405.954,2197,3819.863014,3.819863014,4141.354626,-0.077629578
404.154505,406009,406.004,2196,3816.113744,3.816113744,4141.354626,-0.078534902
404.154702,406059,406.054,2225,3926.470588,3.926470588,4141.354626,-0.051887379
404.199591,406109,406.104,2179,3752.974948,3.752974948,4141.354626,-0.093780831
404.297082,406159,406.154,2192,3801.156069,3.801156069,4141.354626,-0.082146686
404.299616,406209,406.204,2187,3782.54717,3.78254717,4141.354626,-0.086640119
404.389628,406259,406.254,2180,3756.657963,3.756657963,4141.354626,-0.092891505
404.39964,406309,406.304,2188,3786.261143,3.786261143,4141.354626,-0.085743317
404.505376,406359,406.354,2180,3756.657963,3.756657963,4141.354626,-0.092891505
404.603145,406409,406.404,2184,3771.428571,3.771428571,4141.354626,-0.089324892
404.603364,406459,406.454,2172,3727.301092,3.727301092,4141.354626,-0.099980217
404.603562,406509,406.504,2197,3819.863014,3.819863014,4141.354626,-0.077629578
404.649597,406559,406.554,2190,3793.700787,3.793700787,4141.354626,-0.083946889
404.745861,406609,406.604,2199,3827.373418,3.827373418,4141.354626,-0.075816064
404.749526,406659,406.654,2204,3846.218932,3.846218932,4141.354626,-0.071265497
404.799598,406709,406.704,2209,3865.164369,3.865164369,4141.354626,-0.066690801
404.889287,406759,406.754,2198,3823.616236,3.823616236,4141.354626,-0.076723299
404.899598,406809,406.804,2199,3827.373418,3.827373418,4141.354626,-0.075816064
405.004008,406859,406.854,2198,3823.616236,3.823616236,4141.354626,-0.076723299
405.104205,406909,406.904,2176,3741.948932,3.741948932,4141.354626,-0.096443249
405.202194,406959,406.954,2186,3778.837087,3.778837087,4141.354626,-0.087535981
405.202414,407009,407.004,2183,3767.730126,3.767730126,4141.354626,-0.090217944
405.202611,407059,407.054,2185,3775.13089,3.77513089,4141.354626,-0.088430905
405.202806,407109,407.104,2186,3778.837087,3.778837087,4141.354626,-0.087535981
405.249571,407159,407.154,2192,3801.156069,3.801156069,4141.354626,-0.082146686
405.34664,407209,407.204,2199,3827.373418,3.827373418,4141.354626,-0.075816064
405.349513,407259,407.254,2194,3808.627038,3.808627038,4141.354626,-0.080342694
405.399572,407309,407.304,2212,3876.579926,3.876579926,4141.354626,-0.063934322
405.490663,407359,407.354,2184,3771.428571,3.771428571,4141.354626,-0.089324892
405.49965,407409,407.404,2190,3793.700787,3.793700787,4141.354626,-0.083946889
405.604506,407459,407.454,2192,3801.156069,3.801156069,4141.354626,-0.082146686
405.701973,407509,407.504,2182,3764.035546,3.764035546,4141.354626,-0.091110063
405.702192,407559,407.554,2183,3767.730126,3.767730126,4141.354626,-0.090217944
405.70239,407609,407.604,2170,3720.0,3.72,4141.354626,-0.101743189
405.749564,407659,407.654,2198,3823.616236,3.823616236,4141.354626,-0.076723299
405.846561,407709,407.704,2197,3819.863014,3.819863014,4141.354626,-0.077629578
405.849615,407759,407.754,2203,3842.44186,3.84244186,4141.354626,-0.072177534
405.940302,407809,407.804,2186,3778.837087,3.778837087,4141.354626,-0.087535981
405.949581,407859,407.854,2206,3853.785071,3.853785071,4141.354626,-0.069438524
406.057122,407909,407.904,2215,3888.031915,3.888031915,4141.354626,-0.061169046
406.155225,407959,407.954,2186,3778.837087,3.778837087,4141.354626,-0.087535981
406.155445,408009,408.004,2206,3853.785071,3.853785071,4141.354626,-0.069438524
406.155642,408059,408.054,2165,3701.813472,3.701813472,4141.354626,-0.106134633
406.199554,408109,408.104,2181,3760.344828,3.760344828,4141.354626,-0.092001249
406.297317,408159,408.154,2196,3816.113744,3.816113744,4141.354626,-0.078534902
406.299536,408209,408.204,2179,3752.974948,3.752974948,4141.354626,-0.093780831
406.349585,408259,408.254,2184,3771.428571,3.771428571,4141.354626,-0.089324892
406.439971,408309,408.304,2183,3767.730126,3.767730126,4141.354626,-0.090217944
406.449536,408359,408.354,2193,3804.88959,3.80488959,4141.354626,-0.081245164
406.499585,408409,408.404,2184,3771.428571,3.771428571,4141.354626,-0.089324892
406.596668,408459,408.454,2199,3827.373418,3.827373418,4141.354626,-0.075816064
406.599633,408509,408.504,2218,3899.520511,3.899520511,4141.354626,-0.05839493
406.704027,408559,408.554,2198,3823.616236,3.823616236,4141.354626,-0.076723299
406.802471,408609,408.604,2192,3801.156069,3.801156069,4141.354626,-0.082146686
406.802688,408659,408.654,2193,3804.88959,3.80488959,4141.354626,-0.081245164
406.802885,408709,408.704,2191,3797.426471,3.797426471,4141.354626,-0.08304726
406.849534,408759,408.754,2193,3804.88959,3.80488959,4141.354626,-0.081245164
406.95029,408809,408.804,2180,3756.657963,3.756657963,4141.354626,-0.092891505
407.043224,408859,408.854,2178,3749.295775,3.749295775,4141.354626,-0.094669229
407.043921,408909,408.904,2192,3801.156069,3.801156069,4141.354626,-0.082146686
407.04955,408959,408.954,2187,3782.54717,3.78254717,4141.354626,-0.086640119
407.099563,409009,409.004,2198,3823.616236,3.823616236,4141.354626,-0.076723299
407.198533,409059,409.054,2216,3891.857371,3.891857371,4141.354626,-0.060245325
407.199654,409109,409.104,2204,3846.218932,3.846218932,4141.354626,-0.071265497
407.305121,409159,409.154,2199,3827.373418,3.827373418,4141.354626,-0.075816064
407.405682,409209,409.204,2190,3793.700787,3.793700787,4141.354626,-0.083946889
407.506143,409259,409.254,2189,3789.979014,3.789979014,4141.354626,-0.084845574
407.60552,409309,409.304,2191,3797.426471,3.797426471,4141.354626,-0.08304726
407.605742,409359,409.354,2190,3793.700787,3.793700787,4141.354626,-0.083946889
407.605941,409409,409.404,2191,3797.426471,3.797426471,4141.354626,-0.08304726
407.606139,409459,409.454,2193,3804.88959,3.80488959,4141.354626,-0.081245164
407.606335,409509,409.504,2193,3804.88959,3.80488959,4141.354626,-0.081245164
407.706024,409559,409.554,2206,3853.785071,3.853785071,4141.354626,-0.069438524
407.706259,409609,409.604,2201,3834.899683,3.834899683,4141.354626,-0.07399872
407.749487,409659,409.654,2187,3782.54717,3.78254717,4141.354626,-0.086640119
407.896594,409709,409.704,2211,3872.770701,3.872770701,4141.354626,-0.064854124
408.006509,409759,409.754,2183,3767.730126,3.767730126,4141.354626,-0.090217944
408.109194,409809,409.804,2187,3782.54717,3.78254717,4141.354626,-0.086640119
408.208637,409859,409.854,2194,3808.627038,3.808627038,4141.354626,-0.080342694
408.20894,409909,409.904,2184,3771.428571,3.771428571,4141.354626,-0.089324892
408.209152,409959,409.954,2188,3786.261143,3.786261143,4141.354626,-0.085743317
408.209348,410009,410.004,2176,3741.948932,3.741948932,4141.354626,-0.096443249
408.309188,410059,410.054,2180,3756.657963,3.756657963,4141.354626,-0.092891505
408.3094,410109,410.104,2190,3793.700787,3.793700787,4141.354626,-0.083946889
408.418559,410159,410.154,2195,3812.368421,3.812368421,4141.354626,-0.079439274
408.520223,410209,410.204,2192,3801.156069,3.801156069,4141.354626,-0.082146686
408.620834,410259,410.254,2199,3827.373418,3.827373418,4141.354626,-0.075816064
408.720694,410309,410.304,2204,3846.218932,3.846218932,4141.354626,-0.071265497
408.720915,410359,410.354,2200,3831.134565,3.831134565,4141.354626,-0.074907872
408.827748,410409,410.404,2190,3793.700787,3.793700787,4141.354626,-0.083946889
408.940139,410459,410.454,2183,3767.730126,3.767730126,4141.354626,-0.090217944
409.040718,410509,410.504,2197,3819.863014,3.819863014,4141.354626,-0.077629578
409.141196,410559,410.554,2170,3720.0,3.72,4141.354626,-0.101743189
409.24141,410609,410.604,2207,3857.574153,3.857574153,4141.354626,-0.068523587
409.33511,410659,410.654,2201,3834.899683,3.834899683,4141.354626,-0.07399872
409.335325,410709,410.704,2187,3782.54717,3.78254717,4141.354626,-0.086640119
409.335522,410759,410.754,2188,3786.261143,3.786261143,4141.354626,-0.085743317
409.335719,410809,410.804,2186,3778.837087,3.778837087,4141.354626,-0.087535981
409.335913,410859,410.854,2205,3850.0,3.85,4141.354626,-0.070352494
409.336191,410909,410.904,2183,3767.730126,3.767730126,4141.354626,-0.090217944
409.336387,410959,410.954,2207,3857.574153,3.857574153,4141.354626,-0.068523587
409.336593,411009,411.004,2181,3760.344828,3.760344828,4141.354626,-0.092001249
409.336787,411059,411.054,2183,3767.730126,3.767730126,4141.354626,-0.090217944
409.336981,411109,411.104,2207,3857.574153,3.857574153,4141.354626,-0.068523587
409.337174,411159,411.154,2191,3797.426471,3.797426471,4141.354626,-0.08304726
409.33737,411209,411.204,2190,3793.700787,3.793700787,4141.354626,-0.083946889
409.349592,411259,411.254,2183,3767.730126,3.767730126,4141.354626,-0.090217944
409.458972,411309,411.304,2188,3786.261143,3.786261143,4141.354626,-0.085743317
409.560824,411359,411.354,2186,3778.837087,3.778837087,4141.354626,-0.087535981
409.661093,411409,411.404,2190,3793.700787,3.793700787,4141.354626,-0.083946889
409.762161,411459,411.454,2191,3797.426471,3.797426471,4141.354626,-0.08304726
409.855849,411509,411.504,2197,3819.863014,3.819863014,4141.354626,-0.077629578
409.85606,411559,411.554,2225,3926.470588,3.926470588,4141.354626,-0.051887379
409.856262,411609,411.604,2195,3812.368421,3.812368421,4141.354626,-0.079439274
409.856456,411659,411.654,2186,3778.837087,3.778837087,4141.354626,-0.087535981
409.856659,411709,411.704,2187,3782.54717,3.78254717,4141.354626,-0.086640119
409.856854,411759,411.754,2186,3778.837087,3.778837087,4141.354626,-0.087535981
409.89958,411809,411.804,2187,3782.54717,3.78254717,4141.354626,-0.086640119
410.007652,411859,411.854,2192,3801.156069,3.801156069,4141.354626,-0.082146686
410.110663,411909,411.904,2188,3786.261143,3.786261143,4141.354626,-0.085743317
410.211372,411959,411.954,2188,3786.261143,3.786261143,4141.354626,-0.085743317
410.315102,412009,412.004,2179,3752.974948,3.752974948,4141.354626,-0.093780831
410.408457,412059,412.054,2206,3853.785071,3.853785071,4141.354626,-0.069438524
410.408674,412109,412.104,2195,3812.368421,3.812368421,4141.354626,-0.079439274
410.408871,412159,412.154,2229,3941.961415,3.941961415,4141.354626,-0.048146857
410.409073,412209,412.204,2187,3782.54717,3.78254717,4141.354626,-0.086640119
410.409267,412259,412.254,2191,3797.426471,3.797426471,4141.354626,-0.08304726
410.409462,412309,412.304,2195,3812.368421,3.812368421,4141.354626,-0.079439274
410.44959,412359,412.354,2190,3793.700787,3.793700787,4141.354626,-0.083946889
410.559415,412409,412.404,2186,3778.837087,3.778837087,4141.354626,-0.087535981
410.661004,412459,412.454,2192,3801.156069,3.801156069,4141.354626,-0.082146686
410.76058,412509,412.504,2183,3767.730126,3.767730126,4141.354626,-0.090217944
410.7608,412559,412.554,2177,3745.620438,3.745620438,4141.354626,-0.095556701
410.760996,412609,412.604,2208,3861.36725,3.86136725,4141.354626,-0.067607679
410.761191,412659,412.654,2212,3876.579926,3.876579926,4141.354626,-0.063934322
410.862323,412709,412.704,2175,3738.28125,3.73828125,4141.354626,-0.097328872
410.957648,412759,412.754,2204,3846.218932,3.846218932,4141.354626,-0.071265497
410.957857,412809,412.804,2202,3838.66878,3.83866878,4141.354626,-0.073088608
410.958053,412859,412.854,2192,3801.156069,3.801156069,4141.354626,-0.082146686
410.999529,412909,412.904,2194,3808.627038,3.808627038,4141.354626,-0.080342694
411.108205,412959,412.954,2192,3801.156069,3.801156069,4141.354626,-0.082146686
411.209458,413009,413.004,2196,3816.113744,3.816113744,4141.354626,-0.078534902
411.309746,413059,413.054,2189,3789.979014,3.789979014,4141.354626,-0.084845574
411.491913,413109,413.104,2199,3827.373418,3.827373418,4141.354626,-0.075816064
411.598397,413159,413.154,2209,3865.164369,3.865164369,4141.354626,-0.066690801
411.705585,413209,413.204,2179,3752.974948,3.752974948,4141.354626,-0.093780831
411.813755,413259,413.254,2204,3846.218932,3.846218932,4141.354626,-0.071265497
411.913772,413309,413.304,2190,3793.700787,3.793700787,4141.354626,-0.083946889
412.014952,413359,413.354,2227,3934.207709,3.934207709,4141.354626,-0.050019121
412.109333,413409,413.404,2189,3789.979014,3.789979014,4141.354626,-0.084845574
412.109546,413459,413.454,2196,3816.113744,3.816113744,4141.354626,-0.078534902
412.109743,413509,413.504,2199,3827.373418,3.827373418,4141.354626,-0.075816064
412.109937,413559,413.554,2193,3804.88959,3.80488959,4141.354626,-0.081245164
412.110132,413609,413.604,2190,3793.700787,3.793700787,4141.354626,-0.083946889
412.110325,413659,413.654,2186,3778.837087,3.778837087,4141.354626,-0.087535981
412.110518,413709,413.704,2182,3764.035546,3.764035546,4141.354626,-0.091110063
412.110711,413759,413.754,2188,3786.261143,3.786261143,4141.354626,-0.085743317
412.110905,413809,413.804,2187,3782.54717,3.78254717,4141.354626,-0.086640119
412.111097,413859,413.854,2200,3831.134565,3.831134565,4141.354626,-0.074907872
412.111368,413909,413.904,2200,3831.134565,3.831134565,4141.354626,-0.074907872
412.111566,413959,413.954,2209,3865.164369,3.865164369,4141.354626,-0.066690801
412.11176,414009,414.004,2208,3861.36725,3.86136725,4141.354626,-0.067607679
412.148637,414059,414.054,2199,3827.373418,3.827373418,4141.354626,-0.075816064
412.257557,414109,414.104,2187,3782.54717,3.78254717,4141.354626,-0.086640119
412.359225,414159,414.154,2198,3823.616236,3.823616236,4141.354626,-0.076723299
412.462815,414209,414.204,2186,3778.837087,3.778837087,4141.354626,-0.087535981
412.58018,414259,414.254,2189,3789.979014,3.789979014,4141.354626,-0.084845574
412.674084,414309,414.304,2198,3823.616236,3.823616236,4141.354626,-0.076723299
412.674312,414359,414.354,2194,3808.627038,3.808627038,4141.354626,-0.080342694
412.67451,414409,414.404,2187,3782.54717,3.78254717,4141.354626,-0.086640119
412.674706,414459,414.454,2183,3767.730126,3.767730126,4141.354626,-0.090217944
412.6749,414509,414.504,2192,3801.156069,3.801156069,4141.354626,-0.082146686
412.675095,414559,414.554,2188,3786.261143,3.786261143,4141.354626,-0.085743317
412.698583,414609,414.604,2230,3945.844504,3.945844504,4141.354626,-0.04720922
412.806126,414659,414.654,2179,3752.974948,3.752974948,4141.354626,-0.093780831
412.905864,414709,414.704,2196,3816.113744,3.816113744,4141.354626,-0.078534902
412.906082,414759,414.754,2186,3778.837087,3.778837087,4141.354626,-0.087535981
412.906278,414809,414.804,2198,3823.616236,3.823616236,4141.354626,-0.076723299
413.007526,414859,414.854,2186,3778.837087,3.778837087,4141.354626,-0.087535981
413.11033,414909,414.904,2181,3760.344828,3.760344828,4141.354626,-0.092001249
413.205718,414959,414.954,2182,3764.035546,3.764035546,4141.354626,-0.091110063
413.205929,415009,415.004,2191,3797.426471,3.797426471,4141.354626,-0.08304726
413.206126,415059,415.054,2192,3801.156069,3.801156069,4141.354626,-0.082146686
413.20632,415109,415.104,2197,3819.863014,3.819863014,4141.354626,-0.077629578
413.248555,415159,415.154,2188,3786.261143,3.786261143,4141.354626,-0.085743317
413.357583,415209,415.204,2200,3831.134565,3.831134565,4141.354626,-0.074907872
413.457232,415259,415.254,2198,3823.616236,3.823616236,4141.354626,-0.076723299
413.457451,415309,415.304,2178,3749.295775,3.749295775,4141.354626,-0.094669229
413.457649,415359,415.354,2176,3741.948932,3.741948932,4141.354626,-0.096443249
413.558705,415409,415.404,2194,3808.627038,3.808627038,4141.354626,-0.080342694
413.659333,415459,415.454,2183,3767.730126,3.767730126,4141.354626,-0.090217944
413.754644,415509,415.504,2195,3812.368421,3.812368421,4141.354626,-0.079439274
413.754856,415559,415.554,2192,3801.156069,3.801156069,4141.354626,-0.082146686
413.755053,415609,415.604,2185,3775.13089,3.77513089,4141.354626,-0.088430905
413.755248,415659,415.654,2189,3789.979014,3.789979014,4141.354626,-0.084845574
413.798588,415709,415.704,2191,3797.426471,3.797426471,4141.354626,-0.08304726
413.905363,415759,415.754,2190,3793.700787,3.793700787,4141.354626,-0.083946889
414.011631,415809,415.804,2229,3941.961415,3.941961415,4141.354626,-0.048146857
414.113849,415859,415.854,2192,3801.156069,3.801156069,4141.354626,-0.082146686
414.221464,415909,415.904,2194,3808.627038,3.808627038,4141.354626,-0.080342694
414.31661,415959,415.954,2196,3816.113744,3.816113744,4141.354626,-0.078534902
414.316823,416009,416.004,2196,3816.113744,3.816113744,4141.354626,-0.078534902
414.317022,416059,416.054,2189,3789.979014,3.789979014,4141.354626,-0.084845574
414.317221,416109,416.104,2185,3775.13089,3.77513089,4141.354626,-0.088430905
414.317416,416159,416.154,2174,3734.617387,3.734617387,4141.354626,-0.098213574
414.31761,416209,416.204,2187,3782.54717,3.78254717,4141.354626,-0.086640119
414.348551,416259,416.254,2194,3808.627038,3.808627038,4141.354626,-0.080342694
414.456695,416309,416.304,2198,3823.616236,3.823616236,4141.354626,-0.076723299
414.558244,416359,416.354,2193,3804.88959,3.80488959,4141.354626,-0.081245164
414.661339,416409,416.404,2205,3850.0,3.85,4141.354626,-0.070352494
414.766492,416459,416.454,2196,3816.113744,3.816113744,4141.354626,-0.078534902
414.860458,416509,416.504,2195,3812.368421,3.812368421,4141.354626,-0.079439274
414.860671,416559,416.554,2186,3778.837087,3.778837087,4141.354626,-0.087535981
414.860868,416609,416.604,2194,3808.627038,3.808627038,4141.354626,-0.080342694
414.861063,416659,416.654,2207,3857.574153,3.857574153,4141.354626,-0.068523587
414.861256,416709,416.704,2191,3797.426471,3.797426471,4141.354626,-0.08304726
414.86147,416759,416.754,2203,3842.44186,3.84244186,4141.354626,-0.072177534
414.898605,416809,416.804,2188,3786.261143,3.786261143,4141.354626,-0.085743317
415.006569,416859,416.854,2177,3745.620438,3.745620438,4141.354626,-0.095556701
415.112391,416909,416.904,2214,3884.210526,3.884210526,4141.354626,-0.062091785
415.215226,416959,416.954,2192,3801.156069,3.801156069,4141.354626,-0.082146686
415.317954,417009,417.004,2213,3880.393199,3.880393199,4141.354626,-0.063013543
415.412903,417059,417.054,2183,3767.730126,3.767730126,4141.354626,-0.090217944
415.413115,417109,417.104,2191,3797.426471,3.797426471,4141.354626,-0.08304726
415.413313,417159,417.154,2174,3734.617387,3.734617387,4141.354626,-0.098213574
415.413508,417209,417.204,2175,3738.28125,3.73828125,4141.354626,-0.097328872
415.413701,417259,417.254,2196,3816.113744,3.816113744,4141.354626,-0.078534902
415.413895,417309,417.304,2181,3760.344828,3.760344828,4141.354626,-0.092001249
415.448589,417359,417.354,2170,3720.0,3.72,4141.354626,-0.101743189
415.558187,417409,417.404,2183,3767.730126,3.767730126,4141.354626,-0.090217944
415.659693,417459,417.454,2189,3789.979014,3.789979014,4141.354626,-0.084845574
415.760056,417509,417.504,2197,3819.863014,3.819863014,4141.354626,-0.077629578
415.860598,417559,417.554,2210,3868.965517,3.868965517,4141.354626,-0.065772949
415.954383,417609,417.604,2206,3853.785071,3.853785071,4141.354626,-0.069438524
415.954597,417659,417.654,2208,3861.36725,3.86136725,4141.354626,-0.067607679
415.954793,417709,417.704,2191,3797.426471,3.797426471,4141.354626,-0.08304726
415.954987,417759,417.754,2189,3789.979014,3.789979014,4141.354626,-0.084845574
415.955189,417809,417.804,2196,3816.113744,3.816113744,4141.354626,-0.078534902
415.955383,417859,417.854,2196,3816.113744,3.816113744,4141.354626,-0.078534902
415.998614,417909,417.904,2197,3819.863014,3.819863014,4141.354626,-0.077629578
416.107115,417959,417.954,2197,3819.863014,3.819863014,4141.354626,-0.077629578
416.207785,418009,418.004,2199,3827.373418,3.827373418,4141.354626,-0.075816064
416.308122,418059,418.054,2184,3771.428571,3.771428571,4141.354626,-0.089324892
416.407205,418109,418.104,2194,3808.627038,3.808627038,4141.354626,-0.080342694
416.407424,418159,418.154,2193,3804.88959,3.80488959,4141.354626,-0.081245164
416.407622,418209,418.204,2193,3804.88959,3.80488959,4141.354626,-0.081245164
416.407818,418259,418.254,2232,3953.623188,3.953623188,4141.354626,-0.045330925
416.408013,418309,418.304,2186,3778.837087,3.778837087,4141.354626,-0.087535981
416.448562,418359,418.354,2169,3716.35514,3.71635514,4141.354626,-0.102623302
416.541899,418409,418.404,2192,3801.156069,3.801156069,4141.354626,-0.082146686
416.548585,418459,418.454,2194,3808.627038,3.808627038,4141.354626,-0.080342694
416.657318,418509,418.504,2192,3801.156069,3.801156069,4141.354626,-0.082146686
416.75841,418559,418.554,2177,3745.620438,3.745620438,4141.354626,-0.095556701
416.85115,418609,418.604,2180,3756.657963,3.756657963,4141.354626,-0.092891505
416.851383,418659,418.654,2192,3801.156069,3.801156069,4141.354626,-0.082146686
416.85158,418709,418.704,2191,3797.426471,3.797426471,4141.354626,-0.08304726
416.851776,418759,418.754,2201,3834.899683,3.834899683,4141.354626,-0.07399872
416.898575,418809,418.804,2192,3801.156069,3.801156069,4141.354626,-0.082146686
417.007024,418859,418.854,2210,3868.965517,3.868965517,4141.354626,-0.065772949
417.102797,418909,418.904,2199,3827.373418,3.827373418,4141.354626,-0.075816064
417.103008,418959,418.954,2201,3834.899683,3.834899683,4141.354626,-0.07399872
417.103206,419009,419.004,2199,3827.373418,3.827373418,4141.354626,-0.075816064
417.14853,419059,419.054,2182,3764.035546,3.764035546,4141.354626,-0.091110063
417.251547,419109,419.104,2191,3797.426471,3.797426471,4141.354626,-0.08304726
417.360027,419159,419.154,2195,3812.368421,3.812368421,4141.354626,-0.079439274
417.460365,419209,419.204,2174,3734.617387,3.734617387,4141.354626,-0.098213574
417.561977,419259,419.254,2188,3786.261143,3.786261143,4141.354626,-0.085743317
417.656863,419309,419.304,2193,3804.88959,3.80488959,4141.354626,-0.081245164
417.657078,419359,419.354,2192,3801.156069,3.801156069,4141.354626,-0.082146686
417.657274,419409,419.404,2193,3804.88959,3.80488959,4141.354626,-0.081245164
417.657469,419459,419.454,2227,3934.207709,3.934207709,4141.354626,-0.050019121
417.657672,419509,419.504,2195,3812.368421,3.812368421,4141.354626,-0.079439274
417.657874,419559,419.554,2197,3819.863014,3.819863014,4141.354626,-0.077629578
417.698587,419609,419.604,2190,3793.700787,3.793700787,4141.354626,-0.083946889
417.807605,419659,419.654,2186,3778.837087,3.778837087,4141.354626,-0.087535981
417.908168,419709,419.704,2190,3793.700787,3.793700787,4141.354626,-0.083946889
418.010075,419759,419.754,2191,3797.426471,3.797426471,4141.354626,-0.08304726
418.110992,419809,419.804,2194,3808.627038,3.808627038,4141.354626,-0.080342694
418.204588,419859,419.854,2176,3741.948932,3.741948932,4141.354626,-0.096443249
418.204869,419909,419.904,2202,3838.66878,3.83866878,4141.354626,-0.073088608
418.205067,419959,419.954,2197,3819.863014,3.819863014,4141.354626,-0.077629578
418.205263,420009,420.004,2220,3907.2,3.9072,4141.354626,-0.056540588
418.205457,420059,420.054,2206,3853.785071,3.853785071,4141.354626,-0.069438524
418.20565,420109,420.104,2207,3857.574153,3.857574153,4141.354626,-0.068523587
418.248486,420159,420.154,2196,3816.113744,3.816113744,4141.354626,-0.078534902
418.358254,420209,420.204,2190,3793.700787,3.793700787,4141.354626,-0.083946889
418.460121,420259,420.254,2184,3771.428571,3.771428571,4141.354626,-0.089324892
418.561768,420309,420.304,2190,3793.700787,3.793700787,4141.354626,-0.083946889
418.662591,420359,420.354,2181,3760.344828,3.760344828,4141.354626,-0.092001249
418.755417,420409,420.404,2189,3789.979014,3.789979014,4141.354626,-0.084845574
418.75563,420459,420.454,2197,3819.863014,3.819863014,4141.354626,-0.077629578
418.755827,420509,420.504,2181,3760.344828,3.760344828,4141.354626,-0.092001249
418.756021,420559,420.554,2186,3778.837087,3.778837087,4141.354626,-0.087535981
418.756214,420609,420.604,2192,3801.156069,3.801156069,4141.354626,-0.082146686
418.75641,420659,420.654,2214,3884.210526,3.884210526,4141.354626,-0.062091785
418.798526,420709,420.704,2183,3767.730126,3.767730126,4141.354626,-0.090217944
418.905863,420759,420.754,2194,3808.627038,3.808627038,4141.354626,-0.080342694
419.006704,420809,420.804,2185,3775.13089,3.77513089,4141.354626,-0.088430905
419.107305,420859,420.854,2186,3778.837087,3.778837087,4141.354626,-0.087535981
419.209783,420909,420.904,2196,3816.113744,3.816113744,4141.354626,-0.078534902
419.303773,420959,420.954,2197,3819.863014,3.819863014,4141.354626,-0.077629578
419.303984,421009,421.004,2177,3745.620438,3.745620438,4141.354626,-0.095556701
419.304182,421059,421.054,2183,3767.730126,3.767730126,4141.354626,-0.090217944
419.304378,421109,421.104,2187,3782.54717,3.78254717,4141.354626,-0.086640119
419.304573,421159,421.154,2188,3786.261143,3.786261143,4141.354626,-0.085743317
419.304769,421209,421.204,2206,3853.785071,3.853785071,4141.354626,-0.069438524
419.348573,421259,421.254,2206,3853.785071,3.853785071,4141.354626,-0.069438524
419.458045,421309,421.304,2212,3876.579926,3.876579926,4141.354626,-0.063934322
419.559907,421359,421.354,2205,3850.0,3.85,4141.354626,-0.070352494
419.66105,421409,421.404,2193,3804.88959,3.80488959,4141.354626,-0.081245164
419.761318,421459,421.454,2198,3823.616236,3.823616236,4141.354626,-0.076723299
419.854671,421509,421.504,2187,3782.54717,3.78254717,4141.354626,-0.086640119
419.854883,421559,421.554,2196,3816.113744,3.816113744,4141.354626,-0.078534902
419.855082,421609,421.604,2203,3842.44186,3.84244186,4141.354626,-0.072177534
419.855284,421659,421.654,2198,3823.616236,3.823616236,4141.354626,-0.076723299
419.855481,421709,421.704,2188,3786.261143,3.786261143,4141.354626,-0.085743317
419.855674,421759,421.754,2205,3850.0,3.85,4141.354626,-0.070352494
419.898582,421809,421.804,2178,3749.295775,3.749295775,4141.354626,-0.094669229
420.006766,421859,421.854,2187,3782.54717,3.78254717,4141.354626,-0.086640119
420.109825,421909,421.904,2205,3850.0,3.85,4141.354626,-0.070352494
420.213866,421959,421.954,2189,3789.979014,3.789979014,4141.354626,-0.084845574
420.314745,422009,422.004,2182,3764.035546,3.764035546,4141.354626,-0.091110063
420.407525,422059,422.054,2189,3789.979014,3.789979014,4141.354626,-0.084845574
420.407741,422109,422.104,2189,3789.979014,3.789979014,4141.354626,-0.084845574
420.407936,422159,422.154,2196,3816.113744,3.816113744,4141.354626,-0.078534902
420.408137,422209,422.204,2191,3797.426471,3.797426471,4141.354626,-0.08304726
420.408331,422259,422.254,2173,3730.957336,3.730957336,4141.354626,-0.099097355
420.408533,422309,422.304,2188,3786.261143,3.786261143,4141.354626,-0.085743317
420.448547,422359,422.354,2191,3797.426471,3.797426471,4141.354626,-0.08304726
420.557282,422409,422.404,2203,3842.44186,3.84244186,4141.354626,-0.072177534
420.659735,422459,422.454,2209,3865.164369,3.865164369,4141.354626,-0.066690801
420.76032,422509,422.504,2215,3888.031915,3.888031915,4141.354626,-0.061169046
420.860258,422559,422.554,2210,3868.965517,3.868965517,4141.354626,-0.065772949
420.860477,422609,422.604,2191,3797.426471,3.797426471,4141.354626,-0.08304726
420.954094,422659,422.654,2194,3808.627038,3.808627038,4141.354626,-0.080342694
420.954308,422709,422.704,2192,3801.156069,3.801156069,4141.354626,-0.082146686
420.954511,422759,422.754,2184,3771.428571,3.771428571,4141.354626,-0.089324892
420.954712,422809,422.804,2185,3775.13089,3.77513089,4141.354626,-0.088430905
420.954908,422859,422.854,2187,3782.54717,3.78254717,4141.354626,-0.086640119
420.998542,422909,422.904,2198,3823.616236,3.823616236,4141.354626,-0.076723299
421.107381,422959,422.954,2176,3741.948932,3.741948932,4141.354626,-0.096443249
421.208058,423009,423.004,2194,3808.627038,3.808627038,4141.354626,-0.080342694
421.309437,423059,423.054,2197,3819.863014,3.819863014,4141.354626,-0.077629578
421.408885,423109,423.104,2224,3922.608231,3.922608231,4141.354626,-0.05282001
421.409106,423159,423.154,2197,3819.863014,3.819863014,4141.354626,-0.077629578
421.409304,423209,423.204,2195,3812.368421,3.812368421,4141.354626,-0.079439274
421.409501,423259,423.254,2193,3804.88959,3.80488959,4141.354626,-0.081245164
421.504559,423309,423.304,2185,3775.13089,3.77513089,4141.354626,-0.088430905
421.504772,423359,423.354,2182,3764.035546,3.764035546,4141.354626,-0.091110063
421.504968,423409,423.404,2201,3834.899683,3.834899683,4141.354626,-0.07399872
421.548569,423459,423.454,2187,3782.54717,3.78254717,4141.354626,-0.086640119
421.657233,423509,423.504,2186,3778.837087,3.778837087,4141.354626,-0.087535981
421.758198,423559,423.554,2185,3775.13089,3.77513089,4141.354626,-0.088430905
421.85879,423609,423.604,2193,3804.88959,3.80488959,4141.354626,-0.081245164
421.952297,423659,423.654,2202,3838.66878,3.83866878,4141.354626,-0.073088608
421.95251,423709,423.704,2211,3872.770701,3.872770701,4141.354626,-0.064854124
421.952707,423759,423.754,2209,3865.164369,3.865164369,4141.354626,-0.066690801
421.952928,423809,423.804,2195,3812.368421,3.812368421,4141.354626,-0.079439274
421.953131,423859,423.854,2213,3880.393199,3.880393199,4141.354626,-0.063013543
421.998524,423909,423.904,2212,3876.579926,3.876579926,4141.354626,-0.063934322
422.099106,423959,423.954,2167,3709.076763,3.709076763,4141.354626,-0.104380789
422.213326,424009,424.004,2190,3793.700787,3.793700787,4141.354626,-0.083946889
422.31427,424059,424.054,2183,3767.730126,3.767730126,4141.354626,-0.090217944
422.407911,424109,424.104,2186,3778.837087,3.778837087,4141.354626,-0.087535981
422.408126,424159,424.154,2180,3756.657963,3.756657963,4141.354626,-0.092891505
422.408323,424209,424.204,2186,3778.837087,3.778837087,4141.354626,-0.087535981
422.408518,424259,424.254,2183,3767.730126,3.767730126,4141.354626,-0.090217944
422.408713,424309,424.304,2200,3831.134565,3.831134565,4141.354626,-0.074907872
422.448561,424359,424.354,2181,3760.344828,3.760344828,4141.354626,-0.092001249
422.558711,424409,424.404,2198,3823.616236,3.823616236,4141.354626,-0.076723299
422.653765,424459,424.454,2183,3767.730126,3.767730126,4141.354626,-0.090217944
422.653975,424509,424.504,2199,3827.373418,3.827373418,4141.354626,-0.075816064
422.654172,424559,424.554,2180,3756.657963,3.756657963,4141.354626,-0.092891505
422.698591,424609,424.604,2192,3801.156069,3.801156069,4141.354626,-0.082146686
422.804745,424659,424.654,2193,3804.88959,3.80488959,4141.354626,-0.081245164
422.904798,424709,424.704,2186,3778.837087,3.778837087,4141.354626,-0.087535981
423.005787,424759,424.754,2194,3808.627038,3.808627038,4141.354626,-0.080342694
423.106652,424809,424.804,2198,3823.616236,3.823616236,4141.354626,-0.076723299
423.199457,424859,424.854,2198,3823.616236,3.823616236,4141.354626,-0.076723299
423.199732,424909,424.904,2205,3850.0,3.85,4141.354626,-0.070352494
423.199929,424959,424.954,2215,3888.031915,3.888031915,4141.354626,-0.061169046
423.200122,425009,425.004,2213,3880.393199,3.880393199,4141.354626,-0.063013543
423.200315,425059,425.054,2199,3827.373418,3.827373418,4141.354626,-0.075816064
423.200509,425109,425.104,2192,3801.156069,3.801156069,4141.354626,-0.082146686
423.248512,425159,425.154,2175,3738.28125,3.73828125,4141.354626,-0.097328872
423.357307,425209,425.204,2182,3764.035546,3.764035546,4141.354626,-0.091110063
423.458246,425259,425.254,2184,3771.428571,3.771428571,4141.354626,-0.089324892
423.56058,425309,425.304,2195,3812.368421,3.812368421,4141.354626,-0.079439274
423.661113,425359,425.354,2175,3738.28125,3.73828125,4141.354626,-0.097328872
423.75536,425409,425.404,2187,3782.54717,3.78254717,4141.354626,-0.086640119
423.755572,425459,425.454,2187,3782.54717,3.78254717,4141.354626,-0.086640119
423.755773,425509,425.504,2193,3804.88959,3.80488959,4141.354626,-0.081245164
423.755968,425559,425.554,2193,3804.88959,3.80488959,4141.354626,-0.081245164
423.756161,425609,425.604,2199,3827.373418,3.827373418,4141.354626,-0.075816064
423.75636,425659,425.654,2209,3865.164369,3.865164369,4141.354626,-0.066690801
423.79853,425709,425.704,2190,3793.700787,3.793700787,4141.354626,-0.083946889
423.906405,425759,425.754,2181,3760.344828,3.760344828,4141.354626,-0.092001249
424.008691,425809,425.804,2171,3723.648649,3.723648649,4141.354626,-0.100862161
424.110039,425859,425.854,2169,3716.35514,3.71635514,4141.354626,-0.102623302
424.212787,425909,425.904,2200,3831.134565,3.831134565,4141.354626,-0.074907872
424.307475,425959,425.954,2199,3827.373418,3.827373418,4141.354626,-0.075816064
424.307689,426009,426.004,2183,3767.730126,3.767730126,4141.354626,-0.090217944
424.307887,426059,426.054,2200,3831.134565,3.831134565,4141.354626,-0.074907872
424.308084,426109,426.104,2198,3823.616236,3.823616236,4141.354626,-0.076723299
424.308279,426159,426.154,2202,3838.66878,3.83866878,4141.354626,-0.073088608
424.30848,426209,426.204,2203,3842.44186,3.84244186,4141.354626,-0.072177534
424.348516,426259,426.254,2200,3831.134565,3.831134565,4141.354626,-0.074907872
424.457714,426309,426.304,2191,3797.426471,3.797426471,4141.354626,-0.08304726
424.55927,426359,426.354,2195,3812.368421,3.812368421,4141.354626,-0.079439274
424.661371,426409,426.404,2185,3775.13089,3.77513089,4141.354626,-0.088430905
424.762193,426459,426.454,2196,3816.113744,3.816113744,4141.354626,-0.078534902
424.856202,426509,426.504,2186,3778.837087,3.778837087,4141.354626,-0.087535981
424.856414,426559,426.554,2178,3749.295775,3.749295775,4141.354626,-0.094669229
424.85662,426609,426.604,2173,3730.957336,3.730957336,4141.354626,-0.099097355
424.856816,426659,426.654,2192,3801.156069,3.801156069,4141.354626,-0.082146686
424.857011,426709,426.704,2197,3819.863014,3.819863014,4141.354626,-0.077629578
424.857212,426759,426.754,2220,3907.2,3.9072,4141.354626,-0.056540588
424.898491,426809,426.804,2188,3786.261143,3.786261143,4141.354626,-0.085743317
425.007227,426859,426.854,2194,3808.627038,3.808627038,4141.354626,-0.080342694
425.110587,426909,426.904,2185,3775.13089,3.77513089,4141.354626,-0.088430905
425.212843,426959,426.954,2171,3723.648649,3.723648649,4141.354626,-0.100862161
425.315628,427009,427.004,2191,3797.426471,3.797426471,4141.354626,-0.08304726
425.410831,427059,427.054,2182,3764.035546,3.764035546,4141.354626,-0.091110063
425.411045,427109,427.104,2190,3793.700787,3.793700787,4141.354626,-0.083946889
425.411241,427159,427.154,2191,3797.426471,3.797426471,4141.354626,-0.08304726
425.411445,427209,427.204,2192,3801.156069,3.801156069,4141.354626,-0.082146686
425.41167,427259,427.254,2187,3782.54717,3.78254717,4141.354626,-0.086640119
425.411872,427309,427.304,2208,3861.36725,3.86136725,4141.354626,-0.067607679
425.448536,427359,427.354,2218,3899.520511,3.899520511,4141.354626,-0.05839493
425.557169,427409,427.404,2209,3865.164369,3.865164369,4141.354626,-0.066690801
425.658093,427459,427.454,2200,3831.134565,3.831134565,4141.354626,-0.074907872
425.759539,427509,427.504,2191,3797.426471,3.797426471,4141.354626,-0.08304726
425.859674,427559,427.554,2192,3801.156069,3.801156069,4141.354626,-0.082146686
425.952575,427609,427.604,2193,3804.88959,3.80488959,4141.354626,-0.081245164
425.952786,427659,427.654,2189,3789.979014,3.789979014,4141.354626,-0.084845574
425.952984,427709,427.704,2177,3745.620438,3.745620438,4141.354626,-0.095556701
425.953179,427759,427.754,2183,3767.730126,3.767730126,4141.354626,-0.090217944
425.953384,427809,427.804,2170,3720.0,3.72,4141.354626,-0.101743189
425.953579,427859,427.854,2199,3827.373418,3.827373418,4141.354626,-0.075816064
425.99845,427909,427.904,2188,3786.261143,3.786261143,4141.354626,-0.085743317
426.109693,427959,427.954,2214,3884.210526,3.884210526,4141.354626,-0.062091785
426.211561,428009,428.004,2171,3723.648649,3.723648649,4141.354626,-0.100862161
426.313361,428059,428.054,2200,3831.134565,3.831134565,4141.354626,-0.074907872
426.414282,428109,428.104,2188,3786.261143,3.786261143,4141.354626,-0.085743317
426.511723,428159,428.154,2188,3786.261143,3.786261143,4141.354626,-0.085743317
426.511939,428209,428.204,2176,3741.948932,3.741948932,4141.354626,-0.096443249
426.51214,428259,428.254,2191,3797.426471,3.797426471,4141.354626,-0.08304726
426.512334,428309,428.304,2182,3764.035546,3.764035546,4141.354626,-0.091110063
426.512533,428359,428.354,2182,3764.035546,3.764035546,4141.354626,-0.091110063
426.512733,428409,428.404,2196,3816.113744,3.816113744,4141.354626,-0.078534902
426.548513,428459,428.454,2190,3793.700787,3.793700787,4141.354626,-0.083946889
426.657659,428509,428.504,2195,3812.368421,3.812368421,4141.354626,-0.079439274
426.759597,428559,428.554,2215,3888.031915,3.888031915,4141.354626,-0.061169046
426.861967,428609,428.604,2215,3888.031915,3.888031915,4141.354626,-0.061169046
426.957607,428659,428.654,2214,3884.210526,3.884210526,4141.354626,-0.062091785
426.95782,428709,428.704,2214,3884.210526,3.884210526,4141.354626,-0.062091785
426.958018,428759,428.754,2201,3834.899683,3.834899683,4141.354626,-0.07399872
426.958219,428809,428.804,2192,3801.156069,3.801156069,4141.354626,-0.082146686
426.958419,428859,428.854,2189,3789.979014,3.789979014,4141.354626,-0.084845574
426.998554,428909,428.904,2189,3789.979014,3.789979014,4141.354626,-0.084845574
427.100787,428959,428.954,2192,3801.156069,3.801156069,4141.354626,-0.082146686
427.21196,429009,429.004,2184,3771.428571,3.771428571,4141.354626,-0.089324892
427.312957,429059,429.054,2167,3709.076763,3.709076763,4141.354626,-0.104380789
427.41435,429109,429.104,2193,3804.88959,3.80488959,4141.354626,-0.081245164
427.510594,429159,429.154,2206,3853.785071,3.853785071,4141.354626,-0.069438524
427.510807,429209,429.204,2215,3888.031915,3.888031915,4141.354626,-0.061169046
427.511008,429259,429.254,2190,3793.700787,3.793700787,4141.354626,-0.083946889
427.511203,429309,429.304,2188,3786.261143,3.786261143,4141.354626,-0.085743317
427.511436,429359,429.354,2192,3801.156069,3.801156069,4141.354626,-0.082146686
427.511638,429409,429.404,2175,3738.28125,3.73828125,4141.354626,-0.097328872
427.548525,429459,429.454,2184,3771.428571,3.771428571,4141.354626,-0.089324892
427.6499,429509,429.504,2188,3786.261143,3.786261143,4141.354626,-0.085743317
427.758107,429559,429.554,2180,3756.657963,3.756657963,4141.354626,-0.092891505
427.860307,429609,429.604,2202,3838.66878,3.83866878,4141.354626,-0.073088608
427.962734,429659,429.654,2187,3782.54717,3.78254717,4141.354626,-0.086640119
428.066065,429709,429.704,2197,3819.863014,3.819863014,4141.354626,-0.077629578
428.16174,429759,429.754,2197,3819.863014,3.819863014,4141.354626,-0.077629578
428.161951,429809,429.804,2207,3857.574153,3.857574153,4141.354626,-0.068523587
428.162152,429859,429.854,2203,3842.44186,3.84244186,4141.354626,-0.072177534
428.162422,429909,429.904,2203,3842.44186,3.84244186,4141.354626,-0.072177534
428.16262,429959,429.954,2196,3816.113744,3.816113744,4141.354626,-0.078534902
428.162814,430009,430.004,2195,3812.368421,3.812368421,4141.354626,-0.079439274
428.163018,430059,430.054,2178,3749.295775,3.749295775,4141.354626,-0.094669229
428.198465,430109,430.104,2189,3789.979014,3.789979014,4141.354626,-0.084845574
428.309024,430159,430.154,2189,3789.979014,3.789979014,4141.354626,-0.084845574
428.411498,430209,430.204,2174,3734.617387,3.734617387,4141.354626,-0.098213574
428.514318,430259,430.254,2185,3775.13089,3.77513089,4141.354626,-0.088430905
428.617388,430309,430.304,2193,3804.88959,3.80488959,4141.354626,-0.081245164
428.713121,430359,430.354,2205,3850.0,3.85,4141.354626,-0.070352494
428.713335,430409,430.404,2211,3872.770701,3.872770701,4141.354626,-0.064854124
428.713531,430459,430.454,2200,3831.134565,3.831134565,4141.354626,-0.074907872
428.713734,430509,430.504,2201,3834.899683,3.834899683,4141.354626,-0.07399872
428.713927,430559,430.554,2182,3764.035546,3.764035546,4141.354626,-0.091110063
428.714134,430609,430.604,2178,3749.295775,3.749295775,4141.354626,-0.094669229
428.748513,430659,430.654,2182,3764.035546,3.764035546,4141.354626,-0.091110063
428.858575,430709,430.704,2189,3789.979014,3.789979014,4141.354626,-0.084845574
428.961848,430759,430.754,2184,3771.428571,3.771428571,4141.354626,-0.089324892
429.065927,430809,430.804,2188,3786.261143,3.786261143,4141.354626,-0.085743317
429.169695,430859,430.854,2198,3823.616236,3.823616236,4141.354626,-0.076723299
429.266922,430909,430.904,2201,3834.899683,3.834899683,4141.354626,-0.07399872
429.26714,430959,430.954,2202,3838.66878,3.83866878,4141.354626,-0.073088608
429.267337,431009,431.004,2217,3895.686901,3.895686901,4141.354626,-0.05932062
429.267531,431059,431.054,2205,3850.0,3.85,4141.354626,-0.070352494
429.267726,431109,431.104,2193,3804.88959,3.80488959,4141.354626,-0.081245164
429.267919,431159,431.154,2196,3816.113744,3.816113744,4141.354626,-0.078534902
429.298519,431209,431.204,2203,3842.44186,3.84244186,4141.354626,-0.072177534
429.40855,431259,431.254,2182,3764.035546,3.764035546,4141.354626,-0.091110063
429.511438,431309,431.304,2194,3808.627038,3.808627038,4141.354626,-0.080342694
429.613489,431359,431.354,2195,3812.368421,3.812368421,4141.354626,-0.079439274
429.717206,431409,431.404,2183,3767.730126,3.767730126,4141.354626,-0.090217944
429.811808,431459,431.454,2192,3801.156069,3.801156069,4141.354626,-0.082146686
429.812022,431509,431.504,2197,3819.863014,3.819863014,4141.354626,-0.077629578
429.812218,431559,431.554,2195,3812.368421,3.812368421,4141.354626,-0.079439274
429.812418,431609,431.604,2208,3861.36725,3.86136725,4141.354626,-0.067607679
429.812613,431659,431.654,2152,3654.966547,3.654966547,4141.354626,-0.117446614
429.812806,431709,431.704,2197,3819.863014,3.819863014,4141.354626,-0.077629578
429.848513,431759,431.754,2201,3834.899683,3.834899683,4141.354626,-0.07399872
429.957058,431809,431.804,2192,3801.156069,3.801156069,4141.354626,-0.082146686
430.059361,431859,431.854,2182,3764.035546,3.764035546,4141.354626,-0.091110063
430.163037,431909,431.904,2188,3786.261143,3.786261143,4141.354626,-0.085743317
430.265996,431959,431.954,2184,3771.428571,3.771428571,4141.354626,-0.089324892
430.361812,432009,432.004,2191,3797.426471,3.797426471,4141.354626,-0.08304726
430.362026,432059,432.054,2192,3801.156069,3.801156069,4141.354626,-0.082146686
430.362221,432109,432.104,2198,3823.616236,3.823616236,4141.354626,-0.076723299
430.362415,432159,432.154,2196,3816.113744,3.816113744,4141.354626,-0.078534902
430.362622,432209,432.204,2218,3899.520511,3.899520511,4141.354626,-0.05839493
430.362823,432259,432.254,2209,3865.164369,3.865164369,4141.354626,-0.066690801
430.398489,432309,432.304,2212,3876.579926,3.876579926,4141.354626,-0.063934322
430.508065,432359,432.354,2209,3865.164369,3.865164369,4141.354626,-0.066690801
430.6101,432409,432.404,2199,3827.373418,3.827373418,4141.354626,-0.075816064
430.712516,432459,432.454,2192,3801.156069,3.801156069,4141.354626,-0.082146686
430.813399,432509,432.504,2191,3797.426471,3.797426471,4141.354626,-0.08304726
430.908481,432559,432.554,2191,3797.426471,3.797426471,4141.354626,-0.08304726
430.908695,432609,432.604,2190,3793.700787,3.793700787,4141.354626,-0.083946889
430.908899,432659,432.654,2170,3720.0,3.72,4141.354626,-0.101743189
430.909095,432709,432.704,2188,3786.261143,3.786261143,4141.354626,-0.085743317
430.90929,432759,432.754,2192,3801.156069,3.801156069,4141.354626,-0.082146686
430.909484,432809,432.804,2193,3804.88959,3.80488959,4141.354626,-0.081245164
430.948536,432859,432.854,2195,3812.368421,3.812368421,4141.354626,-0.079439274
431.059951,432909,432.904,2196,3816.113744,3.816113744,4141.354626,-0.078534902
431.161738,432959,432.954,2194,3808.627038,3.808627038,4141.354626,-0.080342694
431.262914,433009,433.004,2182,3764.035546,3.764035546,4141.354626,-0.091110063
431.363534,433059,433.054,2181,3760.344828,3.760344828,4141.354626,-0.092001249
431.458052,433109,433.104,2189,3789.979014,3.789979014,4141.354626,-0.084845574
431.458263,433159,433.154,2190,3793.700787,3.793700787,4141.354626,-0.083946889
431.458464,433209,433.204,2189,3789.979014,3.789979014,4141.354626,-0.084845574
431.458658,433259,433.254,2183,3767.730126,3.767730126,4141.354626,-0.090217944
431.458857,433309,433.304,2189,3789.979014,3.789979014,4141.354626,-0.084845574
431.45905,433359,433.354,2195,3812.368421,3.812368421,4141.354626,-0.079439274
431.498533,433409,433.404,2211,3872.770701,3.872770701,4141.354626,-0.064854124
431.607166,433459,433.454,2206,3853.785071,3.853785071,4141.354626,-0.069438524
431.707579,433509,433.504,2212,3876.579926,3.876579926,4141.354626,-0.063934322
431.808528,433559,433.554,2198,3823.616236,3.823616236,4141.354626,-0.076723299
431.9089,433609,433.604,2195,3812.368421,3.812368421,4141.354626,-0.079439274
432.003944,433659,433.654,2190,3793.700787,3.793700787,4141.354626,-0.083946889
432.004159,433709,433.704,2192,3801.156069,3.801156069,4141.354626,-0.082146686
432.004356,433759,433.754,2190,3793.700787,3.793700787,4141.354626,-0.083946889
432.00455,433809,433.804,2186,3778.837087,3.778837087,4141.354626,-0.087535981
432.004743,433859,433.854,2158,3676.510067,3.676510067,4141.354626,-0.112244567
432.005015,433909,433.904,2178,3749.295775,3.749295775,4141.354626,-0.094669229
432.048452,433959,433.954,2190,3793.700787,3.793700787,4141.354626,-0.083946889
432.15074,434009,434.004,2198,3823.616236,3.823616236,4141.354626,-0.076723299
432.258522,434059,434.054,2216,3891.857371,3.891857371,4141.354626,-0.060245325
432.359712,434109,434.104,2205,3850.0,3.85,4141.354626,-0.070352494
432.461827,434159,434.154,2196,3816.113744,3.816113744,4141.354626,-0.078534902
432.557738,434209,434.204,2185,3775.13089,3.77513089,4141.354626,-0.088430905
432.557951,434259,434.254,2188,3786.261143,3.786261143,4141.354626,-0.085743317
432.558148,434309,434.304,2186,3778.837087,3.778837087,4141.354626,-0.087535981
432.558344,434359,434.354,2182,3764.035546,3.764035546,4141.354626,-0.091110063
432.558542,434409,434.404,2184,3771.428571,3.771428571,4141.354626,-0.089324892
432.558737,434459,434.454,2189,3789.979014,3.789979014,4141.354626,-0.084845574
432.598514,434509,434.504,2198,3823.616236,3.823616236,4141.354626,-0.076723299
432.706742,434559,434.554,2206,3853.785071,3.853785071,4141.354626,-0.069438524
432.806886,434609,434.604,2213,3880.393199,3.880393199,4141.354626,-0.063013543
432.90611,434659,434.654,2216,3891.857371,3.891857371,4141.354626,-0.060245325
432.906329,434709,434.704,2215,3888.031915,3.888031915,4141.354626,-0.061169046
432.906525,434759,434.754,2198,3823.616236,3.823616236,4141.354626,-0.076723299
432.906721,434809,434.804,2197,3819.863014,3.819863014,4141.354626,-0.077629578
432.948512,434859,434.854,2196,3816.113744,3.816113744,4141.354626,-0.078534902
433.051273,434909,434.904,2188,3786.261143,3.786261143,4141.354626,-0.085743317
433.144205,434959,434.954,2186,3778.837087,3.778837087,4141.354626,-0.087535981
433.144416,435009,435.004,2186,3778.837087,3.778837087,4141.354626,-0.087535981
433.148464,435059,435.054,2186,3778.837087,3.778837087,4141.354626,-0.087535981
433.198494,435109,435.104,2179,3752.974948,3.752974948,4141.354626,-0.093780831
433.308198,435159,435.154,2200,3831.134565,3.831134565,4141.354626,-0.074907872
433.406838,435209,435.204,2195,3812.368421,3.812368421,4141.354626,-0.079439274
433.407058,435259,435.254,2205,3850.0,3.85,4141.354626,-0.070352494
433.407256,435309,435.304,2184,3771.428571,3.771428571,4141.354626,-0.089324892
433.44848,435359,435.354,2196,3816.113744,3.816113744,4141.354626,-0.078534902
433.548236,435409,435.404,2193,3804.88959,3.80488959,4141.354626,-0.081245164
433.548456,435459,435.454,2194,3808.627038,3.808627038,4141.354626,-0.080342694
433.598485,435509,435.504,2182,3764.035546,3.764035546,4141.354626,-0.091110063
433.691933,435559,435.554,2183,3767.730126,3.767730126,4141.354626,-0.090217944
433.698509,435609,435.604,2188,3786.261143,3.786261143,4141.354626,-0.085743317
433.805639,435659,435.654,2184,3771.428571,3.771428571,4141.354626,-0.089324892
433.905721,435709,435.704,2192,3801.156069,3.801156069,4141.354626,-0.082146686
434.00646,435759,435.754,2198,3823.616236,3.823616236,4141.354626,-0.076723299
434.107838,435809,435.804,2206,3853.785071,3.853785071,4141.354626,-0.069438524
434.200798,435859,435.854,2208,3861.36725,3.86136725,4141.354626,-0.067607679
434.201089,435909,435.904,2208,3861.36725,3.86136725,4141.354626,-0.067607679
434.201288,435959,435.954,2205,3850.0,3.85,4141.354626,-0.070352494
434.201491,436009,436.004,2189,3789.979014,3.789979014,4141.354626,-0.084845574
434.201694,436059,436.054,2193,3804.88959,3.80488959,4141.354626,-0.081245164
434.201888,436109,436.104,2194,3808.627038,3.808627038,4141.354626,-0.080342694
434.248498,436159,436.154,2188,3786.261143,3.786261143,4141.354626,-0.085743317
434.357607,436209,436.204,2188,3786.261143,3.786261143,4141.354626,-0.085743317
434.458346,436259,436.254,2179,3752.974948,3.752974948,4141.354626,-0.093780831
434.559557,436309,436.304,2175,3738.28125,3.73828125,4141.354626,-0.097328872
434.661291,436359,436.354,2193,3804.88959,3.80488959,4141.354626,-0.081245164
434.755073,436409,436.404,2196,3816.113744,3.816113744,4141.354626,-0.078534902
434.755284,436459,436.454,2198,3823.616236,3.823616236,4141.354626,-0.076723299
434.755483,436509,436.504,2195,3812.368421,3.812368421,4141.354626,-0.079439274
434.755678,436559,436.554,2186,3778.837087,3.778837087,4141.354626,-0.087535981
434.755878,436609,436.604,2197,3819.863014,3.819863014,4141.354626,-0.077629578
434.756071,436659,436.654,2166,3705.443235,3.705443235,4141.354626,-0.105258166
434.798486,436709,436.704,2195,3812.368421,3.812368421,4141.354626,-0.079439274
434.909096,436759,436.754,2188,3786.261143,3.786261143,4141.354626,-0.085743317
435.01119,436809,436.804,2192,3801.156069,3.801156069,4141.354626,-0.082146686
435.111531,436859,436.854,2174,3734.617387,3.734617387,4141.354626,-0.098213574
435.214232,436909,436.904,2198,3823.616236,3.823616236,4141.354626,-0.076723299
435.307954,436959,436.954,2180,3756.657963,3.756657963,4141.354626,-0.092891505
435.308167,437009,437.004,2192,3801.156069,3.801156069,4141.354626,-0.082146686
435.308364,437059,437.054,2213,3880.393199,3.880393199,4141.354626,-0.063013543
435.308563,437109,437.104,2217,3895.686901,3.895686901,4141.354626,-0.05932062
435.308756,437159,437.154,2213,3880.393199,3.880393199,4141.354626,-0.063013543
435.308951,437209,437.204,2195,3812.368421,3.812368421,4141.354626,-0.079439274
435.348457,437259,437.254,2194,3808.627038,3.808627038,4141.354626,-0.080342694
435.45799,437309,437.304,2191,3797.426471,3.797426471,4141.354626,-0.08304726
435.559446,437359,437.354,2197,3819.863014,3.819863014,4141.354626,-0.077629578
435.66136,437409,437.404,2192,3801.156069,3.801156069,4141.354626,-0.082146686
435.791617,437459,437.454,2199,3827.373418,3.827373418,4141.354626,-0.075816064
435.892874,437509,437.504,2181,3760.344828,3.760344828,4141.354626,-0.092001249
436.002861,437559,437.554,2194,3808.627038,3.808627038,4141.354626,-0.080342694
436.106145,437609,437.604,2195,3812.368421,3.812368421,4141.354626,-0.079439274
436.209915,437659,437.654,2202,3838.66878,3.83866878,4141.354626,-0.073088608
436.313549,437709,437.704,2211,3872.770701,3.872770701,4141.354626,-0.064854124
436.411591,437759,437.754,2199,3827.373418,3.827373418,4141.354626,-0.075816064
436.411806,437809,437.804,2191,3797.426471,3.797426471,4141.354626,-0.08304726
436.412008,437859,437.854,2195,3812.368421,3.812368421,4141.354626,-0.079439274
436.412287,437909,437.904,2195,3812.368421,3.812368421,4141.354626,-0.079439274
436.412489,437959,437.954,2191,3797.426471,3.797426471,4141.354626,-0.08304726
436.412682,438009,438.004,2180,3756.657963,3.756657963,4141.354626,-0.092891505
436.412878,438059,438.054,2192,3801.156069,3.801156069,4141.354626,-0.082146686
436.413078,438109,438.104,2188,3786.261143,3.786261143,4141.354626,-0.085743317
436.413278,438159,438.154,2193,3804.88959,3.80488959,4141.354626,-0.081245164
436.413472,438209,438.204,2199,3827.373418,3.827373418,4141.354626,-0.075816064
436.413666,438259,438.254,2207,3857.574153,3.857574153,4141.354626,-0.068523587
436.525653,438309,438.304,2215,3888.031915,3.888031915,4141.354626,-0.061169046
436.628105,438359,438.354,2209,3865.164369,3.865164369,4141.354626,-0.066690801
436.733466,438409,438.404,2192,3801.156069,3.801156069,4141.354626,-0.082146686
436.892571,438459,438.454,2200,3831.134565,3.831134565,4141.354626,-0.074907872
436.98996,438509,438.504,2194,3808.627038,3.808627038,4141.354626,-0.080342694
436.990173,438559,438.554,2180,3756.657963,3.756657963,4141.354626,-0.092891505
436.990372,438609,438.604,2183,3767.730126,3.767730126,4141.354626,-0.090217944
436.990569,438659,438.654,2189,3789.979014,3.789979014,4141.354626,-0.084845574
436.990764,438709,438.704,2179,3752.974948,3.752974948,4141.354626,-0.093780831
436.990963,438759,438.754,2179,3752.974948,3.752974948,4141.354626,-0.093780831
436.991161,438809,438.804,2202,3838.66878,3.83866878,4141.354626,-0.073088608
436.991357,438859,438.854,2195,3812.368421,3.812368421,4141.354626,-0.079439274
436.998455,438909,438.904,2190,3793.700787,3.793700787,4141.354626,-0.083946889
437.108039,438959,438.954,2189,3789.979014,3.789979014,4141.354626,-0.084845574
437.209928,439009,439.004,2204,3846.218932,3.846218932,4141.354626,-0.071265497
437.305384,439059,439.054,2193,3804.88959,3.80488959,4141.354626,-0.081245164
437.305597,439109,439.104,2188,3786.261143,3.786261143,4141.354626,-0.085743317
437.305792,439159,439.154,2187,3782.54717,3.78254717,4141.354626,-0.086640119
437.305985,439209,439.204,2187,3782.54717,3.78254717,4141.354626,-0.086640119
437.348481,439259,439.254,2188,3786.261143,3.786261143,4141.354626,-0.085743317
437.458496,439309,439.304,2189,3789.979014,3.789979014,4141.354626,-0.084845574
437.553755,439359,439.354,2185,3775.13089,3.77513089,4141.354626,-0.088430905
437.553966,439409,439.404,2193,3804.88959,3.80488959,4141.354626,-0.081245164
437.554162,439459,439.454,2200,3831.134565,3.831134565,4141.354626,-0.074907872
437.598426,439509,439.504,2222,3914.895889,3.914895889,4141.354626,-0.054682286
437.705404,439559,439.554,2204,3846.218932,3.846218932,4141.354626,-0.071265497
437.799705,439609,439.604,2202,3838.66878,3.83866878,4141.354626,-0.073088608
437.799917,439659,439.654,2191,3797.426471,3.797426471,4141.354626,-0.08304726
437.800114,439709,439.704,2195,3812.368421,3.812368421,4141.354626,-0.079439274
437.848455,439759,439.754,2192,3801.156069,3.801156069,4141.354626,-0.082146686
437.95575,439809,439.804,2192,3801.156069,3.801156069,4141.354626,-0.082146686
438.057586,439859,439.854,2189,3789.979014,3.789979014,4141.354626,-0.084845574
438.1539,439909,439.904,2183,3767.730126,3.767730126,4141.354626,-0.090217944
438.154111,439959,439.954,2177,3745.620438,3.745620438,4141.354626,-0.095556701
438.154313,440009,440.004,2203,3842.44186,3.84244186,4141.354626,-0.072177534
438.154508,440059,440.054,2197,3819.863014,3.819863014,4141.354626,-0.077629578
438.198482,440109,440.104,2201,3834.899683,3.834899683,4141.354626,-0.07399872
438.308984,440159,440.154,2193,3804.88959,3.80488959,4141.354626,-0.081245164
438.410393,440209,440.204,2193,3804.88959,3.80488959,4141.354626,-0.081245164
438.512384,440259,440.254,2193,3804.88959,3.80488959,4141.354626,-0.081245164
438.614628,440309,440.304,2180,3756.657963,3.756657963,4141.354626,-0.092891505
438.708057,440359,440.354,2193,3804.88959,3.80488959,4141.354626,-0.081245164
438.708272,440409,440.404,2179,3752.974948,3.752974948,4141.354626,-0.093780831
438.70847,440459,440.454,2180,3756.657963,3.756657963,4141.354626,-0.092891505
438.708695,440509,440.504,2185,3775.13089,3.77513089,4141.354626,-0.088430905
438.708892,440559,440.554,2197,3819.863014,3.819863014,4141.354626,-0.077629578
438.709091,440609,440.604,2193,3804.88959,3.80488959,4141.354626,-0.081245164
438.748482,440659,440.654,2185,3775.13089,3.77513089,4141.354626,-0.088430905
438.858431,440709,440.704,2209,3865.164369,3.865164369,4141.354626,-0.066690801
438.960572,440759,440.754,2213,3880.393199,3.880393199,4141.354626,-0.063013543
439.064676,440809,440.804,2210,3868.965517,3.868965517,4141.354626,-0.065772949
439.17005,440859,440.854,2195,3812.368421,3.812368421,4141.354626,-0.079439274
439.267233,440909,440.904,2202,3838.66878,3.83866878,4141.354626,-0.073088608
439.267444,440959,440.954,2194,3808.627038,3.808627038,4141.354626,-0.080342694
439.267641,441009,441.004,2185,3775.13089,3.77513089,4141.354626,-0.088430905
439.267836,441059,441.054,2187,3782.54717,3.78254717,4141.354626,-0.086640119
439.268032,441109,441.104,2186,3778.837087,3.778837087,4141.354626,-0.087535981
439.268227,441159,441.154,2182,3764.035546,3.764035546,4141.354626,-0.091110063
439.298418,441209,441.204,2189,3789.979014,3.789979014,4141.354626,-0.084845574
439.407954,441259,441.254,2199,3827.373418,3.827373418,4141.354626,-0.075816064
439.51054,441309,441.304,2206,3853.785071,3.853785071,4141.354626,-0.069438524
439.629486,441359,441.354,2216,3891.857371,3.891857371,4141.354626,-0.060245325
439.741512,441409,441.404,2200,3831.134565,3.831134565,4141.354626,-0.074907872
439.836472,441459,441.454,2208,3861.36725,3.86136725,4141.354626,-0.067607679
439.836688,441509,441.504,2194,3808.627038,3.808627038,4141.354626,-0.080342694
439.836885,441559,441.554,2188,3786.261143,3.786261143,4141.354626,-0.085743317
439.837081,441609,441.604,2194,3808.627038,3.808627038,4141.354626,-0.080342694
439.837275,441659,441.654,2185,3775.13089,3.77513089,4141.354626,-0.088430905
439.83747,441709,441.704,2189,3789.979014,3.789979014,4141.354626,-0.084845574
439.848472,441759,441.754,2187,3782.54717,3.78254717,4141.354626,-0.086640119
439.955309,441809,441.804,2195,3812.368421,3.812368421,4141.354626,-0.079439274
440.05485,441859,441.854,2194,3808.627038,3.808627038,4141.354626,-0.080342694
440.055162,441909,441.904,2200,3831.134565,3.831134565,4141.354626,-0.074907872
440.055363,441959,441.954,2214,3884.210526,3.884210526,4141.354626,-0.062091785
440.158481,442009,442.004,2191,3797.426471,3.797426471,4141.354626,-0.08304726
440.261317,442059,442.054,2199,3827.373418,3.827373418,4141.354626,-0.075816064
440.357826,442109,442.104,2196,3816.113744,3.816113744,4141.354626,-0.078534902
440.358039,442159,442.154,2195,3812.368421,3.812368421,4141.354626,-0.079439274
440.358246,442209,442.204,2189,3789.979014,3.789979014,4141.354626,-0.084845574
440.358449,442259,442.254,2185,3775.13089,3.77513089,4141.354626,-0.088430905
440.398442,442309,442.304,2183,3767.730126,3.767730126,4141.354626,-0.090217944
440.507127,442359,442.354,2185,3775.13089,3.77513089,4141.354626,-0.088430905
440.612427,442409,442.404,2177,3745.620438,3.745620438,4141.354626,-0.095556701
440.714471,442459,442.454,2200,3831.134565,3.831134565,4141.354626,-0.074907872
440.816808,442509,442.504,2191,3797.426471,3.797426471,4141.354626,-0.08304726
440.912347,442559,442.554,2207,3857.574153,3.857574153,4141.354626,-0.068523587
440.912559,442609,442.604,2185,3775.13089,3.77513089,4141.354626,-0.088430905
440.912755,442659,442.654,2206,3853.785071,3.853785071,4141.354626,-0.069438524
440.912955,442709,442.704,2192,3801.156069,3.801156069,4141.354626,-0.082146686
440.913155,442759,442.754,2183,3767.730126,3.767730126,4141.354626,-0.090217944
440.91335,442809,442.804,2192,3801.156069,3.801156069,4141.354626,-0.082146686
440.948464,442859,442.854,2185,3775.13089,3.77513089,4141.354626,-0.088430905
441.059589,442909,442.904,2188,3786.261143,3.786261143,4141.354626,-0.085743317
441.162265,442959,442.954,2189,3789.979014,3.789979014,4141.354626,-0.084845574
441.263634,443009,443.004,2188,3786.261143,3.786261143,4141.354626,-0.085743317
441.364513,443059,443.054,2185,3775.13089,3.77513089,4141.354626,-0.088430905
441.458912,443109,443.104,2195,3812.368421,3.812368421,4141.354626,-0.079439274
441.459125,443159,443.154,2206,3853.785071,3.853785071,4141.354626,-0.069438524
441.459334,443209,443.204,2202,3838.66878,3.83866878,4141.354626,-0.073088608
441.459533,443259,443.254,2204,3846.218932,3.846218932,4141.354626,-0.071265497
441.459728,443309,443.304,2195,3812.368421,3.812368421,4141.354626,-0.079439274
441.459923,443359,443.354,2196,3816.113744,3.816113744,4141.354626,-0.078534902
441.498481,443409,443.404,2186,3778.837087,3.778837087,4141.354626,-0.087535981
441.607075,443459,443.454,2176,3741.948932,3.741948932,4141.354626,-0.096443249
441.708061,443509,443.504,2185,3775.13089,3.77513089,4141.354626,-0.088430905
441.810348,443559,443.554,2191,3797.426471,3.797426471,4141.354626,-0.08304726
441.913532,443609,443.604,2162,3690.946715,3.690946715,4141.354626,-0.108758595
442.010341,443659,443.654,2183,3767.730126,3.767730126,4141.354626,-0.090217944
442.01056,443709,443.704,2191,3797.426471,3.797426471,4141.354626,-0.08304726
442.010756,443759,443.754,2206,3853.785071,3.853785071,4141.354626,-0.069438524
442.010952,443809,443.804,2202,3838.66878,3.83866878,4141.354626,-0.073088608
442.011147,443859,443.854,2195,3812.368421,3.812368421,4141.354626,-0.079439274
442.011412,443909,443.904,2189,3789.979014,3.789979014,4141.354626,-0.084845574
442.048485,443959,443.954,2183,3767.730126,3.767730126,4141.354626,-0.090217944
442.158419,444009,444.004,2188,3786.261143,3.786261143,4141.354626,-0.085743317
442.2608,444059,444.054,2188,3786.261143,3.786261143,4141.354626,-0.085743317
442.356323,444109,444.104,2197,3819.863014,3.819863014,4141.354626,-0.077629578
442.356538,444159,444.154,2184,3771.428571,3.771428571,4141.354626,-0.089324892
442.356741,444209,444.204,2187,3782.54717,3.78254717,4141.354626,-0.086640119
442.356937,444259,444.254,2183,3767.730126,3.767730126,4141.354626,-0.090217944
442.398457,444309,444.304,2196,3816.113744,3.816113744,4141.354626,-0.078534902
442.506515,444359,444.354,2200,3831.134565,3.831134565,4141.354626,-0.074907872
442.600693,444409,444.404,2194,3808.627038,3.808627038,4141.354626,-0.080342694
442.600904,444459,444.454,2193,3804.88959,3.80488959,4141.354626,-0.081245164
442.601102,444509,444.504,2186,3778.837087,3.778837087,4141.354626,-0.087535981
442.648468,444559,444.554,2199,3827.373418,3.827373418,4141.354626,-0.075816064
442.75687,444609,444.604,2192,3801.156069,3.801156069,4141.354626,-0.082146686
442.851387,444659,444.654,2156,3669.314079,3.669314079,4141.354626,-0.11398216
442.851599,444709,444.704,2176,3741.948932,3.741948932,4141.354626,-0.096443249
442.851796,444759,444.754,2185,3775.13089,3.77513089,4141.354626,-0.088430905
442.898451,444809,444.804,2176,3741.948932,3.741948932,4141.354626,-0.096443249
443.007931,444859,444.854,2184,3771.428571,3.771428571,4141.354626,-0.089324892
443.105003,444909,444.904,2193,3804.88959,3.80488959,4141.354626,-0.081245164
443.105216,444959,444.954,2205,3850.0,3.85,4141.354626,-0.070352494
443.105418,445009,445.004,2221,3911.045891,3.911045891,4141.354626,-0.055611933
443.148431,445059,445.054,2201,3834.899683,3.834899683,4141.354626,-0.07399872
443.256507,445109,445.104,2195,3812.368421,3.812368421,4141.354626,-0.079439274
443.358414,445159,445.154,2190,3793.700787,3.793700787,4141.354626,-0.083946889
443.46246,445209,445.204,2206,3853.785071,3.853785071,4141.354626,-0.069438524
443.565047,445259,445.254,2200,3831.134565,3.831134565,4141.354626,-0.074907872
443.659437,445309,445.304,2188,3786.261143,3.786261143,4141.354626,-0.085743317
443.659649,445359,445.354,2198,3823.616236,3.823616236,4141.354626,-0.076723299
443.659844,445409,445.404,2192,3801.156069,3.801156069,4141.354626,-0.082146686
443.660044,445459,445.454,2192,3801.156069,3.801156069,4141.354626,-0.082146686
443.660238,445509,445.504,2197,3819.863014,3.819863014,4141.354626,-0.077629578
443.660433,445559,445.554,2193,3804.88959,3.80488959,4141.354626,-0.081245164
443.698475,445609,445.604,2218,3899.520511,3.899520511,4141.354626,-0.05839493
443.805989,445659,445.654,2200,3831.134565,3.831134565,4141.354626,-0.074907872
443.906096,445709,445.704,2181,3760.344828,3.760344828,4141.354626,-0.092001249
444.007242,445759,445.754,2188,3786.261143,3.786261143,4141.354626,-0.085743317
444.108157,445809,445.804,2188,3786.261143,3.786261143,4141.354626,-0.085743317
444.202933,445859,445.854,2181,3760.344828,3.760344828,4141.354626,-0.092001249
444.203217,445909,445.904,2176,3741.948932,3.741948932,4141.354626,-0.096443249
444.203418,445959,445.954,2170,3720.0,3.72,4141.354626,-0.101743189
444.203613,446009,446.004,2175,3738.28125,3.73828125,4141.354626,-0.097328872
444.203815,446059,446.054,2165,3701.813472,3.701813472,4141.354626,-0.106134633
444.20401,446109,446.104,2189,3789.979014,3.789979014,4141.354626,-0.084845574
444.248472,446159,446.154,2186,3778.837087,3.778837087,4141.354626,-0.087535981
444.358296,446209,446.204,2207,3857.574153,3.857574153,4141.354626,-0.068523587
444.460189,446259,446.254,2182,3764.035546,3.764035546,4141.354626,-0.091110063
444.561624,446309,446.304,2193,3804.88959,3.80488959,4141.354626,-0.081245164
444.661688,446359,446.354,2191,3797.426471,3.797426471,4141.354626,-0.08304726
444.755494,446409,446.404,2196,3816.113744,3.816113744,4141.354626,-0.078534902
444.755708,446459,446.454,2191,3797.426471,3.797426471,4141.354626,-0.08304726
444.755918,446509,446.504,2186,3778.837087,3.778837087,4141.354626,-0.087535981
444.756114,446559,446.554,2210,3868.965517,3.868965517,4141.354626,-0.065772949
444.756309,446609,446.604,2177,3745.620438,3.745620438,4141.354626,-0.095556701
444.756511,446659,446.654,2176,3741.948932,3.741948932,4141.354626,-0.096443249
444.798479,446709,446.704,2191,3797.426471,3.797426471,4141.354626,-0.08304726
444.905821,446759,446.754,2186,3778.837087,3.778837087,4141.354626,-0.087535981
445.007262,446809,446.804,2210,3868.965517,3.868965517,4141.354626,-0.065772949
445.107787,446859,446.854,2200,3831.134565,3.831134565,4141.354626,-0.074907872
445.209999,446909,446.904,2190,3793.700787,3.793700787,4141.354626,-0.083946889
445.304894,446959,446.954,2188,3786.261143,3.786261143,4141.354626,-0.085743317
445.305107,447009,447.004,2191,3797.426471,3.797426471,4141.354626,-0.08304726
445.305302,447059,447.054,2185,3775.13089,3.77513089,4141.354626,-0.088430905
445.305496,447109,447.104,2186,3778.837087,3.778837087,4141.354626,-0.087535981
445.30569,447159,447.154,2173,3730.957336,3.730957336,4141.354626,-0.099097355
445.305884,447209,447.204,2188,3786.261143,3.786261143,4141.354626,-0.085743317
445.348457,447259,447.254,2166,3705.443235,3.705443235,4141.354626,-0.105258166
445.457028,447309,447.304,2182,3764.035546,3.764035546,4141.354626,-0.091110063
445.557837,447359,447.354,2185,3775.13089,3.77513089,4141.354626,-0.088430905
445.6586,447409,447.404,2201,3834.899683,3.834899683,4141.354626,-0.07399872
445.758798,447459,447.454,2213,3880.393199,3.880393199,4141.354626,-0.063013543
445.852411,447509,447.504,2196,3816.113744,3.816113744,4141.354626,-0.078534902
445.852625,447559,447.554,2194,3808.627038,3.808627038,4141.354626,-0.080342694
445.85282,447609,447.604,2189,3789.979014,3.789979014,4141.354626,-0.084845574
445.853014,447659,447.654,2185,3775.13089,3.77513089,4141.354626,-0.088430905
445.853216,447709,447.704,2194,3808.627038,3.808627038,4141.354626,-0.080342694
445.853409,447759,447.754,2185,3775.13089,3.77513089,4141.354626,-0.088430905
445.898459,447809,447.804,2187,3782.54717,3.78254717,4141.354626,-0.086640119
446.006809,447859,447.854,2173,3730.957336,3.730957336,4141.354626,-0.099097355
446.108968,447909,447.904,2182,3764.035546,3.764035546,4141.354626,-0.091110063
446.210993,447959,447.954,2194,3808.627038,3.808627038,4141.354626,-0.080342694
446.311761,448009,448.004,2198,3823.616236,3.823616236,4141.354626,-0.076723299
446.405944,448059,448.054,2206,3853.785071,3.853785071,4141.354626,-0.069438524
446.406158,448109,448.104,2190,3793.700787,3.793700787,4141.354626,-0.083946889
446.406356,448159,448.154,2176,3741.948932,3.741948932,4141.354626,-0.096443249
446.406552,448209,448.204,2181,3760.344828,3.760344828,4141.354626,-0.092001249
446.406747,448259,448.254,2187,3782.54717,3.78254717,4141.354626,-0.086640119
446.406942,448309,448.304,2177,3745.620438,3.745620438,4141.354626,-0.095556701
446.448462,448359,448.354,2171,3723.648649,3.723648649,4141.354626,-0.100862161
446.558618,448409,448.404,2179,3752.974948,3.752974948,4141.354626,-0.093780831
446.661913,448459,448.454,2177,3745.620438,3.745620438,4141.354626,-0.095556701
446.762667,448509,448.504,2181,3760.344828,3.760344828,4141.354626,-0.092001249
446.863899,448559,448.554,2187,3782.54717,3.78254717,4141.354626,-0.086640119
446.958418,448609,448.604,2203,3842.44186,3.84244186,4141.354626,-0.072177534
446.958633,448659,448.654,2217,3895.686901,3.895686901,4141.354626,-0.05932062
446.95883,448709,448.704,2197,3819.863014,3.819863014,4141.354626,-0.077629578
446.959024,448759,448.754,2189,3789.979014,3.789979014,4141.354626,-0.084845574
446.959226,448809,448.804,2190,3793.700787,3.793700787,4141.354626,-0.083946889
446.959419,448859,448.854,2193,3804.88959,3.80488959,4141.354626,-0.081245164
446.998459,448909,448.904,2190,3793.700787,3.793700787,4141.354626,-0.083946889
447.10937,448959,448.954,2190,3793.700787,3.793700787,4141.354626,-0.083946889
447.210918,449009,449.004,2189,3789.979014,3.789979014,4141.354626,-0.084845574
447.312014,449059,449.054,2191,3797.426471,3.797426471,4141.354626,-0.08304726
447.406952,449109,449.104,2184,3771.428571,3.771428571,4141.354626,-0.089324892
447.407166,449159,449.154,2196,3816.113744,3.816113744,4141.354626,-0.078534902
447.407368,449209,449.204,2195,3812.368421,3.812368421,4141.354626,-0.079439274
447.407574,449259,449.254,2199,3827.373418,3.827373418,4141.354626,-0.075816064
447.407777,449309,449.304,2203,3842.44186,3.84244186,4141.354626,-0.072177534
447.448446,449359,449.354,2197,3819.863014,3.819863014,4141.354626,-0.077629578
447.550766,449409,449.404,2186,3778.837087,3.778837087,4141.354626,-0.087535981
447.659027,449459,449.454,2175,3738.28125,3.73828125,4141.354626,-0.097328872
447.760168,449509,449.504,2180,3756.657963,3.756657963,4141.354626,-0.092891505
447.854287,449559,449.554,2181,3760.344828,3.760344828,4141.354626,-0.092001249
447.854499,449609,449.604,2185,3775.13089,3.77513089,4141.354626,-0.088430905
447.854697,449659,449.654,2176,3741.948932,3.741948932,4141.354626,-0.096443249
447.854903,449709,449.704,2171,3723.648649,3.723648649,4141.354626,-0.100862161
447.855104,449759,449.754,2183,3767.730126,3.767730126,4141.354626,-0.090217944
447.898475,449809,449.804,2187,3782.54717,3.78254717,4141.354626,-0.086640119
448.007458,449859,449.854,2206,3853.785071,3.853785071,4141.354626,-0.069438524
448.102577,449909,449.904,2189,3789.979014,3.789979014,4141.354626,-0.084845574
448.102788,449959,449.954,2195,3812.368421,3.812368421,4141.354626,-0.079439274
448.102989,450009,450.004,2169,3716.35514,3.71635514,4141.354626,-0.102623302
448.14841,450059,450.054,2198,3823.616236,3.823616236,4141.354626,-0.076723299
448.258518,450109,450.104,2193,3804.88959,3.80488959,4141.354626,-0.081245164
448.36083,450159,450.154,2180,3756.657963,3.756657963,4141.354626,-0.092891505
448.461488,450209,450.204,2176,3741.948932,3.741948932,4141.354626,-0.096443249
448.563392,450259,450.254,2196,3816.113744,3.816113744,4141.354626,-0.078534902
448.658129,450309,450.304,2184,3771.428571,3.771428571,4141.354626,-0.089324892
448.65834,450359,450.354,2186,3778.837087,3.778837087,4141.354626,-0.087535981
448.658538,450409,450.404,2196,3816.113744,3.816113744,4141.354626,-0.078534902
448.658735,450459,450.454,2219,3903.358209,3.903358209,4141.354626,-0.057468253
448.658942,450509,450.504,2209,3865.164369,3.865164369,4141.354626,-0.066690801
448.659137,450559,450.554,2190,3793.700787,3.793700787,4141.354626,-0.083946889
448.698438,450609,450.604,2181,3760.344828,3.760344828,4141.354626,-0.092001249
448.807157,450659,450.654,2187,3782.54717,3.78254717,4141.354626,-0.086640119
448.908906,450709,450.704,2184,3771.428571,3.771428571,4141.354626,-0.089324892
449.01085,450759,450.754,2176,3741.948932,3.741948932,4141.354626,-0.096443249
449.112342,450809,450.804,2180,3756.657963,3.756657963,4141.354626,-0.092891505
449.206694,450859,450.854,2179,3752.974948,3.752974948,4141.354626,-0.093780831
449.206982,450909,450.904,2178,3749.295775,3.749295775,4141.354626,-0.094669229
449.207181,450959,450.954,2172,3727.301092,3.727301092,4141.354626,-0.099980217
449.207375,451009,451.004,2187,3782.54717,3.78254717,4141.354626,-0.086640119
449.20757,451059,451.054,2203,3842.44186,3.84244186,4141.354626,-0.072177534
449.207766,451109,451.104,2214,3884.210526,3.884210526,4141.354626,-0.062091785
449.248445,451159,451.154,2186,3778.837087,3.778837087,4141.354626,-0.087535981
449.35839,451209,451.204,2187,3782.54717,3.78254717,4141.354626,-0.086640119
449.46089,451259,451.254,2190,3793.700787,3.793700787,4141.354626,-0.083946889
449.563283,451309,451.304,2204,3846.218932,3.846218932,4141.354626,-0.071265497
449.663831,451359,451.354,2174,3734.617387,3.734617387,4141.354626,-0.098213574
449.759092,451409,451.404,2188,3786.261143,3.786261143,4141.354626,-0.085743317
449.759309,451459,451.454,2161,3687.331954,3.687331954,4141.354626,-0.10963144
449.759505,451509,451.504,2183,3767.730126,3.767730126,4141.354626,-0.090217944
449.759707,451559,451.554,2190,3793.700787,3.793700787,4141.354626,-0.083946889
449.759907,451609,451.604,2206,3853.785071,3.853785071,4141.354626,-0.069438524
449.760101,451659,451.654,2206,3853.785071,3.853785071,4141.354626,-0.069438524
449.798417,451709,451.704,2209,3865.164369,3.865164369,4141.354626,-0.066690801
449.906269,451759,451.754,2193,3804.88959,3.80488959,4141.354626,-0.081245164
450.008449,451809,451.804,2177,3745.620438,3.745620438,4141.354626,-0.095556701
450.110755,451859,451.854,2188,3786.261143,3.786261143,4141.354626,-0.085743317
450.213384,451909,451.904,2184,3771.428571,3.771428571,4141.354626,-0.089324892
450.308323,451959,451.954,2180,3756.657963,3.756657963,4141.354626,-0.092891505
450.308539,452009,452.004,2177,3745.620438,3.745620438,4141.354626,-0.095556701
450.308736,452059,452.054,2177,3745.620438,3.745620438,4141.354626,-0.095556701
450.30893,452109,452.104,2184,3771.428571,3.771428571,4141.354626,-0.089324892
450.309124,452159,452.154,2190,3793.700787,3.793700787,4141.354626,-0.083946889
450.309319,452209,452.204,2194,3808.627038,3.808627038,4141.354626,-0.080342694
450.348393,452259,452.254,2213,3880.393199,3.880393199,4141.354626,-0.063013543
450.458299,452309,452.304,2208,3861.36725,3.86136725,4141.354626,-0.067607679
450.560184,452359,452.354,2194,3808.627038,3.808627038,4141.354626,-0.080342694
450.661047,452409,452.404,2183,3767.730126,3.767730126,4141.354626,-0.090217944
450.762061,452459,452.454,2194,3808.627038,3.808627038,4141.354626,-0.080342694
450.856107,452509,452.504,2191,3797.426471,3.797426471,4141.354626,-0.08304726
450.85632,452559,452.554,2193,3804.88959,3.80488959,4141.354626,-0.081245164
450.856521,452609,452.604,2182,3764.035546,3.764035546,4141.354626,-0.091110063
450.856723,452659,452.654,2185,3775.13089,3.77513089,4141.354626,-0.088430905
450.856923,452709,452.704,2194,3808.627038,3.808627038,4141.354626,-0.080342694
450.857117,452759,452.754,2186,3778.837087,3.778837087,4141.354626,-0.087535981
450.89841,452809,452.804,2199,3827.373418,3.827373418,4141.354626,-0.075816064
451.007454,452859,452.854,2193,3804.88959,3.80488959,4141.354626,-0.081245164
451.110766,452909,452.904,2215,3888.031915,3.888031915,4141.354626,-0.061169046
451.21201,452959,452.954,2203,3842.44186,3.84244186,4141.354626,-0.072177534
451.313079,453009,453.004,2199,3827.373418,3.827373418,4141.354626,-0.075816064
451.407428,453059,453.054,2187,3782.54717,3.78254717,4141.354626,-0.086640119
451.407642,453109,453.104,2187,3782.54717,3.78254717,4141.354626,-0.086640119
451.407842,453159,453.154,2172,3727.301092,3.727301092,4141.354626,-0.099980217
451.408039,453209,453.204,2181,3760.344828,3.760344828,4141.354626,-0.092001249
451.408236,453259,453.254,2182,3764.035546,3.764035546,4141.354626,-0.091110063
451.408432,453309,453.304,2186,3778.837087,3.778837087,4141.354626,-0.087535981
451.448414,453359,453.354,2176,3741.948932,3.741948932,4141.354626,-0.096443249
451.558301,453409,453.404,2181,3760.344828,3.760344828,4141.354626,-0.092001249
451.659525,453459,453.454,2195,3812.368421,3.812368421,4141.354626,-0.079439274
451.760693,453509,453.504,2210,3868.965517,3.868965517,4141.354626,-0.065772949
451.861117,453559,453.554,2182,3764.035546,3.764035546,4141.354626,-0.091110063
451.955044,453609,453.604,2192,3801.156069,3.801156069,4141.354626,-0.082146686
451.955256,453659,453.654,2197,3819.863014,3.819863014,4141.354626,-0.077629578
451.955458,453709,453.704,2192,3801.156069,3.801156069,4141.354626,-0.082146686
451.955664,453759,453.754,2190,3793.700787,3.793700787,4141.354626,-0.083946889
451.955864,453809,453.804,2178,3749.295775,3.749295775,4141.354626,-0.094669229
451.956062,453859,453.854,2187,3782.54717,3.78254717,4141.354626,-0.086640119
451.998389,453909,453.904,2170,3720.0,3.72,4141.354626,-0.101743189
452.108529,453959,453.954,2179,3752.974948,3.752974948,4141.354626,-0.093780831
452.21021,454009,454.004,2179,3752.974948,3.752974948,4141.354626,-0.093780831
452.31154,454059,454.054,2194,3808.627038,3.808627038,4141.354626,-0.080342694
452.411735,454109,454.104,2202,3838.66878,3.83866878,4141.354626,-0.073088608
452.507274,454159,454.154,2212,3876.579926,3.876579926,4141.354626,-0.063934322
452.507486,454209,454.204,2188,3786.261143,3.786261143,4141.354626,-0.085743317
452.50768,454259,454.254,2180,3756.657963,3.756657963,4141.354626,-0.092891505
452.507872,454309,454.304,2182,3764.035546,3.764035546,4141.354626,-0.091110063
452.508065,454359,454.354,2186,3778.837087,3.778837087,4141.354626,-0.087535981
452.508259,454409,454.404,2179,3752.974948,3.752974948,4141.354626,-0.093780831
452.548377,454459,454.454,2186,3778.837087,3.778837087,4141.354626,-0.087535981
452.656255,454509,454.504,2188,3786.261143,3.786261143,4141.354626,-0.085743317
452.756535,454559,454.554,2178,3749.295775,3.749295775,4141.354626,-0.094669229
452.856172,454609,454.604,2184,3771.428571,3.771428571,4141.354626,-0.089324892
452.856391,454659,454.654,2200,3831.134565,3.831134565,4141.354626,-0.074907872
452.85659,454709,454.704,2192,3801.156069,3.801156069,4141.354626,-0.082146686
452.957505,454759,454.754,2203,3842.44186,3.84244186,4141.354626,-0.072177534
453.051662,454809,454.804,2191,3797.426471,3.797426471,4141.354626,-0.08304726
453.051873,454859,454.854,2196,3816.113744,3.816113744,4141.354626,-0.078534902
453.052149,454909,454.904,2181,3760.344828,3.760344828,4141.354626,-0.092001249
453.052346,454959,454.954,2197,3819.863014,3.819863014,4141.354626,-0.077629578
453.098397,455009,455.004,2181,3760.344828,3.760344828,4141.354626,-0.092001249
453.207586,455059,455.054,2176,3741.948932,3.741948932,4141.354626,-0.096443249
453.309146,455109,455.104,2178,3749.295775,3.749295775,4141.354626,-0.094669229
453.409831,455159,455.154,2192,3801.156069,3.801156069,4141.354626,-0.082146686
453.51007,455209,455.204,2188,3786.261143,3.786261143,4141.354626,-0.085743317
453.602355,455259,455.254,2190,3793.700787,3.793700787,4141.354626,-0.083946889
453.60257,455309,455.304,2197,3819.863014,3.819863014,4141.354626,-0.077629578
453.602766,455359,455.354,2215,3888.031915,3.888031915,4141.354626,-0.061169046
453.602967,455409,455.404,2200,3831.134565,3.831134565,4141.354626,-0.074907872
453.603161,455459,455.454,2178,3749.295775,3.749295775,4141.354626,-0.094669229
453.603355,455509,455.504,2178,3749.295775,3.749295775,4141.354626,-0.094669229
453.648351,455559,455.554,2170,3720.0,3.72,4141.354626,-0.101743189
453.754934,455609,455.604,2178,3749.295775,3.749295775,4141.354626,-0.094669229
453.854519,455659,455.654,2187,3782.54717,3.78254717,4141.354626,-0.086640119
453.854739,455709,455.704,2181,3760.344828,3.760344828,4141.354626,-0.092001249
453.854936,455759,455.754,2186,3778.837087,3.778837087,4141.354626,-0.087535981
453.898356,455809,455.804,2183,3767.730126,3.767730126,4141.354626,-0.090217944
453.997387,455859,455.854,2197,3819.863014,3.819863014,4141.354626,-0.077629578
453.998304,455909,455.904,2188,3786.261143,3.786261143,4141.354626,-0.085743317
454.048383,455959,455.954,2210,3868.965517,3.868965517,4141.354626,-0.065772949
454.141351,456009,456.004,2205,3850.0,3.85,4141.354626,-0.070352494
454.148402,456059,456.054,2199,3827.373418,3.827373418,4141.354626,-0.075816064
454.257197,456109,456.104,2199,3827.373418,3.827373418,4141.354626,-0.075816064
454.358836,456159,456.154,2205,3850.0,3.85,4141.354626,-0.070352494
454.459616,456209,456.204,2192,3801.156069,3.801156069,4141.354626,-0.082146686
454.56121,456259,456.254,2180,3756.657963,3.756657963,4141.354626,-0.092891505
454.655164,456309,456.304,2190,3793.700787,3.793700787,4141.354626,-0.083946889
454.655375,456359,456.354,2183,3767.730126,3.767730126,4141.354626,-0.090217944
454.655577,456409,456.404,2161,3687.331954,3.687331954,4141.354626,-0.10963144
454.655778,456459,456.454,2188,3786.261143,3.786261143,4141.354626,-0.085743317
454.655977,456509,456.504,2195,3812.368421,3.812368421,4141.354626,-0.079439274
454.65617,456559,456.554,2217,3895.686901,3.895686901,4141.354626,-0.05932062
454.698368,456609,456.604,2211,3872.770701,3.872770701,4141.354626,-0.064854124
454.805965,456659,456.654,2194,3808.627038,3.808627038,4141.354626,-0.080342694
454.90587,456709,456.704,2191,3797.426471,3.797426471,4141.354626,-0.08304726
454.906089,456759,456.754,2173,3730.957336,3.730957336,4141.354626,-0.099097355
455.008555,456809,456.804,2174,3734.617387,3.734617387,4141.354626,-0.098213574
455.11014,456859,456.854,2184,3771.428571,3.771428571,4141.354626,-0.089324892
455.206292,456909,456.904,2182,3764.035546,3.764035546,4141.354626,-0.091110063
455.206504,456959,456.954,2192,3801.156069,3.801156069,4141.354626,-0.082146686
455.206699,457009,457.004,2177,3745.620438,3.745620438,4141.354626,-0.095556701
455.206898,457059,457.054,2175,3738.28125,3.73828125,4141.354626,-0.097328872
455.207093,457109,457.104,2178,3749.295775,3.749295775,4141.354626,-0.094669229
455.248354,457159,457.154,2208,3861.36725,3.86136725,4141.354626,-0.067607679
455.357993,457209,457.204,2191,3797.426471,3.797426471,4141.354626,-0.08304726
455.460091,457259,457.254,2194,3808.627038,3.808627038,4141.354626,-0.080342694
455.562497,457309,457.304,2191,3797.426471,3.797426471,4141.354626,-0.08304726
455.663067,457359,457.354,2192,3801.156069,3.801156069,4141.354626,-0.082146686
455.757463,457409,457.404,2188,3786.261143,3.786261143,4141.354626,-0.085743317
455.757676,457459,457.454,2176,3741.948932,3.741948932,4141.354626,-0.096443249
455.757872,457509,457.504,2178,3749.295775,3.749295775,4141.354626,-0.094669229
455.758074,457559,457.554,2186,3778.837087,3.778837087,4141.354626,-0.087535981
455.758268,457609,457.604,2186,3778.837087,3.778837087,4141.354626,-0.087535981
455.758469,457659,457.654,2191,3797.426471,3.797426471,4141.354626,-0.08304726
455.7984,457709,457.704,2194,3808.627038,3.808627038,4141.354626,-0.080342694
455.906341,457759,457.754,2199,3827.373418,3.827373418,4141.354626,-0.075816064
456.008081,457809,457.804,2215,3888.031915,3.888031915,4141.354626,-0.061169046
456.108832,457859,457.854,2209,3865.164369,3.865164369,4141.354626,-0.066690801
456.211869,457909,457.904,2191,3797.426471,3.797426471,4141.354626,-0.08304726
456.307754,457959,457.954,2177,3745.620438,3.745620438,4141.354626,-0.095556701
456.307968,458009,458.004,2164,3698.187468,3.698187468,4141.354626,-0.107010193
456.308167,458059,458.054,2181,3760.344828,3.760344828,4141.354626,-0.092001249
456.308362,458109,458.104,2180,3756.657963,3.756657963,4141.354626,-0.092891505
456.308557,458159,458.154,2195,3812.368421,3.812368421,4141.354626,-0.079439274
456.308752,458209,458.204,2174,3734.617387,3.734617387,4141.354626,-0.098213574
456.348413,458259,458.254,2176,3741.948932,3.741948932,4141.354626,-0.096443249
456.459171,458309,458.304,2196,3816.113744,3.816113744,4141.354626,-0.078534902
456.560597,458359,458.354,2201,3834.899683,3.834899683,4141.354626,-0.07399872
456.661528,458409,458.404,2209,3865.164369,3.865164369,4141.354626,-0.066690801
456.763194,458459,458.454,2194,3808.627038,3.808627038,4141.354626,-0.080342694
456.857254,458509,458.504,2200,3831.134565,3.831134565,4141.354626,-0.074907872
456.857471,458559,458.554,2184,3771.428571,3.771428571,4141.354626,-0.089324892
456.857676,458609,458.604,2211,3872.770701,3.872770701,4141.354626,-0.064854124
456.857877,458659,458.654,2190,3793.700787,3.793700787,4141.354626,-0.083946889
456.858072,458709,458.704,2188,3786.261143,3.786261143,4141.354626,-0.085743317
456.858273,458759,458.754,2171,3723.648649,3.723648649,4141.354626,-0.100862161
456.898366,458809,458.804,2181,3760.344828,3.760344828,4141.354626,-0.092001249
457.007605,458859,458.854,2191,3797.426471,3.797426471,4141.354626,-0.08304726
457.110125,458909,458.904,2193,3804.88959,3.80488959,4141.354626,-0.081245164
457.212537,458959,458.954,2196,3816.113744,3.816113744,4141.354626,-0.078534902
457.31411,459009,459.004,2223,3918.75,3.91875,4141.354626,-0.053751645
457.40845,459059,459.054,2207,3857.574153,3.857574153,4141.354626,-0.068523587
457.408681,459109,459.104,2198,3823.616236,3.823616236,4141.354626,-0.076723299
457.408884,459159,459.154,2180,3756.657963,3.756657963,4141.354626,-0.092891505
457.40908,459209,459.204,2171,3723.648649,3.723648649,4141.354626,-0.100862161
457.409276,459259,459.254,2183,3767.730126,3.767730126,4141.354626,-0.090217944
457.409479,459309,459.304,2181,3760.344828,3.760344828,4141.354626,-0.092001249
457.448379,459359,459.354,2187,3782.54717,3.78254717,4141.354626,-0.086640119
457.550866,459409,459.404,2185,3775.13089,3.77513089,4141.354626,-0.088430905
457.65903,459459,459.454,2180,3756.657963,3.756657963,4141.354626,-0.092891505
457.759655,459509,459.504,2193,3804.88959,3.80488959,4141.354626,-0.081245164
457.859634,459559,459.554,2192,3801.156069,3.801156069,4141.354626,-0.082146686
457.859856,459609,459.604,2212,3876.579926,3.876579926,4141.354626,-0.063934322
457.955227,459659,459.654,2198,3823.616236,3.823616236,4141.354626,-0.076723299
457.955442,459709,459.704,2196,3816.113744,3.816113744,4141.354626,-0.078534902
457.955645,459759,459.754,2192,3801.156069,3.801156069,4141.354626,-0.082146686
457.95584,459809,459.804,2191,3797.426471,3.797426471,4141.354626,-0.08304726
457.956036,459859,459.854,2195,3812.368421,3.812368421,4141.354626,-0.079439274
457.998347,459909,459.904,2179,3752.974948,3.752974948,4141.354626,-0.093780831
458.10064,459959,459.954,2183,3767.730126,3.767730126,4141.354626,-0.090217944
458.209799,460009,460.004,2183,3767.730126,3.767730126,4141.354626,-0.090217944
458.311478,460059,460.054,2183,3767.730126,3.767730126,4141.354626,-0.090217944
458.41235,460109,460.104,2187,3782.54717,3.78254717,4141.354626,-0.086640119
458.50777,460159,460.154,2180,3756.657963,3.756657963,4141.354626,-0.092891505
458.507987,460209,460.204,2228,3938.082485,3.938082485,4141.354626,-0.04908349
458.508188,460259,460.254,2212,3876.579926,3.876579926,4141.354626,-0.063934322
458.508387,460309,460.304,2193,3804.88959,3.80488959,4141.354626,-0.081245164
458.50859,460359,460.354,2184,3771.428571,3.771428571,4141.354626,-0.089324892
458.508786,460409,460.404,2184,3771.428571,3.771428571,4141.354626,-0.089324892
458.548364,460459,460.454,2179,3752.974948,3.752974948,4141.354626,-0.093780831
458.656831,460509,460.504,2188,3786.261143,3.786261143,4141.354626,-0.085743317
458.757572,460559,460.554,2183,3767.730126,3.767730126,4141.354626,-0.090217944
458.857482,460609,460.604,2182,3764.035546,3.764035546,4141.354626,-0.091110063
458.857702,460659,460.654,2172,3727.301092,3.727301092,4141.354626,-0.099980217
458.958136,460709,460.704,2187,3782.54717,3.78254717,4141.354626,-0.086640119
459.052436,460759,460.754,2186,3778.837087,3.778837087,4141.354626,-0.087535981
459.052646,460809,460.804,2206,3853.785071,3.853785071,4141.354626,-0.069438524
459.052855,460859,460.854,2194,3808.627038,3.808627038,4141.354626,-0.080342694
459.053122,460909,460.904,2195,3812.368421,3.812368421,4141.354626,-0.079439274
459.053317,460959,460.954,2194,3808.627038,3.808627038,4141.354626,-0.080342694
459.098398,461009,461.004,2188,3786.261143,3.786261143,4141.354626,-0.085743317
459.207504,461059,461.054,2187,3782.54717,3.78254717,4141.354626,-0.086640119
459.309268,461109,461.104,2180,3756.657963,3.756657963,4141.354626,-0.092891505
459.409891,461159,461.154,2178,3749.295775,3.749295775,4141.354626,-0.094669229
459.511031,461209,461.204,2188,3786.261143,3.786261143,4141.354626,-0.085743317
459.604499,461259,461.254,2175,3738.28125,3.73828125,4141.354626,-0.097328872
459.604713,461309,461.304,2195,3812.368421,3.812368421,4141.354626,-0.079439274
459.604909,461359,461.354,2189,3789.979014,3.789979014,4141.354626,-0.084845574
459.605105,461409,461.404,2201,3834.899683,3.834899683,4141.354626,-0.07399872
459.605299,461459,461.454,2211,3872.770701,3.872770701,4141.354626,-0.064854124
459.605492,461509,461.504,2202,3838.66878,3.83866878,4141.354626,-0.073088608
459.648346,461559,461.554,2192,3801.156069,3.801156069,4141.354626,-0.082146686
459.757634,461609,461.604,2180,3756.657963,3.756657963,4141.354626,-0.092891505
459.858564,461659,461.654,2176,3741.948932,3.741948932,4141.354626,-0.096443249
459.959395,461709,461.704,2206,3853.785071,3.853785071,4141.354626,-0.069438524
460.061729,461759,461.754,2183,3767.730126,3.767730126,4141.354626,-0.090217944
460.155412,461809,461.804,2199,3827.373418,3.827373418,4141.354626,-0.075816064
460.155624,461859,461.854,2177,3745.620438,3.745620438,4141.354626,-0.095556701
460.155879,461909,461.904,2185,3775.13089,3.77513089,4141.354626,-0.088430905
460.156075,461959,461.954,2205,3850.0,3.85,4141.354626,-0.070352494
460.156269,462009,462.004,2210,3868.965517,3.868965517,4141.354626,-0.065772949
460.156463,462059,462.054,2219,3903.358209,3.903358209,4141.354626,-0.057468253
460.198317,462109,462.104,2196,3816.113744,3.816113744,4141.354626,-0.078534902
460.308354,462159,462.154,2182,3764.035546,3.764035546,4141.354626,-0.091110063
460.411352,462209,462.204,2184,3771.428571,3.771428571,4141.354626,-0.089324892
460.514801,462259,462.254,2188,3786.261143,3.786261143,4141.354626,-0.085743317
460.622426,462309,462.304,2190,3793.700787,3.793700787,4141.354626,-0.083946889
460.721197,462359,462.354,2186,3778.837087,3.778837087,4141.354626,-0.087535981
460.721409,462409,462.404,2176,3741.948932,3.741948932,4141.354626,-0.096443249
460.721611,462459,462.454,2178,3749.295775,3.749295775,4141.354626,-0.094669229
460.721807,462509,462.504,2189,3789.979014,3.789979014,4141.354626,-0.084845574
460.722009,462559,462.554,2182,3764.035546,3.764035546,4141.354626,-0.091110063
460.722209,462609,462.604,2197,3819.863014,3.819863014,4141.354626,-0.077629578
460.748388,462659,462.654,2205,3850.0,3.85,4141.354626,-0.070352494
460.860601,462709,462.704,2197,3819.863014,3.819863014,4141.354626,-0.077629578
460.966488,462759,462.754,2188,3786.261143,3.786261143,4141.354626,-0.085743317
461.072707,462809,462.804,2172,3727.301092,3.727301092,4141.354626,-0.099980217
461.180394,462859,462.854,2176,3741.948932,3.741948932,4141.354626,-0.096443249
461.281512,462909,462.904,2181,3760.344828,3.760344828,4141.354626,-0.092001249
461.395111,462959,462.954,2180,3756.657963,3.756657963,4141.354626,-0.092891505
461.501139,463009,463.004,2192,3801.156069,3.801156069,4141.354626,-0.082146686
461.608015,463059,463.054,2185,3775.13089,3.77513089,4141.354626,-0.088430905
461.713892,463109,463.104,2183,3767.730126,3.767730126,4141.354626,-0.090217944
461.811333,463159,463.154,2197,3819.863014,3.819863014,4141.354626,-0.077629578
461.811546,463209,463.204,2191,3797.426471,3.797426471,4141.354626,-0.08304726
461.811743,463259,463.254,2213,3880.393199,3.880393199,4141.354626,-0.063013543
461.811946,463309,463.304,2197,3819.863014,3.819863014,4141.354626,-0.077629578
461.812147,463359,463.354,2187,3782.54717,3.78254717,4141.354626,-0.086640119
461.812341,463409,463.404,2182,3764.035546,3.764035546,4141.354626,-0.091110063
461.812537,463459,463.454,2184,3771.428571,3.771428571,4141.354626,-0.089324892
461.812731,463509,463.504,2186,3778.837087,3.778837087,4141.354626,-0.087535981
461.812963,463559,463.554,2184,3771.428571,3.771428571,4141.354626,-0.089324892
461.813157,463609,463.604,2189,3789.979014,3.789979014,4141.354626,-0.084845574
461.813354,463659,463.654,2186,3778.837087,3.778837087,4141.354626,-0.087535981
461.81355,463709,463.704,2171,3723.648649,3.723648649,4141.354626,-0.100862161
461.848342,463759,463.754,2208,3861.36725,3.86136725,4141.354626,-0.067607679
461.962374,463809,463.804,2195,3812.368421,3.812368421,4141.354626,-0.079439274
462.069482,463859,463.854,2218,3899.520511,3.899520511,4141.354626,-0.05839493
462.17962,463909,463.904,2217,3895.686901,3.895686901,4141.354626,-0.05932062
462.287272,463959,463.954,2196,3816.113744,3.816113744,4141.354626,-0.078534902
462.387198,464009,464.004,2188,3786.261143,3.786261143,4141.354626,-0.085743317
462.387434,464059,464.054,2192,3801.156069,3.801156069,4141.354626,-0.082146686
462.502212,464109,464.104,2185,3775.13089,3.77513089,4141.354626,-0.088430905
462.611111,464159,464.154,2181,3760.344828,3.760344828,4141.354626,-0.092001249
462.709271,464209,464.204,2192,3801.156069,3.801156069,4141.354626,-0.082146686
462.709488,464259,464.254,2167,3709.076763,3.709076763,4141.354626,-0.104380789
462.709689,464309,464.304,2183,3767.730126,3.767730126,4141.354626,-0.090217944
462.709892,464359,464.354,2182,3764.035546,3.764035546,4141.354626,-0.091110063
462.71009,464409,464.404,2201,3834.899683,3.834899683,4141.354626,-0.07399872
462.710283,464459,464.454,2209,3865.164369,3.865164369,4141.354626,-0.066690801
462.710477,464509,464.504,2192,3801.156069,3.801156069,4141.354626,-0.082146686
462.710669,464559,464.554,2195,3812.368421,3.812368421,4141.354626,-0.079439274
462.710867,464609,464.604,2180,3756.657963,3.756657963,4141.354626,-0.092891505
462.74832,464659,464.654,2176,3741.948932,3.741948932,4141.354626,-0.096443249
462.860959,464709,464.704,2179,3752.974948,3.752974948,4141.354626,-0.093780831
462.959888,464759,464.754,2175,3738.28125,3.73828125,4141.354626,-0.097328872
462.960102,464809,464.804,2179,3752.974948,3.752974948,4141.354626,-0.093780831
462.960301,464859,464.854,2187,3782.54717,3.78254717,4141.354626,-0.086640119
462.998374,464909,464.904,2185,3775.13089,3.77513089,4141.354626,-0.088430905
463.112778,464959,464.954,2186,3778.837087,3.778837087,4141.354626,-0.087535981
463.212182,465009,465.004,2192,3801.156069,3.801156069,4141.354626,-0.082146686
463.212393,465059,465.054,2206,3853.785071,3.853785071,4141.354626,-0.069438524
463.212589,465109,465.104,2203,3842.44186,3.84244186,4141.354626,-0.072177534
463.248352,465159,465.154,2194,3808.627038,3.808627038,4141.354626,-0.080342694
463.362952,465209,465.204,2203,3842.44186,3.84244186,4141.354626,-0.072177534
463.460853,465259,465.254,2195,3812.368421,3.812368421,4141.354626,-0.079439274
463.461065,465309,465.304,2193,3804.88959,3.80488959,4141.354626,-0.081245164
463.461262,465359,465.354,2186,3778.837087,3.778837087,4141.354626,-0.087535981
463.498318,465409,465.404,2198,3823.616236,3.823616236,4141.354626,-0.076723299
463.612054,465459,465.454,2188,3786.261143,3.786261143,4141.354626,-0.085743317
463.717864,465509,465.504,2180,3756.657963,3.756657963,4141.354626,-0.092891505
463.823711,465559,465.554,2177,3745.620438,3.745620438,4141.354626,-0.095556701
463.930559,465609,465.604,2204,3846.218932,3.846218932,4141.354626,-0.071265497
464.030359,465659,465.654,2185,3775.13089,3.77513089,4141.354626,-0.088430905
464.030571,465709,465.704,2210,3868.965517,3.868965517,4141.354626,-0.065772949
464.03077,465759,465.754,2177,3745.620438,3.745620438,4141.354626,-0.095556701
464.145288,465809,465.804,2197,3819.863014,3.819863014,4141.354626,-0.077629578
464.25254,465859,465.854,2205,3850.0,3.85,4141.354626,-0.070352494
464.362333,465909,465.904,2182,3764.035546,3.764035546,4141.354626,-0.091110063
464.469876,465959,465.954,2187,3782.54717,3.78254717,4141.354626,-0.086640119
464.570539,466009,466.004,2189,3789.979014,3.789979014,4141.354626,-0.084845574
464.686088,466059,466.054,2170,3720.0,3.72,4141.354626,-0.101743189
464.794284,466109,466.104,2188,3786.261143,3.786261143,4141.354626,-0.085743317
464.900848,466159,466.154,2182,3764.035546,3.764035546,4141.354626,-0.091110063
465.008714,466209,466.204,2187,3782.54717,3.78254717,4141.354626,-0.086640119
465.108265,466259,466.254,2204,3846.218932,3.846218932,4141.354626,-0.071265497
465.108479,466309,466.304,2203,3842.44186,3.84244186,4141.354626,-0.072177534
465.108676,466359,466.354,2219,3903.358209,3.903358209,4141.354626,-0.057468253
465.108871,466409,466.404,2204,3846.218932,3.846218932,4141.354626,-0.071265497
465.224264,466459,466.454,2180,3756.657963,3.756657963,4141.354626,-0.092891505
465.330787,466509,466.504,2191,3797.426471,3.797426471,4141.354626,-0.08304726
465.437005,466559,466.554,2183,3767.730126,3.767730126,4141.354626,-0.090217944
465.543854,466609,466.604,2209,3865.164369,3.865164369,4141.354626,-0.066690801
465.64329,466659,466.654,2184,3771.428571,3.771428571,4141.354626,-0.089324892
465.643515,466709,466.704,2178,3749.295775,3.749295775,4141.354626,-0.094669229
465.643713,466759,466.754,2197,3819.863014,3.819863014,4141.354626,-0.077629578
465.643908,466809,466.804,2189,3789.979014,3.789979014,4141.354626,-0.084845574
465.758315,466859,466.854,2175,3738.28125,3.73828125,4141.354626,-0.097328872
465.867797,466909,466.904,2223,3918.75,3.91875,4141.354626,-0.053751645
465.978381,466959,466.954,2198,3823.616236,3.823616236,4141.354626,-0.076723299
466.085907,467009,467.004,2203,3842.44186,3.84244186,4141.354626,-0.072177534
466.186112,467059,467.054,2170,3720.0,3.72,4141.354626,-0.101743189
466.304192,467109,467.104,2184,3771.428571,3.771428571,4141.354626,-0.089324892
466.411881,467159,467.154,2182,3764.035546,3.764035546,4141.354626,-0.091110063
466.5207,467209,467.204,2198,3823.616236,3.823616236,4141.354626,-0.076723299
466.628451,467259,467.254,2188,3786.261143,3.786261143,4141.354626,-0.085743317
466.730524,467309,467.304,2190,3793.700787,3.793700787,4141.354626,-0.083946889
466.844211,467359,467.354,2192,3801.156069,3.801156069,4141.354626,-0.082146686
466.951068,467409,467.404,2188,3786.261143,3.786261143,4141.354626,-0.085743317
467.058891,467459,467.454,2189,3789.979014,3.789979014,4141.354626,-0.084845574
467.165536,467509,467.504,2219,3903.358209,3.903358209,4141.354626,-0.057468253
467.26414,467559,467.554,2213,3880.393199,3.880393199,4141.354626,-0.063013543
467.26436,467609,467.604,2195,3812.368421,3.812368421,4141.354626,-0.079439274
467.264567,467659,467.654,2189,3789.979014,3.789979014,4141.354626,-0.084845574
467.264765,467709,467.704,2178,3749.295775,3.749295775,4141.354626,-0.094669229
467.264966,467759,467.754,2185,3775.13089,3.77513089,4141.354626,-0.088430905
467.265175,467809,467.804,2221,3911.045891,3.911045891,4141.354626,-0.055611933
467.265368,467859,467.854,2186,3778.837087,3.778837087,4141.354626,-0.087535981
467.265648,467909,467.904,2185,3775.13089,3.77513089,4141.354626,-0.088430905
467.385524,467959,467.954,2190,3793.700787,3.793700787,4141.354626,-0.083946889
467.49448,468009,468.004,2181,3760.344828,3.760344828,4141.354626,-0.092001249
467.602561,468059,468.054,2192,3801.156069,3.801156069,4141.354626,-0.082146686
467.710081,468109,468.104,2206,3853.785071,3.853785071,4141.354626,-0.069438524
467.810717,468159,468.154,2197,3819.863014,3.819863014,4141.354626,-0.077629578
467.925527,468209,468.204,2198,3823.616236,3.823616236,4141.354626,-0.076723299
468.032603,468259,468.254,2188,3786.261143,3.786261143,4141.354626,-0.085743317
468.14036,468309,468.304,2181,3760.344828,3.760344828,4141.354626,-0.092001249
468.24037,468359,468.354,2191,3797.426471,3.797426471,4141.354626,-0.08304726
468.349948,468409,468.404,2185,3775.13089,3.77513089,4141.354626,-0.088430905
468.463113,468459,468.454,2184,3771.428571,3.771428571,4141.354626,-0.089324892
468.569971,468509,468.504,2193,3804.88959,3.80488959,4141.354626,-0.081245164
468.676814,468559,468.554,2196,3816.113744,3.816113744,4141.354626,-0.078534902
468.782862,468609,468.604,2187,3782.54717,3.78254717,4141.354626,-0.086640119
468.887016,468659,468.654,2191,3797.426471,3.797426471,4141.354626,-0.08304726
469.003013,468709,468.704,2205,3850.0,3.85,4141.354626,-0.070352494
469.114154,468759,468.754,2201,3834.899683,3.834899683,4141.354626,-0.07399872
469.221068,468809,468.804,2202,3838.66878,3.83866878,4141.354626,-0.073088608
469.328012,468859,468.854,2189,3789.979014,3.789979014,4141.354626,-0.084845574
469.446016,468909,468.904,2173,3730.957336,3.730957336,4141.354626,-0.099097355
469.563403,468959,468.954,2186,3778.837087,3.778837087,4141.354626,-0.087535981
469.67038,469009,469.004,2189,3789.979014,3.789979014,4141.354626,-0.084845574
469.776046,469059,469.054,2195,3812.368421,3.812368421,4141.354626,-0.079439274
469.882778,469109,469.104,2201,3834.899683,3.834899683,4141.354626,-0.07399872
469.989087,469159,469.154,2194,3808.627038,3.808627038,4141.354626,-0.080342694
470.110688,469209,469.204,2178,3749.295775,3.749295775,4141.354626,-0.094669229
470.219292,469259,469.254,2202,3838.66878,3.83866878,4141.354626,-0.073088608
470.330189,469309,469.304,2182,3764.035546,3.764035546,4141.354626,-0.091110063
470.438234,469359,469.354,2213,3880.393199,3.880393199,4141.354626,-0.063013543
470.539041,469409,469.404,2209,3865.164369,3.865164369,4141.354626,-0.066690801
470.655779,469459,469.454,2169,3716.35514,3.71635514,4141.354626,-0.102623302
470.765127,469509,469.504,2176,3741.948932,3.741948932,4141.354626,-0.096443249
470.872564,469559,469.554,2178,3749.295775,3.749295775,4141.354626,-0.094669229
470.979678,469609,469.604,2205,3850.0,3.85,4141.354626,-0.070352494
471.080366,469659,469.654,2183,3767.730126,3.767730126,4141.354626,-0.090217944
471.197509,469709,469.704,2180,3756.657963,3.756657963,4141.354626,-0.092891505
471.305044,469759,469.754,2191,3797.426471,3.797426471,4141.354626,-0.08304726
471.412196,469809,469.804,2181,3760.344828,3.760344828,4141.354626,-0.092001249
471.521181,469859,469.854,2197,3819.863014,3.819863014,4141.354626,-0.077629578
471.624482,469909,469.904,2198,3823.616236,3.823616236,4141.354626,-0.076723299
471.74011,469959,469.954,2199,3827.373418,3.827373418,4141.354626,-0.075816064
471.848506,470009,470.004,2202,3838.66878,3.83866878,4141.354626,-0.073088608
471.955334,470059,470.054,2191,3797.426471,3.797426471,4141.354626,-0.08304726
472.063963,470109,470.104,2187,3782.54717,3.78254717,4141.354626,-0.086640119
472.163372,470159,470.154,2184,3771.428571,3.771428571,4141.354626,-0.089324892
472.163605,470209,470.204,2183,3767.730126,3.767730126,4141.354626,-0.090217944
472.163806,470259,470.254,2193,3804.88959,3.80488959,4141.354626,-0.081245164
472.16402,470309,470.304,2201,3834.899683,3.834899683,4141.354626,-0.07399872
472.27705,470359,470.354,2182,3764.035546,3.764035546,4141.354626,-0.091110063
472.383604,470409,470.404,2174,3734.617387,3.734617387,4141.354626,-0.098213574
472.492313,470459,470.454,2197,3819.863014,3.819863014,4141.354626,-0.077629578
472.600182,470509,470.504,2174,3734.617387,3.734617387,4141.354626,-0.098213574
472.700254,470559,470.554,2212,3876.579926,3.876579926,4141.354626,-0.063934322
472.815356,470609,470.604,2184,3771.428571,3.771428571,4141.354626,-0.089324892
472.915035,470659,470.654,2203,3842.44186,3.84244186,4141.354626,-0.072177534
472.915248,470709,470.704,2202,3838.66878,3.83866878,4141.354626,-0.073088608
472.915454,470759,470.754,2185,3775.13089,3.77513089,4141.354626,-0.088430905
473.032411,470809,470.804,2185,3775.13089,3.77513089,4141.354626,-0.088430905
473.138715,470859,470.854,2172,3727.301092,3.727301092,4141.354626,-0.099980217
473.238877,470909,470.904,2195,3812.368421,3.812368421,4141.354626,-0.079439274
473.350199,470959,470.954,2193,3804.88959,3.80488959,4141.354626,-0.081245164
473.464505,471009,471.004,2191,3797.426471,3.797426471,4141.354626,-0.08304726
473.571269,471059,471.054,2182,3764.035546,3.764035546,4141.354626,-0.091110063
473.678724,471109,471.104,2180,3756.657963,3.756657963,4141.354626,-0.092891505
473.778202,471159,471.154,2213,3880.393199,3.880393199,4141.354626,-0.063013543
473.778413,471209,471.204,2216,3891.857371,3.891857371,4141.354626,-0.060245325
473.778621,471259,471.254,2190,3793.700787,3.793700787,4141.354626,-0.083946889
473.778816,471309,471.304,2192,3801.156069,3.801156069,4141.354626,-0.082146686
473.893288,471359,471.354,2182,3764.035546,3.764035546,4141.354626,-0.091110063
474.009616,471409,471.404,2173,3730.957336,3.730957336,4141.354626,-0.099097355
474.146386,471459,471.454,2176,3741.948932,3.741948932,4141.354626,-0.096443249
474.274044,471509,471.504,2201,3834.899683,3.834899683,4141.354626,-0.07399872
474.402152,471559,471.554,2184,3771.428571,3.771428571,4141.354626,-0.089324892
474.533119,471609,471.604,2190,3793.700787,3.793700787,4141.354626,-0.083946889
474.642125,471659,471.654,2185,3775.13089,3.77513089,4141.354626,-0.088430905
474.750563,471709,471.704,2194,3808.627038,3.808627038,4141.354626,-0.080342694
474.861647,471759,471.754,2208,3861.36725,3.86136725,4141.354626,-0.067607679
474.962303,471809,471.804,2189,3789.979014,3.789979014,4141.354626,-0.084845574
475.083953,471859,471.854,2192,3801.156069,3.801156069,4141.354626,-0.082146686
475.195785,471909,471.904,2186,3778.837087,3.778837087,4141.354626,-0.087535981
475.304677,471959,471.954,2177,3745.620438,3.745620438,4141.354626,-0.095556701
475.412397,472009,472.004,2188,3786.261143,3.786261143,4141.354626,-0.085743317
475.51487,472059,472.054,2184,3771.428571,3.771428571,4141.354626,-0.089324892
475.631469,472109,472.104,2182,3764.035546,3.764035546,4141.354626,-0.091110063
475.738098,472159,472.154,2191,3797.426471,3.797426471,4141.354626,-0.08304726
475.845524,472209,472.204,2189,3789.979014,3.789979014,4141.354626,-0.084845574
475.952839,472259,472.254,2195,3812.368421,3.812368421,4141.354626,-0.079439274
476.054314,472309,472.304,2193,3804.88959,3.80488959,4141.354626,-0.081245164
476.168149,472359,472.354,2194,3808.627038,3.808627038,4141.354626,-0.080342694
476.276523,472409,472.404,2211,3872.770701,3.872770701,4141.354626,-0.064854124
476.383225,472459,472.454,2199,3827.373418,3.827373418,4141.354626,-0.075816064
476.491113,472509,472.504,2185,3775.13089,3.77513089,4141.354626,-0.088430905
476.592047,472559,472.554,2189,3789.979014,3.789979014,4141.354626,-0.084845574
476.706028,472609,472.604,2179,3752.974948,3.752974948,4141.354626,-0.093780831
476.81226,472659,472.654,2194,3808.627038,3.808627038,4141.354626,-0.080342694
476.919732,472709,472.704,2195,3812.368421,3.812368421,4141.354626,-0.079439274
477.028072,472759,472.754,2194,3808.627038,3.808627038,4141.354626,-0.080342694
477.129009,472809,472.804,2196,3816.113744,3.816113744,4141.354626,-0.078534902
477.244072,472859,472.854,2187,3782.54717,3.78254717,4141.354626,-0.086640119
477.353614,472909,472.904,2197,3819.863014,3.819863014,4141.354626,-0.077629578
477.460876,472959,472.954,2199,3827.373418,3.827373418,4141.354626,-0.075816064
477.569148,473009,473.004,2216,3891.857371,3.891857371,4141.354626,-0.060245325
477.669544,473059,473.054,2188,3786.261143,3.786261143,4141.354626,-0.085743317
477.784588,473109,473.104,2196,3816.113744,3.816113744,4141.354626,-0.078534902
477.893304,473159,473.154,2190,3793.700787,3.793700787,4141.354626,-0.083946889
477.993786,473209,473.204,2179,3752.974948,3.752974948,4141.354626,-0.093780831
478.109124,473259,473.254,2191,3797.426471,3.797426471,4141.354626,-0.08304726
478.210133,473309,473.304,2182,3764.035546,3.764035546,4141.354626,-0.091110063
478.327163,473359,473.354,2188,3786.261143,3.786261143,4141.354626,-0.085743317
478.437498,473409,473.404,2197,3819.863014,3.819863014,4141.354626,-0.077629578
478.538881,473459,473.454,2206,3853.785071,3.853785071,4141.354626,-0.069438524
478.655321,473509,473.504,2202,3838.66878,3.83866878,4141.354626,-0.073088608
478.755698,473559,473.554,2191,3797.426471,3.797426471,4141.354626,-0.08304726
478.872561,473609,473.604,2217,3895.686901,3.895686901,4141.354626,-0.05932062
478.98095,473659,473.654,2203,3842.44186,3.84244186,4141.354626,-0.072177534
479.090064,473709,473.704,2202,3838.66878,3.83866878,4141.354626,-0.073088608
479.197355,473759,473.754,2190,3793.700787,3.793700787,4141.354626,-0.083946889
479.298599,473809,473.804,2172,3727.301092,3.727301092,4141.354626,-0.099980217
479.413778,473859,473.854,2186,3778.837087,3.778837087,4141.354626,-0.087535981
479.526447,473909,473.904,2189,3789.979014,3.789979014,4141.354626,-0.084845574
479.634581,473959,473.954,2195,3812.368421,3.812368421,4141.354626,-0.079439274
479.743062,474009,474.004,2187,3782.54717,3.78254717,4141.354626,-0.086640119
479.84407,474059,474.054,2192,3801.156069,3.801156069,4141.354626,-0.082146686
479.961082,474109,474.104,2204,3846.218932,3.846218932,4141.354626,-0.071265497
480.070886,474159,474.154,2197,3819.863014,3.819863014,4141.354626,-0.077629578
480.178163,474209,474.204,2212,3876.579926,3.876579926,4141.354626,-0.063934322
480.286341,474259,474.254,2195,3812.368421,3.812368421,4141.354626,-0.079439274
480.38829,474309,474.304,2197,3819.863014,3.819863014,4141.354626,-0.077629578
480.502971,474359,474.354,2195,3812.368421,3.812368421,4141.354626,-0.079439274
480.612552,474409,474.404,2185,3775.13089,3.77513089,4141.354626,-0.088430905
480.720035,474459,474.454,2186,3778.837087,3.778837087,4141.354626,-0.087535981
480.829068,474509,474.504,2177,3745.620438,3.745620438,4141.354626,-0.095556701
480.928535,474559,474.554,2194,3808.627038,3.808627038,4141.354626,-0.080342694
480.928745,474609,474.604,2195,3812.368421,3.812368421,4141.354626,-0.079439274
480.928952,474659,474.654,2197,3819.863014,3.819863014,4141.354626,-0.077629578
480.929147,474709,474.704,2194,3808.627038,3.808627038,4141.354626,-0.080342694
481.045388,474759,474.754,2191,3797.426471,3.797426471,4141.354626,-0.08304726
481.153515,474809,474.804,2205,3850.0,3.85,4141.354626,-0.070352494
481.261583,474859,474.854,2200,3831.134565,3.831134565,4141.354626,-0.074907872
481.371686,474909,474.904,2196,3816.113744,3.816113744,4141.354626,-0.078534902
481.472716,474959,474.954,2189,3789.979014,3.789979014,4141.354626,-0.084845574
481.589451,475009,475.004,2171,3723.648649,3.723648649,4141.354626,-0.100862161
481.697188,475059,475.054,2190,3793.700787,3.793700787,4141.354626,-0.083946889
481.805698,475109,475.104,2191,3797.426471,3.797426471,4141.354626,-0.08304726
481.912879,475159,475.154,2200,3831.134565,3.831134565,4141.354626,-0.074907872
482.014803,475209,475.204,2188,3786.261143,3.786261143,4141.354626,-0.085743317
482.129868,475259,475.254,2191,3797.426471,3.797426471,4141.354626,-0.08304726
482.237366,475309,475.304,2192,3801.156069,3.801156069,4141.354626,-0.082146686
482.344821,475359,475.354,2189,3789.979014,3.789979014,4141.354626,-0.084845574
482.453051,475409,475.404,2206,3853.785071,3.853785071,4141.354626,-0.069438524
482.55489,475459,475.454,2192,3801.156069,3.801156069,4141.354626,-0.082146686
482.668656,475509,475.504,2190,3793.700787,3.793700787,4141.354626,-0.083946889
482.776731,475559,475.554,2192,3801.156069,3.801156069,4141.354626,-0.082146686
482.884873,475609,475.604,2182,3764.035546,3.764035546,4141.354626,-0.091110063
482.993653,475659,475.654,2188,3786.261143,3.786261143,4141.354626,-0.085743317
483.094962,475709,475.704,2194,3808.627038,3.808627038,4141.354626,-0.080342694
483.208917,475759,475.754,2183,3767.730126,3.767730126,4141.354626,-0.090217944
483.315668,475809,475.804,2193,3804.88959,3.80488959,4141.354626,-0.081245164
483.424063,475859,475.854,2197,3819.863014,3.819863014,4141.354626,-0.077629578
483.53452,475909,475.904,2195,3812.368421,3.812368421,4141.354626,-0.079439274
483.636375,475959,475.954,2203,3842.44186,3.84244186,4141.354626,-0.072177534
483.752395,476009,476.004,2197,3819.863014,3.819863014,4141.354626,-0.077629578
483.860122,476059,476.054,2197,3819.863014,3.819863014,4141.354626,-0.077629578
483.968244,476109,476.104,2202,3838.66878,3.83866878,4141.354626,-0.073088608
484.077569,476159,476.154,2194,3808.627038,3.808627038,4141.354626,-0.080342694
484.178163,476209,476.204,2190,3793.700787,3.793700787,4141.354626,-0.083946889
484.293449,476259,476.254,2174,3734.617387,3.734617387,4141.354626,-0.098213574
484.401311,476309,476.304,2189,3789.979014,3.789979014,4141.354626,-0.084845574
484.509591,476359,476.354,2187,3782.54717,3.78254717,4141.354626,-0.086640119
484.619921,476409,476.404,2192,3801.156069,3.801156069,4141.354626,-0.082146686
484.720255,476459,476.454,2190,3793.700787,3.793700787,4141.354626,-0.083946889
484.833552,476509,476.504,2189,3789.979014,3.789979014,4141.354626,-0.084845574
484.940938,476559,476.554,2196,3816.113744,3.816113744,4141.354626,-0.078534902
485.049004,476609,476.604,2201,3834.899683,3.834899683,4141.354626,-0.07399872
485.157429,476659,476.654,2210,3868.965517,3.868965517,4141.354626,-0.065772949
485.258214,476709,476.704,2194,3808.627038,3.808627038,4141.354626,-0.080342694
485.374386,476759,476.754,2200,3831.134565,3.831134565,4141.354626,-0.074907872
485.48134,476809,476.804,2189,3789.979014,3.789979014,4141.354626,-0.084845574
485.589324,476859,476.854,2188,3786.261143,3.786261143,4141.354626,-0.085743317
485.698551,476909,476.904,2191,3797.426471,3.797426471,4141.354626,-0.08304726
485.800095,476959,476.954,2187,3782.54717,3.78254717,4141.354626,-0.086640119
485.915539,477009,477.004,2189,3789.979014,3.789979014,4141.354626,-0.084845574
486.022624,477059,477.054,2204,3846.218932,3.846218932,4141.354626,-0.071265497
486.131178,477109,477.104,2190,3793.700787,3.793700787,4141.354626,-0.083946889
486.23808,477159,477.154,2189,3789.979014,3.789979014,4141.354626,-0.084845574
486.338138,477209,477.204,2200,3831.134565,3.831134565,4141.354626,-0.074907872
486.453328,477259,477.254,2201,3834.899683,3.834899683,4141.354626,-0.07399872
486.562978,477309,477.304,2200,3831.134565,3.831134565,4141.354626,-0.074907872
486.670977,477359,477.354,2185,3775.13089,3.77513089,4141.354626,-0.088430905
486.777612,477409,477.404,2186,3778.837087,3.778837087,4141.354626,-0.087535981
486.87769,477459,477.454,2174,3734.617387,3.734617387,4141.354626,-0.098213574
486.992051,477509,477.504,2180,3756.657963,3.756657963,4141.354626,-0.092891505
487.09955,477559,477.554,2183,3767.730126,3.767730126,4141.354626,-0.090217944
487.207864,477609,477.604,2193,3804.88959,3.80488959,4141.354626,-0.081245164
487.314677,477659,477.654,2200,3831.134565,3.831134565,4141.354626,-0.074907872
487.41352,477709,477.704,2185,3775.13089,3.77513089,4141.354626,-0.088430905
487.413745,477759,477.754,2177,3745.620438,3.745620438,4141.354626,-0.095556701
487.413947,477809,477.804,2193,3804.88959,3.80488959,4141.354626,-0.081245164
487.41414,477859,477.854,2206,3853.785071,3.853785071,4141.354626,-0.069438524
487.414418,477909,477.904,2183,3767.730126,3.767730126,4141.354626,-0.090217944
487.414612,477959,477.954,2180,3756.657963,3.756657963,4141.354626,-0.092891505
487.414818,478009,478.004,2191,3797.426471,3.797426471,4141.354626,-0.08304726
487.531897,478059,478.054,2170,3720.0,3.72,4141.354626,-0.101743189
487.640307,478109,478.104,2194,3808.627038,3.808627038,4141.354626,-0.080342694
487.747606,478159,478.154,2186,3778.837087,3.778837087,4141.354626,-0.087535981
487.855726,478209,478.204,2155,3665.721649,3.665721649,4141.354626,-0.114849613
487.955898,478259,478.254,2193,3804.88959,3.80488959,4141.354626,-0.081245164
488.073811,478309,478.304,2199,3827.373418,3.827373418,4141.354626,-0.075816064
488.174029,478359,478.354,2194,3808.627038,3.808627038,4141.354626,-0.080342694
488.290469,478409,478.404,2194,3808.627038,3.808627038,4141.354626,-0.080342694
488.397774,478459,478.454,2212,3876.579926,3.876579926,4141.354626,-0.063934322
488.498045,478509,478.504,2198,3823.616236,3.823616236,4141.354626,-0.076723299
488.614873,478559,478.554,2191,3797.426471,3.797426471,4141.354626,-0.08304726
488.715891,478609,478.604,2182,3764.035546,3.764035546,4141.354626,-0.091110063
488.829123,478659,478.654,2168,3712.714063,3.712714063,4141.354626,-0.103502501
488.936099,478709,478.704,2178,3749.295775,3.749295775,4141.354626,-0.094669229
489.036423,478759,478.754,2186,3778.837087,3.778837087,4141.354626,-0.087535981
489.15068,478809,478.804,2198,3823.616236,3.823616236,4141.354626,-0.076723299
489.260247,478859,478.854,2185,3775.13089,3.77513089,4141.354626,-0.088430905
489.369362,478909,478.904,2192,3801.156069,3.801156069,4141.354626,-0.082146686
489.47808,478959,478.954,2176,3741.948932,3.741948932,4141.354626,-0.096443249
489.57965,479009,479.004,2203,3842.44186,3.84244186,4141.354626,-0.072177534
489.695907,479059,479.054,2209,3865.164369,3.865164369,4141.354626,-0.066690801
489.805802,479109,479.104,2192,3801.156069,3.801156069,4141.354626,-0.082146686
489.914598,479159,479.154,2206,3853.785071,3.853785071,4141.354626,-0.069438524
490.022263,479209,479.204,2195,3812.368421,3.812368421,4141.354626,-0.079439274
490.122979,479259,479.254,2183,3767.730126,3.767730126,4141.354626,-0.090217944
490.238865,479309,479.304,2188,3786.261143,3.786261143,4141.354626,-0.085743317
490.346251,479359,479.354,2181,3760.344828,3.760344828,4141.354626,-0.092001249
490.455687,479409,479.404,2182,3764.035546,3.764035546,4141.354626,-0.091110063
490.564871,479459,479.454,2185,3775.13089,3.77513089,4141.354626,-0.088430905
490.665273,479509,479.504,2185,3775.13089,3.77513089,4141.354626,-0.088430905
490.77902,479559,479.554,2193,3804.88959,3.80488959,4141.354626,-0.081245164
490.886684,479609,479.604,2193,3804.88959,3.80488959,4141.354626,-0.081245164
490.993279,479659,479.654,2184,3771.428571,3.771428571,4141.354626,-0.089324892
491.100908,479709,479.704,2204,3846.218932,3.846218932,4141.354626,-0.071265497
491.200878,479759,479.754,2199,3827.373418,3.827373418,4141.354626,-0.075816064
491.201089,479809,479.804,2186,3778.837087,3.778837087,4141.354626,-0.087535981
491.316795,479859,479.854,2185,3775.13089,3.77513089,4141.354626,-0.088430905
491.429915,479909,479.904,2183,3767.730126,3.767730126,4141.354626,-0.090217944
491.539901,479959,479.954,2184,3771.428571,3.771428571,4141.354626,-0.089324892
491.647513,480009,480.004,2198,3823.616236,3.823616236,4141.354626,-0.076723299
491.748053,480059,480.054,2193,3804.88959,3.80488959,4141.354626,-0.081245164
491.86721,480109,480.104,2189,3789.979014,3.789979014,4141.354626,-0.084845574
491.976506,480159,480.154,2176,3741.948932,3.741948932,4141.354626,-0.096443249
492.08388,480209,480.204,2192,3801.156069,3.801156069,4141.354626,-0.082146686
492.191916,480259,480.254,2192,3801.156069,3.801156069,4141.354626,-0.082146686
492.292379,480309,480.304,2205,3850.0,3.85,4141.354626,-0.070352494
492.407793,480359,480.354,2194,3808.627038,3.808627038,4141.354626,-0.080342694
492.517522,480409,480.404,2193,3804.88959,3.80488959,4141.354626,-0.081245164
492.625509,480459,480.454,2192,3801.156069,3.801156069,4141.354626,-0.082146686
492.731778,480509,480.504,2188,3786.261143,3.786261143,4141.354626,-0.085743317
492.831151,480559,480.554,2191,3797.426471,3.797426471,4141.354626,-0.08304726
492.831361,480609,480.604,2181,3760.344828,3.760344828,4141.354626,-0.092001249
492.831579,480659,480.654,2184,3771.428571,3.771428571,4141.354626,-0.089324892
492.831773,480709,480.704,2184,3771.428571,3.771428571,4141.354626,-0.089324892
492.831987,480759,480.754,2188,3786.261143,3.786261143,4141.354626,-0.085743317
492.9448,480809,480.804,2188,3786.261143,3.786261143,4141.354626,-0.085743317
493.051587,480859,480.854,2197,3819.863014,3.819863014,4141.354626,-0.077629578
493.162604,480909,480.904,2201,3834.899683,3.834899683,4141.354626,-0.07399872
493.263087,480959,480.954,2205,3850.0,3.85,4141.354626,-0.070352494
493.371649,481009,481.004,2190,3793.700787,3.793700787,4141.354626,-0.083946889
493.486987,481059,481.054,2170,3720.0,3.72,4141.354626,-0.101743189
493.594871,481109,481.104,2171,3723.648649,3.723648649,4141.354626,-0.100862161
493.701761,481159,481.154,2182,3764.035546,3.764035546,4141.354626,-0.091110063
493.801209,481209,481.204,2206,3853.785071,3.853785071,4141.354626,-0.069438524
493.801422,481259,481.254,2202,3838.66878,3.83866878,4141.354626,-0.073088608
493.801618,481309,481.304,2177,3745.620438,3.745620438,4141.354626,-0.095556701
493.801819,481359,481.354,2178,3749.295775,3.749295775,4141.354626,-0.094669229
493.90877,481409,481.404,2183,3767.730126,3.767730126,4141.354626,-0.090217944
494.022392,481459,481.454,2172,3727.301092,3.727301092,4141.354626,-0.099980217
494.129773,481509,481.504,2206,3853.785071,3.853785071,4141.354626,-0.069438524
494.239128,481559,481.554,2184,3771.428571,3.771428571,4141.354626,-0.089324892
494.346089,481609,481.604,2192,3801.156069,3.801156069,4141.354626,-0.082146686
494.444631,481659,481.654,2198,3823.616236,3.823616236,4141.354626,-0.076723299
494.444841,481709,481.704,2183,3767.730126,3.767730126,4141.354626,-0.090217944
494.445037,481759,481.754,2192,3801.156069,3.801156069,4141.354626,-0.082146686
494.445237,481809,481.804,2179,3752.974948,3.752974948,4141.354626,-0.093780831
494.445432,481859,481.854,2171,3723.648649,3.723648649,4141.354626,-0.100862161
494.445695,481909,481.904,2180,3756.657963,3.756657963,4141.354626,-0.092891505
494.44589,481959,481.954,2198,3823.616236,3.823616236,4141.354626,-0.076723299
494.446113,482009,482.004,2186,3778.837087,3.778837087,4141.354626,-0.087535981
494.564894,482059,482.054,2186,3778.837087,3.778837087,4141.354626,-0.087535981
494.673718,482109,482.104,2210,3868.965517,3.868965517,4141.354626,-0.065772949
494.783097,482159,482.154,2208,3861.36725,3.86136725,4141.354626,-0.067607679
494.894126,482209,482.204,2209,3865.164369,3.865164369,4141.354626,-0.066690801
494.995272,482259,482.254,2197,3819.863014,3.819863014,4141.354626,-0.077629578
495.110523,482309,482.304,2184,3771.428571,3.771428571,4141.354626,-0.089324892
495.219464,482359,482.354,2184,3771.428571,3.771428571,4141.354626,-0.089324892
495.327787,482409,482.404,2194,3808.627038,3.808627038,4141.354626,-0.080342694
495.434619,482459,482.454,2197,3819.863014,3.819863014,4141.354626,-0.077629578
495.535422,482509,482.504,2187,3782.54717,3.78254717,4141.354626,-0.086640119
495.650784,482559,482.554,2198,3823.616236,3.823616236,4141.354626,-0.076723299
495.759635,482609,482.604,2178,3749.295775,3.749295775,4141.354626,-0.094669229
495.866284,482659,482.654,2192,3801.156069,3.801156069,4141.354626,-0.082146686
495.974389,482709,482.704,2198,3823.616236,3.823616236,4141.354626,-0.076723299
496.075663,482759,482.754,2201,3834.899683,3.834899683,4141.354626,-0.07399872
496.190423,482809,482.804,2189,3789.979014,3.789979014,4141.354626,-0.084845574
496.297773,482859,482.854,2205,3850.0,3.85,4141.354626,-0.070352494
496.408132,482909,482.904,2188,3786.261143,3.786261143,4141.354626,-0.085743317
496.517482,482959,482.954,2186,3778.837087,3.778837087,4141.354626,-0.087535981
496.618193,483009,483.004,2195,3812.368421,3.812368421,4141.354626,-0.079439274
496.733226,483059,483.054,2181,3760.344828,3.760344828,4141.354626,-0.092001249
496.842262,483109,483.104,2190,3793.700787,3.793700787,4141.354626,-0.083946889
496.949221,483159,483.154,2181,3760.344828,3.760344828,4141.354626,-0.092001249
497.058889,483209,483.204,2198,3823.616236,3.823616236,4141.354626,-0.076723299
497.159277,483259,483.254,2188,3786.261143,3.786261143,4141.354626,-0.085743317
497.274087,483309,483.304,2207,3857.574153,3.857574153,4141.354626,-0.068523587
497.38163,483359,483.354,2202,3838.66878,3.83866878,4141.354626,-0.073088608
497.490131,483409,483.404,2200,3831.134565,3.831134565,4141.354626,-0.074907872
497.597923,483459,483.454,2188,3786.261143,3.786261143,4141.354626,-0.085743317
497.698884,483509,483.504,2189,3789.979014,3.789979014,4141.354626,-0.084845574
497.814249,483559,483.554,2182,3764.035546,3.764035546,4141.354626,-0.091110063
497.921367,483609,483.604,2189,3789.979014,3.789979014,4141.354626,-0.084845574
498.027941,483659,483.654,2195,3812.368421,3.812368421,4141.354626,-0.079439274
498.136055,483709,483.704,2193,3804.88959,3.80488959,4141.354626,-0.081245164
498.236414,483759,483.754,2197,3819.863014,3.819863014,4141.354626,-0.077629578
498.343081,483809,483.804,2196,3816.113744,3.816113744,4141.354626,-0.078534902
498.457359,483859,483.854,2179,3752.974948,3.752974948,4141.354626,-0.093780831
498.566984,483909,483.904,2214,3884.210526,3.884210526,4141.354626,-0.062091785
498.677422,483959,483.954,2211,3872.770701,3.872770701,4141.354626,-0.064854124
498.778905,484009,484.004,2206,3853.785071,3.853785071,4141.354626,-0.069438524
498.887863,484059,484.054,2187,3782.54717,3.78254717,4141.354626,-0.086640119
499.004259,484109,484.104,2193,3804.88959,3.80488959,4141.354626,-0.081245164
499.112162,484159,484.154,2195,3812.368421,3.812368421,4141.354626,-0.079439274
499.218809,484209,484.204,2196,3816.113744,3.816113744,4141.354626,-0.078534902
499.318566,484259,484.254,2185,3775.13089,3.77513089,4141.354626,-0.088430905
499.3188,484309,484.304,2160,3683.72093,3.68372093,4141.354626,-0.110503383
499.319004,484359,484.354,2191,3797.426471,3.797426471,4141.354626,-0.08304726
499.432545,484409,484.404,2194,3808.627038,3.808627038,4141.354626,-0.080342694
499.541447,484459,484.454,2185,3775.13089,3.77513089,4141.354626,-0.088430905
499.649743,484509,484.504,2199,3827.373418,3.827373418,4141.354626,-0.075816064
499.757992,484559,484.554,2209,3865.164369,3.865164369,4141.354626,-0.066690801
499.85774,484609,484.604,2200,3831.134565,3.831134565,4141.354626,-0.074907872
499.857963,484659,484.654,2197,3819.863014,3.819863014,4141.354626,-0.077629578
499.858163,484709,484.704,2186,3778.837087,3.778837087,4141.354626,-0.087535981
499.973589,484759,484.754,2170,3720.0,3.72,4141.354626,-0.101743189
500.082652,484809,484.804,2161,3687.331954,3.687331954,4141.354626,-0.10963144
500.192041,484859,484.854,2185,3775.13089,3.77513089,4141.354626,-0.088430905
500.302185,484909,484.904,2189,3789.979014,3.789979014,4141.354626,-0.084845574
500.404837,484959,484.954,2203,3842.44186,3.84244186,4141.354626,-0.072177534
500.521915,485009,485.004,2188,3786.261143,3.786261143,4141.354626,-0.085743317
500.631961,485059,485.054,2185,3775.13089,3.77513089,4141.354626,-0.088430905
500.740267,485109,485.104,2190,3793.700787,3.793700787,4141.354626,-0.083946889
500.848047,485159,485.154,2195,3812.368421,3.812368421,4141.354626,-0.079439274
500.948736,485209,485.204,2194,3808.627038,3.808627038,4141.354626,-0.080342694
501.065564,485259,485.254,2197,3819.863014,3.819863014,4141.354626,-0.077629578
501.173913,485309,485.304,2191,3797.426471,3.797426471,4141.354626,-0.08304726
501.284177,485359,485.354,2189,3789.979014,3.789979014,4141.354626,-0.084845574
501.394852,485409,485.404,2184,3771.428571,3.771428571,4141.354626,-0.089324892
501.496456,485459,485.454,2184,3771.428571,3.771428571,4141.354626,-0.089324892
501.612107,485509,485.504,2181,3760.344828,3.760344828,4141.354626,-0.092001249
501.72014,485559,485.554,2186,3778.837087,3.778837087,4141.354626,-0.087535981
501.828976,485609,485.604,2193,3804.88959,3.80488959,4141.354626,-0.081245164
501.937937,485659,485.654,2208,3861.36725,3.86136725,4141.354626,-0.067607679
502.039515,485709,485.704,2189,3789.979014,3.789979014,4141.354626,-0.084845574
502.15625,485759,485.754,2208,3861.36725,3.86136725,4141.354626,-0.067607679
502.26489,485809,485.804,2199,3827.373418,3.827373418,4141.354626,-0.075816064
502.371918,485859,485.854,2194,3808.627038,3.808627038,4141.354626,-0.080342694
502.482654,485909,485.904,2161,3687.331954,3.687331954,4141.354626,-0.10963144
502.58717,485959,485.954,2179,3752.974948,3.752974948,4141.354626,-0.093780831
502.703332,486009,486.004,2177,3745.620438,3.745620438,4141.354626,-0.095556701
502.813216,486059,486.054,2180,3756.657963,3.756657963,4141.354626,-0.092891505
502.921787,486109,486.104,2199,3827.373418,3.827373418,4141.354626,-0.075816064
503.030932,486159,486.154,2197,3819.863014,3.819863014,4141.354626,-0.077629578
503.131861,486209,486.204,2179,3752.974948,3.752974948,4141.354626,-0.093780831
503.247412,486259,486.254,2198,3823.616236,3.823616236,4141.354626,-0.076723299
503.355852,486309,486.304,2189,3789.979014,3.789979014,4141.354626,-0.084845574
503.461742,486359,486.354,2215,3888.031915,3.888031915,4141.354626,-0.061169046
503.577807,486409,486.404,2199,3827.373418,3.827373418,4141.354626,-0.075816064
503.680829,486459,486.454,2198,3823.616236,3.823616236,4141.354626,-0.076723299
503.796174,486509,486.504,2183,3767.730126,3.767730126,4141.354626,-0.090217944
503.904511,486559,486.554,2185,3775.13089,3.77513089,4141.354626,-0.088430905
504.007364,486609,486.604,2199,3827.373418,3.827373418,4141.354626,-0.075816064
504.124635,486659,486.654,2187,3782.54717,3.78254717,4141.354626,-0.086640119
504.226719,486709,486.704,2190,3793.700787,3.793700787,4141.354626,-0.083946889
504.342405,486759,486.754,2168,3712.714063,3.712714063,4141.354626,-0.103502501
504.450829,486809,486.804,2190,3793.700787,3.793700787,4141.354626,-0.083946889
504.562445,486859,486.854,2185,3775.13089,3.77513089,4141.354626,-0.088430905
504.673172,486909,486.904,2185,3775.13089,3.77513089,4141.354626,-0.088430905
504.774976,486959,486.954,2207,3857.574153,3.857574153,4141.354626,-0.068523587
504.893185,487009,487.004,2217,3895.686901,3.895686901,4141.354626,-0.05932062
505.003098,487059,487.054,2212,3876.579926,3.876579926,4141.354626,-0.063934322
505.114143,487109,487.104,2202,3838.66878,3.83866878,4141.354626,-0.073088608
505.229073,487159,487.154,2175,3738.28125,3.73828125,4141.354626,-0.097328872
505.331865,487209,487.204,2170,3720.0,3.72,4141.354626,-0.101743189
505.448124,487259,487.254,2192,3801.156069,3.801156069,4141.354626,-0.082146686
505.557873,487309,487.304,2186,3778.837087,3.778837087,4141.354626,-0.087535981
505.666772,487359,487.354,2183,3767.730126,3.767730126,4141.354626,-0.090217944
505.776856,487409,487.404,2178,3749.295775,3.749295775,4141.354626,-0.094669229
505.878338,487459,487.454,2193,3804.88959,3.80488959,4141.354626,-0.081245164
505.996698,487509,487.504,2194,3808.627038,3.808627038,4141.354626,-0.080342694
506.106409,487559,487.554,2200,3831.134565,3.831134565,4141.354626,-0.074907872
506.215698,487609,487.604,2235,3965.322581,3.965322581,4141.354626,-0.042505909
506.326204,487659,487.654,2202,3838.66878,3.83866878,4141.354626,-0.073088608
506.427798,487709,487.704,2190,3793.700787,3.793700787,4141.354626,-0.083946889
506.544333,487759,487.754,2189,3789.979014,3.789979014,4141.354626,-0.084845574
506.653084,487809,487.804,2196,3816.113744,3.816113744,4141.354626,-0.078534902
506.762793,487859,487.854,2190,3793.700787,3.793700787,4141.354626,-0.083946889
506.873318,487909,487.904,2186,3778.837087,3.778837087,4141.354626,-0.087535981
506.974706,487959,487.954,2183,3767.730126,3.767730126,4141.354626,-0.090217944
507.092778,488009,488.004,2174,3734.617387,3.734617387,4141.354626,-0.098213574
507.202435,488059,488.054,2190,3793.700787,3.793700787,4141.354626,-0.083946889
507.312027,488109,488.104,2185,3775.13089,3.77513089,4141.354626,-0.088430905
507.421235,488159,488.154,2189,3789.979014,3.789979014,4141.354626,-0.084845574
507.524012,488209,488.204,2214,3884.210526,3.884210526,4141.354626,-0.062091785
507.642082,488259,488.254,2206,3853.785071,3.853785071,4141.354626,-0.069438524
507.750646,488309,488.304,2191,3797.426471,3.797426471,4141.354626,-0.08304726
507.861673,488359,488.354,2178,3749.295775,3.749295775,4141.354626,-0.094669229
507.96973,488409,488.404,2172,3727.301092,3.727301092,4141.354626,-0.099980217
508.071064,488459,488.454,2179,3752.974948,3.752974948,4141.354626,-0.093780831
508.185789,488509,488.504,2187,3782.54717,3.78254717,4141.354626,-0.086640119
508.296124,488559,488.554,2189,3789.979014,3.789979014,4141.354626,-0.084845574
508.405298,488609,488.604,2186,3778.837087,3.778837087,4141.354626,-0.087535981
508.507928,488659,488.654,2191,3797.426471,3.797426471,4141.354626,-0.08304726
508.618108,488709,488.704,2180,3756.657963,3.756657963,4141.354626,-0.092891505
508.732871,488759,488.754,2193,3804.88959,3.80488959,4141.354626,-0.081245164
508.839952,488809,488.804,2222,3914.895889,3.914895889,4141.354626,-0.054682286
508.948634,488859,488.854,2188,3786.261143,3.786261143,4141.354626,-0.085743317
509.052677,488909,488.904,2186,3778.837087,3.778837087,4141.354626,-0.087535981
509.162279,488959,488.954,2178,3749.295775,3.749295775,4141.354626,-0.094669229
509.279701,489009,489.004,2191,3797.426471,3.797426471,4141.354626,-0.08304726
509.387706,489059,489.054,2183,3767.730126,3.767730126,4141.354626,-0.090217944
509.498442,489109,489.104,2176,3741.948932,3.741948932,4141.354626,-0.096443249
509.606532,489159,489.154,2184,3771.428571,3.771428571,4141.354626,-0.089324892
509.707345,489209,489.204,2189,3789.979014,3.789979014,4141.354626,-0.084845574
509.825163,489259,489.254,2202,3838.66878,3.83866878,4141.354626,-0.073088608
509.932963,489309,489.304,2190,3793.700787,3.793700787,4141.354626,-0.083946889
510.041471,489359,489.354,2189,3789.979014,3.789979014,4141.354626,-0.084845574
510.150805,489409,489.404,2193,3804.88959,3.80488959,4141.354626,-0.081245164
510.251867,489459,489.454,2207,3857.574153,3.857574153,4141.354626,-0.068523587
510.367038,489509,489.504,2203,3842.44186,3.84244186,4141.354626,-0.072177534
510.476761,489559,489.554,2185,3775.13089,3.77513089,4141.354626,-0.088430905
510.584897,489609,489.604,2172,3727.301092,3.727301092,4141.354626,-0.099980217
510.692567,489659,489.654,2175,3738.28125,3.73828125,4141.354626,-0.097328872
510.793192,489709,489.704,2189,3789.979014,3.789979014,4141.354626,-0.084845574
510.907455,489759,489.754,2194,3808.627038,3.808627038,4141.354626,-0.080342694
511.017151,489809,489.804,2202,3838.66878,3.83866878,4141.354626,-0.073088608
511.125759,489859,489.854,2184,3771.428571,3.771428571,4141.354626,-0.089324892
511.235323,489909,489.904,2194,3808.627038,3.808627038,4141.354626,-0.080342694
511.336591,489959,489.954,2192,3801.156069,3.801156069,4141.354626,-0.082146686
511.451568,490009,490.004,2212,3876.579926,3.876579926,4141.354626,-0.063934322
511.560166,490059,490.054,2208,3861.36725,3.86136725,4141.354626,-0.067607679
511.668175,490109,490.104,2217,3895.686901,3.895686901,4141.354626,-0.05932062
511.775734,490159,490.154,2181,3760.344828,3.760344828,4141.354626,-0.092001249
511.877133,490209,490.204,2190,3793.700787,3.793700787,4141.354626,-0.083946889
511.993339,490259,490.254,2188,3786.261143,3.786261143,4141.354626,-0.085743317
512.102483,490309,490.304,2173,3730.957336,3.730957336,4141.354626,-0.099097355
512.210192,490359,490.354,2173,3730.957336,3.730957336,4141.354626,-0.099097355
512.318278,490409,490.404,2207,3857.574153,3.857574153,4141.354626,-0.068523587
512.420402,490459,490.454,2182,3764.035546,3.764035546,4141.354626,-0.091110063
512.535768,490509,490.504,2194,3808.627038,3.808627038,4141.354626,-0.080342694
512.643783,490559,490.554,2193,3804.88959,3.80488959,4141.354626,-0.081245164
512.751148,490609,490.604,2194,3808.627038,3.808627038,4141.354626,-0.080342694
512.859576,490659,490.654,2208,3861.36725,3.86136725,4141.354626,-0.067607679
512.960686,490709,490.704,2202,3838.66878,3.83866878,4141.354626,-0.073088608
513.076003,490759,490.754,2186,3778.837087,3.778837087,4141.354626,-0.087535981
513.184325,490809,490.804,2171,3723.648649,3.723648649,4141.354626,-0.100862161
513.291657,490859,490.854,2176,3741.948932,3.741948932,4141.354626,-0.096443249
513.402257,490909,490.904,2180,3756.657963,3.756657963,4141.354626,-0.092891505
513.505555,490959,490.954,2189,3789.979014,3.789979014,4141.354626,-0.084845574
513.615902,491009,491.004,2200,3831.134565,3.831134565,4141.354626,-0.074907872
513.731449,491059,491.054,2199,3827.373418,3.827373418,4141.354626,-0.075816064
513.841874,491109,491.104,2190,3793.700787,3.793700787,4141.354626,-0.083946889
513.951159,491159,491.154,2196,3816.113744,3.816113744,4141.354626,-0.078534902
514.053588,491209,491.204,2198,3823.616236,3.823616236,4141.354626,-0.076723299
514.169067,491259,491.254,2220,3907.2,3.9072,4141.354626,-0.056540588
514.279164,491309,491.304,2205,3850.0,3.85,4141.354626,-0.070352494
514.386972,491359,491.354,2177,3745.620438,3.745620438,4141.354626,-0.095556701
514.496382,491409,491.404,2194,3808.627038,3.808627038,4141.354626,-0.080342694
514.598602,491459,491.454,2195,3812.368421,3.812368421,4141.354626,-0.079439274
514.714355,491509,491.504,2210,3868.965517,3.868965517,4141.354626,-0.065772949
514.82356,491559,491.554,2174,3734.617387,3.734617387,4141.354626,-0.098213574
514.931543,491609,491.604,2182,3764.035546,3.764035546,4141.354626,-0.091110063
515.039748,491659,491.654,2188,3786.261143,3.786261143,4141.354626,-0.085743317
515.141142,491709,491.704,2199,3827.373418,3.827373418,4141.354626,-0.075816064
515.259586,491759,491.754,2189,3789.979014,3.789979014,4141.354626,-0.084845574
515.367887,491809,491.804,2184,3771.428571,3.771428571,4141.354626,-0.089324892
515.476347,491859,491.854,2199,3827.373418,3.827373418,4141.354626,-0.075816064
515.588095,491909,491.904,2204,3846.218932,3.846218932,4141.354626,-0.071265497
515.690668,491959,491.954,2175,3738.28125,3.73828125,4141.354626,-0.097328872
515.809256,492009,492.004,2177,3745.620438,3.745620438,4141.354626,-0.095556701
515.917946,492059,492.054,2166,3705.443235,3.705443235,4141.354626,-0.105258166
516.027553,492109,492.104,2167,3709.076763,3.709076763,4141.354626,-0.104380789
516.136174,492159,492.154,2186,3778.837087,3.778837087,4141.354626,-0.087535981
516.238613,492209,492.204,2188,3786.261143,3.786261143,4141.354626,-0.085743317
516.355087,492259,492.254,2189,3789.979014,3.789979014,4141.354626,-0.084845574
516.464632,492309,492.304,2193,3804.88959,3.80488959,4141.354626,-0.081245164
516.573303,492359,492.354,2206,3853.785071,3.853785071,4141.354626,-0.069438524
516.683363,492409,492.404,2211,3872.770701,3.872770701,4141.354626,-0.064854124
516.785465,492459,492.454,2211,3872.770701,3.872770701,4141.354626,-0.064854124
516.901536,492509,492.504,2177,3745.620438,3.745620438,4141.354626,-0.095556701
517.011677,492559,492.554,2201,3834.899683,3.834899683,4141.354626,-0.07399872
517.121561,492609,492.604,2188,3786.261143,3.786261143,4141.354626,-0.085743317
517.231289,492659,492.654,2194,3808.627038,3.808627038,4141.354626,-0.080342694
517.332738,492709,492.704,2203,3842.44186,3.84244186,4141.354626,-0.072177534
517.450359,492759,492.754,2180,3756.657963,3.756657963,4141.354626,-0.092891505
517.56238,492809,492.804,2183,3767.730126,3.767730126,4141.354626,-0.090217944
517.672028,492859,492.854,2180,3756.657963,3.756657963,4141.354626,-0.092891505
517.78487,492909,492.904,2197,3819.863014,3.819863014,4141.354626,-0.077629578
517.890006,492959,492.954,2185,3775.13089,3.77513089,4141.354626,-0.088430905
518.009149,493009,493.004,2182,3764.035546,3.764035546,4141.354626,-0.091110063
518.119494,493059,493.054,2209,3865.164369,3.865164369,4141.354626,-0.066690801
518.229982,493109,493.104,2202,3838.66878,3.83866878,4141.354626,-0.073088608
518.339718,493159,493.154,2191,3797.426471,3.797426471,4141.354626,-0.08304726
518.443081,493209,493.204,2183,3767.730126,3.767730126,4141.354626,-0.090217944
518.560025,493259,493.254,2168,3712.714063,3.712714063,4141.354626,-0.103502501
518.669817,493309,493.304,2174,3734.617387,3.734617387,4141.354626,-0.098213574
518.771167,493359,493.354,2188,3786.261143,3.786261143,4141.354626,-0.085743317
518.888658,493409,493.404,2187,3782.54717,3.78254717,4141.354626,-0.086640119
518.992107,493459,493.454,2221,3911.045891,3.911045891,4141.354626,-0.055611933
519.109433,493509,493.504,2190,3793.700787,3.793700787,4141.354626,-0.083946889
519.21333,493559,493.554,2187,3782.54717,3.78254717,4141.354626,-0.086640119
519.331888,493609,493.604,2203,3842.44186,3.84244186,4141.354626,-0.072177534
519.440868,493659,493.654,2200,3831.134565,3.831134565,4141.354626,-0.074907872
519.544083,493709,493.704,2210,3868.965517,3.868965517,4141.354626,-0.065772949
519.661367,493759,493.754,2204,3846.218932,3.846218932,4141.354626,-0.071265497
519.771236,493809,493.804,2187,3782.54717,3.78254717,4141.354626,-0.086640119
519.881873,493859,493.854,2184,3771.428571,3.771428571,4141.354626,-0.089324892
519.994216,493909,493.904,2196,3816.113744,3.816113744,4141.354626,-0.078534902
520.09854,493959,493.954,2185,3775.13089,3.77513089,4141.354626,-0.088430905
520.216144,494009,494.004,2166,3705.443235,3.705443235,4141.354626,-0.105258166
520.326181,494059,494.054,2191,3797.426471,3.797426471,4141.354626,-0.08304726
520.436166,494109,494.104,2164,3698.187468,3.698187468,4141.354626,-0.107010193
520.546767,494159,494.154,2176,3741.948932,3.741948932,4141.354626,-0.096443249
520.648965,494209,494.204,2176,3741.948932,3.741948932,4141.354626,-0.096443249
520.766076,494259,494.254,2194,3808.627038,3.808627038,4141.354626,-0.080342694
520.874343,494309,494.304,2197,3819.863014,3.819863014,4141.354626,-0.077629578
520.984353,494359,494.354,2194,3808.627038,3.808627038,4141.354626,-0.080342694
521.09607,494409,494.404,2176,3741.948932,3.741948932,4141.354626,-0.096443249
521.197832,494459,494.454,2169,3716.35514,3.71635514,4141.354626,-0.102623302
521.313782,494509,494.504,2173,3730.957336,3.730957336,4141.354626,-0.099097355
521.423122,494559,494.554,2172,3727.301092,3.727301092,4141.354626,-0.099980217
521.538574,494609,494.604,2185,3775.13089,3.77513089,4141.354626,-0.088430905
521.675402,494659,494.654,2190,3793.700787,3.793700787,4141.354626,-0.083946889
521.90142,494709,494.704,2186,3778.837087,3.778837087,4141.354626,-0.087535981
522.107739,494759,494.754,2195,3812.368421,3.812368421,4141.354626,-0.079439274
522.33478,494809,494.804,2194,3808.627038,3.808627038,4141.354626,-0.080342694
522.547866,494859,494.854,2191,3797.426471,3.797426471,4141.354626,-0.08304726
522.761892,494909,494.904,2221,3911.045891,3.911045891,4141.354626,-0.055611933
522.948836,494959,494.954,2206,3853.785071,3.853785071,4141.354626,-0.069438524
523.140061,495009,495.004,2204,3846.218932,3.846218932,4141.354626,-0.071265497
523.345214,495059,495.054,2201,3834.899683,3.834899683,4141.354626,-0.07399872
523.531358,495109,495.104,2212,3876.579926,3.876579926,4141.354626,-0.063934322
523.647238,495159,495.154,2182,3764.035546,3.764035546,4141.354626,-0.091110063
523.765701,495209,495.204,2189,3789.979014,3.789979014,4141.354626,-0.084845574
523.867104,495259,495.254,2180,3756.657963,3.756657963,4141.354626,-0.092891505
523.983522,495309,495.304,2171,3723.648649,3.723648649,4141.354626,-0.100862161
524.095861,495359,495.354,2179,3752.974948,3.752974948,4141.354626,-0.093780831
524.198718,495409,495.404,2187,3782.54717,3.78254717,4141.354626,-0.086640119
524.309655,495459,495.454,2194,3808.627038,3.808627038,4141.354626,-0.080342694
524.42652,495509,495.504,2190,3793.700787,3.793700787,4141.354626,-0.083946889
524.535626,495559,495.554,2205,3850.0,3.85,4141.354626,-0.070352494
524.644997,495609,495.604,2185,3775.13089,3.77513089,4141.354626,-0.088430905
524.747929,495659,495.654,2171,3723.648649,3.723648649,4141.354626,-0.100862161
524.864539,495709,495.704,2182,3764.035546,3.764035546,4141.354626,-0.091110063
524.973407,495759,495.754,2185,3775.13089,3.77513089,4141.354626,-0.088430905
525.083205,495809,495.804,2175,3738.28125,3.73828125,4141.354626,-0.097328872
525.196051,495859,495.854,2198,3823.616236,3.823616236,4141.354626,-0.076723299
525.301095,495909,495.904,2189,3789.979014,3.789979014,4141.354626,-0.084845574
525.419662,495959,495.954,2193,3804.88959,3.80488959,4141.354626,-0.081245164
525.531363,496009,496.004,2204,3846.218932,3.846218932,4141.354626,-0.071265497
525.642613,496059,496.054,2198,3823.616236,3.823616236,4141.354626,-0.076723299
525.752728,496109,496.104,2205,3850.0,3.85,4141.354626,-0.070352494
525.856398,496159,496.154,2189,3789.979014,3.789979014,4141.354626,-0.084845574
525.973856,496209,496.204,2198,3823.616236,3.823616236,4141.354626,-0.076723299
526.083516,496259,496.254,2192,3801.156069,3.801156069,4141.354626,-0.082146686
526.194513,496309,496.304,2183,3767.730126,3.767730126,4141.354626,-0.090217944
526.303865,496359,496.354,2190,3793.700787,3.793700787,4141.354626,-0.083946889
526.406242,496409,496.404,2187,3782.54717,3.78254717,4141.354626,-0.086640119
526.523621,496459,496.454,2178,3749.295775,3.749295775,4141.354626,-0.094669229
526.634343,496509,496.504,2177,3745.620438,3.745620438,4141.354626,-0.095556701
526.743281,496559,496.554,2185,3775.13089,3.77513089,4141.354626,-0.088430905
526.852709,496609,496.604,2181,3760.344828,3.760344828,4141.354626,-0.092001249
526.953737,496659,496.654,2188,3786.261143,3.786261143,4141.354626,-0.085743317
527.071069,496709,496.704,2199,3827.373418,3.827373418,4141.354626,-0.075816064
527.181142,496759,496.754,2189,3789.979014,3.789979014,4141.354626,-0.084845574
527.291217,496809,496.804,2194,3808.627038,3.808627038,4141.354626,-0.080342694
527.400273,496859,496.854,2170,3720.0,3.72,4141.354626,-0.101743189
527.505611,496909,496.904,2178,3749.295775,3.749295775,4141.354626,-0.094669229
527.624996,496959,496.954,2179,3752.974948,3.752974948,4141.354626,-0.093780831
527.734964,497009,497.004,2178,3749.295775,3.749295775,4141.354626,-0.094669229
527.844506,497059,497.054,2191,3797.426471,3.797426471,4141.354626,-0.08304726
527.954092,497109,497.104,2193,3804.88959,3.80488959,4141.354626,-0.081245164
528.057866,497159,497.154,2208,3861.36725,3.86136725,4141.354626,-0.067607679
528.174588,497209,497.204,2202,3838.66878,3.83866878,4141.354626,-0.073088608
528.284599,497259,497.254,2180,3756.657963,3.756657963,4141.354626,-0.092891505
528.394167,497309,497.304,2208,3861.36725,3.86136725,4141.354626,-0.067607679
528.504948,497359,497.354,2199,3827.373418,3.827373418,4141.354626,-0.075816064
528.607972,497409,497.404,2197,3819.863014,3.819863014,4141.354626,-0.077629578
528.724296,497459,497.454,2191,3797.426471,3.797426471,4141.354626,-0.08304726
528.832865,497509,497.504,2192,3801.156069,3.801156069,4141.354626,-0.082146686
528.935248,497559,497.554,2191,3797.426471,3.797426471,4141.354626,-0.08304726
529.0532,497609,497.604,2193,3804.88959,3.80488959,4141.354626,-0.081245164
529.156368,497659,497.654,2187,3782.54717,3.78254717,4141.354626,-0.086640119
529.273815,497709,497.704,2178,3749.295775,3.749295775,4141.354626,-0.094669229
529.383044,497759,497.754,2180,3756.657963,3.756657963,4141.354626,-0.092891505
529.486448,497809,497.804,2189,3789.979014,3.789979014,4141.354626,-0.084845574
529.602795,497859,497.854,2189,3789.979014,3.789979014,4141.354626,-0.084845574
529.708357,504459,504.454,2194,3808.627038,3.808627038,4141.354626,-0.080342694
529.823348,504509,504.504,2187,3782.54717,3.78254717,4141.354626,-0.086640119
529.929414,504559,504.554,2183,3767.730126,3.767730126,4141.354626,-0.090217944
530.034947,504609,504.604,2195,3812.368421,3.812368421,4141.354626,-0.079439274
530.140759,504659,504.654,2196,3816.113744,3.816113744,4141.354626,-0.078534902
530.2401,504709,504.704,2191,3797.426471,3.797426471,4141.354626,-0.08304726
530.240313,504759,504.754,2188,3786.261143,3.786261143,4141.354626,-0.085743317
530.240513,504809,504.804,2194,3808.627038,3.808627038,4141.354626,-0.080342694
530.240781,504859,504.854,2188,3786.261143,3.786261143,4141.354626,-0.085743317
530.355354,504909,504.904,2177,3745.620438,3.745620438,4141.354626,-0.095556701
530.460778,504959,504.954,2180,3756.657963,3.756657963,4141.354626,-0.092891505
530.56712,505009,505.004,2180,3756.657963,3.756657963,4141.354626,-0.092891505
530.672872,505059,505.054,2190,3793.700787,3.793700787,4141.354626,-0.083946889
530.770833,505109,505.104,2199,3827.373418,3.827373418,4141.354626,-0.075816064
530.771054,505159,505.154,2194,3808.627038,3.808627038,4141.354626,-0.080342694
530.771252,505209,505.204,2199,3827.373418,3.827373418,4141.354626,-0.075816064
530.771448,505259,505.254,2198,3823.616236,3.823616236,4141.354626,-0.076723299
530.771669,505309,505.304,2192,3801.156069,3.801156069,4141.354626,-0.082146686
530.771865,505359,505.354,2174,3734.617387,3.734617387,4141.354626,-0.098213574
530.772076,505409,505.404,2173,3730.957336,3.730957336,4141.354626,-0.099097355
530.772345,505459,505.454,2168,3712.714063,3.712714063,4141.354626,-0.103502501
530.77255,505509,505.504,2191,3797.426471,3.797426471,4141.354626,-0.08304726
530.772745,505559,505.554,2185,3775.13089,3.77513089,4141.354626,-0.088430905
530.772948,505609,505.604,2188,3786.261143,3.786261143,4141.354626,-0.085743317
530.886612,505659,505.654,2190,3793.700787,3.793700787,4141.354626,-0.083946889
530.993278,505709,505.704,2194,3808.627038,3.808627038,4141.354626,-0.080342694
531.099623,505759,505.754,2192,3801.156069,3.801156069,4141.354626,-0.082146686
531.206599,505809,505.804,2191,3797.426471,3.797426471,4141.354626,-0.08304726
531.305778,505859,505.854,2216,3891.857371,3.891857371,4141.354626,-0.060245325
531.305991,505909,505.904,2174,3734.617387,3.734617387,4141.354626,-0.098213574
531.306194,505959,505.954,2194,3808.627038,3.808627038,4141.354626,-0.080342694
531.306389,506009,506.004,2185,3775.13089,3.77513089,4141.354626,-0.088430905
531.306584,506059,506.054,2183,3767.730126,3.767730126,4141.354626,-0.090217944
531.306797,506109,506.104,2191,3797.426471,3.797426471,4141.354626,-0.08304726
531.421542,506159,506.154,2187,3782.54717,3.78254717,4141.354626,-0.086640119
531.527269,506209,506.204,2185,3775.13089,3.77513089,4141.354626,-0.088430905
531.633647,506259,506.254,2182,3764.035546,3.764035546,4141.354626,-0.091110063
531.740186,506309,506.304,2192,3801.156069,3.801156069,4141.354626,-0.082146686
531.837673,506359,506.354,2192,3801.156069,3.801156069,4141.354626,-0.082146686
531.837888,506409,506.404,2199,3827.373418,3.827373418,4141.354626,-0.075816064
531.838554,506459,506.454,2192,3801.156069,3.801156069,4141.354626,-0.082146686
531.838751,506509,506.504,2209,3865.164369,3.865164369,4141.354626,-0.066690801
531.838955,506559,506.554,2171,3723.648649,3.723648649,4141.354626,-0.100862161
531.83915,506609,506.604,2179,3752.974948,3.752974948,4141.354626,-0.093780831
531.839356,506659,506.654,2178,3749.295775,3.749295775,4141.354626,-0.094669229
531.839551,506709,506.704,2189,3789.979014,3.789979014,4141.354626,-0.084845574
531.839744,506759,506.754,2187,3782.54717,3.78254717,4141.354626,-0.086640119
531.839942,506809,506.804,2194,3808.627038,3.808627038,4141.354626,-0.080342694
531.840137,506859,506.854,2192,3801.156069,3.801156069,4141.354626,-0.082146686
531.840338,506909,506.904,2176,3741.948932,3.741948932,4141.354626,-0.096443249
531.954131,506959,506.954,2190,3793.700787,3.793700787,4141.354626,-0.083946889
532.060828,507009,507.004,2202,3838.66878,3.83866878,4141.354626,-0.073088608
532.166961,507059,507.054,2195,3812.368421,3.812368421,4141.354626,-0.079439274
532.275231,507109,507.104,2197,3819.863014,3.819863014,4141.354626,-0.077629578
532.374952,507159,507.154,2197,3819.863014,3.819863014,4141.354626,-0.077629578
532.375166,507209,507.204,2186,3778.837087,3.778837087,4141.354626,-0.087535981
532.375373,507259,507.254,2181,3760.344828,3.760344828,4141.354626,-0.092001249
532.489273,507309,507.304,2184,3771.428571,3.771428571,4141.354626,-0.089324892
532.595454,507359,507.354,2176,3741.948932,3.741948932,4141.354626,-0.096443249
532.699831,507409,507.404,2173,3730.957336,3.730957336,4141.354626,-0.099097355
532.808085,507459,507.454,2177,3745.620438,3.745620438,4141.354626,-0.095556701
532.905608,507509,507.504,2195,3812.368421,3.812368421,4141.354626,-0.079439274
532.905819,507559,507.554,2172,3727.301092,3.727301092,4141.354626,-0.099980217
532.906022,507609,507.604,2192,3801.156069,3.801156069,4141.354626,-0.082146686
532.906215,507659,507.654,2201,3834.899683,3.834899683,4141.354626,-0.07399872
532.906417,507709,507.704,2205,3850.0,3.85,4141.354626,-0.070352494
532.906612,507759,507.754,2198,3823.616236,3.823616236,4141.354626,-0.076723299
532.906815,507809,507.804,2178,3749.295775,3.749295775,4141.354626,-0.094669229
532.907009,507859,507.854,2172,3727.301092,3.727301092,4141.354626,-0.099980217
532.907209,507909,507.904,2179,3752.974948,3.752974948,4141.354626,-0.093780831
532.907404,507959,507.954,2178,3749.295775,3.749295775,4141.354626,-0.094669229
532.907599,508009,508.004,2185,3775.13089,3.77513089,4141.354626,-0.088430905
532.9078,508059,508.054,2192,3801.156069,3.801156069,4141.354626,-0.082146686
532.907993,508109,508.104,2196,3816.113744,3.816113744,4141.354626,-0.078534902
532.908198,508159,508.154,2187,3782.54717,3.78254717,4141.354626,-0.086640119
533.023103,508209,508.204,2193,3804.88959,3.80488959,4141.354626,-0.081245164
533.128754,508259,508.254,2200,3831.134565,3.831134565,4141.354626,-0.074907872
533.234055,508309,508.304,2197,3819.863014,3.819863014,4141.354626,-0.077629578
533.340684,508359,508.354,2191,3797.426471,3.797426471,4141.354626,-0.08304726
533.438893,508409,508.404,2181,3760.344828,3.760344828,4141.354626,-0.092001249
533.439165,508459,508.454,2187,3782.54717,3.78254717,4141.354626,-0.086640119
533.439369,508509,508.504,2190,3793.700787,3.793700787,4141.354626,-0.083946889
533.439564,508559,508.554,2180,3756.657963,3.756657963,4141.354626,-0.092891505
533.439768,508609,508.604,2185,3775.13089,3.77513089,4141.354626,-0.088430905
533.439964,508659,508.654,2183,3767.730126,3.767730126,4141.354626,-0.090217944
533.440159,508709,508.704,2178,3749.295775,3.749295775,4141.354626,-0.094669229
533.440359,508759,508.754,2196,3816.113744,3.816113744,4141.354626,-0.078534902
533.440562,508809,508.804,2199,3827.373418,3.827373418,4141.354626,-0.075816064
533.440761,508859,508.854,2199,3827.373418,3.827373418,4141.354626,-0.075816064
533.555089,508909,508.904,2202,3838.66878,3.83866878,4141.354626,-0.073088608
533.661462,508959,508.954,2199,3827.373418,3.827373418,4141.354626,-0.075816064
533.765647,509009,509.004,2179,3752.974948,3.752974948,4141.354626,-0.093780831
533.872015,509059,509.054,2176,3741.948932,3.741948932,4141.354626,-0.096443249
533.975149,509109,509.104,2183,3767.730126,3.767730126,4141.354626,-0.090217944
534.103272,509159,509.154,2165,3701.813472,3.701813472,4141.354626,-0.106134633
534.210833,509209,509.204,2189,3789.979014,3.789979014,4141.354626,-0.084845574
534.321638,509259,509.254,2195,3812.368421,3.812368421,4141.354626,-0.079439274
534.427067,509309,509.304,2192,3801.156069,3.801156069,4141.354626,-0.082146686
534.525586,509359,509.354,2193,3804.88959,3.80488959,4141.354626,-0.081245164
534.525817,509409,509.404,2193,3804.88959,3.80488959,4141.354626,-0.081245164
534.526073,509459,509.454,2198,3823.616236,3.823616236,4141.354626,-0.076723299
534.52628,509509,509.504,2225,3926.470588,3.926470588,4141.354626,-0.051887379
534.52648,509559,509.554,2201,3834.899683,3.834899683,4141.354626,-0.07399872
534.526673,509609,509.604,2198,3823.616236,3.823616236,4141.354626,-0.076723299
534.526883,509659,509.654,2195,3812.368421,3.812368421,4141.354626,-0.079439274
534.527077,509709,509.704,2186,3778.837087,3.778837087,4141.354626,-0.087535981
534.52729,509759,509.754,2183,3767.730126,3.767730126,4141.354626,-0.090217944
534.643292,509809,509.804,2178,3749.295775,3.749295775,4141.354626,-0.094669229
534.749341,509859,509.854,2181,3760.344828,3.760344828,4141.354626,-0.092001249
534.85543,509909,509.904,2180,3756.657963,3.756657963,4141.354626,-0.092891505
534.960496,509959,509.954,2194,3808.627038,3.808627038,4141.354626,-0.080342694
535.060165,510009,510.004,2194,3808.627038,3.808627038,4141.354626,-0.080342694
535.060379,510059,510.054,2194,3808.627038,3.808627038,4141.354626,-0.080342694
535.060589,510109,510.104,2205,3850.0,3.85,4141.354626,-0.070352494
535.17366,510159,510.154,2197,3819.863014,3.819863014,4141.354626,-0.077629578
535.278159,510209,510.204,2185,3775.13089,3.77513089,4141.354626,-0.088430905
535.384336,510259,510.254,2179,3752.974948,3.752974948,4141.354626,-0.093780831
535.489741,510309,510.304,2178,3749.295775,3.749295775,4141.354626,-0.094669229
535.58818,510359,510.354,2177,3745.620438,3.745620438,4141.354626,-0.095556701
535.588393,517559,517.554,2188,3786.261143,3.786261143,4141.354626,-0.085743317
535.588662,517609,517.604,2174,3734.617387,3.734617387,4141.354626,-0.098213574
535.58887,517659,517.654,2180,3756.657963,3.756657963,4141.354626,-0.092891505
535.589073,517709,517.704,2184,3771.428571,3.771428571,4141.354626,-0.089324892
535.589266,517759,517.754,2217,3895.686901,3.895686901,4141.354626,-0.05932062
535.58946,517809,517.804,2190,3793.700787,3.793700787,4141.354626,-0.083946889
535.589665,517859,517.854,2189,3789.979014,3.789979014,4141.354626,-0.084845574
535.589868,517909,517.904,2193,3804.88959,3.80488959,4141.354626,-0.081245164
535.699695,517959,517.954,2193,3804.88959,3.80488959,4141.354626,-0.081245164
535.800356,518009,518.004,2214,3884.210526,3.884210526,4141.354626,-0.062091785
535.901191,518059,518.054,2188,3786.261143,3.786261143,4141.354626,-0.085743317
536.002822,518109,518.104,2196,3816.113744,3.816113744,4141.354626,-0.078534902
536.096333,518159,518.154,2201,3834.899683,3.834899683,4141.354626,-0.07399872
536.096559,518209,518.204,2191,3797.426471,3.797426471,4141.354626,-0.08304726
536.096754,518259,518.254,2196,3816.113744,3.816113744,4141.354626,-0.078534902
536.096958,518309,518.304,2189,3789.979014,3.789979014,4141.354626,-0.084845574
536.097158,518359,518.354,2191,3797.426471,3.797426471,4141.354626,-0.08304726
536.097369,518409,518.404,2186,3778.837087,3.778837087,4141.354626,-0.087535981
536.097561,518459,518.454,2193,3804.88959,3.80488959,4141.354626,-0.081245164
536.097754,518509,518.504,2190,3793.700787,3.793700787,4141.354626,-0.083946889
536.097955,518559,518.554,2191,3797.426471,3.797426471,4141.354626,-0.08304726
536.098217,518609,518.604,2197,3819.863014,3.819863014,4141.354626,-0.077629578
536.098416,518659,518.654,2213,3880.393199,3.880393199,4141.354626,-0.063013543
536.098611,518709,518.704,2195,3812.368421,3.812368421,4141.354626,-0.079439274
536.098818,518759,518.754,2194,3808.627038,3.808627038,4141.354626,-0.080342694
536.099009,518809,518.804,2179,3752.974948,3.752974948,4141.354626,-0.093780831
536.099207,518859,518.854,2183,3767.730126,3.767730126,4141.354626,-0.090217944
536.099417,518909,518.904,2188,3786.261143,3.786261143,4141.354626,-0.085743317
536.099616,518959,518.954,2191,3797.426471,3.797426471,4141.354626,-0.08304726
536.099832,519009,519.004,2182,3764.035546,3.764035546,4141.354626,-0.091110063
536.100024,519059,519.054,2188,3786.261143,3.786261143,4141.354626,-0.085743317
536.100224,519109,519.104,2196,3816.113744,3.816113744,4141.354626,-0.078534902
536.100416,519159,519.154,2202,3838.66878,3.83866878,4141.354626,-0.073088608
536.100609,519209,519.204,2208,3861.36725,3.86136725,4141.354626,-0.067607679
536.100814,519259,519.254,2194,3808.627038,3.808627038,4141.354626,-0.080342694
536.101008,519309,519.304,2200,3831.134565,3.831134565,4141.354626,-0.074907872
536.101209,519359,519.354,2187,3782.54717,3.78254717,4141.354626,-0.086640119
536.101401,519409,519.404,2190,3793.700787,3.793700787,4141.354626,-0.083946889
536.101602,519459,519.454,2192,3801.156069,3.801156069,4141.354626,-0.082146686
536.101796,519509,519.504,2185,3775.13089,3.77513089,4141.354626,-0.088430905
536.101996,519559,519.554,2179,3752.974948,3.752974948,4141.354626,-0.093780831
536.10221,519609,519.604,2185,3775.13089,3.77513089,4141.354626,-0.088430905
536.102416,519659,519.654,2186,3778.837087,3.778837087,4141.354626,-0.087535981
536.102619,519709,519.704,2188,3786.261143,3.786261143,4141.354626,-0.085743317
536.102813,519759,519.754,2188,3786.261143,3.786261143,4141.354626,-0.085743317
536.103015,519809,519.804,2192,3801.156069,3.801156069,4141.354626,-0.082146686
536.213238,519859,519.854,2201,3834.899683,3.834899683,4141.354626,-0.07399872
536.314158,519909,519.904,2196,3816.113744,3.816113744,4141.354626,-0.078534902
536.415022,519959,519.954,2179,3752.974948,3.752974948,4141.354626,-0.093780831
536.516914,520009,520.004,2178,3749.295775,3.749295775,4141.354626,-0.094669229
536.612061,520059,520.054,2172,3727.301092,3.727301092,4141.354626,-0.099980217
536.612275,520109,520.104,2176,3741.948932,3.741948932,4141.354626,-0.096443249
536.612477,520159,520.154,2186,3778.837087,3.778837087,4141.354626,-0.087535981
536.612672,520209,520.204,2183,3767.730126,3.767730126,4141.354626,-0.090217944
536.612874,520259,520.254,2190,3793.700787,3.793700787,4141.354626,-0.083946889
536.613069,520309,520.304,2189,3789.979014,3.789979014,4141.354626,-0.084845574
536.613267,520359,520.354,2192,3801.156069,3.801156069,4141.354626,-0.082146686
536.613484,520409,520.404,2198,3823.616236,3.823616236,4141.354626,-0.076723299
536.61368,520459,520.454,2215,3888.031915,3.888031915,4141.354626,-0.061169046
536.613892,520509,520.504,2205,3850.0,3.85,4141.354626,-0.070352494
536.614091,520559,520.554,2205,3850.0,3.85,4141.354626,-0.070352494
536.614366,520609,520.604,2192,3801.156069,3.801156069,4141.354626,-0.082146686
536.614562,520659,520.654,2191,3797.426471,3.797426471,4141.354626,-0.08304726
536.614766,520709,520.704,2192,3801.156069,3.801156069,4141.354626,-0.082146686
536.614968,520759,520.754,2183,3767.730126,3.767730126,4141.354626,-0.090217944
536.61517,520809,520.804,2175,3738.28125,3.73828125,4141.354626,-0.097328872
536.615374,520859,520.854,2177,3745.620438,3.745620438,4141.354626,-0.095556701
536.615568,520909,520.904,2186,3778.837087,3.778837087,4141.354626,-0.087535981
536.61577,520959,520.954,2174,3734.617387,3.734617387,4141.354626,-0.098213574
536.615963,521009,521.004,2194,3808.627038,3.808627038,4141.354626,-0.080342694
536.616184,521059,521.054,2207,3857.574153,3.857574153,4141.354626,-0.068523587
536.61638,521109,521.104,2207,3857.574153,3.857574153,4141.354626,-0.068523587
536.616574,521159,521.154,2192,3801.156069,3.801156069,4141.354626,-0.082146686
536.616778,521209,521.204,2193,3804.88959,3.80488959,4141.354626,-0.081245164
536.616978,521259,521.254,2176,3741.948932,3.741948932,4141.354626,-0.096443249
536.725473,521309,521.304,2183,3767.730126,3.767730126,4141.354626,-0.090217944
536.826372,521359,521.354,2187,3782.54717,3.78254717,4141.354626,-0.086640119
536.926332,521409,521.404,2204,3846.218932,3.846218932,4141.354626,-0.071265497
536.926552,521459,521.454,2190,3793.700787,3.793700787,4141.354626,-0.083946889
537.027685,521509,521.504,2191,3797.426471,3.797426471,4141.354626,-0.08304726
537.120792,521559,521.554,2198,3823.616236,3.823616236,4141.354626,-0.076723299
537.121065,521609,521.604,2207,3857.574153,3.857574153,4141.354626,-0.068523587
537.12127,521659,521.654,2213,3880.393199,3.880393199,4141.354626,-0.063013543
537.121467,521709,521.704,2188,3786.261143,3.786261143,4141.354626,-0.085743317
537.121678,521759,521.754,2202,3838.66878,3.83866878,4141.354626,-0.073088608
537.121874,521809,521.804,2191,3797.426471,3.797426471,4141.354626,-0.08304726
537.122069,521859,521.854,2188,3786.261143,3.786261143,4141.354626,-0.085743317
537.122271,521909,521.904,2200,3831.134565,3.831134565,4141.354626,-0.074907872
537.122463,521959,521.954,2193,3804.88959,3.80488959,4141.354626,-0.081245164
537.122662,522009,522.004,2178,3749.295775,3.749295775,4141.354626,-0.094669229
537.122857,522059,522.054,2183,3767.730126,3.767730126,4141.354626,-0.090217944
537.123058,522109,522.104,2191,3797.426471,3.797426471,4141.354626,-0.08304726
537.123259,522159,522.154,2182,3764.035546,3.764035546,4141.354626,-0.091110063
537.123478,522209,522.204,2189,3789.979014,3.789979014,4141.354626,-0.084845574
537.123671,522259,522.254,2189,3789.979014,3.789979014,4141.354626,-0.084845574
537.123878,522309,522.304,2205,3850.0,3.85,4141.354626,-0.070352494
537.124077,522359,522.354,2194,3808.627038,3.808627038,4141.354626,-0.080342694
537.12427,522409,522.404,2184,3771.428571,3.771428571,4141.354626,-0.089324892
537.124474,522459,522.454,2178,3749.295775,3.749295775,4141.354626,-0.094669229
537.124675,522509,522.504,2186,3778.837087,3.778837087,4141.354626,-0.087535981
537.124897,522559,522.554,2188,3786.261143,3.786261143,4141.354626,-0.085743317
537.125111,522609,522.604,2195,3812.368421,3.812368421,4141.354626,-0.079439274
537.125311,522659,522.654,2185,3775.13089,3.77513089,4141.354626,-0.088430905
537.12552,522709,522.704,2185,3775.13089,3.77513089,4141.354626,-0.088430905
537.125712,522759,522.754,2195,3812.368421,3.812368421,4141.354626,-0.079439274
537.125913,522809,522.804,2202,3838.66878,3.83866878,4141.354626,-0.073088608
537.126138,522859,522.854,2204,3846.218932,3.846218932,4141.354626,-0.071265497
537.126341,522909,522.904,2199,3827.373418,3.827373418,4141.354626,-0.075816064
537.126533,522959,522.954,2197,3819.863014,3.819863014,4141.354626,-0.077629578
537.12673,523009,523.004,2188,3786.261143,3.786261143,4141.354626,-0.085743317
537.126932,523059,523.054,2189,3789.979014,3.789979014,4141.354626,-0.084845574
537.127126,523109,523.104,2186,3778.837087,3.778837087,4141.354626,-0.087535981
537.127327,523159,523.154,2192,3801.156069,3.801156069,4141.354626,-0.082146686
537.127519,523209,523.204,2176,3741.948932,3.741948932,4141.354626,-0.096443249
537.127719,523259,523.254,2184,3771.428571,3.771428571,4141.354626,-0.089324892
537.237622,523309,523.304,2183,3767.730126,3.767730126,4141.354626,-0.090217944
537.337869,523359,523.354,2191,3797.426471,3.797426471,4141.354626,-0.08304726
537.438063,523409,523.404,2191,3797.426471,3.797426471,4141.354626,-0.08304726
537.537374,523459,523.454,2191,3797.426471,3.797426471,4141.354626,-0.08304726
537.537605,4531559,4531.554,2190,3793.700787,3.793700787,4141.354626,-0.083946889
537.537803,531609,531.604,2187,3782.54717,3.78254717,4141.354626,-0.086640119
537.538072,531659,531.654,2192,3801.156069,3.801156069,4141.354626,-0.082146686
537.538268,531709,531.704,2167,3709.076763,3.709076763,4141.354626,-0.104380789
537.630979,531759,531.754,2171,3723.648649,3.723648649,4141.354626,-0.100862161
537.631194,531809,531.804,2196,3816.113744,3.816113744,4141.354626,-0.078534902
537.631406,531859,531.854,2194,3808.627038,3.808627038,4141.354626,-0.080342694
537.631605,531909,531.904,2189,3789.979014,3.789979014,4141.354626,-0.084845574
537.631809,531959,531.954,2203,3842.44186,3.84244186,4141.354626,-0.072177534
537.632034,532009,532.004,2192,3801.156069,3.801156069,4141.354626,-0.082146686
537.632229,532059,532.054,2206,3853.785071,3.853785071,4141.354626,-0.069438524
537.632438,532109,532.104,2203,3842.44186,3.84244186,4141.354626,-0.072177534
537.632633,532159,532.154,2189,3789.979014,3.789979014,4141.354626,-0.084845574
537.632842,532209,532.204,2172,3727.301092,3.727301092,4141.354626,-0.099980217
537.633037,532259,532.254,2176,3741.948932,3.741948932,4141.354626,-0.096443249
537.633241,532309,532.304,2175,3738.28125,3.73828125,4141.354626,-0.097328872
537.633441,532359,532.354,2185,3775.13089,3.77513089,4141.354626,-0.088430905
537.633655,532409,532.404,2190,3793.700787,3.793700787,4141.354626,-0.083946889
537.633864,532459,532.454,2192,3801.156069,3.801156069,4141.354626,-0.082146686
537.634076,532509,532.504,2198,3823.616236,3.823616236,4141.354626,-0.076723299
537.634282,532559,532.554,2186,3778.837087,3.778837087,4141.354626,-0.087535981
537.634495,532609,532.604,2213,3880.393199,3.880393199,4141.354626,-0.063013543
537.634746,532659,532.654,2181,3760.344828,3.760344828,4141.354626,-0.092001249
537.634946,532709,532.704,2191,3797.426471,3.797426471,4141.354626,-0.08304726
537.635147,532759,532.754,2205,3850.0,3.85,4141.354626,-0.070352494
537.63535,532809,532.804,2201,3834.899683,3.834899683,4141.354626,-0.07399872
537.635565,532859,532.854,2187,3782.54717,3.78254717,4141.354626,-0.086640119
537.635765,532909,532.904,2188,3786.261143,3.786261143,4141.354626,-0.085743317
537.635976,532959,532.954,2170,3720.0,3.72,4141.354626,-0.101743189
537.636176,533009,533.004,2189,3789.979014,3.789979014,4141.354626,-0.084845574
537.636371,533059,533.054,2195,3812.368421,3.812368421,4141.354626,-0.079439274
537.636578,533109,533.104,2192,3801.156069,3.801156069,4141.354626,-0.082146686
537.63678,533159,533.154,2197,3819.863014,3.819863014,4141.354626,-0.077629578
537.637002,533209,533.204,2197,3819.863014,3.819863014,4141.354626,-0.077629578
537.637209,533259,533.254,2205,3850.0,3.85,4141.354626,-0.070352494
537.63741,533309,533.304,2194,3808.627038,3.808627038,4141.354626,-0.080342694
537.63762,533359,533.354,2185,3775.13089,3.77513089,4141.354626,-0.088430905
537.637815,533409,533.404,2184,3771.428571,3.771428571,4141.354626,-0.089324892
537.63801,533459,533.454,2175,3738.28125,3.73828125,4141.354626,-0.097328872
537.638208,533509,533.504,2172,3727.301092,3.727301092,4141.354626,-0.099980217
537.638408,533559,533.554,2184,3771.428571,3.771428571,4141.354626,-0.089324892
537.745007,533609,533.604,2187,3782.54717,3.78254717,4141.354626,-0.086640119
537.843622,533659,533.654,2197,3819.863014,3.819863014,4141.354626,-0.077629578
537.843851,533709,533.704,2205,3850.0,3.85,4141.354626,-0.070352494
537.844048,533759,533.754,2200,3831.134565,3.831134565,4141.354626,-0.074907872
537.844245,533809,533.804,2230,3945.844504,3.945844504,4141.354626,-0.04720922
537.844446,533859,533.854,2188,3786.261143,3.786261143,4141.354626,-0.085743317
537.844639,533909,533.904,2199,3827.373418,3.827373418,4141.354626,-0.075816064
537.844845,533959,533.954,2187,3782.54717,3.78254717,4141.354626,-0.086640119
537.845071,534009,534.004,2183,3767.730126,3.767730126,4141.354626,-0.090217944
537.84527,534059,534.054,2186,3778.837087,3.778837087,4141.354626,-0.087535981
537.942259,534109,534.104,2191,3797.426471,3.797426471,4141.354626,-0.08304726
537.942486,534159,534.154,2176,3741.948932,3.741948932,4141.354626,-0.096443249
537.942685,534209,534.204,2179,3752.974948,3.752974948,4141.354626,-0.093780831
537.942881,534259,534.254,2183,3767.730126,3.767730126,4141.354626,-0.090217944
537.94308,534309,534.304,2192,3801.156069,3.801156069,4141.354626,-0.082146686
537.943275,534359,534.354,2188,3786.261143,3.786261143,4141.354626,-0.085743317
537.943473,534409,534.404,2190,3793.700787,3.793700787,4141.354626,-0.083946889
537.943675,534459,534.454,2206,3853.785071,3.853785071,4141.354626,-0.069438524
537.943881,534509,534.504,2200,3831.134565,3.831134565,4141.354626,-0.074907872
537.944075,534559,534.554,2189,3789.979014,3.789979014,4141.354626,-0.084845574
537.944275,534609,534.604,2183,3767.730126,3.767730126,4141.354626,-0.090217944
537.944545,534659,534.654,2169,3716.35514,3.71635514,4141.354626,-0.102623302
537.944744,534709,534.704,2175,3738.28125,3.73828125,4141.354626,-0.097328872
537.944948,534759,534.754,2175,3738.28125,3.73828125,4141.354626,-0.097328872
537.945162,534809,534.804,2191,3797.426471,3.797426471,4141.354626,-0.08304726
537.945366,534859,534.854,2190,3793.700787,3.793700787,4141.354626,-0.083946889
538.044504,534909,534.904,2202,3838.66878,3.83866878,4141.354626,-0.073088608
538.044729,534959,534.954,2194,3808.627038,3.808627038,4141.354626,-0.080342694
538.044929,535009,535.004,2193,3804.88959,3.80488959,4141.354626,-0.081245164
538.045127,535059,535.054,2218,3899.520511,3.899520511,4141.354626,-0.05839493
538.04533,535109,535.104,2194,3808.627038,3.808627038,4141.354626,-0.080342694
538.045526,535159,535.154,2192,3801.156069,3.801156069,4141.354626,-0.082146686
538.135442,535209,535.204,2206,3853.785071,3.853785071,4141.354626,-0.069438524
538.135666,535259,535.254,2181,3760.344828,3.760344828,4141.354626,-0.092001249
538.135877,535309,535.304,2189,3789.979014,3.789979014,4141.354626,-0.084845574
538.136073,535359,535.354,2187,3782.54717,3.78254717,4141.354626,-0.086640119
538.136268,535409,535.404,2165,3701.813472,3.701813472,4141.354626,-0.106134633
538.136473,535459,535.454,2175,3738.28125,3.73828125,4141.354626,-0.097328872
538.136674,535509,535.504,2176,3741.948932,3.741948932,4141.354626,-0.096443249
538.136882,535559,535.554,2187,3782.54717,3.78254717,4141.354626,-0.086640119
538.137081,535609,535.604,2192,3801.156069,3.801156069,4141.354626,-0.082146686
538.137353,535659,535.654,2194,3808.627038,3.808627038,4141.354626,-0.080342694
538.137555,535709,535.704,2209,3865.164369,3.865164369,4141.354626,-0.066690801
538.137748,535759,535.754,2195,3812.368421,3.812368421,4141.354626,-0.079439274
538.137968,535809,535.804,2188,3786.261143,3.786261143,4141.354626,-0.085743317
538.138162,535859,535.854,2163,3694.565217,3.694565217,4141.354626,-0.107884847
538.138371,535909,535.904,2172,3727.301092,3.727301092,4141.354626,-0.099980217
538.138565,535959,535.954,2171,3723.648649,3.723648649,4141.354626,-0.100862161
538.138764,536009,536.004,2185,3775.13089,3.77513089,4141.354626,-0.088430905
538.138959,536059,536.054,2193,3804.88959,3.80488959,4141.354626,-0.081245164
538.139152,536109,536.104,2194,3808.627038,3.808627038,4141.354626,-0.080342694
538.139362,536159,536.154,2193,3804.88959,3.80488959,4141.354626,-0.081245164
538.139554,536209,536.204,2202,3838.66878,3.83866878,4141.354626,-0.073088608
538.139762,536259,536.254,2213,3880.393199,3.880393199,4141.354626,-0.063013543
538.139969,536309,536.304,2189,3789.979014,3.789979014,4141.354626,-0.084845574
538.14019,536359,536.354,2196,3816.113744,3.816113744,4141.354626,-0.078534902
538.1404,536409,536.404,2179,3752.974948,3.752974948,4141.354626,-0.093780831
538.140593,536459,536.454,2188,3786.261143,3.786261143,4141.354626,-0.085743317
538.140792,536509,536.504,2186,3778.837087,3.778837087,4141.354626,-0.087535981
538.14102,536559,536.554,2181,3760.344828,3.760344828,4141.354626,-0.092001249
538.141236,536609,536.604,2167,3709.076763,3.709076763,4141.354626,-0.104380789
538.141461,536659,536.654,2175,3738.28125,3.73828125,4141.354626,-0.097328872
538.141664,536709,536.704,2184,3771.428571,3.771428571,4141.354626,-0.089324892
538.141866,536759,536.754,2193,3804.88959,3.80488959,4141.354626,-0.081245164
538.142066,536809,536.804,2199,3827.373418,3.827373418,4141.354626,-0.075816064
538.142276,536859,536.854,2201,3834.899683,3.834899683,4141.354626,-0.07399872
538.142476,536909,536.904,2214,3884.210526,3.884210526,4141.354626,-0.062091785
538.142687,536959,536.954,2200,3831.134565,3.831134565,4141.354626,-0.074907872
538.14289,537009,537.004,2191,3797.426471,3.797426471,4141.354626,-0.08304726
538.143092,537059,537.054,2182,3764.035546,3.764035546,4141.354626,-0.091110063
538.143284,537109,537.104,2171,3723.648649,3.723648649,4141.354626,-0.100862161
538.143478,537159,537.154,2176,3741.948932,3.741948932,4141.354626,-0.096443249
538.143678,537209,537.204,2186,3778.837087,3.778837087,4141.354626,-0.087535981
538.143881,537259,537.254,2183,3767.730126,3.767730126,4141.354626,-0.090217944
538.144091,537309,537.304,2192,3801.156069,3.801156069,4141.354626,-0.082146686
538.144286,537359,537.354,2197,3819.863014,3.819863014,4141.354626,-0.077629578
538.144484,537409,537.404,2193,3804.88959,3.80488959,4141.354626,-0.081245164
538.144676,537459,537.454,2198,3823.616236,3.823616236,4141.354626,-0.076723299
538.144874,537509,537.504,2198,3823.616236,3.823616236,4141.354626,-0.076723299
538.145071,537559,537.554,2202,3838.66878,3.83866878,4141.354626,-0.073088608
538.145264,537609,537.604,2187,3782.54717,3.78254717,4141.354626,-0.086640119
538.145491,537659,537.654,2190,3793.700787,3.793700787,4141.354626,-0.083946889
538.145687,537709,537.704,2183,3767.730126,3.767730126,4141.354626,-0.090217944
538.252728,537759,537.754,2194,3808.627038,3.808627038,4141.354626,-0.080342694
538.349733,537809,537.804,2180,3756.657963,3.756657963,4141.354626,-0.092891505
538.349964,537859,537.854,2175,3738.28125,3.73828125,4141.354626,-0.097328872
538.350163,537909,537.904,2185,3775.13089,3.77513089,4141.354626,-0.088430905
538.350361,537959,537.954,2185,3775.13089,3.77513089,4141.354626,-0.088430905
538.350561,538009,538.004,2189,3789.979014,3.789979014,4141.354626,-0.084845574
538.350756,538059,538.054,2192,3801.156069,3.801156069,4141.354626,-0.082146686
538.350954,538109,538.104,2204,3846.218932,3.846218932,4141.354626,-0.071265497
538.35115,538159,538.154,2198,3823.616236,3.823616236,4141.354626,-0.076723299
538.351352,538209,538.204,2192,3801.156069,3.801156069,4141.354626,-0.082146686
538.351546,538259,538.254,2190,3793.700787,3.793700787,4141.354626,-0.083946889
538.351747,538309,538.304,2158,3676.510067,3.676510067,4141.354626,-0.112244567
538.351943,538359,538.354,2160,3683.72093,3.68372093,4141.354626,-0.110503383
538.352137,538409,538.404,2215,3888.031915,3.888031915,4141.354626,-0.061169046
538.352338,538459,538.454,2186,3778.837087,3.778837087,4141.354626,-0.087535981
538.352531,538509,538.504,2192,3801.156069,3.801156069,4141.354626,-0.082146686
538.352732,538559,538.554,2211,3872.770701,3.872770701,4141.354626,-0.064854124
538.352925,538609,538.604,2199,3827.373418,3.827373418,4141.354626,-0.075816064
538.45235,538659,538.654,2205,3850.0,3.85,4141.354626,-0.070352494
538.452573,538709,538.704,2221,3911.045891,3.911045891,4141.354626,-0.055611933
538.452774,538759,538.754,2199,3827.373418,3.827373418,4141.354626,-0.075816064
538.45298,538809,538.804,2198,3823.616236,3.823616236,4141.354626,-0.076723299
538.453179,538859,538.854,2180,3756.657963,3.756657963,4141.354626,-0.092891505
538.551136,538909,538.904,2208,3861.36725,3.86136725,4141.354626,-0.067607679
538.551355,538959,538.954,2190,3793.700787,3.793700787,4141.354626,-0.083946889
538.551557,539009,539.004,2190,3793.700787,3.793700787,4141.354626,-0.083946889
538.551754,539059,539.054,2161,3687.331954,3.687331954,4141.354626,-0.10963144
538.551953,539109,539.104,2178,3749.295775,3.749295775,4141.354626,-0.094669229
538.552149,539159,539.154,2187,3782.54717,3.78254717,4141.354626,-0.086640119
538.552344,539209,539.204,2183,3767.730126,3.767730126,4141.354626,-0.090217944
538.552558,539259,539.254,2188,3786.261143,3.786261143,4141.354626,-0.085743317
538.552763,539309,539.304,2193,3804.88959,3.80488959,4141.354626,-0.081245164
538.552973,539359,539.354,2207,3857.574153,3.857574153,4141.354626,-0.068523587
538.553176,539409,539.404,2194,3808.627038,3.808627038,4141.354626,-0.080342694
538.64374,539459,539.454,2196,3816.113744,3.816113744,4141.354626,-0.078534902
538.643967,539509,539.504,2176,3741.948932,3.741948932,4141.354626,-0.096443249
538.644163,539559,539.554,2176,3741.948932,3.741948932,4141.354626,-0.096443249
538.644366,539609,539.604,2179,3752.974948,3.752974948,4141.354626,-0.093780831
538.644637,539659,539.654,2191,3797.426471,3.797426471,4141.354626,-0.08304726
538.644844,539709,539.704,2195,3812.368421,3.812368421,4141.354626,-0.079439274
538.645071,539759,539.754,2200,3831.134565,3.831134565,4141.354626,-0.074907872
538.645266,539809,539.804,2182,3764.035546,3.764035546,4141.354626,-0.091110063
538.645467,539859,539.854,2202,3838.66878,3.83866878,4141.354626,-0.073088608
538.645686,539909,539.904,2203,3842.44186,3.84244186,4141.354626,-0.072177534
538.645894,539959,539.954,2205,3850.0,3.85,4141.354626,-0.070352494
538.646089,540009,540.004,2187,3782.54717,3.78254717,4141.354626,-0.086640119
538.646294,540059,540.054,2180,3756.657963,3.756657963,4141.354626,-0.092891505
538.646488,540109,540.104,2189,3789.979014,3.789979014,4141.354626,-0.084845574
538.64669,540159,540.154,2195,3812.368421,3.812368421,4141.354626,-0.079439274
538.646883,540209,540.204,2190,3793.700787,3.793700787,4141.354626,-0.083946889
538.647083,540259,540.254,2169,3716.35514,3.71635514,4141.354626,-0.102623302
538.647289,540309,540.304,2178,3749.295775,3.749295775,4141.354626,-0.094669229
538.647502,540359,540.354,2186,3778.837087,3.778837087,4141.354626,-0.087535981
538.647702,540409,540.404,2195,3812.368421,3.812368421,4141.354626,-0.079439274
538.647912,540459,540.454,2191,3797.426471,3.797426471,4141.354626,-0.08304726
538.648127,540509,540.504,2195,3812.368421,3.812368421,4141.354626,-0.079439274
538.648335,540559,540.554,2200,3831.134565,3.831134565,4141.354626,-0.074907872
538.696049,540609,540.604,2200,3831.134565,3.831134565,4141.354626,-0.074907872
538.801083,540659,540.654,2194,3808.627038,3.808627038,4141.354626,-0.080342694
538.899117,540709,540.704,2191,3797.426471,3.797426471,4141.354626,-0.08304726
538.899337,540759,540.754,2171,3723.648649,3.723648649,4141.354626,-0.100862161
538.899535,540809,540.804,2174,3734.617387,3.734617387,4141.354626,-0.098213574
538.946033,540859,540.854,2187,3782.54717,3.78254717,4141.354626,-0.086640119
539.035087,540909,540.904,2188,3786.261143,3.786261143,4141.354626,-0.085743317
539.046026,540959,540.954,2204,3846.218932,3.846218932,4141.354626,-0.071265497
539.095965,541009,541.004,2202,3838.66878,3.83866878,4141.354626,-0.073088608
539.19229,541059,541.054,2177,3745.620438,3.745620438,4141.354626,-0.095556701
539.196029,541109,541.104,2207,3857.574153,3.857574153,4141.354626,-0.068523587
539.299908,541159,541.154,2194,3808.627038,3.808627038,4141.354626,-0.080342694
539.397382,541209,541.204,2196,3816.113744,3.816113744,4141.354626,-0.078534902
539.397604,541259,541.254,2179,3752.974948,3.752974948,4141.354626,-0.093780831
539.397801,541309,541.304,2189,3789.979014,3.789979014,4141.354626,-0.084845574
539.446031,541359,541.354,2190,3793.700787,3.793700787,4141.354626,-0.083946889
539.542272,541409,541.404,2196,3816.113744,3.816113744,4141.354626,-0.078534902
539.545964,541459,541.454,2180,3756.657963,3.756657963,4141.354626,-0.092891505
539.596001,541509,541.504,2173,3730.957336,3.730957336,4141.354626,-0.099097355
539.684844,541559,541.554,2171,3723.648649,3.723648649,4141.354626,-0.100862161
539.696032,541609,541.604,2187,3782.54717,3.78254717,4141.354626,-0.086640119
539.794781,541659,541.654,2174,3734.617387,3.734617387,4141.354626,-0.098213574
539.796049,541709,541.704,2183,3767.730126,3.767730126,4141.354626,-0.090217944
539.846007,541759,541.754,2203,3842.44186,3.84244186,4141.354626,-0.072177534
539.94954,541809,541.804,2201,3834.899683,3.834899683,4141.354626,-0.07399872
540.046299,541859,541.854,2187,3782.54717,3.78254717,4141.354626,-0.086640119
540.046516,541909,541.904,2193,3804.88959,3.80488959,4141.354626,-0.081245164
540.046712,541959,541.954,2171,3723.648649,3.723648649,4141.354626,-0.100862161
540.095964,542009,542.004,2166,3705.443235,3.705443235,4141.354626,-0.105258166
540.191698,542059,542.054,2182,3764.035546,3.764035546,4141.354626,-0.091110063
540.196066,542109,542.104,2183,3767.730126,3.767730126,4141.354626,-0.090217944
540.292327,542159,542.154,2181,3760.344828,3.760344828,4141.354626,-0.092001249
540.296067,542209,542.204,2194,3808.627038,3.808627038,4141.354626,-0.080342694
540.385553,542259,542.254,2192,3801.156069,3.801156069,4141.354626,-0.082146686
540.396027,542309,542.304,2190,3793.700787,3.793700787,4141.354626,-0.083946889
540.446038,542359,542.354,2221,3911.045891,3.911045891,4141.354626,-0.055611933
540.551644,542409,542.404,2223,3918.75,3.91875,4141.354626,-0.053751645
540.647789,542459,542.454,2189,3789.979014,3.789979014,4141.354626,-0.084845574
540.64801,542509,542.504,2181,3760.344828,3.760344828,4141.354626,-0.092001249
540.648209,542559,542.554,2188,3786.261143,3.786261143,4141.354626,-0.085743317
540.695999,542609,542.604,2198,3823.616236,3.823616236,4141.354626,-0.076723299
540.793933,542659,542.654,2171,3723.648649,3.723648649,4141.354626,-0.100862161
540.795967,542709,542.704,2176,3741.948932,3.741948932,4141.354626,-0.096443249
540.846054,542759,542.754,2177,3745.620438,3.745620438,4141.354626,-0.095556701
540.934541,542809,542.804,2182,3764.035546,3.764035546,4141.354626,-0.091110063
540.946067,542859,542.854,2179,3752.974948,3.752974948,4141.354626,-0.093780831
541.050558,542909,542.904,2184,3771.428571,3.771428571,4141.354626,-0.089324892
541.148874,542959,542.954,2200,3831.134565,3.831134565,4141.354626,-0.074907872
541.149093,543009,543.004,2196,3816.113744,3.816113744,4141.354626,-0.078534902
541.14929,543059,543.054,2187,3782.54717,3.78254717,4141.354626,-0.086640119
541.196036,543109,543.104,2187,3782.54717,3.78254717,4141.354626,-0.086640119
541.292359,543159,543.154,2181,3760.344828,3.760344828,4141.354626,-0.092001249
541.296028,543209,543.204,2178,3749.295775,3.749295775,4141.354626,-0.094669229
541.346046,543259,543.254,2176,3741.948932,3.741948932,4141.354626,-0.096443249
541.434221,543309,543.304,2184,3771.428571,3.771428571,4141.354626,-0.089324892
541.446035,543359,543.354,2192,3801.156069,3.801156069,4141.354626,-0.082146686
541.49601,543409,543.404,2195,3812.368421,3.812368421,4141.354626,-0.079439274
541.599456,543459,543.454,2185,3775.13089,3.77513089,4141.354626,-0.088430905
541.694732,543509,543.504,2191,3797.426471,3.797426471,4141.354626,-0.08304726
541.694953,543559,543.554,2206,3853.785071,3.853785071,4141.354626,-0.069438524
541.696011,543609,543.604,2189,3789.979014,3.789979014,4141.354626,-0.084845574
541.74604,543659,543.654,2192,3801.156069,3.801156069,4141.354626,-0.082146686
541.84224,543709,543.704,2178,3749.295775,3.749295775,4141.354626,-0.094669229
541.846016,543759,543.754,2198,3823.616236,3.823616236,4141.354626,-0.076723299
541.896026,543809,543.804,2187,3782.54717,3.78254717,4141.354626,-0.086640119
541.984868,543859,543.854,2193,3804.88959,3.80488959,4141.354626,-0.081245164
541.996031,543909,543.904,2176,3741.948932,3.741948932,4141.354626,-0.096443249
542.100467,543959,543.954,2178,3749.295775,3.749295775,4141.354626,-0.094669229
542.197601,544009,544.004,2190,3793.700787,3.793700787,4141.354626,-0.083946889
542.197822,544059,544.054,2186,3778.837087,3.778837087,4141.354626,-0.087535981
542.198022,544109,544.104,2190,3793.700787,3.793700787,4141.354626,-0.083946889
542.246029,544159,544.154,2195,3812.368421,3.812368421,4141.354626,-0.079439274
542.343297,544209,544.204,2207,3857.574153,3.857574153,4141.354626,-0.068523587
542.345954,544259,544.254,2199,3827.373418,3.827373418,4141.354626,-0.075816064
542.396,544309,544.304,2191,3797.426471,3.797426471,4141.354626,-0.08304726
542.491117,544359,544.354,2177,3745.620438,3.745620438,4141.354626,-0.095556701
542.496039,544409,544.404,2184,3771.428571,3.771428571,4141.354626,-0.089324892
542.584428,544459,544.454,2172,3727.301092,3.727301092,4141.354626,-0.099980217
542.596038,544509,544.504,2183,3767.730126,3.767730126,4141.354626,-0.090217944
542.646026,544559,544.554,2188,3786.261143,3.786261143,4141.354626,-0.085743317
542.749474,544609,544.604,2194,3808.627038,3.808627038,4141.354626,-0.080342694
542.84791,544659,544.654,2200,3831.134565,3.831134565,4141.354626,-0.074907872
542.848133,544709,544.704,2182,3764.035546,3.764035546,4141.354626,-0.091110063
542.848334,544759,544.754,2208,3861.36725,3.86136725,4141.354626,-0.067607679
542.896028,544809,544.804,2195,3812.368421,3.812368421,4141.354626,-0.079439274
542.991841,544859,544.854,2194,3808.627038,3.808627038,4141.354626,-0.080342694
542.996027,544909,544.904,2188,3786.261143,3.786261143,4141.354626,-0.085743317
543.086207,544959,544.954,2185,3775.13089,3.77513089,4141.354626,-0.088430905
543.09597,545009,545.004,2184,3771.428571,3.771428571,4141.354626,-0.089324892
543.145995,545059,545.054,2199,3827.373418,3.827373418,4141.354626,-0.075816064
543.247954,545109,545.104,2180,3756.657963,3.756657963,4141.354626,-0.092891505
543.343254,545159,545.154,2181,3760.344828,3.760344828,4141.354626,-0.092001249
543.343476,545209,545.204,2181,3760.344828,3.760344828,4141.354626,-0.092001249
543.345983,545259,545.254,2188,3786.261143,3.786261143,4141.354626,-0.085743317
543.395977,545309,545.304,2187,3782.54717,3.78254717,4141.354626,-0.086640119
543.493887,545359,545.354,2186,3778.837087,3.778837087,4141.354626,-0.087535981
543.495936,545409,545.404,2202,3838.66878,3.83866878,4141.354626,-0.073088608
543.546014,545459,545.454,2200,3831.134565,3.831134565,4141.354626,-0.074907872
543.634737,545509,545.504,2184,3771.428571,3.771428571,4141.354626,-0.089324892
543.645997,545559,545.554,2184,3771.428571,3.771428571,4141.354626,-0.089324892
543.696009,545609,545.604,2165,3701.813472,3.701813472,4141.354626,-0.106134633
543.800966,545659,545.654,2171,3723.648649,3.723648649,4141.354626,-0.100862161
543.898205,545709,545.704,2179,3752.974948,3.752974948,4141.354626,-0.093780831
543.898425,545759,545.754,2187,3782.54717,3.78254717,4141.354626,-0.086640119
543.898623,545809,545.804,2196,3816.113744,3.816113744,4141.354626,-0.078534902
543.945986,545859,545.854,2211,3872.770701,3.872770701,4141.354626,-0.064854124
544.042508,545909,545.904,2203,3842.44186,3.84244186,4141.354626,-0.072177534
544.046036,545959,545.954,2204,3846.218932,3.846218932,4141.354626,-0.071265497
544.134721,546009,546.004,2212,3876.579926,3.876579926,4141.354626,-0.063934322
544.146002,546059,546.054,2192,3801.156069,3.801156069,4141.354626,-0.082146686
544.196012,546109,546.104,2193,3804.88959,3.80488959,4141.354626,-0.081245164
544.292137,546159,546.154,2164,3698.187468,3.698187468,4141.354626,-0.107010193
544.296,546209,546.204,2184,3771.428571,3.771428571,4141.354626,-0.089324892
544.345995,546259,546.254,2186,3778.837087,3.778837087,4141.354626,-0.087535981
544.449379,546309,546.304,2192,3801.156069,3.801156069,4141.354626,-0.082146686
544.545142,546359,546.354,2180,3756.657963,3.756657963,4141.354626,-0.092891505
544.545362,546409,546.404,2183,3767.730126,3.767730126,4141.354626,-0.090217944
544.545919,546459,546.454,2186,3778.837087,3.778837087,4141.354626,-0.087535981
544.595996,546509,546.504,2176,3741.948932,3.741948932,4141.354626,-0.096443249
544.691611,546559,546.554,2184,3771.428571,3.771428571,4141.354626,-0.089324892
544.695968,546609,546.604,2198,3823.616236,3.823616236,4141.354626,-0.076723299
544.786756,546659,546.654,2206,3853.785071,3.853785071,4141.354626,-0.069438524
544.796008,546709,546.704,2193,3804.88959,3.80488959,4141.354626,-0.081245164
544.846027,546759,546.754,2187,3782.54717,3.78254717,4141.354626,-0.086640119
544.944165,546809,546.804,2178,3749.295775,3.749295775,4141.354626,-0.094669229
544.946021,546859,546.854,2176,3741.948932,3.741948932,4141.354626,-0.096443249
544.995979,546909,546.904,2177,3745.620438,3.745620438,4141.354626,-0.095556701
545.100409,546959,546.954,2195,3812.368421,3.812368421,4141.354626,-0.079439274
545.198228,547009,547.004,2189,3789.979014,3.789979014,4141.354626,-0.084845574
545.19845,547059,547.054,2192,3801.156069,3.801156069,4141.354626,-0.082146686
545.19865,547109,547.104,2196,3816.113744,3.816113744,4141.354626,-0.078534902
545.245986,547159,547.154,2205,3850.0,3.85,4141.354626,-0.070352494
545.342118,547209,547.204,2204,3846.218932,3.846218932,4141.354626,-0.071265497
545.345932,547259,547.254,2197,3819.863014,3.819863014,4141.354626,-0.077629578
545.395973,547309,547.304,2188,3786.261143,3.786261143,4141.354626,-0.085743317
545.485262,547359,547.354,2176,3741.948932,3.741948932,4141.354626,-0.096443249
545.495993,547409,547.404,2188,3786.261143,3.786261143,4141.354626,-0.085743317
545.600607,547459,547.454,2187,3782.54717,3.78254717,4141.354626,-0.086640119
545.698366,547509,547.504,2189,3789.979014,3.789979014,4141.354626,-0.084845574
545.698584,547559,547.554,2169,3716.35514,3.71635514,4141.354626,-0.102623302
545.69878,547609,547.604,2181,3760.344828,3.760344828,4141.354626,-0.092001249
545.746009,547659,547.654,2176,3741.948932,3.741948932,4141.354626,-0.096443249
545.84442,547709,547.704,2172,3727.301092,3.727301092,4141.354626,-0.099980217
545.845934,547759,547.754,2194,3808.627038,3.808627038,4141.354626,-0.080342694
545.895991,547809,547.804,2191,3797.426471,3.797426471,4141.354626,-0.08304726
545.99329,547859,547.854,2206,3853.785071,3.853785071,4141.354626,-0.069438524
545.995931,547909,547.904,2195,3812.368421,3.812368421,4141.354626,-0.079439274
546.045963,547959,547.954,2184,3771.428571,3.771428571,4141.354626,-0.089324892
546.13558,548009,548.004,2184,3771.428571,3.771428571,4141.354626,-0.089324892
546.146006,548059,548.054,2179,3752.974948,3.752974948,4141.354626,-0.093780831
546.250246,548109,548.104,2179,3752.974948,3.752974948,4141.354626,-0.093780831
546.347582,548159,548.154,2183,3767.730126,3.767730126,4141.354626,-0.090217944
546.347808,548209,548.204,2193,3804.88959,3.80488959,4141.354626,-0.081245164
546.348008,548259,548.254,2198,3823.616236,3.823616236,4141.354626,-0.076723299
546.395989,548309,548.304,2203,3842.44186,3.84244186,4141.354626,-0.072177534
546.492242,548359,548.354,2191,3797.426471,3.797426471,4141.354626,-0.08304726
546.496033,548409,548.404,2203,3842.44186,3.84244186,4141.354626,-0.072177534
546.586224,548459,548.454,2203,3842.44186,3.84244186,4141.354626,-0.072177534
546.596031,548509,548.504,2193,3804.88959,3.80488959,4141.354626,-0.081245164
546.646031,548559,548.554,2183,3767.730126,3.767730126,4141.354626,-0.090217944
546.750509,548609,548.604,2189,3789.979014,3.789979014,4141.354626,-0.084845574
546.850816,548659,548.654,2187,3782.54717,3.78254717,4141.354626,-0.086640119
546.949779,548709,548.704,2185,3775.13089,3.77513089,4141.354626,-0.088430905
546.950002,548759,548.754,2185,3775.13089,3.77513089,4141.354626,-0.088430905
546.9502,548809,548.804,2194,3808.627038,3.808627038,4141.354626,-0.080342694
546.950398,548859,548.854,2187,3782.54717,3.78254717,4141.354626,-0.086640119
546.995991,548909,548.904,2178,3749.295775,3.749295775,4141.354626,-0.094669229
547.093679,548959,548.954,2189,3789.979014,3.789979014,4141.354626,-0.084845574
547.095921,549009,549.004,2192,3801.156069,3.801156069,4141.354626,-0.082146686
547.145956,549059,549.054,2206,3853.785071,3.853785071,4141.354626,-0.069438524
547.235102,549109,549.104,2202,3838.66878,3.83866878,4141.354626,-0.073088608
547.24597,549159,549.154,2194,3808.627038,3.808627038,4141.354626,-0.080342694
547.350185,549209,549.204,2177,3745.620438,3.745620438,4141.354626,-0.095556701
547.446925,549259,549.254,2182,3764.035546,3.764035546,4141.354626,-0.091110063
547.447149,549309,549.304,2177,3745.620438,3.745620438,4141.354626,-0.095556701
547.447349,549359,549.354,2187,3782.54717,3.78254717,4141.354626,-0.086640119
547.496026,549409,549.404,2187,3782.54717,3.78254717,4141.354626,-0.086640119
547.592922,549459,549.454,2190,3793.700787,3.793700787,4141.354626,-0.083946889
547.595905,549509,549.504,2212,3876.579926,3.876579926,4141.354626,-0.063934322
547.646005,549559,549.554,2210,3868.965517,3.868965517,4141.354626,-0.065772949
547.735201,549609,549.604,2195,3812.368421,3.812368421,4141.354626,-0.079439274
547.745939,549659,549.654,2217,3895.686901,3.895686901,4141.354626,-0.05932062
547.796003,549709,549.704,2198,3823.616236,3.823616236,4141.354626,-0.076723299
547.899759,549759,549.754,2176,3741.948932,3.741948932,4141.354626,-0.096443249
547.996261,549809,549.804,2190,3793.700787,3.793700787,4141.354626,-0.083946889
547.99648,549859,549.854,2189,3789.979014,3.789979014,4141.354626,-0.084845574
547.996677,549909,549.904,2188,3786.261143,3.786261143,4141.354626,-0.085743317
548.045999,549959,549.954,2184,3771.428571,3.771428571,4141.354626,-0.089324892
548.142894,550009,550.004,2181,3760.344828,3.760344828,4141.354626,-0.092001249
548.145984,550059,550.054,2179,3752.974948,3.752974948,4141.354626,-0.093780831
548.195999,550109,550.104,2189,3789.979014,3.789979014,4141.354626,-0.084845574
548.283815,550159,550.154,2164,3698.187468,3.698187468,4141.354626,-0.107010193
548.296033,550209,550.204,2192,3801.156069,3.801156069,4141.354626,-0.082146686
548.399201,550259,550.254,2207,3857.574153,3.857574153,4141.354626,-0.068523587
548.497521,550309,550.304,2192,3801.156069,3.801156069,4141.354626,-0.082146686
548.497748,550359,550.354,2189,3789.979014,3.789979014,4141.354626,-0.084845574
548.497947,550409,550.404,2191,3797.426471,3.797426471,4141.354626,-0.08304726
548.545992,550459,550.454,2182,3764.035546,3.764035546,4141.354626,-0.091110063
548.641753,550509,550.504,2181,3760.344828,3.760344828,4141.354626,-0.092001249
548.645939,550559,550.554,2177,3745.620438,3.745620438,4141.354626,-0.095556701
548.695975,550609,550.604,2186,3778.837087,3.778837087,4141.354626,-0.087535981
548.794427,550659,550.654,2186,3778.837087,3.778837087,4141.354626,-0.087535981
548.795888,550709,550.704,2206,3853.785071,3.853785071,4141.354626,-0.069438524
548.845992,550759,550.754,2206,3853.785071,3.853785071,4141.354626,-0.069438524
548.935379,550809,550.804,2189,3789.979014,3.789979014,4141.354626,-0.084845574
548.945979,550859,550.854,2221,3911.045891,3.911045891,4141.354626,-0.055611933
548.995997,550909,550.904,2199,3827.373418,3.827373418,4141.354626,-0.075816064
549.099792,550959,550.954,2193,3804.88959,3.80488959,4141.354626,-0.081245164
549.188631,551009,551.004,2174,3734.617387,3.734617387,4141.354626,-0.098213574
549.188852,551059,551.054,2188,3786.261143,3.786261143,4141.354626,-0.085743317
549.195974,551109,551.104,2189,3789.979014,3.789979014,4141.354626,-0.084845574
549.245996,551159,551.154,2191,3797.426471,3.797426471,4141.354626,-0.08304726
549.350119,551209,551.204,2174,3734.617387,3.734617387,4141.354626,-0.098213574
549.439057,551259,551.254,2178,3749.295775,3.749295775,4141.354626,-0.094669229
549.439275,551309,551.304,2171,3723.648649,3.723648649,4141.354626,-0.100862161
549.445951,551359,551.354,2191,3797.426471,3.797426471,4141.354626,-0.08304726
549.495989,551409,551.404,2190,3793.700787,3.793700787,4141.354626,-0.083946889
549.598803,551459,551.454,2199,3827.373418,3.827373418,4141.354626,-0.075816064
549.694704,551509,551.504,2197,3819.863014,3.819863014,4141.354626,-0.077629578
549.694928,551559,551.554,2193,3804.88959,3.80488959,4141.354626,-0.081245164
549.695906,551609,551.604,2180,3756.657963,3.756657963,4141.354626,-0.092891505
549.745882,551659,551.654,2180,3756.657963,3.756657963,4141.354626,-0.092891505
549.835365,551709,551.704,2185,3775.13089,3.77513089,4141.354626,-0.088430905
549.846004,551759,551.754,2170,3720.0,3.72,4141.354626,-0.101743189
549.949919,551809,551.804,2172,3727.301092,3.727301092,4141.354626,-0.099980217
550.039019,551859,551.854,2195,3812.368421,3.812368421,4141.354626,-0.079439274
550.039229,551909,551.904,2195,3812.368421,3.812368421,4141.354626,-0.079439274
550.045967,551959,551.954,2211,3872.770701,3.872770701,4141.354626,-0.064854124
550.095982,552009,552.004,2190,3793.700787,3.793700787,4141.354626,-0.083946889
550.19921,552059,552.054,2199,3827.373418,3.827373418,4141.354626,-0.075816064
550.294556,552109,552.104,2196,3816.113744,3.816113744,4141.354626,-0.078534902
550.294774,552159,552.154,2198,3823.616236,3.823616236,4141.354626,-0.076723299
550.2959,552209,552.204,2178,3749.295775,3.749295775,4141.354626,-0.094669229
550.346019,552259,552.254,2188,3786.261143,3.786261143,4141.354626,-0.085743317
550.44157,552309,552.304,2190,3793.700787,3.793700787,4141.354626,-0.083946889
550.445962,552359,552.354,2200,3831.134565,3.831134565,4141.354626,-0.074907872
550.495969,552409,552.404,2167,3709.076763,3.709076763,4141.354626,-0.104380789
550.586309,552459,552.454,2181,3760.344828,3.760344828,4141.354626,-0.092001249
550.596004,552509,552.504,2181,3760.344828,3.760344828,4141.354626,-0.092001249
550.699348,552559,552.554,2182,3764.035546,3.764035546,4141.354626,-0.091110063
550.795285,552609,552.604,2190,3793.700787,3.793700787,4141.354626,-0.083946889
550.795595,552659,552.654,2193,3804.88959,3.80488959,4141.354626,-0.081245164
550.795969,552709,552.704,2202,3838.66878,3.83866878,4141.354626,-0.073088608
550.845948,552759,552.754,2190,3793.700787,3.793700787,4141.354626,-0.083946889
550.942968,552809,552.804,2178,3749.295775,3.749295775,4141.354626,-0.094669229
550.94591,552859,552.854,2167,3709.076763,3.709076763,4141.354626,-0.104380789
550.99598,552909,552.904,2184,3771.428571,3.771428571,4141.354626,-0.089324892
551.092983,552959,552.954,2171,3723.648649,3.723648649,4141.354626,-0.100862161
551.095885,553009,553.004,2185,3775.13089,3.77513089,4141.354626,-0.088430905
551.145918,553059,553.054,2177,3745.620438,3.745620438,4141.354626,-0.095556701
551.234904,553109,553.104,2188,3786.261143,3.786261143,4141.354626,-0.085743317
551.246003,553159,553.154,2212,3876.579926,3.876579926,4141.354626,-0.063934322
551.350262,553209,553.204,2198,3823.616236,3.823616236,4141.354626,-0.076723299
551.446978,553259,553.254,2205,3850.0,3.85,4141.354626,-0.070352494
551.447199,553309,553.304,2209,3865.164369,3.865164369,4141.354626,-0.066690801
551.447398,553359,553.354,2192,3801.156069,3.801156069,4141.354626,-0.082146686
551.495971,553409,553.404,2183,3767.730126,3.767730126,4141.354626,-0.090217944
551.592712,553459,553.454,2181,3760.344828,3.760344828,4141.354626,-0.092001249
551.595914,553509,553.504,2187,3782.54717,3.78254717,4141.354626,-0.086640119
551.645975,553559,553.554,2194,3808.627038,3.808627038,4141.354626,-0.080342694
551.735394,553609,553.604,2190,3793.700787,3.793700787,4141.354626,-0.083946889
551.745904,553659,553.654,2175,3738.28125,3.73828125,4141.354626,-0.097328872
551.795974,553709,553.704,2178,3749.295775,3.749295775,4141.354626,-0.094669229
551.900938,553759,553.754,2194,3808.627038,3.808627038,4141.354626,-0.080342694
551.999253,553809,553.804,2159,3680.113636,3.680113636,4141.354626,-0.111374425
551.999476,553859,553.854,2197,3819.863014,3.819863014,4141.354626,-0.077629578
551.999674,553909,553.904,2205,3850.0,3.85,4141.354626,-0.070352494
552.045987,553959,553.954,2191,3797.426471,3.797426471,4141.354626,-0.08304726
552.143529,554009,554.004,2180,3756.657963,3.756657963,4141.354626,-0.092891505
552.145904,554059,554.054,2169,3716.35514,3.71635514,4141.354626,-0.102623302
552.195995,554109,554.104,2169,3716.35514,3.71635514,4141.354626,-0.102623302
552.285752,554159,554.154,2178,3749.295775,3.749295775,4141.354626,-0.094669229
552.295994,554209,554.204,2183,3767.730126,3.767730126,4141.354626,-0.090217944
552.345998,554259,554.254,2184,3771.428571,3.771428571,4141.354626,-0.089324892
552.449816,554309,554.304,2182,3764.035546,3.764035546,4141.354626,-0.091110063
552.546691,554359,554.354,2199,3827.373418,3.827373418,4141.354626,-0.075816064
552.546912,554409,554.404,2206,3853.785071,3.853785071,4141.354626,-0.069438524
552.54711,554459,554.454,2185,3775.13089,3.77513089,4141.354626,-0.088430905
552.595971,554509,554.504,2213,3880.393199,3.880393199,4141.354626,-0.063013543
552.692726,554559,554.554,2182,3764.035546,3.764035546,4141.354626,-0.091110063
552.696008,554609,554.604,2192,3801.156069,3.801156069,4141.354626,-0.082146686
552.794971,554659,554.654,2174,3734.617387,3.734617387,4141.354626,-0.098213574
552.795909,554709,554.704,2183,3767.730126,3.767730126,4141.354626,-0.090217944
552.845894,554759,554.754,2189,3789.979014,3.789979014,4141.354626,-0.084845574
552.93609,554809,554.804,2197,3819.863014,3.819863014,4141.354626,-0.077629578
552.945973,554859,554.854,2180,3756.657963,3.756657963,4141.354626,-0.092891505
553.050855,554909,554.904,2191,3797.426471,3.797426471,4141.354626,-0.08304726
553.148435,554959,554.954,2190,3793.700787,3.793700787,4141.354626,-0.083946889
553.148658,555009,555.004,2191,3797.426471,3.797426471,4141.354626,-0.08304726
553.148858,555059,555.054,2178,3749.295775,3.749295775,4141.354626,-0.094669229
553.195986,555109,555.104,2194,3808.627038,3.808627038,4141.354626,-0.080342694
553.292759,555159,555.154,2197,3819.863014,3.819863014,4141.354626,-0.077629578
553.295995,555209,555.204,2188,3786.261143,3.786261143,4141.354626,-0.085743317
553.386462,555259,555.254,2175,3738.28125,3.73828125,4141.354626,-0.097328872
553.39598,555309,555.304,2173,3730.957336,3.730957336,4141.354626,-0.099097355
553.445948,555359,555.354,2166,3705.443235,3.705443235,4141.354626,-0.105258166
553.551807,555409,555.404,2161,3687.331954,3.687331954,4141.354626,-0.10963144
553.648736,555459,555.454,2181,3760.344828,3.760344828,4141.354626,-0.092001249
553.648958,555509,555.504,2175,3738.28125,3.73828125,4141.354626,-0.097328872
553.649156,555559,555.554,2189,3789.979014,3.789979014,4141.354626,-0.084845574
553.696018,555609,555.604,2205,3850.0,3.85,4141.354626,-0.070352494
553.794456,555659,555.654,2193,3804.88959,3.80488959,4141.354626,-0.081245164
553.795928,555709,555.704,2205,3850.0,3.85,4141.354626,-0.070352494
553.845992,555759,555.754,2200,3831.134565,3.831134565,4141.354626,-0.074907872
553.935714,555809,555.804,2199,3827.373418,3.827373418,4141.354626,-0.075816064
553.945983,555859,555.854,2181,3760.344828,3.760344828,4141.354626,-0.092001249
553.995973,555909,555.904,2186,3778.837087,3.778837087,4141.354626,-0.087535981
554.100733,555959,555.954,2188,3786.261143,3.786261143,4141.354626,-0.085743317
554.191607,556009,556.004,2194,3808.627038,3.808627038,4141.354626,-0.080342694
554.191821,556059,556.054,2184,3771.428571,3.771428571,4141.354626,-0.089324892
554.195947,556109,556.104,2186,3778.837087,3.778837087,4141.354626,-0.087535981
554.245966,556159,556.154,2184,3771.428571,3.771428571,4141.354626,-0.089324892
554.350685,556209,556.204,2192,3801.156069,3.801156069,4141.354626,-0.082146686
554.440237,556259,556.254,2189,3789.979014,3.789979014,4141.354626,-0.084845574
554.440452,556309,556.304,2185,3775.13089,3.77513089,4141.354626,-0.088430905
554.445998,556359,556.354,2206,3853.785071,3.853785071,4141.354626,-0.069438524
554.495957,556409,556.404,2189,3789.979014,3.789979014,4141.354626,-0.084845574
554.599846,556459,556.454,2191,3797.426471,3.797426471,4141.354626,-0.08304726
554.696455,556509,556.504,2180,3756.657963,3.756657963,4141.354626,-0.092891505
554.696674,556559,556.554,2172,3727.301092,3.727301092,4141.354626,-0.099980217
554.69687,556609,556.604,2170,3720.0,3.72,4141.354626,-0.101743189
554.745936,556659,556.654,2176,3741.948932,3.741948932,4141.354626,-0.096443249
554.842818,556709,556.704,2180,3756.657963,3.756657963,4141.354626,-0.092891505
554.845972,556759,556.754,2187,3782.54717,3.78254717,4141.354626,-0.086640119
554.944052,556809,556.804,2203,3842.44186,3.84244186,4141.354626,-0.072177534
554.945956,556859,556.854,2195,3812.368421,3.812368421,4141.354626,-0.079439274
554.995911,556909,556.904,2191,3797.426471,3.797426471,4141.354626,-0.08304726
555.087426,556959,556.954,2223,3918.75,3.91875,4141.354626,-0.053751645
555.095983,557009,557.004,2195,3812.368421,3.812368421,4141.354626,-0.079439274
555.201046,557059,557.054,2186,3778.837087,3.778837087,4141.354626,-0.087535981
555.298995,557109,557.104,2185,3775.13089,3.77513089,4141.354626,-0.088430905
555.299216,557159,557.154,2184,3771.428571,3.771428571,4141.354626,-0.089324892
555.299413,557209,557.204,2190,3793.700787,3.793700787,4141.354626,-0.083946889
555.34597,557259,557.254,2191,3797.426471,3.797426471,4141.354626,-0.08304726
555.443797,557309,557.304,2171,3723.648649,3.723648649,4141.354626,-0.100862161
555.44592,557359,557.354,2190,3793.700787,3.793700787,4141.354626,-0.083946889
555.495932,557409,557.404,2185,3775.13089,3.77513089,4141.354626,-0.088430905
555.59349,557459,557.454,2181,3760.344828,3.760344828,4141.354626,-0.092001249
555.595865,557509,557.504,2189,3789.979014,3.789979014,4141.354626,-0.084845574
555.645949,557559,557.554,2205,3850.0,3.85,4141.354626,-0.070352494
555.735613,557609,557.604,2190,3793.700787,3.793700787,4141.354626,-0.083946889
555.74589,557659,557.654,2182,3764.035546,3.764035546,4141.354626,-0.091110063
555.795895,557709,557.704,2179,3752.974948,3.752974948,4141.354626,-0.093780831
555.900993,557759,557.754,2170,3720.0,3.72,4141.354626,-0.101743189
555.9987,557809,557.804,2166,3705.443235,3.705443235,4141.354626,-0.105258166
555.99892,557859,557.854,2195,3812.368421,3.812368421,4141.354626,-0.079439274
555.99912,557909,557.904,2181,3760.344828,3.760344828,4141.354626,-0.092001249
556.045999,557959,557.954,2174,3734.617387,3.734617387,4141.354626,-0.098213574
556.143026,558009,558.004,2208,3861.36725,3.86136725,4141.354626,-0.067607679
556.145913,558059,558.054,2201,3834.899683,3.834899683,4141.354626,-0.07399872
556.195952,558109,558.104,2196,3816.113744,3.816113744,4141.354626,-0.078534902
556.285906,558159,558.154,2216,3891.857371,3.891857371,4141.354626,-0.060245325
556.295942,558209,558.204,2189,3789.979014,3.789979014,4141.354626,-0.084845574
556.345952,558259,558.254,2184,3771.428571,3.771428571,4141.354626,-0.089324892
556.45141,558309,558.304,2175,3738.28125,3.73828125,4141.354626,-0.097328872
556.54986,558359,558.354,2176,3741.948932,3.741948932,4141.354626,-0.096443249
556.550081,558409,558.404,2176,3741.948932,3.741948932,4141.354626,-0.096443249
556.550279,558459,558.454,2200,3831.134565,3.831134565,4141.354626,-0.074907872
556.595948,558509,558.504,2183,3767.730126,3.767730126,4141.354626,-0.090217944
556.692815,558559,558.554,2186,3778.837087,3.778837087,4141.354626,-0.087535981
556.695949,558609,558.604,2189,3789.979014,3.789979014,4141.354626,-0.084845574
556.788885,558659,558.654,2184,3771.428571,3.771428571,4141.354626,-0.089324892
556.795949,558709,558.704,2177,3745.620438,3.745620438,4141.354626,-0.095556701
556.845952,558759,558.754,2186,3778.837087,3.778837087,4141.354626,-0.087535981
556.951434,558809,558.804,2195,3812.368421,3.812368421,4141.354626,-0.079439274
557.050605,558859,558.854,2198,3823.616236,3.823616236,4141.354626,-0.076723299
557.050827,558909,558.904,2179,3752.974948,3.752974948,4141.354626,-0.093780831
557.051023,558959,558.954,2171,3723.648649,3.723648649,4141.354626,-0.100862161
557.095961,559009,559.004,2158,3676.510067,3.676510067,4141.354626,-0.112244567
557.192947,559059,559.054,2173,3730.957336,3.730957336,4141.354626,-0.099097355
557.195969,559109,559.104,2180,3756.657963,3.756657963,4141.354626,-0.092891505
557.286013,559159,559.154,2185,3775.13089,3.77513089,4141.354626,-0.088430905
557.295961,559209,559.204,2191,3797.426471,3.797426471,4141.354626,-0.08304726
557.345942,559259,559.254,2208,3861.36725,3.86136725,4141.354626,-0.067607679
557.451795,559309,559.304,2194,3808.627038,3.808627038,4141.354626,-0.080342694
557.549297,559359,559.354,2205,3850.0,3.85,4141.354626,-0.070352494
557.549514,559409,559.404,2210,3868.965517,3.868965517,4141.354626,-0.065772949
557.549712,559459,559.454,2190,3793.700787,3.793700787,4141.354626,-0.083946889
557.595946,559509,559.504,2178,3749.295775,3.749295775,4141.354626,-0.094669229
557.692711,559559,559.554,2181,3760.344828,3.760344828,4141.354626,-0.092001249
557.695841,559609,559.604,2180,3756.657963,3.756657963,4141.354626,-0.092891505
557.745952,559659,559.654,2191,3797.426471,3.797426471,4141.354626,-0.08304726
557.837802,559709,559.704,2187,3782.54717,3.78254717,4141.354626,-0.086640119
557.845955,559759,559.754,2188,3786.261143,3.786261143,4141.354626,-0.085743317
557.895936,559809,559.804,2185,3775.13089,3.77513089,4141.354626,-0.088430905
558.001611,559859,559.854,2185,3775.13089,3.77513089,4141.354626,-0.088430905
558.099799,559909,559.904,2191,3797.426471,3.797426471,4141.354626,-0.08304726
558.100019,559959,559.954,2181,3760.344828,3.760344828,4141.354626,-0.092001249
558.100216,560009,560.004,2206,3853.785071,3.853785071,4141.354626,-0.069438524
558.145884,560059,560.054,2196,3816.113744,3.816113744,4141.354626,-0.078534902
558.243575,560109,560.104,2181,3760.344828,3.760344828,4141.354626,-0.092001249
558.245852,560159,560.154,2171,3723.648649,3.723648649,4141.354626,-0.100862161
558.295956,560209,560.204,2163,3694.565217,3.694565217,4141.354626,-0.107884847
558.385935,560259,560.254,2169,3716.35514,3.71635514,4141.354626,-0.102623302
558.395892,560309,560.304,2184,3771.428571,3.771428571,4141.354626,-0.089324892
558.445898,560359,560.354,2182,3764.035546,3.764035546,4141.354626,-0.091110063
558.551691,560409,560.404,2196,3816.113744,3.816113744,4141.354626,-0.078534902
558.649034,560459,560.454,2196,3816.113744,3.816113744,4141.354626,-0.078534902
558.649255,560509,560.504,2183,3767.730126,3.767730126,4141.354626,-0.090217944
558.649452,560559,560.554,2204,3846.218932,3.846218932,4141.354626,-0.071265497
558.69596,560609,560.604,2225,3926.470588,3.926470588,4141.354626,-0.051887379
558.794884,560659,560.654,2192,3801.156069,3.801156069,4141.354626,-0.082146686
558.795898,560709,560.704,2178,3749.295775,3.749295775,4141.354626,-0.094669229
558.845939,560759,560.754,2172,3727.301092,3.727301092,4141.354626,-0.099980217
558.935932,560809,560.804,2178,3749.295775,3.749295775,4141.354626,-0.094669229
558.945933,560859,560.854,2188,3786.261143,3.786261143,4141.354626,-0.085743317
558.995934,560909,560.904,2185,3775.13089,3.77513089,4141.354626,-0.088430905
559.101047,560959,560.954,2149,3644.244604,3.644244604,4141.354626,-0.120035608
559.19836,561009,561.004,2171,3723.648649,3.723648649,4141.354626,-0.100862161
559.19858,561059,561.054,2175,3738.28125,3.73828125,4141.354626,-0.097328872
559.19878,561109,561.104,2177,3745.620438,3.745620438,4141.354626,-0.095556701
559.245924,561159,561.154,2191,3797.426471,3.797426471,4141.354626,-0.08304726
559.342756,561209,561.204,2197,3819.863014,3.819863014,4141.354626,-0.077629578
559.345919,561259,561.254,2185,3775.13089,3.77513089,4141.354626,-0.088430905
559.395921,561309,561.304,2179,3752.974948,3.752974948,4141.354626,-0.093780831
559.485349,561359,561.354,2173,3730.957336,3.730957336,4141.354626,-0.099097355
559.495914,561409,561.404,2168,3712.714063,3.712714063,4141.354626,-0.103502501
559.545895,561459,561.454,2167,3709.076763,3.709076763,4141.354626,-0.104380789
559.65012,561509,561.504,2193,3804.88959,3.80488959,4141.354626,-0.081245164
559.746866,561559,561.554,2180,3756.657963,3.756657963,4141.354626,-0.092891505
559.747086,561609,561.604,2182,3764.035546,3.764035546,4141.354626,-0.091110063
559.747358,561659,561.654,2203,3842.44186,3.84244186,4141.354626,-0.072177534
559.795936,561709,561.704,2194,3808.627038,3.808627038,4141.354626,-0.080342694
559.893898,561759,561.754,2192,3801.156069,3.801156069,4141.354626,-0.082146686
559.895844,561809,561.804,2209,3865.164369,3.865164369,4141.354626,-0.066690801
559.94594,561859,561.854,2192,3801.156069,3.801156069,4141.354626,-0.082146686
560.036371,561909,561.904,2188,3786.261143,3.786261143,4141.354626,-0.085743317
560.045951,561959,561.954,2174,3734.617387,3.734617387,4141.354626,-0.098213574
560.143117,562009,562.004,2193,3804.88959,3.80488959,4141.354626,-0.081245164
560.145953,562059,562.054,2177,3745.620438,3.745620438,4141.354626,-0.095556701
560.249716,562109,562.104,2178,3749.295775,3.749295775,4141.354626,-0.094669229
560.34654,562159,562.154,2177,3745.620438,3.745620438,4141.354626,-0.095556701
560.346761,562209,562.204,2186,3778.837087,3.778837087,4141.354626,-0.087535981
560.346958,562259,562.254,2193,3804.88959,3.80488959,4141.354626,-0.081245164
560.395869,562309,562.304,2179,3752.974948,3.752974948,4141.354626,-0.093780831
560.492606,562359,562.354,2186,3778.837087,3.778837087,4141.354626,-0.087535981
560.495917,562409,562.404,2194,3808.627038,3.808627038,4141.354626,-0.080342694
560.586028,562459,562.454,2195,3812.368421,3.812368421,4141.354626,-0.079439274
560.595928,562509,562.504,2194,3808.627038,3.808627038,4141.354626,-0.080342694
560.699253,562559,562.554,2175,3738.28125,3.73828125,4141.354626,-0.097328872
560.795494,562609,562.604,2187,3782.54717,3.78254717,4141.354626,-0.086640119
560.795816,562659,562.654,2165,3701.813472,3.701813472,4141.354626,-0.106134633
560.796016,562709,562.704,2167,3709.076763,3.709076763,4141.354626,-0.104380789
560.845874,562759,562.754,2189,3789.979014,3.789979014,4141.354626,-0.084845574
560.942537,562809,562.804,2189,3789.979014,3.789979014,4141.354626,-0.084845574
560.945877,562859,562.854,2190,3793.700787,3.793700787,4141.354626,-0.083946889
560.995913,562909,562.904,2207,3857.574153,3.857574153,4141.354626,-0.068523587
561.084834,562959,562.954,2191,3797.426471,3.797426471,4141.354626,-0.08304726
561.095896,563009,563.004,2194,3808.627038,3.808627038,4141.354626,-0.080342694
561.145898,563059,563.054,2209,3865.164369,3.865164369,4141.354626,-0.066690801
561.249794,563109,563.104,2196,3816.113744,3.816113744,4141.354626,-0.078534902
561.345991,563159,563.154,2176,3741.948932,3.741948932,4141.354626,-0.096443249
561.346215,563209,563.204,2180,3756.657963,3.756657963,4141.354626,-0.092891505
561.346417,563259,563.254,2180,3756.657963,3.756657963,4141.354626,-0.092891505
561.395893,563309,563.304,2189,3789.979014,3.789979014,4141.354626,-0.084845574
561.492193,563359,563.354,2178,3749.295775,3.749295775,4141.354626,-0.094669229
561.495868,563409,563.404,2191,3797.426471,3.797426471,4141.354626,-0.08304726
561.545915,563459,563.454,2179,3752.974948,3.752974948,4141.354626,-0.093780831
561.634885,563509,563.504,2171,3723.648649,3.723648649,4141.354626,-0.100862161
561.645932,563559,563.554,2184,3771.428571,3.771428571,4141.354626,-0.089324892
561.749286,563609,563.604,2196,3816.113744,3.816113744,4141.354626,-0.078534902
561.849459,563659,563.654,2186,3778.837087,3.778837087,4141.354626,-0.087535981
561.947035,563709,563.704,2188,3786.261143,3.786261143,4141.354626,-0.085743317
561.947254,563759,563.754,2174,3734.617387,3.734617387,4141.354626,-0.098213574
561.947451,563809,563.804,2170,3720.0,3.72,4141.354626,-0.101743189
561.947646,563859,563.854,2161,3687.331954,3.687331954,4141.354626,-0.10963144
561.995927,563909,563.904,2169,3716.35514,3.71635514,4141.354626,-0.102623302
562.092281,563959,563.954,2179,3752.974948,3.752974948,4141.354626,-0.093780831
562.09591,564009,564.004,2199,3827.373418,3.827373418,4141.354626,-0.075816064
562.145898,564059,564.054,2192,3801.156069,3.801156069,4141.354626,-0.082146686
562.234243,564109,564.104,2203,3842.44186,3.84244186,4141.354626,-0.072177534
562.245909,564159,564.154,2187,3782.54717,3.78254717,4141.354626,-0.086640119
562.348988,564209,564.204,2190,3793.700787,3.793700787,4141.354626,-0.083946889
562.445142,564259,564.254,2218,3899.520511,3.899520511,4141.354626,-0.05839493
562.445361,564309,564.304,2192,3801.156069,3.801156069,4141.354626,-0.082146686
562.445811,564359,564.354,2181,3760.344828,3.760344828,4141.354626,-0.092001249
562.495916,564409,564.404,2185,3775.13089,3.77513089,4141.354626,-0.088430905
562.592399,564459,564.454,2182,3764.035546,3.764035546,4141.354626,-0.091110063
562.595919,564509,564.504,2191,3797.426471,3.797426471,4141.354626,-0.08304726
562.685211,564559,564.554,2187,3782.54717,3.78254717,4141.354626,-0.086640119
562.69592,564609,564.604,2185,3775.13089,3.77513089,4141.354626,-0.088430905
562.801184,564659,564.654,2176,3741.948932,3.741948932,4141.354626,-0.096443249
562.898644,564709,564.704,2170,3720.0,3.72,4141.354626,-0.101743189
562.898862,564759,564.754,2176,3741.948932,3.741948932,4141.354626,-0.096443249
562.899059,564809,564.804,2192,3801.156069,3.801156069,4141.354626,-0.082146686
562.945894,564859,564.854,2198,3823.616236,3.823616236,4141.354626,-0.076723299
563.04356,564909,564.904,2190,3793.700787,3.793700787,4141.354626,-0.083946889
563.045827,564959,564.954,2190,3793.700787,3.793700787,4141.354626,-0.083946889
563.095889,565009,565.004,2174,3734.617387,3.734617387,4141.354626,-0.098213574
563.193694,565059,565.054,2173,3730.957336,3.730957336,4141.354626,-0.099097355
563.195794,565109,565.104,2157,3672.910217,3.672910217,4141.354626,-0.113113812
563.245881,565159,565.154,2176,3741.948932,3.741948932,4141.354626,-0.096443249
563.342967,565209,565.204,2187,3782.54717,3.78254717,4141.354626,-0.086640119
563.345917,565259,565.254,2191,3797.426471,3.797426471,4141.354626,-0.08304726
563.45279,565309,565.304,2196,3816.113744,3.816113744,4141.354626,-0.078534902
563.551302,565359,565.354,2205,3850.0,3.85,4141.354626,-0.070352494
563.551521,565409,565.404,2192,3801.156069,3.801156069,4141.354626,-0.082146686
563.551719,565459,565.454,2204,3846.218932,3.846218932,4141.354626,-0.071265497
563.595996,565509,565.504,2189,3789.979014,3.789979014,4141.354626,-0.084845574
563.69171,565559,565.554,2211,3872.770701,3.872770701,4141.354626,-0.064854124
563.695849,565609,565.604,2180,3756.657963,3.756657963,4141.354626,-0.092891505
563.786706,565659,565.654,2187,3782.54717,3.78254717,4141.354626,-0.086640119
563.795887,565709,565.704,2178,3749.295775,3.749295775,4141.354626,-0.094669229
563.845876,565759,565.754,2182,3764.035546,3.764035546,4141.354626,-0.091110063
563.951472,565809,565.804,2183,3767.730126,3.767730126,4141.354626,-0.090217944
564.048863,565859,565.854,2179,3752.974948,3.752974948,4141.354626,-0.093780831
564.049081,565909,565.904,2188,3786.261143,3.786261143,4141.354626,-0.085743317
564.049276,565959,565.954,2190,3793.700787,3.793700787,4141.354626,-0.083946889
564.095872,566009,566.004,2195,3812.368421,3.812368421,4141.354626,-0.079439274
564.191709,566059,566.054,2193,3804.88959,3.80488959,4141.354626,-0.081245164
564.195851,566109,566.104,2206,3853.785071,3.853785071,4141.354626,-0.069438524
564.245849,566159,566.154,2191,3797.426471,3.797426471,4141.354626,-0.08304726
564.338219,566209,566.204,2171,3723.648649,3.723648649,4141.354626,-0.100862161
564.34585,566259,566.254,2182,3764.035546,3.764035546,4141.354626,-0.091110063
564.395907,566309,566.304,2173,3730.957336,3.730957336,4141.354626,-0.099097355
564.504478,566359,566.354,2171,3723.648649,3.723648649,4141.354626,-0.100862161
564.596076,566409,566.404,2182,3764.035546,3.764035546,4141.354626,-0.091110063
564.596289,566459,566.454,2198,3823.616236,3.823616236,4141.354626,-0.076723299
564.596487,566509,566.504,2184,3771.428571,3.771428571,4141.354626,-0.089324892
564.645877,566559,566.554,2203,3842.44186,3.84244186,4141.354626,-0.072177534
564.758466,566609,566.604,2191,3797.426471,3.797426471,4141.354626,-0.08304726
564.850911,566659,566.654,2196,3816.113744,3.816113744,4141.354626,-0.078534902
564.851123,566709,566.704,2208,3861.36725,3.86136725,4141.354626,-0.067607679
564.851321,566759,566.754,2197,3819.863014,3.819863014,4141.354626,-0.077629578
564.895872,566809,566.804,2173,3730.957336,3.730957336,4141.354626,-0.099097355
565.005853,566859,566.854,2187,3782.54717,3.78254717,4141.354626,-0.086640119
565.105868,566909,566.904,2188,3786.261143,3.786261143,4141.354626,-0.085743317
565.204981,566959,566.954,2179,3752.974948,3.752974948,4141.354626,-0.093780831
565.205202,567009,567.004,2179,3752.974948,3.752974948,4141.354626,-0.093780831
565.205399,567059,567.054,2189,3789.979014,3.789979014,4141.354626,-0.084845574
565.205593,567109,567.104,2187,3782.54717,3.78254717,4141.354626,-0.086640119
565.24588,567159,567.154,2185,3775.13089,3.77513089,4141.354626,-0.088430905
565.336079,567209,567.204,2185,3775.13089,3.77513089,4141.354626,-0.088430905
565.345872,567259,567.254,2185,3775.13089,3.77513089,4141.354626,-0.088430905
565.39597,567309,567.304,2191,3797.426471,3.797426471,4141.354626,-0.08304726
565.494328,567359,567.354,2198,3823.616236,3.823616236,4141.354626,-0.076723299
565.495933,567409,567.404,2175,3738.28125,3.73828125,4141.354626,-0.097328872
565.545856,567459,567.454,2184,3771.428571,3.771428571,4141.354626,-0.089324892
565.642333,567509,567.504,2166,3705.443235,3.705443235,4141.354626,-0.105258166
565.645835,567559,567.554,2170,3720.0,3.72,4141.354626,-0.101743189
565.695907,567609,567.604,2177,3745.620438,3.745620438,4141.354626,-0.095556701
565.801758,567659,567.654,2189,3789.979014,3.789979014,4141.354626,-0.084845574
565.90122,567709,567.704,2188,3786.261143,3.786261143,4141.354626,-0.085743317
565.901443,567759,567.754,2201,3834.899683,3.834899683,4141.354626,-0.07399872
565.90164,567809,567.804,2178,3749.295775,3.749295775,4141.354626,-0.094669229
565.945836,567859,567.854,2184,3771.428571,3.771428571,4141.354626,-0.089324892
566.035573,567909,567.904,2215,3888.031915,3.888031915,4141.354626,-0.061169046
566.045901,567959,567.954,2198,3823.616236,3.823616236,4141.354626,-0.076723299
566.151036,568009,568.004,2182,3764.035546,3.764035546,4141.354626,-0.091110063
566.248564,568059,568.054,2179,3752.974948,3.752974948,4141.354626,-0.093780831
566.248788,568109,568.104,2192,3801.156069,3.801156069,4141.354626,-0.082146686
566.248985,568159,568.154,2180,3756.657963,3.756657963,4141.354626,-0.092891505
566.295854,568209,568.204,2177,3745.620438,3.745620438,4141.354626,-0.095556701
566.394804,568259,568.254,2178,3749.295775,3.749295775,4141.354626,-0.094669229
566.395884,568309,568.304,2189,3789.979014,3.789979014,4141.354626,-0.084845574
566.495064,568359,568.354,2177,3745.620438,3.745620438,4141.354626,-0.095556701
566.495844,568409,568.404,2183,3767.730126,3.767730126,4141.354626,-0.090217944
566.54582,568459,568.454,2183,3767.730126,3.767730126,4141.354626,-0.090217944
566.637714,568509,568.504,2208,3861.36725,3.86136725,4141.354626,-0.067607679
566.645813,568559,568.554,2194,3808.627038,3.808627038,4141.354626,-0.080342694
566.695815,568609,568.604,2182,3764.035546,3.764035546,4141.354626,-0.091110063
566.812167,568659,568.654,2177,3745.620438,3.745620438,4141.354626,-0.095556701
566.926835,568709,568.704,2175,3738.28125,3.73828125,4141.354626,-0.097328872
567.040854,568759,568.754,2169,3716.35514,3.71635514,4141.354626,-0.102623302
567.14494,568809,568.804,2180,3756.657963,3.756657963,4141.354626,-0.092891505
567.265113,568859,568.854,2193,3804.88959,3.80488959,4141.354626,-0.081245164
567.37816,568909,568.904,2192,3801.156069,3.801156069,4141.354626,-0.082146686
567.526792,568959,568.954,2196,3816.113744,3.816113744,4141.354626,-0.078534902
567.68703,569009,569.004,2195,3812.368421,3.812368421,4141.354626,-0.079439274
567.808449,569059,569.054,2198,3823.616236,3.823616236,4141.354626,-0.076723299
567.924241,569109,569.104,2211,3872.770701,3.872770701,4141.354626,-0.064854124
568.023167,569159,569.154,2206,3853.785071,3.853785071,4141.354626,-0.069438524
568.023387,569209,569.204,2192,3801.156069,3.801156069,4141.354626,-0.082146686
568.023586,569259,569.254,2178,3749.295775,3.749295775,4141.354626,-0.094669229
568.023784,569309,569.304,2185,3775.13089,3.77513089,4141.354626,-0.088430905
568.023979,569359,569.354,2189,3789.979014,3.789979014,4141.354626,-0.084845574
568.024173,569409,569.404,2181,3760.344828,3.760344828,4141.354626,-0.092001249
568.024367,569459,569.454,2171,3723.648649,3.723648649,4141.354626,-0.100862161
568.12338,569509,569.504,2169,3716.35514,3.71635514,4141.354626,-0.102623302
568.123606,569559,569.554,2175,3738.28125,3.73828125,4141.354626,-0.097328872
568.123808,569609,569.604,2182,3764.035546,3.764035546,4141.354626,-0.091110063
568.124075,569659,569.654,2175,3738.28125,3.73828125,4141.354626,-0.097328872
568.124272,569709,569.704,2193,3804.88959,3.80488959,4141.354626,-0.081245164
568.124467,569759,569.754,2197,3819.863014,3.819863014,4141.354626,-0.077629578
568.227144,569809,569.804,2177,3745.620438,3.745620438,4141.354626,-0.095556701
568.323445,569859,569.854,2178,3749.295775,3.749295775,4141.354626,-0.094669229
568.323697,569909,569.904,2168,3712.714063,3.712714063,4141.354626,-0.103502501
568.323918,569959,569.954,2166,3705.443235,3.705443235,4141.354626,-0.105258166
568.324143,570009,570.004,2176,3741.948932,3.741948932,4141.354626,-0.096443249
568.324361,570059,570.054,2183,3767.730126,3.767730126,4141.354626,-0.090217944
568.324595,570109,570.104,2201,3834.899683,3.834899683,4141.354626,-0.07399872
568.32482,570159,570.154,2180,3756.657963,3.756657963,4141.354626,-0.092891505
568.325045,570209,570.204,2193,3804.88959,3.80488959,4141.354626,-0.081245164
568.345845,570259,570.254,2192,3801.156069,3.801156069,4141.354626,-0.082146686
568.465263,570309,570.304,2203,3842.44186,3.84244186,4141.354626,-0.072177534
568.585236,570359,570.354,2201,3834.899683,3.834899683,4141.354626,-0.07399872
568.720428,570409,570.404,2197,3819.863014,3.819863014,4141.354626,-0.077629578
568.842456,570459,570.454,2170,3720.0,3.72,4141.354626,-0.101743189
568.944248,570509,570.504,2182,3764.035546,3.764035546,4141.354626,-0.091110063
569.053866,570559,570.554,2178,3749.295775,3.749295775,4141.354626,-0.094669229
569.151951,570609,570.604,2183,3767.730126,3.767730126,4141.354626,-0.090217944
569.152832,570659,570.654,2181,3760.344828,3.760344828,4141.354626,-0.092001249
569.153035,570709,570.704,2188,3786.261143,3.786261143,4141.354626,-0.085743317
569.15323,570759,570.754,2177,3745.620438,3.745620438,4141.354626,-0.095556701
569.153424,570809,570.804,2185,3775.13089,3.77513089,4141.354626,-0.088430905
569.153619,570859,570.854,2184,3771.428571,3.771428571,4141.354626,-0.089324892
569.153812,570909,570.904,2181,3760.344828,3.760344828,4141.354626,-0.092001249
569.154005,570959,570.954,2194,3808.627038,3.808627038,4141.354626,-0.080342694
569.25319,571009,571.004,2191,3797.426471,3.797426471,4141.354626,-0.08304726
569.253412,571059,571.054,2179,3752.974948,3.752974948,4141.354626,-0.093780831
569.253607,571109,571.104,2170,3720.0,3.72,4141.354626,-0.101743189
569.253803,571159,571.154,2172,3727.301092,3.727301092,4141.354626,-0.099980217
569.295849,571209,571.204,2176,3741.948932,3.741948932,4141.354626,-0.096443249
569.393081,571259,571.254,2185,3775.13089,3.77513089,4141.354626,-0.088430905
569.395829,571309,571.304,2186,3778.837087,3.778837087,4141.354626,-0.087535981
569.445827,571359,571.354,2182,3764.035546,3.764035546,4141.354626,-0.091110063
569.536622,571409,571.404,2185,3775.13089,3.77513089,4141.354626,-0.088430905
569.545826,571459,571.454,2191,3797.426471,3.797426471,4141.354626,-0.08304726
569.595871,571509,571.504,2181,3760.344828,3.760344828,4141.354626,-0.092001249
569.693692,571559,571.554,2211,3872.770701,3.872770701,4141.354626,-0.064854124
569.695775,571609,571.604,2198,3823.616236,3.823616236,4141.354626,-0.076723299
569.745796,571659,571.654,2189,3789.979014,3.789979014,4141.354626,-0.084845574
569.851785,571709,571.704,2177,3745.620438,3.745620438,4141.354626,-0.095556701
569.95039,571759,571.754,2179,3752.974948,3.752974948,4141.354626,-0.093780831
569.950615,571809,571.804,2193,3804.88959,3.80488959,4141.354626,-0.081245164
569.950813,571859,571.854,2183,3767.730126,3.767730126,4141.354626,-0.090217944
569.995827,571909,571.904,2176,3741.948932,3.741948932,4141.354626,-0.096443249
570.086794,571959,571.954,2180,3756.657963,3.756657963,4141.354626,-0.092891505
570.09587,572009,572.004,2182,3764.035546,3.764035546,4141.354626,-0.091110063
570.201461,572059,572.054,2179,3752.974948,3.752974948,4141.354626,-0.093780831
570.298979,572109,572.104,2180,3756.657963,3.756657963,4141.354626,-0.092891505
570.299201,572159,572.154,2181,3760.344828,3.760344828,4141.354626,-0.092001249
570.2994,572209,572.204,2193,3804.88959,3.80488959,4141.354626,-0.081245164
570.34579,572259,572.254,2174,3734.617387,3.734617387,4141.354626,-0.098213574
570.436453,572309,572.304,2180,3756.657963,3.756657963,4141.354626,-0.092891505
570.445823,572359,572.354,2163,3694.565217,3.694565217,4141.354626,-0.107884847
570.551606,572409,572.404,2168,3712.714063,3.712714063,4141.354626,-0.103502501
570.642975,572459,572.454,2181,3760.344828,3.760344828,4141.354626,-0.092001249
570.643188,572509,572.504,2181,3760.344828,3.760344828,4141.354626,-0.092001249
570.64583,572559,572.554,2176,3741.948932,3.741948932,4141.354626,-0.096443249
570.695809,572609,572.604,2190,3793.700787,3.793700787,4141.354626,-0.083946889
570.801123,572659,572.654,2189,3789.979014,3.789979014,4141.354626,-0.084845574
570.899224,572709,572.704,2192,3801.156069,3.801156069,4141.354626,-0.082146686
570.899446,572759,572.754,2206,3853.785071,3.853785071,4141.354626,-0.069438524
570.899644,572809,572.804,2183,3767.730126,3.767730126,4141.354626,-0.090217944
570.945829,572859,572.854,2193,3804.88959,3.80488959,4141.354626,-0.081245164
571.043118,572909,572.904,2175,3738.28125,3.73828125,4141.354626,-0.097328872
571.045789,572959,572.954,2181,3760.344828,3.760344828,4141.354626,-0.092001249
571.095895,573009,573.004,2163,3694.565217,3.694565217,4141.354626,-0.107884847
571.186039,573059,573.054,2176,3741.948932,3.741948932,4141.354626,-0.096443249
571.195858,573109,573.104,2169,3716.35514,3.71635514,4141.354626,-0.102623302
571.245795,573159,573.154,2179,3752.974948,3.752974948,4141.354626,-0.093780831
571.349951,573209,573.204,2189,3789.979014,3.789979014,4141.354626,-0.084845574
571.448127,573259,573.254,2190,3793.700787,3.793700787,4141.354626,-0.083946889
571.44836,573309,573.304,2179,3752.974948,3.752974948,4141.354626,-0.093780831
571.44856,573359,573.354,2179,3752.974948,3.752974948,4141.354626,-0.093780831
571.495853,573409,573.404,2189,3789.979014,3.789979014,4141.354626,-0.084845574
571.595325,573459,573.454,2188,3786.261143,3.786261143,4141.354626,-0.085743317
571.595856,573509,573.504,2178,3749.295775,3.749295775,4141.354626,-0.094669229
571.645841,573559,573.554,2168,3712.714063,3.712714063,4141.354626,-0.103502501
571.73659,573609,573.604,2167,3709.076763,3.709076763,4141.354626,-0.104380789
571.745774,573659,573.654,2171,3723.648649,3.723648649,4141.354626,-0.100862161
571.795835,573709,573.704,2176,3741.948932,3.741948932,4141.354626,-0.096443249
571.901885,573759,573.754,2193,3804.88959,3.80488959,4141.354626,-0.081245164
571.999977,573809,573.804,2191,3797.426471,3.797426471,4141.354626,-0.08304726
572.000196,573859,573.854,2203,3842.44186,3.84244186,4141.354626,-0.072177534
572.000392,573909,573.904,2187,3782.54717,3.78254717,4141.354626,-0.086640119
572.045818,573959,573.954,2201,3834.899683,3.834899683,4141.354626,-0.07399872
572.143379,574009,574.004,2196,3816.113744,3.816113744,4141.354626,-0.078534902
572.145756,574059,574.054,2204,3846.218932,3.846218932,4141.354626,-0.071265497
572.195814,574109,574.104,2176,3741.948932,3.741948932,4141.354626,-0.096443249
572.286591,574159,574.154,2174,3734.617387,3.734617387,4141.354626,-0.098213574
572.295828,574209,574.204,2177,3745.620438,3.745620438,4141.354626,-0.095556701
572.400933,574259,574.254,2176,3741.948932,3.741948932,4141.354626,-0.096443249
572.499021,574309,574.304,2181,3760.344828,3.760344828,4141.354626,-0.092001249
572.499244,574359,574.354,2182,3764.035546,3.764035546,4141.354626,-0.091110063
572.499442,574409,574.404,2178,3749.295775,3.749295775,4141.354626,-0.094669229
572.545817,574459,574.454,2171,3723.648649,3.723648649,4141.354626,-0.100862161
572.643538,574509,574.504,2189,3789.979014,3.789979014,4141.354626,-0.084845574
572.64585,574559,574.554,2196,3816.113744,3.816113744,4141.354626,-0.078534902
572.745966,574609,574.604,2191,3797.426471,3.797426471,4141.354626,-0.08304726
572.837646,574659,574.654,2183,3767.730126,3.767730126,4141.354626,-0.090217944
572.837864,574709,574.704,2172,3727.301092,3.727301092,4141.354626,-0.099980217
572.845836,574759,574.754,2165,3701.813472,3.701813472,4141.354626,-0.106134633
572.895833,574809,574.804,2162,3690.946715,3.690946715,4141.354626,-0.108758595
573.002404,574859,574.854,2173,3730.957336,3.730957336,4141.354626,-0.099097355
573.100506,574909,574.904,2187,3782.54717,3.78254717,4141.354626,-0.086640119
573.100732,574959,574.954,2166,3705.443235,3.705443235,4141.354626,-0.105258166
573.100931,575009,575.004,2176,3741.948932,3.741948932,4141.354626,-0.096443249
573.144846,575059,575.054,2185,3775.13089,3.77513089,4141.354626,-0.088430905
573.24217,575109,575.104,2190,3793.700787,3.793700787,4141.354626,-0.083946889
573.244806,575159,575.154,2192,3801.156069,3.801156069,4141.354626,-0.082146686
573.29483,575209,575.204,2217,3895.686901,3.895686901,4141.354626,-0.05932062
573.385714,575259,575.254,2196,3816.113744,3.816113744,4141.354626,-0.078534902
573.395816,575309,575.304,2176,3741.948932,3.741948932,4141.354626,-0.096443249
573.503575,575359,575.354,2181,3760.344828,3.760344828,4141.354626,-0.092001249
573.602708,575409,575.404,2175,3738.28125,3.73828125,4141.354626,-0.097328872
573.602936,575459,575.454,2180,3756.657963,3.756657963,4141.354626,-0.092891505
573.603136,575509,575.504,2180,3756.657963,3.756657963,4141.354626,-0.092891505
573.64483,575559,575.554,2178,3749.295775,3.749295775,4141.354626,-0.094669229
573.742729,575609,575.604,2178,3749.295775,3.749295775,4141.354626,-0.094669229
573.744855,575659,575.654,2177,3745.620438,3.745620438,4141.354626,-0.095556701
573.850292,575709,575.704,2182,3764.035546,3.764035546,4141.354626,-0.091110063
573.943006,575759,575.754,2187,3782.54717,3.78254717,4141.354626,-0.086640119
573.943221,575809,575.804,2200,3831.134565,3.831134565,4141.354626,-0.074907872
573.944866,575859,575.854,2184,3771.428571,3.771428571,4141.354626,-0.089324892
573.994851,575909,575.904,2174,3734.617387,3.734617387,4141.354626,-0.098213574
574.103031,575959,575.954,2156,3669.314079,3.669314079,4141.354626,-0.11398216
574.20066,576009,576.004,2172,3727.301092,3.727301092,4141.354626,-0.099980217
574.200882,576059,576.054,2173,3730.957336,3.730957336,4141.354626,-0.099097355
574.201081,576109,576.104,2180,3756.657963,3.756657963,4141.354626,-0.092891505
574.244871,576159,576.154,2185,3775.13089,3.77513089,4141.354626,-0.088430905
574.347399,576209,576.204,2176,3741.948932,3.741948932,4141.354626,-0.096443249
574.44481,576259,576.254,2188,3786.261143,3.786261143,4141.354626,-0.085743317
574.445033,576309,576.304,2186,3778.837087,3.778837087,4141.354626,-0.087535981
574.44523,576359,576.354,2191,3797.426471,3.797426471,4141.354626,-0.08304726
574.494889,576409,576.404,2215,3888.031915,3.888031915,4141.354626,-0.061169046
574.585358,576459,576.454,2188,3786.261143,3.786261143,4141.354626,-0.085743317
574.59485,576509,576.504,2202,3838.66878,3.83866878,4141.354626,-0.073088608
574.64482,576559,576.554,2168,3712.714063,3.712714063,4141.354626,-0.103502501
574.750649,576609,576.604,2179,3752.974948,3.752974948,4141.354626,-0.093780831
574.843087,576659,576.654,2172,3727.301092,3.727301092,4141.354626,-0.099980217
574.843298,576709,576.704,2179,3752.974948,3.752974948,4141.354626,-0.093780831
574.844783,576759,576.754,2166,3705.443235,3.705443235,4141.354626,-0.105258166
574.894815,576809,576.804,2170,3720.0,3.72,4141.354626,-0.101743189
575.000802,576859,576.854,2182,3764.035546,3.764035546,4141.354626,-0.091110063
575.092827,576909,576.904,2185,3775.13089,3.77513089,4141.354626,-0.088430905
575.093045,576959,576.954,2182,3764.035546,3.764035546,4141.354626,-0.091110063
575.094832,577009,577.004,2214,3884.210526,3.884210526,4141.354626,-0.062091785
575.144817,577059,577.054,2202,3838.66878,3.83866878,4141.354626,-0.073088608
575.250572,577109,577.104,2180,3756.657963,3.756657963,4141.354626,-0.092891505
575.348059,577159,577.154,2170,3720.0,3.72,4141.354626,-0.101743189
575.34828,577209,577.204,2176,3741.948932,3.741948932,4141.354626,-0.096443249
575.348475,577259,577.254,2166,3705.443235,3.705443235,4141.354626,-0.105258166
575.394765,577309,577.304,2172,3727.301092,3.727301092,4141.354626,-0.099980217
575.484811,577359,577.354,2176,3741.948932,3.741948932,4141.354626,-0.096443249
575.494759,577409,577.404,2179,3752.974948,3.752974948,4141.354626,-0.093780831
575.544832,577459,577.454,2181,3760.344828,3.760344828,4141.354626,-0.092001249
575.642498,577509,577.504,2185,3775.13089,3.77513089,4141.354626,-0.088430905
575.644845,577559,577.554,2189,3789.979014,3.789979014,4141.354626,-0.084845574
575.749932,577609,577.604,2198,3823.616236,3.823616236,4141.354626,-0.076723299
575.849455,577659,577.654,2190,3793.700787,3.793700787,4141.354626,-0.083946889
575.849679,577709,577.704,2193,3804.88959,3.80488959,4141.354626,-0.081245164
575.849878,577759,577.754,2180,3756.657963,3.756657963,4141.354626,-0.092891505
575.894843,577809,577.804,2173,3730.957336,3.730957336,4141.354626,-0.099097355
575.993171,577859,577.854,2178,3749.295775,3.749295775,4141.354626,-0.094669229
575.99477,577909,577.904,2173,3730.957336,3.730957336,4141.354626,-0.099097355
576.044827,577959,577.954,2196,3816.113744,3.816113744,4141.354626,-0.078534902
576.143105,578009,578.004,2181,3760.344828,3.760344828,4141.354626,-0.092001249
576.144756,578059,578.054,2171,3723.648649,3.723648649,4141.354626,-0.100862161
576.194853,578109,578.104,2175,3738.28125,3.73828125,4141.354626,-0.097328872
576.285813,578159,578.154,2188,3786.261143,3.786261143,4141.354626,-0.085743317
576.294859,578209,578.204,2192,3801.156069,3.801156069,4141.354626,-0.082146686
576.399734,578259,578.254,2204,3846.218932,3.846218932,4141.354626,-0.071265497
576.497824,578309,578.304,2188,3786.261143,3.786261143,4141.354626,-0.085743317
576.498046,578359,578.354,2177,3745.620438,3.745620438,4141.354626,-0.095556701
576.498242,578409,578.404,2168,3712.714063,3.712714063,4141.354626,-0.103502501
576.544819,578459,578.454,2168,3712.714063,3.712714063,4141.354626,-0.103502501
576.642164,578509,578.504,2168,3712.714063,3.712714063,4141.354626,-0.103502501
576.644886,578559,578.554,2162,3690.946715,3.690946715,4141.354626,-0.108758595
576.735718,578609,578.604,2185,3775.13089,3.77513089,4141.354626,-0.088430905
576.744744,578659,578.654,2184,3771.428571,3.771428571,4141.354626,-0.089324892
576.794832,578709,578.704,2190,3793.700787,3.793700787,4141.354626,-0.083946889
576.901643,578759,578.754,2191,3797.426471,3.797426471,4141.354626,-0.08304726
577.000823,578809,578.804,2183,3767.730126,3.767730126,4141.354626,-0.090217944
577.001044,578859,578.854,2205,3850.0,3.85,4141.354626,-0.070352494
577.001241,578909,578.904,2183,3767.730126,3.767730126,4141.354626,-0.090217944
577.044743,578959,578.954,2191,3797.426471,3.797426471,4141.354626,-0.08304726
577.142241,579009,579.004,2164,3698.187468,3.698187468,4141.354626,-0.107010193
577.144805,579059,579.054,2160,3683.72093,3.68372093,4141.354626,-0.110503383
577.242492,579109,579.104,2179,3752.974948,3.752974948,4141.354626,-0.093780831
577.244815,579159,579.154,2181,3760.344828,3.760344828,4141.354626,-0.092001249
577.33516,579209,579.204,2177,3745.620438,3.745620438,4141.354626,-0.095556701
577.344829,579259,579.254,2171,3723.648649,3.723648649,4141.354626,-0.100862161
577.44903,579309,579.304,2180,3756.657963,3.756657963,4141.354626,-0.092891505
577.546975,579359,579.354,2189,3789.979014,3.789979014,4141.354626,-0.084845574
577.5472,579409,579.404,2190,3793.700787,3.793700787,4141.354626,-0.083946889
577.547399,579459,579.454,2203,3842.44186,3.84244186,4141.354626,-0.072177534
577.59483,579509,579.504,2194,3808.627038,3.808627038,4141.354626,-0.080342694
577.692421,579559,579.554,2189,3789.979014,3.789979014,4141.354626,-0.084845574
577.694758,579609,579.604,2165,3701.813472,3.701813472,4141.354626,-0.106134633
577.744774,579659,579.654,2162,3690.946715,3.690946715,4141.354626,-0.108758595
577.835311,579709,579.704,2166,3705.443235,3.705443235,4141.354626,-0.105258166
577.844821,579759,579.754,2172,3727.301092,3.727301092,4141.354626,-0.099980217
577.950718,579809,579.804,2181,3760.344828,3.760344828,4141.354626,-0.092001249
578.048408,579859,579.854,2176,3741.948932,3.741948932,4141.354626,-0.096443249
578.048629,579909,579.904,2186,3778.837087,3.778837087,4141.354626,-0.087535981
578.048827,579959,579.954,2188,3786.261143,3.786261143,4141.354626,-0.085743317
578.094871,580009,580.004,2188,3786.261143,3.786261143,4141.354626,-0.085743317
578.190774,580059,580.054,2212,3876.579926,3.876579926,4141.354626,-0.063934322
578.194837,580109,580.104,2184,3771.428571,3.771428571,4141.354626,-0.089324892
578.244831,580159,580.154,2189,3789.979014,3.789979014,4141.354626,-0.084845574
578.341866,580209,580.204,2174,3734.617387,3.734617387,4141.354626,-0.098213574
578.34478,580259,580.254,2178,3749.295775,3.749295775,4141.354626,-0.094669229
578.39483,580309,580.304,2171,3723.648649,3.723648649,4141.354626,-0.100862161
578.48533,580359,580.354,2182,3764.035546,3.764035546,4141.354626,-0.091110063
578.494757,580409,580.404,2166,3705.443235,3.705443235,4141.354626,-0.105258166
578.54483,580459,580.454,2169,3716.35514,3.71635514,4141.354626,-0.102623302
578.649389,580509,580.504,2183,3767.730126,3.767730126,4141.354626,-0.090217944
578.746532,580559,580.554,2188,3786.261143,3.786261143,4141.354626,-0.085743317
578.746756,580609,580.604,2188,3786.261143,3.786261143,4141.354626,-0.085743317
578.747021,580659,580.654,2185,3775.13089,3.77513089,4141.354626,-0.088430905
578.794799,580709,580.704,2198,3823.616236,3.823616236,4141.354626,-0.076723299
578.892434,580759,580.754,2181,3760.344828,3.760344828,4141.354626,-0.092001249
578.894752,580809,580.804,2176,3741.948932,3.741948932,4141.354626,-0.096443249
578.944806,580859,580.854,2174,3734.617387,3.734617387,4141.354626,-0.098213574
579.036199,580909,580.904,2168,3712.714063,3.712714063,4141.354626,-0.103502501
579.044808,580959,580.954,2174,3734.617387,3.734617387,4141.354626,-0.098213574
579.148728,581009,581.004,2187,3782.54717,3.78254717,4141.354626,-0.086640119
579.245208,581059,581.054,2177,3745.620438,3.745620438,4141.354626,-0.095556701
579.245431,581109,581.104,2188,3786.261143,3.786261143,4141.354626,-0.085743317
579.245628,581159,581.154,2180,3756.657963,3.756657963,4141.354626,-0.092891505
579.294725,581209,581.204,2186,3778.837087,3.778837087,4141.354626,-0.087535981
579.391491,581259,581.254,2200,3831.134565,3.831134565,4141.354626,-0.074907872
579.394747,581309,581.304,2192,3801.156069,3.801156069,4141.354626,-0.082146686
579.485322,581359,581.354,2190,3793.700787,3.793700787,4141.354626,-0.083946889
579.494826,581409,581.404,2186,3778.837087,3.778837087,4141.354626,-0.087535981
579.599977,581459,581.454,2176,3741.948932,3.741948932,4141.354626,-0.096443249
579.69693,581509,581.504,2169,3716.35514,3.71635514,4141.354626,-0.102623302
579.697151,581559,581.554,2172,3727.301092,3.727301092,4141.354626,-0.099980217
579.697351,581609,581.604,2180,3756.657963,3.756657963,4141.354626,-0.092891505
579.744802,581659,581.654,2162,3690.946715,3.690946715,4141.354626,-0.108758595
579.842088,581709,581.704,2165,3701.813472,3.701813472,4141.354626,-0.106134633
579.844802,581759,581.754,2172,3727.301092,3.727301092,4141.354626,-0.099980217
579.894782,581809,581.804,2189,3789.979014,3.789979014,4141.354626,-0.084845574
579.985133,581859,581.854,2193,3804.88959,3.80488959,4141.354626,-0.081245164
579.994811,581909,581.904,2201,3834.899683,3.834899683,4141.354626,-0.07399872
580.091963,581959,581.954,2188,3786.261143,3.786261143,4141.354626,-0.085743317
580.094837,582009,582.004,2169,3716.35514,3.71635514,4141.354626,-0.102623302
580.198565,582059,582.054,2183,3767.730126,3.767730126,4141.354626,-0.090217944
580.295963,582109,582.104,2167,3709.076763,3.709076763,4141.354626,-0.104380789
580.296185,582159,582.154,2174,3734.617387,3.734617387,4141.354626,-0.098213574
580.296383,582209,582.204,2185,3775.13089,3.77513089,4141.354626,-0.088430905
580.344741,582259,582.254,2181,3760.344828,3.760344828,4141.354626,-0.092001249
580.441292,582309,582.304,2177,3745.620438,3.745620438,4141.354626,-0.095556701
580.444728,582359,582.354,2187,3782.54717,3.78254717,4141.354626,-0.086640119
580.494825,582409,582.404,2187,3782.54717,3.78254717,4141.354626,-0.086640119
580.5917,582459,582.454,2183,3767.730126,3.767730126,4141.354626,-0.090217944
580.594764,582509,582.504,2210,3868.965517,3.868965517,4141.354626,-0.065772949
580.644817,582559,582.554,2185,3775.13089,3.77513089,4141.354626,-0.088430905
580.736106,582609,582.604,2181,3760.344828,3.760344828,4141.354626,-0.092001249
580.744754,582659,582.654,2167,3709.076763,3.709076763,4141.354626,-0.104380789
580.794819,582709,582.704,2171,3723.648649,3.723648649,4141.354626,-0.100862161
580.901169,582759,582.754,2172,3727.301092,3.727301092,4141.354626,-0.099980217
580.998686,582809,582.804,2172,3727.301092,3.727301092,4141.354626,-0.099980217
580.99891,582859,582.854,2166,3705.443235,3.705443235,4141.354626,-0.105258166
580.999108,582909,582.904,2163,3694.565217,3.694565217,4141.354626,-0.107884847
581.044757,582959,582.954,2178,3749.295775,3.749295775,4141.354626,-0.094669229
581.141531,583009,583.004,2180,3756.657963,3.756657963,4141.354626,-0.092891505
581.144771,583059,583.054,2190,3793.700787,3.793700787,4141.354626,-0.083946889
581.234415,583109,583.104,2195,3812.368421,3.812368421,4141.354626,-0.079439274
581.244772,583159,583.154,2186,3778.837087,3.778837087,4141.354626,-0.087535981
581.294792,583209,583.204,2183,3767.730126,3.767730126,4141.354626,-0.090217944
581.398616,583259,583.254,2178,3749.295775,3.749295775,4141.354626,-0.094669229
581.495278,583309,583.304,2165,3701.813472,3.701813472,4141.354626,-0.106134633
581.495498,583359,583.354,2177,3745.620438,3.745620438,4141.354626,-0.095556701
581.495696,583409,583.404,2174,3734.617387,3.734617387,4141.354626,-0.098213574
581.5448,583459,583.454,2179,3752.974948,3.752974948,4141.354626,-0.093780831
581.64139,583509,583.504,2173,3730.957336,3.730957336,4141.354626,-0.099097355
581.644792,583559,583.554,2181,3760.344828,3.760344828,4141.354626,-0.092001249
581.694804,583609,583.604,2189,3789.979014,3.789979014,4141.354626,-0.084845574
581.787436,583659,583.654,2195,3812.368421,3.812368421,4141.354626,-0.079439274
581.794749,583709,583.704,2206,3853.785071,3.853785071,4141.354626,-0.069438524
581.844795,583759,583.754,2179,3752.974948,3.752974948,4141.354626,-0.093780831
581.949,583809,583.804,2190,3793.700787,3.793700787,4141.354626,-0.083946889
582.045602,583859,583.854,2168,3712.714063,3.712714063,4141.354626,-0.103502501
582.045827,583909,583.904,2171,3723.648649,3.723648649,4141.354626,-0.100862161
582.046024,583959,583.954,2173,3730.957336,3.730957336,4141.354626,-0.099097355
582.094815,584009,584.004,2173,3730.957336,3.730957336,4141.354626,-0.099097355
582.192788,584059,584.054,2165,3701.813472,3.701813472,4141.354626,-0.106134633
582.194771,584109,584.104,2174,3734.617387,3.734617387,4141.354626,-0.098213574
582.244734,584159,584.154,2178,3749.295775,3.749295775,4141.354626,-0.094669229
582.334585,584209,584.204,2173,3730.957336,3.730957336,4141.354626,-0.099097355
582.344787,584259,584.254,2200,3831.134565,3.831134565,4141.354626,-0.074907872
582.448336,584309,584.304,2191,3797.426471,3.797426471,4141.354626,-0.08304726
582.545915,584359,584.354,2199,3827.373418,3.827373418,4141.354626,-0.075816064
582.546138,584409,584.404,2186,3778.837087,3.778837087,4141.354626,-0.087535981
582.546336,584459,584.454,2175,3738.28125,3.73828125,4141.354626,-0.097328872
582.594772,584509,584.504,2179,3752.974948,3.752974948,4141.354626,-0.093780831
582.692493,584559,584.554,2171,3723.648649,3.723648649,4141.354626,-0.100862161
582.694757,584609,584.604,2163,3694.565217,3.694565217,4141.354626,-0.107884847
582.792878,584659,584.654,2177,3745.620438,3.745620438,4141.354626,-0.095556701
582.79476,584709,584.704,2178,3749.295775,3.749295775,4141.354626,-0.094669229
582.844801,584759,584.754,2183,3767.730126,3.767730126,4141.354626,-0.090217944
582.935741,584809,584.804,2180,3756.657963,3.756657963,4141.354626,-0.092891505
582.944817,584859,584.854,2187,3782.54717,3.78254717,4141.354626,-0.086640119
583.049523,584909,584.904,2193,3804.88959,3.80488959,4141.354626,-0.081245164
583.146366,584959,584.954,2195,3812.368421,3.812368421,4141.354626,-0.079439274
583.146588,585009,585.004,2181,3760.344828,3.760344828,4141.354626,-0.092001249
583.146786,585059,585.054,2189,3789.979014,3.789979014,4141.354626,-0.084845574
583.194809,585109,585.104,2164,3698.187468,3.698187468,4141.354626,-0.107010193
583.29196,585159,585.154,2191,3797.426471,3.797426471,4141.354626,-0.08304726
583.294801,585209,585.204,2164,3698.187468,3.698187468,4141.354626,-0.107010193
583.34472,585259,585.254,2180,3756.657963,3.756657963,4141.354626,-0.092891505
583.442318,585309,585.304,2181,3760.344828,3.760344828,4141.354626,-0.092001249
583.444699,585359,585.354,2171,3723.648649,3.723648649,4141.354626,-0.100862161
583.494793,585409,585.404,2172,3727.301092,3.727301092,4141.354626,-0.099980217
583.586152,585459,585.454,2187,3782.54717,3.78254717,4141.354626,-0.086640119
583.594798,585509,585.504,2190,3793.700787,3.793700787,4141.354626,-0.083946889
583.644769,585559,585.554,2197,3819.863014,3.819863014,4141.354626,-0.077629578
583.749525,585609,585.604,2197,3819.863014,3.819863014,4141.354626,-0.077629578
583.848781,585659,585.654,2181,3760.344828,3.760344828,4141.354626,-0.092001249
583.849003,585709,585.704,2175,3738.28125,3.73828125,4141.354626,-0.097328872
583.849201,585759,585.754,2171,3723.648649,3.723648649,4141.354626,-0.100862161
583.894792,585809,585.804,2184,3771.428571,3.771428571,4141.354626,-0.089324892
583.991488,585859,585.854,2175,3738.28125,3.73828125,4141.354626,-0.097328872
583.994752,585909,585.904,2183,3767.730126,3.767730126,4141.354626,-0.090217944
584.04478,585959,585.954,2182,3764.035546,3.764035546,4141.354626,-0.091110063
584.134057,586009,586.004,2189,3789.979014,3.789979014,4141.354626,-0.084845574
584.144819,586059,586.054,2184,3771.428571,3.771428571,4141.354626,-0.089324892
584.248674,586109,586.104,2177,3745.620438,3.745620438,4141.354626,-0.095556701
584.34583,586159,586.154,2210,3868.965517,3.868965517,4141.354626,-0.065772949
584.346053,586209,586.204,2192,3801.156069,3.801156069,4141.354626,-0.082146686
584.346251,586259,586.254,2164,3698.187468,3.698187468,4141.354626,-0.107010193
584.394808,586309,586.304,2171,3723.648649,3.723648649,4141.354626,-0.100862161
584.491166,586359,586.354,2173,3730.957336,3.730957336,4141.354626,-0.099097355
584.494724,586409,586.404,2179,3752.974948,3.752974948,4141.354626,-0.093780831
584.544838,586459,586.454,2173,3730.957336,3.730957336,4141.354626,-0.099097355
584.634032,586509,586.504,2168,3712.714063,3.712714063,4141.354626,-0.103502501
584.644788,586559,586.554,2166,3705.443235,3.705443235,4141.354626,-0.105258166
584.694803,586609,586.604,2175,3738.28125,3.73828125,4141.354626,-0.097328872
584.802001,586659,586.654,2203,3842.44186,3.84244186,4141.354626,-0.072177534
584.8991,586709,586.704,2189,3789.979014,3.789979014,4141.354626,-0.084845574
584.899323,586759,586.754,2185,3775.13089,3.77513089,4141.354626,-0.088430905
584.899523,586809,586.804,2180,3756.657963,3.756657963,4141.354626,-0.092891505
584.944721,586859,586.854,2181,3760.344828,3.760344828,4141.354626,-0.092001249
585.034054,586909,586.904,2172,3727.301092,3.727301092,4141.354626,-0.099980217
585.044804,586959,586.954,2155,3665.721649,3.665721649,4141.354626,-0.114849613
585.149532,587009,587.004,2175,3738.28125,3.73828125,4141.354626,-0.097328872
585.238753,587059,587.054,2181,3760.344828,3.760344828,4141.354626,-0.092001249
585.238964,587109,587.104,2179,3752.974948,3.752974948,4141.354626,-0.093780831
585.24474,587159,587.154,2166,3705.443235,3.705443235,4141.354626,-0.105258166
585.294812,587209,587.204,2180,3756.657963,3.756657963,4141.354626,-0.092891505
585.398195,587259,587.254,2175,3738.28125,3.73828125,4141.354626,-0.097328872
585.494625,587309,587.304,2186,3778.837087,3.778837087,4141.354626,-0.087535981
585.494862,587359,587.354,2209,3865.164369,3.865164369,4141.354626,-0.066690801
585.495071,587409,587.404,2174,3734.617387,3.734617387,4141.354626,-0.098213574
585.544752,587459,587.454,2182,3764.035546,3.764035546,4141.354626,-0.091110063
585.643711,587509,587.504,2166,3705.443235,3.705443235,4141.354626,-0.105258166
585.644732,587559,587.554,2171,3723.648649,3.723648649,4141.354626,-0.100862161
585.694741,587609,587.604,2172,3727.301092,3.727301092,4141.354626,-0.099980217
585.785102,587659,587.654,2167,3709.076763,3.709076763,4141.354626,-0.104380789
585.794754,587709,587.704,2165,3701.813472,3.701813472,4141.354626,-0.106134633
585.844759,587759,587.754,2166,3705.443235,3.705443235,4141.354626,-0.105258166
585.94335,587809,587.804,2200,3831.134565,3.831134565,4141.354626,-0.074907872
585.944753,587859,587.854,2174,3734.617387,3.734617387,4141.354626,-0.098213574
585.994764,587909,587.904,2190,3793.700787,3.793700787,4141.354626,-0.083946889
586.099525,587959,587.954,2194,3808.627038,3.808627038,4141.354626,-0.080342694
586.196026,588009,588.004,2195,3812.368421,3.812368421,4141.354626,-0.079439274
586.196248,588059,588.054,2190,3793.700787,3.793700787,4141.354626,-0.083946889
586.196445,588109,588.104,2174,3734.617387,3.734617387,4141.354626,-0.098213574
586.244775,588159,588.154,2179,3752.974948,3.752974948,4141.354626,-0.093780831
586.337128,588209,588.204,2173,3730.957336,3.730957336,4141.354626,-0.099097355
586.344728,588259,588.254,2173,3730.957336,3.730957336,4141.354626,-0.099097355
586.39478,588309,588.304,2174,3734.617387,3.734617387,4141.354626,-0.098213574
586.512338,588359,588.354,2177,3745.620438,3.745620438,4141.354626,-0.095556701
586.641686,588409,588.404,2186,3778.837087,3.778837087,4141.354626,-0.087535981
586.85802,588459,588.454,2186,3778.837087,3.778837087,4141.354626,-0.087535981
587.015974,588509,588.504,2179,3752.974948,3.752974948,4141.354626,-0.093780831
587.191619,588559,588.554,2189,3789.979014,3.789979014,4141.354626,-0.084845574
587.351326,588609,588.604,2196,3816.113744,3.816113744,4141.354626,-0.078534902
587.500366,588659,588.654,2186,3778.837087,3.778837087,4141.354626,-0.087535981
587.632961,588709,588.704,2173,3730.957336,3.730957336,4141.354626,-0.099097355
587.776483,588759,588.754,2165,3701.813472,3.701813472,4141.354626,-0.106134633
587.915765,588809,588.804,2159,3680.113636,3.680113636,4141.354626,-0.111374425
588.066417,588859,588.854,2169,3716.35514,3.71635514,4141.354626,-0.102623302
588.200571,588909,588.904,2175,3738.28125,3.73828125,4141.354626,-0.097328872
588.354334,588959,588.954,2159,3680.113636,3.680113636,4141.354626,-0.111374425
588.500539,589009,589.004,2174,3734.617387,3.734617387,4141.354626,-0.098213574
588.671375,589059,589.054,2171,3723.648649,3.723648649,4141.354626,-0.100862161
588.809501,589109,589.104,2184,3771.428571,3.771428571,4141.354626,-0.089324892
588.9538,589159,589.154,2194,3808.627038,3.808627038,4141.354626,-0.080342694
589.097468,589209,589.204,2205,3850.0,3.85,4141.354626,-0.070352494
589.241476,589259,589.254,2185,3775.13089,3.77513089,4141.354626,-0.088430905
589.362586,589309,589.304,2182,3764.035546,3.764035546,4141.354626,-0.091110063
589.505219,589359,589.354,2177,3745.620438,3.745620438,4141.354626,-0.095556701
589.658745,589409,589.404,2157,3672.910217,3.672910217,4141.354626,-0.113113812
589.802154,589459,589.454,2173,3730.957336,3.730957336,4141.354626,-0.099097355
589.915223,589509,589.504,2181,3760.344828,3.760344828,4141.354626,-0.092001249
590.031209,589559,589.554,2161,3687.331954,3.687331954,4141.354626,-0.10963144
590.121947,589609,589.604,2186,3778.837087,3.778837087,4141.354626,-0.087535981
590.122413,589659,589.654,2185,3775.13089,3.77513089,4141.354626,-0.088430905
590.12262,589709,589.704,2166,3705.443235,3.705443235,4141.354626,-0.105258166
590.122822,589759,589.754,2180,3756.657963,3.756657963,4141.354626,-0.092891505
590.123019,589809,589.804,2205,3850.0,3.85,4141.354626,-0.070352494
590.123218,589859,589.854,2186,3778.837087,3.778837087,4141.354626,-0.087535981
590.123412,589909,589.904,2169,3716.35514,3.71635514,4141.354626,-0.102623302
590.123612,589959,589.954,2163,3694.565217,3.694565217,4141.354626,-0.107884847
590.123808,590009,590.004,2177,3745.620438,3.745620438,4141.354626,-0.095556701
590.124001,590059,590.054,2179,3752.974948,3.752974948,4141.354626,-0.093780831
590.1242,590109,590.104,2176,3741.948932,3.741948932,4141.354626,-0.096443249
590.124394,590159,590.154,2164,3698.187468,3.698187468,4141.354626,-0.107010193
590.124591,590209,590.204,2170,3720.0,3.72,4141.354626,-0.101743189
590.124786,590259,590.254,2178,3749.295775,3.749295775,4141.354626,-0.094669229
590.124987,590309,590.304,2185,3775.13089,3.77513089,4141.354626,-0.088430905
590.125182,590359,590.354,2167,3709.076763,3.709076763,4141.354626,-0.104380789
590.125381,590409,590.404,2184,3771.428571,3.771428571,4141.354626,-0.089324892
590.125575,590459,590.454,2196,3816.113744,3.816113744,4141.354626,-0.078534902
590.12577,590509,590.504,2177,3745.620438,3.745620438,4141.354626,-0.095556701
590.125969,590559,590.554,2176,3741.948932,3.741948932,4141.354626,-0.096443249
590.126166,590609,590.604,2160,3683.72093,3.68372093,4141.354626,-0.110503383
590.126394,590659,590.654,2165,3701.813472,3.701813472,4141.354626,-0.106134633
590.126589,590709,590.704,2176,3741.948932,3.741948932,4141.354626,-0.096443249
590.126788,590759,590.754,2177,3745.620438,3.745620438,4141.354626,-0.095556701
590.126985,590809,590.804,2181,3760.344828,3.760344828,4141.354626,-0.092001249
590.127182,590859,590.854,2180,3756.657963,3.756657963,4141.354626,-0.092891505
590.127377,590909,590.904,2161,3687.331954,3.687331954,4141.354626,-0.10963144
590.127569,590959,590.954,2190,3793.700787,3.793700787,4141.354626,-0.083946889
590.127766,591009,591.004,2216,3891.857371,3.891857371,4141.354626,-0.060245325
590.127959,591059,591.054,2182,3764.035546,3.764035546,4141.354626,-0.091110063
590.12816,591109,591.104,2187,3782.54717,3.78254717,4141.354626,-0.086640119
590.128357,591159,591.154,2179,3752.974948,3.752974948,4141.354626,-0.093780831
590.128557,591209,591.204,2168,3712.714063,3.712714063,4141.354626,-0.103502501
590.128754,591259,591.254,2190,3793.700787,3.793700787,4141.354626,-0.083946889
590.12895,591309,591.304,2170,3720.0,3.72,4141.354626,-0.101743189
590.129148,591359,591.354,2156,3669.314079,3.669314079,4141.354626,-0.11398216
590.129354,591409,591.404,2157,3672.910217,3.672910217,4141.354626,-0.113113812
590.129552,591459,591.454,2155,3665.721649,3.665721649,4141.354626,-0.114849613
590.129746,591509,591.504,2176,3741.948932,3.741948932,4141.354626,-0.096443249
590.129944,591559,591.554,2187,3782.54717,3.78254717,4141.354626,-0.086640119
590.13014,591609,591.604,2189,3789.979014,3.789979014,4141.354626,-0.084845574
590.130387,591659,591.654,2207,3857.574153,3.857574153,4141.354626,-0.068523587
590.13059,591709,591.704,2192,3801.156069,3.801156069,4141.354626,-0.082146686
590.130791,591759,591.754,2186,3778.837087,3.778837087,4141.354626,-0.087535981
590.130988,591809,591.804,2174,3734.617387,3.734617387,4141.354626,-0.098213574
590.131185,591859,591.854,2181,3760.344828,3.760344828,4141.354626,-0.092001249
590.131381,591909,591.904,2183,3767.730126,3.767730126,4141.354626,-0.090217944
590.239661,591959,591.954,2159,3680.113636,3.680113636,4141.354626,-0.111374425
590.340115,592009,592.004,2170,3720.0,3.72,4141.354626,-0.101743189
590.432265,592059,592.054,2180,3756.657963,3.756657963,4141.354626,-0.092891505
590.43248,592109,592.104,2178,3749.295775,3.749295775,4141.354626,-0.094669229
590.432681,592159,592.154,2181,3760.344828,3.760344828,4141.354626,-0.092001249
590.432879,592209,592.204,2186,3778.837087,3.778837087,4141.354626,-0.087535981
590.433079,592259,592.254,2193,3804.88959,3.80488959,4141.354626,-0.081245164
590.433273,592309,592.304,2198,3823.616236,3.823616236,4141.354626,-0.076723299
590.444758,592359,592.354,2176,3741.948932,3.741948932,4141.354626,-0.096443249
590.563199,592409,592.404,2172,3727.301092,3.727301092,4141.354626,-0.099980217
590.674732,592459,592.454,2172,3727.301092,3.727301092,4141.354626,-0.099980217
590.791344,592509,592.504,2181,3760.344828,3.760344828,4141.354626,-0.092001249
590.925006,592559,592.554,2172,3727.301092,3.727301092,4141.354626,-0.099980217
591.04682,592609,592.604,2165,3701.813472,3.701813472,4141.354626,-0.106134633
591.162647,592659,592.654,2169,3716.35514,3.71635514,4141.354626,-0.102623302
591.278706,592709,592.704,2168,3712.714063,3.712714063,4141.354626,-0.103502501
591.377857,592759,592.754,2175,3738.28125,3.73828125,4141.354626,-0.097328872
591.378082,592809,592.804,2182,3764.035546,3.764035546,4141.354626,-0.091110063
591.378281,592859,592.854,2198,3823.616236,3.823616236,4141.354626,-0.076723299
591.378478,592909,592.904,2181,3760.344828,3.760344828,4141.354626,-0.092001249
591.378673,592959,592.954,2173,3730.957336,3.730957336,4141.354626,-0.099097355
591.378866,593009,593.004,2171,3723.648649,3.723648649,4141.354626,-0.100862161
591.484113,593059,593.054,2176,3741.948932,3.741948932,4141.354626,-0.096443249
591.574092,593109,593.104,2170,3720.0,3.72,4141.354626,-0.101743189
591.574303,593159,593.154,2176,3741.948932,3.741948932,4141.354626,-0.096443249
591.574501,593209,593.204,2161,3687.331954,3.687331954,4141.354626,-0.10963144
591.574698,593259,593.254,2182,3764.035546,3.764035546,4141.354626,-0.091110063
591.574892,593309,593.304,2184,3771.428571,3.771428571,4141.354626,-0.089324892
591.575091,593359,593.354,2181,3760.344828,3.760344828,4141.354626,-0.092001249
591.575286,593409,593.404,2185,3775.13089,3.77513089,4141.354626,-0.088430905
591.575481,593459,593.454,2205,3850.0,3.85,4141.354626,-0.070352494
591.594756,593509,593.504,2178,3749.295775,3.749295775,4141.354626,-0.094669229
591.702101,593559,593.554,2180,3756.657963,3.756657963,4141.354626,-0.092891505
591.797962,593609,593.604,2165,3701.813472,3.701813472,4141.354626,-0.106134633
591.798273,593659,593.654,2179,3752.974948,3.752974948,4141.354626,-0.093780831
591.798475,593709,593.704,2174,3734.617387,3.734617387,4141.354626,-0.098213574
591.84471,593759,593.754,2176,3741.948932,3.741948932,4141.354626,-0.096443249
591.944219,593809,593.804,2171,3723.648649,3.723648649,4141.354626,-0.100862161
591.944734,593859,593.854,2166,3705.443235,3.705443235,4141.354626,-0.105258166
592.041314,593909,593.904,2171,3723.648649,3.723648649,4141.354626,-0.100862161
592.044726,593959,593.954,2180,3756.657963,3.756657963,4141.354626,-0.092891505
592.094798,594009,594.004,2168,3712.714063,3.712714063,4141.354626,-0.103502501
592.186721,594059,594.054,2188,3786.261143,3.786261143,4141.354626,-0.085743317
592.194774,594109,594.104,2187,3782.54717,3.78254717,4141.354626,-0.086640119
592.2448,594159,594.154,2186,3778.837087,3.778837087,4141.354626,-0.087535981
592.349193,594209,594.204,2173,3730.957336,3.730957336,4141.354626,-0.099097355
592.445092,594259,594.254,2176,3741.948932,3.741948932,4141.354626,-0.096443249
592.445312,594309,594.304,2168,3712.714063,3.712714063,4141.354626,-0.103502501
592.445509,594359,594.354,2174,3734.617387,3.734617387,4141.354626,-0.098213574
592.494775,594409,594.404,2174,3734.617387,3.734617387,4141.354626,-0.098213574
592.590528,594459,594.454,2185,3775.13089,3.77513089,4141.354626,-0.088430905
592.594797,594509,594.504,2182,3764.035546,3.764035546,4141.354626,-0.091110063
592.683744,594559,594.554,2185,3775.13089,3.77513089,4141.354626,-0.088430905
592.694809,594609,594.604,2187,3782.54717,3.78254717,4141.354626,-0.086640119
592.799426,594659,594.654,2190,3793.700787,3.793700787,4141.354626,-0.083946889
592.895754,594709,594.704,2180,3756.657963,3.756657963,4141.354626,-0.092891505
592.895983,594759,594.754,2182,3764.035546,3.764035546,4141.354626,-0.091110063
592.896183,594809,594.804,2181,3760.344828,3.760344828,4141.354626,-0.092001249
592.944789,594859,594.854,2168,3712.714063,3.712714063,4141.354626,-0.103502501
593.04075,594909,594.904,2171,3723.648649,3.723648649,4141.354626,-0.100862161
593.044786,594959,594.954,2173,3730.957336,3.730957336,4141.354626,-0.099097355
593.094772,595009,595.004,2176,3741.948932,3.741948932,4141.354626,-0.096443249
593.183603,595059,595.054,2169,3716.35514,3.71635514,4141.354626,-0.102623302
593.194687,595109,595.104,2175,3738.28125,3.73828125,4141.354626,-0.097328872
593.244859,595159,595.154,2167,3709.076763,3.709076763,4141.354626,-0.104380789
593.348007,595209,595.204,2184,3771.428571,3.771428571,4141.354626,-0.089324892
593.444542,595259,595.254,2191,3797.426471,3.797426471,4141.354626,-0.08304726
593.444764,595309,595.304,2197,3819.863014,3.819863014,4141.354626,-0.077629578
593.44496,595359,595.354,2185,3775.13089,3.77513089,4141.354626,-0.088430905
593.494723,595409,595.404,2173,3730.957336,3.730957336,4141.354626,-0.099097355
593.591412,595459,595.454,2173,3730.957336,3.730957336,4141.354626,-0.099097355
593.594758,595509,595.504,2171,3723.648649,3.723648649,4141.354626,-0.100862161
593.691629,595559,595.554,2174,3734.617387,3.734617387,4141.354626,-0.098213574
593.6948,595609,595.604,2174,3734.617387,3.734617387,4141.354626,-0.098213574
593.784844,595659,595.654,2173,3730.957336,3.730957336,4141.354626,-0.099097355
593.794694,595709,595.704,2178,3749.295775,3.749295775,4141.354626,-0.094669229
593.84479,595759,595.754,2182,3764.035546,3.764035546,4141.354626,-0.091110063
593.96611,595809,595.804,2184,3771.428571,3.771428571,4141.354626,-0.089324892
594.0843,595859,595.854,2171,3723.648649,3.723648649,4141.354626,-0.100862161
594.189988,595909,595.904,2187,3782.54717,3.78254717,4141.354626,-0.086640119
594.281565,595959,595.954,2198,3823.616236,3.823616236,4141.354626,-0.076723299
594.281779,596009,596.004,2185,3775.13089,3.77513089,4141.354626,-0.088430905
594.281991,596059,596.054,2171,3723.648649,3.723648649,4141.354626,-0.100862161
594.282189,596109,596.104,2172,3727.301092,3.727301092,4141.354626,-0.099980217
594.282388,596159,596.154,2174,3734.617387,3.734617387,4141.354626,-0.098213574
594.29476,596209,596.204,2173,3730.957336,3.730957336,4141.354626,-0.099097355
594.39999,596259,596.254,2166,3705.443235,3.705443235,4141.354626,-0.105258166
594.496785,596309,596.304,2170,3720.0,3.72,4141.354626,-0.101743189
594.497007,596359,596.354,2160,3683.72093,3.68372093,4141.354626,-0.110503383
594.497204,596409,596.404,2176,3741.948932,3.741948932,4141.354626,-0.096443249
594.544763,596459,596.454,2178,3749.295775,3.749295775,4141.354626,-0.094669229
594.640884,596509,596.504,2187,3782.54717,3.78254717,4141.354626,-0.086640119
594.644671,596559,596.554,2180,3756.657963,3.756657963,4141.354626,-0.092891505
594.694711,596609,596.604,2178,3749.295775,3.749295775,4141.354626,-0.094669229
594.78458,596659,596.654,2157,3672.910217,3.672910217,4141.354626,-0.113113812
594.794798,596709,596.704,2170,3720.0,3.72,4141.354626,-0.101743189
594.8981,596759,596.754,2174,3734.617387,3.734617387,4141.354626,-0.098213574
594.994109,596809,596.804,2172,3727.301092,3.727301092,4141.354626,-0.099980217
594.994327,596859,596.854,2166,3705.443235,3.705443235,4141.354626,-0.105258166
594.994694,596909,596.904,2169,3716.35514,3.71635514,4141.354626,-0.102623302
595.044826,596959,596.954,2182,3764.035546,3.764035546,4141.354626,-0.091110063
595.132078,597009,597.004,2182,3764.035546,3.764035546,4141.354626,-0.091110063
595.144737,597059,597.054,2182,3764.035546,3.764035546,4141.354626,-0.091110063
595.194725,597109,597.104,2202,3838.66878,3.83866878,4141.354626,-0.073088608
595.297689,597159,597.154,2183,3767.730126,3.767730126,4141.354626,-0.090217944
595.385719,597209,597.204,2178,3749.295775,3.749295775,4141.354626,-0.094669229
595.385931,597259,597.254,2174,3734.617387,3.734617387,4141.354626,-0.098213574
595.394729,597309,597.304,2170,3720.0,3.72,4141.354626,-0.101743189
595.444747,597359,597.354,2169,3716.35514,3.71635514,4141.354626,-0.102623302
595.548022,597409,597.404,2179,3752.974948,3.752974948,4141.354626,-0.093780831
595.64342,597459,597.454,2159,3680.113636,3.680113636,4141.354626,-0.111374425
595.643644,597509,597.504,2183,3767.730126,3.767730126,4141.354626,-0.090217944
595.644748,597559,597.554,2176,3741.948932,3.741948932,4141.354626,-0.096443249
595.694763,597609,597.604,2169,3716.35514,3.71635514,4141.354626,-0.102623302
595.790684,597659,597.654,2171,3723.648649,3.723648649,4141.354626,-0.100862161
595.79464,597709,597.704,2193,3804.88959,3.80488959,4141.354626,-0.081245164
595.846564,597759,597.754,2195,3812.368421,3.812368421,4141.354626,-0.079439274
595.935902,597809,597.804,2178,3749.295775,3.749295775,4141.354626,-0.094669229
595.944732,597859,597.854,2172,3727.301092,3.727301092,4141.354626,-0.099980217
595.994808,597909,597.904,2168,3712.714063,3.712714063,4141.354626,-0.103502501
596.099068,597959,597.954,2155,3665.721649,3.665721649,4141.354626,-0.114849613
596.197302,598009,598.004,2171,3723.648649,3.723648649,4141.354626,-0.100862161
596.197528,598059,598.054,2169,3716.35514,3.71635514,4141.354626,-0.102623302
596.197729,598109,598.104,2194,3808.627038,3.808627038,4141.354626,-0.080342694
596.244803,598159,598.154,2181,3760.344828,3.760344828,4141.354626,-0.092001249
596.331678,598209,598.204,2185,3775.13089,3.77513089,4141.354626,-0.088430905
596.344727,598259,598.254,2183,3767.730126,3.767730126,4141.354626,-0.090217944
596.39476,598309,598.304,2202,3838.66878,3.83866878,4141.354626,-0.073088608
596.489842,598359,598.354,2179,3752.974948,3.752974948,4141.354626,-0.093780831
596.494706,598409,598.404,2177,3745.620438,3.745620438,4141.354626,-0.095556701
596.544764,598459,598.454,2175,3738.28125,3.73828125,4141.354626,-0.097328872
596.653313,598509,598.504,2172,3727.301092,3.727301092,4141.354626,-0.099980217
596.747822,598559,598.554,2173,3730.957336,3.730957336,4141.354626,-0.099097355
596.748044,598609,598.604,2168,3712.714063,3.712714063,4141.354626,-0.103502501
596.748327,598659,598.654,2167,3709.076763,3.709076763,4141.354626,-0.104380789
596.79469,598709,598.704,2173,3730.957336,3.730957336,4141.354626,-0.099097355
596.897727,598759,598.754,2177,3745.620438,3.745620438,4141.354626,-0.095556701
596.993161,598809,598.804,2165,3701.813472,3.701813472,4141.354626,-0.106134633
596.993387,598859,598.854,2175,3738.28125,3.73828125,4141.354626,-0.097328872
596.994687,598909,598.904,2187,3782.54717,3.78254717,4141.354626,-0.086640119
597.044751,598959,598.954,2199,3827.373418,3.827373418,4141.354626,-0.075816064
597.132872,599009,599.004,2172,3727.301092,3.727301092,4141.354626,-0.099980217
597.144705,599059,599.054,2174,3734.617387,3.734617387,4141.354626,-0.098213574
597.194717,599109,599.104,2170,3720.0,3.72,4141.354626,-0.101743189
597.296059,599159,599.154,2167,3709.076763,3.709076763,4141.354626,-0.104380789
597.397717,599209,599.204,2172,3727.301092,3.727301092,4141.354626,-0.099980217
597.491806,599259,599.254,2175,3738.28125,3.73828125,4141.354626,-0.097328872
597.492027,599309,599.304,2174,3734.617387,3.734617387,4141.354626,-0.098213574
597.492223,599359,599.354,2184,3771.428571,3.771428571,4141.354626,-0.089324892
597.494694,599409,599.404,2187,3782.54717,3.78254717,4141.354626,-0.086640119
597.544704,599459,599.454,2187,3782.54717,3.78254717,4141.354626,-0.086640119
597.631276,599509,599.504,2194,3808.627038,3.808627038,4141.354626,-0.080342694
597.644744,599559,599.554,2190,3793.700787,3.793700787,4141.354626,-0.083946889
597.751621,599609,599.604,2201,3834.899683,3.834899683,4141.354626,-0.07399872
597.87384,599659,599.654,2188,3786.261143,3.786261143,4141.354626,-0.085743317
597.971821,599709,599.704,2170,3720.0,3.72,4141.354626,-0.101743189
597.972044,599759,599.754,2172,3727.301092,3.727301092,4141.354626,-0.099980217
597.97224,599809,599.804,2172,3727.301092,3.727301092,4141.354626,-0.099980217
597.972436,599859,599.854,2176,3741.948932,3.741948932,4141.354626,-0.096443249
597.994716,599909,599.904,2163,3694.565217,3.694565217,4141.354626,-0.107884847
598.088927,599959,599.954,2163,3694.565217,3.694565217,4141.354626,-0.107884847
598.094737,600009,600.004,2157,3672.910217,3.672910217,4141.354626,-0.113113812
598.182146,600059,600.054,2173,3730.957336,3.730957336,4141.354626,-0.099097355
598.194735,600109,600.104,2182,3764.035546,3.764035546,4141.354626,-0.091110063
598.24474,600159,600.154,2199,3827.373418,3.827373418,4141.354626,-0.075816064
598.347442,600209,600.204,2189,3789.979014,3.789979014,4141.354626,-0.084845574
598.447707,600259,600.254,2176,3741.948932,3.741948932,4141.354626,-0.096443249
598.544069,600309,600.304,2173,3730.957336,3.730957336,4141.354626,-0.099097355
598.54429,600359,600.354,2175,3738.28125,3.73828125,4141.354626,-0.097328872
598.544489,600409,600.404,2162,3690.946715,3.690946715,4141.354626,-0.108758595
598.544688,600459,600.454,2180,3756.657963,3.756657963,4141.354626,-0.092891505
598.594732,600509,600.504,2170,3720.0,3.72,4141.354626,-0.101743189
598.681666,600559,600.554,2177,3745.620438,3.745620438,4141.354626,-0.095556701
598.694742,600609,600.604,2186,3778.837087,3.778837087,4141.354626,-0.087535981
598.799095,600659,600.654,2180,3756.657963,3.756657963,4141.354626,-0.092891505
598.894329,600709,600.704,2172,3727.301092,3.727301092,4141.354626,-0.099980217
598.894552,600759,600.754,2191,3797.426471,3.797426471,4141.354626,-0.08304726
598.894749,600809,600.804,2185,3775.13089,3.77513089,4141.354626,-0.088430905
598.94472,600859,600.854,2187,3782.54717,3.78254717,4141.354626,-0.086640119
599.039425,600909,600.904,2173,3730.957336,3.730957336,4141.354626,-0.099097355
599.044749,600959,600.954,2170,3720.0,3.72,4141.354626,-0.101743189
599.139518,601009,601.004,2169,3716.35514,3.71635514,4141.354626,-0.102623302
599.144726,601059,601.054,2174,3734.617387,3.734617387,4141.354626,-0.098213574
599.194752,601109,601.104,2155,3665.721649,3.665721649,4141.354626,-0.114849613
599.281221,601159,601.154,2171,3723.648649,3.723648649,4141.354626,-0.100862161
599.294774,601209,601.204,2164,3698.187468,3.698187468,4141.354626,-0.107010193
599.395892,601259,601.254,2176,3741.948932,3.741948932,4141.354626,-0.096443249
599.493563,601309,601.304,2178,3749.295775,3.749295775,4141.354626,-0.094669229
599.493785,601359,601.354,2187,3782.54717,3.78254717,4141.354626,-0.086640119
599.494704,601409,601.404,2192,3801.156069,3.801156069,4141.354626,-0.082146686
599.544718,601459,601.454,2175,3738.28125,3.73828125,4141.354626,-0.097328872
599.638266,601509,601.504,2174,3734.617387,3.734617387,4141.354626,-0.098213574
599.644739,601559,601.554,2165,3701.813472,3.701813472,4141.354626,-0.106134633
599.731708,601609,601.604,2165,3701.813472,3.701813472,4141.354626,-0.106134633
599.744731,601659,601.654,2168,3712.714063,3.712714063,4141.354626,-0.103502501
599.848688,601709,601.704,2167,3709.076763,3.709076763,4141.354626,-0.104380789
599.94368,601759,601.754,2184,3771.428571,3.771428571,4141.354626,-0.089324892
599.943904,601809,601.804,2186,3778.837087,3.778837087,4141.354626,-0.087535981
599.944726,601859,601.854,2177,3745.620438,3.745620438,4141.354626,-0.095556701
599.994704,601909,601.904,2189,3789.979014,3.789979014,4141.354626,-0.084845574
600.089103,601959,601.954,2201,3834.899683,3.834899683,4141.354626,-0.07399872
600.094751,602009,602.004,2168,3712.714063,3.712714063,4141.354626,-0.103502501
600.188496,602059,602.054,2191,3797.426471,3.797426471,4141.354626,-0.08304726
600.194756,602109,602.104,2179,3752.974948,3.752974948,4141.354626,-0.093780831
600.282151,602159,602.154,2169,3716.35514,3.71635514,4141.354626,-0.102623302
600.294709,602209,602.204,2169,3716.35514,3.71635514,4141.354626,-0.102623302
600.344733,602259,602.254,2188,3786.261143,3.786261143,4141.354626,-0.085743317
600.439928,602309,602.304,2165,3701.813472,3.701813472,4141.354626,-0.106134633
600.444751,602359,602.354,2169,3716.35514,3.71635514,4141.354626,-0.102623302
600.548525,602409,602.404,2167,3709.076763,3.709076763,4141.354626,-0.104380789
600.645599,602459,602.454,2160,3683.72093,3.68372093,4141.354626,-0.110503383
600.645814,602509,602.504,2180,3756.657963,3.756657963,4141.354626,-0.092891505
600.64601,602559,602.554,2187,3782.54717,3.78254717,4141.354626,-0.086640119
600.694709,602609,602.604,2189,3789.979014,3.789979014,4141.354626,-0.084845574
600.783642,602659,602.654,2182,3764.035546,3.764035546,4141.354626,-0.091110063
600.794741,602709,602.704,2172,3727.301092,3.727301092,4141.354626,-0.099980217
600.844749,602759,602.754,2166,3705.443235,3.705443235,4141.354626,-0.105258166
600.947417,602809,602.804,2172,3727.301092,3.727301092,4141.354626,-0.099980217
601.042589,602859,602.854,2182,3764.035546,3.764035546,4141.354626,-0.091110063
601.042809,602909,602.904,2181,3760.344828,3.760344828,4141.354626,-0.092001249
601.044681,602959,602.954,2171,3723.648649,3.723648649,4141.354626,-0.100862161
601.094763,603009,603.004,2175,3738.28125,3.73828125,4141.354626,-0.097328872
601.188992,603059,603.054,2182,3764.035546,3.764035546,4141.354626,-0.091110063
601.194736,603109,603.104,2181,3760.344828,3.760344828,4141.354626,-0.092001249
601.24476,603159,603.154,2179,3752.974948,3.752974948,4141.354626,-0.093780831
601.332394,603209,603.204,2196,3816.113744,3.816113744,4141.354626,-0.078534902
601.344671,603259,603.254,2198,3823.616236,3.823616236,4141.354626,-0.076723299
601.394682,603309,603.304,2184,3771.428571,3.771428571,4141.354626,-0.089324892
601.48942,603359,603.354,2155,3665.721649,3.665721649,4141.354626,-0.114849613
601.494733,603409,603.404,2175,3738.28125,3.73828125,4141.354626,-0.097328872
601.59807,603459,603.454,2172,3727.301092,3.727301092,4141.354626,-0.099980217
601.691492,603509,603.504,2165,3701.813472,3.701813472,4141.354626,-0.106134633
601.691714,603559,603.554,2165,3701.813472,3.701813472,4141.354626,-0.106134633
601.69469,603609,603.604,2164,3698.187468,3.698187468,4141.354626,-0.107010193
601.744716,603659,603.654,2161,3687.331954,3.687331954,4141.354626,-0.10963144
601.839502,603709,603.704,2184,3771.428571,3.771428571,4141.354626,-0.089324892
601.844785,603759,603.754,2173,3730.957336,3.730957336,4141.354626,-0.099097355
601.932026,603809,603.804,2193,3804.88959,3.80488959,4141.354626,-0.081245164
601.944732,603859,603.854,2182,3764.035546,3.764035546,4141.354626,-0.091110063
601.994735,603909,603.904,2174,3734.617387,3.734617387,4141.354626,-0.098213574
602.097109,603959,603.954,2169,3716.35514,3.71635514,4141.354626,-0.102623302
602.191342,604009,604.004,2170,3720.0,3.72,4141.354626,-0.101743189
602.19156,604059,604.054,2167,3709.076763,3.709076763,4141.354626,-0.104380789
602.194669,604109,604.104,2176,3741.948932,3.741948932,4141.354626,-0.096443249
602.244768,604159,604.154,2167,3709.076763,3.709076763,4141.354626,-0.104380789
602.339222,604209,604.204,2185,3775.13089,3.77513089,4141.354626,-0.088430905
602.344742,604259,604.254,2187,3782.54717,3.78254717,4141.354626,-0.086640119
602.394728,604309,604.304,2187,3782.54717,3.78254717,4141.354626,-0.086640119
602.481349,604359,604.354,2190,3793.700787,3.793700787,4141.354626,-0.083946889
602.494741,604409,604.404,2198,3823.616236,3.823616236,4141.354626,-0.076723299
602.597456,604459,604.454,2195,3812.368421,3.812368421,4141.354626,-0.079439274
602.6915,604509,604.504,2183,3767.730126,3.767730126,4141.354626,-0.090217944
602.69172,604559,604.554,2170,3720.0,3.72,4141.354626,-0.101743189
602.694675,604609,604.604,2168,3712.714063,3.712714063,4141.354626,-0.103502501
602.744689,604659,604.654,2166,3705.443235,3.705443235,4141.354626,-0.105258166
602.839156,604709,604.704,2171,3723.648649,3.723648649,4141.354626,-0.100862161
602.844728,604759,604.754,2166,3705.443235,3.705443235,4141.354626,-0.105258166
602.938972,604809,604.804,2170,3720.0,3.72,4141.354626,-0.101743189
602.944698,604859,604.854,2163,3694.565217,3.694565217,4141.354626,-0.107884847
602.994657,604909,604.904,2168,3712.714063,3.712714063,4141.354626,-0.103502501
603.083209,604959,604.954,2178,3749.295775,3.749295775,4141.354626,-0.094669229
603.094685,605009,605.004,2193,3804.88959,3.80488959,4141.354626,-0.081245164
603.20006,605059,605.054,2188,3786.261143,3.786261143,4141.354626,-0.085743317
603.300074,605109,605.104,2183,3767.730126,3.767730126,4141.354626,-0.090217944
603.394592,605159,605.154,2178,3749.295775,3.749295775,4141.354626,-0.094669229
603.394812,605209,605.204,2173,3730.957336,3.730957336,4141.354626,-0.099097355
603.395008,605259,605.254,2167,3709.076763,3.709076763,4141.354626,-0.104380789
603.395205,605309,605.304,2172,3727.301092,3.727301092,4141.354626,-0.099980217
603.444797,605359,605.354,2184,3771.428571,3.771428571,4141.354626,-0.089324892
603.53169,605409,605.404,2182,3764.035546,3.764035546,4141.354626,-0.091110063
603.544622,605459,605.454,2184,3771.428571,3.771428571,4141.354626,-0.089324892
603.594717,605509,605.504,2176,3741.948932,3.741948932,4141.354626,-0.096443249
603.69922,605559,605.554,2190,3793.700787,3.793700787,4141.354626,-0.083946889
603.793421,605609,605.604,2201,3834.899683,3.834899683,4141.354626,-0.07399872
603.793738,605659,605.654,2183,3767.730126,3.767730126,4141.354626,-0.090217944
603.794642,605709,605.704,2188,3786.261143,3.786261143,4141.354626,-0.085743317
603.844715,605759,605.754,2181,3760.344828,3.760344828,4141.354626,-0.092001249
603.939158,605809,605.804,2166,3705.443235,3.705443235,4141.354626,-0.105258166
603.944684,605859,605.854,2168,3712.714063,3.712714063,4141.354626,-0.103502501
603.994705,605909,605.904,2155,3665.721649,3.665721649,4141.354626,-0.114849613
604.08196,605959,605.954,2150,3647.81491,3.64781491,4141.354626,-0.119173498
604.094764,606009,606.004,2156,3669.314079,3.669314079,4141.354626,-0.11398216
604.196819,606059,606.054,2169,3716.35514,3.71635514,4141.354626,-0.102623302
604.291596,606109,606.104,2162,3690.946715,3.690946715,4141.354626,-0.108758595
604.291819,606159,606.154,2182,3764.035546,3.764035546,4141.354626,-0.091110063
604.294709,606209,606.204,2181,3760.344828,3.760344828,4141.354626,-0.092001249
604.344744,606259,606.254,2195,3812.368421,3.812368421,4141.354626,-0.079439274
604.438412,606309,606.304,2181,3760.344828,3.760344828,4141.354626,-0.092001249
604.444727,606359,606.354,2176,3741.948932,3.741948932,4141.354626,-0.096443249
604.494725,606409,606.404,2173,3730.957336,3.730957336,4141.354626,-0.099097355
604.588843,606459,606.454,2167,3709.076763,3.709076763,4141.354626,-0.104380789
604.594751,606509,606.504,2178,3749.295775,3.749295775,4141.354626,-0.094669229
604.681145,606559,606.554,2176,3741.948932,3.741948932,4141.354626,-0.096443249
604.694736,606609,606.604,2164,3698.187468,3.698187468,4141.354626,-0.107010193
604.798107,606659,606.654,2181,3760.344828,3.760344828,4141.354626,-0.092001249
604.89324,606709,606.704,2180,3756.657963,3.756657963,4141.354626,-0.092891505
604.893496,606759,606.754,2181,3760.344828,3.760344828,4141.354626,-0.092001249
604.894673,606809,606.804,2180,3756.657963,3.756657963,4141.354626,-0.092891505
604.944707,606859,606.854,2188,3786.261143,3.786261143,4141.354626,-0.085743317
605.039381,606909,606.904,2186,3778.837087,3.778837087,4141.354626,-0.087535981
605.044737,606959,606.954,2177,3745.620438,3.745620438,4141.354626,-0.095556701
605.138643,607009,607.004,2171,3723.648649,3.723648649,4141.354626,-0.100862161
605.144711,607059,607.054,2170,3720.0,3.72,4141.354626,-0.101743189
605.194732,607109,607.104,2178,3749.295775,3.749295775,4141.354626,-0.094669229
605.281171,607159,607.154,2161,3687.331954,3.687331954,4141.354626,-0.10963144
605.294738,607209,607.204,2153,3658.547889,3.658547889,4141.354626,-0.116581839
605.396673,607259,607.254,2166,3705.443235,3.705443235,4141.354626,-0.105258166
605.490267,607309,607.304,2160,3683.72093,3.68372093,4141.354626,-0.110503383
605.490488,607359,607.354,2173,3730.957336,3.730957336,4141.354626,-0.099097355
605.494644,607409,607.404,2174,3734.617387,3.734617387,4141.354626,-0.098213574
605.544697,607459,607.454,2196,3816.113744,3.816113744,4141.354626,-0.078534902
605.630916,607509,607.504,2189,3789.979014,3.789979014,4141.354626,-0.084845574
605.644699,607559,607.554,2179,3752.974948,3.752974948,4141.354626,-0.093780831
605.69473,607609,607.604,2178,3749.295775,3.749295775,4141.354626,-0.094669229
605.790023,607659,607.654,2178,3749.295775,3.749295775,4141.354626,-0.094669229
605.794755,607709,607.704,2174,3734.617387,3.734617387,4141.354626,-0.098213574
605.844698,607759,607.754,2182,3764.035546,3.764035546,4141.354626,-0.091110063
605.946569,607809,607.804,2170,3720.0,3.72,4141.354626,-0.101743189
606.041137,607859,607.854,2164,3698.187468,3.698187468,4141.354626,-0.107010193
606.041357,607909,607.904,2175,3738.28125,3.73828125,4141.354626,-0.097328872
606.044622,607959,607.954,2180,3756.657963,3.756657963,4141.354626,-0.092891505
606.094764,608009,608.004,2175,3738.28125,3.73828125,4141.354626,-0.097328872
606.188102,608059,608.054,2198,3823.616236,3.823616236,4141.354626,-0.076723299
606.194704,608109,608.104,2191,3797.426471,3.797426471,4141.354626,-0.08304726
606.244727,608159,608.154,2179,3752.974948,3.752974948,4141.354626,-0.093780831
606.331411,608209,608.204,2173,3730.957336,3.730957336,4141.354626,-0.099097355
606.344751,608259,608.254,2161,3687.331954,3.687331954,4141.354626,-0.10963144
606.445557,608309,608.304,2163,3694.565217,3.694565217,4141.354626,-0.107884847
606.539896,608359,608.354,2173,3730.957336,3.730957336,4141.354626,-0.099097355
606.54012,608409,608.404,2159,3680.113636,3.680113636,4141.354626,-0.111374425
606.54471,608459,608.454,2164,3698.187468,3.698187468,4141.354626,-0.107010193
606.594721,608509,608.504,2164,3698.187468,3.698187468,4141.354626,-0.107010193
606.680264,608559,608.554,2173,3730.957336,3.730957336,4141.354626,-0.099097355
606.694736,608609,608.604,2172,3727.301092,3.727301092,4141.354626,-0.099980217
606.79669,608659,608.654,2185,3775.13089,3.77513089,4141.354626,-0.088430905
606.882683,608709,608.704,2176,3741.948932,3.741948932,4141.354626,-0.096443249
606.882897,608759,608.754,2185,3775.13089,3.77513089,4141.354626,-0.088430905
606.894711,608809,608.804,2172,3727.301092,3.727301092,4141.354626,-0.099980217
606.944809,608859,608.854,2172,3727.301092,3.727301092,4141.354626,-0.099980217
607.045791,608909,608.904,2174,3734.617387,3.734617387,4141.354626,-0.098213574
607.138973,608959,608.954,2168,3712.714063,3.712714063,4141.354626,-0.103502501
607.139194,609009,609.004,2164,3698.187468,3.698187468,4141.354626,-0.107010193
607.14469,609059,609.054,2175,3738.28125,3.73828125,4141.354626,-0.097328872
607.194729,609109,609.104,2184,3771.428571,3.771428571,4141.354626,-0.089324892
607.287616,609159,609.154,2181,3760.344828,3.760344828,4141.354626,-0.092001249
607.294678,609209,609.204,2181,3760.344828,3.760344828,4141.354626,-0.092001249
607.344714,609259,609.254,2194,3808.627038,3.808627038,4141.354626,-0.080342694
607.430153,609309,609.304,2178,3749.295775,3.749295775,4141.354626,-0.094669229
607.444654,609359,609.354,2184,3771.428571,3.771428571,4141.354626,-0.089324892
607.494652,609409,609.404,2165,3701.813472,3.701813472,4141.354626,-0.106134633
607.59453,609459,609.454,2169,3716.35514,3.71635514,4141.354626,-0.102623302
607.600754,609509,609.504,2170,3720.0,3.72,4141.354626,-0.101743189
607.69458,609559,609.554,2161,3687.331954,3.687331954,4141.354626,-0.10963144
607.694799,609609,609.604,2159,3680.113636,3.680113636,4141.354626,-0.111374425
607.744716,609659,609.654,2166,3705.443235,3.705443235,4141.354626,-0.105258166
607.838976,609709,609.704,2168,3712.714063,3.712714063,4141.354626,-0.103502501
607.844731,609759,609.754,2159,3680.113636,3.680113636,4141.354626,-0.111374425
607.937486,609809,609.804,2171,3723.648649,3.723648649,4141.354626,-0.100862161
607.944698,609859,609.854,2178,3749.295775,3.749295775,4141.354626,-0.094669229
607.994691,609909,609.904,2183,3767.730126,3.767730126,4141.354626,-0.090217944
608.080244,609959,609.954,2185,3775.13089,3.77513089,4141.354626,-0.088430905
608.094681,610009,610.004,2178,3749.295775,3.749295775,4141.354626,-0.094669229
608.144688,610059,610.054,2172,3727.301092,3.727301092,4141.354626,-0.099980217
608.244481,610109,610.104,2170,3720.0,3.72,4141.354626,-0.101743189
608.24472,610159,610.154,2175,3738.28125,3.73828125,4141.354626,-0.097328872
608.337392,610209,610.204,2180,3756.657963,3.756657963,4141.354626,-0.092891505
608.344653,610259,610.254,2174,3734.617387,3.734617387,4141.354626,-0.098213574
608.394714,610309,610.304,2185,3775.13089,3.77513089,4141.354626,-0.088430905
608.486702,610359,610.354,2184,3771.428571,3.771428571,4141.354626,-0.089324892
608.494642,610409,610.404,2194,3808.627038,3.808627038,4141.354626,-0.080342694
608.544647,610459,610.454,2180,3756.657963,3.756657963,4141.354626,-0.092891505
608.632659,610509,610.504,2191,3797.426471,3.797426471,4141.354626,-0.08304726
608.644702,610559,610.554,2191,3797.426471,3.797426471,4141.354626,-0.08304726
608.74448,610609,610.604,2178,3749.295775,3.749295775,4141.354626,-0.094669229
608.744896,610659,610.654,2167,3709.076763,3.709076763,4141.354626,-0.104380789
608.839843,610709,610.704,2167,3709.076763,3.709076763,4141.354626,-0.104380789
608.844656,610759,610.754,2169,3716.35514,3.71635514,4141.354626,-0.102623302
608.894708,610809,610.804,2175,3738.28125,3.73828125,4141.354626,-0.097328872
608.987002,610859,610.854,2164,3698.187468,3.698187468,4141.354626,-0.107010193
608.994719,610909,610.904,2165,3701.813472,3.701813472,4141.354626,-0.106134633
609.079864,610959,610.954,2160,3683.72093,3.68372093,4141.354626,-0.110503383
609.094699,611009,611.004,2159,3680.113636,3.680113636,4141.354626,-0.111374425
609.144656,611059,611.054,2168,3712.714063,3.712714063,4141.354626,-0.103502501
609.244233,611109,611.104,2189,3789.979014,3.789979014,4141.354626,-0.084845574
609.244646,611159,611.154,2189,3789.979014,3.789979014,4141.354626,-0.084845574
609.294619,611209,611.204,2179,3752.974948,3.752974948,4141.354626,-0.093780831
609.385822,611259,611.254,2165,3701.813472,3.701813472,4141.354626,-0.106134633
609.394662,611309,611.304,2160,3683.72093,3.68372093,4141.354626,-0.110503383
609.486824,611359,611.354,2159,3680.113636,3.680113636,4141.354626,-0.111374425
609.494653,611409,611.404,2173,3730.957336,3.730957336,4141.354626,-0.099097355
609.544696,611459,611.454,2172,3727.301092,3.727301092,4141.354626,-0.099980217
609.629488,611509,611.504,2180,3756.657963,3.756657963,4141.354626,-0.092891505
609.644753,611559,611.554,2185,3775.13089,3.77513089,4141.354626,-0.088430905
609.744216,611609,611.604,2184,3771.428571,3.771428571,4141.354626,-0.089324892
609.744641,611659,611.654,2179,3752.974948,3.752974948,4141.354626,-0.093780831
609.794766,611709,611.704,2205,3850.0,3.85,4141.354626,-0.070352494
609.887975,611759,611.754,2185,3775.13089,3.77513089,4141.354626,-0.088430905
609.894649,611809,611.804,2183,3767.730126,3.767730126,4141.354626,-0.090217944
609.944674,611859,611.854,2182,3764.035546,3.764035546,4141.354626,-0.091110063
610.037559,611909,611.904,2154,3662.132921,3.662132921,4141.354626,-0.115716172
610.044615,611959,611.954,2170,3720.0,3.72,4141.354626,-0.101743189
610.094688,612009,612.004,2156,3669.314079,3.669314079,4141.354626,-0.11398216
610.179518,612059,612.054,2158,3676.510067,3.676510067,4141.354626,-0.112244567
610.194663,612109,612.104,2160,3683.72093,3.68372093,4141.354626,-0.110503383
610.244658,612159,612.154,2160,3683.72093,3.68372093,4141.354626,-0.110503383
610.341218,612209,612.204,2161,3687.331954,3.687331954,4141.354626,-0.10963144
610.344686,612259,612.254,2161,3687.331954,3.687331954,4141.354626,-0.10963144
610.43223,612309,612.304,2183,3767.730126,3.767730126,4141.354626,-0.090217944
610.444626,612359,612.354,2188,3786.261143,3.786261143,4141.354626,-0.085743317
610.494656,612409,612.404,2196,3816.113744,3.816113744,4141.354626,-0.078534902
610.583652,612459,612.454,2177,3745.620438,3.745620438,4141.354626,-0.095556701
610.594708,612509,612.504,2165,3701.813472,3.701813472,4141.354626,-0.106134633
610.675435,612559,612.554,2166,3705.443235,3.705443235,4141.354626,-0.105258166
610.694687,612609,612.604,2174,3734.617387,3.734617387,4141.354626,-0.098213574
610.784213,612659,612.654,2180,3756.657963,3.756657963,4141.354626,-0.092891505
610.794705,612709,612.704,2174,3734.617387,3.734617387,4141.354626,-0.098213574
610.844697,612759,612.754,2190,3793.700787,3.793700787,4141.354626,-0.083946889
610.941351,612809,612.804,2183,3767.730126,3.767730126,4141.354626,-0.090217944
610.944701,612859,612.854,2187,3782.54717,3.78254717,4141.354626,-0.086640119
611.033518,612909,612.904,2206,3853.785071,3.853785071,4141.354626,-0.069438524
611.04463,612959,612.954,2179,3752.974948,3.752974948,4141.354626,-0.093780831
611.094681,613009,613.004,2187,3782.54717,3.78254717,4141.354626,-0.086640119
611.183051,613059,613.054,2174,3734.617387,3.734617387,4141.354626,-0.098213574
611.194634,613109,613.104,2168,3712.714063,3.712714063,4141.354626,-0.103502501
611.244703,613159,613.154,2174,3734.617387,3.734617387,4141.354626,-0.098213574
611.325613,613209,613.204,2168,3712.714063,3.712714063,4141.354626,-0.103502501
611.344648,613259,613.254,2160,3683.72093,3.68372093,4141.354626,-0.110503383
611.394704,613309,613.304,2163,3694.565217,3.694565217,4141.354626,-0.107884847
611.490897,613359,613.354,2167,3709.076763,3.709076763,4141.354626,-0.104380789
611.494661,613409,613.404,2160,3683.72093,3.68372093,4141.354626,-0.110503383
611.544667,613459,613.454,2171,3723.648649,3.723648649,4141.354626,-0.100862161
611.633585,613509,613.504,2184,3771.428571,3.771428571,4141.354626,-0.089324892
611.644681,613559,613.554,2192,3801.156069,3.801156069,4141.354626,-0.082146686
611.725817,613609,613.604,2193,3804.88959,3.80488959,4141.354626,-0.081245164
611.744656,613659,613.654,2176,3741.948932,3.741948932,4141.354626,-0.096443249
611.794682,613709,613.704,2174,3734.617387,3.734617387,4141.354626,-0.098213574
611.885647,613759,613.754,2159,3680.113636,3.680113636,4141.354626,-0.111374425
611.894686,613809,613.804,2176,3741.948932,3.741948932,4141.354626,-0.096443249
611.992752,613859,613.854,2170,3720.0,3.72,4141.354626,-0.101743189
611.994646,613909,613.904,2177,3745.620438,3.745620438,4141.354626,-0.095556701
612.044649,613959,613.954,2179,3752.974948,3.752974948,4141.354626,-0.093780831
612.132927,614009,614.004,2178,3749.295775,3.749295775,4141.354626,-0.094669229
612.144684,614059,614.054,2193,3804.88959,3.80488959,4141.354626,-0.081245164
612.2329,614109,614.104,2185,3775.13089,3.77513089,4141.354626,-0.088430905
612.244666,614159,614.154,2195,3812.368421,3.812368421,4141.354626,-0.079439274
612.294687,614209,614.204,2191,3797.426471,3.797426471,4141.354626,-0.08304726
612.382709,614259,614.254,2171,3723.648649,3.723648649,4141.354626,-0.100862161
612.394664,614309,614.304,2170,3720.0,3.72,4141.354626,-0.101743189
612.444648,614359,614.354,2166,3705.443235,3.705443235,4141.354626,-0.105258166
612.526349,614409,614.404,2172,3727.301092,3.727301092,4141.354626,-0.099980217
612.544637,614459,614.454,2163,3694.565217,3.694565217,4141.354626,-0.107884847
612.594641,614509,614.504,2162,3690.946715,3.690946715,4141.354626,-0.108758595
612.691094,614559,614.554,2171,3723.648649,3.723648649,4141.354626,-0.100862161
612.694652,614609,614.604,2159,3680.113636,3.680113636,4141.354626,-0.111374425
612.785353,614659,614.654,2162,3690.946715,3.690946715,4141.354626,-0.108758595
612.794659,614709,614.704,2164,3698.187468,3.698187468,4141.354626,-0.107010193
612.844651,614759,614.754,2188,3786.261143,3.786261143,4141.354626,-0.085743317
612.933658,614809,614.804,2195,3812.368421,3.812368421,4141.354626,-0.079439274
612.944649,614859,614.854,2170,3720.0,3.72,4141.354626,-0.101743189
612.994661,614909,614.904,2175,3738.28125,3.73828125,4141.354626,-0.097328872
613.076728,614959,614.954,2161,3687.331954,3.687331954,4141.354626,-0.10963144
613.094646,615009,615.004,2177,3745.620438,3.745620438,4141.354626,-0.095556701
613.144619,615059,615.054,2176,3741.948932,3.741948932,4141.354626,-0.096443249
613.245951,615109,615.104,2175,3738.28125,3.73828125,4141.354626,-0.097328872
613.33847,615159,615.154,2181,3760.344828,3.760344828,4141.354626,-0.092001249
613.338689,615209,615.204,2182,3764.035546,3.764035546,4141.354626,-0.091110063
613.344649,615259,615.254,2192,3801.156069,3.801156069,4141.354626,-0.082146686
613.394651,615309,615.304,2165,3701.813472,3.701813472,4141.354626,-0.106134633
613.48655,615359,615.354,2215,3888.031915,3.888031915,4141.354626,-0.061169046
613.494625,615409,615.404,2187,3782.54717,3.78254717,4141.354626,-0.086640119
613.544695,615459,615.454,2179,3752.974948,3.752974948,4141.354626,-0.093780831
613.631713,615509,615.504,2154,3662.132921,3.662132921,4141.354626,-0.115716172
613.644643,615559,615.554,2149,3644.244604,3.644244604,4141.354626,-0.120035608
613.694647,615609,615.604,2154,3662.132921,3.662132921,4141.354626,-0.115716172
613.799334,615659,615.654,2147,3637.11499,3.63711499,4141.354626,-0.121757174
613.892371,615709,615.704,2151,3651.388889,3.651388889,4141.354626,-0.1183105
613.892589,615759,615.754,2149,3644.244604,3.644244604,4141.354626,-0.120035608
613.894671,615809,615.804,2142,3619.354839,3.619354839,4141.354626,-0.126045662
613.944651,615859,615.854,2147,3637.11499,3.63711499,4141.354626,-0.121757174
614.032997,615909,615.904,2151,3651.388889,3.651388889,4141.354626,-0.1183105
614.044626,615959,615.954,2140,3612.276215,3.612276215,4141.354626,-0.127754916
614.09464,616009,616.004,2163,3694.565217,3.694565217,4141.354626,-0.107884847
614.175886,616059,616.054,2152,3654.966547,3.654966547,4141.354626,-0.117446614
614.194642,616109,616.104,2141,3615.813715,3.615813715,4141.354626,-0.126900726
614.291086,616159,616.154,2136,3598.162328,3.598162328,4141.354626,-0.131162952
614.294666,616209,616.204,2147,3637.11499,3.63711499,4141.354626,-0.121757174
614.382534,616259,616.254,2154,3662.132921,3.662132921,4141.354626,-0.115716172
614.394678,616309,616.304,2149,3644.244604,3.644244604,4141.354626,-0.120035608
614.482019,616359,616.354,2151,3651.388889,3.651388889,4141.354626,-0.1183105
614.494657,616409,616.404,2150,3647.81491,3.64781491,4141.354626,-0.119173498
614.544681,616459,616.454,2158,3676.510067,3.676510067,4141.354626,-0.112244567
614.624313,616509,616.504,2150,3647.81491,3.64781491,4141.354626,-0.119173498
614.644643,616559,616.554,2149,3644.244604,3.644244604,4141.354626,-0.120035608
614.694611,616609,616.604,2150,3647.81491,3.64781491,4141.354626,-0.119173498
614.790283,616659,616.654,2149,3644.244604,3.644244604,4141.354626,-0.120035608
614.794645,616709,616.704,2150,3647.81491,3.64781491,4141.354626,-0.119173498
614.844692,616759,616.754,2149,3644.244604,3.644244604,4141.354626,-0.120035608
614.932195,616809,616.804,2148,3640.677966,3.640677966,4141.354626,-0.120896833
614.94461,616859,616.854,2147,3637.11499,3.63711499,4141.354626,-0.121757174
614.994642,616909,616.904,2142,3619.354839,3.619354839,4141.354626,-0.126045662
615.081673,616959,616.954,2144,3626.447975,3.626447975,4141.354626,-0.124332905
615.094551,617009,617.004,2148,3640.677966,3.640677966,4141.354626,-0.120896833
615.14553,617059,617.054,2140,3612.276215,3.612276215,4141.354626,-0.127754916
615.253962,617109,617.104,2149,3644.244604,3.644244604,4141.354626,-0.120035608
615.354442,617159,617.154,2149,3644.244604,3.644244604,4141.354626,-0.120035608
615.440953,617209,617.204,2155,3665.721649,3.665721649,4141.354626,-0.114849613
615.441175,617259,617.254,2143,3622.89959,3.62289959,4141.354626,-0.125189722
615.441373,617309,617.304,2145,3630.0,3.63,4141.354626,-0.123475208
615.444572,617359,617.354,2149,3644.244604,3.644244604,4141.354626,-0.120035608
615.494568,617409,617.404,2145,3630.0,3.63,4141.354626,-0.123475208
615.582493,617459,617.454,2145,3630.0,3.63,4141.354626,-0.123475208
615.594619,617509,617.504,2144,3626.447975,3.626447975,4141.354626,-0.124332905
615.680532,617559,617.554,2141,3615.813715,3.615813715,4141.354626,-0.126900726
615.6946,617609,617.604,2144,3626.447975,3.626447975,4141.354626,-0.124332905
615.783649,617659,617.654,2144,3626.447975,3.626447975,4141.354626,-0.124332905
615.794596,617709,617.704,2143,3622.89959,3.62289959,4141.354626,-0.125189722
615.844584,617759,617.754,2149,3644.244604,3.644244604,4141.354626,-0.120035608
615.93113,617809,617.804,2145,3630.0,3.63,4141.354626,-0.123475208
615.944646,617859,617.854,2143,3622.89959,3.62289959,4141.354626,-0.125189722
616.032363,617909,617.904,2138,3605.212059,3.605212059,4141.354626,-0.129460675
616.044613,617959,617.954,2150,3647.81491,3.64781491,4141.354626,-0.119173498
616.094612,618009,618.004,2148,3640.677966,3.640677966,4141.354626,-0.120896833
616.144638,618059,618.054,2148,3640.677966,3.640677966,4141.354626,-0.120896833
616.194602,618109,618.104,2148,3640.677966,3.640677966,4141.354626,-0.120896833
616.244635,618159,618.154,2153,3658.547889,3.658547889,4141.354626,-0.116581839
