Time,Displacement,Force
(s),(mm),(kN)
"0.0000","0.0000","0.0000"
"0.0200","0.0000","0.0000"
"0.0230","0.0000","0.0000"
"0.0430","0.0000","0.0000"
"0.0630","0.0000","0.0000"
"0.0830","0.0000","0.0000"
"0.1030","0.0001","0.0000"
"0.1230","0.0003","0.0000"
"0.1430","0.0003","0.0001"
"0.1630","0.0004","0.0001"
"0.1830","0.0004","0.0000"
"0.2030","0.0006","-0.0001"
"0.2230","0.0009","-0.0001"
"0.2430","0.0014","0.0000"
"0.2630","0.0020","0.0000"
"0.2830","0.0024","0.0000"
"0.3030","0.0028","0.0000"
"0.3230","0.0032","0.0001"
"0.3430","0.0037","0.0001"
"0.3630","0.0043","0.0001"
"0.3830","0.0048","0.0001"
"0.4030","0.0052","0.0001"
"0.4230","0.0055","0.0002"
"0.4430","0.0058","0.0001"
"0.4630","0.0061","0.0001"
"0.4830","0.0064","0.0001"
"0.5030","0.0067","0.0000"
"0.5230","0.0070","0.0000"
"0.5430","0.0072","0.0001"
"0.5630","0.0075","0.0002"
"0.5830","0.0078","0.0000"
"0.6030","0.0081","0.0000"
"0.6230","0.0085","0.0001"
"0.6430","0.0090","0.0001"
"0.6630","0.0094","0.0001"
"0.6830","0.0099","0.0002"
"0.7030","0.0103","0.0001"
"0.7230","0.0105","0.0001"
"0.7430","0.0108","0.0001"
"0.7630","0.0110","0.0000"
"0.7830","0.0113","0.0001"
"0.8030","0.0116","0.0001"
"0.8230","0.0120","0.0000"
"0.8430","0.0124","0.0000"
"0.8630","0.0128","0.0002"
"0.8830","0.0131","0.0002"
"0.9030","0.0133","0.0003"
"0.9230","0.0135","0.0001"
"0.9430","0.0138","0.0000"
"0.9630","0.0141","0.0001"
"0.9830","0.0144","0.0001"
"1.0030","0.0148","0.0001"
"1.0230","0.0153","0.0001"
"1.0430","0.0157","0.0000"
"1.0630","0.0162","0.0002"
"1.0830","0.0165","0.0001"
"1.1030","0.0169","0.0001"
"1.1230","0.0172","0.0001"
"1.1430","0.0175","0.0002"
"1.1630","0.0178","0.0002"
"1.1830","0.0181","0.0002"
"1.2030","0.0184","0.0002"
"1.2230","0.0186","0.0002"
"1.2430","0.0189","0.0002"
"1.2630","0.0192","0.0001"
"1.2830","0.0195","0.0001"
"1.3030","0.0198","0.0001"
"1.3230","0.0203","0.0002"
"1.3430","0.0208","0.0003"
"1.3630","0.0212","0.0002"
"1.3830","0.0216","0.0002"
"1.4030","0.0219","0.0002"
"1.4230","0.0222","0.0002"
"1.4430","0.0224","0.0002"
"1.4630","0.0226","0.0002"
"1.4830","0.0230","0.0002"
"1.5030","0.0233","0.0002"
"1.5230","0.0237","0.0002"
"1.5430","0.0241","0.0002"
"1.5630","0.0244","0.0002"
"1.5830","0.0246","0.0001"
"1.6030","0.0249","0.0002"
"1.6230","0.0251","0.0001"
"1.6430","0.0254","0.0001"
"1.6630","0.0258","0.0002"
"1.6830","0.0262","0.0002"
"1.7030","0.0267","0.0001"
"1.7230","0.0271","0.0001"
"1.7430","0.0276","0.0001"
"1.7630","0.0280","0.0001"
"1.7830","0.0283","0.0002"
"1.8030","0.0285","0.0002"
"1.8230","0.0288","0.0002"
"1.8430","0.0291","0.0001"
"1.8630","0.0294","0.0002"
"1.8830","0.0297","0.0001"
"1.9030","0.0300","0.0003"
"1.9230","0.0303","0.0002"
"1.9430","0.0305","0.0002"
"1.9630","0.0308","0.0002"
"1.9830","0.0311","0.0002"
"2.0030","0.0315","0.0002"
"2.0230","0.0320","0.0003"
"2.0430","0.0324","0.0003"
"2.0630","0.0329","0.0003"
"2.0830","0.0332","0.0002"
"2.1030","0.0335","0.0004"
"2.1230","0.0338","0.0004"
"2.1430","0.0340","0.0003"
"2.1630","0.0343","0.0004"
"2.1830","0.0347","0.0004"
"2.2030","0.0351","0.0003"
"2.2230","0.0355","0.0002"
"2.2430","0.0358","0.0003"
"2.2630","0.0360","0.0003"
"2.2830","0.0363","0.0003"
"2.3030","0.0365","0.0003"
"2.3230","0.0368","0.0003"
"2.3430","0.0371","0.0003"
"2.3630","0.0375","0.0002"
"2.3830","0.0379","0.0002"
"2.4030","0.0384","0.0002"
"2.4230","0.0388","0.0003"
"2.4430","0.0392","0.0003"
"2.4630","0.0396","0.0003"
"2.4830","0.0399","0.0003"
"2.5030","0.0402","0.0003"
"2.5230","0.0404","0.0003"
"2.5430","0.0408","0.0004"
"2.5630","0.0411","0.0003"
"2.5830","0.0413","0.0003"
"2.6030","0.0416","0.0004"
"2.6230","0.0419","0.0004"
"2.6430","0.0421","0.0004"
"2.6630","0.0424","0.0004"
"2.6830","0.0428","0.0003"
"2.7030","0.0432","0.0004"
"2.7230","0.0437","0.0003"
"2.7430","0.0442","0.0003"
"2.7630","0.0446","0.0003"
"2.7830","0.0449","0.0004"
"2.8030","0.0452","0.0004"
"2.8230","0.0454","0.0004"
"2.8430","0.0457","0.0004"
"2.8630","0.0460","0.0004"
"2.8830","0.0464","0.0003"
"2.9030","0.0468","0.0003"
"2.9230","0.0471","0.0003"
"2.9430","0.0474","0.0004"
"2.9630","0.0476","0.0004"
"2.9830","0.0479","0.0003"
"3.0030","0.0481","0.0003"
"3.0230","0.0484","0.0004"
"3.0430","0.0488","0.0004"
"3.0630","0.0492","0.0004"
"3.0830","0.0496","0.0003"
"3.1030","0.0501","0.0003"
"3.1230","0.0505","0.0003"
"3.1430","0.0508","0.0004"
"3.1630","0.0512","0.0003"
"3.1830","0.0515","0.0002"
"3.2030","0.0518","0.0004"
"3.2230","0.0521","0.0004"
"3.2430","0.0524","0.0004"
"3.2630","0.0527","0.0004"
"3.2830","0.0530","0.0004"
"3.3030","0.0532","0.0004"
"3.3230","0.0535","0.0003"
"3.3430","0.0538","0.0002"
"3.3630","0.0541","0.0004"
"3.3830","0.0545","0.0004"
"3.4030","0.0550","0.0004"
"3.4230","0.0555","0.0004"
"3.4430","0.0559","0.0005"
"3.4630","0.0563","0.0004"
"3.4830","0.0566","0.0004"
"3.5030","0.0568","0.0004"
"3.5230","0.0570","0.0004"
"3.5430","0.0574","0.0003"
"3.5630","0.0577","0.0003"
"3.5830","0.0581","0.0004"
"3.6030","0.0585","0.0004"
"3.6230","0.0588","0.0004"
"3.6430","0.0590","0.0004"
"3.6630","0.0592","0.0004"
"3.6830","0.0595","0.0004"
"3.7030","0.0597","0.0004"
"3.7230","0.0601","0.0004"
"3.7430","0.0605","0.0006"
"3.7630","0.0609","0.0005"
"3.7830","0.0613","0.0005"
"3.8030","0.0618","0.0005"
"3.8230","0.0622","0.0005"
"3.8430","0.0625","0.0006"
"3.8630","0.0629","0.0005"
"3.8830","0.0632","0.0005"
"3.9030","0.0635","0.0005"
"3.9230","0.0638","0.0005"
"3.9430","0.0641","0.0005"
"3.9630","0.0644","0.0004"
"3.9830","0.0646","0.0004"
"4.0030","0.0649","0.0004"
"4.0230","0.0652","0.0004"
"4.0430","0.0655","0.0005"
"4.0630","0.0659","0.0005"
"4.0830","0.0663","0.0005"
"4.1030","0.0668","0.0005"
"4.1230","0.0672","0.0004"
"4.1430","0.0676","0.0005"
"4.1630","0.0679","0.0005"
"4.1830","0.0681","0.0006"
"4.2030","0.0683","0.0005"
"4.2230","0.0686","0.0005"
"4.2430","0.0690","0.0004"
"4.2630","0.0694","0.0004"
"4.2830","0.0697","0.0004"
"4.3030","0.0701","0.0005"
"4.3230","0.0704","0.0005"
"4.3430","0.0706","0.0006"
"4.3630","0.0708","0.0006"
"4.3830","0.0711","0.0006"
"4.4030","0.0714","0.0005"
"4.4230","0.0718","0.0006"
"4.4430","0.0722","0.0006"
"4.4630","0.0727","0.0005"
"4.4830","0.0731","0.0005"
"4.5030","0.0736","0.0005"
"4.5230","0.0739","0.0005"
"4.5430","0.0742","0.0005"
"4.5630","0.0745","0.0005"
"4.5830","0.0748","0.0005"
"4.6030","0.0751","0.0005"
"4.6230","0.0755","0.0005"
"4.6430","0.0757","0.0005"
"4.6630","0.0760","0.0005"
"4.6830","0.0762","0.0006"
"4.7030","0.0765","0.0006"
"4.7230","0.0767","0.0007"
"4.7430","0.0771","0.0007"
"4.7630","0.0775","0.0006"
"4.7830","0.0780","0.0006"
"4.8030","0.0785","0.0006"
"4.8230","0.0789","0.0006"
"4.8430","0.0792","0.0005"
"4.8630","0.0795","0.0005"
"4.8830","0.0798","0.0005"
"4.9030","0.0800","0.0006"
"4.9230","0.0804","0.0005"
"4.9430","0.0807","0.0005"
"4.9630","0.0811","0.0005"
"4.9830","0.0815","0.0006"
"5.0030","0.0818","0.0006"
"5.0230","0.0820","0.0006"
"5.0430","0.0822","0.0005"
"5.0630","0.0825","0.0004"
"5.0830","0.0828","0.0006"
"5.1030","0.0831","0.0005"
"5.1230","0.0835","0.0006"
"5.1430","0.0839","0.0006"
"5.1630","0.0844","0.0006"
"5.1830","0.0848","0.0005"
"5.2030","0.0852","0.0006"
"5.2230","0.0856","0.0007"
"5.2430","0.0859","0.0007"
"5.2630","0.0862","0.0007"
"5.2830","0.0865","0.0006"
"5.3030","0.0868","0.0007"
"5.3230","0.0871","0.0006"
"5.3430","0.0874","0.0006"
"5.3630","0.0876","0.0006"
"5.3830","0.0878","0.0006"
"5.4030","0.0881","0.0007"
"5.4230","0.0884","0.0006"
"5.4430","0.0888","0.0006"
"5.4630","0.0893","0.0006"
"5.4830","0.0898","0.0006"
"5.5030","0.0903","0.0006"
"5.5230","0.0906","0.0007"
"5.5430","0.0909","0.0007"
"5.5630","0.0912","0.0006"
"5.5830","0.0914","0.0007"
"5.6030","0.0917","0.0007"
"5.6230","0.0920","0.0007"
"5.6430","0.0924","0.0007"
"5.6630","0.0928","0.0007"
"5.6830","0.0931","0.0007"
"5.7030","0.0934","0.0005"
"5.7230","0.0936","0.0006"
"5.7430","0.0938","0.0007"
"5.7630","0.0941","0.0007"
"5.7830","0.0944","0.0006"
"5.8030","0.0948","0.0006"
"5.8230","0.0952","0.0006"
"5.8430","0.0956","0.0006"
"5.8630","0.0961","0.0006"
"5.8830","0.0965","0.0006"
"5.9030","0.0969","0.0007"
"5.9230","0.0972","0.0007"
"5.9430","0.0975","0.0007"
"5.9630","0.0978","0.0006"
"5.9830","0.0981","0.0007"
"6.0030","0.0984","0.0007"
"6.0230","0.0987","0.0007"
"6.0430","0.0990","0.0007"
"6.0630","0.0992","0.0008"
"6.0830","0.0995","0.0008"
"6.1030","0.0998","0.0008"
"6.1190","0.1000","0.0007"
"6.1200","0.1000","0.0007"
"6.1210","0.1000","0.0007"
"6.1410","0.1003","0.0007"
"6.1610","0.1004","0.0006"
"6.1810","0.1004","0.0007"
"6.2010","0.1004","0.0007"
"6.2210","0.1004","0.0007"
"6.2410","0.1004","0.0006"
"6.2610","0.1004","0.0006"
"6.2810","0.1004","0.0007"
"6.3010","0.1004","0.0008"
"6.3210","0.1004","0.0008"
"6.3410","0.1004","0.0008"
"6.3610","0.1004","0.0007"
"6.3810","0.1004","0.0007"
"6.4010","0.1003","0.0007"
"6.4210","0.1003","0.0007"
"6.4410","0.1003","0.0007"
"6.4610","0.1003","0.0006"
"6.4810","0.1003","0.0008"
"6.5010","0.1003","0.0007"
"6.5210","0.1003","0.0006"
"6.5410","0.1003","0.0006"
"6.5610","0.1003","0.0007"
"6.5810","0.1003","0.0008"
"6.6010","0.1003","0.0008"
"6.6210","0.1002","0.0007"
"6.6410","0.1002","0.0007"
"6.6610","0.1002","0.0007"
"6.6810","0.1002","0.0007"
"6.7010","0.1002","0.0007"
"6.7210","0.1002","0.0007"
"6.7410","0.1002","0.0006"
"6.7610","0.1002","0.0007"
"6.7810","0.1001","0.0007"
"6.8010","0.1001","0.0007"
"6.8210","0.1001","0.0006"
"6.8410","0.1001","0.0007"
"6.8610","0.1001","0.0007"
"6.8810","0.1001","0.0006"
"6.9010","0.1001","0.0007"
"6.9210","0.1001","0.0007"
"6.9410","0.1001","0.0006"
"6.9610","0.1001","0.0007"
"6.9810","0.1001","0.0007"
"7.0010","0.1001","0.0007"
"7.0210","0.1001","0.0006"
"7.0410","0.1000","0.0006"
"7.0610","0.1000","0.0007"
"7.0810","0.1000","0.0007"
"7.1010","0.1000","0.0007"
"7.1210","0.1000","0.0007"
"7.1410","0.1000","0.0006"
"7.1610","0.1000","0.0007"
"7.1810","0.1000","0.0006"
"7.2010","0.1000","0.0006"
"7.2210","0.1000","0.0007"
"7.2410","0.1000","0.0007"
"7.2610","0.1000","0.0007"
"7.2810","0.1000","0.0007"
"7.3010","0.1000","0.0007"
"7.3210","0.1000","0.0007"
"7.3410","0.1000","0.0006"
"7.3610","0.1000","0.0006"
"7.3810","0.1000","0.0007"
"7.4010","0.1000","0.0008"
"7.4210","0.1000","0.0007"
"7.4410","0.1000","0.0006"
"7.4610","0.1000","0.0005"
"7.4810","0.1000","0.0006"
"7.5010","0.1000","0.0006"
"7.5210","0.1000","0.0006"
"7.5410","0.1000","0.0007"
"7.5610","0.1000","0.0006"
"7.5810","0.1000","0.0005"
"7.6010","0.1000","0.0005"
"7.6210","0.1000","0.0006"
"7.6410","0.1000","0.0006"
"7.6610","0.1000","0.0006"
"7.6810","0.1000","0.0007"
"7.7010","0.1000","0.0006"
"7.7210","0.1000","0.0006"
"7.7410","0.1000","0.0007"
"7.7610","0.1000","0.0007"
"7.7810","0.1000","0.0007"
"7.8010","0.1000","0.0006"
"7.8210","0.1000","0.0006"
"7.8410","0.1000","0.0006"
"7.8610","0.1000","0.0006"
"7.8810","0.1000","0.0006"
"7.9010","0.1000","0.0007"
"7.9210","0.1000","0.0007"
"7.9410","0.1000","0.0007"
"7.9610","0.1000","0.0007"
"7.9810","0.1000","0.0007"
"8.0010","0.1000","0.0007"
"8.0210","0.1000","0.0006"
"8.0410","0.1000","0.0007"
"8.0610","0.1000","0.0006"
"8.0810","0.1000","0.0006"
"8.1010","0.1000","0.0007"
"8.1210","0.1000","0.0007"
"8.1410","0.1000","0.0007"
"8.1610","0.1000","0.0008"
"8.1810","0.1000","0.0007"
"8.2010","0.1000","0.0006"
"8.2210","0.1000","0.0006"
"8.2410","0.1000","0.0006"
"8.2610","0.1000","0.0006"
"8.2810","0.1000","0.0007"
"8.3010","0.1000","0.0008"
"8.3210","0.1000","0.0007"
"8.3410","0.1000","0.0006"
"8.3610","0.1000","0.0006"
"8.3810","0.1000","0.0007"
"8.4010","0.1000","0.0007"
"8.4210","0.1000","0.0007"
"8.4410","0.1000","0.0007"
"8.4610","0.1000","0.0007"
"8.4810","0.1000","0.0007"
"8.5010","0.1000","0.0007"
"8.5210","0.1000","0.0006"
"8.5410","0.1000","0.0006"
"8.5610","0.1000","0.0007"
"8.5810","0.1000","0.0006"
"8.6010","0.1000","0.0006"
"8.6210","0.1000","0.0006"
"8.6410","0.1000","0.0007"
"8.6610","0.1000","0.0006"
"8.6810","0.1000","0.0005"
"8.7010","0.1000","0.0005"
"8.7210","0.1000","0.0005"
"8.7410","0.1000","0.0007"
"8.7610","0.1000","0.0008"
"8.7810","0.1000","0.0007"
"8.8010","0.1000","0.0006"
"8.8210","0.1000","0.0007"
"8.8410","0.1000","0.0007"
"8.8610","0.1000","0.0007"
"8.8810","0.1000","0.0006"
"8.9010","0.1000","0.0006"
"8.9210","0.1000","0.0006"
"8.9410","0.1000","0.0006"
"8.9610","0.1000","0.0006"
"8.9810","0.1000","0.0006"
"9.0010","0.1000","0.0006"
"9.0210","0.1000","0.0006"
"9.0410","0.1000","0.0007"
"9.0610","0.1000","0.0007"
"9.0810","0.1000","0.0007"
"9.1010","0.1000","0.0006"
"9.1210","0.1000","0.0005"
"9.1410","0.1000","0.0005"
"9.1610","0.1000","0.0006"
"9.1810","0.1000","0.0007"
"9.2010","0.1000","0.0006"
"9.2210","0.1000","0.0006"
"9.2410","0.1000","0.0006"
"9.2610","0.1000","0.0007"
"9.2810","0.1000","0.0006"
"9.3010","0.1000","0.0006"
"9.3210","0.1000","0.0006"
"9.3410","0.1000","0.0007"
"9.3610","0.1000","0.0007"
"9.3810","0.1000","0.0006"
"9.4010","0.1000","0.0006"
"9.4210","0.1000","0.0007"
"9.4410","0.1000","0.0007"
"9.4610","0.1000","0.0007"
"9.4810","0.1000","0.0007"
"9.5010","0.1000","0.0007"
"9.5210","0.1000","0.0007"
"9.5410","0.1000","0.0007"
"9.5610","0.1000","0.0006"
"9.5810","0.1000","0.0005"
"9.6010","0.1000","0.0005"
"9.6210","0.1000","0.0005"
"9.6410","0.1000","0.0006"
"9.6610","0.1000","0.0005"
"9.6810","0.1000","0.0005"
"9.7010","0.1000","0.0006"
"9.7210","0.1000","0.0006"
"9.7410","0.1000","0.0006"
"9.7610","0.1000","0.0007"
"9.7810","0.1000","0.0007"
"9.8010","0.1000","0.0007"
"9.8210","0.1000","0.0007"
"9.8410","0.1000","0.0006"
"9.8610","0.1000","0.0005"
"9.8810","0.1000","0.0005"
"9.9010","0.1000","0.0006"
"9.9210","0.1000","0.0006"
"9.9410","0.1000","0.0007"
"9.9610","0.1000","0.0007"
"9.9810","0.1000","0.0007"
"10.0010","0.1000","0.0006"
"10.0210","0.1000","0.0007"
"10.0410","0.1000","0.0006"
"10.0610","0.1000","0.0006"
"10.0810","0.1000","0.0007"
"10.1010","0.1000","0.0007"
"10.1210","0.1000","0.0007"
"10.1410","0.1000","0.0006"
"10.1610","0.1000","0.0006"
"10.1810","0.1000","0.0006"
"10.2010","0.1000","0.0006"
"10.2210","0.1000","0.0006"
"10.2410","0.1000","0.0006"
"10.2610","0.1000","0.0006"
"10.2810","0.1000","0.0006"
"10.3010","0.1000","0.0007"
"10.3210","0.1000","0.0006"
"10.3410","0.1000","0.0007"
"10.3610","0.1000","0.0006"
"10.3810","0.1000","0.0006"
"10.4010","0.1000","0.0006"
"10.4210","0.1000","0.0006"
"10.4410","0.1000","0.0007"
"10.4610","0.1000","0.0006"
"10.4810","0.1000","0.0006"
"10.5010","0.1000","0.0006"
"10.5210","0.1000","0.0007"
"10.5410","0.1000","0.0008"
"10.5610","0.1000","0.0008"
"10.5810","0.1000","0.0007"
"10.6010","0.1000","0.0006"
"10.6210","0.1000","0.0006"
"10.6410","0.1000","0.0006"
"10.6610","0.1000","0.0006"
"10.6810","0.1000","0.0006"
"10.7010","0.1000","0.0006"
"10.7210","0.1000","0.0006"
"10.7410","0.1000","0.0006"
"10.7610","0.1000","0.0007"
"10.7810","0.1000","0.0007"
"10.8010","0.1000","0.0007"
"10.8210","0.1000","0.0007"
"10.8410","0.1000","0.0007"
"10.8610","0.1000","0.0007"
"10.8810","0.1000","0.0006"
"10.9010","0.1000","0.0006"
"10.9210","0.1000","0.0006"
"10.9410","0.1000","0.0007"
"10.9610","0.1000","0.0006"
"10.9810","0.1000","0.0006"
"11.0010","0.1000","0.0006"
"11.0210","0.1000","0.0006"
"11.0410","0.1000","0.0006"
"11.0610","0.1000","0.0005"
"11.0810","0.1000","0.0006"
"11.1010","0.1000","0.0007"
"11.1210","0.1000","0.0007"
"11.1410","0.1000","0.0006"
"11.1610","0.1000","0.0006"
"11.1810","0.1000","0.0006"
"11.2010","0.1000","0.0005"
"11.2210","0.1000","0.0006"
"11.2410","0.1000","0.0006"
"11.2610","0.1000","0.0006"
"11.2810","0.1000","0.0007"
"11.3010","0.1000","0.0006"
"11.3210","0.1000","0.0006"
"11.3410","0.1000","0.0006"
"11.3610","0.1000","0.0007"
"11.3810","0.1000","0.0007"
"11.4010","0.1000","0.0007"
"11.4210","0.1000","0.0006"
"11.4410","0.1000","0.0006"
"11.4610","0.1000","0.0008"
"11.4810","0.1000","0.0006"
"11.5010","0.1000","0.0005"
"11.5210","0.1000","0.0005"
"11.5410","0.1000","0.0005"
"11.5610","0.1000","0.0006"
"11.5810","0.1000","0.0008"
"11.6010","0.1000","0.0007"
"11.6210","0.1000","0.0007"
"11.6410","0.1000","0.0006"
"11.6610","0.1000","0.0005"
"11.6810","0.1000","0.0005"
"11.7010","0.1000","0.0005"
"11.7210","0.1000","0.0006"
"11.7410","0.1000","0.0006"
"11.7610","0.1000","0.0006"
"11.7810","0.1000","0.0006"
"11.8010","0.1000","0.0005"
"11.8210","0.1000","0.0006"
"11.8410","0.1000","0.0006"
"11.8610","0.1000","0.0006"
"11.8810","0.1000","0.0006"
"11.9010","0.1000","0.0007"
"11.9210","0.1000","0.0006"
"11.9410","0.1000","0.0006"
"11.9610","0.1000","0.0005"
"11.9810","0.1000","0.0006"
"12.0010","0.1000","0.0006"
"12.0210","0.1000","0.0005"
"12.0410","0.1000","0.0006"
"12.0610","0.1000","0.0006"
"12.0810","0.1000","0.0005"
"12.1010","0.1000","0.0006"
"12.1210","0.1000","0.0007"
"12.1410","0.1000","0.0007"
"12.1610","0.1000","0.0007"
"12.1810","0.1000","0.0006"
"12.2010","0.1000","0.0005"
"12.2210","0.1000","0.0005"
"12.2410","0.1000","0.0007"
"12.2610","0.1000","0.0007"
"12.2810","0.1000","0.0007"
"12.3010","0.1000","0.0006"
"12.3210","0.1000","0.0006"
"12.3410","0.1000","0.0006"
"12.3610","0.1000","0.0005"
"12.3810","0.1000","0.0005"
"12.4010","0.1000","0.0006"
"12.4210","0.1000","0.0007"
"12.4410","0.1000","0.0007"
"12.4610","0.1000","0.0006"
"12.4810","0.1000","0.0006"
"12.5010","0.1000","0.0006"
"12.5210","0.1000","0.0006"
"12.5410","0.1000","0.0006"
"12.5610","0.1000","0.0006"
"12.5810","0.1000","0.0007"
"12.6010","0.1000","0.0007"
"12.6210","0.1000","0.0007"
"12.6410","0.1000","0.0006"
"12.6610","0.1000","0.0005"
"12.6810","0.1000","0.0004"
"12.7010","0.1000","0.0006"
"12.7210","0.1000","0.0006"
"12.7410","0.1000","0.0006"
"12.7610","0.1000","0.0007"
"12.7810","0.1000","0.0007"
"12.8010","0.1000","0.0007"
"12.8210","0.1000","0.0006"
"12.8410","0.1000","0.0006"
"12.8610","0.1000","0.0006"
"12.8810","0.1000","0.0006"
"12.9010","0.1000","0.0006"
"12.9210","0.1000","0.0006"
"12.9410","0.1000","0.0006"
"12.9610","0.1000","0.0006"
"12.9810","0.1000","0.0006"
"13.0010","0.1000","0.0007"
"13.0210","0.1000","0.0007"
"13.0410","0.1000","0.0006"
"13.0610","0.1000","0.0006"
"13.0810","0.1000","0.0006"
"13.1010","0.1000","0.0006"
"13.1210","0.1000","0.0007"
"13.1410","0.1000","0.0006"
"13.1610","0.1000","0.0006"
"13.1810","0.1000","0.0006"
"13.2010","0.1000","0.0005"
"13.2210","0.1000","0.0006"
"13.2410","0.1000","0.0006"
"13.2610","0.1000","0.0006"
"13.2810","0.1000","0.0006"
"13.3010","0.1000","0.0006"
"13.3210","0.1000","0.0006"
"13.3410","0.1000","0.0006"
"13.3610","0.1000","0.0006"
"13.3810","0.1000","0.0006"
"13.4010","0.1000","0.0006"
"13.4210","0.1000","0.0007"
"13.4410","0.1000","0.0008"
"13.4610","0.1000","0.0006"
"13.4810","0.1000","0.0006"
"13.5010","0.1000","0.0006"
"13.5210","0.1000","0.0006"
"13.5410","0.1000","0.0006"
"13.5610","0.1000","0.0006"
"13.5810","0.1000","0.0006"
"13.6010","0.1000","0.0006"
"13.6210","0.1000","0.0006"
"13.6410","0.1000","0.0006"
"13.6610","0.1000","0.0007"
"13.6810","0.1000","0.0007"
"13.7010","0.1000","0.0007"
"13.7210","0.1000","0.0007"
"13.7410","0.1000","0.0007"
"13.7610","0.1000","0.0006"
"13.7810","0.1000","0.0006"
"13.8010","0.1000","0.0006"
"13.8210","0.1000","0.0005"
"13.8410","0.1000","0.0006"
"13.8610","0.1000","0.0007"
"13.8810","0.1000","0.0007"
"13.9010","0.1000","0.0007"
"13.9210","0.1000","0.0006"
"13.9410","0.1000","0.0006"
"13.9610","0.1000","0.0007"
"13.9810","0.1000","0.0006"
"14.0010","0.1000","0.0006"
"14.0210","0.1000","0.0007"
"14.0410","0.1000","0.0006"
"14.0610","0.1000","0.0006"
"14.0810","0.1000","0.0006"
"14.1010","0.1000","0.0006"
"14.1210","0.1000","0.0006"
"14.1410","0.1000","0.0006"
"14.1610","0.1000","0.0006"
"14.1810","0.1000","0.0006"
"14.2010","0.1000","0.0005"
"14.2210","0.1000","0.0005"
"14.2410","0.1000","0.0006"
"14.2610","0.1000","0.0007"
"14.2810","0.1000","0.0007"
"14.3010","0.1000","0.0007"
"14.3210","0.1000","0.0007"
"14.3410","0.1000","0.0007"
"14.3610","0.1000","0.0007"
"14.3810","0.1000","0.0007"
"14.4010","0.1000","0.0007"
"14.4210","0.1000","0.0007"
"14.4410","0.1000","0.0007"
"14.4610","0.1000","0.0007"
"14.4810","0.1000","0.0007"
"14.5010","0.1000","0.0006"
"14.5210","0.1000","0.0006"
"14.5410","0.1000","0.0006"
"14.5610","0.1000","0.0006"
"14.5810","0.1000","0.0005"
"14.6010","0.1000","0.0006"
"14.6210","0.1000","0.0006"
"14.6410","0.1000","0.0005"
"14.6610","0.1000","0.0004"
"14.6810","0.1000","0.0004"
"14.7010","0.1000","0.0006"
"14.7210","0.1000","0.0006"
"14.7410","0.1000","0.0006"
"14.7610","0.1000","0.0006"
"14.7810","0.1000","0.0005"
"14.8010","0.1000","0.0006"
"14.8210","0.1000","0.0006"
"14.8410","0.1000","0.0007"
"14.8610","0.1000","0.0006"
"14.8810","0.1000","0.0005"
"14.9010","0.1000","0.0005"
"14.9210","0.1000","0.0006"
"14.9410","0.1000","0.0007"
"14.9610","0.1000","0.0007"
"14.9810","0.1000","0.0006"
"15.0010","0.1000","0.0006"
"15.0210","0.1000","0.0006"
"15.0410","0.1000","0.0006"
"15.0610","0.1000","0.0006"
"15.0810","0.1000","0.0005"
"15.1010","0.1000","0.0005"
"15.1210","0.1000","0.0006"
"15.1410","0.1000","0.0006"
"15.1610","0.1000","0.0006"
"15.1810","0.1000","0.0006"
"15.2010","0.1000","0.0006"
"15.2210","0.1000","0.0005"
"15.2410","0.1000","0.0005"
"15.2610","0.1000","0.0004"
"15.2810","0.1000","0.0006"
"15.3010","0.1000","0.0006"
"15.3210","0.1000","0.0006"
"15.3410","0.1000","0.0006"
"15.3610","0.1000","0.0006"
"15.3810","0.1000","0.0006"
"15.4010","0.1000","0.0006"
"15.4210","0.1000","0.0006"
"15.4410","0.1000","0.0006"
"15.4610","0.1000","0.0006"
"15.4810","0.1000","0.0006"
"15.5010","0.1000","0.0006"
"15.5210","0.1000","0.0006"
"15.5410","0.1000","0.0006"
"15.5610","0.1000","0.0006"
"15.5810","0.1000","0.0005"
"15.6010","0.1000","0.0006"
"15.6210","0.1000","0.0006"
"15.6410","0.1000","0.0006"
"15.6610","0.1000","0.0006"
"15.6810","0.1000","0.0005"
"15.7010","0.1000","0.0006"
"15.7210","0.1000","0.0005"
"15.7410","0.1000","0.0006"
"15.7610","0.1000","0.0006"
"15.7810","0.1000","0.0006"
"15.8010","0.1000","0.0006"
"15.8210","0.1000","0.0006"
"15.8410","0.1000","0.0005"
"15.8610","0.1000","0.0005"
"15.8810","0.1000","0.0006"
"15.9010","0.1000","0.0006"
"15.9210","0.1000","0.0006"
"15.9410","0.1000","0.0006"
"15.9610","0.1000","0.0006"
"15.9810","0.1000","0.0005"
"16.0010","0.1000","0.0005"
"16.0210","0.1000","0.0005"
"16.0410","0.1000","0.0006"
"16.0610","0.1000","0.0006"
"16.0810","0.1000","0.0006"
"16.1010","0.1000","0.0005"
"16.1200","0.1000","0.0006"
"16.1210","0.1000","0.0006"
"16.1330","0.1000","0.0006"
"16.1530","0.1005","0.0008"
"16.1730","0.1113","0.0014"
"16.1930","0.1501","0.0018"
"16.2130","0.2188","0.0016"
"16.2330","0.2983","0.0015"
"16.2530","0.3776","0.0016"
"16.2730","0.4566","0.0015"
"16.2930","0.5370","0.0015"
"16.3130","0.6187","0.0015"
"16.3330","0.7005","0.0015"
"16.3530","0.7814","0.0014"
"16.3730","0.8617","0.0014"
"16.3930","0.9416","0.0014"
"16.4130","1.0214","0.0015"
"16.4330","1.1014","0.0015"
"16.4530","1.1815","0.0014"
"16.4730","1.2616","0.0014"
"16.4930","1.3416","0.0014"
"16.5130","1.4217","0.0013"
"16.5330","1.5017","0.0013"
"16.5530","1.5817","0.0014"
"16.5730","1.6617","0.0013"
"16.5930","1.7417","0.0013"
"16.6130","1.8216","0.0013"
"16.6330","1.9016","0.0013"
"16.6530","1.9817","0.0014"
"16.6730","2.0617","0.0014"
"16.6930","2.1417","0.0013"
"16.7130","2.2217","0.0013"
"16.7330","2.3017","0.0013"
"16.7530","2.3817","0.0014"
"16.7730","2.4617","0.0013"
"16.7930","2.5417","0.0014"
"16.8130","2.6217","0.0013"
"16.8330","2.7016","0.0014"
"16.8530","2.7817","0.0013"
"16.8730","2.8617","0.0013"
"16.8930","2.9417","0.0013"
"16.9080","3.0017","0.0014"
"16.9090","3.0057","0.0014"
"16.9100","3.0097","0.0014"
"16.9300","3.0888","0.0010"
"16.9500","3.1535","0.0005"
"16.9700","3.1840","0.0005"
"16.9900","3.1727","0.0005"
"17.0100","3.1207","0.0007"
"17.0300","3.0426","0.0014"
"17.0500","2.9612","0.0014"
"17.0700","2.8834","0.0015"
"17.0900","2.8059","0.0014"
"17.1100","2.7261","0.0014"
"17.1300","2.6441","0.0013"
"17.1500","2.5619","0.0013"
"17.1700","2.4807","0.0014"
"17.1900","2.4004","0.0014"
"17.2100","2.3206","0.0013"
"17.2300","2.2408","0.0013"
"17.2500","2.1608","0.0011"
"17.2700","2.0807","0.0012"
"17.2900","2.0006","0.0013"
"17.3100","1.9205","0.0013"
"17.3300","1.8404","0.0013"
"17.3500","1.7604","0.0013"
"17.3700","1.6804","0.0013"
"17.3900","1.6004","0.0013"
"17.4100","1.5204","0.0014"
"17.4300","1.4404","0.0014"
"17.4500","1.3604","0.0013"
"17.4700","1.2804","0.0012"
"17.4900","1.2004","0.0012"
"17.5100","1.1203","0.0012"
"17.5300","1.0403","0.0013"
"17.5500","0.9604","0.0012"
"17.5700","0.8804","0.0012"
"17.5900","0.8004","0.0012"
"17.6100","0.7204","0.0013"
"17.6300","0.6404","0.0013"
"17.6500","0.5604","0.0012"
"17.6700","0.4804","0.0011"
"17.6900","0.4003","0.0010"
"17.7100","0.3204","0.0010"
"17.7300","0.2404","0.0009"
"17.7500","0.1604","0.0006"
"17.7660","0.0964","0.0001"
"17.7670","0.0924","0.0001"
"17.7680","0.0884","0.0000"
"17.7880","0.0095","-0.0005"
"17.8080","-0.0548","-0.0005"
"17.8280","-0.0840","-0.0005"
"17.8480","-0.0703","-0.0002"
"17.8680","-0.0157","0.0002"
"17.8880","0.0632","0.0005"
"17.9080","0.1442","0.0010"
"17.9280","0.2219","0.0013"
"17.9480","0.2998","0.0014"
"17.9680","0.3802","0.0014"
"17.9880","0.4623","0.0013"
"18.0080","0.5443","0.0013"
"18.0280","0.6254","0.0013"
"18.0480","0.7056","0.0013"
"18.0680","0.7854","0.0014"
"18.0880","0.8652","0.0013"
"18.1080","0.9452","0.0013"
"18.1280","1.0253","0.0014"
"18.1480","1.1054","0.0013"
"18.1680","1.1855","0.0013"
"18.1880","1.2655","0.0013"
"18.2080","1.3455","0.0013"
"18.2280","1.4255","0.0013"
"18.2480","1.5055","0.0013"
"18.2680","1.5855","0.0013"
"18.2880","1.6655","0.0014"
"18.3080","1.7455","0.0014"
"18.3280","1.8255","0.0013"
"18.3480","1.9055","0.0013"
"18.3680","1.9855","0.0013"
"18.3880","2.0655","0.0013"
"18.4080","2.1456","0.0013"
"18.4280","2.2256","0.0013"
"18.4480","2.3056","0.0013"
"18.4680","2.3856","0.0013"
"18.4880","2.4656","0.0013"
"18.5080","2.5456","0.0014"
"18.5280","2.6255","0.0014"
"18.5480","2.7055","0.0013"
"18.5680","2.7855","0.0014"
"18.5880","2.8655","0.0013"
"18.6080","2.9456","0.0013"
"18.6220","3.0016","0.0013"
"18.6230","3.0056","0.0013"
"18.6240","3.0096","0.0013"
"18.6440","3.0886","0.0010"
"18.6640","3.1533","0.0006"
"18.6840","3.1838","0.0005"
"18.7040","3.1723","0.0004"
"18.7240","3.1203","0.0007"
"18.7440","3.0421","0.0013"
"18.7640","2.9607","0.0014"
"18.7840","2.8829","0.0013"
"18.8040","2.8055","0.0013"
"18.8240","2.7256","0.0014"
"18.8440","2.6437","0.0013"
"18.8640","2.5615","0.0012"
"18.8840","2.4803","0.0012"
"18.9040","2.4000","0.0012"
"18.9240","2.3201","0.0013"
"18.9440","2.2403","0.0013"
"18.9640","2.1603","0.0013"
"18.9840","2.0802","0.0012"
"19.0040","2.0001","0.0012"
"19.0240","1.9201","0.0012"
"19.0440","1.8400","0.0014"
"19.0640","1.7600","0.0013"
"19.0840","1.6800","0.0013"
"19.1040","1.6000","0.0012"
"19.1240","1.5200","0.0012"
"19.1440","1.4400","0.0012"
"19.1640","1.3600","0.0014"
"19.1840","1.2800","0.0014"
"19.2040","1.1999","0.0013"
"19.2240","1.1199","0.0012"
"19.2440","1.0399","0.0012"
"19.2640","0.9599","0.0013"
"19.2840","0.8800","0.0013"
"19.3040","0.8000","0.0013"
"19.3240","0.7200","0.0012"
"19.3440","0.6400","0.0012"
"19.3640","0.5600","0.0012"
"19.3840","0.4799","0.0013"
"19.4040","0.3999","0.0013"
"19.4240","0.3199","0.0012"
"19.4440","0.2400","0.0010"
"19.4640","0.1600","0.0006"
"19.4790","0.1000","0.0001"
"19.4800","0.0960","0.0001"
"19.4810","0.0920","0.0000"
"19.5010","0.0130","-0.0004"
"19.5210","-0.0514","-0.0003"
"19.5410","-0.0809","-0.0004"
"19.5610","-0.0676","-0.0002"
"19.5810","-0.0135","0.0002"
"19.6010","0.0651","0.0004"
"19.6210","0.1459","0.0010"
"19.6410","0.2236","0.0015"
"19.6610","0.3016","0.0015"
"19.6810","0.3822","0.0015"
"19.7010","0.4644","0.0013"
"19.7210","0.5464","0.0012"
"19.7410","0.6275","0.0013"
"19.7610","0.7077","0.0014"
"19.7810","0.7875","0.0013"
"19.8010","0.8674","0.0013"
"19.8210","0.9474","0.0012"
"19.8410","1.0274","0.0013"
"19.8610","1.1076","0.0012"
"19.8810","1.1877","0.0013"
"19.9010","1.2677","0.0013"
"19.9210","1.3477","0.0014"
"19.9410","1.4277","0.0014"
"19.9610","1.5077","0.0014"
"19.9810","1.5877","0.0014"
"20.0010","1.6677","0.0014"
"20.0210","1.7477","0.0013"
"20.0410","1.8276","0.0013"
"20.0610","1.9076","0.0013"
"20.0810","1.9876","0.0014"
"20.1010","2.0677","0.0014"
"20.1210","2.1478","0.0014"
"20.1410","2.2278","0.0014"
"20.1610","2.3077","0.0014"
"20.1810","2.3877","0.0014"
"20.2010","2.4677","0.0013"
"20.2210","2.5477","0.0014"
"20.2410","2.6277","0.0013"
"20.2610","2.7077","0.0013"
"20.2810","2.7877","0.0013"
"20.3010","2.8677","0.0014"
"20.3210","2.9477","0.0013"
"20.3350","3.0037","0.0014"
"20.3360","3.0077","0.0014"
"20.3370","3.0117","0.0014"
"20.3570","3.0908","0.0011"
"20.3770","3.1555","0.0005"
"20.3970","3.1860","0.0004"
"20.4170","3.1746","0.0004"
"20.4370","3.1226","0.0006"
"20.4570","3.0443","0.0013"
"20.4770","2.9629","0.0015"
"20.4970","2.8851","0.0014"
"20.5170","2.8077","0.0014"
"20.5370","2.7279","0.0013"
"20.5570","2.6460","0.0014"
"20.5770","2.5638","0.0014"
"20.5970","2.4825","0.0013"
"20.6170","2.4022","0.0014"
"20.6370","2.3223","0.0014"
"20.6570","2.2425","0.0014"
"20.6770","2.1626","0.0014"
"20.6970","2.0825","0.0013"
"20.7170","2.0024","0.0013"
"20.7370","1.9223","0.0013"
"20.7570","1.8423","0.0014"
"20.7770","1.7622","0.0014"
"20.7970","1.6822","0.0013"
"20.8170","1.6022","0.0013"
"20.8370","1.5222","0.0012"
"20.8570","1.4423","0.0013"
"20.8770","1.3623","0.0014"
"20.8970","1.2823","0.0013"
"20.9170","1.2022","0.0013"
"20.9370","1.1221","0.0013"
"20.9570","1.0421","0.0013"
"20.9770","0.9622","0.0013"
"20.9970","0.8822","0.0013"
"21.0170","0.8023","0.0013"
"21.0370","0.7223","0.0014"
"21.0570","0.6422","0.0013"
"21.0770","0.5622","0.0012"
"21.0970","0.4822","0.0012"
"21.1170","0.4022","0.0012"
"21.1370","0.3222","0.0012"
"21.1570","0.2422","0.0010"
"21.1770","0.1622","0.0006"
"21.1930","0.0982","0.0001"
"21.1940","0.0942","0.0001"
"21.1950","0.0902","0.0000"
"21.2150","0.0113","-0.0004"
"21.2350","-0.0531","-0.0004"
"21.2550","-0.0825","-0.0004"
"21.2750","-0.0691","-0.0003"
"21.2950","-0.0148","0.0001"
"21.3150","0.0639","0.0004"
"21.3350","0.1448","0.0009"
"21.3550","0.2225","0.0013"
"21.3750","0.3004","0.0013"
"21.3950","0.3809","0.0013"
"21.4150","0.4631","0.0013"
"21.4350","0.5451","0.0013"
"21.4550","0.6262","0.0013"
"21.4750","0.7064","0.0013"
"21.4950","0.7862","0.0013"
"21.5150","0.8661","0.0014"
"21.5350","0.9461","0.0014"
"21.5550","1.0262","0.0014"
"21.5750","1.1063","0.0014"
"21.5950","1.1864","0.0014"
"21.6150","1.2664","0.0013"
"21.6350","1.3464","0.0013"
"21.6550","1.4264","0.0014"
"21.6750","1.5064","0.0014"
"21.6950","1.5864","0.0014"
"21.7150","1.6664","0.0014"
"21.7350","1.7464","0.0014"
"21.7550","1.8263","0.0014"
"21.7750","1.9064","0.0014"
"21.7950","1.9864","0.0013"
"21.8150","2.0664","0.0013"
"21.8350","2.1465","0.0014"
"21.8550","2.2264","0.0015"
"21.8750","2.3064","0.0015"
"21.8950","2.3864","0.0015"
"21.9150","2.4664","0.0014"
"21.9350","2.5464","0.0014"
"21.9550","2.6264","0.0013"
"21.9750","2.7063","0.0013"
"21.9950","2.7863","0.0013"
"22.0150","2.8664","0.0013"
"22.0350","2.9464","0.0014"
"22.0490","3.0024","0.0013"
"22.0500","3.0064","0.0013"
"22.0510","3.0104","0.0013"
"22.0710","3.0894","0.0010"
"22.0910","3.1541","0.0005"
"22.1110","3.1847","0.0004"
"22.1310","3.1733","0.0004"
"22.1510","3.1213","0.0007"
"22.1710","3.0431","0.0014"
"22.1910","2.9616","0.0015"
"22.2110","2.8839","0.0014"
"22.2310","2.8064","0.0013"
"22.2510","2.7266","0.0013"
"22.2710","2.6447","0.0013"
"22.2910","2.5625","0.0014"
"22.3110","2.4812","0.0015"
"22.3310","2.4009","0.0015"
"22.3510","2.3210","0.0013"
"22.3710","2.2412","0.0013"
"22.3910","2.1613","0.0013"
"22.4110","2.0812","0.0013"
"22.4310","2.0011","0.0013"
"22.4510","1.9210","0.0013"
"22.4710","1.8409","0.0013"
"22.4910","1.7609","0.0013"
"22.5110","1.6809","0.0012"
"22.5310","1.6009","0.0013"
"22.5510","1.5210","0.0012"
"22.5710","1.4410","0.0013"
"22.5910","1.3610","0.0014"
"22.6110","1.2810","0.0014"
"22.6310","1.2009","0.0013"
"22.6510","1.1208","0.0014"
"22.6710","1.0409","0.0014"
"22.6910","0.9609","0.0014"
"22.7110","0.8809","0.0014"
"22.7310","0.8010","0.0013"
"22.7510","0.7210","0.0013"
"22.7710","0.6409","0.0012"
"22.7910","0.5610","0.0012"
"22.8110","0.4809","0.0013"
"22.8310","0.4009","0.0012"
"22.8510","0.3209","0.0011"
"22.8710","0.2409","0.0009"
"22.8910","0.1609","0.0006"
"22.9070","0.0969","0.0001"
"22.9080","0.0929","0.0001"
"22.9090","0.0889","0.0000"
"22.9290","0.0100","-0.0004"
"22.9490","-0.0544","-0.0003"
"22.9690","-0.0839","-0.0003"
"22.9890","-0.0704","-0.0001"
"23.0090","-0.0160","0.0001"
"23.0290","0.0628","0.0003"
"23.0490","0.1438","0.0009"
"23.0690","0.2215","0.0013"
"23.0890","0.2994","0.0014"
"23.1090","0.3798","0.0013"
"23.1290","0.4619","0.0012"
"23.1490","0.5440","0.0012"
"23.1690","0.6250","0.0013"
"23.1890","0.7052","0.0014"
"23.2090","0.7851","0.0014"
"23.2290","0.8649","0.0014"
"23.2490","0.9449","0.0013"
"23.2690","1.0250","0.0013"
"23.2890","1.1051","0.0013"
"23.3090","1.1852","0.0014"
"23.3290","1.2652","0.0014"
"23.3490","1.3452","0.0014"
"23.3690","1.4252","0.0014"
"23.3890","1.5052","0.0014"
"23.4090","1.5852","0.0014"
"23.4290","1.6652","0.0014"
"23.4490","1.7452","0.0013"
"23.4690","1.8252","0.0013"
"23.4890","1.9052","0.0013"
"23.5090","1.9852","0.0013"
"23.5290","2.0652","0.0013"
"23.5490","2.1453","0.0013"
"23.5690","2.2252","0.0012"
"23.5890","2.3052","0.0013"
"23.6090","2.3852","0.0014"
"23.6290","2.4652","0.0014"
"23.6490","2.5452","0.0014"
"23.6690","2.6252","0.0014"
"23.6890","2.7052","0.0013"
"23.7090","2.7852","0.0013"
"23.7290","2.8652","0.0013"
"23.7490","2.9452","0.0014"
"23.7630","3.0012","0.0014"
"23.7640","3.0052","0.0014"
"23.7650","3.0092","0.0014"
"23.7850","3.0883","0.0011"
"23.8050","3.1530","0.0005"
"23.8250","3.1835","0.0004"
"23.8450","3.1722","0.0004"
"23.8650","3.1202","0.0007"
"23.8850","3.0420","0.0013"
"23.9050","2.9606","0.0015"
"23.9250","2.8829","0.0015"
"23.9450","2.8055","0.0014"
"23.9650","2.7256","0.0013"
"23.9850","2.6436","0.0014"
"24.0050","2.5614","0.0014"
"24.0250","2.4802","0.0014"
"24.0450","2.3999","0.0014"
"24.0650","2.3200","0.0014"
"24.0850","2.2402","0.0013"
"24.1050","2.1602","0.0013"
"24.1250","2.0801","0.0013"
"24.1450","2.0000","0.0013"
"24.1650","1.9200","0.0013"
"24.1850","1.8399","0.0013"
"24.2050","1.7599","0.0013"
"24.2250","1.6799","0.0013"
"24.2450","1.5999","0.0013"
"24.2650","1.5199","0.0013"
"24.2850","1.4400","0.0013"
"24.3050","1.3600","0.0013"
"24.3250","1.2800","0.0013"
"24.3450","1.1999","0.0014"
"24.3650","1.1198","0.0013"
"24.3850","1.0399","0.0013"
"24.4050","0.9599","0.0013"
"24.4250","0.8799","0.0012"
"24.4450","0.8000","0.0012"
"24.4650","0.7200","0.0013"
"24.4850","0.6399","0.0012"
"24.5050","0.5599","0.0012"
"24.5250","0.4799","0.0011"
"24.5450","0.3998","0.0011"
"24.5650","0.3199","0.0010"
"24.5850","0.2399","0.0009"
"24.6050","0.1599","0.0006"
"24.6200","0.0999","0.0001"
"24.6210","0.0959","0.0001"
"24.6220","0.0919","0.0001"
"24.6420","0.0130","-0.0004"
"24.6620","-0.0515","-0.0004"
"24.6820","-0.0811","-0.0005"
"24.7020","-0.0679","-0.0002"
"24.7220","-0.0138","0.0001"
"24.7420","0.0647","0.0002"
"24.7620","0.1455","0.0008"
"24.7820","0.2232","0.0012"
"24.8020","0.3013","0.0014"
"24.8220","0.3818","0.0014"
"24.8420","0.4640","0.0014"
"24.8620","0.5460","0.0014"
"24.8820","0.6271","0.0013"
"24.9020","0.7073","0.0013"
"24.9220","0.7872","0.0013"
"24.9420","0.8670","0.0014"
"24.9620","0.9471","0.0012"
"24.9820","1.0271","0.0014"
"25.0020","1.1072","0.0014"
"25.0220","1.1873","0.0014"
"25.0420","1.2673","0.0014"
"25.0620","1.3473","0.0013"
"25.0820","1.4273","0.0013"
"25.1020","1.5073","0.0014"
"25.1220","1.5873","0.0015"
"25.1420","1.6673","0.0015"
"25.1620","1.7473","0.0014"
"25.1820","1.8273","0.0013"
"25.2020","1.9073","0.0013"
"25.2220","1.9873","0.0013"
"25.2420","2.0673","0.0014"
"25.2620","2.1474","0.0014"
"25.2820","2.2273","0.0014"
"25.3020","2.3073","0.0013"
"25.3220","2.3874","0.0014"
"25.3420","2.4674","0.0014"
"25.3620","2.5473","0.0014"
"25.3820","2.6273","0.0013"
"25.4020","2.7073","0.0013"
"25.4220","2.7873","0.0013"
"25.4420","2.8673","0.0013"
"25.4620","2.9473","0.0013"
"25.4760","3.0034","0.0014"
"25.4770","3.0074","0.0014"
"25.4780","3.0114","0.0014"
"25.4980","3.0904","0.0012"
"25.5180","3.1550","0.0005"
"25.5380","3.1855","0.0004"
"25.5580","3.1740","0.0003"
"25.5780","3.1218","0.0006"
"25.5980","3.0435","0.0013"
"25.6180","2.9620","0.0014"
"25.6380","2.8842","0.0013"
"25.6580","2.8068","0.0013"
"25.6780","2.7270","0.0013"
"25.6980","2.6451","0.0014"
"25.7180","2.5630","0.0013"
"25.7380","2.4817","0.0013"
"25.7580","2.4014","0.0013"
"25.7780","2.3215","0.0014"
"25.7980","2.2417","0.0014"
"25.8180","2.1618","0.0014"
"25.8380","2.0817","0.0014"
"25.8580","2.0016","0.0013"
"25.8780","1.9215","0.0013"
"25.8980","1.8414","0.0012"
"25.9180","1.7614","0.0012"
"25.9380","1.6814","0.0013"
"25.9580","1.6014","0.0013"
"25.9780","1.5215","0.0013"
"25.9980","1.4415","0.0013"
"26.0180","1.3615","0.0013"
"26.0380","1.2815","0.0013"
"26.0580","1.2014","0.0012"
"26.0780","1.1214","0.0012"
"26.0980","1.0414","0.0012"
"26.1180","0.9614","0.0012"
"26.1380","0.8814","0.0013"
"26.1580","0.8015","0.0013"
"26.1780","0.7215","0.0013"
"26.1980","0.6415","0.0012"
"26.2180","0.5615","0.0011"
"26.2380","0.4814","0.0011"
"26.2580","0.4014","0.0012"
"26.2780","0.3214","0.0012"
"26.2980","0.2414","0.0009"
"26.3180","0.1614","0.0005"
"26.3340","0.0974","0.0000"
"26.3350","0.0934","0.0000"
"26.3360","0.0894","0.0000"
"26.3560","0.0105","-0.0005"
"26.3760","-0.0539","-0.0006"
"26.3960","-0.0834","-0.0006"
"26.4160","-0.0700","-0.0003"
"26.4360","-0.0157","0.0001"
"26.4560","0.0632","0.0003"
"26.4760","0.1441","0.0008"
"26.4960","0.2218","0.0011"
"26.5160","0.2998","0.0012"
"26.5360","0.3802","0.0013"
"26.5560","0.4623","0.0013"
"26.5760","0.5443","0.0014"
"26.5960","0.6254","0.0014"
"26.6160","0.7056","0.0013"
"26.6360","0.7854","0.0013"
"26.6560","0.8653","0.0013"
"26.6760","0.9453","0.0013"
"26.6960","1.0254","0.0013"
"26.7160","1.1055","0.0013"
"26.7360","1.1856","0.0013"
"26.7560","1.2656","0.0013"
"26.7760","1.3456","0.0013"
"26.7960","1.4256","0.0014"
"26.8160","1.5056","0.0013"
"26.8360","1.5855","0.0013"
"26.8560","1.6656","0.0013"
"26.8760","1.7456","0.0013"
"26.8960","1.8255","0.0013"
"26.9160","1.9055","0.0013"
"26.9360","1.9855","0.0014"
"26.9560","2.0656","0.0013"
"26.9760","2.1456","0.0013"
"26.9960","2.2256","0.0013"
"27.0160","2.3056","0.0012"
"27.0360","2.3856","0.0013"
"27.0560","2.4656","0.0013"
"27.0760","2.5456","0.0014"
"27.0960","2.6256","0.0014"
"27.1160","2.7055","0.0014"
"27.1360","2.7855","0.0014"
"27.1560","2.8656","0.0014"
"27.1760","2.9456","0.0014"
"27.1900","3.0016","0.0014"
"27.1910","3.0056","0.0014"
"27.1920","3.0096","0.0014"
"27.2120","3.0886","0.0010"
"27.2320","3.1533","0.0005"
"27.2520","3.1839","0.0004"
"27.2720","3.1726","0.0004"
"27.2920","3.1207","0.0008"
"27.3120","3.0425","0.0014"
"27.3320","2.9611","0.0014"
"27.3520","2.8833","0.0014"
"27.3720","2.8059","0.0013"
"27.3920","2.7260","0.0013"
"27.4120","2.6441","0.0014"
"27.4320","2.5619","0.0014"
"27.4520","2.4807","0.0013"
"27.4720","2.4003","0.0013"
"27.4920","2.3204","0.0014"
"27.5120","2.2406","0.0013"
"27.5320","2.1607","0.0014"
"27.5520","2.0805","0.0014"
"27.5720","2.0005","0.0014"
"27.5920","1.9204","0.0013"
"27.6120","1.8403","0.0012"
"27.6320","1.7603","0.0013"
"27.6520","1.6803","0.0014"
"27.6720","1.6003","0.0013"
"27.6920","1.5203","0.0013"
"27.7120","1.4404","0.0013"
"27.7320","1.3604","0.0013"
"27.7520","1.2804","0.0013"
"27.7720","1.2003","0.0012"
"27.7920","1.1203","0.0012"
"27.8120","1.0403","0.0012"
"27.8320","0.9603","0.0012"
"27.8520","0.8804","0.0012"
"27.8720","0.8004","0.0012"
"27.8920","0.7204","0.0011"
"27.9120","0.6404","0.0012"
"27.9320","0.5603","0.0012"
"27.9520","0.4803","0.0012"
"27.9720","0.4003","0.0012"
"27.9920","0.3204","0.0011"
"28.0120","0.2404","0.0009"
"28.0320","0.1603","0.0005"
"28.0480","0.0964","0.0000"
"28.0490","0.0924","0.0000"
"28.0500","0.0884","-0.0001"
"28.0700","0.0094","-0.0005"
"28.0900","-0.0550","-0.0005"
"28.1100","-0.0846","-0.0005"
"28.1300","-0.0712","-0.0001"
"28.1500","-0.0169","0.0001"
"28.1700","0.0618","0.0003"
"28.1900","0.1428","0.0008"
"28.2100","0.2205","0.0012"
"28.2300","0.2984","0.0013"
"28.2500","0.3789","0.0013"
"28.2700","0.4610","0.0013"
"28.2900","0.5430","0.0013"
"28.3100","0.6241","0.0012"
"28.3300","0.7043","0.0013"
"28.3500","0.7841","0.0013"
"28.3700","0.8639","0.0013"
"28.3900","0.9440","0.0012"
"28.4100","1.0240","0.0014"
"28.4300","1.1041","0.0014"
"28.4500","1.1842","0.0013"
"28.4700","1.2642","0.0013"
"28.4900","1.3442","0.0013"
"28.5100","1.4242","0.0014"
"28.5300","1.5042","0.0014"
"28.5500","1.5842","0.0013"
"28.5700","1.6643","0.0012"
"28.5900","1.7442","0.0012"
"28.6100","1.8242","0.0012"
"28.6300","1.9042","0.0014"
"28.6500","1.9842","0.0014"
"28.6700","2.0643","0.0014"
"28.6900","2.1443","0.0013"
"28.7100","2.2243","0.0013"
"28.7300","2.3043","0.0013"
"28.7500","2.3843","0.0014"
"28.7700","2.4642","0.0013"
"28.7900","2.5442","0.0014"
"28.8100","2.6242","0.0014"
"28.8300","2.7042","0.0014"
"28.8500","2.7842","0.0014"
"28.8700","2.8642","0.0014"
"28.8900","2.9443","0.0013"
"28.9040","3.0003","0.0014"
"28.9050","3.0043","0.0014"
"28.9060","3.0083","0.0014"
"28.9260","3.0873","0.0012"
"28.9460","3.1520","0.0006"
"28.9660","3.1824","0.0005"
"28.9860","3.1709","0.0004"
"29.0060","3.1187","0.0007"
"29.0260","3.0403","0.0013"
"29.0460","2.9587","0.0013"
"29.0660","2.8809","0.0012"
"29.0860","2.8036","0.0012"
"29.1060","2.7238","0.0013"
"29.1260","2.6419","0.0013"
"29.1460","2.5598","0.0013"
"29.1660","2.4785","0.0012"
"29.1860","2.3982","0.0012"
"29.2060","2.3183","0.0014"
"29.2260","2.2385","0.0014"
"29.2460","2.1586","0.0013"
"29.2660","2.0785","0.0013"
"29.2860","1.9984","0.0013"
"29.3060","1.9183","0.0013"
"29.3260","1.8382","0.0013"
"29.3460","1.7582","0.0013"
"29.3660","1.6782","0.0013"
"29.3860","1.5982","0.0013"
"29.4060","1.5182","0.0013"
"29.4260","1.4383","0.0013"
"29.4460","1.3583","0.0013"
"29.4660","1.2783","0.0013"
"29.4860","1.1982","0.0012"
"29.5060","1.1182","0.0012"
"29.5260","1.0382","0.0012"
"29.5460","0.9583","0.0012"
"29.5660","0.8783","0.0012"
"29.5860","0.7983","0.0012"
"29.6060","0.7183","0.0012"
"29.6260","0.6383","0.0012"
"29.6460","0.5583","0.0011"
"29.6660","0.4782","0.0011"
"29.6860","0.3982","0.0011"
"29.7060","0.3183","0.0010"
"29.7260","0.2383","0.0007"
"29.7460","0.1582","0.0004"
"29.7610","0.0983","0.0000"
"29.7620","0.0943","0.0000"
"29.7630","0.0903","-0.0001"
"29.7830","0.0113","-0.0005"
"29.8030","-0.0531","-0.0005"
"29.8230","-0.0827","-0.0005"
"29.8430","-0.0694","-0.0003"
"29.8630","-0.0152","0.0000"
"29.8830","0.0635","0.0004"
"29.9030","0.1444","0.0010"
"29.9230","0.2221","0.0013"
"29.9430","0.3001","0.0014"
"29.9630","0.3806","0.0014"
"29.9830","0.4627","0.0013"
"30.0030","0.5447","0.0013"
"30.0230","0.6258","0.0013"
"30.0430","0.7060","0.0013"
"30.0630","0.7859","0.0014"
"30.0830","0.8657","0.0014"
"30.1030","0.9458","0.0013"
"30.1230","1.0258","0.0013"
"30.1430","1.1059","0.0013"
"30.1630","1.1860","0.0012"
"30.1830","1.2660","0.0013"
"30.2030","1.3460","0.0014"
"30.2230","1.4260","0.0014"
"30.2430","1.5060","0.0013"
"30.2630","1.5860","0.0012"
"30.2830","1.6661","0.0013"
"30.3030","1.7460","0.0013"
"30.3230","1.8260","0.0013"
"30.3430","1.9060","0.0012"
"30.3630","1.9860","0.0014"
"30.3830","2.0661","0.0015"
"30.4030","2.1461","0.0014"
"30.4230","2.2261","0.0014"
"30.4430","2.3060","0.0013"
"30.4630","2.3861","0.0012"
"30.4830","2.4661","0.0013"
"30.5030","2.5460","0.0013"
"30.5230","2.6260","0.0013"
"30.5430","2.7060","0.0013"
"30.5630","2.7860","0.0013"
"30.5830","2.8660","0.0013"
"30.6030","2.9460","0.0014"
"30.6170","3.0020","0.0014"
"30.6180","3.0060","0.0014"
"30.6190","3.0100","0.0014"
"30.6390","3.0891","0.0011"
"30.6590","3.1538","0.0005"
"30.6790","3.1844","0.0004"
"30.6990","3.1730","0.0004"
"30.7190","3.1209","0.0006"
"30.7390","3.0426","0.0013"
"30.7590","2.9612","0.0014"
"30.7790","2.8834","0.0013"
"30.7990","2.8061","0.0012"
"30.8190","2.7262","0.0011"
"30.8390","2.6443","0.0012"
"30.8590","2.5621","0.0013"
"30.8790","2.4809","0.0013"
"30.8990","2.4005","0.0013"
"30.9190","2.3206","0.0012"
"30.9390","2.2409","0.0013"
"30.9590","2.1609","0.0012"
"30.9790","2.0808","0.0013"
"30.9990","2.0007","0.0013"
"31.0190","1.9206","0.0013"
"31.0390","1.8405","0.0013"
"31.0590","1.7605","0.0012"
"31.0790","1.6805","0.0012"
"31.0990","1.6005","0.0013"
"31.1190","1.5206","0.0013"
"31.1390","1.4406","0.0012"
"31.1590","1.3606","0.0012"
"31.1790","1.2806","0.0012"
"31.1990","1.2005","0.0012"
"31.2190","1.1205","0.0011"
"31.2390","1.0406","0.0012"
"31.2590","0.9606","0.0011"
"31.2790","0.8806","0.0011"
"31.2990","0.8006","0.0011"
"31.3190","0.7206","0.0011"
"31.3390","0.6406","0.0012"
"31.3590","0.5606","0.0012"
"31.3790","0.4805","0.0012"
"31.3990","0.4005","0.0012"
"31.4190","0.3206","0.0010"
"31.4390","0.2406","0.0009"
"31.4590","0.1606","0.0005"
"31.4750","0.0966","-0.0001"
"31.4760","0.0926","-0.0001"
"31.4770","0.0886","-0.0001"
"31.4970","0.0097","-0.0005"
"31.5170","-0.0548","-0.0004"
"31.5370","-0.0844","-0.0004"
"31.5570","-0.0711","-0.0002"
"31.5770","-0.0168","0.0001"
"31.5970","0.0619","0.0003"
"31.6170","0.1428","0.0008"
"31.6370","0.2205","0.0012"
"31.6570","0.2984","0.0013"
"31.6770","0.3789","0.0013"
"31.6970","0.4611","0.0012"
"31.7170","0.5431","0.0012"
"31.7370","0.6241","0.0012"
"31.7570","0.7044","0.0013"
"31.7770","0.7842","0.0013"
"31.7970","0.8641","0.0014"
"31.8170","0.9441","0.0015"
"31.8370","1.0241","0.0015"
"31.8570","1.1042","0.0015"
"31.8770","1.1843","0.0014"
"31.8970","1.2643","0.0013"
"31.9170","1.3443","0.0012"
"31.9370","1.4244","0.0013"
"31.9570","1.5043","0.0014"
"31.9770","1.5844","0.0014"
"31.9970","1.6644","0.0014"
"32.0170","1.7444","0.0014"
"32.0370","1.8243","0.0014"
"32.0570","1.9043","0.0013"
"32.0770","1.9844","0.0013"
"32.0970","2.0644","0.0013"
"32.1170","2.1445","0.0013"
"32.1370","2.2244","0.0013"
"32.1570","2.3044","0.0013"
"32.1770","2.3844","0.0013"
"32.1970","2.4644","0.0013"
"32.2170","2.5444","0.0013"
"32.2370","2.6243","0.0013"
"32.2570","2.7043","0.0013"
"32.2770","2.7843","0.0014"
"32.2970","2.8643","0.0014"
"32.3170","2.9444","0.0014"
"32.3310","3.0004","0.0014"
"32.3320","3.0044","0.0014"
"32.3330","3.0084","0.0014"
"32.3530","3.0874","0.0010"
"32.3730","3.1521","0.0004"
"32.3930","3.1826","0.0004"
"32.4130","3.1712","0.0004"
"32.4330","3.1190","0.0007"
"32.4530","3.0407","0.0014"
"32.4730","2.9592","0.0014"
"32.4930","2.8814","0.0014"
"32.5130","2.8041","0.0012"
"32.5330","2.7243","0.0013"
"32.5530","2.6424","0.0013"
"32.5730","2.5602","0.0013"
"32.5930","2.4789","0.0013"
"32.6130","2.3986","0.0013"
"32.6330","2.3187","0.0013"
"32.6530","2.2389","0.0012"
"32.6730","2.1590","0.0012"
"32.6930","2.0789","0.0013"
"32.7130","1.9988","0.0013"
"32.7330","1.9187","0.0013"
"32.7530","1.8386","0.0013"
"32.7730","1.7586","0.0013"
"32.7930","1.6786","0.0013"
"32.8130","1.5986","0.0013"
"32.8330","1.5186","0.0012"
"32.8530","1.4387","0.0013"
"32.8730","1.3587","0.0014"
"32.8930","1.2787","0.0013"
"32.9130","1.1986","0.0013"
"32.9330","1.1186","0.0013"
"32.9530","1.0386","0.0012"
"32.9730","0.9586","0.0012"
"32.9930","0.8787","0.0012"
"33.0130","0.7987","0.0013"
"33.0330","0.7187","0.0013"
"33.0530","0.6387","0.0012"
"33.0730","0.5587","0.0011"
"33.0930","0.4786","0.0011"
"33.1130","0.3986","0.0011"
"33.1330","0.3186","0.0010"
"33.1530","0.2387","0.0007"
"33.1730","0.1587","0.0004"
"33.1880","0.0987","0.0000"
"33.1890","0.0947","-0.0001"
"33.1900","0.0907","-0.0001"
"33.2100","0.0117","-0.0006"
"33.2300","-0.0527","-0.0005"
"33.2500","-0.0823","-0.0006"
"33.2700","-0.0690","-0.0003"
"33.2900","-0.0148","0.0001"
"33.3100","0.0637","0.0003"
"33.3300","0.1446","0.0008"
"33.3500","0.2224","0.0012"
"33.3700","0.3004","0.0013"
"33.3900","0.3809","0.0013"
"33.4100","0.4630","0.0012"
"33.4300","0.5450","0.0012"
"33.4500","0.6261","0.0012"
"33.4700","0.7063","0.0013"
"33.4900","0.7861","0.0013"
"33.5100","0.8660","0.0014"
"33.5300","0.9461","0.0014"
"33.5500","1.0261","0.0013"
"33.5700","1.1062","0.0013"
"33.5900","1.1863","0.0014"
"33.6100","1.2663","0.0014"
"33.6300","1.3463","0.0014"
"33.6500","1.4263","0.0013"
"33.6700","1.5063","0.0013"
"33.6900","1.5863","0.0013"
"33.7100","1.6664","0.0013"
"33.7300","1.7463","0.0013"
"33.7500","1.8263","0.0013"
"33.7700","1.9063","0.0013"
"33.7900","1.9863","0.0013"
"33.8100","2.0664","0.0013"
"33.8300","2.1464","0.0013"
"33.8500","2.2264","0.0014"
"33.8700","2.3063","0.0013"
"33.8900","2.3864","0.0013"
"33.9100","2.4663","0.0013"
"33.9300","2.5463","0.0014"
"33.9500","2.6263","0.0013"
"33.9700","2.7063","0.0013"
"33.9900","2.7863","0.0013"
"34.0100","2.8663","0.0012"
"34.0300","2.9463","0.0013"
"34.0440","3.0023","0.0013"
"34.0450","3.0063","0.0013"
"34.0460","3.0103","0.0013"
"34.0660","3.0894","0.0010"
"34.0860","3.1541","0.0005"
"34.1060","3.1846","0.0004"
"34.1260","3.1732","0.0005"
"34.1460","3.1211","0.0006"
"34.1660","3.0428","0.0013"
"34.1860","2.9613","0.0014"
"34.2060","2.8836","0.0013"
"34.2260","2.8062","0.0013"
"34.2460","2.7264","0.0014"
"34.2660","2.6445","0.0013"
"34.2860","2.5623","0.0013"
"34.3060","2.4810","0.0013"
"34.3260","2.4007","0.0013"
"34.3460","2.3209","0.0013"
"34.3660","2.2411","0.0013"
"34.3860","2.1611","0.0014"
"34.4060","2.0810","0.0013"
"34.4260","2.0009","0.0013"
"34.4460","1.9208","0.0013"
"34.4660","1.8407","0.0013"
"34.4860","1.7607","0.0013"
"34.5060","1.6807","0.0012"
"34.5260","1.6007","0.0012"
"34.5460","1.5208","0.0013"
"34.5660","1.4408","0.0012"
"34.5860","1.3608","0.0013"
"34.6060","1.2808","0.0013"
"34.6260","1.2007","0.0013"
"34.6460","1.1207","0.0013"
"34.6660","1.0407","0.0012"
"34.6860","0.9608","0.0012"
"34.7060","0.8808","0.0013"
"34.7260","0.8008","0.0012"
"34.7460","0.7208","0.0011"
"34.7660","0.6408","0.0011"
"34.7860","0.5608","0.0011"
"34.8060","0.4808","0.0011"
"34.8260","0.4007","0.0010"
"34.8460","0.3207","0.0010"
"34.8660","0.2408","0.0009"
"34.8860","0.1608","0.0005"
"34.9020","0.0968","0.0000"
"34.9030","0.0928","-0.0001"
"34.9040","0.0888","-0.0001"
"34.9240","0.0098","-0.0005"
"34.9440","-0.0546","-0.0005"
"34.9640","-0.0842","-0.0005"
"34.9840","-0.0708","-0.0002"
"35.0040","-0.0165","0.0000"
"35.0240","0.0623","0.0002"
"35.0440","0.1432","0.0007"
"35.0640","0.2209","0.0012"
"35.0840","0.2988","0.0013"
"35.1040","0.3793","0.0013"
"35.1240","0.4614","0.0012"
"35.1440","0.5434","0.0012"
"35.1640","0.6245","0.0012"
"35.1840","0.7047","0.0013"
"35.2040","0.7845","0.0013"
"35.2240","0.8644","0.0013"
"35.2440","0.9444","0.0013"
"35.2640","1.0245","0.0012"
"35.2840","1.1046","0.0012"
"35.3040","1.1846","0.0013"
"35.3240","1.2646","0.0013"
"35.3440","1.3446","0.0013"
"35.3640","1.4247","0.0013"
"35.3840","1.5047","0.0013"
"35.4040","1.5847","0.0014"
"35.4240","1.6647","0.0014"
"35.4440","1.7447","0.0014"
"35.4640","1.8246","0.0013"
"35.4840","1.9046","0.0013"
"35.5040","1.9847","0.0013"
"35.5240","2.0647","0.0013"
"35.5440","2.1448","0.0013"
"35.5640","2.2248","0.0013"
"35.5840","2.3047","0.0013"
"35.6040","2.3847","0.0013"
"35.6240","2.4647","0.0013"
"35.6440","2.5447","0.0013"
"35.6640","2.6247","0.0013"
"35.6840","2.7047","0.0013"
"35.7040","2.7847","0.0013"
"35.7240","2.8647","0.0012"
"35.7440","2.9447","0.0013"
"35.7580","3.0007","0.0013"
"35.7590","3.0047","0.0013"
"35.7600","3.0087","0.0013"
"35.7800","3.0878","0.0010"
"35.8000","3.1524","0.0005"
"35.8200","3.1830","0.0005"
"35.8400","3.1715","0.0005"
"35.8600","3.1195","0.0007"
"35.8800","3.0412","0.0011"
"35.9000","2.9598","0.0013"
"35.9200","2.8820","0.0014"
"35.9400","2.8046","0.0012"
"35.9600","2.7247","0.0011"
"35.9800","2.6428","0.0012"
"36.0000","2.5606","0.0013"
"36.0200","2.4794","0.0013"
"36.0400","2.3990","0.0013"
"36.0600","2.3192","0.0014"
"36.0800","2.2394","0.0014"
"36.1000","2.1594","0.0013"
"36.1200","2.0793","0.0013"
"36.1400","1.9992","0.0013"
"36.1600","1.9191","0.0013"
"36.1800","1.8391","0.0012"
"36.2000","1.7591","0.0013"
"36.2200","1.6791","0.0012"
"36.2400","1.5991","0.0013"
"36.2600","1.5191","0.0013"
"36.2800","1.4391","0.0013"
"36.3000","1.3591","0.0012"
"36.3200","1.2791","0.0011"
"36.3400","1.1990","0.0012"
"36.3600","1.1190","0.0013"
"36.3800","1.0391","0.0013"
"36.4000","0.9591","0.0012"
"36.4200","0.8791","0.0012"
"36.4400","0.7992","0.0012"
"36.4600","0.7192","0.0012"
"36.4800","0.6391","0.0012"
"36.5000","0.5591","0.0012"
"36.5200","0.4791","0.0012"
"36.5400","0.3990","0.0011"
"36.5600","0.3191","0.0011"
"36.5800","0.2391","0.0008"
"36.6000","0.1591","0.0005"
"36.6150","0.0991","0.0000"
"36.6160","0.0951","0.0000"
"36.6170","0.0911","0.0000"
"36.6370","0.0121","-0.0005"
"36.6570","-0.0523","-0.0005"
"36.6770","-0.0819","-0.0006"
"36.6970","-0.0686","-0.0003"
"36.7170","-0.0145","0.0001"
"36.7370","0.0641","0.0002"
"36.7570","0.1450","0.0007"
"36.7770","0.2227","0.0012"
"36.7970","0.3008","0.0013"
"36.8170","0.3813","0.0013"
"36.8370","0.4634","0.0011"
"36.8570","0.5454","0.0012"
"36.8770","0.6264","0.0011"
"36.8970","0.7066","0.0012"
"36.9170","0.7865","0.0013"
"36.9370","0.8663","0.0013"
"36.9570","0.9464","0.0013"
"36.9770","1.0264","0.0012"
"36.9970","1.1065","0.0013"
"37.0170","1.1866","0.0013"
"37.0370","1.2666","0.0014"
"37.0570","1.3466","0.0014"
"37.0770","1.4267","0.0014"
"37.0970","1.5066","0.0014"
"37.1170","1.5867","0.0013"
"37.1370","1.6667","0.0012"
"37.1570","1.7467","0.0013"
"37.1770","1.8266","0.0014"
"37.1970","1.9066","0.0014"
"37.2170","1.9866","0.0014"
"37.2370","2.0667","0.0014"
"37.2570","2.1467","0.0013"
"37.2770","2.2267","0.0013"
"37.2970","2.3067","0.0013"
"37.3170","2.3867","0.0014"
"37.3370","2.4667","0.0014"
"37.3570","2.5466","0.0014"
"37.3770","2.6266","0.0014"
"37.3970","2.7066","0.0014"
"37.4170","2.7866","0.0014"
"37.4370","2.8667","0.0014"
"37.4570","2.9467","0.0013"
"37.4710","3.0027","0.0013"
"37.4720","3.0067","0.0013"
"37.4730","3.0107","0.0013"
"37.4930","3.0897","0.0010"
"37.5130","3.1544","0.0006"
"37.5330","3.1850","0.0005"
"37.5530","3.1736","0.0004"
"37.5730","3.1215","0.0007"
"37.5930","3.0432","0.0014"
"37.6130","2.9617","0.0015"
"37.6330","2.8839","0.0013"
"37.6530","2.8065","0.0013"
"37.6730","2.7267","0.0012"
"37.6930","2.6448","0.0013"
"37.7130","2.5627","0.0014"
"37.7330","2.4814","0.0014"
"37.7530","2.4011","0.0014"
"37.7730","2.3212","0.0013"
"37.7930","2.2414","0.0013"
"37.8130","2.1614","0.0013"
"37.8330","2.0813","0.0012"
"37.8530","2.0012","0.0013"
"37.8730","1.9212","0.0013"
"37.8930","1.8411","0.0013"
"37.9130","1.7611","0.0012"
"37.9330","1.6811","0.0012"
"37.9530","1.6011","0.0012"
"37.9730","1.5211","0.0013"
"37.9930","1.4411","0.0012"
"38.0130","1.3611","0.0012"
"38.0330","1.2811","0.0012"
"38.0530","1.2011","0.0013"
"38.0730","1.1211","0.0013"
"38.0930","1.0411","0.0012"
"38.1130","0.9611","0.0012"
"38.1330","0.8812","0.0012"
"38.1530","0.8012","0.0012"
"38.1730","0.7212","0.0013"
"38.1930","0.6412","0.0013"
"38.2130","0.5612","0.0013"
"38.2330","0.4811","0.0011"
"38.2530","0.4011","0.0011"
"38.2730","0.3211","0.0010"
"38.2930","0.2411","0.0009"
"38.3130","0.1611","0.0005"
"38.3290","0.0972","0.0000"
"38.3300","0.0932","0.0000"
"38.3310","0.0892","0.0000"
"38.3510","0.0102","-0.0004"
"38.3710","-0.0543","-0.0005"
"38.3910","-0.0839","-0.0005"
"38.4110","-0.0705","-0.0002"
"38.4310","-0.0162","0.0000"
"38.4510","0.0626","0.0002"
"38.4710","0.1435","0.0007"
"38.4910","0.2212","0.0012"
"38.5110","0.2991","0.0013"
"38.5310","0.3796","0.0012"
"38.5510","0.4617","0.0012"
"38.5710","0.5437","0.0011"
"38.5910","0.6248","0.0012"
"38.6110","0.7050","0.0014"
"38.6310","0.7849","0.0014"
"38.6510","0.8647","0.0014"
"38.6710","0.9447","0.0014"
"38.6910","1.0248","0.0014"
"38.7110","1.1049","0.0013"
"38.7310","1.1850","0.0013"
"38.7510","1.2650","0.0013"
"38.7710","1.3450","0.0013"
"38.7910","1.4250","0.0012"
"38.8110","1.5050","0.0013"
"38.8310","1.5850","0.0013"
"38.8510","1.6650","0.0013"
"38.8710","1.7450","0.0014"
"38.8910","1.8250","0.0014"
"38.9110","1.9050","0.0014"
"38.9310","1.9850","0.0014"
"38.9510","2.0651","0.0014"
"38.9710","2.1451","0.0013"
"38.9910","2.2251","0.0012"
"39.0110","2.3050","0.0014"
"39.0310","2.3850","0.0014"
"39.0510","2.4650","0.0014"
"39.0710","2.5450","0.0014"
"39.0910","2.6250","0.0013"
"39.1110","2.7050","0.0013"
"39.1310","2.7850","0.0013"
"39.1510","2.8650","0.0013"
"39.1710","2.9450","0.0013"
"39.1850","3.0010","0.0013"
"39.1860","3.0050","0.0013"
"39.1870","3.0090","0.0013"
"39.2070","3.0881","0.0010"
"39.2270","3.1528","0.0006"
"39.2470","3.1833","0.0006"
"39.2670","3.1719","0.0006"
"39.2870","3.1198","0.0007"
"39.3070","3.0415","0.0013"
"39.3270","2.9600","0.0015"
"39.3470","2.8823","0.0013"
"39.3670","2.8049","0.0013"
"39.3870","2.7251","0.0013"
"39.4070","2.6431","0.0013"
"39.4270","2.5609","0.0013"
"39.4470","2.4797","0.0013"
"39.4670","2.3994","0.0013"
"39.4870","2.3195","0.0014"
"39.5070","2.2397","0.0013"
"39.5270","2.1598","0.0014"
"39.5470","2.0796","0.0013"
"39.5670","1.9995","0.0013"
"39.5870","1.9195","0.0013"
"39.6070","1.8394","0.0014"
"39.6270","1.7594","0.0014"
"39.6470","1.6794","0.0013"
"39.6670","1.5994","0.0012"
"39.6870","1.5194","0.0012"
"39.7070","1.4394","0.0012"
"39.7270","1.3595","0.0013"
"39.7470","1.2794","0.0014"
"39.7670","1.1994","0.0014"
"39.7870","1.1194","0.0013"
"39.8070","1.0394","0.0013"
"39.8270","0.9594","0.0012"
"39.8470","0.8795","0.0012"
"39.8670","0.7995","0.0013"
"39.8870","0.7195","0.0013"
"39.9070","0.6395","0.0013"
"39.9270","0.5595","0.0012"
"39.9470","0.4794","0.0012"
"39.9670","0.3994","0.0010"
"39.9870","0.3194","0.0010"
"40.0070","0.2394","0.0009"
"40.0270","0.1594","0.0004"
"40.0420","0.0995","-0.0001"
"40.0430","0.0955","-0.0001"
"40.0440","0.0915","-0.0001"
"40.0640","0.0125","-0.0006"
"40.0840","-0.0519","-0.0006"
"40.1040","-0.0815","-0.0005"
"40.1240","-0.0683","-0.0002"
"40.1440","-0.0142","0.0000"
"40.1640","0.0643","0.0003"
"40.1840","0.1451","0.0008"
"40.2040","0.2228","0.0012"
"40.2240","0.3008","0.0013"
"40.2440","0.3814","0.0013"
"40.2640","0.4636","0.0012"
"40.2840","0.5456","0.0012"
"40.3040","0.6267","0.0013"
"40.3240","0.7069","0.0013"
"40.3440","0.7868","0.0013"
"40.3640","0.8666","0.0013"
"40.3840","0.9467","0.0013"
"40.4040","1.0267","0.0013"
"40.4240","1.1068","0.0013"
"40.4440","1.1869","0.0014"
"40.4640","1.2669","0.0013"
"40.4840","1.3469","0.0013"
"40.5040","1.4269","0.0013"
"40.5240","1.5069","0.0014"
"40.5440","1.5869","0.0014"
"40.5640","1.6670","0.0014"
"40.5840","1.7469","0.0014"
"40.6040","1.8269","0.0014"
"40.6240","1.9069","0.0014"
"40.6440","1.9869","0.0012"
"40.6640","2.0670","0.0013"
"40.6840","2.1470","0.0014"
"40.7040","2.2270","0.0014"
"40.7240","2.3070","0.0013"
"40.7440","2.3870","0.0013"
"40.7640","2.4670","0.0012"
"40.7840","2.5469","0.0012"
"40.8040","2.6269","0.0013"
"40.8240","2.7069","0.0013"
"40.8440","2.7869","0.0014"
"40.8640","2.8669","0.0013"
"40.8840","2.9470","0.0013"
"40.8980","3.0030","0.0013"
"40.8990","3.0070","0.0013"
"40.9000","3.0110","0.0013"
"40.9200","3.0900","0.0011"
"40.9400","3.1547","0.0005"
"40.9600","3.1852","0.0004"
"40.9800","3.1737","0.0004"
"41.0000","3.1217","0.0007"
"41.0200","3.0433","0.0013"
"41.0400","2.9619","0.0015"
"41.0600","2.8841","0.0015"
"41.0800","2.8067","0.0013"
"41.1000","2.7268","0.0013"
"41.1200","2.6449","0.0013"
"41.1400","2.5628","0.0014"
"41.1600","2.4815","0.0014"
"41.1800","2.4012","0.0014"
"41.2000","2.3214","0.0014"
"41.2200","2.2416","0.0014"
"41.2400","2.1616","0.0014"
"41.2600","2.0815","0.0014"
"41.2800","2.0014","0.0014"
"41.3000","1.9213","0.0013"
"41.3200","1.8413","0.0012"
"41.3400","1.7613","0.0013"
"41.3600","1.6813","0.0012"
"41.3800","1.6012","0.0012"
"41.4000","1.5213","0.0013"
"41.4200","1.4413","0.0013"
"41.4400","1.3613","0.0012"
"41.4600","1.2813","0.0012"
"41.4800","1.2012","0.0012"
"41.5000","1.1212","0.0013"
"41.5200","1.0412","0.0013"
"41.5400","0.9613","0.0013"
"41.5600","0.8813","0.0013"
"41.5800","0.8013","0.0013"
"41.6000","0.7213","0.0012"
"41.6200","0.6413","0.0011"
"41.6400","0.5613","0.0012"
"41.6600","0.4812","0.0012"
"41.6800","0.4012","0.0011"
"41.7000","0.3212","0.0010"
"41.7200","0.2413","0.0008"
"41.7400","0.1613","0.0006"
"41.7560","0.0973","0.0001"
"41.7570","0.0933","0.0000"
"41.7580","0.0893","0.0000"
"41.7780","0.0104","-0.0005"
"41.7980","-0.0541","-0.0005"
"41.8180","-0.0837","-0.0005"
"41.8380","-0.0704","-0.0002"
"41.8580","-0.0160","0.0001"
"41.8780","0.0627","0.0003"
"41.8980","0.1436","0.0007"
"41.9180","0.2213","0.0011"
"41.9380","0.2993","0.0013"
"41.9580","0.3798","0.0014"
"41.9780","0.4619","0.0013"
"41.9980","0.5439","0.0013"
"42.0180","0.6249","0.0013"
"42.0380","0.7052","0.0013"
"42.0580","0.7850","0.0012"
"42.0780","0.8649","0.0013"
"42.0980","0.9449","0.0013"
"42.1180","1.0250","0.0012"
"42.1380","1.1051","0.0013"
"42.1580","1.1851","0.0013"
"42.1780","1.2652","0.0013"
"42.1980","1.3452","0.0013"
"42.2180","1.4252","0.0012"
"42.2380","1.5052","0.0013"
"42.2580","1.5852","0.0013"
"42.2780","1.6652","0.0014"
"42.2980","1.7451","0.0015"
"42.3180","1.8251","0.0014"
"42.3380","1.9051","0.0012"
"42.3580","1.9852","0.0012"
"42.3780","2.0652","0.0013"
"42.3980","2.1452","0.0014"
"42.4180","2.2252","0.0014"
"42.4380","2.3052","0.0014"
"42.4580","2.3852","0.0013"
"42.4780","2.4652","0.0013"
"42.4980","2.5452","0.0014"
"42.5180","2.6251","0.0013"
"42.5380","2.7051","0.0013"
"42.5580","2.7851","0.0013"
"42.5780","2.8652","0.0013"
"42.5980","2.9452","0.0012"
"42.6120","3.0012","0.0012"
"42.6130","3.0052","0.0012"
"42.6140","3.0092","0.0012"
"42.6340","3.0882","0.0010"
"42.6540","3.1529","0.0005"
"42.6740","3.1835","0.0004"
"42.6940","3.1721","0.0004"
"42.7140","3.1201","0.0006"
"42.7340","3.0419","0.0013"
"42.7540","2.9605","0.0015"
"42.7740","2.8828","0.0014"
"42.7940","2.8053","0.0013"
"42.8140","2.7254","0.0013"
"42.8340","2.6435","0.0012"
"42.8540","2.5613","0.0013"
"42.8740","2.4801","0.0013"
"42.8940","2.3998","0.0013"
"42.9140","2.3199","0.0013"
"42.9340","2.2401","0.0013"
"42.9540","2.1601","0.0014"
"42.9740","2.0800","0.0013"
"42.9940","1.9999","0.0013"
"43.0140","1.9198","0.0013"
"43.0340","1.8398","0.0012"
"43.0540","1.7598","0.0012"
"43.0740","1.6798","0.0012"
"43.0940","1.5998","0.0013"
"43.1140","1.5198","0.0013"
"43.1340","1.4398","0.0012"
"43.1540","1.3598","0.0012"
"43.1740","1.2798","0.0012"
"43.1940","1.1998","0.0013"
"43.2140","1.1197","0.0013"
"43.2340","1.0398","0.0013"
"43.2540","0.9598","0.0013"
"43.2740","0.8798","0.0012"
"43.2940","0.7999","0.0011"
"43.3140","0.7199","0.0012"
"43.3340","0.6398","0.0012"
"43.3540","0.5598","0.0013"
"43.3740","0.4798","0.0013"
"43.3940","0.3997","0.0011"
"43.4140","0.3198","0.0010"
"43.4340","0.2398","0.0009"
"43.4540","0.1598","0.0004"
"43.4690","0.0999","0.0000"
"43.4700","0.0959","0.0000"
"43.4710","0.0919","0.0000"
"43.4910","0.0129","-0.0005"
"43.5110","-0.0516","-0.0005"
"43.5310","-0.0813","-0.0006"
"43.5510","-0.0682","-0.0003"
"43.5710","-0.0143","0.0000"
"43.5910","0.0641","0.0002"
"43.6110","0.1449","0.0007"
"43.6310","0.2226","0.0012"
"43.6510","0.3007","0.0014"
"43.6710","0.3814","0.0014"
"43.6910","0.4636","0.0013"
"43.7110","0.5457","0.0013"
"43.7310","0.6267","0.0013"
"43.7510","0.7068","0.0013"
"43.7710","0.7866","0.0014"
"43.7910","0.8665","0.0014"
"43.8110","0.9466","0.0013"
"43.8310","1.0267","0.0013"
"43.8510","1.1067","0.0013"
"43.8710","1.1868","0.0013"
"43.8910","1.2668","0.0014"
"43.9110","1.3468","0.0013"
"43.9310","1.4268","0.0013"
"43.9510","1.5068","0.0013"
"43.9710","1.5868","0.0014"
"43.9910","1.6669","0.0014"
"44.0110","1.7469","0.0013"
"44.0310","1.8268","0.0013"
"44.0510","1.9068","0.0014"
"44.0710","1.9869","0.0014"
"44.0910","2.0669","0.0013"
"44.1110","2.1469","0.0013"
"44.1310","2.2269","0.0013"
"44.1510","2.3069","0.0013"
"44.1710","2.3869","0.0014"
"44.1910","2.4669","0.0014"
"44.2110","2.5468","0.0014"
"44.2310","2.6268","0.0013"
"44.2510","2.7068","0.0013"
"44.2710","2.7868","0.0013"
"44.2910","2.8669","0.0014"
"44.3110","2.9469","0.0014"
"44.3250","3.0029","0.0013"
"44.3260","3.0069","0.0013"
"44.3270","3.0109","0.0013"
"44.3470","3.0899","0.0011"
"44.3670","3.1546","0.0007"
"44.3870","3.1850","0.0006"
"44.4070","3.1735","0.0006"
"44.4270","3.1214","0.0007"
"44.4470","3.0430","0.0014"
"44.4670","2.9616","0.0014"
"44.4870","2.8838","0.0013"
"44.5070","2.8064","0.0012"
"44.5270","2.7265","0.0012"
"44.5470","2.6446","0.0013"
"44.5670","2.5625","0.0013"
"44.5870","2.4813","0.0013"
"44.6070","2.4009","0.0013"
"44.6270","2.3211","0.0014"
"44.6470","2.2413","0.0013"
"44.6670","2.1613","0.0013"
"44.6870","2.0812","0.0014"
"44.7070","2.0011","0.0013"
"44.7270","1.9210","0.0013"
"44.7470","1.8409","0.0013"
"44.7670","1.7610","0.0013"
"44.7870","1.6810","0.0012"
"44.8070","1.6010","0.0013"
"44.8270","1.5210","0.0013"
"44.8470","1.4410","0.0014"
"44.8670","1.3610","0.0014"
"44.8870","1.2810","0.0014"
"44.9070","1.2009","0.0013"
"44.9270","1.1209","0.0012"
"44.9470","1.0409","0.0013"
"44.9670","0.9609","0.0012"
"44.9870","0.8810","0.0013"
"45.0070","0.8010","0.0013"
"45.0270","0.7210","0.0013"
"45.0470","0.6410","0.0012"
"45.0670","0.5610","0.0012"
"45.0870","0.4809","0.0011"
"45.1070","0.4009","0.0011"
"45.1270","0.3210","0.0010"
"45.1470","0.2410","0.0008"
"45.1670","0.1610","0.0005"
"45.1830","0.0970","0.0000"
"45.1840","0.0930","0.0000"
"45.1850","0.0890","-0.0001"
"45.2050","0.0100","-0.0005"
"45.2250","-0.0545","-0.0005"
"45.2450","-0.0840","-0.0005"
"45.2650","-0.0707","-0.0003"
"45.2850","-0.0164","0.0001"
"45.3050","0.0624","0.0003"
"45.3250","0.1433","0.0008"
"45.3450","0.2210","0.0011"
"45.3650","0.2989","0.0013"
"45.3850","0.3795","0.0013"
"45.4050","0.4616","0.0012"
"45.4250","0.5437","0.0013"
"45.4450","0.6247","0.0013"
"45.4650","0.7049","0.0013"
"45.4850","0.7847","0.0013"
"45.5050","0.8645","0.0013"
"45.5250","0.9446","0.0013"
"45.5450","1.0247","0.0013"
"45.5650","1.1047","0.0012"
"45.5850","1.1848","0.0013"
"45.6050","1.2648","0.0014"
"45.6250","1.3448","0.0014"
"45.6450","1.4248","0.0014"
"45.6650","1.5048","0.0013"
"45.6850","1.5848","0.0013"
"45.7050","1.6649","0.0013"
"45.7250","1.7448","0.0014"
"45.7450","1.8248","0.0014"
"45.7650","1.9048","0.0013"
"45.7850","1.9848","0.0014"
"45.8050","2.0649","0.0014"
"45.8250","2.1449","0.0015"
"45.8450","2.2249","0.0014"
"45.8650","2.3049","0.0013"
"45.8850","2.3849","0.0013"
"45.9050","2.4649","0.0013"
"45.9250","2.5448","0.0014"
"45.9450","2.6248","0.0013"
"45.9650","2.7048","0.0014"
"45.9850","2.7848","0.0013"
"46.0050","2.8649","0.0013"
"46.0250","2.9449","0.0013"
"46.0390","3.0009","0.0013"
"46.0400","3.0049","0.0013"
"46.0410","3.0089","0.0013"
"46.0610","3.0879","0.0011"
"46.0810","3.1526","0.0006"
"46.1010","3.1831","0.0004"
"46.1210","3.1716","0.0004"
"46.1410","3.1196","0.0008"
"46.1610","3.0412","0.0014"
"46.1810","2.9598","0.0014"
"46.2010","2.8821","0.0014"
"46.2210","2.8046","0.0013"
"46.2410","2.7248","0.0014"
"46.2610","2.6429","0.0014"
"46.2810","2.5607","0.0014"
"46.3010","2.4795","0.0014"
"46.3210","2.3991","0.0014"
"46.3410","2.3193","0.0014"
"46.3610","2.2395","0.0014"
"46.3810","2.1595","0.0014"
"46.4010","2.0794","0.0013"
"46.4210","1.9993","0.0014"
"46.4410","1.9192","0.0014"
"46.4610","1.8392","0.0013"
"46.4810","1.7592","0.0013"
"46.5010","1.6792","0.0013"
"46.5210","1.5992","0.0012"
"46.5410","1.5192","0.0012"
"46.5610","1.4392","0.0013"
"46.5810","1.3592","0.0013"
"46.6010","1.2792","0.0013"
"46.6210","1.1992","0.0012"
"46.6410","1.1191","0.0012"
"46.6610","1.0391","0.0012"
"46.6810","0.9592","0.0013"
"46.7010","0.8792","0.0013"
"46.7210","0.7992","0.0012"
"46.7410","0.7192","0.0013"
"46.7610","0.6392","0.0013"
"46.7810","0.5592","0.0012"
"46.8010","0.4791","0.0011"
"46.8210","0.3991","0.0011"
"46.8410","0.3192","0.0011"
"46.8610","0.2392","0.0008"
"46.8810","0.1592","0.0005"
"46.8960","0.0993","0.0000"
"46.8970","0.0953","0.0000"
"46.8980","0.0913","-0.0001"
"46.9180","0.0123","-0.0006"
"46.9380","-0.0522","-0.0006"
"46.9580","-0.0819","-0.0005"
"46.9780","-0.0687","-0.0002"
"46.9980","-0.0147","0.0001"
"47.0180","0.0638","0.0002"
"47.0380","0.1445","0.0006"
"47.0580","0.2222","0.0011"
"47.0780","0.3003","0.0014"
"47.0980","0.3809","0.0014"
"47.1180","0.4632","0.0014"
"47.1380","0.5452","0.0013"
"47.1580","0.6263","0.0013"
"47.1780","0.7064","0.0013"
"47.1980","0.7862","0.0014"
"47.2180","0.8661","0.0014"
"47.2380","0.9462","0.0014"
"47.2580","1.0263","0.0014"
"47.2780","1.1063","0.0014"
"47.2980","1.1864","0.0013"
"47.3180","1.2664","0.0013"
"47.3380","1.3464","0.0013"
"47.3580","1.4264","0.0013"
"47.3780","1.5065","0.0013"
"47.3980","1.5865","0.0013"
"47.4180","1.6665","0.0013"
"47.4380","1.7464","0.0013"
"47.4580","1.8264","0.0014"
"47.4780","1.9064","0.0015"
"47.4980","1.9864","0.0014"
"47.5180","2.0665","0.0014"
"47.5380","2.1465","0.0013"
"47.5580","2.2265","0.0013"
"47.5780","2.3065","0.0012"
"47.5980","2.3865","0.0014"
"47.6180","2.4664","0.0015"
"47.6380","2.5464","0.0015"
"47.6580","2.6264","0.0014"
"47.6780","2.7064","0.0014"
"47.6980","2.7864","0.0013"
"47.7180","2.8665","0.0013"
"47.7380","2.9465","0.0013"
"47.7520","3.0025","0.0013"
"47.7530","3.0065","0.0013"
"47.7540","3.0105","0.0013"
"47.7740","3.0895","0.0010"
"47.7940","3.1541","0.0006"
"47.8140","3.1846","0.0005"
"47.8340","3.1731","0.0004"
"47.8540","3.1210","0.0007"
"47.8740","3.0427","0.0014"
"47.8940","2.9613","0.0015"
"47.9140","2.8835","0.0014"
"47.9340","2.8061","0.0013"
"47.9540","2.7263","0.0013"
"47.9740","2.6443","0.0013"
"47.9940","2.5622","0.0013"
"48.0140","2.4809","0.0012"
"48.0340","2.4006","0.0013"
"48.0540","2.3207","0.0014"
"48.0740","2.2410","0.0014"
"48.0940","2.1610","0.0013"
"48.1140","2.0809","0.0013"
"48.1340","2.0008","0.0013"
"48.1540","1.9207","0.0014"
"48.1740","1.8407","0.0013"
"48.1940","1.7607","0.0013"
"48.2140","1.6806","0.0014"
"48.2340","1.6006","0.0014"
"48.2540","1.5206","0.0013"
"48.2740","1.4407","0.0012"
"48.2940","1.3607","0.0012"
"48.3140","1.2806","0.0012"
"48.3340","1.2006","0.0012"
"48.3540","1.1205","0.0013"
"48.3740","1.0406","0.0013"
"48.3940","0.9606","0.0013"
"48.4140","0.8806","0.0013"
"48.4340","0.8007","0.0013"
"48.4540","0.7207","0.0013"
"48.4740","0.6406","0.0013"
"48.4940","0.5606","0.0012"
"48.5140","0.4806","0.0011"
"48.5340","0.4006","0.0010"
"48.5540","0.3206","0.0010"
"48.5740","0.2407","0.0008"
"48.5940","0.1607","0.0004"
"48.6100","0.0967","-0.0001"
"48.6110","0.0927","-0.0001"
"48.6120","0.0887","-0.0001"
"48.6320","0.0097","-0.0005"
"48.6520","-0.0548","-0.0005"
"48.6720","-0.0844","-0.0006"
"48.6920","-0.0711","-0.0003"
"48.7120","-0.0169","0.0001"
"48.7320","0.0618","0.0003"
"48.7520","0.1427","0.0009"
"48.7720","0.2204","0.0012"
"48.7920","0.2984","0.0012"
"48.8120","0.3789","0.0012"
"48.8320","0.4611","0.0012"
"48.8520","0.5431","0.0012"
"48.8720","0.6241","0.0012"
"48.8920","0.7043","0.0013"
"48.9120","0.7841","0.0014"
"48.9320","0.8640","0.0014"
"48.9520","0.9441","0.0015"
"48.9720","1.0241","0.0014"
"48.9920","1.1042","0.0013"
"49.0120","1.1843","0.0013"
"49.0320","1.2643","0.0012"
"49.0520","1.3443","0.0013"
"49.0720","1.4244","0.0013"
"49.0920","1.5043","0.0014"
"49.1120","1.5843","0.0013"
"49.1320","1.6644","0.0013"
"49.1520","1.7443","0.0014"
"49.1720","1.8243","0.0014"
"49.1920","1.9043","0.0014"
"49.2120","1.9843","0.0014"
"49.2320","2.0644","0.0014"
"49.2520","2.1444","0.0014"
"49.2720","2.2244","0.0014"
"49.2920","2.3043","0.0013"
"49.3120","2.3843","0.0013"
"49.3320","2.4643","0.0013"
"49.3520","2.5443","0.0013"
"49.3720","2.6243","0.0014"
"49.3920","2.7043","0.0014"
"49.4120","2.7843","0.0013"
"49.4320","2.8644","0.0013"
"49.4520","2.9443","0.0013"
"49.4660","3.0003","0.0013"
"49.4670","3.0043","0.0013"
"49.4680","3.0083","0.0013"
"49.4880","3.0873","0.0011"
"49.5080","3.1521","0.0006"
"49.5280","3.1826","0.0004"
"49.5480","3.1712","0.0005"
"49.5680","3.1191","0.0007"
"49.5880","3.0409","0.0013"
"49.6080","2.9595","0.0013"
"49.6280","2.8817","0.0013"
"49.6480","2.8043","0.0012"
"49.6680","2.7244","0.0012"
"49.6880","2.6424","0.0013"
"49.7080","2.5603","0.0013"
"49.7280","2.4791","0.0013"
"49.7480","2.3987","0.0013"
"49.7680","2.3189","0.0012"
"49.7880","2.2391","0.0012"
"49.8080","2.1591","0.0013"
"49.8280","2.0790","0.0014"
"49.8480","1.9989","0.0014"
"49.8680","1.9189","0.0014"
"49.8880","1.8388","0.0014"
"49.9080","1.7588","0.0014"
"49.9280","1.6788","0.0015"
"49.9480","1.5988","0.0014"
"49.9680","1.5188","0.0012"
"49.9880","1.4388","0.0012"
"50.0080","1.3588","0.0012"
"50.0280","1.2788","0.0012"
"50.0480","1.1987","0.0013"
"50.0680","1.1187","0.0012"
"50.0880","1.0387","0.0012"
"50.1080","0.9587","0.0012"
"50.1280","0.8788","0.0013"
"50.1480","0.7988","0.0013"
"50.1680","0.7188","0.0012"
"50.1880","0.6388","0.0013"
"50.2080","0.5588","0.0013"
"50.2280","0.4787","0.0012"
"50.2480","0.3987","0.0010"
"50.2680","0.3187","0.0010"
"50.2880","0.2388","0.0009"
"50.3080","0.1588","0.0005"
"50.3230","0.0988","0.0000"
"50.3240","0.0948","0.0000"
"50.3250","0.0908","0.0000"
"50.3450","0.0118","-0.0005"
"50.3650","-0.0527","-0.0005"
"50.3850","-0.0824","-0.0005"
"50.4050","-0.0692","-0.0002"
"50.4250","-0.0151","0.0001"
"50.4450","0.0635","0.0002"
"50.4650","0.1443","0.0007"
"50.4850","0.2220","0.0011"
"50.5050","0.3000","0.0013"
"50.5250","0.3806","0.0014"
"50.5450","0.4628","0.0014"
"50.5650","0.5448","0.0013"
"50.5850","0.6259","0.0013"
"50.6050","0.7061","0.0013"
"50.6250","0.7859","0.0014"
"50.6450","0.8657","0.0014"
"50.6650","0.9457","0.0014"
"50.6850","1.0258","0.0014"
"50.7050","1.1059","0.0013"
"50.7250","1.1861","0.0013"
"50.7450","1.2661","0.0013"
"50.7650","1.3461","0.0013"
"50.7850","1.4261","0.0014"
"50.8050","1.5061","0.0013"
"50.8250","1.5861","0.0012"
"50.8450","1.6661","0.0012"
"50.8650","1.7460","0.0013"
"50.8850","1.8260","0.0013"
"50.9050","1.9060","0.0014"
"50.9250","1.9860","0.0014"
"50.9450","2.0661","0.0013"
"50.9650","2.1461","0.0013"
"50.9850","2.2261","0.0013"
"51.0050","2.3061","0.0013"
"51.0250","2.3861","0.0013"
"51.0450","2.4661","0.0013"
"51.0650","2.5460","0.0013"
"51.0850","2.6260","0.0013"
"51.1050","2.7060","0.0014"
"51.1250","2.7860","0.0014"
"51.1450","2.8661","0.0014"
"51.1650","2.9461","0.0013"
"51.1790","3.0020","0.0013"
"51.1800","3.0060","0.0013"
"51.1810","3.0100","0.0013"
"51.2010","3.0891","0.0011"
"51.2210","3.1538","0.0007"
"51.2410","3.1843","0.0005"
"51.2610","3.1728","0.0006"
"51.2810","3.1208","0.0008"
"51.3010","3.0425","0.0014"
"51.3210","2.9610","0.0014"
"51.3410","2.8833","0.0013"
"51.3610","2.8058","0.0013"
"51.3810","2.7260","0.0013"
"51.4010","2.6441","0.0013"
"51.4210","2.5619","0.0013"
"51.4410","2.4807","0.0014"
"51.4610","2.4004","0.0014"
"51.4810","2.3205","0.0013"
"51.5010","2.2407","0.0012"
"51.5210","2.1607","0.0013"
"51.5410","2.0806","0.0012"
"51.5610","2.0006","0.0013"
"51.5810","1.9205","0.0013"
"51.6010","1.8405","0.0014"
"51.6210","1.7605","0.0014"
"51.6410","1.6804","0.0013"
"51.6610","1.6004","0.0013"
"51.6810","1.5204","0.0013"
"51.7010","1.4404","0.0012"
"51.7210","1.3604","0.0013"
"51.7410","1.2804","0.0014"
"51.7610","1.2003","0.0014"
"51.7810","1.1203","0.0013"
"51.8010","1.0403","0.0013"
"51.8210","0.9604","0.0013"
"51.8410","0.8804","0.0013"
"51.8610","0.8004","0.0012"
"51.8810","0.7204","0.0012"
"51.9010","0.6404","0.0012"
"51.9210","0.5604","0.0012"
"51.9410","0.4803","0.0012"
"51.9610","0.4003","0.0011"
"51.9810","0.3204","0.0010"
"52.0010","0.2404","0.0008"
"52.0210","0.1604","0.0004"
"52.0370","0.0965","0.0000"
"52.0380","0.0925","-0.0001"
"52.0390","0.0885","-0.0001"
"52.0590","0.0095","-0.0004"
"52.0790","-0.0550","-0.0004"
"52.0990","-0.0846","-0.0005"
"52.1190","-0.0713","-0.0002"
"52.1390","-0.0170","0.0000"
"52.1590","0.0616","0.0002"
"52.1790","0.1425","0.0008"
"52.1990","0.2202","0.0012"
"52.2190","0.2982","0.0013"
"52.2390","0.3788","0.0014"
"52.2590","0.4609","0.0013"
"52.2790","0.5429","0.0013"
"52.2990","0.6240","0.0013"
"52.3190","0.7042","0.0013"
"52.3390","0.7840","0.0013"
"52.3590","0.8639","0.0013"
"52.3790","0.9439","0.0013"
"52.3990","1.0239","0.0013"
"52.4190","1.1040","0.0013"
"52.4390","1.1841","0.0014"
"52.4590","1.2641","0.0013"
"52.4790","1.3441","0.0014"
"52.4990","1.4242","0.0014"
"52.5190","1.5042","0.0013"
"52.5390","1.5842","0.0013"
"52.5590","1.6642","0.0014"
"52.5790","1.7441","0.0014"
"52.5990","1.8241","0.0014"
"52.6190","1.9041","0.0013"
"52.6390","1.9841","0.0013"
"52.6590","2.0642","0.0014"
"52.6790","2.1442","0.0014"
"52.6990","2.2242","0.0014"
"52.7190","2.3042","0.0014"
"52.7390","2.3842","0.0013"
"52.7590","2.4642","0.0013"
"52.7790","2.5441","0.0013"
"52.7990","2.6241","0.0014"
"52.8190","2.7041","0.0014"
"52.8390","2.7841","0.0014"
"52.8590","2.8642","0.0013"
"52.8790","2.9442","0.0013"
"52.8930","3.0001","0.0013"
"52.8940","3.0041","0.0013"
"52.8950","3.0081","0.0013"
"52.9150","3.0872","0.0011"
"52.9350","3.1519","0.0006"
"52.9550","3.1824","0.0005"
"52.9750","3.1710","0.0005"
"52.9950","3.1190","0.0007"
"53.0150","3.0407","0.0014"
"53.0350","2.9593","0.0015"
"53.0550","2.8815","0.0014"
"53.0750","2.8041","0.0012"
"53.0950","2.7242","0.0012"
"53.1150","2.6423","0.0014"
"53.1350","2.5601","0.0014"
"53.1550","2.4789","0.0015"
"53.1750","2.3985","0.0015"
"53.1950","2.3187","0.0014"
"53.2150","2.2389","0.0013"
"53.2350","2.1590","0.0012"
"53.2550","2.0788","0.0013"
"53.2750","1.9988","0.0013"
"53.2950","1.9187","0.0013"
"53.3150","1.8386","0.0013"
"53.3350","1.7587","0.0013"
"53.3550","1.6787","0.0013"
"53.3750","1.5986","0.0013"
"53.3950","1.5186","0.0013"
"53.4150","1.4386","0.0013"
"53.4350","1.3586","0.0014"
"53.4550","1.2786","0.0013"
"53.4750","1.1985","0.0013"
"53.4950","1.1185","0.0013"
"53.5150","1.0385","0.0012"
"53.5350","0.9586","0.0012"
"53.5550","0.8786","0.0012"
"53.5750","0.7986","0.0013"
"53.5950","0.7186","0.0013"
"53.6150","0.6386","0.0013"
"53.6350","0.5586","0.0013"
"53.6550","0.4786","0.0012"
"53.6750","0.3985","0.0012"
"53.6950","0.3186","0.0011"
"53.7150","0.2386","0.0009"
"53.7350","0.1586","0.0005"
"53.7500","0.0987","0.0000"
"53.7510","0.0947","0.0000"
"53.7520","0.0907","0.0000"
"53.7720","0.0117","-0.0005"
"53.7920","-0.0529","-0.0005"
"53.8120","-0.0825","-0.0005"
"53.8320","-0.0693","-0.0002"
"53.8520","-0.0152","0.0000"
"53.8720","0.0634","0.0002"
"53.8920","0.1442","0.0007"
"53.9120","0.2219","0.0011"
"53.9320","0.2999","0.0013"
"53.9520","0.3805","0.0014"
"53.9720","0.4627","0.0013"
"53.9920","0.5447","0.0012"
"54.0120","0.6258","0.0012"
"54.0320","0.7060","0.0013"
"54.0520","0.7858","0.0013"
"54.0720","0.8656","0.0013"
"54.0920","0.9457","0.0014"
"54.1120","1.0257","0.0014"
"54.1320","1.1058","0.0013"
"54.1520","1.1859","0.0013"
"54.1720","1.2659","0.0013"
"54.1920","1.3459","0.0012"
"54.2120","1.4260","0.0012"
"54.2320","1.5060","0.0013"
"54.2520","1.5860","0.0014"
"54.2720","1.6660","0.0014"
"54.2920","1.7459","0.0013"
"54.3120","1.8259","0.0013"
"54.3320","1.9059","0.0014"
"54.3520","1.9859","0.0015"
"54.3720","2.0660","0.0014"
"54.3920","2.1460","0.0013"
"54.4120","2.2260","0.0013"
"54.4320","2.3060","0.0013"
"54.4520","2.3860","0.0014"
"54.4720","2.4659","0.0014"
"54.4920","2.5459","0.0015"
"54.5120","2.6259","0.0014"
"54.5320","2.7059","0.0014"
"54.5520","2.7859","0.0013"
"54.5720","2.8660","0.0014"
"54.5920","2.9460","0.0014"
"54.6060","3.0019","0.0014"
"54.6070","3.0059","0.0014"
"54.6080","3.0099","0.0014"
"54.6280","3.0890","0.0011"
"54.6480","3.1537","0.0006"
"54.6680","3.1842","0.0005"
"54.6880","3.1728","0.0005"
"54.7080","3.1208","0.0007"
"54.7280","3.0426","0.0014"
"54.7480","2.9611","0.0014"
"54.7680","2.8834","0.0013"
"54.7880","2.8060","0.0013"
"54.8080","2.7261","0.0014"
"54.8280","2.6441","0.0014"
"54.8480","2.5620","0.0014"
"54.8680","2.4807","0.0014"
"54.8880","2.4004","0.0014"
"54.9080","2.3206","0.0013"
"54.9280","2.2408","0.0014"
"54.9480","2.1608","0.0014"
"54.9680","2.0807","0.0014"
"54.9880","2.0006","0.0013"
"55.0080","1.9206","0.0012"
"55.0280","1.8405","0.0013"
"55.0480","1.7605","0.0014"
"55.0680","1.6805","0.0014"
"55.0880","1.6005","0.0014"
"55.1080","1.5205","0.0014"
"55.1280","1.4405","0.0013"
"55.1480","1.3605","0.0012"
"55.1680","1.2805","0.0013"
"55.1880","1.2004","0.0012"
"55.2080","1.1204","0.0013"
"55.2280","1.0404","0.0013"
"55.2480","0.9604","0.0014"
"55.2680","0.8805","0.0013"
"55.2880","0.8005","0.0013"
"55.3080","0.7205","0.0012"
"55.3280","0.6405","0.0011"
"55.3480","0.5605","0.0012"
"55.3680","0.4804","0.0012"
"55.3880","0.4004","0.0011"
"55.4080","0.3205","0.0010"
"55.4280","0.2405","0.0008"
"55.4480","0.1605","0.0004"
"55.4640","0.0966","0.0000"
"55.4650","0.0926","-0.0001"
"55.4660","0.0886","-0.0001"
"55.4860","0.0095","-0.0005"
"55.5060","-0.0549","-0.0006"
"55.5260","-0.0844","-0.0006"
"55.5460","-0.0710","-0.0004"
"55.5660","-0.0167","0.0000"
"55.5860","0.0621","0.0003"
"55.6060","0.1430","0.0008"
"55.6260","0.2207","0.0011"
"55.6460","0.2986","0.0012"
"55.6660","0.3791","0.0013"
"55.6860","0.4613","0.0013"
"55.7060","0.5433","0.0013"
"55.7260","0.6244","0.0013"
"55.7460","0.7046","0.0013"
"55.7660","0.7844","0.0014"
"55.7860","0.8643","0.0014"
"55.8060","0.9443","0.0014"
"55.8260","1.0243","0.0014"
"55.8460","1.1044","0.0014"
"55.8660","1.1845","0.0013"
"55.8860","1.2645","0.0014"
"55.9060","1.3445","0.0014"
"55.9260","1.4246","0.0014"
"55.9460","1.5045","0.0015"
"55.9660","1.5845","0.0014"
"55.9860","1.6646","0.0014"
"56.0060","1.7445","0.0013"
"56.0260","1.8245","0.0014"
"56.0460","1.9045","0.0015"
"56.0660","1.9845","0.0015"
"56.0860","2.0646","0.0014"
"56.1060","2.1446","0.0013"
"56.1260","2.2246","0.0014"
"56.1460","2.3046","0.0015"
"56.1660","2.3846","0.0015"
"56.1860","2.4646","0.0014"
"56.2060","2.5445","0.0014"
"56.2260","2.6245","0.0014"
"56.2460","2.7045","0.0013"
"56.2660","2.7845","0.0014"
"56.2860","2.8646","0.0014"
"56.3060","2.9446","0.0014"
"56.3200","3.0006","0.0013"
"56.3210","3.0046","0.0013"
"56.3220","3.0086","0.0013"
"56.3420","3.0876","0.0011"
"56.3620","3.1523","0.0006"
"56.3820","3.1828","0.0005"
"56.4020","3.1714","0.0005"
"56.4220","3.1194","0.0008"
"56.4420","3.0411","0.0014"
"56.4620","2.9597","0.0014"
"56.4820","2.8819","0.0014"
"56.5020","2.8045","0.0014"
"56.5220","2.7246","0.0013"
"56.5420","2.6427","0.0014"
"56.5620","2.5605","0.0014"
"56.5820","2.4793","0.0013"
"56.6020","2.3989","0.0014"
"56.6220","2.3191","0.0014"
"56.6420","2.2393","0.0014"
"56.6620","2.1594","0.0013"
"56.6820","2.0792","0.0012"
"56.7020","1.9992","0.0012"
"56.7220","1.9191","0.0013"
"56.7420","1.8390","0.0014"
"56.7620","1.7590","0.0014"
"56.7820","1.6790","0.0014"
"56.8020","1.5990","0.0013"
"56.8220","1.5191","0.0013"
"56.8420","1.4391","0.0013"
"56.8620","1.3591","0.0014"
"56.8820","1.2790","0.0014"
"56.9020","1.1990","0.0014"
"56.9220","1.1189","0.0014"
"56.9420","1.0390","0.0013"
"56.9620","0.9590","0.0014"
"56.9820","0.8790","0.0013"
"57.0020","0.7990","0.0013"
"57.0220","0.7190","0.0012"
"57.0420","0.6390","0.0012"
"57.0620","0.5590","0.0012"
"57.0820","0.4790","0.0012"
"57.1020","0.3990","0.0012"
"57.1220","0.3190","0.0011"
"57.1420","0.2390","0.0008"
"57.1620","0.1591","0.0004"
"57.1770","0.0991","0.0000"
"57.1780","0.0951","-0.0001"
"57.1790","0.0911","-0.0001"
"57.1990","0.0121","-0.0006"
"57.2190","-0.0524","-0.0006"
"57.2390","-0.0821","-0.0006"
"57.2590","-0.0690","-0.0003"
"57.2790","-0.0149","0.0000"
"57.2990","0.0636","0.0002"
"57.3190","0.1444","0.0007"
"57.3390","0.2221","0.0011"
"57.3590","0.3002","0.0013"
"57.3790","0.3808","0.0013"
"57.3990","0.4630","0.0013"
"57.4190","0.5450","0.0014"
"57.4390","0.6261","0.0013"
"57.4590","0.7063","0.0013"
"57.4790","0.7861","0.0014"
"57.4990","0.8659","0.0014"
"57.5190","0.9460","0.0013"
"57.5390","1.0260","0.0013"
"57.5590","1.1061","0.0013"
"57.5790","1.1862","0.0013"
"57.5990","1.2662","0.0013"
"57.6190","1.3462","0.0013"
"57.6390","1.4262","0.0013"
"57.6590","1.5062","0.0013"
"57.6790","1.5862","0.0013"
"57.6990","1.6662","0.0014"
"57.7190","1.7462","0.0014"
"57.7390","1.8262","0.0014"
"57.7590","1.9062","0.0015"
"57.7790","1.9862","0.0014"
"57.7990","2.0662","0.0014"
"57.8190","2.1463","0.0015"
"57.8390","2.2263","0.0015"
"57.8590","2.3062","0.0015"
"57.8790","2.3863","0.0014"
"57.8990","2.4662","0.0013"
"57.9190","2.5462","0.0013"
"57.9390","2.6262","0.0013"
"57.9590","2.7062","0.0013"
"57.9790","2.7862","0.0014"
"57.9990","2.8663","0.0014"
"58.0190","2.9463","0.0013"
"58.0330","3.0022","0.0014"
"58.0340","3.0062","0.0014"
"58.0350","3.0102","0.0014"
"58.0550","3.0893","0.0012"
"58.0750","3.1540","0.0006"
"58.0950","3.1845","0.0004"
"58.1150","3.1731","0.0005"
"58.1350","3.1211","0.0008"
"58.1550","3.0428","0.0014"
"58.1750","2.9614","0.0014"
"58.1950","2.8836","0.0014"
"58.2150","2.8062","0.0014"
"58.2350","2.7263","0.0014"
"58.2550","2.6444","0.0014"
"58.2750","2.5622","0.0013"
"58.2950","2.4810","0.0014"
"58.3150","2.4007","0.0014"
"58.3350","2.3208","0.0013"
"58.3550","2.2411","0.0013"
"58.3750","2.1611","0.0014"
"58.3950","2.0809","0.0013"
"58.4150","2.0008","0.0013"
"58.4350","1.9208","0.0014"
"58.4550","1.8407","0.0014"
"58.4750","1.7607","0.0014"
"58.4950","1.6807","0.0014"
"58.5150","1.6007","0.0013"
"58.5350","1.5208","0.0013"
"58.5550","1.4408","0.0012"
"58.5750","1.3608","0.0012"
"58.5950","1.2808","0.0013"
"58.6150","1.2007","0.0013"
"58.6350","1.1207","0.0013"
"58.6550","1.0407","0.0014"
"58.6750","0.9607","0.0013"
"58.6950","0.8807","0.0012"
"58.7150","0.8008","0.0012"
"58.7350","0.7208","0.0013"
"58.7550","0.6408","0.0013"
"58.7750","0.5607","0.0013"
"58.7950","0.4807","0.0012"
"58.8150","0.4007","0.0011"
"58.8350","0.3207","0.0010"
"58.8550","0.2407","0.0008"
"58.8750","0.1607","0.0004"
"58.8910","0.0968","0.0000"
"58.8920","0.0928","0.0000"
"58.8930","0.0888","0.0000"
"58.9130","0.0098","-0.0004"
"58.9330","-0.0547","-0.0005"
"58.9530","-0.0842","-0.0006"
"58.9730","-0.0709","-0.0003"
"58.9930","-0.0166","0.0000"
"59.0130","0.0622","0.0003"
"59.0330","0.1431","0.0008"
"59.0530","0.2208","0.0012"
"59.0730","0.2988","0.0014"
"59.0930","0.3793","0.0014"
"59.1130","0.4614","0.0013"
"59.1330","0.5434","0.0013"
"59.1530","0.6245","0.0013"
"59.1730","0.7047","0.0013"
"59.1930","0.7845","0.0013"
"59.2130","0.8643","0.0014"
"59.2330","0.9444","0.0014"
"59.2530","1.0244","0.0013"
"59.2730","1.1045","0.0014"
"59.2930","1.1846","0.0013"
"59.3130","1.2646","0.0013"
"59.3330","1.3446","0.0014"
"59.3530","1.4246","0.0014"
"59.3730","1.5046","0.0015"
"59.3930","1.5846","0.0015"
"59.4130","1.6647","0.0014"
"59.4330","1.7446","0.0014"
"59.4530","1.8246","0.0014"
"59.4730","1.9046","0.0013"
"59.4930","1.9846","0.0013"
"59.5130","2.0647","0.0014"
"59.5330","2.1447","0.0014"
"59.5530","2.2247","0.0014"
"59.5730","2.3047","0.0013"
"59.5930","2.3847","0.0014"
"59.6130","2.4646","0.0014"
"59.6330","2.5446","0.0014"
"59.6530","2.6246","0.0014"
"59.6730","2.7046","0.0014"
"59.6930","2.7846","0.0014"
"59.7130","2.8647","0.0014"
"59.7330","2.9447","0.0014"
"59.7470","3.0007","0.0014"
"59.7480","3.0047","0.0014"
"59.7490","3.0087","0.0014"
"59.7690","3.0877","0.0011"
"59.7890","3.1524","0.0006"
"59.8090","3.1829","0.0005"
"59.8290","3.1715","0.0005"
"59.8490","3.1194","0.0007"
"59.8690","3.0412","0.0014"
"59.8890","2.9598","0.0014"
"59.9090","2.8820","0.0013"
"59.9290","2.8046","0.0013"
"59.9490","2.7247","0.0013"
"59.9690","2.6427","0.0014"
"59.9890","2.5606","0.0014"
"60.0090","2.4794","0.0014"
"60.0290","2.3990","0.0014"
"60.0490","2.3192","0.0014"
"60.0690","2.2394","0.0014"
"60.0890","2.1594","0.0014"
"60.1090","2.0793","0.0013"
"60.1290","1.9992","0.0012"
"60.1490","1.9191","0.0012"
"60.1690","1.8390","0.0013"
"60.1890","1.7591","0.0014"
"60.2090","1.6791","0.0014"
"60.2290","1.5991","0.0014"
"60.2490","1.5191","0.0014"
"60.2690","1.4391","0.0013"
"60.2890","1.3591","0.0013"
"60.3090","1.2791","0.0012"
"60.3290","1.1990","0.0011"
"60.3490","1.1190","0.0013"
"60.3690","1.0390","0.0014"
"60.3890","0.9591","0.0013"
"60.4090","0.8791","0.0013"
"60.4290","0.7991","0.0013"
"60.4490","0.7191","0.0012"
"60.4690","0.6391","0.0012"
"60.4890","0.5591","0.0012"
"60.5090","0.4790","0.0011"
"60.5290","0.3990","0.0010"
"60.5490","0.3191","0.0011"
"60.5690","0.2391","0.0009"
"60.5890","0.1591","0.0005"
"60.6040","0.0991","0.0000"
"60.6050","0.0951","-0.0001"
"60.6060","0.0911","-0.0001"
"60.6260","0.0121","-0.0005"
"60.6460","-0.0524","-0.0004"
"60.6660","-0.0821","-0.0005"
"60.6860","-0.0690","-0.0003"
"60.7060","-0.0150","0.0000"
"60.7260","0.0635","0.0003"
"60.7460","0.1443","0.0008"
"60.7660","0.2220","0.0012"
"60.7860","0.3000","0.0014"
"60.8060","0.3807","0.0014"
"60.8260","0.4629","0.0013"
"60.8460","0.5449","0.0012"
"60.8660","0.6260","0.0012"
"60.8860","0.7062","0.0014"
"60.9060","0.7860","0.0014"
"60.9260","0.8658","0.0014"
"60.9460","0.9458","0.0013"
"60.9660","1.0259","0.0014"
"60.9860","1.1060","0.0013"
"61.0060","1.1861","0.0014"
"61.0260","1.2662","0.0014"
"61.0460","1.3462","0.0014"
"61.0660","1.4262","0.0014"
"61.0860","1.5062","0.0014"
"61.1060","1.5861","0.0014"
"61.1260","1.6661","0.0015"
"61.1460","1.7461","0.0014"
"61.1660","1.8261","0.0013"
"61.1860","1.9061","0.0013"
"61.2060","1.9862","0.0014"
"61.2260","2.0662","0.0014"
"61.2460","2.1462","0.0014"
"61.2660","2.2262","0.0014"
"61.2860","2.3062","0.0014"
"61.3060","2.3862","0.0013"
"61.3260","2.4662","0.0013"
"61.3460","2.5462","0.0013"
"61.3660","2.6262","0.0013"
"61.3860","2.7061","0.0015"
"61.4060","2.7861","0.0015"
"61.4260","2.8662","0.0014"
"61.4460","2.9462","0.0014"
"61.4600","3.0022","0.0014"
"61.4610","3.0062","0.0014"
"61.4620","3.0102","0.0014"
"61.4820","3.0892","0.0011"
"61.5020","3.1539","0.0006"
"61.5220","3.1845","0.0005"
"61.5420","3.1730","0.0005"
"61.5620","3.1210","0.0007"
"61.5820","3.0428","0.0014"
"61.6020","2.9613","0.0015"
"61.6220","2.8836","0.0014"
"61.6420","2.8062","0.0013"
"61.6620","2.7263","0.0013"
"61.6820","2.6443","0.0015"
"61.7020","2.5622","0.0015"
"61.7220","2.4809","0.0014"
"61.7420","2.4006","0.0013"
"61.7620","2.3208","0.0012"
"61.7820","2.2410","0.0012"
"61.8020","2.1610","0.0013"
"61.8220","2.0809","0.0013"
"61.8420","2.0008","0.0014"
"61.8620","1.9207","0.0013"
"61.8820","1.8406","0.0013"
"61.9020","1.7607","0.0013"
"61.9220","1.6807","0.0012"
"61.9420","1.6007","0.0012"
"61.9620","1.5207","0.0013"
"61.9820","1.4407","0.0013"
"62.0020","1.3607","0.0013"
"62.0220","1.2807","0.0013"
"62.0420","1.2006","0.0013"
"62.0620","1.1206","0.0013"
"62.0820","1.0406","0.0013"
"62.1020","0.9606","0.0013"
"62.1220","0.8806","0.0014"
"62.1420","0.8007","0.0013"
"62.1620","0.7207","0.0013"
"62.1820","0.6407","0.0012"
"62.2020","0.5606","0.0012"
"62.2220","0.4806","0.0011"
"62.2420","0.4006","0.0011"
"62.2620","0.3207","0.0009"
"62.2820","0.2407","0.0008"
"62.3020","0.1607","0.0004"
"62.3180","0.0967","-0.0001"
"62.3190","0.0927","-0.0001"
"62.3200","0.0887","-0.0002"
"62.3400","0.0097","-0.0006"
"62.3600","-0.0548","-0.0005"
"62.3800","-0.0844","-0.0005"
"62.4000","-0.0711","-0.0003"
"62.4200","-0.0168","0.0000"
"62.4400","0.0619","0.0002"
"62.4600","0.1428","0.0007"
"62.4800","0.2205","0.0012"
"62.5000","0.2984","0.0014"
"62.5200","0.3789","0.0014"
"62.5400","0.4611","0.0012"
"62.5600","0.5431","0.0012"
"62.5800","0.6242","0.0013"
"62.6000","0.7044","0.0013"
"62.6200","0.7842","0.0013"
"62.6400","0.8641","0.0014"
"62.6600","0.9441","0.0013"
"62.6800","1.0242","0.0013"
"62.7000","1.1042","0.0013"
"62.7200","1.1844","0.0013"
"62.7400","1.2644","0.0013"
"62.7600","1.3444","0.0014"
"62.7800","1.4244","0.0013"
"62.8000","1.5044","0.0013"
"62.8200","1.5844","0.0013"
"62.8400","1.6644","0.0014"
"62.8600","1.7444","0.0015"
"62.8800","1.8243","0.0015"
"62.9000","1.9044","0.0013"
"62.9200","1.9844","0.0014"
"62.9400","2.0644","0.0014"
"62.9600","2.1444","0.0013"
"62.9800","2.2244","0.0013"
"63.0000","2.3044","0.0014"
"63.0200","2.3844","0.0013"
"63.0400","2.4644","0.0013"
"63.0600","2.5444","0.0012"
"63.0800","2.6244","0.0012"
"63.1000","2.7043","0.0013"
"63.1200","2.7843","0.0013"
"63.1400","2.8644","0.0013"
"63.1600","2.9444","0.0013"
"63.1740","3.0004","0.0013"
"63.1750","3.0044","0.0013"
"63.1760","3.0084","0.0013"
"63.1960","3.0874","0.0011"
"63.2160","3.1521","0.0007"
"63.2360","3.1825","0.0005"
"63.2560","3.1710","0.0005"
"63.2760","3.1189","0.0007"
"63.2960","3.0406","0.0013"
"63.3160","2.9591","0.0015"
"63.3360","2.8813","0.0014"
"63.3560","2.8039","0.0013"
"63.3760","2.7241","0.0012"
"63.3960","2.6422","0.0013"
"63.4160","2.5600","0.0014"
"63.4360","2.4788","0.0014"
"63.4560","2.3985","0.0014"
"63.4760","2.3186","0.0014"
"63.4960","2.2389","0.0013"
"63.5160","2.1589","0.0013"
"63.5360","2.0788","0.0013"
"63.5560","1.9987","0.0013"
"63.5760","1.9186","0.0013"
"63.5960","1.8386","0.0013"
"63.6160","1.7586","0.0013"
"63.6360","1.6786","0.0013"
"63.6560","1.5985","0.0013"
"63.6760","1.5185","0.0012"
"63.6960","1.4385","0.0013"
"63.7160","1.3585","0.0013"
"63.7360","1.2785","0.0013"
"63.7560","1.1985","0.0013"
"63.7760","1.1184","0.0014"
"63.7960","1.0385","0.0013"
"63.8160","0.9585","0.0013"
"63.8360","0.8785","0.0012"
"63.8560","0.7985","0.0012"
"63.8760","0.7185","0.0012"
"63.8960","0.6385","0.0011"
"63.9160","0.5585","0.0011"
"63.9360","0.4785","0.0011"
"63.9560","0.3985","0.0011"
"63.9760","0.3185","0.0010"
"63.9960","0.2385","0.0008"
"64.0160","0.1585","0.0005"
"64.0310","0.0986","0.0000"
"64.0320","0.0946","0.0000"
"64.0330","0.0906","0.0000"
"64.0530","0.0116","-0.0005"
"64.0730","-0.0529","-0.0005"
"64.0930","-0.0826","-0.0006"
"64.1130","-0.0694","-0.0004"
"64.1330","-0.0152","-0.0001"
"64.1530","0.0634","0.0002"
"64.1730","0.1443","0.0007"
"64.1930","0.2220","0.0010"
"64.2130","0.3000","0.0012"
"64.2330","0.3805","0.0013"
"64.2530","0.4627","0.0012"
"64.2730","0.5448","0.0014"
"64.2930","0.6258","0.0014"
"64.3130","0.7060","0.0014"
"64.3330","0.7857","0.0014"
"64.3530","0.8656","0.0014"
"64.3730","0.9456","0.0013"
"64.3930","1.0257","0.0013"
"64.4130","1.1058","0.0013"
"64.4330","1.1860","0.0014"
"64.4530","1.2660","0.0014"
"64.4730","1.3460","0.0014"
"64.4930","1.4260","0.0014"
"64.5130","1.5060","0.0014"
"64.5330","1.5859","0.0013"
"64.5530","1.6660","0.0014"
"64.5730","1.7460","0.0014"
"64.5930","1.8260","0.0014"
"64.6130","1.9060","0.0014"
"64.6330","1.9860","0.0014"
"64.6530","2.0660","0.0014"
"64.6730","2.1460","0.0014"
"64.6930","2.2260","0.0014"
"64.7130","2.3060","0.0013"
"64.7330","2.3860","0.0013"
"64.7530","2.4660","0.0014"
"64.7730","2.5460","0.0014"
"64.7930","2.6260","0.0013"
"64.8130","2.7059","0.0013"
"64.8330","2.7859","0.0014"
"64.8530","2.8660","0.0014"
"64.8730","2.9460","0.0014"
"64.8870","3.0020","0.0014"
"64.8880","3.0060","0.0014"
"64.8890","3.0100","0.0014"
"64.9090","3.0890","0.0011"
"64.9290","3.1537","0.0005"
"64.9490","3.1843","0.0004"
"64.9690","3.1729","0.0004"
"64.9890","3.1209","0.0007"
"65.0090","3.0426","0.0014"
"65.0290","2.9612","0.0014"
"65.0490","2.8835","0.0014"
"65.0690","2.8060","0.0013"
"65.0890","2.7262","0.0013"
"65.1090","2.6442","0.0013"
"65.1290","2.5620","0.0012"
"65.1490","2.4808","0.0012"
"65.1690","2.4005","0.0013"
"65.1890","2.3207","0.0013"
"65.2090","2.2409","0.0012"
"65.2290","2.1609","0.0012"
"65.2490","2.0808","0.0012"
"65.2690","2.0007","0.0012"
"65.2890","1.9206","0.0013"
"65.3090","1.8405","0.0013"
"65.3290","1.7606","0.0013"
"65.3490","1.6805","0.0013"
"65.3690","1.6005","0.0013"
"65.3890","1.5205","0.0013"
"65.4090","1.4405","0.0012"
"65.4290","1.3605","0.0012"
"65.4490","1.2805","0.0013"
"65.4690","1.2005","0.0013"
"65.4890","1.1204","0.0013"
"65.5090","1.0405","0.0013"
"65.5290","0.9605","0.0013"
"65.5490","0.8805","0.0012"
"65.5690","0.8005","0.0012"
"65.5890","0.7205","0.0012"
"65.6090","0.6405","0.0011"
"65.6290","0.5605","0.0012"
"65.6490","0.4805","0.0012"
"65.6690","0.4005","0.0011"
"65.6890","0.3205","0.0011"
"65.7090","0.2405","0.0008"
"65.7290","0.1605","0.0005"
"65.7450","0.0966","0.0000"
"65.7460","0.0926","0.0000"
"65.7470","0.0886","0.0000"
"65.7670","0.0096","-0.0005"
"65.7870","-0.0550","-0.0005"
"65.8070","-0.0846","-0.0006"
"65.8270","-0.0714","-0.0003"
"65.8470","-0.0172","0.0000"
"65.8670","0.0614","0.0002"
"65.8870","0.1423","0.0007"
"65.9070","0.2200","0.0011"
"65.9270","0.2980","0.0012"
"65.9470","0.3785","0.0014"
"65.9670","0.4607","0.0014"
"65.9870","0.5428","0.0013"
"66.0070","0.6238","0.0013"
"66.0270","0.7040","0.0012"
"66.0470","0.7838","0.0013"
"66.0670","0.8636","0.0013"
"66.0870","0.9437","0.0013"
"66.1070","1.0238","0.0013"
"66.1270","1.1039","0.0013"
"66.1470","1.1840","0.0013"
"66.1670","1.2640","0.0014"
"66.1870","1.3440","0.0013"
"66.2070","1.4240","0.0013"
"66.2270","1.5040","0.0013"
"66.2470","1.5840","0.0014"
"66.2670","1.6640","0.0014"
"66.2870","1.7440","0.0014"
"66.3070","1.8239","0.0013"
"66.3270","1.9040","0.0013"
"66.3470","1.9840","0.0014"
"66.3670","2.0640","0.0014"
"66.3870","2.1440","0.0014"
"66.4070","2.2240","0.0014"
"66.4270","2.3040","0.0014"
"66.4470","2.3840","0.0013"
"66.4670","2.4640","0.0014"
"66.4870","2.5440","0.0013"
"66.5070","2.6240","0.0013"
"66.5270","2.7039","0.0013"
"66.5470","2.7839","0.0013"
"66.5670","2.8640","0.0012"
"66.5870","2.9440","0.0012"
"66.6020","3.0040","0.0013"
"66.6030","3.0080","0.0013"
"66.6040","3.0120","0.0013"
"66.6240","3.0910","0.0011"
"66.6440","3.1557","0.0005"
"66.6640","3.1862","0.0004"
"66.6840","3.1747","0.0004"
"66.7040","3.1225","0.0007"
"66.7240","3.0442","0.0014"
"66.7440","2.9626","0.0014"
"66.7640","2.8848","0.0013"
"66.7840","2.8074","0.0013"
"66.8040","2.7276","0.0013"
"66.8240","2.6458","0.0013"
"66.8440","2.5636","0.0014"
"66.8640","2.4824","0.0015"
"66.8840","2.4021","0.0014"
"66.9040","2.3222","0.0013"
"66.9240","2.2425","0.0012"
"66.9440","2.1625","0.0013"
"66.9640","2.0824","0.0013"
"66.9840","2.0023","0.0012"
"67.0040","1.9222","0.0012"
"67.0240","1.8421","0.0013"
"67.0440","1.7622","0.0013"
"67.0640","1.6822","0.0013"
"67.0840","1.6021","0.0012"
"67.1040","1.5221","0.0013"
"67.1240","1.4421","0.0013"
"67.1440","1.3621","0.0013"
"67.1640","1.2821","0.0013"
"67.1840","1.2021","0.0012"
"67.2040","1.1220","0.0012"
"67.2240","1.0421","0.0011"
"67.2440","0.9621","0.0011"
"67.2640","0.8821","0.0012"
"67.2840","0.8021","0.0012"
"67.3040","0.7221","0.0012"
"67.3240","0.6421","0.0012"
"67.3440","0.5621","0.0013"
"67.3640","0.4821","0.0012"
"67.3840","0.4021","0.0011"
"67.4040","0.3221","0.0010"
"67.4240","0.2421","0.0008"
"67.4440","0.1621","0.0005"
"67.4600","0.0982","0.0000"
"67.4610","0.0942","-0.0001"
"67.4620","0.0902","-0.0001"
"67.4820","0.0112","-0.0005"
"67.5020","-0.0534","-0.0006"
"67.5220","-0.0830","-0.0006"
"67.5420","-0.0698","-0.0003"
"67.5620","-0.0156","0.0000"
"67.5820","0.0630","0.0002"
"67.6020","0.1439","0.0008"
"67.6220","0.2216","0.0011"
"67.6420","0.2996","0.0012"
"67.6620","0.3801","0.0013"
"67.6820","0.4623","0.0013"
"67.7020","0.5443","0.0013"
"67.7220","0.6254","0.0012"
"67.7420","0.7056","0.0013"
"67.7620","0.7854","0.0012"
"67.7820","0.8652","0.0013"
"67.8020","0.9453","0.0012"
"67.8220","1.0253","0.0013"
"67.8420","1.1054","0.0012"
"67.8620","1.1856","0.0012"
"67.8820","1.2656","0.0013"
"67.9020","1.3456","0.0013"
"67.9220","1.4256","0.0013"
"67.9420","1.5056","0.0013"
"67.9620","1.5856","0.0012"
"67.9820","1.6656","0.0012"
"68.0020","1.7455","0.0013"
"68.0220","1.8255","0.0013"
"68.0420","1.9056","0.0013"
"68.0620","1.9856","0.0013"
"68.0820","2.0656","0.0013"
"68.1020","2.1456","0.0013"
"68.1220","2.2256","0.0013"
"68.1420","2.3056","0.0013"
"68.1620","2.3856","0.0013"
"68.1820","2.4656","0.0014"
"68.2020","2.5456","0.0014"
"68.2220","2.6256","0.0014"
"68.2420","2.7055","0.0013"
"68.2620","2.7855","0.0013"
"68.2820","2.8656","0.0013"
"68.3020","2.9456","0.0013"
"68.3160","3.0016","0.0013"
"68.3170","3.0056","0.0013"
"68.3180","3.0096","0.0013"
"68.3380","3.0886","0.0010"
"68.3580","3.1533","0.0006"
"68.3780","3.1839","0.0004"
"68.3980","3.1726","0.0004"
"68.4180","3.1206","0.0006"
"68.4380","3.0424","0.0013"
"68.4580","2.9611","0.0013"
"68.4780","2.8833","0.0013"
"68.4980","2.8059","0.0013"
"68.5180","2.7259","0.0013"
"68.5380","2.6440","0.0012"
"68.5580","2.5618","0.0013"
"68.5780","2.4806","0.0013"
"68.5980","2.4003","0.0014"
"68.6180","2.3204","0.0014"
"68.6380","2.2407","0.0014"
"68.6580","2.1607","0.0014"
"68.6780","2.0805","0.0014"
"68.6980","2.0005","0.0014"
"68.7180","1.9204","0.0014"
"68.7380","1.8404","0.0012"
"68.7580","1.7604","0.0013"
"68.7780","1.6804","0.0014"
"68.7980","1.6003","0.0014"
"68.8180","1.5203","0.0013"
"68.8380","1.4403","0.0013"
"68.8580","1.3603","0.0013"
"68.8780","1.2803","0.0013"
"68.8980","1.2003","0.0013"
"68.9180","1.1202","0.0013"
"68.9380","1.0402","0.0012"
"68.9580","0.9603","0.0013"
"68.9780","0.8803","0.0012"
"68.9980","0.8003","0.0013"
"69.0180","0.7203","0.0012"
"69.0380","0.6403","0.0013"
"69.0580","0.5603","0.0012"
"69.0780","0.4803","0.0011"
"69.0980","0.4002","0.0011"
"69.1180","0.3203","0.0010"
"69.1380","0.2403","0.0008"
"69.1580","0.1603","0.0004"
"69.1740","0.0964","-0.0001"
"69.1750","0.0924","-0.0001"
"69.1760","0.0884","-0.0002"
"69.1960","0.0094","-0.0006"
"69.2160","-0.0552","-0.0005"
"69.2360","-0.0849","-0.0005"
"69.2560","-0.0717","-0.0004"
"69.2760","-0.0175","0.0000"
"69.2960","0.0611","0.0002"
"69.3160","0.1420","0.0007"
"69.3360","0.2197","0.0011"
"69.3560","0.2977","0.0012"
"69.3760","0.3782","0.0013"
"69.3960","0.4604","0.0013"
"69.4160","0.5424","0.0013"
"69.4360","0.6234","0.0013"
"69.4560","0.7036","0.0014"
"69.4760","0.7835","0.0014"
"69.4960","0.8633","0.0013"
"69.5160","0.9433","0.0013"
"69.5360","1.0234","0.0014"
"69.5560","1.1035","0.0013"
"69.5760","1.1836","0.0013"
"69.5960","1.2637","0.0013"
"69.6160","1.3437","0.0014"
"69.6360","1.4237","0.0014"
"69.6560","1.5036","0.0013"
"69.6760","1.5836","0.0012"
"69.6960","1.6637","0.0012"
"69.7160","1.7437","0.0013"
"69.7360","1.8236","0.0013"
"69.7560","1.9036","0.0013"
"69.7760","1.9836","0.0014"
"69.7960","2.0637","0.0014"
"69.8160","2.1437","0.0014"
"69.8360","2.2237","0.0014"
"69.8560","2.3037","0.0013"
"69.8760","2.3837","0.0013"
"69.8960","2.4637","0.0014"
"69.9160","2.5436","0.0014"
"69.9360","2.6236","0.0013"
"69.9560","2.7036","0.0013"
"69.9760","2.7836","0.0013"
"69.9960","2.8637","0.0013"
"70.0160","2.9437","0.0014"
"70.0310","3.0036","0.0013"
"70.0320","3.0076","0.0013"
"70.0330","3.0116","0.0013"
"70.0530","3.0907","0.0010"
"70.0730","3.1553","0.0005"
"70.0930","3.1857","0.0005"
"70.1130","3.1741","0.0005"
"70.1330","3.1219","0.0008"
"70.1530","3.0435","0.0014"
"70.1730","2.9620","0.0014"
"70.1930","2.8842","0.0014"
"70.2130","2.8069","0.0013"
"70.2330","2.7270","0.0013"
"70.2530","2.6452","0.0013"
"70.2730","2.5630","0.0013"
"70.2930","2.4818","0.0013"
"70.3130","2.4015","0.0013"
"70.3330","2.3216","0.0013"
"70.3530","2.2418","0.0013"
"70.3730","2.1619","0.0013"
"70.3930","2.0818","0.0013"
"70.4130","2.0017","0.0013"
"70.4330","1.9216","0.0013"
"70.4530","1.8415","0.0013"
"70.4730","1.7616","0.0011"
"70.4930","1.6816","0.0012"
"70.5130","1.6015","0.0013"
"70.5330","1.5215","0.0014"
"70.5530","1.4415","0.0013"
"70.5730","1.3615","0.0013"
"70.5930","1.2815","0.0012"
"70.6130","1.2015","0.0012"
"70.6330","1.1214","0.0012"
"70.6530","1.0415","0.0013"
"70.6730","0.9615","0.0012"
"70.6930","0.8815","0.0011"
"70.7130","0.8015","0.0011"
"70.7330","0.7215","0.0012"
"70.7530","0.6415","0.0012"
"70.7730","0.5615","0.0012"
"70.7930","0.4815","0.0012"
"70.8130","0.4014","0.0011"
"70.8330","0.3215","0.0011"
"70.8530","0.2415","0.0008"
"70.8730","0.1615","0.0005"
"70.8890","0.0976","-0.0001"
"70.8900","0.0936","-0.0001"
"70.8910","0.0896","-0.0001"
"70.9110","0.0106","-0.0005"
"70.9310","-0.0539","-0.0005"
"70.9510","-0.0836","-0.0006"
"70.9710","-0.0703","-0.0002"
"70.9910","-0.0160","0.0000"
"71.0110","0.0627","0.0002"
"71.0310","0.1436","0.0007"
"71.0510","0.2213","0.0011"
"71.0710","0.2993","0.0012"
"71.0910","0.3798","0.0012"
"71.1110","0.4620","0.0012"
"71.1310","0.5440","0.0013"
"71.1510","0.6250","0.0012"
"71.1710","0.7052","0.0012"
"71.1910","0.7850","0.0012"
"71.2110","0.8649","0.0013"
"71.2310","0.9449","0.0012"
"71.2510","1.0250","0.0014"
"71.2710","1.1051","0.0014"
"71.2910","1.1852","0.0013"
"71.3110","1.2652","0.0013"
"71.3310","1.3452","0.0013"
"71.3510","1.4252","0.0014"
"71.3710","1.5052","0.0013"
"71.3910","1.5851","0.0013"
"71.4110","1.6651","0.0013"
"71.4310","1.7451","0.0013"
"71.4510","1.8252","0.0012"
"71.4710","1.9052","0.0014"
"71.4910","1.9852","0.0015"
"71.5110","2.0652","0.0014"
"71.5310","2.1452","0.0013"
"71.5510","2.2252","0.0013"
"71.5710","2.3052","0.0013"
"71.5910","2.3852","0.0013"
"71.6110","2.4652","0.0014"
"71.6310","2.5452","0.0013"
"71.6510","2.6252","0.0013"
"71.6710","2.7051","0.0013"
"71.6910","2.7851","0.0013"
"71.7110","2.8652","0.0014"
"71.7310","2.9452","0.0014"
"71.7450","3.0012","0.0014"
"71.7460","3.0052","0.0014"
"71.7470","3.0092","0.0014"
"71.7670","3.0882","0.0011"
"71.7870","3.1529","0.0006"
"71.8070","3.1835","0.0005"
"71.8270","3.1721","0.0005"
"71.8470","3.1201","0.0008"
"71.8670","3.0419","0.0014"
"71.8870","2.9606","0.0014"
"71.9070","2.8829","0.0014"
"71.9270","2.8054","0.0013"
"71.9470","2.7255","0.0013"
"71.9670","2.6435","0.0013"
"71.9870","2.5613","0.0013"
"72.0070","2.4801","0.0014"
"72.0270","2.3998","0.0014"
"72.0470","2.3199","0.0014"
"72.0670","2.2402","0.0013"
"72.0870","2.1602","0.0013"
"72.1070","2.0800","0.0013"
"72.1270","2.0000","0.0013"
"72.1470","1.9199","0.0013"
"72.1670","1.8398","0.0013"
"72.1870","1.7598","0.0013"
"72.2070","1.6798","0.0013"
"72.2270","1.5998","0.0013"
"72.2470","1.5198","0.0013"
"72.2670","1.4398","0.0013"
"72.2870","1.3598","0.0012"
"72.3070","1.2798","0.0012"
"72.3270","1.1997","0.0012"
"72.3470","1.1197","0.0013"
"72.3670","1.0397","0.0013"
"72.3870","0.9597","0.0013"
"72.4070","0.8798","0.0012"
"72.4270","0.7998","0.0012"
"72.4470","0.7198","0.0012"
"72.4670","0.6398","0.0012"
"72.4870","0.5598","0.0012"
"72.5070","0.4798","0.0011"
"72.5270","0.3997","0.0011"
"72.5470","0.3198","0.0010"
"72.5670","0.2398","0.0009"
"72.5870","0.1598","0.0005"
"72.6020","0.0998","-0.0001"
"72.6030","0.0958","-0.0001"
"72.6040","0.0918","-0.0001"
"72.6240","0.0128","-0.0006"
"72.6440","-0.0517","-0.0006"
"72.6640","-0.0815","-0.0006"
"72.6840","-0.0685","-0.0004"
"72.7040","-0.0146","-0.0001"
"72.7240","0.0638","0.0001"
"72.7440","0.1445","0.0006"
"72.7640","0.2222","0.0011"
"72.7840","0.3003","0.0012"
"72.8040","0.3810","0.0013"
"72.8240","0.4632","0.0013"
"72.8440","0.5453","0.0013"
"72.8640","0.6263","0.0013"
"72.8840","0.7065","0.0013"
"72.9040","0.7863","0.0013"
"72.9240","0.8662","0.0013"
"72.9440","0.9462","0.0013"
"72.9640","1.0263","0.0014"
"72.9840","1.1064","0.0014"
"73.0040","1.1865","0.0013"
"73.0240","1.2665","0.0012"
"73.0440","1.3465","0.0013"
"73.0640","1.4265","0.0013"
"73.0840","1.5065","0.0013"
"73.1040","1.5865","0.0013"
"73.1240","1.6665","0.0014"
"73.1440","1.7465","0.0014"
"73.1640","1.8265","0.0013"
"73.1840","1.9065","0.0013"
"73.2040","1.9865","0.0013"
"73.2240","2.0665","0.0013"
"73.2440","2.1466","0.0013"
"73.2640","2.2265","0.0013"
"73.2840","2.3065","0.0013"
"73.3040","2.3865","0.0013"
"73.3240","2.4665","0.0013"
"73.3440","2.5465","0.0012"
"73.3640","2.6265","0.0013"
"73.3840","2.7065","0.0013"
"73.4040","2.7865","0.0013"
"73.4240","2.8666","0.0013"
"73.4440","2.9466","0.0013"
"73.4580","3.0025","0.0014"
"73.4590","3.0065","0.0014"
"73.4600","3.0105","0.0014"
"73.4800","3.0895","0.0011"
"73.5000","3.1542","0.0006"
"73.5200","3.1848","0.0006"
"73.5400","3.1734","0.0005"
"73.5600","3.1213","0.0007"
"73.5800","3.0430","0.0013"
"73.6000","2.9616","0.0014"
"73.6200","2.8839","0.0014"
"73.6400","2.8064","0.0013"
"73.6600","2.7266","0.0013"
"73.6800","2.6447","0.0012"
"73.7000","2.5625","0.0012"
"73.7200","2.4812","0.0013"
"73.7400","2.4009","0.0013"
"73.7600","2.3211","0.0013"
"73.7800","2.2413","0.0013"
"73.8000","2.1613","0.0012"
"73.8200","2.0812","0.0013"
"73.8400","2.0011","0.0013"
"73.8600","1.9211","0.0013"
"73.8800","1.8410","0.0013"
"73.9000","1.7610","0.0013"
"73.9200","1.6810","0.0012"
"73.9400","1.6009","0.0012"
"73.9600","1.5210","0.0013"
"73.9800","1.4410","0.0013"
"74.0000","1.3610","0.0013"
"74.0200","1.2809","0.0013"
"74.0400","1.2009","0.0013"
"74.0600","1.1209","0.0013"
"74.0800","1.0409","0.0013"
"74.1000","0.9609","0.0012"
"74.1200","0.8809","0.0012"
"74.1400","0.8010","0.0012"
"74.1600","0.7210","0.0013"
"74.1800","0.6410","0.0013"
"74.2000","0.5610","0.0013"
"74.2200","0.4809","0.0012"
"74.2400","0.4009","0.0010"
"74.2600","0.3209","0.0010"
"74.2800","0.2410","0.0008"
"74.3000","0.1610","0.0004"
"74.3160","0.0970","-0.0001"
"74.3170","0.0930","-0.0001"
"74.3180","0.0890","-0.0002"
"74.3380","0.0100","-0.0006"
"74.3580","-0.0545","-0.0006"
"74.3780","-0.0840","-0.0006"
"74.3980","-0.0707","-0.0004"
"74.4180","-0.0164","0.0000"
"74.4380","0.0624","0.0002"
"74.4580","0.1433","0.0007"
"74.4780","0.2211","0.0012"
"74.4980","0.2990","0.0013"
"74.5180","0.3795","0.0013"
"74.5380","0.4616","0.0012"
"74.5580","0.5436","0.0013"
"74.5780","0.6247","0.0014"
"74.5980","0.7049","0.0013"
"74.6180","0.7847","0.0013"
"74.6380","0.8645","0.0012"
"74.6580","0.9445","0.0013"
"74.6780","1.0246","0.0014"
"74.6980","1.1047","0.0014"
"74.7180","1.1848","0.0013"
"74.7380","1.2648","0.0014"
"74.7580","1.3449","0.0014"
"74.7780","1.4249","0.0014"
"74.7980","1.5049","0.0014"
"74.8180","1.5848","0.0014"
"74.8380","1.6649","0.0014"
"74.8580","1.7448","0.0014"
"74.8780","1.8248","0.0014"
"74.8980","1.9048","0.0014"
"74.9180","1.9848","0.0013"
"74.9380","2.0648","0.0013"
"74.9580","2.1449","0.0013"
"74.9780","2.2249","0.0013"
"74.9980","2.3049","0.0014"
"75.0180","2.3849","0.0014"
"75.0380","2.4649","0.0013"
"75.0580","2.5448","0.0013"
"75.0780","2.6248","0.0012"
"75.0980","2.7048","0.0012"
"75.1180","2.7848","0.0013"
"75.1380","2.8649","0.0014"
"75.1580","2.9449","0.0014"
"75.1720","3.0009","0.0013"
"75.1730","3.0049","0.0013"
"75.1740","3.0089","0.0013"
"75.1940","3.0879","0.0011"
"75.2140","3.1526","0.0006"
"75.2340","3.1831","0.0005"
"75.2540","3.1717","0.0005"
"75.2740","3.1196","0.0008"
"75.2940","3.0413","0.0014"
"75.3140","2.9599","0.0014"
"75.3340","2.8822","0.0015"
"75.3540","2.8047","0.0014"
"75.3740","2.7248","0.0013"
"75.3940","2.6429","0.0012"
"75.4140","2.5608","0.0013"
"75.4340","2.4795","0.0014"
"75.4540","2.3992","0.0014"
"75.4740","2.3194","0.0014"
"75.4940","2.2396","0.0013"
"75.5140","2.1596","0.0013"
"75.5340","2.0795","0.0013"
"75.5540","1.9994","0.0013"
"75.5740","1.9194","0.0014"
"75.5940","1.8393","0.0013"
"75.6140","1.7593","0.0013"
"75.6340","1.6793","0.0012"
"75.6540","1.5992","0.0012"
"75.6740","1.5192","0.0013"
"75.6940","1.4393","0.0013"
"75.7140","1.3593","0.0013"
"75.7340","1.2792","0.0013"
"75.7540","1.1992","0.0013"
"75.7740","1.1192","0.0013"
"75.7940","1.0392","0.0013"
"75.8140","0.9592","0.0014"
"75.8340","0.8792","0.0013"
"75.8540","0.7993","0.0013"
"75.8740","0.7193","0.0012"
"75.8940","0.6393","0.0011"
"75.9140","0.5593","0.0012"
"75.9340","0.4792","0.0011"
"75.9540","0.3992","0.0011"
"75.9740","0.3192","0.0010"
"75.9940","0.2392","0.0009"
"76.0140","0.1592","0.0005"
"76.0290","0.0993","0.0000"
"76.0300","0.0953","0.0000"
"76.0310","0.0913","-0.0001"
"76.0510","0.0123","-0.0005"
"76.0710","-0.0522","-0.0006"
"76.0910","-0.0819","-0.0007"
"76.1110","-0.0688","-0.0004"
"76.1310","-0.0148","-0.0001"
"76.1510","0.0637","0.0002"
"76.1710","0.1444","0.0008"
"76.1910","0.2221","0.0012"
"76.2110","0.3002","0.0014"
"76.2310","0.3808","0.0013"
"76.2510","0.4631","0.0013"
"76.2710","0.5451","0.0013"
"76.2910","0.6261","0.0013"
"76.3110","0.7063","0.0013"
"76.3310","0.7861","0.0013"
"76.3510","0.8660","0.0013"
"76.3710","0.9460","0.0013"
"76.3910","1.0261","0.0014"
"76.4110","1.1062","0.0013"
"76.4310","1.1863","0.0014"
"76.4510","1.2663","0.0014"
"76.4710","1.3463","0.0013"
"76.4910","1.4263","0.0013"
"76.5110","1.5063","0.0013"
"76.5310","1.5863","0.0014"
"76.5510","1.6663","0.0014"
"76.5710","1.7463","0.0014"
"76.5910","1.8263","0.0013"
"76.6110","1.9063","0.0013"
"76.6310","1.9863","0.0014"
"76.6510","2.0663","0.0015"
"76.6710","2.1464","0.0015"
"76.6910","2.2264","0.0014"
"76.7110","2.3063","0.0013"
"76.7310","2.3864","0.0014"
"76.7510","2.4663","0.0014"
"76.7710","2.5463","0.0014"
"76.7910","2.6263","0.0013"
"76.8110","2.7062","0.0013"
"76.8310","2.7863","0.0014"
"76.8510","2.8663","0.0014"
"76.8710","2.9464","0.0014"
"76.8850","3.0023","0.0014"
"76.8860","3.0063","0.0014"
"76.8870","3.0103","0.0014"
"76.9070","3.0893","0.0012"
"76.9270","3.1540","0.0006"
"76.9470","3.1846","0.0005"
"76.9670","3.1732","0.0006"
"76.9870","3.1211","0.0008"
"77.0070","3.0429","0.0013"
"77.0270","2.9615","0.0013"
"77.0470","2.8837","0.0013"
"77.0670","2.8063","0.0013"
"77.0870","2.7264","0.0013"
"77.1070","2.6445","0.0013"
"77.1270","2.5623","0.0013"
"77.1470","2.4811","0.0013"
"77.1670","2.4008","0.0013"
"77.1870","2.3209","0.0013"
"77.2070","2.2412","0.0013"
"77.2270","2.1612","0.0014"
"77.2470","2.0810","0.0014"
"77.2670","2.0010","0.0013"
"77.2870","1.9209","0.0013"
"77.3070","1.8408","0.0013"
"77.3270","1.7608","0.0013"
"77.3470","1.6808","0.0012"
"77.3670","1.6008","0.0012"
"77.3870","1.5208","0.0012"
"77.4070","1.4408","0.0013"
"77.4270","1.3608","0.0013"
"77.4470","1.2808","0.0013"
"77.4670","1.2007","0.0013"
"77.4870","1.1207","0.0013"
"77.5070","1.0407","0.0013"
"77.5270","0.9607","0.0013"
"77.5470","0.8808","0.0013"
"77.5670","0.8008","0.0013"
"77.5870","0.7208","0.0012"
"77.6070","0.6408","0.0012"
"77.6270","0.5608","0.0012"
"77.6470","0.4808","0.0012"
"77.6670","0.4007","0.0011"
"77.6870","0.3208","0.0010"
"77.7070","0.2408","0.0009"
"77.7270","0.1608","0.0005"
"77.7430","0.0968","0.0000"
"77.7440","0.0928","-0.0001"
"77.7450","0.0888","-0.0001"
"77.7650","0.0098","-0.0006"
"77.7850","-0.0547","-0.0005"
"77.8050","-0.0843","-0.0005"
"77.8250","-0.0710","-0.0001"
"77.8450","-0.0168","0.0002"
"77.8650","0.0619","0.0003"
"77.8850","0.1427","0.0008"
"77.9050","0.2204","0.0012"
"77.9250","0.2984","0.0013"
"77.9450","0.3790","0.0012"
"77.9650","0.4611","0.0012"
"77.9850","0.5432","0.0013"
"78.0050","0.6242","0.0013"
"78.0250","0.7044","0.0014"
"78.0450","0.7842","0.0014"
"78.0650","0.8640","0.0016"
"78.0850","0.9441","0.0015"
"78.1050","1.0242","0.0014"
"78.1250","1.1043","0.0014"
"78.1450","1.1844","0.0014"
"78.1650","1.2644","0.0014"
"78.1850","1.3445","0.0014"
"78.2050","1.4244","0.0014"
"78.2250","1.5044","0.0014"
"78.2450","1.5844","0.0014"
"78.2650","1.6644","0.0014"
"78.2850","1.7444","0.0013"
"78.3050","1.8244","0.0014"
"78.3250","1.9044","0.0013"
"78.3450","1.9844","0.0013"
"78.3650","2.0644","0.0014"
"78.3850","2.1445","0.0014"
"78.4050","2.2245","0.0015"
"78.4250","2.3045","0.0015"
"78.4450","2.3845","0.0014"
"78.4650","2.4644","0.0014"
"78.4850","2.5444","0.0014"
"78.5050","2.6244","0.0014"
"78.5250","2.7043","0.0014"
"78.5450","2.7843","0.0013"
"78.5650","2.8644","0.0013"
"78.5850","2.9444","0.0013"
"78.5990","3.0004","0.0014"
"78.6000","3.0044","0.0014"
"78.6010","3.0084","0.0014"
"78.6210","3.0874","0.0012"
"78.6410","3.1521","0.0007"
"78.6610","3.1827","0.0006"
"78.6810","3.1712","0.0005"
"78.7010","3.1192","0.0007"
"78.7210","3.0410","0.0014"
"78.7410","2.9595","0.0015"
"78.7610","2.8818","0.0014"
"78.7810","2.8043","0.0013"
"78.8010","2.7245","0.0014"
"78.8210","2.6425","0.0014"
"78.8410","2.5604","0.0013"
"78.8610","2.4791","0.0013"
"78.8810","2.3988","0.0013"
"78.9010","2.3190","0.0013"
"78.9210","2.2392","0.0013"
"78.9410","2.1592","0.0014"
"78.9610","2.0791","0.0014"
"78.9810","1.9990","0.0014"
"79.0010","1.9189","0.0014"
"79.0210","1.8388","0.0013"
"79.0410","1.7589","0.0013"
"79.0610","1.6788","0.0013"
"79.0810","1.5988","0.0012"
"79.1010","1.5189","0.0013"
"79.1210","1.4389","0.0013"
"79.1410","1.3589","0.0014"
"79.1610","1.2789","0.0013"
"79.1810","1.1988","0.0013"
"79.2010","1.1188","0.0013"
"79.2210","1.0388","0.0013"
"79.2410","0.9588","0.0013"
"79.2610","0.8788","0.0014"
"79.2810","0.7989","0.0012"
"79.3010","0.7189","0.0012"
"79.3210","0.6389","0.0013"
"79.3410","0.5588","0.0013"
"79.3610","0.4788","0.0012"
"79.3810","0.3988","0.0012"
"79.4010","0.3188","0.0011"
"79.4210","0.2389","0.0009"
"79.4410","0.1589","0.0004"
"79.4560","0.0989","-0.0001"
"79.4570","0.0949","-0.0001"
"79.4580","0.0909","-0.0001"
"79.4780","0.0119","-0.0005"
"79.4980","-0.0526","-0.0005"
"79.5180","-0.0823","-0.0005"
"79.5380","-0.0692","-0.0002"
"79.5580","-0.0152","0.0000"
"79.5780","0.0634","0.0002"
"79.5980","0.1442","0.0008"
"79.6180","0.2219","0.0012"
"79.6380","0.2999","0.0013"
"79.6580","0.3805","0.0014"
"79.6780","0.4627","0.0014"
"79.6980","0.5447","0.0013"
"79.7180","0.6258","0.0013"
"79.7380","0.7060","0.0013"
"79.7580","0.7858","0.0015"
"79.7780","0.8657","0.0015"
"79.7980","0.9457","0.0014"
"79.8180","1.0257","0.0014"
"79.8380","1.1058","0.0013"
"79.8580","1.1860","0.0014"
"79.8780","1.2660","0.0015"
"79.8980","1.3460","0.0014"
"79.9180","1.4260","0.0014"
"79.9380","1.5060","0.0014"
"79.9580","1.5860","0.0014"
"79.9780","1.6660","0.0015"
"79.9980","1.7460","0.0014"
"80.0180","1.8260","0.0014"
"80.0380","1.9060","0.0014"
"80.0580","1.9860","0.0015"
"80.0780","2.0660","0.0014"
"80.0980","2.1460","0.0014"
"80.1180","2.2260","0.0014"
"80.1380","2.3060","0.0014"
"80.1580","2.3860","0.0014"
"80.1780","2.4660","0.0014"
"80.1980","2.5460","0.0014"
"80.2180","2.6260","0.0014"
"80.2380","2.7059","0.0014"
"80.2580","2.7860","0.0014"
"80.2780","2.8660","0.0015"
"80.2980","2.9460","0.0015"
"80.3120","3.0020","0.0015"
"80.3130","3.0060","0.0015"
"80.3140","3.0100","0.0015"
"80.3340","3.0890","0.0012"
"80.3540","3.1537","0.0007"
"80.3740","3.1843","0.0006"
"80.3940","3.1729","0.0006"
"80.4140","3.1209","0.0008"
"80.4340","3.0427","0.0014"
"80.4540","2.9613","0.0014"
"80.4740","2.8835","0.0014"
"80.4940","2.8061","0.0014"
"80.5140","2.7262","0.0013"
"80.5340","2.6443","0.0014"
"80.5540","2.5621","0.0013"
"80.5740","2.4808","0.0014"
"80.5940","2.4005","0.0015"
"80.6140","2.3207","0.0016"
"80.6340","2.2409","0.0014"
"80.6540","2.1609","0.0014"
"80.6740","2.0808","0.0014"
"80.6940","2.0007","0.0014"
"80.7140","1.9206","0.0014"
"80.7340","1.8406","0.0014"
"80.7540","1.7606","0.0014"
"80.7740","1.6806","0.0013"
"80.7940","1.6006","0.0013"
"80.8140","1.5206","0.0013"
"80.8340","1.4406","0.0013"
"80.8540","1.3606","0.0014"
"80.8740","1.2806","0.0013"
"80.8940","1.2006","0.0013"
"80.9140","1.1205","0.0013"
"80.9340","1.0405","0.0013"
"80.9540","0.9606","0.0013"
"80.9740","0.8806","0.0013"
"80.9940","0.8006","0.0013"
"81.0140","0.7206","0.0013"
"81.0340","0.6406","0.0013"
"81.0540","0.5606","0.0013"
"81.0740","0.4806","0.0012"
"81.0940","0.4005","0.0012"
"81.1140","0.3206","0.0011"
"81.1340","0.2406","0.0008"
"81.1540","0.1606","0.0004"
"81.1700","0.0967","0.0000"
"81.1710","0.0927","-0.0001"
"81.1720","0.0887","-0.0001"
"81.1920","0.0096","-0.0005"
"81.2120","-0.0549","-0.0005"
"81.2320","-0.0845","-0.0005"
"81.2520","-0.0712","-0.0001"
"81.2720","-0.0170","0.0002"
"81.2920","0.0617","0.0003"
"81.3120","0.1426","0.0008"
"81.3320","0.2203","0.0012"
"81.3520","0.2983","0.0012"
"81.3720","0.3788","0.0014"
"81.3920","0.4609","0.0014"
"81.4120","0.5430","0.0014"
"81.4320","0.6240","0.0014"
"81.4520","0.7042","0.0014"
"81.4720","0.7840","0.0014"
"81.4920","0.8639","0.0014"
"81.5120","0.9439","0.0014"
"81.5320","1.0239","0.0014"
"81.5520","1.1041","0.0014"
"81.5720","1.1842","0.0014"
"81.5920","1.2642","0.0015"
"81.6120","1.3442","0.0014"
"81.6320","1.4242","0.0014"
"81.6520","1.5042","0.0014"
"81.6720","1.5841","0.0014"
"81.6920","1.6642","0.0015"
"81.7120","1.7442","0.0015"
"81.7320","1.8241","0.0014"
"81.7520","1.9042","0.0015"
"81.7720","1.9841","0.0016"
"81.7920","2.0642","0.0015"
"81.8120","2.1442","0.0015"
"81.8320","2.2242","0.0014"
"81.8520","2.3042","0.0014"
"81.8720","2.3842","0.0014"
"81.8920","2.4642","0.0015"
"81.9120","2.5442","0.0015"
"81.9320","2.6241","0.0015"
"81.9520","2.7041","0.0014"
"81.9720","2.7841","0.0014"
"81.9920","2.8642","0.0014"
"82.0120","2.9442","0.0014"
"82.0260","3.0002","0.0014"
"82.0270","3.0042","0.0014"
"82.0280","3.0082","0.0014"
"82.0480","3.0872","0.0011"
"82.0680","3.1519","0.0006"
"82.0880","3.1823","0.0005"
"82.1080","3.1709","0.0006"
"82.1280","3.1188","0.0008"
"82.1480","3.0406","0.0014"
"82.1680","2.9592","0.0015"
"82.1880","2.8814","0.0014"
"82.2080","2.8039","0.0013"
"82.2280","2.7241","0.0013"
"82.2480","2.6421","0.0014"
"82.2680","2.5599","0.0015"
"82.2880","2.4787","0.0014"
"82.3080","2.3984","0.0014"
"82.3280","2.3186","0.0014"
"82.3480","2.2388","0.0014"
"82.3680","2.1588","0.0014"
"82.3880","2.0787","0.0014"
"82.4080","1.9986","0.0014"
"82.4280","1.9185","0.0014"
"82.4480","1.8385","0.0014"
"82.4680","1.7585","0.0014"
"82.4880","1.6785","0.0014"
"82.5080","1.5985","0.0013"
"82.5280","1.5185","0.0013"
"82.5480","1.4385","0.0013"
"82.5680","1.3585","0.0014"
"82.5880","1.2785","0.0013"
"82.6080","1.1984","0.0013"
"82.6280","1.1184","0.0013"
"82.6480","1.0384","0.0013"
"82.6680","0.9584","0.0013"
"82.6880","0.8784","0.0014"
"82.7080","0.7985","0.0013"
"82.7280","0.7185","0.0013"
"82.7480","0.6384","0.0013"
"82.7680","0.5584","0.0013"
"82.7880","0.4784","0.0013"
"82.8080","0.3984","0.0012"
"82.8280","0.3184","0.0011"
"82.8480","0.2385","0.0008"
"82.8680","0.1585","0.0004"
"82.8830","0.0985","0.0000"
"82.8840","0.0945","-0.0001"
"82.8850","0.0905","-0.0001"
"82.9050","0.0115","-0.0005"
"82.9250","-0.0530","-0.0005"
"82.9450","-0.0827","-0.0006"
"82.9650","-0.0695","-0.0003"
"82.9850","-0.0154","0.0000"
"83.0050","0.0632","0.0003"
"83.0250","0.1441","0.0009"
"83.0450","0.2218","0.0013"
"83.0650","0.2998","0.0014"
"83.0850","0.3803","0.0015"
"83.1050","0.4625","0.0014"
"83.1250","0.5445","0.0014"
"83.1450","0.6256","0.0014"
"83.1650","0.7058","0.0014"
"83.1850","0.7856","0.0014"
"83.2050","0.8655","0.0014"
"83.2250","0.9455","0.0014"
"83.2450","1.0255","0.0015"
"83.2650","1.1056","0.0014"
"83.2850","1.1857","0.0014"
"83.3050","1.2658","0.0015"
"83.3250","1.3458","0.0014"
"83.3450","1.4258","0.0014"
"83.3650","1.5058","0.0014"
"83.3850","1.5858","0.0014"
"83.4050","1.6658","0.0013"
"83.4250","1.7458","0.0013"
"83.4450","1.8258","0.0013"
"83.4650","1.9058","0.0013"
"83.4850","1.9858","0.0014"
"83.5050","2.0658","0.0014"
"83.5250","2.1459","0.0014"
"83.5450","2.2258","0.0014"
"83.5650","2.3058","0.0013"
"83.5850","2.3858","0.0013"
"83.6050","2.4658","0.0014"
"83.6250","2.5458","0.0015"
"83.6450","2.6257","0.0014"
"83.6650","2.7057","0.0014"
"83.6850","2.7857","0.0014"
"83.7050","2.8658","0.0014"
"83.7250","2.9458","0.0014"
"83.7390","3.0018","0.0014"
"83.7400","3.0058","0.0014"
"83.7410","3.0098","0.0014"
"83.7610","3.0888","0.0011"
"83.7810","3.1535","0.0006"
"83.8010","3.1841","0.0006"
"83.8210","3.1727","0.0005"
"83.8410","3.1208","0.0008"
"83.8610","3.0427","0.0014"
"83.8810","2.9613","0.0015"
"83.9010","2.8836","0.0014"
"83.9210","2.8061","0.0013"
"83.9410","2.7261","0.0013"
"83.9610","2.6442","0.0015"
"83.9810","2.5620","0.0015"
"84.0010","2.4808","0.0015"
"84.0210","2.4005","0.0015"
"84.0410","2.3206","0.0014"
"84.0610","2.2408","0.0014"
"84.0810","2.1608","0.0015"
"84.1010","2.0807","0.0014"
"84.1210","2.0007","0.0013"
"84.1410","1.9206","0.0013"
"84.1610","1.8406","0.0013"
"84.1810","1.7606","0.0014"
"84.2010","1.6806","0.0014"
"84.2210","1.6005","0.0014"
"84.2410","1.5205","0.0013"
"84.2610","1.4405","0.0014"
"84.2810","1.3605","0.0013"
"84.3010","1.2805","0.0013"
"84.3210","1.2004","0.0013"
"84.3410","1.1204","0.0014"
"84.3610","1.0404","0.0014"
"84.3810","0.9605","0.0013"
"84.4010","0.8805","0.0014"
"84.4210","0.8005","0.0014"
"84.4410","0.7205","0.0014"
"84.4610","0.6405","0.0013"
"84.4810","0.5605","0.0012"
"84.5010","0.4805","0.0012"
"84.5210","0.4004","0.0011"
"84.5410","0.3205","0.0011"
"84.5610","0.2405","0.0010"
"84.5810","0.1605","0.0005"
"84.5970","0.0966","0.0000"
"84.5980","0.0926","0.0000"
"84.5990","0.0886","0.0000"
"84.6190","0.0095","-0.0005"
"84.6390","-0.0550","-0.0005"
"84.6590","-0.0846","-0.0005"
"84.6790","-0.0714","-0.0002"
"84.6990","-0.0173","0.0000"
"84.7190","0.0613","0.0004"
"84.7390","0.1422","0.0009"
"84.7590","0.2199","0.0011"
"84.7790","0.2979","0.0012"
"84.7990","0.3784","0.0013"
"84.8190","0.4606","0.0013"
"84.8390","0.5426","0.0014"
"84.8590","0.6237","0.0013"
"84.8790","0.7039","0.0014"
"84.8990","0.7837","0.0013"
"84.9190","0.8636","0.0013"
"84.9390","0.9436","0.0013"
"84.9590","1.0237","0.0014"
"84.9790","1.1038","0.0014"
"84.9990","1.1838","0.0014"
"85.0190","1.2639","0.0015"
"85.0390","1.3439","0.0015"
"85.0590","1.4239","0.0015"
"85.0790","1.5039","0.0016"
"85.0990","1.5839","0.0016"
"85.1190","1.6639","0.0016"
"85.1390","1.7438","0.0014"
"85.1590","1.8238","0.0014"
"85.1790","1.9038","0.0013"
"85.1990","1.9839","0.0014"
"85.2190","2.0639","0.0015"
"85.2390","2.1440","0.0014"
"85.2590","2.2240","0.0014"
"85.2790","2.3039","0.0014"
"85.2990","2.3839","0.0014"
"85.3190","2.4639","0.0014"
"85.3390","2.5439","0.0014"
"85.3590","2.6239","0.0014"
"85.3790","2.7038","0.0014"
"85.3990","2.7838","0.0014"
"85.4190","2.8639","0.0014"
"85.4390","2.9439","0.0014"
"85.4540","3.0039","0.0014"
"85.4550","3.0079","0.0014"
"85.4560","3.0119","0.0014"
"85.4760","3.0909","0.0012"
"85.4960","3.1556","0.0006"
"85.5160","3.1860","0.0006"
"85.5360","3.1744","0.0006"
"85.5560","3.1222","0.0008"
"85.5760","3.0438","0.0014"
"85.5960","2.9623","0.0015"
"85.6160","2.8845","0.0014"
"85.6360","2.8071","0.0014"
"85.6560","2.7273","0.0014"
"85.6760","2.6455","0.0014"
"85.6960","2.5634","0.0014"
"85.7160","2.4821","0.0015"
"85.7360","2.4018","0.0014"
"85.7560","2.3219","0.0014"
"85.7760","2.2422","0.0015"
"85.7960","2.1622","0.0015"
"85.8160","2.0821","0.0014"
"85.8360","2.0020","0.0014"
"85.8560","1.9219","0.0014"
"85.8760","1.8419","0.0014"
"85.8960","1.7619","0.0013"
"85.9160","1.6819","0.0013"
"85.9360","1.6018","0.0014"
"85.9560","1.5218","0.0014"
"85.9760","1.4418","0.0014"
"85.9960","1.3618","0.0014"
"86.0160","1.2818","0.0014"
"86.0360","1.2018","0.0014"
"86.0560","1.1217","0.0013"
"86.0760","1.0417","0.0014"
"86.0960","0.9618","0.0014"
"86.1160","0.8818","0.0014"
"86.1360","0.8018","0.0014"
"86.1560","0.7218","0.0013"
"86.1760","0.6418","0.0014"
"86.1960","0.5618","0.0013"
"86.2160","0.4818","0.0012"
"86.2360","0.4018","0.0011"
"86.2560","0.3218","0.0011"
"86.2760","0.2418","0.0009"
"86.2960","0.1618","0.0006"
"86.3120","0.0979","0.0001"
"86.3130","0.0939","0.0000"
"86.3140","0.0899","0.0000"
"86.3340","0.0109","-0.0005"
"86.3540","-0.0537","-0.0005"
"86.3740","-0.0833","-0.0005"
"86.3940","-0.0700","-0.0003"
"86.4140","-0.0158","0.0001"
"86.4340","0.0629","0.0004"
"86.4540","0.1438","0.0009"
"86.4740","0.2215","0.0013"
"86.4940","0.2994","0.0014"
"86.5140","0.3799","0.0014"
"86.5340","0.4621","0.0014"
"86.5540","0.5441","0.0014"
"86.5740","0.6252","0.0013"
"86.5940","0.7054","0.0013"
"86.6140","0.7852","0.0015"
"86.6340","0.8651","0.0015"
"86.6540","0.9451","0.0015"
"86.6740","1.0252","0.0014"
"86.6940","1.1053","0.0014"
"86.7140","1.1853","0.0014"
"86.7340","1.2654","0.0014"
"86.7540","1.3454","0.0014"
"86.7740","1.4254","0.0014"
"86.7940","1.5054","0.0015"
"86.8140","1.5854","0.0015"
"86.8340","1.6654","0.0015"
"86.8540","1.7454","0.0014"
"86.8740","1.8253","0.0014"
"86.8940","1.9054","0.0014"
"86.9140","1.9854","0.0014"
"86.9340","2.0655","0.0014"
"86.9540","2.1455","0.0014"
"86.9740","2.2255","0.0015"
"86.9940","2.3054","0.0015"
"87.0140","2.3854","0.0015"
"87.0340","2.4654","0.0015"
"87.0540","2.5454","0.0014"
"87.0740","2.6254","0.0013"
"87.0940","2.7054","0.0013"
"87.1140","2.7853","0.0014"
"87.1340","2.8654","0.0014"
"87.1540","2.9454","0.0015"
"87.1680","3.0014","0.0015"
"87.1690","3.0054","0.0015"
"87.1700","3.0094","0.0015"
"87.1900","3.0884","0.0012"
"87.2100","3.1532","0.0006"
"87.2300","3.1838","0.0005"
"87.2500","3.1725","0.0006"
"87.2700","3.1206","0.0008"
"87.2900","3.0425","0.0015"
"87.3100","2.9611","0.0016"
"87.3300","2.8834","0.0015"
"87.3500","2.8059","0.0014"
"87.3700","2.7260","0.0014"
"87.3900","2.6440","0.0015"
"87.4100","2.5618","0.0015"
"87.4300","2.4806","0.0015"
"87.4500","2.4003","0.0015"
"87.4700","2.3204","0.0014"
"87.4900","2.2406","0.0013"
"87.5100","2.1607","0.0013"
"87.5300","2.0806","0.0014"
"87.5500","2.0005","0.0014"
"87.5700","1.9205","0.0014"
"87.5900","1.8404","0.0014"
"87.6100","1.7604","0.0014"
"87.6300","1.6803","0.0014"
"87.6500","1.6003","0.0014"
"87.6700","1.5203","0.0014"
"87.6900","1.4403","0.0014"
"87.7100","1.3603","0.0014"
"87.7300","1.2803","0.0015"
"87.7500","1.2002","0.0014"
"87.7700","1.1202","0.0014"
"87.7900","1.0402","0.0013"
"87.8100","0.9602","0.0013"
"87.8300","0.8803","0.0013"
"87.8500","0.8003","0.0013"
"87.8700","0.7203","0.0012"
"87.8900","0.6403","0.0013"
"87.9100","0.5603","0.0014"
"87.9300","0.4803","0.0013"
"87.9500","0.4002","0.0012"
"87.9700","0.3203","0.0011"
"87.9900","0.2403","0.0010"
"88.0100","0.1603","0.0006"
"88.0260","0.0964","0.0001"
"88.0270","0.0924","0.0001"
"88.0280","0.0884","0.0001"
"88.0480","0.0093","-0.0004"
"88.0680","-0.0552","-0.0004"
"88.0880","-0.0849","-0.0005"
"88.1080","-0.0717","-0.0002"
"88.1280","-0.0175","0.0002"
"88.1480","0.0611","0.0004"
"88.1680","0.1419","0.0009"
"88.1880","0.2196","0.0012"
"88.2080","0.2976","0.0013"
"88.2280","0.3782","0.0013"
"88.2480","0.4604","0.0014"
"88.2680","0.5424","0.0014"
"88.2880","0.6234","0.0014"
"88.3080","0.7037","0.0014"
"88.3280","0.7835","0.0014"
"88.3480","0.8633","0.0014"
"88.3680","0.9433","0.0015"
"88.3880","1.0234","0.0014"
"88.4080","1.1035","0.0014"
"88.4280","1.1836","0.0014"
"88.4480","1.2636","0.0014"
"88.4680","1.3437","0.0014"
"88.4880","1.4237","0.0015"
"88.5080","1.5037","0.0015"
"88.5280","1.5837","0.0016"
"88.5480","1.6637","0.0015"
"88.5680","1.7436","0.0014"
"88.5880","1.8236","0.0014"
"88.6080","1.9036","0.0014"
"88.6280","1.9837","0.0014"
"88.6480","2.0637","0.0014"
"88.6680","2.1438","0.0013"
"88.6880","2.2237","0.0014"
"88.7080","2.3037","0.0015"
"88.7280","2.3837","0.0015"
"88.7480","2.4637","0.0014"
"88.7680","2.5436","0.0014"
"88.7880","2.6236","0.0015"
"88.8080","2.7036","0.0014"
"88.8280","2.7836","0.0015"
"88.8480","2.8636","0.0014"
"88.8680","2.9437","0.0014"
"88.8830","3.0037","0.0015"
"88.8840","3.0077","0.0015"
"88.8850","3.0117","0.0015"
"88.9050","3.0907","0.0011"
"88.9250","3.1553","0.0006"
"88.9450","3.1858","0.0005"
"88.9650","3.1743","0.0006"
"88.9850","3.1221","0.0009"
"89.0050","3.0437","0.0015"
"89.0250","2.9621","0.0015"
"89.0450","2.8844","0.0014"
"89.0650","2.8070","0.0013"
"89.0850","2.7272","0.0015"
"89.1050","2.6453","0.0014"
"89.1250","2.5632","0.0014"
"89.1450","2.4819","0.0015"
"89.1650","2.4016","0.0014"
"89.1850","2.3218","0.0014"
"89.2050","2.2420","0.0014"
"89.2250","2.1620","0.0014"
"89.2450","2.0819","0.0015"
"89.2650","2.0018","0.0015"
"89.2850","1.9218","0.0015"
"89.3050","1.8417","0.0015"
"89.3250","1.7618","0.0013"
"89.3450","1.6817","0.0013"
"89.3650","1.6017","0.0014"
"89.3850","1.5217","0.0014"
"89.4050","1.4417","0.0014"
"89.4250","1.3617","0.0014"
"89.4450","1.2816","0.0013"
"89.4650","1.2016","0.0013"
"89.4850","1.1216","0.0013"
"89.5050","1.0416","0.0013"
"89.5250","0.9616","0.0014"
"89.5450","0.8816","0.0014"
"89.5650","0.8017","0.0013"
"89.5850","0.7217","0.0014"
"89.6050","0.6417","0.0013"
"89.6250","0.5617","0.0012"
"89.6450","0.4816","0.0011"
"89.6650","0.4016","0.0012"
"89.6850","0.3216","0.0011"
"89.7050","0.2417","0.0010"
"89.7250","0.1617","0.0005"
"89.7410","0.0977","0.0000"
"89.7420","0.0937","0.0000"
"89.7430","0.0897","0.0000"
"89.7630","0.0107","-0.0004"
"89.7830","-0.0538","-0.0004"
"89.8030","-0.0835","-0.0005"
"89.8230","-0.0702","-0.0002"
"89.8430","-0.0159","0.0001"
"89.8630","0.0628","0.0003"
"89.8830","0.1437","0.0008"
"89.9030","0.2213","0.0011"
"89.9230","0.2993","0.0013"
"89.9430","0.3798","0.0015"
"89.9630","0.4620","0.0014"
"89.9830","0.5440","0.0014"
"90.0030","0.6251","0.0014"
"90.0230","0.7053","0.0014"
"90.0430","0.7851","0.0014"
"90.0630","0.8649","0.0014"
"90.0830","0.9450","0.0013"
"90.1030","1.0250","0.0015"
"90.1230","1.1051","0.0015"
"90.1430","1.1852","0.0014"
"90.1630","1.2652","0.0014"
"90.1830","1.3453","0.0014"
"90.2030","1.4253","0.0014"
"90.2230","1.5053","0.0014"
"90.2430","1.5852","0.0014"
"90.2630","1.6653","0.0015"
"90.2830","1.7452","0.0015"
"90.3030","1.8252","0.0015"
"90.3230","1.9052","0.0014"
"90.3430","1.9852","0.0013"
"90.3630","2.0653","0.0014"
"90.3830","2.1453","0.0014"
"90.4030","2.2253","0.0015"
"90.4230","2.3053","0.0014"
"90.4430","2.3853","0.0014"
"90.4630","2.4653","0.0014"
"90.4830","2.5452","0.0015"
"90.5030","2.6252","0.0015"
"90.5230","2.7052","0.0015"
"90.5430","2.7852","0.0014"
"90.5630","2.8653","0.0014"
"90.5830","2.9453","0.0015"
"90.5970","3.0013","0.0015"
"90.5980","3.0053","0.0015"
"90.5990","3.0093","0.0015"
"90.6190","3.0883","0.0012"
"90.6390","3.1530","0.0007"
"90.6590","3.1836","0.0005"
"90.6790","3.1722","0.0006"
"90.6990","3.1203","0.0007"
"90.7190","3.0421","0.0014"
"90.7390","2.9608","0.0015"
"90.7590","2.8830","0.0015"
"90.7790","2.8056","0.0013"
"90.7990","2.7256","0.0013"
"90.8190","2.6437","0.0014"
"90.8390","2.5615","0.0014"
"90.8590","2.4802","0.0014"
"90.8790","2.3999","0.0014"
"90.8990","2.3201","0.0015"
"90.9190","2.2403","0.0015"
"90.9390","2.1603","0.0014"
"90.9590","2.0802","0.0014"
"90.9790","2.0001","0.0014"
"90.9990","1.9201","0.0014"
"91.0190","1.8400","0.0015"
"91.0390","1.7601","0.0015"
"91.0590","1.6800","0.0013"
"91.0790","1.6000","0.0013"
"91.0990","1.5200","0.0014"
"91.1190","1.4400","0.0013"
"91.1390","1.3600","0.0014"
"91.1590","1.2800","0.0014"
"91.1790","1.1999","0.0013"
"91.1990","1.1199","0.0014"
"91.2190","1.0399","0.0014"
"91.2390","0.9599","0.0014"
"91.2590","0.8799","0.0013"
"91.2790","0.8000","0.0013"
"91.2990","0.7200","0.0013"
"91.3190","0.6400","0.0012"
"91.3390","0.5600","0.0012"
"91.3590","0.4799","0.0013"
"91.3790","0.3999","0.0012"
"91.3990","0.3200","0.0012"
"91.4190","0.2400","0.0009"
"91.4390","0.1600","0.0006"
"91.4550","0.0960","0.0001"
"91.4560","0.0920","0.0000"
"91.4570","0.0880","0.0000"
"91.4770","0.0090","-0.0005"
"91.4970","-0.0555","-0.0005"
"91.5170","-0.0852","-0.0005"
"91.5370","-0.0720","-0.0002"
"91.5570","-0.0178","0.0000"
"91.5770","0.0608","0.0002"
"91.5970","0.1416","0.0007"
"91.6170","0.2192","0.0012"
"91.6370","0.2973","0.0014"
"91.6570","0.3778","0.0014"
"91.6770","0.4600","0.0014"
"91.6970","0.5421","0.0015"
"91.7170","0.6231","0.0015"
"91.7370","0.7033","0.0015"
"91.7570","0.7831","0.0014"
"91.7770","0.8630","0.0014"
"91.7970","0.9430","0.0013"
"91.8170","1.0231","0.0013"
"91.8370","1.1032","0.0013"
"91.8570","1.1833","0.0013"
"91.8770","1.2633","0.0015"
"91.8970","1.3434","0.0016"
"91.9170","1.4234","0.0014"
"91.9370","1.5033","0.0014"
"91.9570","1.5833","0.0014"
"91.9770","1.6633","0.0014"
"91.9970","1.7433","0.0015"
"92.0170","1.8233","0.0015"
"92.0370","1.9033","0.0014"
"92.0570","1.9833","0.0014"
"92.0770","2.0633","0.0013"
"92.0970","2.1434","0.0013"
"92.1170","2.2234","0.0013"
"92.1370","2.3033","0.0013"
"92.1570","2.3834","0.0013"
"92.1770","2.4634","0.0014"
"92.1970","2.5433","0.0015"
"92.2170","2.6233","0.0014"
"92.2370","2.7032","0.0014"
"92.2570","2.7832","0.0015"
"92.2770","2.8633","0.0014"
"92.2970","2.9434","0.0014"
"92.3120","3.0034","0.0014"
"92.3130","3.0074","0.0014"
"92.3140","3.0114","0.0014"
"92.3340","3.0904","0.0012"
"92.3540","3.1551","0.0007"
"92.3740","3.1856","0.0005"
"92.3940","3.1741","0.0005"
"92.4140","3.1220","0.0008"
"92.4340","3.0437","0.0015"
"92.4540","2.9623","0.0016"
"92.4740","2.8845","0.0014"
"92.4940","2.8071","0.0013"
"92.5140","2.7272","0.0014"
"92.5340","2.6453","0.0014"
"92.5540","2.5631","0.0015"
"92.5740","2.4819","0.0015"
"92.5940","2.4016","0.0014"
"92.6140","2.3218","0.0014"
"92.6340","2.2420","0.0013"
"92.6540","2.1620","0.0014"
"92.6740","2.0819","0.0014"
"92.6940","2.0018","0.0014"
"92.7140","1.9217","0.0013"
"92.7340","1.8417","0.0014"
"92.7540","1.7617","0.0014"
"92.7740","1.6817","0.0013"
"92.7940","1.6016","0.0013"
"92.8140","1.5216","0.0013"
"92.8340","1.4417","0.0013"
"92.8540","1.3616","0.0014"
"92.8740","1.2816","0.0014"
"92.8940","1.2016","0.0014"
"92.9140","1.1215","0.0012"
"92.9340","1.0416","0.0012"
"92.9540","0.9616","0.0013"
"92.9740","0.8816","0.0013"
"92.9940","0.8016","0.0013"
"93.0140","0.7216","0.0014"
"93.0340","0.6416","0.0014"
"93.0540","0.5616","0.0014"
"93.0740","0.4816","0.0013"
"93.0940","0.4016","0.0013"
"93.1140","0.3216","0.0012"
"93.1340","0.2416","0.0010"
"93.1540","0.1616","0.0005"
"93.1700","0.0977","0.0000"
"93.1710","0.0937","0.0000"
"93.1720","0.0897","-0.0001"
"93.1920","0.0107","-0.0006"
"93.2120","-0.0538","-0.0005"
"93.2320","-0.0834","-0.0005"
"93.2520","-0.0701","-0.0002"
"93.2720","-0.0158","0.0000"
"93.2920","0.0629","0.0003"
"93.3120","0.1438","0.0009"
"93.3320","0.2215","0.0012"
"93.3520","0.2995","0.0013"
"93.3720","0.3800","0.0013"
"93.3920","0.4621","0.0013"
"93.4120","0.5441","0.0014"
"93.4320","0.6252","0.0014"
"93.4520","0.7054","0.0014"
"93.4720","0.7853","0.0014"
"93.4920","0.8651","0.0015"
"93.5120","0.9451","0.0014"
"93.5320","1.0252","0.0014"
"93.5520","1.1053","0.0014"
"93.5720","1.1854","0.0014"
"93.5920","1.2654","0.0014"
"93.6120","1.3454","0.0014"
"93.6320","1.4254","0.0014"
"93.6520","1.5054","0.0014"
"93.6720","1.5854","0.0014"
"93.6920","1.6654","0.0014"
"93.7120","1.7454","0.0014"
"93.7320","1.8253","0.0014"
"93.7520","1.9054","0.0014"
"93.7720","1.9854","0.0014"
"93.7920","2.0655","0.0014"
"93.8120","2.1455","0.0014"
"93.8320","2.2255","0.0014"
"93.8520","2.3054","0.0016"
"93.8720","2.3854","0.0016"
"93.8920","2.4654","0.0015"
"93.9120","2.5454","0.0014"
"93.9320","2.6254","0.0014"
"93.9520","2.7053","0.0014"
"93.9720","2.7853","0.0014"
"93.9920","2.8654","0.0014"
"94.0120","2.9454","0.0015"
"94.0260","3.0014","0.0015"
"94.0270","3.0054","0.0015"
"94.0280","3.0094","0.0015"
"94.0480","3.0884","0.0012"
"94.0680","3.1531","0.0006"
"94.0880","3.1837","0.0005"
"94.1080","3.1723","0.0005"
"94.1280","3.1204","0.0008"
"94.1480","3.0422","0.0014"
"94.1680","2.9608","0.0015"
"94.1880","2.8830","0.0015"
"94.2080","2.8056","0.0014"
"94.2280","2.7257","0.0015"
"94.2480","2.6437","0.0014"
"94.2680","2.5616","0.0015"
"94.2880","2.4803","0.0015"
"94.3080","2.4000","0.0015"
"94.3280","2.3202","0.0015"
"94.3480","2.2404","0.0015"
"94.3680","2.1604","0.0014"
"94.3880","2.0803","0.0014"
"94.4080","2.0002","0.0014"
"94.4280","1.9201","0.0014"
"94.4480","1.8401","0.0013"
"94.4680","1.7601","0.0013"
"94.4880","1.6801","0.0014"
"94.5080","1.6000","0.0014"
"94.5280","1.5200","0.0015"
"94.5480","1.4401","0.0015"
"94.5680","1.3601","0.0014"
"94.5880","1.2800","0.0014"
"94.6080","1.2000","0.0014"
"94.6280","1.1199","0.0013"
"94.6480","1.0400","0.0013"
"94.6680","0.9600","0.0013"
"94.6880","0.8800","0.0013"
"94.7080","0.8000","0.0013"
"94.7280","0.7201","0.0013"
"94.7480","0.6401","0.0013"
"94.7680","0.5601","0.0013"
"94.7880","0.4800","0.0012"
"94.8080","0.4000","0.0012"
"94.8280","0.3200","0.0010"
"94.8480","0.2400","0.0009"
"94.8680","0.1600","0.0005"
"94.8840","0.0961","0.0000"
"94.8850","0.0921","0.0000"
"94.8860","0.0881","-0.0001"
"94.9060","0.0091","-0.0004"
"94.9260","-0.0554","-0.0004"
"94.9460","-0.0851","-0.0004"
"94.9660","-0.0719","-0.0002"
"94.9860","-0.0177","0.0001"
"95.0060","0.0609","0.0003"
"95.0260","0.1417","0.0008"
"95.0460","0.2194","0.0012"
"95.0660","0.2974","0.0014"
"95.0860","0.3780","0.0015"
"95.1060","0.4602","0.0015"
"95.1260","0.5422","0.0014"
"95.1460","0.6232","0.0013"
"95.1660","0.7034","0.0014"
"95.1860","0.7832","0.0013"
"95.2060","0.8631","0.0015"
"95.2260","0.9431","0.0015"
"95.2460","1.0232","0.0015"
"95.2660","1.1033","0.0015"
"95.2860","1.1834","0.0015"
"95.3060","1.2634","0.0015"
"95.3260","1.3435","0.0014"
"95.3460","1.4235","0.0015"
"95.3660","1.5034","0.0015"
"95.3860","1.5834","0.0015"
"95.4060","1.6634","0.0015"
"95.4260","1.7434","0.0014"
"95.4460","1.8234","0.0015"
"95.4660","1.9034","0.0015"
"95.4860","1.9834","0.0014"
"95.5060","2.0635","0.0015"
"95.5260","2.1435","0.0015"
"95.5460","2.2235","0.0015"
"95.5660","2.3035","0.0015"
"95.5860","2.3835","0.0015"
"95.6060","2.4635","0.0015"
"95.6260","2.5434","0.0016"
"95.6460","2.6234","0.0015"
"95.6660","2.7034","0.0015"
"95.6860","2.7834","0.0015"
"95.7060","2.8634","0.0015"
"95.7260","2.9435","0.0015"
"95.7410","3.0035","0.0015"
"95.7420","3.0075","0.0015"
"95.7430","3.0115","0.0015"
"95.7630","3.0905","0.0011"
"95.7830","3.1551","0.0007"
"95.8030","3.1856","0.0005"
"95.8230","3.1741","0.0005"
"95.8430","3.1220","0.0008"
"95.8630","3.0436","0.0014"
"95.8830","2.9621","0.0015"
"95.9030","2.8844","0.0015"
"95.9230","2.8069","0.0013"
"95.9430","2.7271","0.0014"
"95.9630","2.6452","0.0015"
"95.9830","2.5631","0.0015"
"96.0030","2.4819","0.0015"
"96.0230","2.4016","0.0014"
"96.0430","2.3217","0.0014"
"96.0630","2.2419","0.0015"
"96.0830","2.1619","0.0015"
"96.1030","2.0818","0.0014"
"96.1230","2.0018","0.0015"
"96.1430","1.9217","0.0014"
"96.1630","1.8416","0.0013"
"96.1830","1.7616","0.0014"
"96.2030","1.6816","0.0014"
"96.2230","1.6016","0.0014"
"96.2430","1.5216","0.0013"
"96.2630","1.4416","0.0014"
"96.2830","1.3616","0.0014"
"96.3030","1.2816","0.0014"
"96.3230","1.2015","0.0014"
"96.3430","1.1215","0.0013"
"96.3630","1.0415","0.0013"
"96.3830","0.9615","0.0013"
"96.4030","0.8816","0.0013"
"96.4230","0.8016","0.0014"
"96.4430","0.7216","0.0014"
"96.4630","0.6416","0.0014"
"96.4830","0.5616","0.0012"
"96.5030","0.4815","0.0012"
"96.5230","0.4015","0.0012"
"96.5430","0.3216","0.0011"
"96.5630","0.2416","0.0010"
"96.5830","0.1616","0.0005"
"96.5990","0.0976","0.0001"
"96.6000","0.0936","0.0000"
"96.6010","0.0896","0.0000"
"96.6210","0.0106","-0.0004"
"96.6410","-0.0539","-0.0004"
"96.6610","-0.0836","-0.0005"
"96.6810","-0.0703","-0.0002"
"96.7010","-0.0161","0.0001"
"96.7210","0.0626","0.0004"
"96.7410","0.1435","0.0008"
"96.7610","0.2212","0.0011"
"96.7810","0.2992","0.0012"
"96.8010","0.3797","0.0014"
"96.8210","0.4619","0.0014"
"96.8410","0.5439","0.0014"
"96.8610","0.6249","0.0014"
"96.8810","0.7051","0.0014"
"96.9010","0.7850","0.0014"
"96.9210","0.8648","0.0014"
"96.9410","0.9448","0.0014"
"96.9610","1.0249","0.0016"
"96.9810","1.1050","0.0015"
"97.0010","1.1851","0.0013"
"97.0210","1.2651","0.0013"
"97.0410","1.3451","0.0014"
"97.0610","1.4252","0.0015"
"97.0810","1.5051","0.0014"
"97.1010","1.5851","0.0014"
"97.1210","1.6651","0.0015"
"97.1410","1.7451","0.0015"
"97.1610","1.8251","0.0014"
"97.1810","1.9051","0.0014"
"97.2010","1.9852","0.0014"
"97.2210","2.0652","0.0015"
"97.2410","2.1452","0.0015"
"97.2610","2.2252","0.0015"
"97.2810","2.3051","0.0015"
"97.3010","2.3851","0.0015"
"97.3210","2.4651","0.0015"
"97.3410","2.5451","0.0015"
"97.3610","2.6251","0.0015"
"97.3810","2.7051","0.0015"
"97.4010","2.7851","0.0014"
"97.4210","2.8651","0.0014"
"97.4410","2.9451","0.0015"
"97.4550","3.0011","0.0015"
"97.4560","3.0051","0.0015"
"97.4570","3.0091","0.0015"
"97.4770","3.0882","0.0012"
"97.4970","3.1529","0.0007"
"97.5170","3.1835","0.0005"
"97.5370","3.1721","0.0006"
"97.5570","3.1202","0.0009"
"97.5770","3.0419","0.0015"
"97.5970","2.9605","0.0015"
"97.6170","2.8828","0.0014"
"97.6370","2.8053","0.0014"
"97.6570","2.7254","0.0014"
"97.6770","2.6436","0.0014"
"97.6970","2.5614","0.0014"
"97.7170","2.4801","0.0014"
"97.7370","2.3998","0.0015"
"97.7570","2.3199","0.0015"
"97.7770","2.2401","0.0015"
"97.7970","2.1602","0.0014"
"97.8170","2.0801","0.0014"
"97.8370","2.0000","0.0014"
"97.8570","1.9200","0.0014"
"97.8770","1.8399","0.0014"
"97.8970","1.7599","0.0015"
"97.9170","1.6799","0.0014"
"97.9370","1.5998","0.0014"
"97.9570","1.5198","0.0014"
"97.9770","1.4398","0.0014"
"97.9970","1.3598","0.0013"
"98.0170","1.2798","0.0013"
"98.0370","1.1997","0.0013"
"98.0570","1.1197","0.0014"
"98.0770","1.0397","0.0014"
"98.0970","0.9598","0.0013"
"98.1170","0.8798","0.0014"
"98.1370","0.7998","0.0013"
"98.1570","0.7198","0.0012"
"98.1770","0.6398","0.0012"
"98.1970","0.5598","0.0013"
"98.2170","0.4798","0.0012"
"98.2370","0.3998","0.0012"
"98.2570","0.3198","0.0012"
"98.2770","0.2398","0.0010"
"98.2970","0.1598","0.0005"
"98.3120","0.0999","0.0000"
"98.3130","0.0959","-0.0001"
"98.3140","0.0919","-0.0001"
"98.3340","0.0128","-0.0005"
"98.3540","-0.0517","-0.0004"
"98.3740","-0.0814","-0.0004"
"98.3940","-0.0684","-0.0001"
"98.4140","-0.0145","0.0001"
"98.4340","0.0639","0.0003"
"98.4540","0.1446","0.0009"
"98.4740","0.2223","0.0012"
"98.4940","0.3004","0.0014"
"98.5140","0.3811","0.0013"
"98.5340","0.4633","0.0013"
"98.5540","0.5454","0.0013"
"98.5740","0.6264","0.0013"
"98.5940","0.7066","0.0014"
"98.6140","0.7864","0.0014"
"98.6340","0.8663","0.0014"
"98.6540","0.9463","0.0014"
"98.6740","1.0264","0.0014"
"98.6940","1.1065","0.0014"
"98.7140","1.1866","0.0014"
"98.7340","1.2666","0.0015"
"98.7540","1.3467","0.0015"
"98.7740","1.4267","0.0014"
"98.7940","1.5066","0.0014"
"98.8140","1.5866","0.0013"
"98.8340","1.6666","0.0014"
"98.8540","1.7466","0.0014"
"98.8740","1.8266","0.0015"
"98.8940","1.9066","0.0014"
"98.9140","1.9866","0.0014"
"98.9340","2.0667","0.0015"
"98.9540","2.1467","0.0016"
"98.9740","2.2267","0.0016"
"98.9940","2.3067","0.0015"
"99.0140","2.3867","0.0014"
"99.0340","2.4667","0.0014"
"99.0540","2.5466","0.0015"
"99.0740","2.6266","0.0015"
"99.0940","2.7065","0.0014"
"99.1140","2.7865","0.0014"
"99.1340","2.8666","0.0014"
"99.1540","2.9467","0.0015"
"99.1680","3.0026","0.0014"
"99.1690","3.0066","0.0014"
"99.1700","3.0106","0.0014"
"99.1900","3.0897","0.0011"
"99.2100","3.1543","0.0006"
"99.2300","3.1849","0.0006"
"99.2500","3.1735","0.0006"
"99.2700","3.1214","0.0008"
"99.2900","3.0431","0.0014"
"99.3100","2.9616","0.0015"
"99.3300","2.8838","0.0014"
"99.3500","2.8064","0.0013"
"99.3700","2.7266","0.0013"
"99.3900","2.6448","0.0014"
"99.4100","2.5626","0.0015"
"99.4300","2.4813","0.0015"
"99.4500","2.4010","0.0014"
"99.4700","2.3211","0.0015"
"99.4900","2.2413","0.0015"
"99.5100","2.1614","0.0015"
"99.5300","2.0813","0.0014"
"99.5500","2.0012","0.0014"
"99.5700","1.9211","0.0014"
"99.5900","1.8411","0.0015"
"99.6100","1.7611","0.0015"
"99.6300","1.6811","0.0014"
"99.6500","1.6010","0.0014"
"99.6700","1.5210","0.0014"
"99.6900","1.4410","0.0014"
"99.7100","1.3610","0.0014"
"99.7300","1.2810","0.0013"
"99.7500","1.2009","0.0014"
"99.7700","1.1209","0.0014"
"99.7900","1.0409","0.0014"
"99.8100","0.9610","0.0013"
"99.8300","0.8810","0.0014"
"99.8500","0.8011","0.0013"
"99.8700","0.7210","0.0013"
"99.8900","0.6410","0.0013"
"99.9100","0.5610","0.0013"
"99.9300","0.4810","0.0013"
"99.9500","0.4010","0.0012"
"99.9700","0.3210","0.0010"
"99.9900","0.2410","0.0010"
"100.0100","0.1610","0.0006"
"100.0260","0.0971","0.0000"
"100.0270","0.0931","0.0000"
"100.0280","0.0891","0.0000"
"100.0480","0.0101","-0.0005"
"100.0680","-0.0544","-0.0005"
"100.0880","-0.0839","-0.0005"
"100.1080","-0.0705","-0.0002"
"100.1280","-0.0161","0.0001"
"100.1480","0.0627","0.0003"
"100.1680","0.1436","0.0008"
"100.1880","0.2212","0.0012"
"100.2080","0.2991","0.0014"
"100.2280","0.3796","0.0014"
"100.2480","0.4618","0.0012"
"100.2680","0.5438","0.0013"
"100.2880","0.6249","0.0013"
"100.3080","0.7051","0.0014"
"100.3280","0.7849","0.0013"
"100.3480","0.8648","0.0014"
"100.3680","0.9448","0.0013"
"100.3880","1.0249","0.0015"
"100.4080","1.1050","0.0015"
"100.4280","1.1851","0.0015"
"100.4480","1.2651","0.0015"
"100.4680","1.3451","0.0014"
"100.4880","1.4252","0.0015"
"100.5080","1.5051","0.0014"
"100.5280","1.5851","0.0014"
"100.5480","1.6651","0.0015"
"100.5680","1.7451","0.0015"
"100.5880","1.8250","0.0015"
"100.6080","1.9051","0.0015"
"100.6280","1.9851","0.0016"
"100.6480","2.0652","0.0015"
"100.6680","2.1452","0.0015"
"100.6880","2.2252","0.0014"
"100.7080","2.3051","0.0014"
"100.7280","2.3851","0.0014"
"100.7480","2.4651","0.0014"
"100.7680","2.5451","0.0016"
"100.7880","2.6251","0.0015"
"100.8080","2.7050","0.0014"
"100.8280","2.7850","0.0014"
"100.8480","2.8651","0.0014"
"100.8680","2.9451","0.0014"
"100.8820","3.0011","0.0014"
"100.8830","3.0051","0.0014"
"100.8840","3.0091","0.0014"
"100.9040","3.0881","0.0011"
"100.9240","3.1528","0.0006"
"100.9440","3.1833","0.0006"
"100.9640","3.1719","0.0005"
"100.9840","3.1198","0.0007"
"101.0040","3.0415","0.0014"
"101.0240","2.9601","0.0015"
"101.0440","2.8823","0.0015"
"101.0640","2.8049","0.0013"
"101.0840","2.7250","0.0014"
"101.1040","2.6432","0.0015"
"101.1240","2.5611","0.0015"
"101.1440","2.4798","0.0016"
"101.1640","2.3994","0.0015"
"101.1840","2.3196","0.0015"
"101.2040","2.2398","0.0014"
"101.2240","2.1598","0.0014"
"101.2440","2.0797","0.0014"
"101.2640","1.9997","0.0014"
"101.2840","1.9196","0.0014"
"101.3040","1.8395","0.0015"
"101.3240","1.7595","0.0014"
"101.3440","1.6795","0.0014"
"101.3640","1.5994","0.0013"
"101.3840","1.5194","0.0014"
"101.4040","1.4395","0.0013"
"101.4240","1.3594","0.0012"
"101.4440","1.2794","0.0013"
"101.4640","1.1994","0.0013"
"101.4840","1.1193","0.0013"
"101.5040","1.0394","0.0014"
"101.5240","0.9594","0.0014"
"101.5440","0.8795","0.0014"
"101.5640","0.7995","0.0014"
"101.5840","0.7195","0.0014"
"101.6040","0.6395","0.0014"
"101.6240","0.5595","0.0014"
"101.6440","0.4794","0.0013"
"101.6640","0.3994","0.0012"
"101.6840","0.3194","0.0012"
"101.7040","0.2394","0.0010"
"101.7240","0.1594","0.0006"
"101.7390","0.0995","0.0001"
"101.7400","0.0955","0.0000"
"101.7410","0.0915","0.0000"
"101.7610","0.0125","-0.0004"
"101.7810","-0.0520","-0.0004"
"101.8010","-0.0816","-0.0004"
"101.8210","-0.0684","-0.0001"
"101.8410","-0.0144","0.0000"
"101.8610","0.0640","0.0002"
"101.8810","0.1448","0.0007"
"101.9010","0.2225","0.0012"
"101.9210","0.3005","0.0014"
"101.9410","0.3812","0.0014"
"101.9610","0.4634","0.0014"
"101.9810","0.5455","0.0013"
"102.0010","0.6265","0.0014"
"102.0210","0.7067","0.0015"
"102.0410","0.7865","0.0016"
"102.0610","0.8664","0.0016"
"102.0810","0.9464","0.0015"
"102.1010","1.0265","0.0015"
"102.1210","1.1066","0.0015"
"102.1410","1.1867","0.0014"
"102.1610","1.2667","0.0014"
"102.1810","1.3467","0.0014"
"102.2010","1.4268","0.0014"
"102.2210","1.5068","0.0015"
"102.2410","1.5867","0.0015"
"102.2610","1.6667","0.0015"
"102.2810","1.7467","0.0015"
"102.3010","1.8266","0.0014"
"102.3210","1.9067","0.0013"
"102.3410","1.9867","0.0014"
"102.3610","2.0668","0.0015"
"102.3810","2.1468","0.0015"
"102.4010","2.2268","0.0015"
"102.4210","2.3067","0.0014"
"102.4410","2.3867","0.0014"
"102.4610","2.4667","0.0014"
"102.4810","2.5467","0.0015"
"102.5010","2.6267","0.0015"
"102.5210","2.7067","0.0015"
"102.5410","2.7866","0.0015"
"102.5610","2.8667","0.0015"
"102.5810","2.9467","0.0014"
"102.5950","3.0027","0.0014"
"102.5960","3.0067","0.0014"
"102.5970","3.0107","0.0014"
"102.6170","3.0898","0.0012"
"102.6370","3.1545","0.0006"
"102.6570","3.1850","0.0006"
"102.6770","3.1736","0.0006"
"102.6970","3.1216","0.0009"
"102.7170","3.0432","0.0015"
"102.7370","2.9617","0.0015"
"102.7570","2.8840","0.0015"
"102.7770","2.8066","0.0013"
"102.7970","2.7268","0.0014"
"102.8170","2.6449","0.0015"
"102.8370","2.5628","0.0015"
"102.8570","2.4815","0.0015"
"102.8770","2.4012","0.0016"
"102.8970","2.3213","0.0015"
"102.9170","2.2415","0.0015"
"102.9370","2.1615","0.0014"
"102.9570","2.0814","0.0015"
"102.9770","2.0014","0.0015"
"102.9970","1.9213","0.0014"
"103.0170","1.8412","0.0014"
"103.0370","1.7613","0.0013"
"103.0570","1.6812","0.0015"
"103.0770","1.6012","0.0015"
"103.0970","1.5212","0.0014"
"103.1170","1.4412","0.0014"
"103.1370","1.3612","0.0014"
"103.1570","1.2812","0.0013"
"103.1770","1.2011","0.0013"
"103.1970","1.1211","0.0014"
"103.2170","1.0411","0.0014"
"103.2370","0.9611","0.0013"
"103.2570","0.8812","0.0012"
"103.2770","0.8012","0.0012"
"103.2970","0.7212","0.0012"
"103.3170","0.6412","0.0013"
"103.3370","0.5612","0.0013"
"103.3570","0.4811","0.0013"
"103.3770","0.4011","0.0012"
"103.3970","0.3212","0.0010"
"103.4170","0.2412","0.0009"
"103.4370","0.1612","0.0005"
"103.4530","0.0972","0.0001"
"103.4540","0.0932","0.0000"
"103.4550","0.0892","0.0000"
"103.4750","0.0102","-0.0005"
"103.4950","-0.0543","-0.0005"
"103.5150","-0.0839","-0.0005"
"103.5350","-0.0705","-0.0003"
"103.5550","-0.0162","0.0000"
"103.5750","0.0625","0.0003"
"103.5950","0.1434","0.0009"
"103.6150","0.2210","0.0013"
"103.6350","0.2990","0.0014"
"103.6550","0.3795","0.0014"
"103.6750","0.4617","0.0013"
"103.6950","0.5437","0.0015"
"103.7150","0.6248","0.0015"
"103.7350","0.7050","0.0014"
"103.7550","0.7848","0.0013"
"103.7750","0.8646","0.0015"
"103.7950","0.9447","0.0015"
"103.8150","1.0248","0.0015"
"103.8350","1.1049","0.0015"
"103.8550","1.1850","0.0015"
"103.8750","1.2650","0.0015"
"103.8950","1.3450","0.0015"
"103.9150","1.4250","0.0014"
"103.9350","1.5050","0.0015"
"103.9550","1.5850","0.0014"
"103.9750","1.6650","0.0014"
"103.9950","1.7449","0.0014"
"104.0150","1.8249","0.0015"
"104.0350","1.9050","0.0014"
"104.0550","1.9850","0.0015"
"104.0750","2.0651","0.0015"
"104.0950","2.1451","0.0015"
"104.1150","2.2250","0.0015"
"104.1350","2.3050","0.0014"
"104.1550","2.3850","0.0014"
"104.1750","2.4650","0.0014"
"104.1950","2.5450","0.0014"
"104.2150","2.6250","0.0014"
"104.2350","2.7049","0.0015"
"104.2550","2.7849","0.0015"
"104.2750","2.8649","0.0014"
"104.2950","2.9450","0.0014"
"104.3090","3.0010","0.0015"
"104.3100","3.0050","0.0015"
"104.3110","3.0090","0.0015"
"104.3310","3.0880","0.0012"
"104.3510","3.1527","0.0007"
"104.3710","3.1832","0.0006"
"104.3910","3.1717","0.0006"
"104.4110","3.1197","0.0009"
"104.4310","3.0414","0.0016"
"104.4510","2.9599","0.0016"
"104.4710","2.8821","0.0014"
"104.4910","2.8047","0.0013"
"104.5110","2.7249","0.0013"
"104.5310","2.6430","0.0015"
"104.5510","2.5609","0.0016"
"104.5710","2.4796","0.0015"
"104.5910","2.3993","0.0015"
"104.6110","2.3195","0.0015"
"104.6310","2.2397","0.0014"
"104.6510","2.1597","0.0014"
"104.6710","2.0796","0.0014"
"104.6910","1.9995","0.0014"
"104.7110","1.9194","0.0013"
"104.7310","1.8394","0.0013"
"104.7510","1.7594","0.0014"
"104.7710","1.6794","0.0014"
"104.7910","1.5993","0.0014"
"104.8110","1.5193","0.0013"
"104.8310","1.4393","0.0014"
"104.8510","1.3593","0.0015"
"104.8710","1.2793","0.0014"
"104.8910","1.1992","0.0015"
"104.9110","1.1192","0.0014"
"104.9310","1.0392","0.0014"
"104.9510","0.9593","0.0013"
"104.9710","0.8793","0.0013"
"104.9910","0.7993","0.0014"
"105.0110","0.7193","0.0014"
"105.0310","0.6393","0.0013"
"105.0510","0.5593","0.0013"
"105.0710","0.4793","0.0013"
"105.0910","0.3993","0.0012"
"105.1110","0.3193","0.0012"
"105.1310","0.2393","0.0010"
"105.1510","0.1593","0.0006"
"105.1660","0.0993","0.0001"
"105.1670","0.0953","0.0001"
"105.1680","0.0913","0.0000"
"105.1880","0.0123","-0.0004"
"105.2080","-0.0522","-0.0004"
"105.2280","-0.0818","-0.0004"
"105.2480","-0.0687","-0.0001"
"105.2680","-0.0147","0.0001"
"105.2880","0.0638","0.0002"
"105.3080","0.1446","0.0008"
"105.3280","0.2222","0.0012"
"105.3480","0.3003","0.0013"
"105.3680","0.3809","0.0013"
"105.3880","0.4632","0.0012"
"105.4080","0.5452","0.0014"
"105.4280","0.6263","0.0014"
"105.4480","0.7064","0.0014"
"105.4680","0.7862","0.0013"
"105.4880","0.8661","0.0013"
"105.5080","0.9461","0.0014"
"105.5280","1.0262","0.0015"
"105.5480","1.1063","0.0014"
"105.5680","1.1865","0.0014"
"105.5880","1.2665","0.0015"
"105.6080","1.3465","0.0015"
"105.6280","1.4265","0.0015"
"105.6480","1.5064","0.0015"
"105.6680","1.5864","0.0015"
"105.6880","1.6665","0.0015"
"105.7080","1.7464","0.0015"
"105.7280","1.8264","0.0015"
"105.7480","1.9064","0.0014"
"105.7680","1.9865","0.0015"
"105.7880","2.0665","0.0015"
"105.8080","2.1465","0.0016"
"105.8280","2.2265","0.0015"
"105.8480","2.3065","0.0015"
"105.8680","2.3865","0.0014"
"105.8880","2.4664","0.0015"
"105.9080","2.5464","0.0014"
"105.9280","2.6264","0.0014"
"105.9480","2.7064","0.0014"
"105.9680","2.7864","0.0014"
"105.9880","2.8664","0.0014"
"106.0080","2.9465","0.0015"
"106.0220","3.0025","0.0015"
"106.0230","3.0065","0.0015"
"106.0240","3.0105","0.0015"
"106.0440","3.0895","0.0012"
"106.0640","3.1542","0.0007"
"106.0840","3.1847","0.0006"
"106.1040","3.1733","0.0005"
"106.1240","3.1213","0.0008"
"106.1440","3.0429","0.0015"
"106.1640","2.9615","0.0016"
"106.1840","2.8837","0.0014"
"106.2040","2.8063","0.0014"
"106.2240","2.7265","0.0014"
"106.2440","2.6446","0.0015"
"106.2640","2.5625","0.0014"
"106.2840","2.4812","0.0014"
"106.3040","2.4009","0.0014"
"106.3240","2.3210","0.0014"
"106.3440","2.2413","0.0014"
"106.3640","2.1613","0.0015"
"106.3840","2.0812","0.0014"
"106.4040","2.0011","0.0015"
"106.4240","1.9210","0.0015"
"106.4440","1.8409","0.0015"
"106.4640","1.7610","0.0014"
"106.4840","1.6810","0.0013"
"106.5040","1.6009","0.0014"
"106.5240","1.5209","0.0014"
"106.5440","1.4409","0.0013"
"106.5640","1.3609","0.0015"
"106.5840","1.2809","0.0014"
"106.6040","1.2008","0.0014"
"106.6240","1.1208","0.0014"
"106.6440","1.0408","0.0014"
"106.6640","0.9609","0.0014"
"106.6840","0.8809","0.0014"
"106.7040","0.8009","0.0014"
"106.7240","0.7209","0.0014"
"106.7440","0.6409","0.0013"
"106.7640","0.5609","0.0013"
"106.7840","0.4809","0.0013"
"106.8040","0.4009","0.0012"
"106.8240","0.3209","0.0011"
"106.8440","0.2409","0.0010"
"106.8640","0.1609","0.0006"
"106.8800","0.0969","0.0002"
"106.8810","0.0929","0.0001"
"106.8820","0.0889","0.0001"
"106.9020","0.0099","-0.0004"
"106.9220","-0.0545","-0.0005"
"106.9420","-0.0841","-0.0006"
"106.9620","-0.0706","-0.0002"
"106.9820","-0.0163","0.0001"
"107.0020","0.0625","0.0003"
"107.0220","0.1434","0.0008"
"107.0420","0.2210","0.0013"
"107.0620","0.2990","0.0014"
"107.0820","0.3795","0.0014"
"107.1020","0.4617","0.0013"
"107.1220","0.5437","0.0013"
"107.1420","0.6248","0.0013"
"107.1620","0.7050","0.0014"
"107.1820","0.7847","0.0015"
"107.2020","0.8646","0.0015"
"107.2220","0.9446","0.0015"
"107.2420","1.0247","0.0015"
"107.2620","1.1048","0.0014"
"107.2820","1.1849","0.0015"
"107.3020","1.2649","0.0014"
"107.3220","1.3449","0.0013"
"107.3420","1.4250","0.0014"
"107.3620","1.5049","0.0015"
"107.3820","1.5849","0.0016"
"107.4020","1.6650","0.0016"
"107.4220","1.7449","0.0017"
"107.4420","1.8249","0.0016"
"107.4620","1.9049","0.0015"
"107.4820","1.9850","0.0015"
"107.5020","2.0650","0.0014"
"107.5220","2.1451","0.0014"
"107.5420","2.2250","0.0015"
"107.5620","2.3050","0.0015"
"107.5820","2.3850","0.0015"
"107.6020","2.4649","0.0016"
"107.6220","2.5449","0.0016"
"107.6420","2.6249","0.0014"
"107.6620","2.7049","0.0014"
"107.6820","2.7848","0.0014"
"107.7020","2.8649","0.0014"
"107.7220","2.9449","0.0015"
"107.7360","3.0009","0.0014"
"107.7370","3.0049","0.0014"
"107.7380","3.0089","0.0014"
"107.7580","3.0880","0.0011"
"107.7780","3.1526","0.0006"
"107.7980","3.1831","0.0007"
"107.8180","3.1715","0.0007"
"107.8380","3.1194","0.0008"
"107.8580","3.0411","0.0015"
"107.8780","2.9596","0.0016"
"107.8980","2.8818","0.0015"
"107.9180","2.8044","0.0014"
"107.9380","2.7246","0.0013"
"107.9580","2.6427","0.0013"
"107.9780","2.5605","0.0014"
"107.9980","2.4793","0.0015"
"108.0180","2.3990","0.0015"
"108.0380","2.3191","0.0015"
"108.0580","2.2393","0.0015"
"108.0780","2.1594","0.0014"
"108.0980","2.0793","0.0014"
"108.1180","1.9992","0.0014"
"108.1380","1.9191","0.0014"
"108.1580","1.8391","0.0015"
"108.1780","1.7591","0.0015"
"108.1980","1.6791","0.0015"
"108.2180","1.5990","0.0015"
"108.2380","1.5190","0.0014"
"108.2580","1.4390","0.0014"
"108.2780","1.3590","0.0013"
"108.2980","1.2790","0.0014"
"108.3180","1.1989","0.0014"
"108.3380","1.1189","0.0013"
"108.3580","1.0389","0.0014"
"108.3780","0.9590","0.0014"
"108.3980","0.8790","0.0014"
"108.4180","0.7990","0.0013"
"108.4380","0.7190","0.0014"
"108.4580","0.6390","0.0014"
"108.4780","0.5590","0.0013"
"108.4980","0.4790","0.0013"
"108.5180","0.3990","0.0013"
"108.5380","0.3190","0.0012"
"108.5580","0.2390","0.0010"
"108.5780","0.1590","0.0006"
"108.5930","0.0990","0.0001"
"108.5940","0.0950","0.0001"
"108.5950","0.0910","0.0000"
"108.6150","0.0120","-0.0003"
"108.6350","-0.0524","-0.0004"
"108.6550","-0.0820","-0.0004"
"108.6750","-0.0688","-0.0001"
"108.6950","-0.0147","0.0001"
"108.7150","0.0638","0.0003"
"108.7350","0.1445","0.0008"
"108.7550","0.2222","0.0013"
"108.7750","0.3002","0.0015"
"108.7950","0.3808","0.0015"
"108.8150","0.4631","0.0014"
"108.8350","0.5452","0.0014"
"108.8550","0.6262","0.0014"
"108.8750","0.7064","0.0014"
"108.8950","0.7862","0.0014"
"108.9150","0.8661","0.0015"
"108.9350","0.9461","0.0015"
"108.9550","1.0262","0.0016"
"108.9750","1.1063","0.0015"
"108.9950","1.1864","0.0015"
"109.0150","1.2665","0.0016"
"109.0350","1.3465","0.0015"
"109.0550","1.4265","0.0015"
"109.0750","1.5064","0.0015"
"109.0950","1.5864","0.0014"
"109.1150","1.6665","0.0014"
"109.1350","1.7464","0.0015"
"109.1550","1.8264","0.0015"
"109.1750","1.9064","0.0015"
"109.1950","1.9865","0.0015"
"109.2150","2.0665","0.0014"
"109.2350","2.1466","0.0014"
"109.2550","2.2265","0.0015"
"109.2750","2.3065","0.0015"
"109.2950","2.3864","0.0014"
"109.3150","2.4664","0.0015"
"109.3350","2.5464","0.0015"
"109.3550","2.6264","0.0015"
"109.3750","2.7064","0.0015"
"109.3950","2.7863","0.0014"
"109.4150","2.8664","0.0014"
"109.4350","2.9465","0.0014"
"109.4490","3.0025","0.0015"
"109.4500","3.0065","0.0015"
"109.4510","3.0105","0.0015"
"109.4710","3.0895","0.0012"
"109.4910","3.1541","0.0007"
"109.5110","3.1847","0.0007"
"109.5310","3.1732","0.0006"
"109.5510","3.1212","0.0008"
"109.5710","3.0429","0.0014"
"109.5910","2.9614","0.0015"
"109.6110","2.8837","0.0015"
"109.6310","2.8062","0.0015"
"109.6510","2.7264","0.0014"
"109.6710","2.6445","0.0014"
"109.6910","2.5624","0.0014"
"109.7110","2.4811","0.0015"
"109.7310","2.4008","0.0014"
"109.7510","2.3209","0.0015"
"109.7710","2.2412","0.0014"
"109.7910","2.1612","0.0014"
"109.8110","2.0811","0.0013"
"109.8310","2.0010","0.0015"
"109.8510","1.9209","0.0015"
"109.8710","1.8409","0.0014"
"109.8910","1.7609","0.0015"
"109.9110","1.6809","0.0015"
"109.9310","1.6008","0.0014"
"109.9510","1.5208","0.0015"
"109.9710","1.4408","0.0015"
"109.9910","1.3608","0.0014"
"110.0110","1.2808","0.0013"
"110.0310","1.2007","0.0014"
"110.0510","1.1207","0.0013"
"110.0710","1.0407","0.0013"
"110.0910","0.9608","0.0014"
"110.1110","0.8808","0.0014"
"110.1310","0.8008","0.0015"
"110.1510","0.7208","0.0015"
"110.1710","0.6408","0.0013"
"110.1910","0.5608","0.0013"
"110.2110","0.4808","0.0012"
"110.2310","0.4008","0.0012"
"110.2510","0.3208","0.0012"
"110.2710","0.2408","0.0010"
"110.2910","0.1608","0.0006"
"110.3070","0.0968","0.0001"
"110.3080","0.0928","0.0001"
"110.3090","0.0888","0.0001"
"110.3290","0.0098","-0.0004"
"110.3490","-0.0547","-0.0005"
"110.3690","-0.0843","-0.0006"
"110.3890","-0.0710","-0.0002"
"110.4090","-0.0167","0.0001"
"110.4290","0.0620","0.0002"
"110.4490","0.1429","0.0008"
"110.4690","0.2205","0.0013"
"110.4890","0.2984","0.0014"
"110.5090","0.3790","0.0014"
"110.5290","0.4612","0.0013"
"110.5490","0.5432","0.0012"
"110.5690","0.6243","0.0014"
"110.5890","0.7045","0.0014"
"110.6090","0.7843","0.0014"
"110.6290","0.8642","0.0015"
"110.6490","0.9442","0.0014"
"110.6690","1.0243","0.0014"
"110.6890","1.1044","0.0015"
"110.7090","1.1845","0.0015"
"110.7290","1.2645","0.0015"
"110.7490","1.3445","0.0015"
"110.7690","1.4245","0.0016"
"110.7890","1.5045","0.0015"
"110.8090","1.5845","0.0015"
"110.8290","1.6645","0.0014"
"110.8490","1.7445","0.0014"
"110.8690","1.8244","0.0015"
"110.8890","1.9045","0.0015"
"110.9090","1.9845","0.0015"
"110.9290","2.0646","0.0015"
"110.9490","2.1446","0.0015"
"110.9690","2.2246","0.0015"
"110.9890","2.3045","0.0014"
"111.0090","2.3845","0.0014"
"111.0290","2.4645","0.0015"
"111.0490","2.5445","0.0015"
"111.0690","2.6245","0.0014"
"111.0890","2.7044","0.0014"
"111.1090","2.7844","0.0015"
"111.1290","2.8645","0.0015"
"111.1490","2.9445","0.0014"
"111.1630","3.0005","0.0014"
"111.1640","3.0045","0.0014"
"111.1650","3.0085","0.0014"
"111.1850","3.0875","0.0012"
"111.2050","3.1522","0.0007"
"111.2250","3.1827","0.0006"
"111.2450","3.1713","0.0006"
"111.2650","3.1192","0.0008"
"111.2850","3.0409","0.0016"
"111.3050","2.9594","0.0016"
"111.3250","2.8817","0.0014"
"111.3450","2.8043","0.0014"
"111.3650","2.7245","0.0015"
"111.3850","2.6426","0.0015"
"111.4050","2.5604","0.0014"
"111.4250","2.4792","0.0014"
"111.4450","2.3988","0.0015"
"111.4650","2.3190","0.0014"
"111.4850","2.2392","0.0014"
"111.5050","2.1592","0.0015"
"111.5250","2.0791","0.0015"
"111.5450","1.9990","0.0015"
"111.5650","1.9189","0.0014"
"111.5850","1.8389","0.0015"
"111.6050","1.7589","0.0015"
"111.6250","1.6789","0.0014"
"111.6450","1.5988","0.0014"
"111.6650","1.5188","0.0015"
"111.6850","1.4388","0.0015"
"111.7050","1.3588","0.0015"
"111.7250","1.2788","0.0014"
"111.7450","1.1987","0.0013"
"111.7650","1.1187","0.0013"
"111.7850","1.0387","0.0014"
"111.8050","0.9588","0.0014"
"111.8250","0.8788","0.0013"
"111.8450","0.7988","0.0013"
"111.8650","0.7188","0.0013"
"111.8850","0.6388","0.0013"
"111.9050","0.5588","0.0013"
"111.9250","0.4788","0.0013"
"111.9450","0.3988","0.0012"
"111.9650","0.3188","0.0012"
"111.9850","0.2388","0.0010"
"112.0050","0.1588","0.0006"
"112.0200","0.0989","0.0001"
"112.0210","0.0949","0.0001"
"112.0220","0.0909","0.0001"
"112.0420","0.0119","-0.0004"
"112.0620","-0.0526","-0.0004"
"112.0820","-0.0821","-0.0005"
"112.1020","-0.0689","-0.0002"
"112.1220","-0.0147","0.0000"
"112.1420","0.0638","0.0002"
"112.1620","0.1446","0.0009"
"112.1820","0.2223","0.0013"
"112.2020","0.3003","0.0014"
"112.2220","0.3809","0.0014"
"112.2420","0.4632","0.0014"
"112.2620","0.5452","0.0015"
"112.2820","0.6263","0.0014"
"112.3020","0.7065","0.0014"
"112.3220","0.7862","0.0014"
"112.3420","0.8661","0.0015"
"112.3620","0.9461","0.0014"
"112.3820","1.0262","0.0014"
"112.4020","1.1062","0.0014"
"112.4220","1.1864","0.0015"
"112.4420","1.2664","0.0015"
"112.4620","1.3465","0.0015"
"112.4820","1.4265","0.0015"
"112.5020","1.5065","0.0015"
"112.5220","1.5864","0.0015"
"112.5420","1.6664","0.0014"
"112.5620","1.7464","0.0014"
"112.5820","1.8264","0.0015"
"112.6020","1.9064","0.0015"
"112.6220","1.9865","0.0015"
"112.6420","2.0665","0.0014"
"112.6620","2.1465","0.0014"
"112.6820","2.2265","0.0014"
"112.7020","2.3064","0.0015"
"112.7220","2.3864","0.0015"
"112.7420","2.4664","0.0015"
"112.7620","2.5464","0.0015"
"112.7820","2.6264","0.0014"
"112.8020","2.7064","0.0014"
"112.8220","2.7863","0.0014"
"112.8420","2.8664","0.0014"
"112.8620","2.9464","0.0015"
"112.8760","3.0024","0.0015"
"112.8770","3.0064","0.0014"
"112.8780","3.0104","0.0014"
"112.8980","3.0894","0.0011"
"112.9180","3.1541","0.0005"
"112.9380","3.1847","0.0005"
"112.9580","3.1733","0.0005"
"112.9780","3.1213","0.0008"
"112.9980","3.0430","0.0016"
"113.0180","2.9615","0.0016"
"113.0380","2.8838","0.0014"
"113.0580","2.8063","0.0013"
"113.0780","2.7265","0.0013"
"113.0980","2.6446","0.0014"
"113.1180","2.5625","0.0015"
"113.1380","2.4812","0.0015"
"113.1580","2.4008","0.0015"
"113.1780","2.3210","0.0015"
"113.1980","2.2412","0.0015"
"113.2180","2.1613","0.0014"
"113.2380","2.0812","0.0013"
"113.2580","2.0011","0.0014"
"113.2780","1.9211","0.0014"
"113.2980","1.8410","0.0014"
"113.3180","1.7610","0.0014"
"113.3380","1.6809","0.0014"
"113.3580","1.6009","0.0014"
"113.3780","1.5209","0.0015"
"113.3980","1.4409","0.0014"
"113.4180","1.3609","0.0014"
"113.4380","1.2809","0.0014"
"113.4580","1.2008","0.0014"
"113.4780","1.1208","0.0015"
"113.4980","1.0408","0.0015"
"113.5180","0.9609","0.0014"
"113.5380","0.8809","0.0012"
"113.5580","0.8009","0.0012"
"113.5780","0.7209","0.0013"
"113.5980","0.6409","0.0013"
"113.6180","0.5609","0.0013"
"113.6380","0.4809","0.0014"
"113.6580","0.4008","0.0013"
"113.6780","0.3209","0.0011"
"113.6980","0.2409","0.0008"
"113.7180","0.1609","0.0005"
"113.7340","0.0969","0.0001"
"113.7350","0.0929","0.0001"
"113.7360","0.0889","0.0000"
"113.7560","0.0099","-0.0004"
"113.7760","-0.0545","-0.0004"
"113.7960","-0.0841","-0.0005"
"113.8160","-0.0707","-0.0002"
"113.8360","-0.0163","0.0000"
"113.8560","0.0624","0.0003"
"113.8760","0.1433","0.0009"
"113.8960","0.2209","0.0012"
"113.9160","0.2989","0.0013"
"113.9360","0.3794","0.0014"
"113.9560","0.4616","0.0014"
"113.9760","0.5437","0.0013"
"113.9960","0.6247","0.0013"
"114.0160","0.7049","0.0014"
"114.0360","0.7847","0.0013"
"114.0560","0.8645","0.0014"
"114.0760","0.9446","0.0014"
"114.0960","1.0247","0.0015"
"114.1160","1.1048","0.0015"
"114.1360","1.1849","0.0015"
"114.1560","1.2649","0.0015"
"114.1760","1.3449","0.0014"
"114.1960","1.4249","0.0015"
"114.2160","1.5049","0.0014"
"114.2360","1.5849","0.0015"
"114.2560","1.6649","0.0015"
"114.2760","1.7449","0.0015"
"114.2960","1.8249","0.0014"
"114.3160","1.9049","0.0014"
"114.3360","1.9849","0.0014"
"114.3560","2.0650","0.0014"
"114.3760","2.1450","0.0014"
"114.3960","2.2249","0.0015"
"114.4160","2.3049","0.0015"
"114.4360","2.3849","0.0015"
"114.4560","2.4649","0.0014"
"114.4760","2.5449","0.0014"
"114.4960","2.6249","0.0014"
"114.5160","2.7048","0.0015"
"114.5360","2.7848","0.0015"
"114.5560","2.8648","0.0014"
"114.5760","2.9449","0.0014"
"114.5900","3.0009","0.0014"
"114.5910","3.0049","0.0014"
"114.5920","3.0089","0.0014"
"114.6120","3.0879","0.0012"
"114.6320","3.1526","0.0007"
"114.6520","3.1832","0.0006"
"114.6720","3.1718","0.0006"
"114.6920","3.1197","0.0008"
"114.7120","3.0415","0.0015"
"114.7320","2.9600","0.0015"
"114.7520","2.8823","0.0015"
"114.7720","2.8048","0.0015"
"114.7920","2.7250","0.0015"
"114.8120","2.6432","0.0015"
"114.8320","2.5610","0.0015"
"114.8520","2.4797","0.0014"
"114.8720","2.3993","0.0014"
"114.8920","2.3195","0.0015"
"114.9120","2.2397","0.0015"
"114.9320","2.1597","0.0014"
"114.9520","2.0796","0.0015"
"114.9720","1.9996","0.0014"
"114.9920","1.9195","0.0014"
"115.0120","1.8394","0.0014"
"115.0320","1.7595","0.0014"
"115.0520","1.6794","0.0014"
"115.0720","1.5994","0.0014"
"115.0920","1.5194","0.0015"
"115.1120","1.4394","0.0015"
"115.1320","1.3594","0.0013"
"115.1520","1.2793","0.0013"
"115.1720","1.1993","0.0014"
"115.1920","1.1193","0.0014"
"115.2120","1.0393","0.0013"
"115.2320","0.9593","0.0013"
"115.2520","0.8794","0.0013"
"115.2720","0.7994","0.0013"
"115.2920","0.7194","0.0013"
"115.3120","0.6394","0.0013"
"115.3320","0.5594","0.0013"
"115.3520","0.4794","0.0013"
"115.3720","0.3993","0.0012"
"115.3920","0.3194","0.0012"
"115.4120","0.2394","0.0010"
"115.4320","0.1594","0.0005"
"115.4470","0.0994","-0.0001"
"115.4480","0.0954","-0.0001"
"115.4490","0.0914","-0.0001"
"115.4690","0.0124","-0.0005"
"115.4890","-0.0520","-0.0005"
"115.5090","-0.0815","-0.0005"
"115.5290","-0.0683","-0.0002"
"115.5490","-0.0142","0.0001"
"115.5690","0.0644","0.0003"
"115.5890","0.1451","0.0009"
"115.6090","0.2228","0.0013"
"115.6290","0.3008","0.0015"
"115.6490","0.3814","0.0014"
"115.6690","0.4637","0.0015"
"115.6890","0.5458","0.0015"
"115.7090","0.6268","0.0014"
"115.7290","0.7070","0.0014"
"115.7490","0.7868","0.0014"
"115.7690","0.8666","0.0014"
"115.7890","0.9467","0.0014"
"115.8090","1.0268","0.0014"
"115.8290","1.1069","0.0014"
"115.8490","1.1870","0.0015"
"115.8690","1.2670","0.0015"
"115.8890","1.3470","0.0014"
"115.9090","1.4270","0.0014"
"115.9290","1.5070","0.0015"
"115.9490","1.5870","0.0015"
"115.9690","1.6670","0.0014"
"115.9890","1.7470","0.0015"
"116.0090","1.8270","0.0015"
"116.0290","1.9070","0.0015"
"116.0490","1.9870","0.0015"
"116.0690","2.0671","0.0014"
"116.0890","2.1471","0.0014"
"116.1090","2.2271","0.0015"
"116.1290","2.3070","0.0015"
"116.1490","2.3870","0.0016"
"116.1690","2.4670","0.0016"
"116.1890","2.5470","0.0016"
"116.2090","2.6270","0.0016"
"116.2290","2.7069","0.0016"
"116.2490","2.7869","0.0014"
"116.2690","2.8670","0.0015"
"116.2890","2.9470","0.0015"
"116.3030","3.0030","0.0015"
"116.3040","3.0070","0.0015"
"116.3050","3.0110","0.0015"
"116.3250","3.0900","0.0012"
"116.3450","3.1547","0.0007"
"116.3650","3.1852","0.0006"
"116.3850","3.1738","0.0006"
"116.4050","3.1217","0.0009"
"116.4250","3.0434","0.0015"
"116.4450","2.9619","0.0015"
"116.4650","2.8842","0.0014"
"116.4850","2.8068","0.0014"
"116.5050","2.7270","0.0014"
"116.5250","2.6451","0.0014"
"116.5450","2.5629","0.0014"
"116.5650","2.4816","0.0015"
"116.5850","2.4013","0.0015"
"116.6050","2.3214","0.0014"
"116.6250","2.2417","0.0014"
"116.6450","2.1617","0.0014"
"116.6650","2.0816","0.0014"
"116.6850","2.0015","0.0014"
"116.7050","1.9214","0.0014"
"116.7250","1.8414","0.0014"
"116.7450","1.7614","0.0013"
"116.7650","1.6814","0.0014"
"116.7850","1.6013","0.0015"
"116.8050","1.5213","0.0014"
"116.8250","1.4413","0.0014"
"116.8450","1.3613","0.0014"
"116.8650","1.2813","0.0014"
"116.8850","1.2012","0.0014"
"116.9050","1.1212","0.0014"
"116.9250","1.0412","0.0014"
"116.9450","0.9613","0.0014"
"116.9650","0.8813","0.0014"
"116.9850","0.8013","0.0013"
"117.0050","0.7213","0.0013"
"117.0250","0.6413","0.0014"
"117.0450","0.5613","0.0013"
"117.0650","0.4813","0.0013"
"117.0850","0.4013","0.0011"
"117.1050","0.3213","0.0010"
"117.1250","0.2413","0.0008"
"117.1450","0.1613","0.0006"
"117.1610","0.0974","0.0001"
"117.1620","0.0934","0.0001"
"117.1630","0.0894","0.0000"
"117.1830","0.0104","-0.0004"
"117.2030","-0.0541","-0.0004"
"117.2230","-0.0837","-0.0005"
"117.2430","-0.0703","-0.0003"
"117.2630","-0.0160","0.0000"
"117.2830","0.0628","0.0003"
"117.3030","0.1436","0.0009"
"117.3230","0.2212","0.0013"
"117.3430","0.2992","0.0014"
"117.3630","0.3798","0.0014"
"117.3830","0.4620","0.0014"
"117.4030","0.5440","0.0015"
"117.4230","0.6251","0.0014"
"117.4430","0.7053","0.0015"
"117.4630","0.7850","0.0014"
"117.4830","0.8649","0.0015"
"117.5030","0.9450","0.0015"
"117.5230","1.0250","0.0015"
"117.5430","1.1051","0.0015"
"117.5630","1.1852","0.0014"
"117.5830","1.2653","0.0013"
"117.6030","1.3453","0.0014"
"117.6230","1.4253","0.0014"
"117.6430","1.5053","0.0015"
"117.6630","1.5853","0.0015"
"117.6830","1.6653","0.0015"
"117.7030","1.7452","0.0015"
"117.7230","1.8252","0.0015"
"117.7430","1.9052","0.0015"
"117.7630","1.9853","0.0015"
"117.7830","2.0653","0.0014"
"117.8030","2.1453","0.0014"
"117.8230","2.2253","0.0015"
"117.8430","2.3052","0.0016"
"117.8630","2.3853","0.0015"
"117.8830","2.4652","0.0015"
"117.9030","2.5452","0.0014"
"117.9230","2.6252","0.0014"
"117.9430","2.7052","0.0014"
"117.9630","2.7851","0.0014"
"117.9830","2.8652","0.0015"
"118.0030","2.9452","0.0015"
"118.0170","3.0012","0.0014"
"118.0180","3.0052","0.0014"
"118.0190","3.0092","0.0014"
"118.0390","3.0883","0.0012"
"118.0590","3.1530","0.0007"
"118.0790","3.1835","0.0006"
"118.0990","3.1722","0.0006"
"118.1190","3.1202","0.0009"
"118.1390","3.0420","0.0015"
"118.1590","2.9605","0.0015"
"118.1790","2.8828","0.0014"
"118.1990","2.8053","0.0013"
"118.2190","2.7255","0.0014"
"118.2390","2.6436","0.0015"
"118.2590","2.5614","0.0015"
"118.2790","2.4802","0.0015"
"118.2990","2.3998","0.0014"
"118.3190","2.3200","0.0015"
"118.3390","2.2402","0.0015"
"118.3590","2.1602","0.0015"
"118.3790","2.0801","0.0015"
"118.3990","2.0001","0.0015"
"118.4190","1.9200","0.0014"
"118.4390","1.8399","0.0014"
"118.4590","1.7599","0.0014"
"118.4790","1.6799","0.0015"
"118.4990","1.5999","0.0015"
"118.5190","1.5199","0.0015"
"118.5390","1.4399","0.0014"
"118.5590","1.3599","0.0014"
"118.5790","1.2798","0.0014"
"118.5990","1.1998","0.0014"
"118.6190","1.1197","0.0013"
"118.6390","1.0398","0.0014"
"118.6590","0.9598","0.0014"
"118.6790","0.8799","0.0014"
"118.6990","0.7999","0.0014"
"118.7190","0.7199","0.0013"
"118.7390","0.6399","0.0013"
"118.7590","0.5599","0.0013"
"118.7790","0.4799","0.0012"
"118.7990","0.3998","0.0012"
"118.8190","0.3198","0.0012"
"118.8390","0.2398","0.0010"
"118.8590","0.1598","0.0006"
"118.8740","0.0999","0.0001"
"118.8750","0.0959","0.0000"
"118.8760","0.0919","0.0000"
"118.8960","0.0129","-0.0005"
"118.9160","-0.0516","-0.0004"
"118.9360","-0.0811","-0.0004"
"118.9560","-0.0680","-0.0001"
"118.9760","-0.0140","0.0001"
"118.9960","0.0645","0.0003"
"119.0160","0.1452","0.0009"
"119.0360","0.2229","0.0013"
"119.0560","0.3010","0.0014"
"119.0760","0.3817","0.0014"
"119.0960","0.4639","0.0014"
"119.1160","0.5460","0.0014"
"119.1360","0.6270","0.0014"
"119.1560","0.7072","0.0014"
"119.1760","0.7869","0.0014"
"119.1960","0.8668","0.0015"
"119.2160","0.9469","0.0015"
"119.2360","1.0269","0.0014"
"119.2560","1.1070","0.0013"
"119.2760","1.1871","0.0013"
"119.2960","1.2672","0.0014"
"119.3160","1.3472","0.0014"
"119.3360","1.4272","0.0015"
"119.3560","1.5072","0.0015"
"119.3760","1.5872","0.0015"
"119.3960","1.6672","0.0016"
"119.4160","1.7472","0.0016"
"119.4360","1.8271","0.0015"
"119.4560","1.9072","0.0014"
"119.4760","1.9872","0.0015"
"119.4960","2.0672","0.0015"
"119.5160","2.1472","0.0015"
"119.5360","2.2272","0.0016"
"119.5560","2.3072","0.0015"
"119.5760","2.3872","0.0014"
"119.5960","2.4672","0.0015"
"119.6160","2.5472","0.0016"
"119.6360","2.6272","0.0015"
"119.6560","2.7071","0.0016"
"119.6760","2.7871","0.0015"
"119.6960","2.8672","0.0016"
"119.7160","2.9472","0.0015"
"119.7300","3.0032","0.0015"
"119.7310","3.0072","0.0015"
"119.7320","3.0112","0.0015"
"119.7520","3.0902","0.0012"
"119.7720","3.1549","0.0007"
"119.7920","3.1854","0.0006"
"119.8120","3.1740","0.0007"
"119.8320","3.1219","0.0009"
"119.8520","3.0435","0.0015"
"119.8720","2.9621","0.0016"
"119.8920","2.8843","0.0016"
"119.9120","2.8069","0.0014"
"119.9320","2.7271","0.0014"
"119.9520","2.6452","0.0014"
"119.9720","2.5631","0.0015"
"119.9920","2.4818","0.0015"
"120.0120","2.4015","0.0015"
"120.0320","2.3216","0.0015"
"120.0520","2.2418","0.0014"
"120.0720","2.1618","0.0015"
"120.0920","2.0817","0.0015"
"120.1120","2.0017","0.0015"
"120.1320","1.9216","0.0015"
"120.1520","1.8415","0.0015"
"120.1720","1.7615","0.0014"
"120.1920","1.6815","0.0014"
"120.2120","1.6015","0.0015"
"120.2320","1.5215","0.0015"
"120.2520","1.4416","0.0013"
"120.2720","1.3615","0.0014"
"120.2920","1.2815","0.0015"
"120.3120","1.2015","0.0015"
"120.3320","1.1214","0.0015"
"120.3520","1.0415","0.0014"
"120.3720","0.9615","0.0014"
"120.3920","0.8815","0.0014"
"120.4120","0.8015","0.0014"
"120.4320","0.7215","0.0014"
"120.4520","0.6415","0.0013"
"120.4720","0.5615","0.0013"
"120.4920","0.4815","0.0013"
"120.5120","0.4015","0.0012"
"120.5320","0.3215","0.0011"
"120.5520","0.2415","0.0010"
"120.5720","0.1615","0.0007"
"120.5880","0.0976","0.0001"
"120.5890","0.0936","0.0001"
"120.5900","0.0896","0.0000"
"120.6100","0.0106","-0.0004"
"120.6300","-0.0539","-0.0004"
"120.6500","-0.0834","-0.0004"
"120.6700","-0.0701","-0.0001"
"120.6900","-0.0157","0.0002"
"120.7100","0.0631","0.0004"
"120.7300","0.1440","0.0009"
"120.7500","0.2216","0.0013"
"120.7700","0.2994","0.0015"
"120.7900","0.3800","0.0015"
"120.8100","0.4623","0.0015"
"120.8300","0.5443","0.0014"
"120.8500","0.6254","0.0015"
"120.8700","0.7056","0.0015"
"120.8900","0.7854","0.0015"
"120.9100","0.8652","0.0015"
"120.9300","0.9452","0.0015"
"120.9500","1.0253","0.0015"
"120.9700","1.1054","0.0015"
"120.9900","1.1855","0.0015"
"121.0100","1.2655","0.0015"
"121.0300","1.3455","0.0015"
"121.0500","1.4255","0.0014"
"121.0700","1.5055","0.0014"
"121.0900","1.5855","0.0014"
"121.1100","1.6655","0.0015"
"121.1300","1.7455","0.0014"
"121.1500","1.8255","0.0014"
"121.1700","1.9055","0.0014"
"121.1900","1.9855","0.0015"
"121.2100","2.0656","0.0015"
"121.2300","2.1456","0.0015"
"121.2500","2.2256","0.0015"
"121.2700","2.3055","0.0015"
"121.2900","2.3855","0.0015"
"121.3100","2.4655","0.0015"
"121.3300","2.5455","0.0016"
"121.3500","2.6255","0.0016"
"121.3700","2.7054","0.0016"
"121.3900","2.7854","0.0016"
"121.4100","2.8655","0.0015"
"121.4300","2.9455","0.0014"
"121.4440","3.0015","0.0015"
"121.4450","3.0055","0.0015"
"121.4460","3.0095","0.0015"
"121.4660","3.0885","0.0013"
"121.4860","3.1532","0.0008"
"121.5060","3.1838","0.0006"
"121.5260","3.1724","0.0005"
"121.5460","3.1204","0.0008"
"121.5660","3.0422","0.0015"
"121.5860","2.9608","0.0015"
"121.6060","2.8831","0.0014"
"121.6260","2.8056","0.0014"
"121.6460","2.7258","0.0015"
"121.6660","2.6439","0.0015"
"121.6860","2.5617","0.0014"
"121.7060","2.4804","0.0014"
"121.7260","2.4001","0.0014"
"121.7460","2.3203","0.0015"
"121.7660","2.2405","0.0015"
"121.7860","2.1605","0.0015"
"121.8060","2.0803","0.0015"
"121.8260","2.0002","0.0015"
"121.8460","1.9202","0.0014"
"121.8660","1.8401","0.0014"
"121.8860","1.7601","0.0014"
"121.9060","1.6801","0.0014"
"121.9260","1.6001","0.0014"
"121.9460","1.5201","0.0015"
"121.9660","1.4401","0.0014"
"121.9860","1.3601","0.0015"
"122.0060","1.2801","0.0014"
"122.0260","1.2001","0.0014"
"122.0460","1.1200","0.0014"
"122.0660","1.0401","0.0014"
"122.0860","0.9601","0.0014"
"122.1060","0.8802","0.0013"
"122.1260","0.8002","0.0014"
"122.1460","0.7202","0.0014"
"122.1660","0.6402","0.0013"
"122.1860","0.5602","0.0013"
"122.2060","0.4801","0.0012"
"122.2260","0.4001","0.0012"
"122.2460","0.3201","0.0012"
"122.2660","0.2401","0.0010"
"122.2860","0.1601","0.0005"
"122.3020","0.0962","-0.0001"
"122.3030","0.0922","-0.0001"
"122.3040","0.0882","-0.0001"
"122.3240","0.0091","-0.0006"
"122.3440","-0.0554","-0.0005"
"122.3640","-0.0850","-0.0006"
"122.3840","-0.0717","-0.0002"
"122.4040","-0.0175","0.0001"
"122.4240","0.0611","0.0004"
"122.4440","0.1419","0.0009"
"122.4640","0.2195","0.0012"
"122.4840","0.2975","0.0014"
"122.5040","0.3781","0.0015"
"122.5240","0.4603","0.0014"
"122.5440","0.5424","0.0014"
"122.5640","0.6234","0.0013"
"122.5840","0.7036","0.0014"
"122.6040","0.7834","0.0014"
"122.6240","0.8633","0.0015"
"122.6440","0.9433","0.0014"
"122.6640","1.0234","0.0016"
"122.6840","1.1035","0.0016"
"122.7040","1.1836","0.0015"
"122.7240","1.2637","0.0014"
"122.7440","1.3437","0.0014"
"122.7640","1.4237","0.0015"
"122.7840","1.5036","0.0015"
"122.8040","1.5836","0.0015"
"122.8240","1.6636","0.0016"
"122.8440","1.7436","0.0015"
"122.8640","1.8236","0.0015"
"122.8840","1.9036","0.0014"
"122.9040","1.9837","0.0014"
"122.9240","2.0637","0.0014"
"122.9440","2.1437","0.0016"
"122.9640","2.2237","0.0015"
"122.9840","2.3036","0.0015"
"123.0040","2.3836","0.0014"
"123.0240","2.4636","0.0015"
"123.0440","2.5436","0.0014"
"123.0640","2.6236","0.0015"
"123.0840","2.7036","0.0015"
"123.1040","2.7836","0.0015"
"123.1240","2.8636","0.0015"
"123.1440","2.9437","0.0015"
"123.1590","3.0037","0.0015"
"123.1600","3.0077","0.0015"
"123.1610","3.0117","0.0015"
"123.1810","3.0907","0.0013"
"123.2010","3.1553","0.0007"
"123.2210","3.1858","0.0005"
"123.2410","3.1742","0.0006"
"123.2610","3.1220","0.0009"
"123.2810","3.0436","0.0015"
"123.3010","2.9621","0.0015"
"123.3210","2.8843","0.0014"
"123.3410","2.8070","0.0014"
"123.3610","2.7272","0.0014"
"123.3810","2.6453","0.0014"
"123.4010","2.5632","0.0015"
"123.4210","2.4819","0.0015"
"123.4410","2.4016","0.0014"
"123.4610","2.3217","0.0014"
"123.4810","2.2419","0.0014"
"123.5010","2.1619","0.0015"
"123.5210","2.0818","0.0014"
"123.5410","2.0017","0.0014"
"123.5610","1.9216","0.0014"
"123.5810","1.8416","0.0014"
"123.6010","1.7616","0.0014"
"123.6210","1.6816","0.0014"
"123.6410","1.6016","0.0014"
"123.6610","1.5216","0.0014"
"123.6810","1.4417","0.0013"
"123.7010","1.3617","0.0014"
"123.7210","1.2816","0.0014"
"123.7410","1.2016","0.0014"
"123.7610","1.1216","0.0014"
"123.7810","1.0416","0.0015"
"123.8010","0.9616","0.0014"
"123.8210","0.8817","0.0014"
"123.8410","0.8017","0.0013"
"123.8610","0.7217","0.0013"
"123.8810","0.6417","0.0013"
"123.9010","0.5617","0.0014"
"123.9210","0.4816","0.0013"
"123.9410","0.4016","0.0013"
"123.9610","0.3216","0.0012"
"123.9810","0.2416","0.0010"
"124.0010","0.1616","0.0005"
"124.0170","0.0977","0.0000"
"124.0180","0.0937","0.0000"
"124.0190","0.0897","0.0000"
"124.0390","0.0107","-0.0004"
"124.0590","-0.0538","-0.0003"
"124.0790","-0.0834","-0.0004"
"124.0990","-0.0700","-0.0001"
"124.1190","-0.0157","0.0002"
"124.1390","0.0630","0.0004"
"124.1590","0.1438","0.0008"
"124.1790","0.2215","0.0013"
"124.1990","0.2994","0.0016"
"124.2190","0.3800","0.0015"
"124.2390","0.4622","0.0014"
"124.2590","0.5442","0.0014"
"124.2790","0.6253","0.0014"
"124.2990","0.7055","0.0014"
"124.3190","0.7853","0.0015"
"124.3390","0.8651","0.0015"
"124.3590","0.9451","0.0014"
"124.3790","1.0252","0.0014"
"124.3990","1.1053","0.0014"
"124.4190","1.1855","0.0015"
"124.4390","1.2655","0.0014"
"124.4590","1.3455","0.0014"
"124.4790","1.4255","0.0014"
"124.4990","1.5055","0.0014"
"124.5190","1.5855","0.0015"
"124.5390","1.6655","0.0014"
"124.5590","1.7455","0.0015"
"124.5790","1.8254","0.0015"
"124.5990","1.9054","0.0015"
"124.6190","1.9855","0.0015"
"124.6390","2.0655","0.0016"
"124.6590","2.1455","0.0016"
"124.6790","2.2255","0.0015"
"124.6990","2.3055","0.0015"
"124.7190","2.3855","0.0016"
"124.7390","2.4655","0.0015"
"124.7590","2.5455","0.0015"
"124.7790","2.6255","0.0016"
"124.7990","2.7054","0.0016"
"124.8190","2.7854","0.0015"
"124.8390","2.8655","0.0014"
"124.8590","2.9455","0.0015"
"124.8730","3.0015","0.0015"
"124.8740","3.0055","0.0015"
"124.8750","3.0095","0.0015"
"124.8950","3.0885","0.0012"
"124.9150","3.1532","0.0007"
"124.9350","3.1837","0.0006"
"124.9550","3.1723","0.0007"
"124.9750","3.1203","0.0009"
"124.9950","3.0421","0.0015"
"125.0150","2.9607","0.0016"
"125.0350","2.8829","0.0015"
"125.0550","2.8055","0.0014"
"125.0750","2.7256","0.0014"
"125.0950","2.6437","0.0014"
"125.1150","2.5615","0.0015"
"125.1350","2.4802","0.0015"
"125.1550","2.3999","0.0015"
"125.1750","2.3201","0.0014"
"125.1950","2.2403","0.0013"
"125.2150","2.1603","0.0014"
"125.2350","2.0802","0.0015"
"125.2550","2.0001","0.0015"
"125.2750","1.9200","0.0015"
"125.2950","1.8399","0.0015"
"125.3150","1.7600","0.0015"
"125.3350","1.6799","0.0016"
"125.3550","1.6000","0.0015"
"125.3750","1.5200","0.0014"
"125.3950","1.4400","0.0014"
"125.4150","1.3600","0.0015"
"125.4350","1.2800","0.0015"
"125.4550","1.1999","0.0014"
"125.4750","1.1199","0.0015"
"125.4950","1.0400","0.0015"
"125.5150","0.9600","0.0014"
"125.5350","0.8800","0.0013"
"125.5550","0.8000","0.0013"
"125.5750","0.7200","0.0013"
"125.5950","0.6400","0.0014"
"125.6150","0.5600","0.0013"
"125.6350","0.4800","0.0012"
"125.6550","0.3999","0.0011"
"125.6750","0.3200","0.0011"
"125.6950","0.2400","0.0010"
"125.7150","0.1600","0.0006"
"125.7310","0.0960","0.0000"
"125.7320","0.0920","0.0000"
"125.7330","0.0880","-0.0001"
"125.7530","0.0090","-0.0004"
"125.7730","-0.0555","-0.0004"
"125.7930","-0.0850","-0.0004"
"125.8130","-0.0717","-0.0002"
"125.8330","-0.0175","0.0000"
"125.8530","0.0612","0.0003"
"125.8730","0.1421","0.0008"
"125.8930","0.2197","0.0012"
"125.9130","0.2977","0.0014"
"125.9330","0.3782","0.0014"
"125.9530","0.4604","0.0014"
"125.9730","0.5425","0.0014"
"125.9930","0.6235","0.0015"
"126.0130","0.7037","0.0015"
"126.0330","0.7835","0.0015"
"126.0530","0.8633","0.0016"
"126.0730","0.9434","0.0015"
"126.0930","1.0235","0.0015"
"126.1130","1.1036","0.0015"
"126.1330","1.1837","0.0014"
"126.1530","1.2637","0.0014"
"126.1730","1.3437","0.0015"
"126.1930","1.4237","0.0015"
"126.2130","1.5037","0.0015"
"126.2330","1.5837","0.0014"
"126.2530","1.6637","0.0014"
"126.2730","1.7437","0.0015"
"126.2930","1.8237","0.0015"
"126.3130","1.9037","0.0015"
"126.3330","1.9837","0.0015"
"126.3530","2.0637","0.0015"
"126.3730","2.1437","0.0015"
"126.3930","2.2237","0.0016"
"126.4130","2.3037","0.0016"
"126.4330","2.3837","0.0014"
"126.4530","2.4637","0.0014"
"126.4730","2.5437","0.0014"
"126.4930","2.6237","0.0015"
"126.5130","2.7036","0.0015"
"126.5330","2.7836","0.0015"
"126.5530","2.8637","0.0016"
"126.5730","2.9437","0.0015"
"126.5880","3.0037","0.0015"
"126.5890","3.0077","0.0015"
"126.5900","3.0117","0.0015"
"126.6100","3.0907","0.0013"
"126.6300","3.1554","0.0007"
"126.6500","3.1858","0.0006"
"126.6700","3.1743","0.0006"
"126.6900","3.1221","0.0009"
"126.7100","3.0437","0.0015"
"126.7300","2.9623","0.0016"
"126.7500","2.8845","0.0015"
"126.7700","2.8071","0.0014"
"126.7900","2.7273","0.0014"
"126.8100","2.6454","0.0015"
"126.8300","2.5632","0.0016"
"126.8500","2.4820","0.0015"
"126.8700","2.4017","0.0015"
"126.8900","2.3218","0.0014"
"126.9100","2.2420","0.0014"
"126.9300","2.1620","0.0013"
"126.9500","2.0819","0.0013"
"126.9700","2.0019","0.0015"
"126.9900","1.9217","0.0015"
"127.0100","1.8417","0.0014"
"127.0300","1.7617","0.0013"
"127.0500","1.6817","0.0013"
"127.0700","1.6017","0.0014"
"127.0900","1.5218","0.0014"
"127.1100","1.4418","0.0014"
"127.1300","1.3618","0.0015"
"127.1500","1.2817","0.0014"
"127.1700","1.2017","0.0014"
"127.1900","1.1216","0.0014"
"127.2100","1.0417","0.0014"
"127.2300","0.9617","0.0014"
"127.2500","0.8817","0.0014"
"127.2700","0.8018","0.0014"
"127.2900","0.7218","0.0014"
"127.3100","0.6418","0.0013"
"127.3300","0.5617","0.0013"
"127.3500","0.4817","0.0013"
"127.3700","0.4017","0.0012"
"127.3900","0.3217","0.0011"
"127.4100","0.2417","0.0009"
"127.4300","0.1617","0.0006"
"127.4460","0.0978","0.0001"
"127.4470","0.0938","0.0001"
"127.4480","0.0898","0.0001"
"127.4680","0.0107","-0.0004"
"127.4880","-0.0537","-0.0005"
"127.5080","-0.0833","-0.0005"
"127.5280","-0.0700","-0.0002"
"127.5480","-0.0157","0.0002"
"127.5680","0.0630","0.0004"
"127.5880","0.1439","0.0008"
"127.6080","0.2215","0.0013"
"127.6280","0.2994","0.0015"
"127.6480","0.3800","0.0015"
"127.6680","0.4623","0.0014"
"127.6880","0.5443","0.0015"
"127.7080","0.6253","0.0014"
"127.7280","0.7056","0.0014"
"127.7480","0.7853","0.0014"
"127.7680","0.8651","0.0015"
"127.7880","0.9452","0.0014"
"127.8080","1.0253","0.0015"
"127.8280","1.1054","0.0014"
"127.8480","1.1855","0.0014"
"127.8680","1.2655","0.0015"
"127.8880","1.3455","0.0015"
"127.9080","1.4255","0.0015"
"127.9280","1.5055","0.0015"
"127.9480","1.5855","0.0015"
"127.9680","1.6655","0.0016"
"127.9880","1.7455","0.0015"
"128.0080","1.8255","0.0015"
"128.0280","1.9056","0.0014"
"128.0480","1.9856","0.0015"
"128.0680","2.0656","0.0015"
"128.0880","2.1456","0.0014"
"128.1080","2.2255","0.0014"
"128.1280","2.3055","0.0014"
"128.1480","2.3855","0.0014"
"128.1680","2.4655","0.0015"
"128.1880","2.5455","0.0015"
"128.2080","2.6255","0.0015"
"128.2280","2.7055","0.0014"
"128.2480","2.7855","0.0015"
"128.2680","2.8655","0.0015"
"128.2880","2.9455","0.0014"
"128.3020","3.0016","0.0014"
"128.3030","3.0056","0.0014"
"128.3040","3.0096","0.0014"
"128.3240","3.0886","0.0013"
"128.3440","3.1533","0.0007"
"128.3640","3.1838","0.0006"
"128.3840","3.1725","0.0006"
"128.4040","3.1205","0.0008"
"128.4240","3.0423","0.0014"
"128.4440","2.9608","0.0016"
"128.4640","2.8831","0.0015"
"128.4840","2.8057","0.0014"
"128.5040","2.7258","0.0014"
"128.5240","2.6439","0.0015"
"128.5440","2.5617","0.0015"
"128.5640","2.4804","0.0015"
"128.5840","2.4001","0.0014"
"128.6040","2.3203","0.0014"
"128.6240","2.2405","0.0014"
"128.6440","2.1605","0.0015"
"128.6640","2.0804","0.0015"
"128.6840","2.0003","0.0014"
"128.7040","1.9202","0.0014"
"128.7240","1.8402","0.0014"
"128.7440","1.7602","0.0015"
"128.7640","1.6802","0.0015"
"128.7840","1.6002","0.0014"
"128.8040","1.5202","0.0012"
"128.8240","1.4402","0.0013"
"128.8440","1.3602","0.0014"
"128.8640","1.2801","0.0015"
"128.8840","1.2001","0.0014"
"128.9040","1.1200","0.0014"
"128.9240","1.0401","0.0014"
"128.9440","0.9601","0.0014"
"128.9640","0.8802","0.0013"
"128.9840","0.8002","0.0013"
"129.0040","0.7202","0.0013"
"129.0240","0.6401","0.0013"
"129.0440","0.5601","0.0013"
"129.0640","0.4801","0.0013"
"129.0840","0.4001","0.0013"
"129.1040","0.3201","0.0012"
"129.1240","0.2401","0.0010"
"129.1440","0.1602","0.0006"
"129.1600","0.0962","0.0000"
"129.1610","0.0922","-0.0001"
"129.1620","0.0882","-0.0001"
"129.1820","0.0092","-0.0006"
"129.2020","-0.0553","-0.0006"
"129.2220","-0.0849","-0.0005"
"129.2420","-0.0716","-0.0002"
"129.2620","-0.0173","0.0001"
"129.2820","0.0613","0.0004"
"129.3020","0.1422","0.0009"
"129.3220","0.2198","0.0012"
"129.3420","0.2977","0.0014"
"129.3620","0.3783","0.0015"
"129.3820","0.4606","0.0014"
"129.4020","0.5427","0.0014"
"129.4220","0.6237","0.0015"
"129.4420","0.7039","0.0014"
"129.4620","0.7837","0.0013"
"129.4820","0.8635","0.0014"
"129.5020","0.9435","0.0014"
"129.5220","1.0236","0.0014"
"129.5420","1.1038","0.0014"
"129.5620","1.1839","0.0014"
"129.5820","1.2639","0.0015"
"129.6020","1.3439","0.0015"
"129.6220","1.4239","0.0015"
"129.6420","1.5039","0.0014"
"129.6620","1.5839","0.0014"
"129.6820","1.6639","0.0013"
"129.7020","1.7439","0.0014"
"129.7220","1.8239","0.0015"
"129.7420","1.9039","0.0015"
"129.7620","1.9839","0.0015"
"129.7820","2.0639","0.0015"
"129.8020","2.1439","0.0013"
"129.8220","2.2239","0.0014"
"129.8420","2.3039","0.0015"
"129.8620","2.3839","0.0015"
"129.8820","2.4639","0.0015"
"129.9020","2.5439","0.0015"
"129.9220","2.6239","0.0015"
"129.9420","2.7038","0.0016"
"129.9620","2.7838","0.0016"
"129.9820","2.8638","0.0015"
"130.0020","2.9439","0.0015"
"130.0170","3.0039","0.0016"
"130.0180","3.0079","0.0016"
"130.0190","3.0119","0.0016"
"130.0390","3.0909","0.0013"
"130.0590","3.1555","0.0007"
"130.0790","3.1860","0.0005"
"130.0990","3.1744","0.0006"
"130.1190","3.1222","0.0008"
"130.1390","3.0438","0.0015"
"130.1590","2.9622","0.0016"
"130.1790","2.8845","0.0015"
"130.1990","2.8072","0.0014"
"130.2190","2.7274","0.0014"
"130.2390","2.6455","0.0015"
"130.2590","2.5633","0.0016"
"130.2790","2.4821","0.0015"
"130.2990","2.4018","0.0014"
"130.3190","2.3219","0.0014"
"130.3390","2.2421","0.0013"
"130.3590","2.1621","0.0014"
"130.3790","2.0820","0.0014"
"130.3990","2.0019","0.0014"
"130.4190","1.9218","0.0013"
"130.4390","1.8418","0.0013"
"130.4590","1.7618","0.0014"
"130.4790","1.6818","0.0014"
"130.4990","1.6018","0.0014"
"130.5190","1.5218","0.0014"
"130.5390","1.4419","0.0014"
"130.5590","1.3618","0.0014"
"130.5790","1.2818","0.0013"
"130.5990","1.2018","0.0014"
"130.6190","1.1217","0.0015"
"130.6390","1.0418","0.0014"
"130.6590","0.9618","0.0014"
"130.6790","0.8818","0.0013"
"130.6990","0.8018","0.0013"
"130.7190","0.7218","0.0013"
"130.7390","0.6418","0.0013"
"130.7590","0.5618","0.0013"
"130.7790","0.4818","0.0013"
"130.7990","0.4018","0.0012"
"130.8190","0.3218","0.0011"
"130.8390","0.2418","0.0009"
"130.8590","0.1618","0.0005"
"130.8750","0.0978","0.0001"
"130.8760","0.0938","0.0000"
"130.8770","0.0898","0.0000"
"130.8970","0.0108","-0.0004"
"130.9170","-0.0536","-0.0004"
"130.9370","-0.0832","-0.0005"
"130.9570","-0.0698","-0.0001"
"130.9770","-0.0155","0.0002"
"130.9970","0.0632","0.0004"
"131.0170","0.1441","0.0009"
"131.0370","0.2217","0.0013"
"131.0570","0.2997","0.0014"
"131.0770","0.3802","0.0014"
"131.0970","0.4624","0.0014"
"131.1170","0.5445","0.0014"
"131.1370","0.6255","0.0013"
"131.1570","0.7057","0.0014"
"131.1770","0.7855","0.0014"
"131.1970","0.8653","0.0015"
"131.2170","0.9454","0.0014"
"131.2370","1.0255","0.0014"
"131.2570","1.1056","0.0014"
"131.2770","1.1857","0.0015"
"131.2970","1.2657","0.0015"
"131.3170","1.3457","0.0014"
"131.3370","1.4257","0.0015"
"131.3570","1.5057","0.0014"
"131.3770","1.5857","0.0015"
"131.3970","1.6657","0.0014"
"131.4170","1.7457","0.0015"
"131.4370","1.8257","0.0015"
"131.4570","1.9057","0.0015"
"131.4770","1.9857","0.0014"
"131.4970","2.0657","0.0014"
"131.5170","2.1458","0.0014"
"131.5370","2.2257","0.0015"
"131.5570","2.3057","0.0014"
"131.5770","2.3858","0.0014"
"131.5970","2.4657","0.0014"
"131.6170","2.5457","0.0015"
"131.6370","2.6257","0.0015"
"131.6570","2.7057","0.0016"
"131.6770","2.7856","0.0014"
"131.6970","2.8657","0.0014"
"131.7170","2.9457","0.0014"
"131.7310","3.0017","0.0014"
"131.7320","3.0057","0.0014"
"131.7330","3.0097","0.0014"
"131.7530","3.0887","0.0012"
"131.7730","3.1534","0.0006"
"131.7930","3.1840","0.0005"
"131.8130","3.1726","0.0005"
"131.8330","3.1206","0.0007"
"131.8530","3.0424","0.0013"
"131.8730","2.9609","0.0015"
"131.8930","2.8832","0.0015"
"131.9130","2.8058","0.0015"
"131.9330","2.7259","0.0015"
"131.9530","2.6440","0.0015"
"131.9730","2.5618","0.0014"
"131.9930","2.4806","0.0014"
"132.0130","2.4002","0.0014"
"132.0330","2.3204","0.0014"
"132.0530","2.2406","0.0014"
"132.0730","2.1606","0.0013"
"132.0930","2.0805","0.0014"
"132.1130","2.0005","0.0014"
"132.1330","1.9204","0.0014"
"132.1530","1.8403","0.0014"
"132.1730","1.7604","0.0014"
"132.1930","1.6803","0.0014"
"132.2130","1.6003","0.0014"
"132.2330","1.5203","0.0013"
"132.2530","1.4403","0.0014"
"132.2730","1.3603","0.0014"
"132.2930","1.2803","0.0014"
"132.3130","1.2002","0.0014"
"132.3330","1.1202","0.0014"
"132.3530","1.0402","0.0014"
"132.3730","0.9603","0.0014"
"132.3930","0.8803","0.0014"
"132.4130","0.8003","0.0014"
"132.4330","0.7203","0.0014"
"132.4530","0.6403","0.0013"
"132.4730","0.5603","0.0012"
"132.4930","0.4803","0.0013"
"132.5130","0.4003","0.0013"
"132.5330","0.3203","0.0012"
"132.5530","0.2403","0.0009"
"132.5730","0.1603","0.0004"
"132.5890","0.0963","0.0000"
"132.5900","0.0923","0.0000"
"132.5910","0.0883","-0.0001"
"132.6110","0.0093","-0.0005"
"132.6310","-0.0552","-0.0004"
"132.6510","-0.0848","-0.0005"
"132.6710","-0.0715","-0.0001"
"132.6910","-0.0173","0.0002"
"132.7110","0.0614","0.0004"
"132.7310","0.1422","0.0009"
"132.7510","0.2199","0.0012"
"132.7710","0.2978","0.0014"
"132.7910","0.3784","0.0014"
"132.8110","0.4607","0.0013"
"132.8310","0.5427","0.0014"
"132.8510","0.6237","0.0013"
"132.8710","0.7039","0.0013"
"132.8910","0.7837","0.0013"
"132.9110","0.8635","0.0013"
"132.9310","0.9436","0.0013"
"132.9510","1.0237","0.0015"
"132.9710","1.1038","0.0015"
"132.9910","1.1839","0.0015"
"133.0110","1.2639","0.0014"
"133.0310","1.3439","0.0015"
"133.0510","1.4239","0.0015"
"133.0710","1.5039","0.0015"
"133.0910","1.5839","0.0015"
"133.1110","1.6639","0.0015"
"133.1310","1.7439","0.0014"
"133.1510","1.8239","0.0014"
"133.1710","1.9039","0.0014"
"133.1910","1.9839","0.0015"
"133.2110","2.0639","0.0015"
"133.2310","2.1439","0.0014"
"133.2510","2.2239","0.0014"
"133.2710","2.3039","0.0015"
"133.2910","2.3839","0.0015"
"133.3110","2.4639","0.0015"
"133.3310","2.5439","0.0015"
"133.3510","2.6239","0.0015"
"133.3710","2.7038","0.0015"
"133.3910","2.7838","0.0015"
"133.4110","2.8639","0.0015"
"133.4310","2.9439","0.0014"
"133.4460","3.0039","0.0014"
"133.4470","3.0079","0.0014"
"133.4480","3.0119","0.0014"
"133.4680","3.0909","0.0012"
"133.4880","3.1556","0.0007"
"133.5080","3.1861","0.0006"
"133.5280","3.1746","0.0005"
"133.5480","3.1225","0.0008"
"133.5680","3.0441","0.0015"
"133.5880","2.9626","0.0015"
"133.6080","2.8849","0.0015"
"133.6280","2.8075","0.0013"
"133.6480","2.7277","0.0014"
"133.6680","2.6458","0.0014"
"133.6880","2.5636","0.0014"
"133.7080","2.4824","0.0015"
"133.7280","2.4020","0.0015"
"133.7480","2.3223","0.0015"
"133.7680","2.2425","0.0014"
"133.7880","2.1626","0.0014"
"133.8080","2.0824","0.0014"
"133.8280","2.0023","0.0014"
"133.8480","1.9222","0.0014"
"133.8680","1.8421","0.0014"
"133.8880","1.7621","0.0013"
"133.9080","1.6821","0.0013"
"133.9280","1.6021","0.0013"
"133.9480","1.5221","0.0013"
"133.9680","1.4421","0.0013"
"133.9880","1.3621","0.0014"
"134.0080","1.2821","0.0014"
"134.0280","1.2020","0.0014"
"134.0480","1.1220","0.0013"
"134.0680","1.0420","0.0012"
"134.0880","0.9621","0.0012"
"134.1080","0.8821","0.0012"
"134.1280","0.8021","0.0012"
"134.1480","0.7221","0.0013"
"134.1680","0.6421","0.0013"
"134.1880","0.5621","0.0012"
"134.2080","0.4821","0.0012"
"134.2280","0.4020","0.0011"
"134.2480","0.3221","0.0012"
"134.2680","0.2421","0.0009"
"134.2880","0.1621","0.0005"
"134.3040","0.0981","0.0000"
"134.3050","0.0942","0.0000"
"134.3060","0.0902","-0.0001"
"134.3260","0.0112","-0.0005"
"134.3460","-0.0533","-0.0005"
"134.3660","-0.0828","-0.0006"
"134.3860","-0.0694","-0.0003"
"134.4060","-0.0151","0.0000"
"134.4260","0.0636","0.0004"
"134.4460","0.1445","0.0009"
"134.4660","0.2222","0.0013"
"134.4860","0.3001","0.0014"
"134.5060","0.3807","0.0014"
"134.5260","0.4629","0.0013"
"134.5460","0.5449","0.0013"
"134.5660","0.6260","0.0014"
"134.5860","0.7062","0.0014"
"134.6060","0.7860","0.0014"
"134.6260","0.8658","0.0014"
"134.6460","0.9459","0.0015"
"134.6660","1.0259","0.0015"
"134.6860","1.1060","0.0015"
"134.7060","1.1861","0.0015"
"134.7260","1.2662","0.0015"
"134.7460","1.3462","0.0014"
"134.7660","1.4262","0.0014"
"134.7860","1.5062","0.0014"
"134.8060","1.5862","0.0015"
"134.8260","1.6662","0.0015"
"134.8460","1.7462","0.0015"
"134.8660","1.8261","0.0015"
"134.8860","1.9062","0.0015"
"134.9060","1.9862","0.0015"
"134.9260","2.0662","0.0014"
"134.9460","2.1462","0.0013"
"134.9660","2.2262","0.0014"
"134.9860","2.3062","0.0015"
"135.0060","2.3862","0.0015"
"135.0260","2.4662","0.0014"
"135.0460","2.5462","0.0014"
"135.0660","2.6262","0.0013"
"135.0860","2.7061","0.0014"
"135.1060","2.7861","0.0014"
"135.1260","2.8662","0.0014"
"135.1460","2.9462","0.0014"
"135.1600","3.0022","0.0013"
"135.1610","3.0062","0.0013"
"135.1620","3.0102","0.0013"
"135.1820","3.0892","0.0010"
"135.2020","3.1539","0.0006"
"135.2220","3.1844","0.0005"
"135.2420","3.1729","0.0005"
"135.2620","3.1208","0.0008"
"135.2820","3.0425","0.0015"
"135.3020","2.9610","0.0015"
"135.3220","2.8832","0.0015"
"135.3420","2.8059","0.0013"
"135.3620","2.7261","0.0013"
"135.3820","2.6442","0.0012"
"135.4020","2.5620","0.0013"
"135.4220","2.4807","0.0013"
"135.4420","2.4004","0.0013"
"135.4620","2.3206","0.0014"
"135.4820","2.2408","0.0013"
"135.5020","2.1608","0.0013"
"135.5220","2.0807","0.0013"
"135.5420","2.0007","0.0014"
"135.5620","1.9206","0.0014"
"135.5820","1.8405","0.0014"
"135.6020","1.7605","0.0013"
"135.6220","1.6805","0.0013"
"135.6420","1.6004","0.0014"
"135.6620","1.5204","0.0014"
"135.6820","1.4405","0.0014"
"135.7020","1.3604","0.0014"
"135.7220","1.2804","0.0013"
"135.7420","1.2004","0.0012"
"135.7620","1.1203","0.0012"
"135.7820","1.0404","0.0012"
"135.8020","0.9604","0.0013"
"135.8220","0.8804","0.0013"
"135.8420","0.8005","0.0012"
"135.8620","0.7205","0.0012"
"135.8820","0.6405","0.0013"
"135.9020","0.5604","0.0013"
"135.9220","0.4804","0.0012"
"135.9420","0.4004","0.0012"
"135.9620","0.3204","0.0012"
"135.9820","0.2404","0.0010"
"136.0020","0.1604","0.0006"
"136.0180","0.0965","0.0000"
"136.0190","0.0925","0.0000"
"136.0200","0.0885","-0.0001"
"136.0400","0.0095","-0.0006"
"136.0600","-0.0550","-0.0006"
"136.0800","-0.0846","-0.0006"
"136.1000","-0.0713","-0.0003"
"136.1200","-0.0171","0.0001"
"136.1400","0.0616","0.0003"
"136.1600","0.1425","0.0008"
"136.1800","0.2201","0.0012"
"136.2000","0.2980","0.0014"
"136.2200","0.3786","0.0013"
"136.2400","0.4609","0.0012"
"136.2600","0.5430","0.0013"
"136.2800","0.6240","0.0013"
"136.3000","0.7042","0.0014"
"136.3200","0.7839","0.0014"
"136.3400","0.8638","0.0013"
"136.3600","0.9438","0.0013"
"136.3800","1.0239","0.0014"
"136.4000","1.1040","0.0014"
"136.4200","1.1841","0.0014"
"136.4400","1.2642","0.0014"
"136.4600","1.3442","0.0014"
"136.4800","1.4242","0.0015"
"136.5000","1.5041","0.0015"
"136.5200","1.5841","0.0014"
"136.5400","1.6641","0.0015"
"136.5600","1.7441","0.0015"
"136.5800","1.8241","0.0014"
"136.6000","1.9041","0.0013"
"136.6200","1.9842","0.0014"
"136.6400","2.0642","0.0014"
"136.6600","2.1442","0.0014"
"136.6800","2.2242","0.0013"
"136.7000","2.3041","0.0013"
"136.7200","2.3842","0.0013"
"136.7400","2.4641","0.0013"
"136.7600","2.5441","0.0014"
"136.7800","2.6241","0.0014"
"136.8000","2.7041","0.0015"
"136.8200","2.7841","0.0014"
"136.8400","2.8641","0.0014"
"136.8600","2.9441","0.0015"
"136.8740","3.0001","0.0015"
"136.8750","3.0041","0.0015"
"136.8760","3.0081","0.0015"
"136.8960","3.0871","0.0011"
"136.9160","3.1519","0.0006"
"136.9360","3.1824","0.0005"
"136.9560","3.1710","0.0005"
"136.9760","3.1189","0.0008"
"136.9960","3.0407","0.0014"
"137.0160","2.9593","0.0016"
"137.0360","2.8816","0.0015"
"137.0560","2.8041","0.0013"
"137.0760","2.7243","0.0013"
"137.0960","2.6423","0.0014"
"137.1160","2.5601","0.0014"
"137.1360","2.4789","0.0014"
"137.1560","2.3986","0.0014"
"137.1760","2.3188","0.0014"
"137.1960","2.2390","0.0014"
"137.2160","2.1590","0.0014"
"137.2360","2.0789","0.0014"
"137.2560","1.9988","0.0014"
"137.2760","1.9187","0.0015"
"137.2960","1.8386","0.0014"
"137.3160","1.7586","0.0013"
"137.3360","1.6786","0.0013"
"137.3560","1.5985","0.0014"
"137.3760","1.5186","0.0015"
"137.3960","1.4386","0.0014"
"137.4160","1.3586","0.0013"
"137.4360","1.2785","0.0013"
"137.4560","1.1985","0.0013"
"137.4760","1.1184","0.0013"
"137.4960","1.0385","0.0013"
"137.5160","0.9585","0.0013"
"137.5360","0.8786","0.0014"
"137.5560","0.7986","0.0014"
"137.5760","0.7186","0.0014"
"137.5960","0.6386","0.0013"
"137.6160","0.5586","0.0013"
"137.6360","0.4785","0.0012"
"137.6560","0.3985","0.0012"
"137.6760","0.3185","0.0012"
"137.6960","0.2385","0.0010"
"137.7160","0.1586","0.0005"
"137.7310","0.0986","0.0000"
"137.7320","0.0946","0.0000"
"137.7330","0.0906","0.0000"
"137.7530","0.0116","-0.0005"
"137.7730","-0.0528","-0.0005"
"137.7930","-0.0823","-0.0005"
"137.8130","-0.0689","-0.0002"
"137.8330","-0.0147","0.0001"
"137.8530","0.0640","0.0004"
"137.8730","0.1448","0.0009"
"137.8930","0.2224","0.0013"
"137.9130","0.3004","0.0014"
"137.9330","0.3810","0.0013"
"137.9530","0.4633","0.0012"
"137.9730","0.5453","0.0013"
"137.9930","0.6264","0.0013"
"138.0130","0.7066","0.0013"
"138.0330","0.7863","0.0014"
"138.0530","0.8662","0.0015"
"138.0730","0.9462","0.0015"
"138.0930","1.0263","0.0015"
"138.1130","1.1064","0.0014"
"138.1330","1.1865","0.0015"
"138.1530","1.2666","0.0014"
"138.1730","1.3466","0.0014"
"138.1930","1.4266","0.0013"
"138.2130","1.5065","0.0014"
"138.2330","1.5865","0.0014"
"138.2530","1.6666","0.0015"
"138.2730","1.7465","0.0015"
"138.2930","1.8265","0.0015"
"138.3130","1.9066","0.0014"
"138.3330","1.9866","0.0014"
"138.3530","2.0666","0.0014"
"138.3730","2.1466","0.0014"
"138.3930","2.2266","0.0014"
"138.4130","2.3066","0.0014"
"138.4330","2.3866","0.0014"
"138.4530","2.4665","0.0015"
"138.4730","2.5465","0.0014"
"138.4930","2.6265","0.0014"
"138.5130","2.7065","0.0015"
"138.5330","2.7865","0.0014"
"138.5530","2.8665","0.0013"
"138.5730","2.9465","0.0013"
"138.5870","3.0025","0.0014"
"138.5880","3.0065","0.0014"
"138.5890","3.0105","0.0014"
"138.6090","3.0896","0.0012"
"138.6290","3.1542","0.0006"
"138.6490","3.1847","0.0005"
"138.6690","3.1733","0.0005"
"138.6890","3.1211","0.0008"
"138.7090","3.0428","0.0013"
"138.7290","2.9614","0.0014"
"138.7490","2.8836","0.0014"
"138.7690","2.8062","0.0013"
"138.7890","2.7264","0.0014"
"138.8090","2.6445","0.0014"
"138.8290","2.5623","0.0014"
"138.8490","2.4810","0.0014"
"138.8690","2.4007","0.0014"
"138.8890","2.3209","0.0014"
"138.9090","2.2411","0.0014"
"138.9290","2.1611","0.0013"
"138.9490","2.0810","0.0014"
"138.9690","2.0010","0.0015"
"138.9890","1.9209","0.0015"
"139.0090","1.8408","0.0014"
"139.0290","1.7608","0.0014"
"139.0490","1.6808","0.0014"
"139.0690","1.6008","0.0013"
"139.0890","1.5208","0.0013"
"139.1090","1.4408","0.0013"
"139.1290","1.3607","0.0013"
"139.1490","1.2807","0.0013"
"139.1690","1.2007","0.0012"
"139.1890","1.1206","0.0011"
"139.2090","1.0407","0.0011"
"139.2290","0.9607","0.0012"
"139.2490","0.8807","0.0013"
"139.2690","0.8008","0.0013"
"139.2890","0.7208","0.0013"
"139.3090","0.6408","0.0013"
"139.3290","0.5608","0.0012"
"139.3490","0.4807","0.0012"
"139.3690","0.4007","0.0011"
"139.3890","0.3207","0.0011"
"139.4090","0.2407","0.0009"
"139.4290","0.1608","0.0004"
"139.4450","0.0968","-0.0001"
"139.4460","0.0928","-0.0001"
"139.4470","0.0888","-0.0002"
"139.4670","0.0098","-0.0006"
"139.4870","-0.0547","-0.0006"
"139.5070","-0.0843","-0.0006"
"139.5270","-0.0709","-0.0004"
"139.5470","-0.0166","0.0000"
"139.5670","0.0621","0.0003"
"139.5870","0.1430","0.0008"
"139.6070","0.2206","0.0011"
"139.6270","0.2984","0.0013"
"139.6470","0.3790","0.0012"
"139.6670","0.4613","0.0012"
"139.6870","0.5433","0.0013"
"139.7070","0.6244","0.0013"
"139.7270","0.7046","0.0013"
"139.7470","0.7844","0.0014"
"139.7670","0.8642","0.0014"
"139.7870","0.9443","0.0013"
"139.8070","1.0243","0.0014"
"139.8270","1.1044","0.0014"
"139.8470","1.1845","0.0014"
"139.8670","1.2646","0.0014"
"139.8870","1.3446","0.0014"
"139.9070","1.4246","0.0014"
"139.9270","1.5046","0.0014"
"139.9470","1.5845","0.0014"
"139.9670","1.6646","0.0014"
"139.9870","1.7446","0.0014"
"140.0070","1.8245","0.0015"
"140.0270","1.9046","0.0015"
"140.0470","1.9846","0.0013"
"140.0670","2.0646","0.0014"
"140.0870","2.1446","0.0014"
"140.1070","2.2246","0.0014"
"140.1270","2.3046","0.0013"
"140.1470","2.3846","0.0014"
"140.1670","2.4646","0.0014"
"140.1870","2.5446","0.0014"
"140.2070","2.6245","0.0013"
"140.2270","2.7045","0.0014"
"140.2470","2.7845","0.0014"
"140.2670","2.8645","0.0014"
"140.2870","2.9446","0.0014"
"140.3010","3.0006","0.0013"
"140.3020","3.0046","0.0013"
"140.3030","3.0086","0.0013"
"140.3230","3.0876","0.0011"
"140.3430","3.1523","0.0006"
"140.3630","3.1828","0.0005"
"140.3830","3.1714","0.0004"
"140.4030","3.1194","0.0007"
"140.4230","3.0411","0.0013"
"140.4430","2.9596","0.0014"
"140.4630","2.8819","0.0014"
"140.4830","2.8045","0.0013"
"140.5030","2.7247","0.0013"
"140.5230","2.6428","0.0014"
"140.5430","2.5606","0.0014"
"140.5630","2.4793","0.0014"
"140.5830","2.3990","0.0014"
"140.6030","2.3192","0.0015"
"140.6230","2.2395","0.0014"
"140.6430","2.1595","0.0014"
"140.6630","2.0794","0.0014"
"140.6830","1.9992","0.0014"
"140.7030","1.9191","0.0014"
"140.7230","1.8390","0.0014"
"140.7430","1.7590","0.0014"
"140.7630","1.6790","0.0014"
"140.7830","1.5990","0.0013"
"140.8030","1.5190","0.0014"
"140.8230","1.4390","0.0014"
"140.8430","1.3590","0.0013"
"140.8630","1.2790","0.0013"
"140.8830","1.1989","0.0013"
"140.9030","1.1189","0.0013"
"140.9230","1.0389","0.0013"
"140.9430","0.9590","0.0013"
"140.9630","0.8790","0.0013"
"140.9830","0.7990","0.0013"
"141.0030","0.7190","0.0012"
"141.0230","0.6390","0.0013"
"141.0430","0.5590","0.0014"
"141.0630","0.4790","0.0013"
"141.0830","0.3990","0.0012"
"141.1030","0.3190","0.0010"
"141.1230","0.2390","0.0009"
"141.1430","0.1590","0.0005"
"141.1580","0.0991","0.0000"
"141.1590","0.0951","0.0000"
"141.1600","0.0911","-0.0001"
"141.1800","0.0120","-0.0004"
"141.2000","-0.0524","-0.0004"
"141.2200","-0.0819","-0.0005"
"141.2400","-0.0687","-0.0002"
"141.2600","-0.0146","0.0000"
"141.2800","0.0640","0.0002"
"141.3000","0.1448","0.0007"
"141.3200","0.2223","0.0012"
"141.3400","0.3003","0.0014"
"141.3600","0.3810","0.0014"
"141.3800","0.4633","0.0013"
"141.4000","0.5454","0.0013"
"141.4200","0.6264","0.0014"
"141.4400","0.7066","0.0014"
"141.4600","0.7864","0.0013"
"141.4800","0.8662","0.0014"
"141.5000","0.9463","0.0013"
"141.5200","1.0264","0.0014"
"141.5400","1.1065","0.0014"
"141.5600","1.1866","0.0014"
"141.5800","1.2666","0.0013"
"141.6000","1.3466","0.0013"
"141.6200","1.4267","0.0013"
"141.6400","1.5066","0.0013"
"141.6600","1.5866","0.0014"
"141.6800","1.6666","0.0014"
"141.7000","1.7466","0.0014"
"141.7200","1.8265","0.0014"
"141.7400","1.9066","0.0013"
"141.7600","1.9866","0.0014"
"141.7800","2.0666","0.0014"
"141.8000","2.1466","0.0014"
"141.8200","2.2266","0.0014"
"141.8400","2.3066","0.0013"
"141.8600","2.3866","0.0014"
"141.8800","2.4666","0.0015"
"141.9000","2.5466","0.0014"
"141.9200","2.6266","0.0014"
"141.9400","2.7065","0.0014"
"141.9600","2.7865","0.0015"
"141.9800","2.8666","0.0014"
"142.0000","2.9466","0.0013"
"142.0140","3.0026","0.0013"
"142.0150","3.0066","0.0013"
"142.0160","3.0106","0.0013"
"142.0360","3.0896","0.0011"
"142.0560","3.1543","0.0007"
"142.0760","3.1848","0.0005"
"142.0960","3.1734","0.0004"
"142.1160","3.1213","0.0007"
"142.1360","3.0431","0.0014"
"142.1560","2.9616","0.0015"
"142.1760","2.8838","0.0014"
"142.1960","2.8064","0.0013"
"142.2160","2.7267","0.0012"
"142.2360","2.6448","0.0013"
"142.2560","2.5626","0.0013"
"142.2760","2.4813","0.0013"
"142.2960","2.4009","0.0013"
"142.3160","2.3211","0.0013"
"142.3360","2.2413","0.0013"
"142.3560","2.1613","0.0013"
"142.3760","2.0812","0.0013"
"142.3960","2.0012","0.0012"
"142.4160","1.9211","0.0012"
"142.4360","1.8410","0.0013"
"142.4560","1.7610","0.0013"
"142.4760","1.6810","0.0013"
"142.4960","1.6009","0.0012"
"142.5160","1.5209","0.0012"
"142.5360","1.4410","0.0013"
"142.5560","1.3610","0.0014"
"142.5760","1.2809","0.0013"
"142.5960","1.2009","0.0013"
"142.6160","1.1208","0.0012"
"142.6360","1.0409","0.0013"
"142.6560","0.9609","0.0013"
"142.6760","0.8810","0.0014"
"142.6960","0.8010","0.0013"
"142.7160","0.7210","0.0012"
"142.7360","0.6410","0.0012"
"142.7560","0.5609","0.0012"
"142.7760","0.4809","0.0012"
"142.7960","0.4009","0.0011"
"142.8160","0.3210","0.0011"
"142.8360","0.2410","0.0009"
"142.8560","0.1610","0.0005"
"142.8720","0.0970","0.0000"
"142.8730","0.0930","0.0000"
"142.8740","0.0890","-0.0001"
"142.8940","0.0100","-0.0005"
"142.9140","-0.0545","-0.0005"
"142.9340","-0.0840","-0.0006"
"142.9540","-0.0705","-0.0002"
"142.9740","-0.0161","0.0001"
"142.9940","0.0626","0.0003"
"143.0140","0.1436","0.0007"
"143.0340","0.2211","0.0011"
"143.0540","0.2990","0.0012"
"143.0740","0.3796","0.0012"
"143.0940","0.4618","0.0012"
"143.1140","0.5439","0.0012"
"143.1340","0.6250","0.0012"
"143.1540","0.7051","0.0012"
"143.1740","0.7849","0.0012"
"143.1940","0.8647","0.0012"
"143.2140","0.9448","0.0012"
"143.2340","1.0249","0.0013"
"143.2540","1.1050","0.0014"
"143.2740","1.1851","0.0014"
"143.2940","1.2652","0.0013"
"143.3140","1.3452","0.0014"
"143.3340","1.4251","0.0014"
"143.3540","1.5051","0.0014"
"143.3740","1.5851","0.0014"
"143.3940","1.6651","0.0014"
"143.4140","1.7451","0.0014"
"143.4340","1.8251","0.0014"
"143.4540","1.9051","0.0014"
"143.4740","1.9851","0.0014"
"143.4940","2.0651","0.0013"
"143.5140","2.1451","0.0013"
"143.5340","2.2251","0.0014"
"143.5540","2.3051","0.0014"
"143.5740","2.3851","0.0014"
"143.5940","2.4651","0.0014"
"143.6140","2.5451","0.0014"
"143.6340","2.6251","0.0013"
"143.6540","2.7050","0.0013"
"143.6740","2.7850","0.0013"
"143.6940","2.8651","0.0013"
"143.7140","2.9451","0.0014"
"143.7280","3.0011","0.0014"
"143.7290","3.0051","0.0014"
"143.7300","3.0091","0.0014"
"143.7500","3.0881","0.0011"
"143.7700","3.1528","0.0006"
"143.7900","3.1834","0.0005"
"143.8100","3.1720","0.0005"
"143.8300","3.1200","0.0008"
"143.8500","3.0417","0.0014"
"143.8700","2.9603","0.0015"
"143.8900","2.8825","0.0014"
"143.9100","2.8051","0.0013"
"143.9300","2.7253","0.0013"
"143.9500","2.6435","0.0014"
"143.9700","2.5613","0.0014"
"143.9900","2.4800","0.0014"
"144.0100","2.3996","0.0013"
"144.0300","2.3197","0.0014"
"144.0500","2.2400","0.0014"
"144.0700","2.1600","0.0014"
"144.0900","2.0799","0.0014"
"144.1100","1.9999","0.0014"
"144.1300","1.9198","0.0014"
"144.1500","1.8397","0.0014"
"144.1700","1.7597","0.0014"
"144.1900","1.6796","0.0013"
"144.2100","1.5996","0.0013"
"144.2300","1.5196","0.0013"
"144.2500","1.4396","0.0014"
"144.2700","1.3596","0.0013"
"144.2900","1.2796","0.0012"
"144.3100","1.1996","0.0012"
"144.3300","1.1195","0.0013"
"144.3500","1.0396","0.0012"
"144.3700","0.9596","0.0012"
"144.3900","0.8796","0.0012"
"144.4100","0.7997","0.0013"
"144.4300","0.7197","0.0012"
"144.4500","0.6397","0.0012"
"144.4700","0.5597","0.0012"
"144.4900","0.4796","0.0012"
"144.5100","0.3995","0.0013"
"144.5300","0.3196","0.0012"
"144.5500","0.2396","0.0009"
"144.5700","0.1596","0.0005"
"144.5850","0.0997","0.0000"
"144.5860","0.0957","0.0000"
"144.5870","0.0917","-0.0001"
"144.6070","0.0127","-0.0005"
"144.6270","-0.0518","-0.0005"
"144.6470","-0.0814","-0.0006"
"144.6670","-0.0683","-0.0003"
"144.6870","-0.0143","-0.0001"
"144.7070","0.0641","0.0002"
"144.7270","0.1448","0.0007"
"144.7470","0.2224","0.0011"
"144.7670","0.3005","0.0013"
"144.7870","0.3812","0.0014"
"144.8070","0.4636","0.0013"
"144.8270","0.5456","0.0013"
"144.8470","0.6266","0.0013"
"144.8670","0.7068","0.0014"
"144.8870","0.7866","0.0015"
"144.9070","0.8664","0.0014"
"144.9270","0.9465","0.0014"
"144.9470","1.0266","0.0013"
"144.9670","1.1067","0.0013"
"144.9870","1.1868","0.0013"
"145.0070","1.2669","0.0014"
"145.0270","1.3469","0.0014"
"145.0470","1.4269","0.0014"
"145.0670","1.5069","0.0014"
"145.0870","1.5868","0.0013"
"145.1070","1.6669","0.0014"
"145.1270","1.7468","0.0013"
"145.1470","1.8268","0.0013"
"145.1670","1.9068","0.0013"
"145.1870","1.9868","0.0013"
"145.2070","2.0668","0.0014"
"145.2270","2.1469","0.0013"
"145.2470","2.2268","0.0013"
"145.2670","2.3068","0.0014"
"145.2870","2.3868","0.0014"
"145.3070","2.4668","0.0014"
"145.3270","2.5468","0.0014"
"145.3470","2.6268","0.0014"
"145.3670","2.7068","0.0014"
"145.3870","2.7868","0.0014"
"145.4070","2.8668","0.0014"
"145.4270","2.9468","0.0015"
"145.4410","3.0028","0.0014"
"145.4420","3.0068","0.0014"
"145.4430","3.0108","0.0014"
"145.4630","3.0898","0.0010"
"145.4830","3.1545","0.0005"
"145.5030","3.1849","0.0005"
"145.5230","3.1734","0.0005"
"145.5430","3.1213","0.0007"
"145.5630","3.0430","0.0014"
"145.5830","2.9615","0.0015"
"145.6030","2.8837","0.0014"
"145.6230","2.8064","0.0013"
"145.6430","2.7266","0.0014"
"145.6630","2.6447","0.0014"
"145.6830","2.5625","0.0014"
"145.7030","2.4812","0.0014"
"145.7230","2.4009","0.0013"
"145.7430","2.3211","0.0013"
"145.7630","2.2413","0.0012"
"145.7830","2.1614","0.0013"
"145.8030","2.0813","0.0013"
"145.8230","2.0012","0.0013"
"145.8430","1.9211","0.0013"
"145.8630","1.8410","0.0014"
"145.8830","1.7610","0.0014"
"145.9030","1.6810","0.0014"
"145.9230","1.6010","0.0014"
"145.9430","1.5210","0.0013"
"145.9630","1.4410","0.0013"
"145.9830","1.3610","0.0012"
"146.0030","1.2809","0.0013"
"146.0230","1.2009","0.0012"
"146.0430","1.1208","0.0012"
"146.0630","1.0409","0.0014"
"146.0830","0.9609","0.0014"
"146.1030","0.8810","0.0013"
"146.1230","0.8010","0.0012"
"146.1430","0.7210","0.0012"
"146.1630","0.6410","0.0012"
"146.1830","0.5610","0.0012"
"146.2030","0.4809","0.0011"
"146.2230","0.4009","0.0012"
"146.2430","0.3209","0.0010"
"146.2630","0.2409","0.0009"
"146.2830","0.1609","0.0005"
"146.2990","0.0970","0.0000"
"146.3000","0.0930","0.0000"
"146.3010","0.0890","-0.0001"
"146.3210","0.0100","-0.0005"
"146.3410","-0.0545","-0.0006"
"146.3610","-0.0840","-0.0006"
"146.3810","-0.0706","-0.0003"
"146.4010","-0.0163","0.0000"
"146.4210","0.0625","0.0002"
"146.4410","0.1434","0.0007"
"146.4610","0.2210","0.0011"
"146.4810","0.2989","0.0012"
"146.5010","0.3794","0.0012"
"146.5210","0.4616","0.0012"
"146.5410","0.5437","0.0013"
"146.5610","0.6247","0.0013"
"146.5810","0.7049","0.0013"
"146.6010","0.7847","0.0012"
"146.6210","0.8646","0.0013"
"146.6410","0.9446","0.0013"
"146.6610","1.0246","0.0013"
"146.6810","1.1048","0.0013"
"146.7010","1.1849","0.0013"
"146.7210","1.2650","0.0014"
"146.7410","1.3450","0.0013"
"146.7610","1.4250","0.0013"
"146.7810","1.5049","0.0013"
"146.8010","1.5849","0.0014"
"146.8210","1.6649","0.0013"
"146.8410","1.7449","0.0013"
"146.8610","1.8249","0.0013"
"146.8810","1.9049","0.0014"
"146.9010","1.9849","0.0013"
"146.9210","2.0650","0.0013"
"146.9410","2.1450","0.0013"
"146.9610","2.2250","0.0012"
"146.9810","2.3049","0.0013"
"147.0010","2.3849","0.0013"
"147.0210","2.4649","0.0013"
"147.0410","2.5449","0.0014"
"147.0610","2.6249","0.0014"
"147.0810","2.7049","0.0015"
"147.1010","2.7848","0.0014"
"147.1210","2.8649","0.0013"
"147.1410","2.9449","0.0013"
"147.1550","3.0009","0.0013"
"147.1560","3.0049","0.0013"
"147.1570","3.0089","0.0013"
"147.1770","3.0879","0.0010"
"147.1970","3.1526","0.0006"
"147.2170","3.1831","0.0005"
"147.2370","3.1717","0.0005"
"147.2570","3.1197","0.0007"
"147.2770","3.0414","0.0014"
"147.2970","2.9600","0.0014"
"147.3170","2.8822","0.0014"
"147.3370","2.8048","0.0012"
"147.3570","2.7250","0.0013"
"147.3770","2.6431","0.0013"
"147.3970","2.5609","0.0013"
"147.4170","2.4796","0.0013"
"147.4370","2.3993","0.0013"
"147.4570","2.3195","0.0014"
"147.4770","2.2398","0.0013"
"147.4970","2.1598","0.0013"
"147.5170","2.0797","0.0013"
"147.5370","1.9996","0.0012"
"147.5570","1.9195","0.0012"
"147.5770","1.8394","0.0013"
"147.5970","1.7594","0.0013"
"147.6170","1.6794","0.0013"
"147.6370","1.5993","0.0012"
"147.6570","1.5193","0.0013"
"147.6770","1.4394","0.0012"
"147.6970","1.3594","0.0012"
"147.7170","1.2793","0.0012"
"147.7370","1.1993","0.0012"
"147.7570","1.1192","0.0012"
"147.7770","1.0393","0.0012"
"147.7970","0.9593","0.0012"
"147.8170","0.8793","0.0012"
"147.8370","0.7994","0.0012"
"147.8570","0.7194","0.0012"
"147.8770","0.6394","0.0013"
"147.8970","0.5594","0.0012"
"147.9170","0.4793","0.0011"
"147.9370","0.3993","0.0010"
"147.9570","0.3193","0.0010"
"147.9770","0.2393","0.0008"
"147.9970","0.1593","0.0005"
"148.0120","0.0994","-0.0001"
"148.0130","0.0954","-0.0001"
"148.0140","0.0914","-0.0002"
"148.0340","0.0124","-0.0006"
"148.0540","-0.0521","-0.0006"
"148.0740","-0.0816","-0.0006"
"148.0940","-0.0685","-0.0003"
"148.1140","-0.0144","0.0000"
"148.1340","0.0641","0.0002"
"148.1540","0.1448","0.0007"
"148.1740","0.2224","0.0011"
"148.1940","0.3005","0.0013"
"148.2140","0.3812","0.0014"
"148.2340","0.4634","0.0013"
"148.2540","0.5455","0.0013"
"148.2740","0.6265","0.0013"
"148.2940","0.7067","0.0013"
"148.3140","0.7865","0.0012"
"148.3340","0.8664","0.0013"
"148.3540","0.9464","0.0013"
"148.3740","1.0265","0.0014"
"148.3940","1.1065","0.0013"
"148.4140","1.1867","0.0013"
"148.4340","1.2668","0.0013"
"148.4540","1.3468","0.0012"
"148.4740","1.4268","0.0013"
"148.4940","1.5067","0.0013"
"148.5140","1.5867","0.0014"
"148.5340","1.6668","0.0014"
"148.5540","1.7467","0.0015"
"148.5740","1.8267","0.0015"
"148.5940","1.9067","0.0014"
"148.6140","1.9867","0.0014"
"148.6340","2.0667","0.0014"
"148.6540","2.1467","0.0014"
"148.6740","2.2267","0.0014"
"148.6940","2.3067","0.0013"
"148.7140","2.3867","0.0014"
"148.7340","2.4667","0.0013"
"148.7540","2.5467","0.0013"
"148.7740","2.6267","0.0013"
"148.7940","2.7067","0.0014"
"148.8140","2.7867","0.0014"
"148.8340","2.8668","0.0014"
"148.8540","2.9467","0.0013"
"148.8680","3.0027","0.0013"
"148.8690","3.0067","0.0013"
"148.8700","3.0107","0.0013"
"148.8900","3.0897","0.0010"
"148.9100","3.1544","0.0005"
"148.9300","3.1849","0.0004"
"148.9500","3.1735","0.0005"
"148.9700","3.1214","0.0008"
"148.9900","3.0430","0.0014"
"149.0100","2.9616","0.0014"
"149.0300","2.8838","0.0013"
"149.0500","2.8064","0.0011"
"149.0700","2.7266","0.0012"
"149.0900","2.6447","0.0013"
"149.1100","2.5626","0.0013"
"149.1300","2.4813","0.0014"
"149.1500","2.4009","0.0014"
"149.1700","2.3211","0.0014"
"149.1900","2.2413","0.0013"
"149.2100","2.1613","0.0013"
"149.2300","2.0812","0.0013"
"149.2500","2.0011","0.0012"
"149.2700","1.9210","0.0012"
"149.2900","1.8410","0.0012"
"149.3100","1.7610","0.0014"
"149.3300","1.6810","0.0014"
"149.3500","1.6010","0.0014"
"149.3700","1.5210","0.0014"
"149.3900","1.4411","0.0014"
"149.4100","1.3611","0.0014"
"149.4300","1.2810","0.0014"
"149.4500","1.2010","0.0013"
"149.4700","1.1209","0.0013"
"149.4900","1.0410","0.0013"
"149.5100","0.9610","0.0013"
"149.5300","0.8810","0.0013"
"149.5500","0.8010","0.0012"
"149.5700","0.7210","0.0012"
"149.5900","0.6410","0.0012"
"149.6100","0.5610","0.0012"
"149.6300","0.4810","0.0012"
"149.6500","0.4010","0.0011"
"149.6700","0.3210","0.0010"
"149.6900","0.2410","0.0008"
"149.7100","0.1610","0.0004"
"149.7260","0.0970","-0.0001"
"149.7270","0.0930","-0.0001"
"149.7280","0.0890","-0.0002"
"149.7480","0.0100","-0.0005"
"149.7680","-0.0544","-0.0007"
"149.7880","-0.0839","-0.0007"
"149.8080","-0.0705","-0.0003"
"149.8280","-0.0162","0.0000"
"149.8480","0.0626","0.0002"
"149.8680","0.1435","0.0007"
"149.8880","0.2212","0.0011"
"149.9080","0.2990","0.0013"
"149.9280","0.3796","0.0014"
"149.9480","0.4618","0.0012"
"149.9680","0.5438","0.0011"
"149.9880","0.6249","0.0011"
"150.0080","0.7051","0.0012"
"150.0280","0.7849","0.0013"
"150.0480","0.8647","0.0014"
"150.0680","0.9447","0.0014"
"150.0880","1.0248","0.0014"
"150.1080","1.1050","0.0013"
"150.1280","1.1851","0.0013"
"150.1480","1.2651","0.0013"
"150.1680","1.3451","0.0013"
"150.1880","1.4251","0.0013"
"150.2080","1.5051","0.0013"
"150.2280","1.5851","0.0014"
"150.2480","1.6651","0.0014"
"150.2680","1.7451","0.0013"
"150.2880","1.8250","0.0013"
"150.3080","1.9050","0.0013"
"150.3280","1.9850","0.0014"
"150.3480","2.0651","0.0014"
"150.3680","2.1451","0.0014"
"150.3880","2.2251","0.0014"
"150.4080","2.3051","0.0014"
"150.4280","2.3851","0.0014"
"150.4480","2.4651","0.0014"
"150.4680","2.5451","0.0014"
"150.4880","2.6251","0.0014"
"150.5080","2.7050","0.0014"
"150.5280","2.7850","0.0013"
"150.5480","2.8651","0.0013"
"150.5680","2.9451","0.0014"
"150.5820","3.0011","0.0014"
"150.5830","3.0051","0.0014"
"150.5840","3.0091","0.0014"
"150.6040","3.0881","0.0010"
"150.6240","3.1528","0.0006"
"150.6440","3.1833","0.0005"
"150.6640","3.1719","0.0005"
"150.6840","3.1199","0.0008"
"150.7040","3.0417","0.0013"
"150.7240","2.9602","0.0014"
"150.7440","2.8825","0.0013"
"150.7640","2.8050","0.0013"
"150.7840","2.7252","0.0013"
"150.8040","2.6433","0.0012"
"150.8240","2.5611","0.0013"
"150.8440","2.4798","0.0013"
"150.8640","2.3995","0.0013"
"150.8840","2.3197","0.0013"
"150.9040","2.2399","0.0013"
"150.9240","2.1599","0.0014"
"150.9440","2.0798","0.0014"
"150.9640","1.9997","0.0014"
"150.9840","1.9196","0.0013"
"151.0040","1.8395","0.0014"
"151.0240","1.7595","0.0013"
"151.0440","1.6795","0.0013"
"151.0640","1.5995","0.0013"
"151.0840","1.5196","0.0013"
"151.1040","1.4396","0.0013"
"151.1240","1.3596","0.0012"
"151.1440","1.2796","0.0013"
"151.1640","1.1995","0.0012"
"151.1840","1.1195","0.0012"
"151.2040","1.0395","0.0012"
"151.2240","0.9596","0.0012"
"151.2440","0.8796","0.0012"
"151.2640","0.7996","0.0013"
"151.2840","0.7196","0.0012"
"151.3040","0.6396","0.0011"
"151.3240","0.5596","0.0011"
"151.3440","0.4795","0.0012"
"151.3640","0.3995","0.0012"
"151.3840","0.3195","0.0011"
"151.4040","0.2395","0.0008"
"151.4240","0.1596","0.0004"
"151.4390","0.0996","0.0000"
"151.4400","0.0956","0.0000"
"151.4410","0.0916","-0.0001"
"151.4610","0.0126","-0.0005"
"151.4810","-0.0519","-0.0005"
"151.5010","-0.0815","-0.0005"
"151.5210","-0.0684","-0.0003"
"151.5410","-0.0144","0.0000"
"151.5610","0.0640","0.0002"
"151.5810","0.1447","0.0007"
"151.6010","0.2224","0.0011"
"151.6210","0.3004","0.0012"
"151.6410","0.3811","0.0012"
"151.6610","0.4634","0.0011"
"151.6810","0.5454","0.0011"
"151.7010","0.6265","0.0012"
"151.7210","0.7067","0.0012"
"151.7410","0.7864","0.0013"
"151.7610","0.8663","0.0014"
"151.7810","0.9464","0.0014"
"151.8010","1.0265","0.0014"
"151.8210","1.1066","0.0013"
"151.8410","1.1867","0.0013"
"151.8610","1.2667","0.0014"
"151.8810","1.3467","0.0014"
"151.9010","1.4267","0.0013"
"151.9210","1.5066","0.0013"
"151.9410","1.5867","0.0013"
"151.9610","1.6667","0.0013"
"151.9810","1.7467","0.0014"
"152.0010","1.8266","0.0014"
"152.0210","1.9067","0.0014"
"152.0410","1.9867","0.0014"
"152.0610","2.0667","0.0014"
"152.0810","2.1467","0.0014"
"152.1010","2.2267","0.0014"
"152.1210","2.3067","0.0013"
"152.1410","2.3867","0.0014"
"152.1610","2.4667","0.0013"
"152.1810","2.5467","0.0013"
"152.2010","2.6267","0.0013"
"152.2210","2.7066","0.0013"
"152.2410","2.7866","0.0012"
"152.2610","2.8667","0.0012"
"152.2810","2.9467","0.0013"
"152.2950","3.0027","0.0014"
"152.2960","3.0067","0.0014"
"152.2970","3.0107","0.0014"
"152.3170","3.0897","0.0010"
"152.3370","3.1544","0.0005"
"152.3570","3.1850","0.0005"
"152.3770","3.1736","0.0004"
"152.3970","3.1216","0.0007"
"152.4170","3.0433","0.0014"
"152.4370","2.9618","0.0014"
"152.4570","2.8841","0.0014"
"152.4770","2.8067","0.0013"
"152.4970","2.7269","0.0014"
"152.5170","2.6450","0.0013"
"152.5370","2.5628","0.0014"
"152.5570","2.4815","0.0014"
"152.5770","2.4012","0.0014"
"152.5970","2.3213","0.0013"
"152.6170","2.2416","0.0013"
"152.6370","2.1616","0.0013"
"152.6570","2.0815","0.0013"
"152.6770","2.0014","0.0013"
"152.6970","1.9213","0.0013"
"152.7170","1.8412","0.0013"
"152.7370","1.7613","0.0013"
"152.7570","1.6813","0.0013"
"152.7770","1.6013","0.0013"
"152.7970","1.5213","0.0013"
"152.8170","1.4413","0.0013"
"152.8370","1.3613","0.0012"
"152.8570","1.2813","0.0012"
"152.8770","1.2012","0.0012"
"152.8970","1.1211","0.0012"
"152.9170","1.0412","0.0012"
"152.9370","0.9612","0.0012"
"152.9570","0.8813","0.0011"
"152.9770","0.8013","0.0012"
"152.9970","0.7213","0.0012"
"153.0170","0.6413","0.0012"
"153.0370","0.5612","0.0012"
"153.0570","0.4812","0.0013"
"153.0770","0.4012","0.0012"
"153.0970","0.3212","0.0010"
"153.1170","0.2413","0.0008"
"153.1370","0.1613","0.0004"
"153.1530","0.0973","-0.0001"
"153.1540","0.0933","-0.0002"
"153.1550","0.0893","-0.0002"
"153.1750","0.0103","-0.0007"
"153.1950","-0.0541","-0.0006"
"153.2150","-0.0836","-0.0006"
"153.2350","-0.0701","-0.0003"
"153.2550","-0.0157","0.0000"
"153.2750","0.0631","0.0003"
"153.2950","0.1440","0.0008"
"153.3150","0.2216","0.0011"
"153.3350","0.2995","0.0013"
"153.3550","0.3800","0.0013"
"153.3750","0.4622","0.0012"
"153.3950","0.5443","0.0012"
"153.4150","0.6253","0.0012"
"153.4350","0.7056","0.0012"
"153.4550","0.7853","0.0013"
"153.4750","0.8652","0.0014"
"153.4950","0.9452","0.0013"
"153.5150","1.0253","0.0012"
"153.5350","1.1055","0.0013"
"153.5550","1.1856","0.0014"
"153.5750","1.2656","0.0013"
"153.5950","1.3456","0.0013"
"153.6150","1.4255","0.0014"
"153.6350","1.5055","0.0013"
"153.6550","1.5855","0.0013"
"153.6750","1.6656","0.0013"
"153.6950","1.7456","0.0013"
"153.7150","1.8255","0.0014"
"153.7350","1.9055","0.0013"
"153.7550","1.9855","0.0014"
"153.7750","2.0656","0.0014"
"153.7950","2.1456","0.0014"
"153.8150","2.2256","0.0013"
"153.8350","2.3056","0.0012"
"153.8550","2.3856","0.0012"
"153.8750","2.4655","0.0013"
"153.8950","2.5455","0.0013"
"153.9150","2.6255","0.0013"
"153.9350","2.7055","0.0013"
"153.9550","2.7855","0.0013"
"153.9750","2.8655","0.0013"
"153.9950","2.9455","0.0013"
"154.0090","3.0015","0.0014"
"154.0100","3.0055","0.0014"
"154.0110","3.0095","0.0014"
"154.0310","3.0886","0.0011"
"154.0510","3.1533","0.0006"
"154.0710","3.1838","0.0004"
"154.0910","3.1724","0.0004"
"154.1110","3.1204","0.0006"
"154.1310","3.0422","0.0013"
"154.1510","2.9608","0.0014"
"154.1710","2.8831","0.0013"
"154.1910","2.8057","0.0013"
"154.2110","2.7258","0.0014"
"154.2310","2.6438","0.0014"
"154.2510","2.5616","0.0014"
"154.2710","2.4803","0.0012"
"154.2910","2.4000","0.0013"
"154.3110","2.3202","0.0013"
"154.3310","2.2404","0.0014"
"154.3510","2.1604","0.0013"
"154.3710","2.0803","0.0014"
"154.3910","2.0002","0.0012"
"154.4110","1.9201","0.0011"
"154.4310","1.8401","0.0012"
"154.4510","1.7601","0.0013"
"154.4710","1.6800","0.0013"
"154.4910","1.6000","0.0012"
"154.5110","1.5201","0.0012"
"154.5310","1.4401","0.0013"
"154.5510","1.3601","0.0013"
"154.5710","1.2801","0.0013"
"154.5910","1.2000","0.0013"
"154.6110","1.1200","0.0013"
"154.6310","1.0400","0.0012"
"154.6510","0.9601","0.0012"
"154.6710","0.8801","0.0012"
"154.6910","0.8001","0.0013"
"154.7110","0.7201","0.0012"
"154.7310","0.6401","0.0012"
"154.7510","0.5601","0.0011"
"154.7710","0.4801","0.0011"
"154.7910","0.4000","0.0011"
"154.8110","0.3200","0.0011"
"154.8310","0.2400","0.0009"
"154.8510","0.1601","0.0005"
"154.8670","0.0961","0.0000"
"154.8680","0.0921","-0.0001"
"154.8690","0.0881","-0.0001"
"154.8890","0.0091","-0.0005"
"154.9090","-0.0553","-0.0007"
"154.9290","-0.0848","-0.0006"
"154.9490","-0.0715","-0.0003"
"154.9690","-0.0172","0.0000"
"154.9890","0.0615","0.0001"
"155.0090","0.1424","0.0007"
"155.0290","0.2200","0.0011"
"155.0490","0.2979","0.0013"
"155.0690","0.3785","0.0013"
"155.0890","0.4607","0.0012"
"155.1090","0.5428","0.0012"
"155.1290","0.6238","0.0012"
"155.1490","0.7040","0.0012"
"155.1690","0.7838","0.0012"
"155.1890","0.8636","0.0013"
"155.2090","0.9437","0.0013"
"155.2290","1.0238","0.0013"
"155.2490","1.1039","0.0013"
"155.2690","1.1840","0.0012"
"155.2890","1.2640","0.0013"
"155.3090","1.3440","0.0013"
"155.3290","1.4240","0.0014"
"155.3490","1.5040","0.0013"
"155.3690","1.5840","0.0014"
"155.3890","1.6640","0.0014"
"155.4090","1.7440","0.0013"
"155.4290","1.8240","0.0012"
"155.4490","1.9040","0.0013"
"155.4690","1.9840","0.0012"
"155.4890","2.0640","0.0014"
"155.5090","2.1440","0.0013"
"155.5290","2.2240","0.0013"
"155.5490","2.3040","0.0014"
"155.5690","2.3840","0.0014"
"155.5890","2.4640","0.0014"
"155.6090","2.5440","0.0013"
"155.6290","2.6240","0.0012"
"155.6490","2.7039","0.0012"
"155.6690","2.7839","0.0013"
"155.6890","2.8640","0.0013"
"155.7090","2.9440","0.0013"
"155.7240","3.0040","0.0014"
"155.7250","3.0080","0.0014"
"155.7260","3.0120","0.0014"
"155.7460","3.0910","0.0011"
"155.7660","3.1557","0.0005"
"155.7860","3.1863","0.0004"
"155.8060","3.1748","0.0004"
"155.8260","3.1228","0.0007"
"155.8460","3.0445","0.0013"
"155.8660","2.9630","0.0014"
"155.8860","2.8853","0.0013"
"155.9060","2.8079","0.0012"
"155.9260","2.7280","0.0013"
"155.9460","2.6461","0.0013"
"155.9660","2.5639","0.0014"
"155.9860","2.4827","0.0014"
"156.0060","2.4024","0.0014"
"156.0260","2.3226","0.0013"
"156.0460","2.2428","0.0013"
"156.0660","2.1628","0.0013"
"156.0860","2.0827","0.0013"
"156.1060","2.0026","0.0013"
"156.1260","1.9225","0.0013"
"156.1460","1.8424","0.0013"
"156.1660","1.7624","0.0013"
"156.1860","1.6824","0.0013"
"156.2060","1.6024","0.0013"
"156.2260","1.5225","0.0012"
"156.2460","1.4425","0.0012"
"156.2660","1.3624","0.0013"
"156.2860","1.2824","0.0012"
"156.3060","1.2024","0.0012"
"156.3260","1.1224","0.0012"
"156.3460","1.0424","0.0012"
"156.3660","0.9624","0.0012"
"156.3860","0.8824","0.0012"
"156.4060","0.8025","0.0013"
"156.4260","0.7225","0.0013"
"156.4460","0.6425","0.0012"
"156.4660","0.5625","0.0012"
"156.4860","0.4824","0.0011"
"156.5060","0.4024","0.0011"
"156.5260","0.3224","0.0011"
"156.5460","0.2424","0.0008"
"156.5660","0.1624","0.0005"
"156.5820","0.0985","0.0000"
"156.5830","0.0945","0.0000"
"156.5840","0.0905","-0.0001"
"156.6040","0.0115","-0.0005"
"156.6240","-0.0529","-0.0006"
"156.6440","-0.0824","-0.0007"
"156.6640","-0.0691","-0.0003"
"156.6840","-0.0148","0.0000"
"156.7040","0.0638","0.0003"
"156.7240","0.1446","0.0007"
"156.7440","0.2223","0.0011"
"156.7640","0.3002","0.0013"
"156.7840","0.3808","0.0013"
"156.8040","0.4630","0.0012"
"156.8240","0.5451","0.0012"
"156.8440","0.6262","0.0012"
"156.8640","0.7064","0.0012"
"156.8840","0.7861","0.0013"
"156.9040","0.8659","0.0013"
"156.9240","0.9460","0.0013"
"156.9440","1.0261","0.0013"
"156.9640","1.1063","0.0013"
"156.9840","1.1864","0.0014"
"157.0040","1.2664","0.0014"
"157.0240","1.3464","0.0014"
"157.0440","1.4264","0.0013"
"157.0640","1.5063","0.0013"
"157.0840","1.5863","0.0013"
"157.1040","1.6664","0.0013"
"157.1240","1.7463","0.0014"
"157.1440","1.8263","0.0014"
"157.1640","1.9064","0.0014"
"157.1840","1.9864","0.0013"
"157.2040","2.0664","0.0014"
"157.2240","2.1464","0.0014"
"157.2440","2.2264","0.0014"
"157.2640","2.3064","0.0013"
"157.2840","2.3864","0.0014"
"157.3040","2.4663","0.0014"
"157.3240","2.5463","0.0014"
"157.3440","2.6263","0.0014"
"157.3640","2.7063","0.0014"
"157.3840","2.7863","0.0013"
"157.4040","2.8663","0.0014"
"157.4240","2.9464","0.0014"
"157.4380","3.0024","0.0015"
"157.4390","3.0063","0.0015"
"157.4400","3.0103","0.0015"
"157.4600","3.0894","0.0012"
"157.4800","3.1540","0.0007"
"157.5000","3.1846","0.0006"
"157.5200","3.1732","0.0006"
"157.5400","3.1212","0.0007"
"157.5600","3.0430","0.0013"
"157.5800","2.9616","0.0014"
"157.6000","2.8839","0.0015"
"157.6200","2.8065","0.0014"
"157.6400","2.7266","0.0013"
"157.6600","2.6446","0.0013"
"157.6800","2.5624","0.0014"
"157.7000","2.4811","0.0014"
"157.7200","2.4008","0.0013"
"157.7400","2.3210","0.0013"
"157.7600","2.2412","0.0013"
"157.7800","2.1612","0.0013"
"157.8000","2.0811","0.0013"
"157.8200","2.0010","0.0013"
"157.8400","1.9210","0.0013"
"157.8600","1.8409","0.0013"
"157.8800","1.7610","0.0012"
"157.9000","1.6810","0.0014"
"157.9200","1.6009","0.0014"
"157.9400","1.5209","0.0013"
"157.9600","1.4409","0.0013"
"157.9800","1.3609","0.0013"
"158.0000","1.2808","0.0012"
"158.0200","1.2008","0.0013"
"158.0400","1.1207","0.0013"
"158.0600","1.0408","0.0013"
"158.0800","0.9608","0.0013"
"158.1000","0.8809","0.0013"
"158.1200","0.8009","0.0012"
"158.1400","0.7209","0.0012"
"158.1600","0.6409","0.0011"
"158.1800","0.5609","0.0011"
"158.2000","0.4809","0.0011"
"158.2200","0.4008","0.0011"
"158.2400","0.3208","0.0010"
"158.2600","0.2409","0.0008"
"158.2800","0.1609","0.0004"
"158.2960","0.0969","-0.0001"
"158.2970","0.0929","-0.0001"
"158.2980","0.0889","-0.0002"
"158.3180","0.0099","-0.0006"
"158.3380","-0.0545","-0.0006"
"158.3580","-0.0841","-0.0007"
"158.3780","-0.0707","-0.0004"
"158.3980","-0.0164","0.0000"
"158.4180","0.0624","0.0003"
"158.4380","0.1433","0.0008"
"158.4580","0.2209","0.0011"
"158.4780","0.2988","0.0013"
"158.4980","0.3794","0.0013"
"158.5180","0.4616","0.0013"
"158.5380","0.5436","0.0012"
"158.5580","0.6247","0.0013"
"158.5780","0.7049","0.0014"
"158.5980","0.7847","0.0014"
"158.6180","0.8645","0.0013"
"158.6380","0.9445","0.0013"
"158.6580","1.0247","0.0014"
"158.6780","1.1048","0.0013"
"158.6980","1.1849","0.0014"
"158.7180","1.2649","0.0013"
"158.7380","1.3449","0.0013"
"158.7580","1.4249","0.0013"
"158.7780","1.5048","0.0013"
"158.7980","1.5849","0.0013"
"158.8180","1.6649","0.0014"
"158.8380","1.7449","0.0014"
"158.8580","1.8248","0.0014"
"158.8780","1.9048","0.0014"
"158.8980","1.9848","0.0013"
"158.9180","2.0649","0.0012"
"158.9380","2.1449","0.0013"
"158.9580","2.2249","0.0014"
"158.9780","2.3049","0.0014"
"158.9980","2.3849","0.0014"
"159.0180","2.4649","0.0013"
"159.0380","2.5448","0.0014"
"159.0580","2.6248","0.0014"
"159.0780","2.7048","0.0014"
"159.0980","2.7848","0.0014"
"159.1180","2.8649","0.0014"
"159.1380","2.9449","0.0015"
"159.1520","3.0009","0.0014"
"159.1530","3.0049","0.0014"
"159.1540","3.0088","0.0014"
"159.1740","3.0879","0.0011"
"159.1940","3.1526","0.0005"
"159.2140","3.1831","0.0005"
"159.2340","3.1718","0.0005"
"159.2540","3.1198","0.0007"
"159.2740","3.0416","0.0013"
"159.2940","2.9602","0.0014"
"159.3140","2.8824","0.0014"
"159.3340","2.8050","0.0013"
"159.3540","2.7251","0.0013"
"159.3740","2.6432","0.0013"
"159.3940","2.5610","0.0014"
"159.4140","2.4797","0.0014"
"159.4340","2.3994","0.0014"
"159.4540","2.3196","0.0014"
"159.4740","2.2398","0.0014"
"159.4940","2.1598","0.0014"
"159.5140","2.0797","0.0013"
"159.5340","1.9996","0.0013"
"159.5540","1.9195","0.0013"
"159.5740","1.8394","0.0012"
"159.5940","1.7594","0.0013"
"159.6140","1.6794","0.0013"
"159.6340","1.5994","0.0012"
"159.6540","1.5195","0.0013"
"159.6740","1.4395","0.0012"
"159.6940","1.3595","0.0013"
"159.7140","1.2795","0.0013"
"159.7340","1.1994","0.0014"
"159.7540","1.1194","0.0014"
"159.7740","1.0394","0.0014"
"159.7940","0.9594","0.0013"
"159.8140","0.8795","0.0013"
"159.8340","0.7995","0.0012"
"159.8540","0.7195","0.0012"
"159.8740","0.6395","0.0012"
"159.8940","0.5595","0.0011"
"159.9140","0.4794","0.0011"
"159.9340","0.3994","0.0011"
"159.9540","0.3194","0.0010"
"159.9740","0.2394","0.0007"
"159.9940","0.1595","0.0004"
"160.0090","0.0995","-0.0001"
"160.0100","0.0955","-0.0001"
"160.0110","0.0915","-0.0002"
"160.0310","0.0125","-0.0005"
"160.0510","-0.0520","-0.0005"
"160.0710","-0.0816","-0.0005"
"160.0910","-0.0684","-0.0003"
"160.1110","-0.0144","0.0000"
"160.1310","0.0641","0.0002"
"160.1510","0.1449","0.0007"
"160.1710","0.2225","0.0011"
"160.1910","0.3005","0.0013"
"160.2110","0.3811","0.0013"
"160.2310","0.4634","0.0013"
"160.2510","0.5455","0.0013"
"160.2710","0.6266","0.0013"
"160.2910","0.7068","0.0013"
"160.3110","0.7866","0.0013"
"160.3310","0.8664","0.0013"
"160.3510","0.9464","0.0013"
"160.3710","1.0265","0.0014"
"160.3910","1.1067","0.0013"
"160.4110","1.1868","0.0013"
"160.4310","1.2668","0.0013"
"160.4510","1.3468","0.0013"
"160.4710","1.4268","0.0013"
"160.4910","1.5068","0.0013"
"160.5110","1.5868","0.0014"
"160.5310","1.6668","0.0013"
"160.5510","1.7467","0.0013"
"160.5710","1.8267","0.0014"
"160.5910","1.9067","0.0013"
"160.6110","1.9867","0.0014"
"160.6310","2.0668","0.0013"
"160.6510","2.1469","0.0012"
"160.6710","2.2268","0.0012"
"160.6910","2.3068","0.0012"
"160.7110","2.3868","0.0013"
"160.7310","2.4668","0.0013"
"160.7510","2.5467","0.0014"
"160.7710","2.6267","0.0014"
"160.7910","2.7067","0.0014"
"160.8110","2.7867","0.0013"
"160.8310","2.8667","0.0013"
"160.8510","2.9468","0.0013"
"160.8650","3.0028","0.0013"
"160.8660","3.0068","0.0013"
"160.8670","3.0108","0.0013"
"160.8870","3.0898","0.0011"
"160.9070","3.1544","0.0006"
"160.9270","3.1849","0.0005"
"160.9470","3.1735","0.0005"
"160.9670","3.1215","0.0007"
"160.9870","3.0432","0.0013"
"161.0070","2.9618","0.0014"
"161.0270","2.8841","0.0014"
"161.0470","2.8067","0.0013"
"161.0670","2.7268","0.0014"
"161.0870","2.6448","0.0013"
"161.1070","2.5626","0.0013"
"161.1270","2.4813","0.0014"
"161.1470","2.4010","0.0014"
"161.1670","2.3212","0.0013"
"161.1870","2.2414","0.0013"
"161.2070","2.1614","0.0012"
"161.2270","2.0813","0.0013"
"161.2470","2.0012","0.0013"
"161.2670","1.9211","0.0013"
"161.2870","1.8411","0.0013"
"161.3070","1.7612","0.0014"
"161.3270","1.6812","0.0013"
"161.3470","1.6011","0.0012"
"161.3670","1.5211","0.0013"
"161.3870","1.4411","0.0013"
"161.4070","1.3611","0.0014"
"161.4270","1.2810","0.0014"
"161.4470","1.2010","0.0013"
"161.4670","1.1209","0.0013"
"161.4870","1.0410","0.0012"
"161.5070","0.9611","0.0013"
"161.5270","0.8811","0.0013"
"161.5470","0.8011","0.0012"
"161.5670","0.7211","0.0012"
"161.5870","0.6411","0.0012"
"161.6070","0.5611","0.0012"
"161.6270","0.4811","0.0012"
"161.6470","0.4010","0.0011"
"161.6670","0.3211","0.0011"
"161.6870","0.2411","0.0009"
"161.7070","0.1611","0.0005"
"161.7230","0.0971","-0.0001"
"161.7240","0.0931","-0.0001"
"161.7250","0.0891","-0.0001"
"161.7450","0.0101","-0.0006"
"161.7650","-0.0544","-0.0006"
"161.7850","-0.0839","-0.0006"
"161.8050","-0.0705","-0.0003"
"161.8250","-0.0162","0.0000"
"161.8450","0.0626","0.0002"
"161.8650","0.1435","0.0007"
"161.8850","0.2211","0.0011"
"161.9050","0.2990","0.0013"
"161.9250","0.3795","0.0013"
"161.9450","0.4618","0.0013"
"161.9650","0.5438","0.0013"
"161.9850","0.6249","0.0013"
"162.0050","0.7051","0.0014"
"162.0250","0.7849","0.0013"
"162.0450","0.8647","0.0012"
"162.0650","0.9447","0.0012"
"162.0850","1.0248","0.0013"
"162.1050","1.1050","0.0013"
"162.1250","1.1851","0.0013"
"162.1450","1.2651","0.0013"
"162.1650","1.3451","0.0014"
"162.1850","1.4250","0.0014"
"162.2050","1.5050","0.0014"
"162.2250","1.5850","0.0013"
"162.2450","1.6651","0.0013"
"162.2650","1.7450","0.0013"
"162.2850","1.8250","0.0013"
"162.3050","1.9050","0.0013"
"162.3250","1.9850","0.0013"
"162.3450","2.0651","0.0013"
"162.3650","2.1451","0.0013"
"162.3850","2.2251","0.0014"
"162.4050","2.3051","0.0014"
"162.4250","2.3851","0.0014"
"162.4450","2.4650","0.0013"
"162.4650","2.5450","0.0013"
"162.4850","2.6250","0.0014"
"162.5050","2.7050","0.0014"
"162.5250","2.7850","0.0014"
"162.5450","2.8651","0.0014"
"162.5650","2.9451","0.0013"
"162.5790","3.0011","0.0013"
"162.5800","3.0051","0.0013"
"162.5810","3.0091","0.0013"
"162.6010","3.0881","0.0010"
"162.6210","3.1528","0.0005"
"162.6410","3.1833","0.0003"
"162.6610","3.1719","0.0004"
"162.6810","3.1199","0.0008"
"162.7010","3.0417","0.0014"
"162.7210","2.9603","0.0015"
"162.7410","2.8825","0.0014"
"162.7610","2.8051","0.0014"
"162.7810","2.7253","0.0013"
"162.8010","2.6433","0.0013"
"162.8210","2.5611","0.0013"
"162.8410","2.4799","0.0014"
"162.8610","2.3996","0.0013"
"162.8810","2.3197","0.0013"
"162.9010","2.2399","0.0014"
"162.9210","2.1600","0.0013"
"162.9410","2.0799","0.0013"
"162.9610","1.9997","0.0013"
"162.9810","1.9196","0.0013"
"163.0010","1.8395","0.0013"
"163.0210","1.7596","0.0014"
"163.0410","1.6795","0.0013"
"163.0610","1.5996","0.0012"
"163.0810","1.5196","0.0012"
"163.1010","1.4396","0.0014"
"163.1210","1.3596","0.0013"
"163.1410","1.2796","0.0012"
"163.1610","1.1995","0.0013"
"163.1810","1.1195","0.0014"
"163.2010","1.0395","0.0014"
"163.2210","0.9596","0.0013"
"163.2410","0.8796","0.0013"
"163.2610","0.7996","0.0012"
"163.2810","0.7197","0.0012"
"163.3010","0.6396","0.0012"
"163.3210","0.5596","0.0012"
"163.3410","0.4795","0.0011"
"163.3610","0.3995","0.0010"
"163.3810","0.3196","0.0009"
"163.4010","0.2396","0.0007"
"163.4210","0.1596","0.0004"
"163.4360","0.0996","-0.0001"
"163.4370","0.0956","-0.0001"
"163.4380","0.0916","-0.0002"
"163.4580","0.0126","-0.0006"
"163.4780","-0.0519","-0.0005"
"163.4980","-0.0815","-0.0006"
"163.5180","-0.0683","-0.0003"
"163.5380","-0.0144","-0.0001"
"163.5580","0.0641","0.0001"
"163.5780","0.1448","0.0007"
"163.5980","0.2225","0.0011"
"163.6180","0.3005","0.0012"
"163.6380","0.3812","0.0013"
"163.6580","0.4635","0.0013"
"163.6780","0.5455","0.0013"
"163.6980","0.6266","0.0012"
"163.7180","0.7068","0.0013"
"163.7380","0.7866","0.0013"
"163.7580","0.8664","0.0013"
"163.7780","0.9464","0.0013"
"163.7980","1.0265","0.0013"
"163.8180","1.1067","0.0013"
"163.8380","1.1868","0.0013"
"163.8580","1.2668","0.0013"
"163.8780","1.3468","0.0013"
"163.8980","1.4268","0.0013"
"163.9180","1.5067","0.0013"
"163.9380","1.5867","0.0014"
"163.9580","1.6667","0.0013"
"163.9780","1.7467","0.0013"
"163.9980","1.8267","0.0014"
"164.0180","1.9067","0.0014"
"164.0380","1.9868","0.0014"
"164.0580","2.0668","0.0014"
"164.0780","2.1469","0.0013"
"164.0980","2.2268","0.0014"
"164.1180","2.3068","0.0013"
"164.1380","2.3868","0.0013"
"164.1580","2.4668","0.0013"
"164.1780","2.5467","0.0013"
"164.1980","2.6267","0.0013"
"164.2180","2.7067","0.0014"
"164.2380","2.7867","0.0014"
"164.2580","2.8667","0.0013"
"164.2780","2.9468","0.0013"
"164.2920","3.0028","0.0014"
"164.2930","3.0068","0.0014"
"164.2940","3.0108","0.0014"
"164.3140","3.0898","0.0011"
"164.3340","3.1544","0.0005"
"164.3540","3.1849","0.0005"
"164.3740","3.1734","0.0005"
"164.3940","3.1213","0.0008"
"164.4140","3.0430","0.0015"
"164.4340","2.9616","0.0015"
"164.4540","2.8839","0.0014"
"164.4740","2.8065","0.0012"
"164.4940","2.7266","0.0012"
"164.5140","2.6447","0.0013"
"164.5340","2.5625","0.0014"
"164.5540","2.4812","0.0014"
"164.5740","2.4009","0.0013"
"164.5940","2.3210","0.0013"
"164.6140","2.2413","0.0012"
"164.6340","2.1613","0.0012"
"164.6540","2.0812","0.0013"
"164.6740","2.0011","0.0014"
"164.6940","1.9210","0.0014"
"164.7140","1.8409","0.0014"
"164.7340","1.7610","0.0013"
"164.7540","1.6809","0.0013"
"164.7740","1.6009","0.0013"
"164.7940","1.5210","0.0013"
"164.8140","1.4410","0.0013"
"164.8340","1.3610","0.0013"
"164.8540","1.2809","0.0013"
"164.8740","1.2009","0.0012"
"164.8940","1.1208","0.0011"
"164.9140","1.0409","0.0011"
"164.9340","0.9609","0.0012"
"164.9540","0.8810","0.0011"
"164.9740","0.8010","0.0011"
"164.9940","0.7210","0.0012"
"165.0140","0.6410","0.0011"
"165.0340","0.5609","0.0011"
"165.0540","0.4809","0.0011"
"165.0740","0.4009","0.0010"
"165.0940","0.3209","0.0011"
"165.1140","0.2410","0.0009"
"165.1340","0.1610","0.0006"
"165.1500","0.0970","0.0000"
"165.1510","0.0930","0.0000"
"165.1520","0.0890","-0.0001"
"165.1720","0.0100","-0.0006"
"165.1920","-0.0545","-0.0007"
"165.2120","-0.0841","-0.0008"
"165.2320","-0.0707","-0.0004"
"165.2520","-0.0163","0.0000"
"165.2720","0.0624","0.0003"
"165.2920","0.1433","0.0008"
"165.3120","0.2209","0.0011"
"165.3320","0.2988","0.0013"
"165.3520","0.3793","0.0013"
"165.3720","0.4615","0.0012"
"165.3920","0.5436","0.0012"
"165.4120","0.6247","0.0012"
"165.4320","0.7049","0.0013"
"165.4520","0.7847","0.0013"
"165.4720","0.8645","0.0013"
"165.4920","0.9446","0.0013"
"165.5120","1.0247","0.0014"
"165.5320","1.1048","0.0013"
"165.5520","1.1849","0.0012"
"165.5720","1.2649","0.0012"
"165.5920","1.3449","0.0013"
"165.6120","1.4249","0.0014"
"165.6320","1.5049","0.0015"
"165.6520","1.5849","0.0014"
"165.6720","1.6649","0.0013"
"165.6920","1.7449","0.0013"
"165.7120","1.8248","0.0014"
"165.7320","1.9048","0.0014"
"165.7520","1.9849","0.0013"
"165.7720","2.0649","0.0012"
"165.7920","2.1450","0.0013"
"165.8120","2.2249","0.0014"
"165.8320","2.3049","0.0014"
"165.8520","2.3849","0.0014"
"165.8720","2.4649","0.0014"
"165.8920","2.5449","0.0014"
"165.9120","2.6249","0.0013"
"165.9320","2.7048","0.0013"
"165.9520","2.7848","0.0013"
"165.9720","2.8649","0.0013"
"165.9920","2.9449","0.0013"
"166.0060","3.0009","0.0014"
"166.0070","3.0049","0.0014"
"166.0080","3.0089","0.0014"
"166.0280","3.0879","0.0011"
"166.0480","3.1526","0.0006"
"166.0680","3.1831","0.0005"
"166.0880","3.1718","0.0006"
"166.1080","3.1198","0.0008"
"166.1280","3.0416","0.0014"
"166.1480","2.9602","0.0014"
"166.1680","2.8825","0.0013"
"166.1880","2.8051","0.0012"
"166.2080","2.7252","0.0013"
"166.2280","2.6432","0.0014"
"166.2480","2.5610","0.0014"
"166.2680","2.4797","0.0013"
"166.2880","2.3994","0.0013"
"166.3080","2.3196","0.0014"
"166.3280","2.2398","0.0013"
"166.3480","2.1598","0.0013"
"166.3680","2.0797","0.0013"
"166.3880","1.9996","0.0013"
"166.4080","1.9195","0.0012"
"166.4280","1.8394","0.0013"
"166.4480","1.7594","0.0013"
"166.4680","1.6794","0.0012"
"166.4880","1.5994","0.0013"
"166.5080","1.5195","0.0014"
"166.5280","1.4395","0.0013"
"166.5480","1.3595","0.0013"
"166.5680","1.2795","0.0013"
"166.5880","1.1994","0.0012"
"166.6080","1.1194","0.0012"
"166.6280","1.0394","0.0011"
"166.6480","0.9595","0.0012"
"166.6680","0.8795","0.0013"
"166.6880","0.7995","0.0012"
"166.7080","0.7195","0.0011"
"166.7280","0.6395","0.0012"
"166.7480","0.5595","0.0013"
"166.7680","0.4794","0.0013"
"166.7880","0.3994","0.0012"
"166.8080","0.3194","0.0010"
"166.8280","0.2394","0.0008"
"166.8480","0.1595","0.0004"
"166.8630","0.0995","-0.0001"
"166.8640","0.0955","-0.0001"
"166.8650","0.0915","-0.0002"
"166.8850","0.0125","-0.0006"
"166.9050","-0.0520","-0.0005"
"166.9250","-0.0815","-0.0005"
"166.9450","-0.0684","-0.0001"
"166.9650","-0.0143","0.0002"
"166.9850","0.0641","0.0003"
"167.0050","0.1449","0.0007"
"167.0250","0.2226","0.0011"
"167.0450","0.3006","0.0013"
"167.0650","0.3813","0.0013"
"167.0850","0.4635","0.0012"
"167.1050","0.5456","0.0013"
"167.1250","0.6266","0.0013"
"167.1450","0.7068","0.0013"
"167.1650","0.7866","0.0012"
"167.1850","0.8664","0.0012"
"167.2050","0.9465","0.0013"
"167.2250","1.0266","0.0014"
"167.2450","1.1067","0.0013"
"167.2650","1.1868","0.0013"
"167.2850","1.2668","0.0014"
"167.3050","1.3468","0.0013"
"167.3250","1.4268","0.0014"
"167.3450","1.5068","0.0014"
"167.3650","1.5868","0.0013"
"167.3850","1.6669","0.0014"
"167.4050","1.7468","0.0013"
"167.4250","1.8268","0.0013"
"167.4450","1.9068","0.0014"
"167.4650","1.9868","0.0014"
"167.4850","2.0668","0.0014"
"167.5050","2.1469","0.0013"
"167.5250","2.2268","0.0013"
"167.5450","2.3068","0.0013"
"167.5650","2.3868","0.0013"
"167.5850","2.4668","0.0013"
"167.6050","2.5468","0.0013"
"167.6250","2.6268","0.0013"
"167.6450","2.7068","0.0014"
"167.6650","2.7868","0.0014"
"167.6850","2.8668","0.0014"
"167.7050","2.9468","0.0013"
"167.7190","3.0028","0.0013"
"167.7200","3.0068","0.0013"
"167.7210","3.0108","0.0013"
"167.7410","3.0898","0.0011"
"167.7610","3.1544","0.0006"
"167.7810","3.1849","0.0004"
"167.8010","3.1734","0.0004"
"167.8210","3.1214","0.0007"
"167.8410","3.0430","0.0013"
"167.8610","2.9616","0.0014"
"167.8810","2.8838","0.0013"
"167.9010","2.8064","0.0012"
"167.9210","2.7266","0.0014"
"167.9410","2.6447","0.0014"
"167.9610","2.5625","0.0014"
"167.9810","2.4812","0.0014"
"168.0010","2.4009","0.0014"
"168.0210","2.3211","0.0013"
"168.0410","2.2413","0.0013"
"168.0610","2.1614","0.0013"
"168.0810","2.0813","0.0012"
"168.1010","2.0012","0.0013"
"168.1210","1.9212","0.0013"
"168.1410","1.8411","0.0013"
"168.1610","1.7611","0.0013"
"168.1810","1.6810","0.0012"
"168.2010","1.6010","0.0013"
"168.2210","1.5210","0.0013"
"168.2410","1.4410","0.0013"
"168.2610","1.3610","0.0014"
"168.2810","1.2810","0.0013"
"168.3010","1.2009","0.0013"
"168.3210","1.1209","0.0012"
"168.3410","1.0409","0.0011"
"168.3610","0.9610","0.0011"
"168.3810","0.8810","0.0012"
"168.4010","0.8010","0.0013"
"168.4210","0.7211","0.0012"
"168.4410","0.6410","0.0012"
"168.4610","0.5610","0.0012"
"168.4810","0.4809","0.0011"
"168.5010","0.4009","0.0011"
"168.5210","0.3210","0.0010"
"168.5410","0.2410","0.0009"
"168.5610","0.1610","0.0005"
"168.5770","0.0970","0.0000"
"168.5780","0.0930","0.0000"
"168.5790","0.0890","0.0000"
"168.5990","0.0100","-0.0005"
"168.6190","-0.0545","-0.0005"
"168.6390","-0.0840","-0.0006"
"168.6590","-0.0706","-0.0002"
"168.6790","-0.0163","0.0001"
"168.6990","0.0624","0.0002"
"168.7190","0.1433","0.0007"
"168.7390","0.2209","0.0010"
"168.7590","0.2988","0.0012"
"168.7790","0.3793","0.0013"
"168.7990","0.4616","0.0012"
"168.8190","0.5436","0.0013"
"168.8390","0.6247","0.0013"
"168.8590","0.7049","0.0013"
"168.8790","0.7847","0.0013"
"168.8990","0.8645","0.0013"
"168.9190","0.9446","0.0013"
"168.9390","1.0247","0.0013"
"168.9590","1.1048","0.0012"
"168.9790","1.1849","0.0012"
"168.9990","1.2649","0.0013"
"169.0190","1.3449","0.0013"
"169.0390","1.4249","0.0013"
"169.0590","1.5049","0.0013"
"169.0790","1.5849","0.0013"
"169.0990","1.6649","0.0012"
"169.1190","1.7449","0.0013"
"169.1390","1.8249","0.0013"
"169.1590","1.9049","0.0014"
"169.1790","1.9849","0.0015"
"169.1990","2.0649","0.0013"
"169.2190","2.1450","0.0013"
"169.2390","2.2249","0.0013"
"169.2590","2.3049","0.0014"
"169.2790","2.3849","0.0014"
"169.2990","2.4649","0.0014"
"169.3190","2.5449","0.0014"
"169.3390","2.6249","0.0014"
"169.3590","2.7048","0.0013"
"169.3790","2.7848","0.0013"
"169.3990","2.8648","0.0013"
"169.4190","2.9449","0.0013"
"169.4330","3.0009","0.0013"
"169.4340","3.0049","0.0013"
"169.4350","3.0089","0.0013"
"169.4550","3.0879","0.0011"
"169.4750","3.1526","0.0006"
"169.4950","3.1832","0.0005"
"169.5150","3.1718","0.0004"
"169.5350","3.1198","0.0007"
"169.5550","3.0416","0.0013"
"169.5750","2.9602","0.0014"
"169.5950","2.8824","0.0014"
"169.6150","2.8050","0.0013"
"169.6350","2.7252","0.0013"
"169.6550","2.6433","0.0014"
"169.6750","2.5610","0.0014"
"169.6950","2.4797","0.0014"
"169.7150","2.3994","0.0014"
"169.7350","2.3197","0.0014"
"169.7550","2.2399","0.0014"
"169.7750","2.1600","0.0013"
"169.7950","2.0798","0.0012"
"169.8150","1.9997","0.0013"
"169.8350","1.9195","0.0014"
"169.8550","1.8395","0.0015"
"169.8750","1.7595","0.0014"
"169.8950","1.6795","0.0013"
"169.9150","1.5994","0.0013"
"169.9350","1.5195","0.0014"
"169.9550","1.4395","0.0014"
"169.9750","1.3595","0.0013"
"169.9950","1.2794","0.0013"
"170.0150","1.1994","0.0012"
"170.0350","1.1194","0.0013"
"170.0550","1.0394","0.0013"
"170.0750","0.9595","0.0013"
"170.0950","0.8795","0.0012"
"170.1150","0.7995","0.0012"
"170.1350","0.7195","0.0012"
"170.1550","0.6395","0.0012"
"170.1750","0.5595","0.0012"
"170.1950","0.4795","0.0012"
"170.2150","0.3994","0.0011"
"170.2350","0.3194","0.0010"
"170.2550","0.2395","0.0008"
"170.2750","0.1595","0.0004"
"170.2900","0.0995","-0.0001"
"170.2910","0.0955","-0.0001"
"170.2920","0.0915","-0.0001"
"170.3120","0.0125","-0.0004"
"170.3320","-0.0520","-0.0005"
"170.3520","-0.0816","-0.0007"
"170.3720","-0.0685","-0.0005"
"170.3920","-0.0145","-0.0001"
"170.4120","0.0639","0.0002"
"170.4320","0.1447","0.0009"
"170.4520","0.2223","0.0012"
"170.4720","0.3003","0.0013"
"170.4920","0.3809","0.0013"
"170.5120","0.4633","0.0013"
"170.5320","0.5454","0.0014"
"170.5520","0.6264","0.0013"
"170.5720","0.7067","0.0013"
"170.5920","0.7865","0.0013"
"170.6120","0.8663","0.0013"
"170.6320","0.9463","0.0013"
"170.6520","1.0264","0.0013"
"170.6720","1.1065","0.0013"
"170.6920","1.1866","0.0014"
"170.7120","1.2667","0.0014"
"170.7320","1.3467","0.0013"
"170.7520","1.4267","0.0014"
"170.7720","1.5066","0.0013"
"170.7920","1.5866","0.0014"
"170.8120","1.6667","0.0014"
"170.8320","1.7467","0.0014"
"170.8520","1.8266","0.0014"
"170.8720","1.9066","0.0014"
"170.8920","1.9866","0.0013"
"170.9120","2.0667","0.0013"
"170.9320","2.1467","0.0014"
"170.9520","2.2267","0.0014"
"170.9720","2.3066","0.0013"
"170.9920","2.3867","0.0013"
"171.0120","2.4666","0.0014"
"171.0320","2.5466","0.0014"
"171.0520","2.6266","0.0015"
"171.0720","2.7066","0.0015"
"171.0920","2.7866","0.0014"
"171.1120","2.8666","0.0013"
"171.1320","2.9466","0.0013"
"171.1460","3.0026","0.0013"
"171.1470","3.0066","0.0013"
"171.1480","3.0106","0.0014"
"171.1680","3.0897","0.0012"
"171.1880","3.1543","0.0007"
"171.2080","3.1848","0.0006"
"171.2280","3.1734","0.0005"
"171.2480","3.1213","0.0007"
"171.2680","3.0430","0.0014"
"171.2880","2.9616","0.0015"
"171.3080","2.8840","0.0013"
"171.3280","2.8066","0.0013"
"171.3480","2.7267","0.0013"
"171.3680","2.6447","0.0013"
"171.3880","2.5625","0.0014"
"171.4080","2.4812","0.0014"
"171.4280","2.4009","0.0013"
"171.4480","2.3211","0.0013"
"171.4680","2.2414","0.0013"
"171.4880","2.1614","0.0012"
"171.5080","2.0813","0.0013"
"171.5280","2.0012","0.0013"
"171.5480","1.9210","0.0013"
"171.5680","1.8409","0.0014"
"171.5880","1.7609","0.0014"
"171.6080","1.6809","0.0014"
"171.6280","1.6009","0.0013"
"171.6480","1.5209","0.0013"
"171.6680","1.4410","0.0013"
"171.6880","1.3609","0.0012"
"171.7080","1.2809","0.0011"
"171.7280","1.2009","0.0012"
"171.7480","1.1208","0.0013"
"171.7680","1.0409","0.0013"
"171.7880","0.9609","0.0013"
"171.8080","0.8810","0.0012"
"171.8280","0.8010","0.0012"
"171.8480","0.7210","0.0012"
"171.8680","0.6410","0.0013"
"171.8880","0.5610","0.0012"
"171.9080","0.4809","0.0011"
"171.9280","0.4009","0.0011"
"171.9480","0.3209","0.0010"
"171.9680","0.2410","0.0008"
"171.9880","0.1610","0.0005"
"172.0040","0.0970","-0.0001"
"172.0050","0.0930","-0.0001"
"172.0060","0.0890","-0.0001"
"172.0260","0.0100","-0.0005"
"172.0460","-0.0545","-0.0006"
"172.0660","-0.0840","-0.0005"
"172.0860","-0.0706","-0.0003"
"172.1060","-0.0162","0.0001"
"172.1260","0.0625","0.0002"
"172.1460","0.1434","0.0006"
"172.1660","0.2210","0.0011"
"172.1860","0.2989","0.0012"
"172.2060","0.3795","0.0013"
"172.2260","0.4618","0.0013"
"172.2460","0.5438","0.0013"
"172.2660","0.6249","0.0013"
"172.2860","0.7051","0.0014"
"172.3060","0.7848","0.0014"
"172.3260","0.8646","0.0014"
"172.3460","0.9447","0.0014"
"172.3660","1.0248","0.0014"
"172.3860","1.1050","0.0013"
"172.4060","1.1851","0.0013"
"172.4260","1.2651","0.0013"
"172.4460","1.3451","0.0013"
"172.4660","1.4250","0.0013"
"172.4860","1.5050","0.0012"
"172.5060","1.5850","0.0013"
"172.5260","1.6651","0.0013"
"172.5460","1.7450","0.0013"
"172.5660","1.8250","0.0013"
"172.5860","1.9050","0.0012"
"172.6060","1.9850","0.0012"
"172.6260","2.0650","0.0013"
"172.6460","2.1451","0.0014"
"172.6660","2.2250","0.0015"
"172.6860","2.3050","0.0014"
"172.7060","2.3850","0.0014"
"172.7260","2.4650","0.0013"
"172.7460","2.5450","0.0013"
"172.7660","2.6250","0.0013"
"172.7860","2.7050","0.0015"
"172.8060","2.7850","0.0015"
"172.8260","2.8650","0.0015"
"172.8460","2.9450","0.0015"
"172.8600","3.0010","0.0015"
"172.8610","3.0050","0.0015"
"172.8620","3.0090","0.0014"
"172.8820","3.0880","0.0011"
"172.9020","3.1527","0.0006"
"172.9220","3.1833","0.0005"
"172.9420","3.1719","0.0005"
"172.9620","3.1199","0.0008"
"172.9820","3.0416","0.0015"
"173.0020","2.9602","0.0016"
"173.0220","2.8825","0.0015"
"173.0420","2.8051","0.0014"
"173.0620","2.7252","0.0014"
"173.0820","2.6433","0.0014"
"173.1020","2.5611","0.0013"
"173.1220","2.4798","0.0014"
"173.1420","2.3995","0.0013"
"173.1620","2.3197","0.0012"
"173.1820","2.2399","0.0012"
"173.2020","2.1599","0.0013"
"173.2220","2.0797","0.0013"
"173.2420","1.9997","0.0013"
"173.2620","1.9196","0.0013"
"173.2820","1.8395","0.0014"
"173.3020","1.7596","0.0013"
"173.3220","1.6795","0.0013"
"173.3420","1.5995","0.0013"
"173.3620","1.5196","0.0013"
"173.3820","1.4396","0.0013"
"173.4020","1.3596","0.0013"
"173.4220","1.2796","0.0012"
"173.4420","1.1995","0.0012"
"173.4620","1.1195","0.0012"
"173.4820","1.0395","0.0012"
"173.5020","0.9595","0.0012"
"173.5220","0.8796","0.0011"
"173.5420","0.7996","0.0012"
"173.5620","0.7196","0.0012"
"173.5820","0.6396","0.0013"
"173.6020","0.5596","0.0012"
"173.6220","0.4795","0.0011"
"173.6420","0.3995","0.0010"
"173.6620","0.3195","0.0010"
"173.6820","0.2395","0.0009"
"173.7020","0.1596","0.0005"
"173.7170","0.0996","0.0000"
"173.7180","0.0956","0.0000"
"173.7190","0.0916","-0.0001"
"173.7390","0.0126","-0.0006"
"173.7590","-0.0519","-0.0005"
"173.7790","-0.0815","-0.0006"
"173.7990","-0.0684","-0.0002"
"173.8190","-0.0144","0.0000"
"173.8390","0.0640","0.0002"
"173.8590","0.1447","0.0007"
"173.8790","0.2224","0.0011"
"173.8990","0.3004","0.0012"
"173.9190","0.3810","0.0013"
"173.9390","0.4634","0.0012"
"173.9590","0.5455","0.0012"
"173.9790","0.6265","0.0012"
"173.9990","0.7067","0.0012"
"174.0190","0.7865","0.0012"
"174.0390","0.8663","0.0013"
"174.0590","0.9463","0.0014"
"174.0790","1.0264","0.0014"
"174.0990","1.1066","0.0014"
"174.1190","1.1867","0.0013"
"174.1390","1.2667","0.0013"
"174.1590","1.3467","0.0014"
"174.1790","1.4267","0.0013"
"174.1990","1.5067","0.0013"
"174.2190","1.5867","0.0013"
"174.2390","1.6667","0.0013"
"174.2590","1.7467","0.0014"
"174.2790","1.8266","0.0013"
"174.2990","1.9066","0.0013"
"174.3190","1.9866","0.0013"
"174.3390","2.0667","0.0014"
"174.3590","2.1468","0.0015"
"174.3790","2.2267","0.0014"
"174.3990","2.3067","0.0013"
"174.4190","2.3867","0.0013"
"174.4390","2.4667","0.0013"
"174.4590","2.5467","0.0014"
"174.4790","2.6267","0.0013"
"174.4990","2.7067","0.0014"
"174.5190","2.7866","0.0015"
"174.5390","2.8667","0.0014"
"174.5590","2.9467","0.0014"
"174.5730","3.0027","0.0014"
"174.5740","3.0067","0.0014"
"174.5750","3.0107","0.0014"
"174.5950","3.0897","0.0011"
"174.6150","3.1544","0.0006"
"174.6350","3.1850","0.0005"
"174.6550","3.1736","0.0005"
"174.6750","3.1216","0.0007"
"174.6950","3.0433","0.0014"
"174.7150","2.9619","0.0016"
"174.7350","2.8843","0.0014"
"174.7550","2.8068","0.0012"
"174.7750","2.7269","0.0013"
"174.7950","2.6449","0.0013"
"174.8150","2.5627","0.0013"
"174.8350","2.4815","0.0013"
"174.8550","2.4012","0.0013"
"174.8750","2.3213","0.0013"
"174.8950","2.2416","0.0013"
"174.9150","2.1616","0.0013"
"174.9350","2.0815","0.0014"
"174.9550","2.0014","0.0014"
"174.9750","1.9213","0.0013"
"174.9950","1.8413","0.0013"
"175.0150","1.7613","0.0013"
"175.0350","1.6813","0.0013"
"175.0550","1.6012","0.0013"
"175.0750","1.5212","0.0013"
"175.0950","1.4412","0.0013"
"175.1150","1.3612","0.0014"
"175.1350","1.2812","0.0013"
"175.1550","1.2011","0.0013"
"175.1750","1.1211","0.0013"
"175.1950","1.0411","0.0013"
"175.2150","0.9612","0.0012"
"175.2350","0.8812","0.0012"
"175.2550","0.8013","0.0013"
"175.2750","0.7213","0.0012"
"175.2950","0.6413","0.0012"
"175.3150","0.5612","0.0012"
"175.3350","0.4812","0.0012"
"175.3550","0.4012","0.0012"
"175.3750","0.3212","0.0010"
"175.3950","0.2412","0.0008"
"175.4150","0.1612","0.0005"
"175.4310","0.0973","0.0000"
"175.4320","0.0933","-0.0001"
"175.4330","0.0893","-0.0001"
"175.4530","0.0103","-0.0005"
"175.4730","-0.0542","-0.0005"
"175.4930","-0.0836","-0.0006"
"175.5130","-0.0701","-0.0002"
"175.5330","-0.0157","0.0001"
"175.5530","0.0631","0.0003"
"175.5730","0.1440","0.0008"
"175.5930","0.2217","0.0011"
"175.6130","0.2995","0.0013"
"175.6330","0.3800","0.0013"
"175.6530","0.4622","0.0012"
"175.6730","0.5443","0.0013"
"175.6930","0.6254","0.0013"
"175.7130","0.7056","0.0013"
"175.7330","0.7854","0.0013"
"175.7530","0.8652","0.0014"
"175.7730","0.9452","0.0014"
"175.7930","1.0253","0.0014"
"175.8130","1.1054","0.0014"
"175.8330","1.1855","0.0014"
"175.8530","1.2656","0.0014"
"175.8730","1.3456","0.0013"
"175.8930","1.4256","0.0013"
"175.9130","1.5055","0.0014"
"175.9330","1.5855","0.0014"
"175.9530","1.6655","0.0014"
"175.9730","1.7455","0.0014"
"175.9930","1.8255","0.0015"
"176.0130","1.9055","0.0015"
"176.0330","1.9855","0.0014"
"176.0530","2.0656","0.0014"
"176.0730","2.1456","0.0014"
"176.0930","2.2256","0.0014"
"176.1130","2.3055","0.0014"
"176.1330","2.3856","0.0014"
"176.1530","2.4655","0.0013"
"176.1730","2.5455","0.0013"
"176.1930","2.6255","0.0013"
"176.2130","2.7055","0.0014"
"176.2330","2.7854","0.0013"
"176.2530","2.8655","0.0014"
"176.2730","2.9455","0.0014"
"176.2870","3.0015","0.0014"
"176.2880","3.0055","0.0014"
"176.2890","3.0095","0.0014"
"176.3090","3.0886","0.0011"
"176.3290","3.1533","0.0005"
"176.3490","3.1838","0.0004"
"176.3690","3.1725","0.0004"
"176.3890","3.1206","0.0008"
"176.4090","3.0425","0.0014"
"176.4290","2.9611","0.0014"
"176.4490","2.8833","0.0014"
"176.4690","2.8059","0.0013"
"176.4890","2.7260","0.0014"
"176.5090","2.6441","0.0013"
"176.5290","2.5619","0.0013"
"176.5490","2.4806","0.0014"
"176.5690","2.4003","0.0013"
"176.5890","2.3204","0.0013"
"176.6090","2.2406","0.0013"
"176.6290","2.1607","0.0013"
"176.6490","2.0806","0.0014"
"176.6690","2.0005","0.0013"
"176.6890","1.9204","0.0012"
"176.7090","1.8403","0.0012"
"176.7290","1.7603","0.0013"
"176.7490","1.6803","0.0013"
"176.7690","1.6003","0.0013"
"176.7890","1.5203","0.0013"
"176.8090","1.4404","0.0012"
"176.8290","1.3603","0.0012"
"176.8490","1.2803","0.0012"
"176.8690","1.2003","0.0012"
"176.8890","1.1202","0.0012"
"176.9090","1.0403","0.0012"
"176.9290","0.9603","0.0013"
"176.9490","0.8803","0.0012"
"176.9690","0.8004","0.0013"
"176.9890","0.7204","0.0012"
"177.0090","0.6404","0.0012"
"177.0290","0.5603","0.0011"
"177.0490","0.4803","0.0011"
"177.0690","0.4002","0.0011"
"177.0890","0.3203","0.0011"
"177.1090","0.2403","0.0008"
"177.1290","0.1603","0.0004"
"177.1450","0.0963","-0.0001"
"177.1460","0.0923","-0.0001"
"177.1470","0.0883","-0.0001"
"177.1670","0.0093","-0.0006"
"177.1870","-0.0551","-0.0006"
"177.2070","-0.0847","-0.0007"
"177.2270","-0.0714","-0.0004"
"177.2470","-0.0172","-0.0001"
"177.2670","0.0614","0.0001"
"177.2870","0.1423","0.0007"
"177.3070","0.2199","0.0011"
"177.3270","0.2978","0.0012"
"177.3470","0.3784","0.0013"
"177.3670","0.4607","0.0013"
"177.3870","0.5428","0.0013"
"177.4070","0.6238","0.0013"
"177.4270","0.7041","0.0013"
"177.4470","0.7838","0.0013"
"177.4670","0.8636","0.0013"
"177.4870","0.9437","0.0014"
"177.5070","1.0238","0.0014"
"177.5270","1.1039","0.0014"
"177.5470","1.1840","0.0013"
"177.5670","1.2640","0.0013"
"177.5870","1.3440","0.0013"
"177.6070","1.4240","0.0014"
"177.6270","1.5040","0.0014"
"177.6470","1.5840","0.0014"
"177.6670","1.6640","0.0013"
"177.6870","1.7440","0.0013"
"177.7070","1.8240","0.0013"
"177.7270","1.9040","0.0013"
"177.7470","1.9840","0.0013"
"177.7670","2.0640","0.0013"
"177.7870","2.1440","0.0014"
"177.8070","2.2240","0.0014"
"177.8270","2.3040","0.0013"
"177.8470","2.3840","0.0014"
"177.8670","2.4640","0.0014"
"177.8870","2.5440","0.0014"
"177.9070","2.6240","0.0014"
"177.9270","2.7039","0.0014"
"177.9470","2.7839","0.0014"
"177.9670","2.8640","0.0014"
"177.9870","2.9440","0.0015"
"178.0010","3.0000","0.0014"
"178.0020","3.0040","0.0014"
"178.0030","3.0080","0.0014"
"178.0230","3.0870","0.0011"
"178.0430","3.1517","0.0005"
"178.0630","3.1823","0.0003"
"178.0830","3.1709","0.0004"
"178.1030","3.1189","0.0007"
"178.1230","3.0407","0.0013"
"178.1430","2.9593","0.0014"
"178.1630","2.8816","0.0014"
"178.1830","2.8041","0.0013"
"178.2030","2.7243","0.0013"
"178.2230","2.6423","0.0014"
"178.2430","2.5601","0.0013"
"178.2630","2.4788","0.0013"
"178.2830","2.3985","0.0013"
"178.3030","2.3187","0.0013"
"178.3230","2.2390","0.0014"
"178.3430","2.1590","0.0013"
"178.3630","2.0789","0.0013"
"178.3830","1.9988","0.0014"
"178.4030","1.9187","0.0012"
"178.4230","1.8387","0.0012"
"178.4430","1.7587","0.0013"
"178.4630","1.6787","0.0013"
"178.4830","1.5986","0.0014"
"178.5030","1.5186","0.0014"
"178.5230","1.4386","0.0013"
"178.5430","1.3586","0.0013"
"178.5630","1.2786","0.0013"
"178.5830","1.1985","0.0013"
"178.6030","1.1185","0.0013"
"178.6230","1.0385","0.0012"
"178.6430","0.9586","0.0012"
"178.6630","0.8786","0.0012"
"178.6830","0.7987","0.0012"
"178.7030","0.7187","0.0012"
"178.7230","0.6387","0.0013"
"178.7430","0.5586","0.0012"
"178.7630","0.4785","0.0012"
"178.7830","0.3985","0.0012"
"178.8030","0.3185","0.0010"
"178.8230","0.2386","0.0008"
"178.8430","0.1586","0.0005"
"178.8580","0.0986","0.0001"
"178.8590","0.0946","0.0000"
"178.8600","0.0906","0.0000"
"178.8800","0.0116","-0.0004"
"178.9000","-0.0528","-0.0004"
"178.9200","-0.0824","-0.0005"
"178.9400","-0.0691","-0.0003"
"178.9600","-0.0150","0.0000"
"178.9800","0.0636","0.0002"
"179.0000","0.1444","0.0007"
"179.0200","0.2221","0.0012"
"179.0400","0.3000","0.0014"
"179.0600","0.3806","0.0014"
"179.0800","0.4629","0.0013"
"179.1000","0.5450","0.0013"
"179.1200","0.6260","0.0013"
"179.1400","0.7062","0.0013"
"179.1600","0.7860","0.0013"
"179.1800","0.8658","0.0014"
"179.2000","0.9459","0.0014"
"179.2200","1.0260","0.0014"
"179.2400","1.1061","0.0013"
"179.2600","1.1862","0.0014"
"179.2800","1.2663","0.0014"
"179.3000","1.3463","0.0014"
"179.3200","1.4263","0.0013"
"179.3400","1.5062","0.0013"
"179.3600","1.5862","0.0013"
"179.3800","1.6662","0.0014"
"179.4000","1.7462","0.0014"
"179.4200","1.8262","0.0014"
"179.4400","1.9062","0.0014"
"179.4600","1.9862","0.0014"
"179.4800","2.0663","0.0013"
"179.5000","2.1463","0.0013"
"179.5200","2.2263","0.0013"
"179.5400","2.3062","0.0013"
"179.5600","2.3863","0.0014"
"179.5800","2.4662","0.0015"
"179.6000","2.5462","0.0014"
"179.6200","2.6262","0.0013"
"179.6400","2.7062","0.0013"
"179.6600","2.7861","0.0013"
"179.6800","2.8662","0.0014"
"179.7000","2.9462","0.0014"
"179.7140","3.0022","0.0014"
"179.7150","3.0062","0.0014"
"179.7160","3.0102","0.0014"
"179.7360","3.0893","0.0011"
"179.7560","3.1540","0.0006"
"179.7760","3.1845","0.0004"
"179.7960","3.1731","0.0005"
"179.8160","3.1211","0.0007"
"179.8360","3.0429","0.0015"
"179.8560","2.9616","0.0015"
"179.8760","2.8839","0.0015"
"179.8960","2.8064","0.0013"
"179.9160","2.7265","0.0014"
"179.9360","2.6445","0.0014"
"179.9560","2.5623","0.0015"
"179.9760","2.4810","0.0014"
"179.9960","2.4007","0.0014"
"180.0160","2.3210","0.0013"
"180.0360","2.2412","0.0013"
"180.0560","2.1612","0.0014"
"180.0760","2.0811","0.0014"
"180.0960","2.0010","0.0014"
"180.1160","1.9209","0.0014"
"180.1360","1.8408","0.0014"
"180.1560","1.7608","0.0013"
"180.1760","1.6807","0.0013"
"180.1960","1.6007","0.0013"
"180.2160","1.5208","0.0013"
"180.2360","1.4408","0.0013"
"180.2560","1.3607","0.0012"
"180.2760","1.2807","0.0013"
"180.2960","1.2007","0.0013"
"180.3160","1.1206","0.0013"
"180.3360","1.0407","0.0013"
"180.3560","0.9607","0.0012"
"180.3760","0.8808","0.0012"
"180.3960","0.8008","0.0013"
"180.4160","0.7208","0.0012"
"180.4360","0.6408","0.0012"
"180.4560","0.5608","0.0012"
"180.4760","0.4807","0.0013"
"180.4960","0.4007","0.0012"
"180.5160","0.3208","0.0010"
"180.5360","0.2408","0.0008"
"180.5560","0.1608","0.0004"
"180.5720","0.0968","-0.0001"
"180.5730","0.0928","-0.0002"
"180.5740","0.0888","-0.0002"
"180.5940","0.0098","-0.0006"
"180.6140","-0.0547","-0.0005"
"180.6340","-0.0842","-0.0006"
"180.6540","-0.0709","-0.0002"
"180.6740","-0.0166","0.0001"
"180.6940","0.0621","0.0003"
"180.7140","0.1430","0.0008"
"180.7340","0.2206","0.0012"
"180.7540","0.2984","0.0012"
"180.7740","0.3790","0.0012"
"180.7940","0.4613","0.0012"
"180.8140","0.5434","0.0012"
"180.8340","0.6244","0.0013"
"180.8540","0.7046","0.0014"
"180.8740","0.7844","0.0015"
"180.8940","0.8642","0.0014"
"180.9140","0.9443","0.0013"
"180.9340","1.0244","0.0013"
"180.9540","1.1045","0.0013"
"180.9740","1.1846","0.0013"
"180.9940","1.2646","0.0014"
"181.0140","1.3447","0.0014"
"181.0340","1.4247","0.0015"
"181.0540","1.5046","0.0014"
"181.0740","1.5846","0.0013"
"181.0940","1.6646","0.0013"
"181.1140","1.7446","0.0013"
"181.1340","1.8245","0.0014"
"181.1540","1.9046","0.0015"
"181.1740","1.9846","0.0014"
"181.1940","2.0646","0.0015"
"181.2140","2.1447","0.0014"
"181.2340","2.2246","0.0014"
"181.2540","2.3046","0.0014"
"181.2740","2.3846","0.0013"
"181.2940","2.4646","0.0014"
"181.3140","2.5446","0.0014"
"181.3340","2.6246","0.0014"
"181.3540","2.7045","0.0014"
"181.3740","2.7845","0.0014"
"181.3940","2.8646","0.0014"
"181.4140","2.9446","0.0014"
"181.4280","3.0006","0.0014"
"181.4290","3.0046","0.0014"
"181.4300","3.0086","0.0014"
"181.4500","3.0876","0.0011"
"181.4700","3.1523","0.0006"
"181.4900","3.1829","0.0005"
"181.5100","3.1715","0.0003"
"181.5300","3.1195","0.0007"
"181.5500","3.0413","0.0014"
"181.5700","2.9598","0.0014"
"181.5900","2.8821","0.0013"
"181.6100","2.8047","0.0013"
"181.6300","2.7248","0.0013"
"181.6500","2.6429","0.0014"
"181.6700","2.5607","0.0014"
"181.6900","2.4795","0.0014"
"181.7100","2.3992","0.0014"
"181.7300","2.3194","0.0014"
"181.7500","2.2396","0.0013"
"181.7700","2.1595","0.0012"
"181.7900","2.0794","0.0013"
"181.8100","1.9993","0.0013"
"181.8300","1.9192","0.0013"
"181.8500","1.8392","0.0013"
"181.8700","1.7592","0.0012"
"181.8900","1.6792","0.0013"
"181.9100","1.5992","0.0013"
"181.9300","1.5192","0.0013"
"181.9500","1.4392","0.0013"
"181.9700","1.3592","0.0014"
"181.9900","1.2792","0.0013"
"182.0100","1.1992","0.0013"
"182.0300","1.1191","0.0014"
"182.0500","1.0392","0.0013"
"182.0700","0.9592","0.0011"
"182.0900","0.8792","0.0013"
"182.1100","0.7993","0.0012"
"182.1300","0.7193","0.0012"
"182.1500","0.6393","0.0011"
"182.1700","0.5592","0.0012"
"182.1900","0.4792","0.0011"
"182.2100","0.3991","0.0011"
"182.2300","0.3192","0.0010"
"182.2500","0.2392","0.0009"
"182.2700","0.1592","0.0004"
"182.2850","0.0992","0.0000"
"182.2860","0.0952","-0.0001"
"182.2870","0.0912","-0.0001"
"182.3070","0.0122","-0.0005"
"182.3270","-0.0522","-0.0006"
"182.3470","-0.0818","-0.0006"
"182.3670","-0.0687","-0.0003"
"182.3870","-0.0146","0.0000"
"182.4070","0.0638","0.0002"
"182.4270","0.1446","0.0007"
"182.4470","0.2223","0.0011"
"182.4670","0.3003","0.0014"
"182.4870","0.3809","0.0014"
"182.5070","0.4632","0.0013"
"182.5270","0.5452","0.0013"
"182.5470","0.6263","0.0013"
"182.5670","0.7065","0.0014"
"182.5870","0.7863","0.0013"
"182.6070","0.8661","0.0014"
"182.6270","0.9462","0.0013"
"182.6470","1.0263","0.0014"
"182.6670","1.1064","0.0013"
"182.6870","1.1865","0.0013"
"182.7070","1.2665","0.0013"
"182.7270","1.3465","0.0014"
"182.7470","1.4265","0.0014"
"182.7670","1.5065","0.0013"
"182.7870","1.5865","0.0014"
"182.8070","1.6665","0.0014"
"182.8270","1.7465","0.0014"
"182.8470","1.8265","0.0013"
"182.8670","1.9065","0.0014"
"182.8870","1.9865","0.0014"
"182.9070","2.0665","0.0014"
"182.9270","2.1466","0.0014"
"182.9470","2.2265","0.0014"
"182.9670","2.3065","0.0014"
"182.9870","2.3865","0.0014"
"183.0070","2.4665","0.0014"
"183.0270","2.5465","0.0014"
"183.0470","2.6265","0.0014"
"183.0670","2.7065","0.0013"
"183.0870","2.7865","0.0013"
"183.1070","2.8665","0.0013"
"183.1270","2.9465","0.0014"
"183.1410","3.0025","0.0014"
"183.1420","3.0065","0.0014"
"183.1430","3.0105","0.0014"
"183.1630","3.0895","0.0010"
"183.1830","3.1542","0.0006"
"183.2030","3.1847","0.0005"
"183.2230","3.1733","0.0005"
"183.2430","3.1212","0.0007"
"183.2630","3.0430","0.0014"
"183.2830","2.9615","0.0014"
"183.3030","2.8837","0.0014"
"183.3230","2.8063","0.0013"
"183.3430","2.7265","0.0014"
"183.3630","2.6446","0.0014"
"183.3830","2.5624","0.0015"
"183.4030","2.4811","0.0014"
"183.4230","2.4008","0.0014"
"183.4430","2.3210","0.0014"
"183.4630","2.2412","0.0014"
"183.4830","2.1612","0.0013"
"183.5030","2.0811","0.0013"
"183.5230","2.0011","0.0013"
"183.5430","1.9210","0.0012"
"183.5630","1.8409","0.0012"
"183.5830","1.7610","0.0014"
"183.6030","1.6810","0.0014"
"183.6230","1.6009","0.0013"
"183.6430","1.5209","0.0013"
"183.6630","1.4409","0.0013"
"183.6830","1.3609","0.0013"
"183.7030","1.2808","0.0013"
"183.7230","1.2008","0.0012"
"183.7430","1.1207","0.0013"
"183.7630","1.0408","0.0013"
"183.7830","0.9609","0.0013"
"183.8030","0.8809","0.0014"
"183.8230","0.8009","0.0013"
"183.8430","0.7209","0.0013"
"183.8630","0.6409","0.0013"
"183.8830","0.5609","0.0013"
"183.9030","0.4808","0.0012"
"183.9230","0.4008","0.0011"
"183.9430","0.3208","0.0010"
"183.9630","0.2409","0.0008"
"183.9830","0.1609","0.0005"
"183.9990","0.0969","0.0000"
"184.0000","0.0929","-0.0001"
"184.0010","0.0889","-0.0001"
"184.0210","0.0099","-0.0005"
"184.0410","-0.0546","-0.0005"
"184.0610","-0.0841","-0.0005"
"184.0810","-0.0707","-0.0002"
"184.1010","-0.0164","0.0001"
"184.1210","0.0623","0.0003"
"184.1410","0.1432","0.0008"
"184.1610","0.2208","0.0011"
"184.1810","0.2986","0.0014"
"184.2010","0.3791","0.0014"
"184.2210","0.4614","0.0013"
"184.2410","0.5435","0.0013"
"184.2610","0.6246","0.0014"
"184.2810","0.7048","0.0014"
"184.3010","0.7846","0.0014"
"184.3210","0.8644","0.0014"
"184.3410","0.9444","0.0013"
"184.3610","1.0245","0.0013"
"184.3810","1.1047","0.0014"
"184.4010","1.1848","0.0014"
"184.4210","1.2648","0.0014"
"184.4410","1.3448","0.0014"
"184.4610","1.4248","0.0014"
"184.4810","1.5048","0.0013"
"184.5010","1.5848","0.0014"
"184.5210","1.6648","0.0014"
"184.5410","1.7448","0.0014"
"184.5610","1.8247","0.0014"
"184.5810","1.9047","0.0014"
"184.6010","1.9848","0.0014"
"184.6210","2.0648","0.0014"
"184.6410","2.1448","0.0014"
"184.6610","2.2248","0.0014"
"184.6810","2.3048","0.0014"
"184.7010","2.3848","0.0015"
"184.7210","2.4648","0.0014"
"184.7410","2.5448","0.0014"
"184.7610","2.6247","0.0014"
"184.7810","2.7047","0.0014"
"184.8010","2.7847","0.0013"
"184.8210","2.8647","0.0013"
"184.8410","2.9448","0.0014"
"184.8550","3.0008","0.0014"
"184.8560","3.0048","0.0014"
"184.8570","3.0088","0.0014"
"184.8770","3.0878","0.0012"
"184.8970","3.1525","0.0007"
"184.9170","3.1830","0.0005"
"184.9370","3.1716","0.0005"
"184.9570","3.1196","0.0008"
"184.9770","3.0413","0.0015"
"184.9970","2.9599","0.0015"
"185.0170","2.8821","0.0014"
"185.0370","2.8048","0.0013"
"185.0570","2.7249","0.0014"
"185.0770","2.6430","0.0014"
"185.0970","2.5608","0.0015"
"185.1170","2.4795","0.0015"
"185.1370","2.3992","0.0014"
"185.1570","2.3193","0.0014"
"185.1770","2.2396","0.0014"
"185.1970","2.1596","0.0014"
"185.2170","2.0795","0.0013"
"185.2370","1.9994","0.0012"
"185.2570","1.9193","0.0013"
"185.2770","1.8392","0.0014"
"185.2970","1.7592","0.0013"
"185.3170","1.6792","0.0014"
"185.3370","1.5992","0.0014"
"185.3570","1.5193","0.0014"
"185.3770","1.4393","0.0013"
"185.3970","1.3593","0.0013"
"185.4170","1.2792","0.0014"
"185.4370","1.1992","0.0014"
"185.4570","1.1191","0.0013"
"185.4770","1.0392","0.0013"
"185.4970","0.9592","0.0014"
"185.5170","0.8792","0.0013"
"185.5370","0.7993","0.0013"
"185.5570","0.7193","0.0012"
"185.5770","0.6393","0.0013"
"185.5970","0.5593","0.0013"
"185.6170","0.4792","0.0012"
"185.6370","0.3992","0.0011"
"185.6570","0.3192","0.0010"
"185.6770","0.2392","0.0008"
"185.6970","0.1592","0.0005"
"185.7120","0.0993","0.0000"
"185.7130","0.0953","0.0000"
"185.7140","0.0913","-0.0001"
"185.7340","0.0122","-0.0005"
"185.7540","-0.0522","-0.0006"
"185.7740","-0.0818","-0.0006"
"185.7940","-0.0687","-0.0003"
"185.8140","-0.0146","0.0000"
"185.8340","0.0638","0.0003"
"185.8540","0.1446","0.0009"
"185.8740","0.2222","0.0013"
"185.8940","0.3002","0.0013"
"185.9140","0.3809","0.0013"
"185.9340","0.4632","0.0013"
"185.9540","0.5452","0.0013"
"185.9740","0.6263","0.0013"
"185.9940","0.7065","0.0014"
"186.0140","0.7863","0.0014"
"186.0340","0.8662","0.0015"
"186.0540","0.9462","0.0014"
"186.0740","1.0263","0.0014"
"186.0940","1.1064","0.0014"
"186.1140","1.1865","0.0014"
"186.1340","1.2665","0.0014"
"186.1540","1.3465","0.0015"
"186.1740","1.4265","0.0014"
"186.1940","1.5065","0.0014"
"186.2140","1.5865","0.0013"
"186.2340","1.6665","0.0014"
"186.2540","1.7465","0.0014"
"186.2740","1.8265","0.0012"
"186.2940","1.9065","0.0012"
"186.3140","1.9865","0.0013"
"186.3340","2.0665","0.0014"
"186.3540","2.1465","0.0014"
"186.3740","2.2265","0.0014"
"186.3940","2.3065","0.0014"
"186.4140","2.3865","0.0014"
"186.4340","2.4665","0.0015"
"186.4540","2.5465","0.0015"
"186.4740","2.6265","0.0015"
"186.4940","2.7064","0.0013"
"186.5140","2.7864","0.0013"
"186.5340","2.8665","0.0014"
"186.5540","2.9465","0.0014"
"186.5680","3.0025","0.0014"
"186.5690","3.0065","0.0014"
"186.5700","3.0105","0.0014"
"186.5900","3.0895","0.0012"
"186.6100","3.1542","0.0006"
"186.6300","3.1847","0.0005"
"186.6500","3.1733","0.0005"
"186.6700","3.1213","0.0008"
"186.6900","3.0431","0.0013"
"186.7100","2.9616","0.0015"
"186.7300","2.8838","0.0014"
"186.7500","2.8064","0.0013"
"186.7700","2.7266","0.0013"
"186.7900","2.6447","0.0014"
"186.8100","2.5625","0.0014"
"186.8300","2.4812","0.0015"
"186.8500","2.4009","0.0014"
"186.8700","2.3210","0.0014"
"186.8900","2.2413","0.0013"
"186.9100","2.1613","0.0013"
"186.9300","2.0812","0.0013"
"186.9500","2.0011","0.0014"
"186.9700","1.9210","0.0013"
"186.9900","1.8410","0.0013"
"187.0100","1.7610","0.0014"
"187.0300","1.6810","0.0015"
"187.0500","1.6010","0.0015"
"187.0700","1.5210","0.0013"
"187.0900","1.4410","0.0013"
"187.1100","1.3609","0.0014"
"187.1300","1.2809","0.0014"
"187.1500","1.2008","0.0014"
"187.1700","1.1208","0.0013"
"187.1900","1.0409","0.0013"
"187.2100","0.9609","0.0014"
"187.2300","0.8809","0.0014"
"187.2500","0.8010","0.0013"
"187.2700","0.7210","0.0013"
"187.2900","0.6410","0.0012"
"187.3100","0.5609","0.0012"
"187.3300","0.4809","0.0012"
"187.3500","0.4009","0.0012"
"187.3700","0.3209","0.0011"
"187.3900","0.2409","0.0010"
"187.4100","0.1609","0.0005"
"187.4260","0.0970","0.0000"
"187.4270","0.0930","0.0000"
"187.4280","0.0890","0.0000"
"187.4480","0.0099","-0.0005"
"187.4680","-0.0545","-0.0005"
"187.4880","-0.0841","-0.0006"
"187.5080","-0.0708","-0.0003"
"187.5280","-0.0165","0.0000"
"187.5480","0.0622","0.0002"
"187.5680","0.1431","0.0008"
"187.5880","0.2208","0.0012"
"187.6080","0.2986","0.0013"
"187.6280","0.3791","0.0014"
"187.6480","0.4614","0.0013"
"187.6680","0.5435","0.0014"
"187.6880","0.6245","0.0014"
"187.7080","0.7048","0.0013"
"187.7280","0.7846","0.0014"
"187.7480","0.8644","0.0015"
"187.7680","0.9444","0.0013"
"187.7880","1.0245","0.0014"
"187.8080","1.1046","0.0013"
"187.8280","1.1847","0.0013"
"187.8480","1.2647","0.0014"
"187.8680","1.3447","0.0015"
"187.8880","1.4247","0.0015"
"187.9080","1.5047","0.0014"
"187.9280","1.5847","0.0014"
"187.9480","1.6648","0.0013"
"187.9680","1.7447","0.0013"
"187.9880","1.8247","0.0014"
"188.0080","1.9047","0.0014"
"188.0280","1.9847","0.0015"
"188.0480","2.0648","0.0014"
"188.0680","2.1448","0.0014"
"188.0880","2.2248","0.0014"
"188.1080","2.3047","0.0015"
"188.1280","2.3847","0.0014"
"188.1480","2.4647","0.0013"
"188.1680","2.5447","0.0014"
"188.1880","2.6247","0.0014"
"188.2080","2.7046","0.0015"
"188.2280","2.7846","0.0015"
"188.2480","2.8647","0.0014"
"188.2680","2.9447","0.0013"
"188.2820","3.0007","0.0012"
"188.2830","3.0047","0.0012"
"188.2840","3.0087","0.0012"
"188.3040","3.0877","0.0010"
"188.3240","3.1524","0.0007"
"188.3440","3.1830","0.0005"
"188.3640","3.1716","0.0006"
"188.3840","3.1197","0.0007"
"188.4040","3.0414","0.0014"
"188.4240","2.9601","0.0015"
"188.4440","2.8823","0.0014"
"188.4640","2.8049","0.0012"
"188.4840","2.7250","0.0013"
"188.5040","2.6431","0.0014"
"188.5240","2.5609","0.0014"
"188.5440","2.4796","0.0014"
"188.5640","2.3993","0.0013"
"188.5840","2.3194","0.0013"
"188.6040","2.2396","0.0013"
"188.6240","2.1597","0.0013"
"188.6440","2.0796","0.0013"
"188.6640","1.9995","0.0014"
"188.6840","1.9194","0.0013"
"188.7040","1.8393","0.0013"
"188.7240","1.7593","0.0013"
"188.7440","1.6793","0.0014"
"188.7640","1.5993","0.0014"
"188.7840","1.5193","0.0014"
"188.8040","1.4394","0.0014"
"188.8240","1.3593","0.0014"
"188.8440","1.2793","0.0014"
"188.8640","1.1993","0.0014"
"188.8840","1.1192","0.0014"
"188.9040","1.0393","0.0013"
"188.9240","0.9593","0.0013"
"188.9440","0.8793","0.0013"
"188.9640","0.7994","0.0013"
"188.9840","0.7194","0.0012"
"189.0040","0.6394","0.0012"
"189.0240","0.5593","0.0012"
"189.0440","0.4793","0.0012"
"189.0640","0.3992","0.0012"
"189.0840","0.3193","0.0011"
"189.1040","0.2393","0.0008"
"189.1240","0.1593","0.0005"
"189.1390","0.0994","0.0000"
"189.1400","0.0954","0.0000"
"189.1410","0.0914","-0.0001"
"189.1610","0.0123","-0.0005"
"189.1810","-0.0522","-0.0004"
"189.2010","-0.0818","-0.0006"
"189.2210","-0.0687","-0.0002"
"189.2410","-0.0148","0.0000"
"189.2610","0.0637","0.0003"
"189.2810","0.1444","0.0008"
"189.3010","0.2221","0.0012"
"189.3210","0.3002","0.0013"
"189.3410","0.3808","0.0014"
"189.3610","0.4630","0.0013"
"189.3810","0.5451","0.0012"
"189.4010","0.6262","0.0013"
"189.4210","0.7064","0.0013"
"189.4410","0.7862","0.0013"
"189.4610","0.8660","0.0014"
"189.4810","0.9460","0.0013"
"189.5010","1.0261","0.0014"
"189.5210","1.1062","0.0014"
"189.5410","1.1863","0.0015"
"189.5610","1.2664","0.0015"
"189.5810","1.3464","0.0015"
"189.6010","1.4264","0.0015"
"189.6210","1.5064","0.0014"
"189.6410","1.5864","0.0014"
"189.6610","1.6664","0.0015"
"189.6810","1.7463","0.0015"
"189.7010","1.8263","0.0014"
"189.7210","1.9063","0.0015"
"189.7410","1.9864","0.0015"
"189.7610","2.0664","0.0014"
"189.7810","2.1464","0.0014"
"189.8010","2.2264","0.0014"
"189.8210","2.3064","0.0015"
"189.8410","2.3864","0.0014"
"189.8610","2.4664","0.0014"
"189.8810","2.5464","0.0014"
"189.9010","2.6264","0.0014"
"189.9210","2.7063","0.0014"
"189.9410","2.7863","0.0014"
"189.9610","2.8663","0.0014"
"189.9810","2.9464","0.0015"
"189.9950","3.0023","0.0014"
"189.9960","3.0063","0.0014"
"189.9970","3.0103","0.0014"
"190.0170","3.0894","0.0011"
"190.0370","3.1540","0.0007"
"190.0570","3.1846","0.0006"
"190.0770","3.1731","0.0005"
"190.0970","3.1211","0.0007"
"190.1170","3.0428","0.0013"
"190.1370","2.9614","0.0015"
"190.1570","2.8837","0.0014"
"190.1770","2.8063","0.0014"
"190.1970","2.7265","0.0014"
"190.2170","2.6445","0.0014"
"190.2370","2.5623","0.0015"
"190.2570","2.4810","0.0014"
"190.2770","2.4007","0.0014"
"190.2970","2.3209","0.0015"
"190.3170","2.2411","0.0015"
"190.3370","2.1611","0.0015"
"190.3570","2.0810","0.0013"
"190.3770","2.0009","0.0013"
"190.3970","1.9208","0.0013"
"190.4170","1.8408","0.0013"
"190.4370","1.7608","0.0013"
"190.4570","1.6808","0.0014"
"190.4770","1.6008","0.0014"
"190.4970","1.5208","0.0014"
"190.5170","1.4408","0.0013"
"190.5370","1.3608","0.0014"
"190.5570","1.2808","0.0014"
"190.5770","1.2007","0.0013"
"190.5970","1.1207","0.0013"
"190.6170","1.0407","0.0013"
"190.6370","0.9608","0.0013"
"190.6570","0.8808","0.0012"
"190.6770","0.8008","0.0012"
"190.6970","0.7208","0.0012"
"190.7170","0.6408","0.0013"
"190.7370","0.5608","0.0013"
"190.7570","0.4807","0.0012"
"190.7770","0.4007","0.0012"
"190.7970","0.3208","0.0011"
"190.8170","0.2408","0.0010"
"190.8370","0.1608","0.0007"
"190.8530","0.0968","0.0002"
"190.8540","0.0928","0.0001"
"190.8550","0.0888","0.0001"
"190.8750","0.0098","-0.0005"
"190.8950","-0.0547","-0.0005"
"190.9150","-0.0842","-0.0006"
"190.9350","-0.0708","-0.0003"
"190.9550","-0.0165","0.0000"
"190.9750","0.0622","0.0002"
"190.9950","0.1431","0.0008"
"191.0150","0.2208","0.0012"
"191.0350","0.2987","0.0014"
"191.0550","0.3791","0.0013"
"191.0750","0.4614","0.0013"
"191.0950","0.5434","0.0014"
"191.1150","0.6245","0.0012"
"191.1350","0.7047","0.0013"
"191.1550","0.7845","0.0014"
"191.1750","0.8644","0.0014"
"191.1950","0.9444","0.0014"
"191.2150","1.0245","0.0014"
"191.2350","1.1046","0.0014"
"191.2550","1.1847","0.0014"
"191.2750","1.2647","0.0013"
"191.2950","1.3447","0.0013"
"191.3150","1.4247","0.0015"
"191.3350","1.5047","0.0014"
"191.3550","1.5847","0.0014"
"191.3750","1.6648","0.0014"
"191.3950","1.7447","0.0014"
"191.4150","1.8247","0.0015"
"191.4350","1.9047","0.0015"
"191.4550","1.9847","0.0015"
"191.4750","2.0647","0.0015"
"191.4950","2.1448","0.0014"
"191.5150","2.2248","0.0013"
"191.5350","2.3047","0.0014"
"191.5550","2.3848","0.0014"
"191.5750","2.4647","0.0015"
"191.5950","2.5447","0.0015"
"191.6150","2.6247","0.0014"
"191.6350","2.7046","0.0013"
"191.6550","2.7846","0.0013"
"191.6750","2.8647","0.0013"
"191.6950","2.9447","0.0014"
"191.7090","3.0007","0.0014"
"191.7100","3.0047","0.0014"
"191.7110","3.0087","0.0014"
"191.7310","3.0877","0.0012"
"191.7510","3.1524","0.0007"
"191.7710","3.1830","0.0005"
"191.7910","3.1715","0.0006"
"191.8110","3.1196","0.0008"
"191.8310","3.0413","0.0014"
"191.8510","2.9599","0.0014"
"191.8710","2.8822","0.0013"
"191.8910","2.8048","0.0013"
"191.9110","2.7249","0.0014"
"191.9310","2.6430","0.0013"
"191.9510","2.5607","0.0014"
"191.9710","2.4795","0.0014"
"191.9910","2.3991","0.0014"
"192.0110","2.3193","0.0014"
"192.0310","2.2395","0.0014"
"192.0510","2.1596","0.0014"
"192.0710","2.0795","0.0013"
"192.0910","1.9993","0.0014"
"192.1110","1.9192","0.0015"
"192.1310","1.8392","0.0014"
"192.1510","1.7592","0.0014"
"192.1710","1.6792","0.0014"
"192.1910","1.5992","0.0014"
"192.2110","1.5192","0.0013"
"192.2310","1.4392","0.0013"
"192.2510","1.3592","0.0014"
"192.2710","1.2792","0.0014"
"192.2910","1.1991","0.0013"
"192.3110","1.1191","0.0013"
"192.3310","1.0392","0.0013"
"192.3510","0.9592","0.0014"
"192.3710","0.8792","0.0012"
"192.3910","0.7993","0.0012"
"192.4110","0.7193","0.0013"
"192.4310","0.6392","0.0013"
"192.4510","0.5592","0.0013"
"192.4710","0.4792","0.0011"
"192.4910","0.3992","0.0011"
"192.5110","0.3192","0.0011"
"192.5310","0.2392","0.0009"
"192.5510","0.1592","0.0005"
"192.5660","0.0992","0.0000"
"192.5670","0.0952","0.0000"
"192.5680","0.0912","-0.0001"
"192.5880","0.0122","-0.0005"
"192.6080","-0.0523","-0.0005"
"192.6280","-0.0819","-0.0004"
"192.6480","-0.0688","-0.0001"
"192.6680","-0.0148","0.0001"
"192.6880","0.0637","0.0003"
"192.7080","0.1444","0.0009"
"192.7280","0.2221","0.0012"
"192.7480","0.3001","0.0013"
"192.7680","0.3807","0.0014"
"192.7880","0.4630","0.0012"
"192.8080","0.5451","0.0013"
"192.8280","0.6262","0.0013"
"192.8480","0.7064","0.0014"
"192.8680","0.7862","0.0013"
"192.8880","0.8660","0.0014"
"192.9080","0.9460","0.0015"
"192.9280","1.0261","0.0015"
"192.9480","1.1063","0.0014"
"192.9680","1.1864","0.0014"
"192.9880","1.2664","0.0014"
"193.0080","1.3464","0.0014"
"193.0280","1.4264","0.0014"
"193.0480","1.5063","0.0014"
"193.0680","1.5863","0.0015"
"193.0880","1.6664","0.0016"
"193.1080","1.7464","0.0014"
"193.1280","1.8263","0.0014"
"193.1480","1.9064","0.0015"
"193.1680","1.9864","0.0014"
"193.1880","2.0664","0.0014"
"193.2080","2.1464","0.0014"
"193.2280","2.2264","0.0014"
"193.2480","2.3064","0.0015"
"193.2680","2.3864","0.0014"
"193.2880","2.4664","0.0015"
"193.3080","2.5463","0.0014"
"193.3280","2.6263","0.0014"
"193.3480","2.7063","0.0014"
"193.3680","2.7863","0.0014"
"193.3880","2.8664","0.0014"
"193.4080","2.9464","0.0014"
"193.4220","3.0024","0.0013"
"193.4230","3.0064","0.0013"
"193.4240","3.0104","0.0013"
"193.4440","3.0894","0.0011"
"193.4640","3.1541","0.0007"
"193.4840","3.1846","0.0005"
"193.5040","3.1732","0.0005"
"193.5240","3.1212","0.0008"
"193.5440","3.0430","0.0015"
"193.5640","2.9615","0.0015"
"193.5840","2.8837","0.0015"
"193.6040","2.8063","0.0014"
"193.6240","2.7265","0.0014"
"193.6440","2.6446","0.0014"
"193.6640","2.5624","0.0014"
"193.6840","2.4811","0.0014"
"193.7040","2.4008","0.0014"
"193.7240","2.3210","0.0014"
"193.7440","2.2412","0.0014"
"193.7640","2.1613","0.0014"
"193.7840","2.0811","0.0014"
"193.8040","2.0010","0.0014"
"193.8240","1.9210","0.0015"
"193.8440","1.8409","0.0015"
"193.8640","1.7610","0.0013"
"193.8840","1.6809","0.0013"
"193.9040","1.6008","0.0014"
"193.9240","1.5209","0.0014"
"193.9440","1.4409","0.0014"
"193.9640","1.3608","0.0014"
"193.9840","1.2808","0.0013"
"194.0040","1.2008","0.0014"
"194.0240","1.1207","0.0013"
"194.0440","1.0408","0.0013"
"194.0640","0.9608","0.0013"
"194.0840","0.8808","0.0012"
"194.1040","0.8009","0.0013"
"194.1240","0.7209","0.0014"
"194.1440","0.6409","0.0014"
"194.1640","0.5609","0.0014"
"194.1840","0.4808","0.0013"
"194.2040","0.4008","0.0012"
"194.2240","0.3208","0.0011"
"194.2440","0.2409","0.0009"
"194.2640","0.1609","0.0005"
"194.2800","0.0969","0.0000"
"194.2810","0.0929","0.0000"
"194.2820","0.0889","0.0000"
"194.3020","0.0099","-0.0005"
"194.3220","-0.0545","-0.0005"
"194.3420","-0.0841","-0.0005"
"194.3620","-0.0707","-0.0003"
"194.3820","-0.0164","0.0001"
"194.4020","0.0623","0.0003"
"194.4220","0.1432","0.0007"
"194.4420","0.2209","0.0012"
"194.4620","0.2987","0.0014"
"194.4820","0.3792","0.0014"
"194.5020","0.4614","0.0012"
"194.5220","0.5435","0.0013"
"194.5420","0.6246","0.0014"
"194.5620","0.7048","0.0014"
"194.5820","0.7847","0.0014"
"194.6020","0.8645","0.0014"
"194.6220","0.9445","0.0014"
"194.6420","1.0246","0.0014"
"194.6620","1.1047","0.0015"
"194.6820","1.1848","0.0015"
"194.7020","1.2648","0.0015"
"194.7220","1.3448","0.0013"
"194.7420","1.4249","0.0013"
"194.7620","1.5048","0.0013"
"194.7820","1.5848","0.0013"
"194.8020","1.6648","0.0013"
"194.8220","1.7448","0.0013"
"194.8420","1.8248","0.0013"
"194.8620","1.9048","0.0013"
"194.8820","1.9848","0.0014"
"194.9020","2.0649","0.0015"
"194.9220","2.1449","0.0015"
"194.9420","2.2249","0.0015"
"194.9620","2.3048","0.0014"
"194.9820","2.3848","0.0014"
"195.0020","2.4648","0.0015"
"195.0220","2.5448","0.0014"
"195.0420","2.6248","0.0014"
"195.0620","2.7048","0.0014"
"195.0820","2.7848","0.0014"
"195.1020","2.8648","0.0014"
"195.1220","2.9448","0.0014"
"195.1360","3.0008","0.0014"
"195.1370","3.0048","0.0014"
"195.1380","3.0088","0.0014"
"195.1580","3.0878","0.0011"
"195.1780","3.1525","0.0006"
"195.1980","3.1830","0.0006"
"195.2180","3.1716","0.0005"
"195.2380","3.1196","0.0008"
"195.2580","3.0414","0.0015"
"195.2780","2.9599","0.0015"
"195.2980","2.8822","0.0014"
"195.3180","2.8048","0.0014"
"195.3380","2.7250","0.0014"
"195.3580","2.6430","0.0015"
"195.3780","2.5608","0.0014"
"195.3980","2.4795","0.0013"
"195.4180","2.3992","0.0013"
"195.4380","2.3194","0.0014"
"195.4580","2.2396","0.0014"
"195.4780","2.1597","0.0014"
"195.4980","2.0796","0.0014"
"195.5180","1.9995","0.0013"
"195.5380","1.9194","0.0013"
"195.5580","1.8393","0.0013"
"195.5780","1.7593","0.0014"
"195.5980","1.6793","0.0013"
"195.6180","1.5992","0.0013"
"195.6380","1.5192","0.0013"
"195.6580","1.4393","0.0014"
"195.6780","1.3592","0.0014"
"195.6980","1.2792","0.0013"
"195.7180","1.1992","0.0013"
"195.7380","1.1191","0.0013"
"195.7580","1.0392","0.0013"
"195.7780","0.9592","0.0013"
"195.7980","0.8793","0.0013"
"195.8180","0.7993","0.0014"
"195.8380","0.7193","0.0014"
"195.8580","0.6393","0.0014"
"195.8780","0.5592","0.0014"
"195.8980","0.4792","0.0013"
"195.9180","0.3992","0.0012"
"195.9380","0.3192","0.0012"
"195.9580","0.2393","0.0010"
"195.9780","0.1593","0.0006"
"195.9930","0.0993","0.0000"
"195.9940","0.0953","0.0000"
"195.9950","0.0913","-0.0001"
"196.0150","0.0123","-0.0005"
"196.0350","-0.0522","-0.0005"
"196.0550","-0.0818","-0.0005"
"196.0750","-0.0687","-0.0003"
"196.0950","-0.0148","0.0000"
"196.1150","0.0637","0.0003"
"196.1350","0.1444","0.0009"
"196.1550","0.2220","0.0013"
"196.1750","0.3000","0.0015"
"196.1950","0.3806","0.0015"
"196.2150","0.4630","0.0014"
"196.2350","0.5451","0.0014"
"196.2550","0.6262","0.0014"
"196.2750","0.7064","0.0015"
"196.2950","0.7862","0.0014"
"196.3150","0.8660","0.0014"
"196.3350","0.9460","0.0014"
"196.3550","1.0261","0.0015"
"196.3750","1.1063","0.0015"
"196.3950","1.1864","0.0014"
"196.4150","1.2664","0.0014"
"196.4350","1.3464","0.0015"
"196.4550","1.4264","0.0015"
"196.4750","1.5064","0.0015"
"196.4950","1.5863","0.0014"
"196.5150","1.6664","0.0015"
"196.5350","1.7464","0.0015"
"196.5550","1.8264","0.0014"
"196.5750","1.9064","0.0014"
"196.5950","1.9864","0.0014"
"196.6150","2.0664","0.0015"
"196.6350","2.1465","0.0014"
"196.6550","2.2264","0.0013"
"196.6750","2.3064","0.0014"
"196.6950","2.3864","0.0015"
"196.7150","2.4664","0.0015"
"196.7350","2.5464","0.0014"
"196.7550","2.6264","0.0014"
"196.7750","2.7063","0.0014"
"196.7950","2.7863","0.0014"
"196.8150","2.8664","0.0014"
"196.8350","2.9464","0.0014"
"196.8490","3.0024","0.0014"
"196.8500","3.0064","0.0014"
"196.8510","3.0104","0.0014"
"196.8710","3.0894","0.0012"
"196.8910","3.1541","0.0006"
"196.9110","3.1847","0.0006"
"196.9310","3.1733","0.0005"
"196.9510","3.1213","0.0007"
"196.9710","3.0431","0.0014"
"196.9910","2.9616","0.0015"
"197.0110","2.8839","0.0014"
"197.0310","2.8065","0.0013"
"197.0510","2.7267","0.0014"
"197.0710","2.6448","0.0014"
"197.0910","2.5626","0.0014"
"197.1110","2.4812","0.0014"
"197.1310","2.4009","0.0013"
"197.1510","2.3211","0.0013"
"197.1710","2.2414","0.0015"
"197.1910","2.1614","0.0014"
"197.2110","2.0812","0.0014"
"197.2310","2.0011","0.0014"
"197.2510","1.9210","0.0014"
"197.2710","1.8409","0.0014"
"197.2910","1.7609","0.0015"
"197.3110","1.6809","0.0015"
"197.3310","1.6009","0.0014"
"197.3510","1.5209","0.0013"
"197.3710","1.4409","0.0013"
"197.3910","1.3609","0.0014"
"197.4110","1.2809","0.0014"
"197.4310","1.2008","0.0014"
"197.4510","1.1208","0.0014"
"197.4710","1.0409","0.0014"
"197.4910","0.9609","0.0013"
"197.5110","0.8809","0.0014"
"197.5310","0.8010","0.0013"
"197.5510","0.7210","0.0013"
"197.5710","0.6410","0.0013"
"197.5910","0.5609","0.0012"
"197.6110","0.4809","0.0011"
"197.6310","0.4009","0.0012"
"197.6510","0.3209","0.0012"
"197.6710","0.2409","0.0010"
"197.6910","0.1609","0.0006"
"197.7070","0.0970","0.0001"
"197.7080","0.0930","0.0000"
"197.7090","0.0890","0.0000"
"197.7290","0.0100","-0.0005"
"197.7490","-0.0545","-0.0005"
"197.7690","-0.0840","-0.0005"
"197.7890","-0.0706","-0.0002"
"197.8090","-0.0163","0.0001"
"197.8290","0.0624","0.0002"
"197.8490","0.1433","0.0008"
"197.8690","0.2210","0.0012"
"197.8890","0.2989","0.0013"
"197.9090","0.3793","0.0014"
"197.9290","0.4615","0.0014"
"197.9490","0.5436","0.0014"
"197.9690","0.6247","0.0014"
"197.9890","0.7049","0.0013"
"198.0090","0.7847","0.0013"
"198.0290","0.8646","0.0013"
"198.0490","0.9446","0.0014"
"198.0690","1.0246","0.0015"
"198.0890","1.1048","0.0014"
"198.1090","1.1849","0.0014"
"198.1290","1.2649","0.0014"
"198.1490","1.3450","0.0014"
"198.1690","1.4249","0.0013"
"198.1890","1.5049","0.0013"
"198.2090","1.5849","0.0014"
"198.2290","1.6649","0.0015"
"198.2490","1.7449","0.0014"
"198.2690","1.8249","0.0014"
"198.2890","1.9049","0.0014"
"198.3090","1.9849","0.0014"
"198.3290","2.0649","0.0014"
"198.3490","2.1450","0.0014"
"198.3690","2.2249","0.0014"
"198.3890","2.3049","0.0014"
"198.4090","2.3849","0.0014"
"198.4290","2.4649","0.0014"
"198.4490","2.5449","0.0014"
"198.4690","2.6249","0.0015"
"198.4890","2.7048","0.0015"
"198.5090","2.7848","0.0014"
"198.5290","2.8649","0.0015"
"198.5490","2.9449","0.0014"
"198.5630","3.0009","0.0015"
"198.5640","3.0049","0.0015"
"198.5650","3.0089","0.0015"
"198.5850","3.0879","0.0012"
"198.6050","3.1526","0.0007"
"198.6250","3.1831","0.0006"
"198.6450","3.1717","0.0006"
"198.6650","3.1197","0.0008"
"198.6850","3.0414","0.0014"
"198.7050","2.9600","0.0016"
"198.7250","2.8822","0.0015"
"198.7450","2.8048","0.0014"
"198.7650","2.7250","0.0014"
"198.7850","2.6432","0.0014"
"198.8050","2.5609","0.0014"
"198.8250","2.4796","0.0015"
"198.8450","2.3993","0.0015"
"198.8650","2.3195","0.0015"
"198.8850","2.2397","0.0014"
"198.9050","2.1597","0.0013"
"198.9250","2.0796","0.0014"
"198.9450","1.9995","0.0015"
"198.9650","1.9193","0.0014"
"198.9850","1.8393","0.0014"
"199.0050","1.7593","0.0014"
"199.0250","1.6793","0.0014"
"199.0450","1.5992","0.0015"
"199.0650","1.5193","0.0015"
"199.0850","1.4393","0.0013"
"199.1050","1.3593","0.0013"
"199.1250","1.2793","0.0013"
"199.1450","1.1992","0.0014"
"199.1650","1.1192","0.0013"
"199.1850","1.0392","0.0013"
"199.2050","0.9593","0.0014"
"199.2250","0.8793","0.0013"
"199.2450","0.7993","0.0013"
"199.2650","0.7193","0.0012"
"199.2850","0.6393","0.0013"
"199.3050","0.5593","0.0012"
"199.3250","0.4793","0.0012"
"199.3450","0.3992","0.0013"
"199.3650","0.3192","0.0011"
"199.3850","0.2393","0.0008"
"199.4050","0.1593","0.0005"
"199.4200","0.0993","0.0001"
"199.4210","0.0953","0.0001"
"199.4220","0.0913","0.0000"
"199.4420","0.0123","-0.0004"
"199.4620","-0.0522","-0.0004"
"199.4820","-0.0819","-0.0005"
"199.5020","-0.0688","-0.0001"
"199.5220","-0.0149","0.0001"
"199.5420","0.0635","0.0003"
"199.5620","0.1442","0.0008"
"199.5820","0.2219","0.0012"
"199.6020","0.2999","0.0014"
"199.6220","0.3805","0.0014"
"199.6420","0.4628","0.0013"
"199.6620","0.5450","0.0013"
"199.6820","0.6261","0.0013"
"199.7020","0.7063","0.0014"
"199.7220","0.7861","0.0014"
"199.7420","0.8659","0.0014"
"199.7620","0.9459","0.0014"
"199.7820","1.0260","0.0015"
"199.8020","1.1061","0.0014"
"199.8220","1.1862","0.0015"
"199.8420","1.2663","0.0015"
"199.8620","1.3463","0.0015"
"199.8820","1.4263","0.0014"
"199.9020","1.5063","0.0015"
"199.9220","1.5862","0.0015"
"199.9420","1.6663","0.0015"
"199.9620","1.7463","0.0015"
"199.9820","1.8262","0.0015"
"200.0020","1.9063","0.0014"
"200.0220","1.9863","0.0013"
"200.0420","2.0663","0.0013"
"200.0620","2.1463","0.0014"
"200.0820","2.2263","0.0015"
"200.1020","2.3063","0.0015"
"200.1220","2.3863","0.0015"
"200.1420","2.4663","0.0015"
"200.1620","2.5462","0.0014"
"200.1820","2.6262","0.0014"
"200.2020","2.7062","0.0015"
"200.2220","2.7862","0.0015"
"200.2420","2.8662","0.0015"
"200.2620","2.9462","0.0014"
"200.2760","3.0022","0.0013"
"200.2770","3.0062","0.0013"
"200.2780","3.0102","0.0013"
"200.2980","3.0893","0.0011"
"200.3180","3.1540","0.0006"
"200.3380","3.1846","0.0006"
"200.3580","3.1732","0.0007"
"200.3780","3.1213","0.0008"
"200.3980","3.0431","0.0014"
"200.4180","2.9616","0.0016"
"200.4380","2.8839","0.0015"
"200.4580","2.8065","0.0014"
"200.4780","2.7267","0.0014"
"200.4980","2.6448","0.0015"
"200.5180","2.5626","0.0015"
"200.5380","2.4812","0.0015"
"200.5580","2.4009","0.0014"
"200.5780","2.3210","0.0014"
"200.5980","2.2413","0.0014"
"200.6180","2.1613","0.0014"
"200.6380","2.0812","0.0015"
"200.6580","2.0011","0.0015"
"200.6780","1.9210","0.0015"
"200.6980","1.8409","0.0014"
"200.7180","1.7609","0.0014"
"200.7380","1.6809","0.0013"
"200.7580","1.6009","0.0013"
"200.7780","1.5210","0.0013"
"200.7980","1.4410","0.0014"
"200.8180","1.3610","0.0014"
"200.8380","1.2810","0.0013"
"200.8580","1.2009","0.0013"
"200.8780","1.1209","0.0013"
"200.8980","1.0409","0.0013"
"200.9180","0.9610","0.0012"
"200.9380","0.8810","0.0012"
"200.9580","0.8010","0.0013"
"200.9780","0.7210","0.0013"
"200.9980","0.6410","0.0013"
"201.0180","0.5610","0.0013"
"201.0380","0.4809","0.0012"
"201.0580","0.4009","0.0012"
"201.0780","0.3209","0.0011"
"201.0980","0.2410","0.0009"
"201.1180","0.1610","0.0005"
"201.1340","0.0970","0.0001"
"201.1350","0.0930","0.0000"
"201.1360","0.0890","0.0000"
"201.1560","0.0100","-0.0005"
"201.1760","-0.0545","-0.0004"
"201.1960","-0.0841","-0.0005"
"201.2160","-0.0707","-0.0003"
"201.2360","-0.0165","0.0000"
"201.2560","0.0622","0.0002"
"201.2760","0.1431","0.0008"
"201.2960","0.2208","0.0012"
"201.3160","0.2987","0.0013"
"201.3360","0.3791","0.0013"
"201.3560","0.4613","0.0013"
"201.3760","0.5434","0.0014"
"201.3960","0.6245","0.0014"
"201.4160","0.7047","0.0014"
"201.4360","0.7846","0.0014"
"201.4560","0.8644","0.0014"
"201.4760","0.9444","0.0015"
"201.4960","1.0245","0.0015"
"201.5160","1.1046","0.0014"
"201.5360","1.1848","0.0014"
"201.5560","1.2648","0.0014"
"201.5760","1.3448","0.0015"
"201.5960","1.4248","0.0014"
"201.6160","1.5047","0.0014"
"201.6360","1.5847","0.0014"
"201.6560","1.6647","0.0015"
"201.6760","1.7447","0.0015"
"201.6960","1.8247","0.0015"
"201.7160","1.9047","0.0015"
"201.7360","1.9847","0.0014"
"201.7560","2.0648","0.0014"
"201.7760","2.1448","0.0014"
"201.7960","2.2248","0.0014"
"201.8160","2.3048","0.0014"
"201.8360","2.3848","0.0014"
"201.8560","2.4648","0.0014"
"201.8760","2.5447","0.0014"
"201.8960","2.6247","0.0014"
"201.9160","2.7047","0.0015"
"201.9360","2.7847","0.0014"
"201.9560","2.8647","0.0014"
"201.9760","2.9447","0.0014"
"201.9900","3.0007","0.0014"
"201.9910","3.0047","0.0014"
"201.9920","3.0087","0.0014"
"202.0120","3.0877","0.0011"
"202.0320","3.1524","0.0006"
"202.0520","3.1829","0.0005"
"202.0720","3.1714","0.0005"
"202.0920","3.1194","0.0008"
"202.1120","3.0411","0.0015"
"202.1320","2.9597","0.0015"
"202.1520","2.8819","0.0014"
"202.1720","2.8045","0.0014"
"202.1920","2.7248","0.0014"
"202.2120","2.6429","0.0015"
"202.2320","2.5607","0.0015"
"202.2520","2.4793","0.0014"
"202.2720","2.3989","0.0014"
"202.2920","2.3191","0.0014"
"202.3120","2.2393","0.0014"
"202.3320","2.1594","0.0014"
"202.3520","2.0793","0.0014"
"202.3720","1.9992","0.0015"
"202.3920","1.9191","0.0014"
"202.4120","1.8390","0.0014"
"202.4320","1.7591","0.0014"
"202.4520","1.6791","0.0014"
"202.4720","1.5991","0.0014"
"202.4920","1.5191","0.0015"
"202.5120","1.4391","0.0014"
"202.5320","1.3590","0.0014"
"202.5520","1.2790","0.0013"
"202.5720","1.1989","0.0012"
"202.5920","1.1189","0.0013"
"202.6120","1.0390","0.0013"
"202.6320","0.9590","0.0014"
"202.6520","0.8790","0.0013"
"202.6720","0.7991","0.0012"
"202.6920","0.7191","0.0013"
"202.7120","0.6391","0.0013"
"202.7320","0.5590","0.0013"
"202.7520","0.4790","0.0012"
"202.7720","0.3989","0.0012"
"202.7920","0.3190","0.0010"
"202.8120","0.2390","0.0008"
"202.8320","0.1590","0.0005"
"202.8470","0.0991","0.0000"
"202.8480","0.0951","0.0000"
"202.8490","0.0911","0.0000"
"202.8690","0.0121","-0.0004"
"202.8890","-0.0524","-0.0004"
"202.9090","-0.0820","-0.0004"
"202.9290","-0.0689","-0.0002"
"202.9490","-0.0148","0.0002"
"202.9690","0.0637","0.0004"
"202.9890","0.1444","0.0009"
"203.0090","0.2221","0.0012"
"203.0290","0.3000","0.0014"
"203.0490","0.3806","0.0014"
"203.0690","0.4629","0.0014"
"203.0890","0.5450","0.0014"
"203.1090","0.6261","0.0014"
"203.1290","0.7063","0.0014"
"203.1490","0.7861","0.0014"
"203.1690","0.8660","0.0015"
"203.1890","0.9460","0.0014"
"203.2090","1.0261","0.0013"
"203.2290","1.1062","0.0013"
"203.2490","1.1864","0.0013"
"203.2690","1.2664","0.0014"
"203.2890","1.3464","0.0014"
"203.3090","1.4264","0.0014"
"203.3290","1.5063","0.0013"
"203.3490","1.5863","0.0014"
"203.3690","1.6663","0.0013"
"203.3890","1.7463","0.0014"
"203.4090","1.8263","0.0014"
"203.4290","1.9063","0.0014"
"203.4490","1.9863","0.0015"
"203.4690","2.0663","0.0015"
"203.4890","2.1464","0.0015"
"203.5090","2.2264","0.0015"
"203.5290","2.3063","0.0016"
"203.5490","2.3864","0.0016"
"203.5690","2.4663","0.0015"
"203.5890","2.5463","0.0014"
"203.6090","2.6263","0.0014"
"203.6290","2.7063","0.0015"
"203.6490","2.7863","0.0015"
"203.6690","2.8663","0.0015"
"203.6890","2.9463","0.0015"
"203.7030","3.0023","0.0015"
"203.7040","3.0063","0.0015"
"203.7050","3.0103","0.0015"
"203.7250","3.0894","0.0012"
"203.7450","3.1541","0.0007"
"203.7650","3.1846","0.0005"
"203.7850","3.1733","0.0005"
"203.8050","3.1213","0.0008"
"203.8250","3.0431","0.0014"
"203.8450","2.9617","0.0015"
"203.8650","2.8839","0.0014"
"203.8850","2.8065","0.0012"
"203.9050","2.7268","0.0013"
"203.9250","2.6449","0.0014"
"203.9450","2.5626","0.0014"
"203.9650","2.4813","0.0015"
"203.9850","2.4010","0.0015"
"204.0050","2.3211","0.0015"
"204.0250","2.2413","0.0015"
"204.0450","2.1614","0.0014"
"204.0650","2.0813","0.0014"
"204.0850","2.0012","0.0014"
"204.1050","1.9211","0.0015"
"204.1250","1.8410","0.0014"
"204.1450","1.7610","0.0014"
"204.1650","1.6809","0.0014"
"204.1850","1.6009","0.0015"
"204.2050","1.5210","0.0015"
"204.2250","1.4410","0.0014"
"204.2450","1.3610","0.0013"
"204.2650","1.2810","0.0014"
"204.2850","1.2010","0.0013"
"204.3050","1.1209","0.0013"
"204.3250","1.0410","0.0014"
"204.3450","0.9610","0.0014"
"204.3650","0.8810","0.0013"
"204.3850","0.8010","0.0013"
"204.4050","0.7211","0.0013"
"204.4250","0.6410","0.0012"
"204.4450","0.5610","0.0013"
"204.4650","0.4810","0.0013"
"204.4850","0.4010","0.0013"
"204.5050","0.3210","0.0011"
"204.5250","0.2410","0.0008"
"204.5450","0.1610","0.0005"
"204.5610","0.0971","0.0000"
"204.5620","0.0931","-0.0001"
"204.5630","0.0891","-0.0001"
"204.5830","0.0100","-0.0005"
"204.6030","-0.0545","-0.0005"
"204.6230","-0.0841","-0.0005"
"204.6430","-0.0707","-0.0002"
"204.6630","-0.0165","0.0001"
"204.6830","0.0622","0.0004"
"204.7030","0.1431","0.0008"
"204.7230","0.2208","0.0013"
"204.7430","0.2986","0.0014"
"204.7630","0.3791","0.0014"
"204.7830","0.4613","0.0013"
"204.8030","0.5434","0.0013"
"204.8230","0.6245","0.0013"
"204.8430","0.7047","0.0014"
"204.8630","0.7846","0.0014"
"204.8830","0.8644","0.0014"
"204.9030","0.9444","0.0013"
"204.9230","1.0245","0.0013"
"204.9430","1.1046","0.0013"
"204.9630","1.1848","0.0014"
"204.9830","1.2648","0.0014"
"205.0030","1.3448","0.0015"
"205.0230","1.4248","0.0014"
"205.0430","1.5047","0.0014"
"205.0630","1.5847","0.0014"
"205.0830","1.6648","0.0014"
"205.1030","1.7447","0.0014"
"205.1230","1.8247","0.0014"
"205.1430","1.9047","0.0015"
"205.1630","1.9847","0.0015"
"205.1830","2.0647","0.0014"
"205.2030","2.1448","0.0014"
"205.2230","2.2248","0.0014"
"205.2430","2.3047","0.0014"
"205.2630","2.3847","0.0014"
"205.2830","2.4647","0.0014"
"205.3030","2.5447","0.0014"
"205.3230","2.6247","0.0014"
"205.3430","2.7047","0.0015"
"205.3630","2.7847","0.0014"
"205.3830","2.8647","0.0014"
"205.4030","2.9447","0.0015"
"205.4170","3.0007","0.0016"
"205.4180","3.0047","0.0016"
"205.4190","3.0087","0.0016"
"205.4390","3.0877","0.0013"
"205.4590","3.1524","0.0007"
"205.4790","3.1828","0.0004"
"205.4990","3.1713","0.0004"
"205.5190","3.1192","0.0007"
"205.5390","3.0409","0.0014"
"205.5590","2.9595","0.0015"
"205.5790","2.8817","0.0015"
"205.5990","2.8043","0.0014"
"205.6190","2.7245","0.0014"
"205.6390","2.6427","0.0014"
"205.6590","2.5604","0.0014"
"205.6790","2.4791","0.0014"
"205.6990","2.3987","0.0013"
"205.7190","2.3189","0.0014"
"205.7390","2.2391","0.0014"
"205.7590","2.1592","0.0014"
"205.7790","2.0791","0.0013"
"205.7990","1.9989","0.0014"
"205.8190","1.9188","0.0014"
"205.8390","1.8388","0.0014"
"205.8590","1.7588","0.0014"
"205.8790","1.6788","0.0015"
"205.8990","1.5988","0.0014"
"205.9190","1.5188","0.0014"
"205.9390","1.4389","0.0014"
"205.9590","1.3588","0.0014"
"205.9790","1.2788","0.0013"
"205.9990","1.1988","0.0014"
"206.0190","1.1187","0.0013"
"206.0390","1.0388","0.0013"
"206.0590","0.9588","0.0013"
"206.0790","0.8788","0.0012"
"206.0990","0.7989","0.0012"
"206.1190","0.7189","0.0013"
"206.1390","0.6388","0.0013"
"206.1590","0.5588","0.0013"
"206.1790","0.4788","0.0012"
"206.1990","0.3988","0.0012"
"206.2190","0.3188","0.0011"
"206.2390","0.2388","0.0009"
"206.2590","0.1588","0.0004"
"206.2740","0.0988","-0.0001"
"206.2750","0.0948","-0.0001"
"206.2760","0.0908","-0.0002"
"206.2960","0.0118","-0.0005"
"206.3160","-0.0526","-0.0005"
"206.3360","-0.0822","-0.0005"
"206.3560","-0.0691","-0.0002"
"206.3760","-0.0150","0.0001"
"206.3960","0.0636","0.0004"
"206.4160","0.1444","0.0009"
"206.4360","0.2221","0.0012"
"206.4560","0.3001","0.0014"
"206.4760","0.3806","0.0014"
"206.4960","0.4628","0.0013"
"206.5160","0.5449","0.0013"
"206.5360","0.6259","0.0014"
"206.5560","0.7062","0.0015"
"206.5760","0.7860","0.0015"
"206.5960","0.8659","0.0015"
"206.6160","0.9459","0.0013"
"206.6360","1.0259","0.0014"
"206.6560","1.1061","0.0014"
"206.6760","1.1862","0.0015"
"206.6960","1.2662","0.0015"
"206.7160","1.3462","0.0014"
"206.7360","1.4262","0.0014"
"206.7560","1.5062","0.0013"
"206.7760","1.5862","0.0014"
"206.7960","1.6662","0.0014"
"206.8160","1.7462","0.0014"
"206.8360","1.8262","0.0014"
"206.8560","1.9062","0.0014"
"206.8760","1.9862","0.0014"
"206.8960","2.0662","0.0014"
"206.9160","2.1462","0.0015"
"206.9360","2.2262","0.0016"
"206.9560","2.3062","0.0016"
"206.9760","2.3862","0.0014"
"206.9960","2.4662","0.0013"
"207.0160","2.5462","0.0013"
"207.0360","2.6262","0.0014"
"207.0560","2.7061","0.0014"
"207.0760","2.7861","0.0015"
"207.0960","2.8662","0.0015"
"207.1160","2.9462","0.0015"
"207.1300","3.0022","0.0014"
"207.1310","3.0062","0.0014"
"207.1320","3.0102","0.0014"
"207.1520","3.0892","0.0011"
"207.1720","3.1539","0.0007"
"207.1920","3.1844","0.0005"
"207.2120","3.1730","0.0005"
"207.2320","3.1210","0.0008"
"207.2520","3.0428","0.0014"
"207.2720","2.9614","0.0015"
"207.2920","2.8836","0.0014"
"207.3120","2.8062","0.0013"
"207.3320","2.7264","0.0015"
"207.3520","2.6445","0.0015"
"207.3720","2.5623","0.0015"
"207.3920","2.4810","0.0016"
"207.4120","2.4006","0.0015"
"207.4320","2.3208","0.0014"
"207.4520","2.2410","0.0014"
"207.4720","2.1610","0.0015"
"207.4920","2.0809","0.0015"
"207.5120","2.0008","0.0015"
"207.5320","1.9207","0.0015"
"207.5520","1.8407","0.0014"
"207.5720","1.7607","0.0014"
"207.5920","1.6807","0.0014"
"207.6120","1.6006","0.0014"
"207.6320","1.5207","0.0014"
"207.6520","1.4407","0.0014"
"207.6720","1.3607","0.0014"
"207.6920","1.2807","0.0013"
"207.7120","1.2007","0.0013"
"207.7320","1.1206","0.0013"
"207.7520","1.0406","0.0013"
"207.7720","0.9607","0.0013"
"207.7920","0.8807","0.0013"
"207.8120","0.8007","0.0013"
"207.8320","0.7208","0.0012"
"207.8520","0.6407","0.0012"
"207.8720","0.5607","0.0013"
"207.8920","0.4807","0.0012"
"207.9120","0.4006","0.0012"
"207.9320","0.3207","0.0011"
"207.9520","0.2407","0.0009"
"207.9720","0.1607","0.0006"
"207.9880","0.0967","0.0000"
"207.9890","0.0927","0.0000"
"207.9900","0.0887","0.0000"
"208.0100","0.0097","-0.0005"
"208.0300","-0.0548","-0.0005"
"208.0500","-0.0843","-0.0005"
"208.0700","-0.0710","-0.0001"
"208.0900","-0.0167","0.0002"
"208.1100","0.0620","0.0003"
"208.1300","0.1429","0.0008"
"208.1500","0.2206","0.0012"
"208.1700","0.2985","0.0013"
"208.1900","0.3790","0.0014"
"208.2100","0.4612","0.0013"
"208.2300","0.5432","0.0013"
"208.2500","0.6243","0.0012"
"208.2700","0.7045","0.0014"
"208.2900","0.7843","0.0015"
"208.3100","0.8641","0.0015"
"208.3300","0.9441","0.0014"
"208.3500","1.0242","0.0014"
"208.3700","1.1043","0.0013"
"208.3900","1.1845","0.0013"
"208.4100","1.2645","0.0014"
"208.4300","1.3445","0.0014"
"208.4500","1.4245","0.0015"
"208.4700","1.5045","0.0015"
"208.4900","1.5845","0.0015"
"208.5100","1.6645","0.0014"
"208.5300","1.7445","0.0014"
"208.5500","1.8244","0.0014"
"208.5700","1.9044","0.0015"
"208.5900","1.9845","0.0014"
"208.6100","2.0645","0.0014"
"208.6300","2.1445","0.0015"
"208.6500","2.2245","0.0015"
"208.6700","2.3045","0.0014"
"208.6900","2.3845","0.0013"
"208.7100","2.4645","0.0014"
"208.7300","2.5445","0.0014"
"208.7500","2.6245","0.0014"
"208.7700","2.7044","0.0014"
"208.7900","2.7844","0.0013"
"208.8100","2.8645","0.0013"
"208.8300","2.9445","0.0014"
"208.8440","3.0005","0.0014"
"208.8450","3.0045","0.0014"
"208.8460","3.0085","0.0014"
"208.8660","3.0875","0.0012"
"208.8860","3.1521","0.0006"
"208.9060","3.1826","0.0004"
"208.9260","3.1711","0.0004"
"208.9460","3.1191","0.0008"
"208.9660","3.0408","0.0014"
"208.9860","2.9593","0.0014"
"209.0060","2.8816","0.0014"
"209.0260","2.8042","0.0013"
"209.0460","2.7244","0.0013"
"209.0660","2.6426","0.0014"
"209.0860","2.5603","0.0014"
"209.1060","2.4790","0.0014"
"209.1260","2.3986","0.0014"
"209.1460","2.3188","0.0013"
"209.1660","2.2390","0.0014"
"209.1860","2.1591","0.0014"
"209.2060","2.0790","0.0014"
"209.2260","1.9989","0.0014"
"209.2460","1.9188","0.0013"
"209.2660","1.8388","0.0014"
"209.2860","1.7588","0.0013"
"209.3060","1.6787","0.0014"
"209.3260","1.5987","0.0014"
"209.3460","1.5187","0.0014"
"209.3660","1.4387","0.0014"
"209.3860","1.3587","0.0013"
"209.4060","1.2787","0.0013"
"209.4260","1.1986","0.0014"
"209.4460","1.1186","0.0014"
"209.4660","1.0386","0.0014"
"209.4860","0.9587","0.0013"
"209.5060","0.8787","0.0014"
"209.5260","0.7988","0.0014"
"209.5460","0.7188","0.0014"
"209.5660","0.6388","0.0012"
"209.5860","0.5587","0.0012"
"209.6060","0.4787","0.0012"
"209.6260","0.3986","0.0012"
"209.6460","0.3187","0.0011"
"209.6660","0.2387","0.0009"
"209.6860","0.1587","0.0006"
"209.7010","0.0987","0.0001"
"209.7020","0.0947","0.0001"
"209.7030","0.0907","0.0000"
"209.7230","0.0117","-0.0004"
"209.7430","-0.0527","-0.0004"
"209.7630","-0.0823","-0.0006"
"209.7830","-0.0691","-0.0003"
"209.8030","-0.0150","0.0000"
"209.8230","0.0635","0.0003"
"209.8430","0.1444","0.0008"
"209.8630","0.2221","0.0012"
"209.8830","0.3000","0.0013"
"209.9030","0.3805","0.0013"
"209.9230","0.4628","0.0013"
"209.9430","0.5449","0.0014"
"209.9630","0.6259","0.0013"
"209.9830","0.7062","0.0014"
"210.0030","0.7860","0.0014"
"210.0230","0.8658","0.0015"
"210.0430","0.9458","0.0014"
"210.0630","1.0259","0.0015"
"210.0830","1.1060","0.0015"
"210.1030","1.1862","0.0015"
"210.1230","1.2662","0.0016"
"210.1430","1.3462","0.0015"
"210.1630","1.4262","0.0014"
"210.1830","1.5062","0.0013"
"210.2030","1.5862","0.0014"
"210.2230","1.6662","0.0014"
"210.2430","1.7462","0.0014"
"210.2630","1.8261","0.0014"
"210.2830","1.9061","0.0014"
"210.3030","1.9861","0.0014"
"210.3230","2.0661","0.0015"
"210.3430","2.1462","0.0014"
"210.3630","2.2262","0.0013"
"210.3830","2.3062","0.0012"
"210.4030","2.3862","0.0013"
"210.4230","2.4662","0.0013"
"210.4430","2.5461","0.0014"
"210.4630","2.6261","0.0014"
"210.4830","2.7061","0.0014"
"210.5030","2.7861","0.0014"
"210.5230","2.8661","0.0014"
"210.5430","2.9462","0.0014"
"210.5570","3.0022","0.0014"
"210.5580","3.0062","0.0014"
"210.5590","3.0102","0.0014"
"210.5790","3.0892","0.0011"
"210.5990","3.1539","0.0006"
"210.6190","3.1845","0.0005"
"210.6390","3.1732","0.0005"
"210.6590","3.1213","0.0009"
"210.6790","3.0431","0.0014"
"210.6990","2.9617","0.0014"
"210.7190","2.8840","0.0014"
"210.7390","2.8066","0.0013"
"210.7590","2.7268","0.0014"
"210.7790","2.6449","0.0014"
"210.7990","2.5626","0.0014"
"210.8190","2.4813","0.0013"
"210.8390","2.4009","0.0013"
"210.8590","2.3210","0.0013"
"210.8790","2.2413","0.0013"
"210.8990","2.1613","0.0013"
"210.9190","2.0812","0.0014"
"210.9390","2.0011","0.0013"
"210.9590","1.9210","0.0014"
"210.9790","1.8409","0.0013"
"210.9990","1.7609","0.0013"
"211.0190","1.6809","0.0013"
"211.0390","1.6009","0.0013"
"211.0590","1.5209","0.0014"
"211.0790","1.4410","0.0014"
"211.0990","1.3610","0.0013"
"211.1190","1.2810","0.0014"
"211.1390","1.2009","0.0013"
"211.1590","1.1209","0.0013"
"211.1790","1.0409","0.0013"
"211.1990","0.9609","0.0013"
"211.2190","0.8810","0.0013"
"211.2390","0.8010","0.0014"
"211.2590","0.7210","0.0014"
"211.2790","0.6410","0.0013"
"211.2990","0.5610","0.0012"
"211.3190","0.4809","0.0011"
"211.3390","0.4009","0.0011"
"211.3590","0.3209","0.0011"
"211.3790","0.2409","0.0009"
"211.3990","0.1609","0.0005"
"211.4150","0.0970","0.0000"
"211.4160","0.0930","0.0000"
"211.4170","0.0890","-0.0001"
"211.4370","0.0100","-0.0004"
"211.4570","-0.0545","-0.0004"
"211.4770","-0.0840","-0.0005"
"211.4970","-0.0707","-0.0003"
"211.5170","-0.0164","0.0000"
"211.5370","0.0623","0.0003"
"211.5570","0.1432","0.0009"
"211.5770","0.2209","0.0012"
"211.5970","0.2988","0.0014"
"211.6170","0.3793","0.0013"
"211.6370","0.4615","0.0012"
"211.6570","0.5435","0.0012"
"211.6770","0.6246","0.0012"
"211.6970","0.7048","0.0013"
"211.7170","0.7846","0.0013"
"211.7370","0.8645","0.0014"
"211.7570","0.9445","0.0014"
"211.7770","1.0246","0.0014"
"211.7970","1.1047","0.0014"
"211.8170","1.1848","0.0013"
"211.8370","1.2649","0.0014"
"211.8570","1.3448","0.0014"
"211.8770","1.4248","0.0015"
"211.8970","1.5048","0.0015"
"211.9170","1.5848","0.0015"
"211.9370","1.6649","0.0015"
"211.9570","1.7448","0.0014"
"211.9770","1.8248","0.0014"
"211.9970","1.9048","0.0014"
"212.0170","1.9848","0.0014"
"212.0370","2.0648","0.0014"
"212.0570","2.1448","0.0014"
"212.0770","2.2248","0.0014"
"212.0970","2.3048","0.0014"
"212.1170","2.3848","0.0014"
"212.1370","2.4648","0.0014"
"212.1570","2.5448","0.0013"
"212.1770","2.6248","0.0013"
"212.1970","2.7047","0.0015"
"212.2170","2.7847","0.0014"
"212.2370","2.8648","0.0014"
"212.2570","2.9448","0.0014"
"212.2710","3.0008","0.0014"
"212.2720","3.0048","0.0014"
"212.2730","3.0088","0.0014"
"212.2930","3.0878","0.0011"
"212.3130","3.1525","0.0006"
"212.3330","3.1830","0.0006"
"212.3530","3.1716","0.0005"
"212.3730","3.1197","0.0008"
"212.3930","3.0414","0.0015"
"212.4130","2.9600","0.0015"
"212.4330","2.8823","0.0014"
"212.4530","2.8049","0.0013"
"212.4730","2.7251","0.0013"
"212.4930","2.6432","0.0014"
"212.5130","2.5610","0.0014"
"212.5330","2.4796","0.0013"
"212.5530","2.3992","0.0014"
"212.5730","2.3194","0.0014"
"212.5930","2.2396","0.0013"
"212.6130","2.1596","0.0013"
"212.6330","2.0795","0.0014"
"212.6530","1.9994","0.0015"
"212.6730","1.9194","0.0014"
"212.6930","1.8393","0.0014"
"212.7130","1.7593","0.0014"
"212.7330","1.6793","0.0014"
"212.7530","1.5993","0.0014"
"212.7730","1.5193","0.0014"
"212.7930","1.4394","0.0014"
"212.8130","1.3593","0.0014"
"212.8330","1.2793","0.0013"
"212.8530","1.1993","0.0013"
"212.8730","1.1192","0.0013"
"212.8930","1.0393","0.0013"
"212.9130","0.9593","0.0013"
"212.9330","0.8793","0.0013"
"212.9530","0.7994","0.0014"
"212.9730","0.7194","0.0014"
"212.9930","0.6394","0.0013"
"213.0130","0.5594","0.0013"
"213.0330","0.4793","0.0012"
"213.0530","0.3993","0.0012"
"213.0730","0.3193","0.0011"
"213.0930","0.2393","0.0008"
"213.1130","0.1593","0.0005"
"213.1280","0.0993","-0.0001"
"213.1290","0.0953","-0.0001"
"213.1300","0.0913","-0.0001"
"213.1500","0.0123","-0.0005"
"213.1700","-0.0521","-0.0003"
"213.1900","-0.0817","-0.0004"
"213.2100","-0.0685","-0.0001"
"213.2300","-0.0145","0.0002"
"213.2500","0.0639","0.0004"
"213.2700","0.1447","0.0007"
"213.2900","0.2224","0.0011"
"213.3100","0.3004","0.0013"
"213.3300","0.3809","0.0015"
"213.3500","0.4632","0.0014"
"213.3700","0.5453","0.0014"
"213.3900","0.6264","0.0013"
"213.4100","0.7066","0.0013"
"213.4300","0.7865","0.0013"
"213.4500","0.8663","0.0013"
"213.4700","0.9463","0.0013"
"213.4900","1.0263","0.0014"
"213.5100","1.1065","0.0013"
"213.5300","1.1866","0.0013"
"213.5500","1.2667","0.0014"
"213.5700","1.3467","0.0014"
"213.5900","1.4267","0.0014"
"213.6100","1.5066","0.0014"
"213.6300","1.5866","0.0014"
"213.6500","1.6667","0.0014"
"213.6700","1.7466","0.0013"
"213.6900","1.8266","0.0014"
"213.7100","1.9066","0.0014"
"213.7300","1.9866","0.0014"
"213.7500","2.0666","0.0014"
"213.7700","2.1467","0.0014"
"213.7900","2.2266","0.0014"
"213.8100","2.3066","0.0014"
"213.8300","2.3866","0.0015"
"213.8500","2.4666","0.0015"
"213.8700","2.5466","0.0015"
"213.8900","2.6266","0.0014"
"213.9100","2.7066","0.0014"
"213.9300","2.7866","0.0013"
"213.9500","2.8666","0.0013"
"213.9700","2.9466","0.0014"
"213.9840","3.0026","0.0014"
"213.9850","3.0066","0.0014"
"213.9860","3.0106","0.0014"
"214.0060","3.0897","0.0012"
"214.0260","3.1544","0.0007"
"214.0460","3.1849","0.0005"
"214.0660","3.1736","0.0005"
"214.0860","3.1216","0.0008"
"214.1060","3.0434","0.0013"
"214.1260","2.9619","0.0013"
"214.1460","2.8842","0.0013"
"214.1660","2.8068","0.0012"
"214.1860","2.7270","0.0013"
"214.2060","2.6452","0.0013"
"214.2260","2.5630","0.0014"
"214.2460","2.4816","0.0014"
"214.2660","2.4012","0.0014"
"214.2860","2.3214","0.0014"
"214.3060","2.2417","0.0014"
"214.3260","2.1617","0.0014"
"214.3460","2.0816","0.0014"
"214.3660","2.0015","0.0014"
"214.3860","1.9213","0.0013"
"214.4060","1.8413","0.0014"
"214.4260","1.7613","0.0014"
"214.4460","1.6812","0.0015"
"214.4660","1.6012","0.0014"
"214.4860","1.5212","0.0014"
"214.5060","1.4413","0.0013"
"214.5260","1.3612","0.0013"
"214.5460","1.2812","0.0014"
"214.5660","1.2012","0.0014"
"214.5860","1.1211","0.0013"
"214.6060","1.0412","0.0012"
"214.6260","0.9613","0.0013"
"214.6460","0.8813","0.0013"
"214.6660","0.8013","0.0013"
"214.6860","0.7213","0.0013"
"214.7060","0.6413","0.0013"
"214.7260","0.5613","0.0011"
"214.7460","0.4812","0.0010"
"214.7660","0.4012","0.0011"
"214.7860","0.3212","0.0011"
"214.8060","0.2413","0.0009"
"214.8260","0.1613","0.0005"
"214.8420","0.0973","0.0000"
"214.8430","0.0933","0.0000"
"214.8440","0.0893","-0.0001"
"214.8640","0.0103","-0.0004"
"214.8840","-0.0542","-0.0005"
"214.9040","-0.0838","-0.0006"
"214.9240","-0.0705","-0.0003"
"214.9440","-0.0162","0.0000"
"214.9640","0.0625","0.0002"
"214.9840","0.1434","0.0007"
"215.0040","0.2211","0.0011"
"215.0240","0.2989","0.0012"
"215.0440","0.3794","0.0012"
"215.0640","0.4616","0.0012"
"215.0840","0.5437","0.0013"
"215.1040","0.6248","0.0013"
"215.1240","0.7050","0.0013"
"215.1440","0.7849","0.0012"
"215.1640","0.8647","0.0013"
"215.1840","0.9447","0.0014"
"215.2040","1.0248","0.0014"
"215.2240","1.1049","0.0014"
"215.2440","1.1850","0.0014"
"215.2640","1.2651","0.0014"
"215.2840","1.3451","0.0014"
"215.3040","1.4251","0.0014"
"215.3240","1.5050","0.0014"
"215.3440","1.5850","0.0014"
"215.3640","1.6650","0.0013"
"215.3840","1.7450","0.0013"
"215.4040","1.8250","0.0014"
"215.4240","1.9050","0.0014"
"215.4440","1.9850","0.0014"
"215.4640","2.0651","0.0013"
"215.4840","2.1451","0.0013"
"215.5040","2.2251","0.0013"
"215.5240","2.3050","0.0013"
"215.5440","2.3850","0.0013"
"215.5640","2.4650","0.0014"
"215.5840","2.5450","0.0014"
"215.6040","2.6250","0.0014"
"215.6240","2.7050","0.0014"
"215.6440","2.7850","0.0014"
"215.6640","2.8650","0.0014"
"215.6840","2.9450","0.0013"
"215.6980","3.0010","0.0013"
"215.6990","3.0050","0.0013"
"215.7000","3.0090","0.0013"
"215.7200","3.0881","0.0011"
"215.7400","3.1528","0.0006"
"215.7600","3.1834","0.0005"
"215.7800","3.1720","0.0004"
"215.8000","3.1201","0.0006"
"215.8200","3.0420","0.0013"
"215.8400","2.9606","0.0014"
"215.8600","2.8829","0.0014"
"215.8800","2.8054","0.0013"
"215.9000","2.7256","0.0014"
"215.9200","2.6436","0.0013"
"215.9400","2.5614","0.0014"
"215.9600","2.4801","0.0014"
"215.9800","2.3998","0.0014"
"216.0000","2.3200","0.0013"
"216.0200","2.2402","0.0013"
"216.0400","2.1602","0.0013"
"216.0600","2.0801","0.0014"
"216.0800","2.0000","0.0015"
"216.1000","1.9199","0.0014"
"216.1200","1.8398","0.0014"
"216.1400","1.7598","0.0014"
"216.1600","1.6798","0.0013"
"216.1800","1.5997","0.0013"
"216.2000","1.5198","0.0013"
"216.2200","1.4398","0.0013"
"216.2400","1.3598","0.0013"
"216.2600","1.2797","0.0014"
"216.2800","1.1997","0.0013"
"216.3000","1.1197","0.0013"
"216.3200","1.0397","0.0012"
"216.3400","0.9598","0.0012"
"216.3600","0.8798","0.0012"
"216.3800","0.7998","0.0012"
"216.4000","0.7198","0.0012"
"216.4200","0.6398","0.0013"
"216.4400","0.5598","0.0011"
"216.4600","0.4798","0.0011"
"216.4800","0.3997","0.0011"
"216.5000","0.3198","0.0011"
"216.5200","0.2398","0.0008"
"216.5400","0.1598","0.0005"
"216.5550","0.0998","0.0001"
"216.5560","0.0958","0.0000"
"216.5570","0.0918","0.0000"
"216.5770","0.0128","-0.0004"
"216.5970","-0.0516","-0.0004"
"216.6170","-0.0812","-0.0004"
"216.6370","-0.0680","-0.0001"
"216.6570","-0.0140","0.0000"
"216.6770","0.0643","0.0003"
"216.6970","0.1451","0.0008"
"216.7170","0.2227","0.0012"
"216.7370","0.3008","0.0013"
"216.7570","0.3814","0.0014"
"216.7770","0.4637","0.0014"
"216.7970","0.5458","0.0014"
"216.8170","0.6269","0.0014"
"216.8370","0.7071","0.0014"
"216.8570","0.7869","0.0013"
"216.8770","0.8668","0.0013"
"216.8970","0.9468","0.0012"
"216.9170","1.0269","0.0013"
"216.9370","1.1070","0.0014"
"216.9570","1.1871","0.0014"
"216.9770","1.2672","0.0014"
"216.9970","1.3472","0.0013"
"217.0170","1.4272","0.0014"
"217.0370","1.5071","0.0014"
"217.0570","1.5871","0.0014"
"217.0770","1.6672","0.0013"
"217.0970","1.7471","0.0014"
"217.1170","1.8271","0.0014"
"217.1370","1.9071","0.0013"
"217.1570","1.9871","0.0013"
"217.1770","2.0671","0.0013"
"217.1970","2.1472","0.0013"
"217.2170","2.2272","0.0014"
"217.2370","2.3071","0.0014"
"217.2570","2.3871","0.0013"
"217.2770","2.4671","0.0013"
"217.2970","2.5471","0.0013"
"217.3170","2.6271","0.0013"
"217.3370","2.7071","0.0014"
"217.3570","2.7870","0.0014"
"217.3770","2.8671","0.0014"
"217.3970","2.9471","0.0014"
"217.4110","3.0031","0.0014"
"217.4120","3.0071","0.0014"
"217.4130","3.0111","0.0014"
"217.4330","3.0901","0.0011"
"217.4530","3.1548","0.0005"
"217.4730","3.1854","0.0005"
"217.4930","3.1741","0.0005"
"217.5130","3.1221","0.0007"
"217.5330","3.0439","0.0014"
"217.5530","2.9625","0.0015"
"217.5730","2.8847","0.0015"
"217.5930","2.8073","0.0014"
"217.6130","2.7275","0.0013"
"217.6330","2.6456","0.0014"
"217.6530","2.5634","0.0014"
"217.6730","2.4820","0.0014"
"217.6930","2.4017","0.0014"
"217.7130","2.3219","0.0014"
"217.7330","2.2421","0.0013"
"217.7530","2.1622","0.0013"
"217.7730","2.0821","0.0013"
"217.7930","2.0020","0.0014"
"217.8130","1.9219","0.0014"
"217.8330","1.8418","0.0013"
"217.8530","1.7618","0.0014"
"217.8730","1.6817","0.0014"
"217.8930","1.6017","0.0013"
"217.9130","1.5217","0.0013"
"217.9330","1.4418","0.0013"
"217.9530","1.3617","0.0014"
"217.9730","1.2817","0.0013"
"217.9930","1.2017","0.0013"
"218.0130","1.1216","0.0013"
"218.0330","1.0417","0.0013"
"218.0530","0.9617","0.0013"
"218.0730","0.8817","0.0013"
"218.0930","0.8018","0.0012"
"218.1130","0.7218","0.0011"
"218.1330","0.6418","0.0011"
"218.1530","0.5618","0.0012"
"218.1730","0.4817","0.0013"
"218.1930","0.4017","0.0012"
"218.2130","0.3217","0.0010"
"218.2330","0.2417","0.0008"
"218.2530","0.1617","0.0004"
"218.2690","0.0978","-0.0001"
"218.2700","0.0938","-0.0001"
"218.2710","0.0898","-0.0002"
"218.2910","0.0108","-0.0006"
"218.3110","-0.0537","-0.0006"
"218.3310","-0.0833","-0.0006"
"218.3510","-0.0700","-0.0004"
"218.3710","-0.0157","0.0000"
"218.3910","0.0630","0.0002"
"218.4110","0.1439","0.0007"
"218.4310","0.2216","0.0011"
"218.4510","0.2995","0.0012"
"218.4710","0.3799","0.0013"
"218.4910","0.4621","0.0012"
"218.5110","0.5442","0.0012"
"218.5310","0.6253","0.0012"
"218.5510","0.7055","0.0013"
"218.5710","0.7853","0.0013"
"218.5910","0.8651","0.0013"
"218.6110","0.9451","0.0013"
"218.6310","1.0252","0.0014"
"218.6510","1.1054","0.0013"
"218.6710","1.1855","0.0013"
"218.6910","1.2655","0.0013"
"218.7110","1.3455","0.0014"
"218.7310","1.4255","0.0014"
"218.7510","1.5055","0.0014"
"218.7710","1.5855","0.0014"
"218.7910","1.6655","0.0015"
"218.8110","1.7455","0.0015"
"218.8310","1.8254","0.0014"
"218.8510","1.9055","0.0013"
"218.8710","1.9855","0.0013"
"218.8910","2.0655","0.0013"
"218.9110","2.1455","0.0014"
"218.9310","2.2255","0.0014"
"218.9510","2.3055","0.0013"
"218.9710","2.3855","0.0013"
"218.9910","2.4655","0.0013"
"219.0110","2.5455","0.0013"
"219.0310","2.6255","0.0013"
"219.0510","2.7055","0.0013"
"219.0710","2.7854","0.0014"
"219.0910","2.8655","0.0014"
"219.1110","2.9455","0.0013"
"219.1250","3.0015","0.0014"
"219.1260","3.0055","0.0014"
"219.1270","3.0095","0.0014"
"219.1470","3.0885","0.0011"
"219.1670","3.1532","0.0005"
"219.1870","3.1838","0.0004"
"219.2070","3.1724","0.0005"
"219.2270","3.1205","0.0008"
"219.2470","3.0424","0.0013"
"219.2670","2.9610","0.0014"
"219.2870","2.8833","0.0014"
"219.3070","2.8059","0.0013"
"219.3270","2.7260","0.0013"
"219.3470","2.6440","0.0013"
"219.3670","2.5618","0.0014"
"219.3870","2.4805","0.0014"
"219.4070","2.4002","0.0014"
"219.4270","2.3203","0.0013"
"219.4470","2.2406","0.0013"
"219.4670","2.1606","0.0013"
"219.4870","2.0805","0.0012"
"219.5070","2.0004","0.0012"
"219.5270","1.9203","0.0013"
"219.5470","1.8403","0.0013"
"219.5670","1.7603","0.0012"
"219.5870","1.6802","0.0012"
"219.6070","1.6002","0.0012"
"219.6270","1.5202","0.0013"
"219.6470","1.4402","0.0013"
"219.6670","1.3602","0.0013"
"219.6870","1.2802","0.0014"
"219.7070","1.2001","0.0014"
"219.7270","1.1201","0.0013"
"219.7470","1.0402","0.0013"
"219.7670","0.9602","0.0013"
"219.7870","0.8802","0.0013"
"219.8070","0.8003","0.0013"
"219.8270","0.7203","0.0012"
"219.8470","0.6402","0.0012"
"219.8670","0.5602","0.0011"
"219.8870","0.4802","0.0011"
"219.9070","0.4002","0.0011"
"219.9270","0.3202","0.0010"
"219.9470","0.2402","0.0008"
"219.9670","0.1602","0.0005"
"219.9830","0.0962","0.0000"
"219.9840","0.0922","-0.0001"
"219.9850","0.0882","-0.0001"
"220.0050","0.0092","-0.0005"
"220.0250","-0.0552","-0.0005"
"220.0450","-0.0847","-0.0005"
"220.0650","-0.0714","-0.0002"
"220.0850","-0.0172","0.0001"
"220.1050","0.0615","0.0002"
"220.1250","0.1423","0.0007"
"220.1450","0.2200","0.0012"
"220.1650","0.2979","0.0014"
"220.1850","0.3784","0.0014"
"220.2050","0.4606","0.0013"
"220.2250","0.5427","0.0013"
"220.2450","0.6238","0.0012"
"220.2650","0.7040","0.0013"
"220.2850","0.7839","0.0013"
"220.3050","0.8637","0.0013"
"220.3250","0.9437","0.0013"
"220.3450","1.0238","0.0013"
"220.3650","1.1039","0.0014"
"220.3850","1.1840","0.0013"
"220.4050","1.2640","0.0013"
"220.4250","1.3441","0.0013"
"220.4450","1.4241","0.0014"
"220.4650","1.5040","0.0014"
"220.4850","1.5840","0.0014"
"220.5050","1.6641","0.0013"
"220.5250","1.7440","0.0013"
"220.5450","1.8240","0.0014"
"220.5650","1.9040","0.0013"
"220.5850","1.9840","0.0014"
"220.6050","2.0640","0.0014"
"220.6250","2.1440","0.0014"
"220.6450","2.2240","0.0013"
"220.6650","2.3040","0.0013"
"220.6850","2.3840","0.0013"
"220.7050","2.4640","0.0014"
"220.7250","2.5440","0.0014"
"220.7450","2.6240","0.0013"
"220.7650","2.7040","0.0013"
"220.7850","2.7840","0.0013"
"220.8050","2.8640","0.0013"
"220.8250","2.9440","0.0013"
"220.8390","3.0000","0.0014"
"220.8400","3.0040","0.0014"
"220.8410","3.0080","0.0014"
"220.8610","3.0870","0.0010"
"220.8810","3.1517","0.0006"
"220.9010","3.1823","0.0005"
"220.9210","3.1709","0.0005"
"220.9410","3.1190","0.0007"
"220.9610","3.0409","0.0013"
"220.9810","2.9595","0.0014"
"221.0010","2.8817","0.0014"
"221.0210","2.8042","0.0013"
"221.0410","2.7243","0.0013"
"221.0610","2.6424","0.0013"
"221.0810","2.5602","0.0014"
"221.1010","2.4790","0.0014"
"221.1210","2.3987","0.0014"
"221.1410","2.3189","0.0014"
"221.1610","2.2391","0.0013"
"221.1810","2.1591","0.0013"
"221.2010","2.0790","0.0014"
"221.2210","1.9989","0.0014"
"221.2410","1.9188","0.0014"
"221.2610","1.8387","0.0013"
"221.2810","1.7587","0.0013"
"221.3010","1.6787","0.0013"
"221.3210","1.5987","0.0013"
"221.3410","1.5187","0.0013"
"221.3610","1.4387","0.0013"
"221.3810","1.3587","0.0013"
"221.4010","1.2787","0.0013"
"221.4210","1.1986","0.0012"
"221.4410","1.1186","0.0012"
"221.4610","1.0386","0.0012"
"221.4810","0.9587","0.0012"
"221.5010","0.8787","0.0013"
"221.5210","0.7987","0.0013"
"221.5410","0.7188","0.0013"
"221.5610","0.6387","0.0012"
"221.5810","0.5587","0.0012"
"221.6010","0.4786","0.0012"
"221.6210","0.3986","0.0012"
"221.6410","0.3187","0.0010"
"221.6610","0.2387","0.0008"
"221.6810","0.1587","0.0005"
"221.6960","0.0987","-0.0001"
"221.6970","0.0947","-0.0001"
"221.6980","0.0907","-0.0001"
"221.7180","0.0117","-0.0004"
"221.7380","-0.0528","-0.0004"
"221.7580","-0.0825","-0.0005"
"221.7780","-0.0693","-0.0002"
"221.7980","-0.0153","0.0000"
"221.8180","0.0632","0.0002"
"221.8380","0.1440","0.0007"
"221.8580","0.2217","0.0011"
"221.8780","0.2997","0.0012"
"221.8980","0.3803","0.0012"
"221.9180","0.4625","0.0013"
"221.9380","0.5446","0.0013"
"221.9580","0.6256","0.0013"
"221.9780","0.7058","0.0013"
"221.9980","0.7857","0.0014"
"222.0180","0.8655","0.0015"
"222.0380","0.9455","0.0014"
"222.0580","1.0256","0.0014"
"222.0780","1.1057","0.0014"
"222.0980","1.1859","0.0014"
"222.1180","1.2659","0.0014"
"222.1380","1.3459","0.0013"
"222.1580","1.4259","0.0013"
"222.1780","1.5059","0.0013"
"222.1980","1.5859","0.0014"
"222.2180","1.6659","0.0014"
"222.2380","1.7459","0.0014"
"222.2580","1.8258","0.0014"
"222.2780","1.9058","0.0013"
"222.2980","1.9858","0.0013"
"222.3180","2.0658","0.0013"
"222.3380","2.1459","0.0015"
"222.3580","2.2259","0.0015"
"222.3780","2.3059","0.0014"
"222.3980","2.3859","0.0013"
"222.4180","2.4659","0.0013"
"222.4380","2.5459","0.0014"
"222.4580","2.6259","0.0015"
"222.4780","2.7058","0.0015"
"222.4980","2.7858","0.0014"
"222.5180","2.8659","0.0013"
"222.5380","2.9459","0.0013"
"222.5520","3.0019","0.0013"
"222.5530","3.0059","0.0013"
"222.5540","3.0099","0.0013"
"222.5740","3.0889","0.0011"
"222.5940","3.1536","0.0005"
"222.6140","3.1842","0.0004"
"222.6340","3.1729","0.0004"
"222.6540","3.1210","0.0008"
"222.6740","3.0428","0.0014"
"222.6940","2.9615","0.0015"
"222.7140","2.8837","0.0014"
"222.7340","2.8063","0.0013"
"222.7540","2.7264","0.0012"
"222.7740","2.6444","0.0012"
"222.7940","2.5622","0.0013"
"222.8140","2.4809","0.0014"
"222.8340","2.4006","0.0014"
"222.8540","2.3208","0.0013"
"222.8740","2.2410","0.0013"
"222.8940","2.1610","0.0014"
"222.9140","2.0809","0.0014"
"222.9340","2.0008","0.0013"
"222.9540","1.9207","0.0013"
"222.9740","1.8406","0.0014"
"222.9940","1.7606","0.0013"
"223.0140","1.6806","0.0013"
"223.0340","1.6006","0.0014"
"223.0540","1.5206","0.0014"
"223.0740","1.4407","0.0013"
"223.0940","1.3607","0.0014"
"223.1140","1.2807","0.0013"
"223.1340","1.2006","0.0013"
"223.1540","1.1206","0.0013"
"223.1740","1.0406","0.0012"
"223.1940","0.9606","0.0013"
"223.2140","0.8806","0.0014"
"223.2340","0.8007","0.0013"
"223.2540","0.7207","0.0012"
"223.2740","0.6407","0.0011"
"223.2940","0.5607","0.0012"
"223.3140","0.4806","0.0012"
"223.3340","0.4006","0.0012"
"223.3540","0.3206","0.0010"
"223.3740","0.2407","0.0008"
"223.3940","0.1607","0.0005"
"223.4100","0.0967","0.0000"
"223.4110","0.0927","-0.0001"
"223.4120","0.0887","-0.0001"
"223.4320","0.0097","-0.0005"
"223.4520","-0.0548","-0.0005"
"223.4720","-0.0844","-0.0005"
"223.4920","-0.0712","-0.0002"
"223.5120","-0.0171","0.0000"
"223.5320","0.0615","0.0002"
"223.5520","0.1424","0.0007"
"223.5720","0.2201","0.0012"
"223.5920","0.2980","0.0014"
"223.6120","0.3785","0.0013"
"223.6320","0.4607","0.0012"
"223.6520","0.5428","0.0012"
"223.6720","0.6239","0.0012"
"223.6920","0.7041","0.0013"
"223.7120","0.7840","0.0013"
"223.7320","0.8638","0.0013"
"223.7520","0.9438","0.0013"
"223.7720","1.0239","0.0013"
"223.7920","1.1040","0.0013"
"223.8120","1.1841","0.0012"
"223.8320","1.2642","0.0012"
"223.8520","1.3442","0.0013"
"223.8720","1.4242","0.0014"
"223.8920","1.5041","0.0014"
"223.9120","1.5841","0.0015"
"223.9320","1.6642","0.0013"
"223.9520","1.7441","0.0013"
"223.9720","1.8241","0.0013"
"223.9920","1.9041","0.0013"
"224.0120","1.9841","0.0013"
"224.0320","2.0641","0.0014"
"224.0520","2.1442","0.0014"
"224.0720","2.2242","0.0014"
"224.0920","2.3041","0.0013"
"224.1120","2.3841","0.0014"
"224.1320","2.4641","0.0015"
"224.1520","2.5441","0.0015"
"224.1720","2.6241","0.0014"
"224.1920","2.7041","0.0014"
"224.2120","2.7841","0.0013"
"224.2320","2.8641","0.0013"
"224.2520","2.9441","0.0014"
"224.2660","3.0001","0.0015"
"224.2670","3.0041","0.0015"
"224.2680","3.0081","0.0015"
"224.2880","3.0872","0.0011"
"224.3080","3.1518","0.0005"
"224.3280","3.1823","0.0004"
"224.3480","3.1709","0.0004"
"224.3680","3.1189","0.0007"
"224.3880","3.0407","0.0013"
"224.4080","2.9593","0.0013"
"224.4280","2.8815","0.0013"
"224.4480","2.8040","0.0012"
"224.4680","2.7242","0.0012"
"224.4880","2.6423","0.0012"
"224.5080","2.5601","0.0012"
"224.5280","2.4788","0.0014"
"224.5480","2.3985","0.0015"
"224.5680","2.3187","0.0013"
"224.5880","2.2389","0.0013"
"224.6080","2.1589","0.0012"
"224.6280","2.0788","0.0012"
"224.6480","1.9987","0.0013"
"224.6680","1.9186","0.0014"
"224.6880","1.8386","0.0013"
"224.7080","1.7586","0.0012"
"224.7280","1.6786","0.0013"
"224.7480","1.5986","0.0013"
"224.7680","1.5186","0.0013"
"224.7880","1.4386","0.0013"
"224.8080","1.3585","0.0013"
"224.8280","1.2785","0.0012"
"224.8480","1.1985","0.0013"
"224.8680","1.1184","0.0012"
"224.8880","1.0385","0.0013"
"224.9080","0.9585","0.0013"
"224.9280","0.8785","0.0013"
"224.9480","0.7986","0.0012"
"224.9680","0.7186","0.0012"
"224.9880","0.6386","0.0012"
"225.0080","0.5586","0.0011"
"225.0280","0.4785","0.0011"
"225.0480","0.3985","0.0011"
"225.0680","0.3185","0.0010"
"225.0880","0.2385","0.0009"
"225.1080","0.1585","0.0004"
"225.1230","0.0985","0.0000"
"225.1240","0.0945","0.0000"
"225.1250","0.0905","0.0000"
"225.1450","0.0115","-0.0005"
"225.1650","-0.0529","-0.0005"
"225.1850","-0.0825","-0.0006"
"225.2050","-0.0693","-0.0003"
"225.2250","-0.0152","0.0001"
"225.2450","0.0633","0.0003"
"225.2650","0.1441","0.0008"
"225.2850","0.2218","0.0012"
"225.3050","0.2997","0.0013"
"225.3250","0.3802","0.0013"
"225.3450","0.4625","0.0013"
"225.3650","0.5446","0.0013"
"225.3850","0.6257","0.0013"
"225.4050","0.7059","0.0013"
"225.4250","0.7858","0.0014"
"225.4450","0.8656","0.0013"
"225.4650","0.9456","0.0013"
"225.4850","1.0257","0.0013"
"225.5050","1.1058","0.0013"
"225.5250","1.1860","0.0013"
"225.5450","1.2660","0.0013"
"225.5650","1.3460","0.0013"
"225.5850","1.4260","0.0013"
"225.6050","1.5059","0.0014"
"225.6250","1.5859","0.0014"
"225.6450","1.6660","0.0015"
"225.6650","1.7460","0.0014"
"225.6850","1.8259","0.0013"
"225.7050","1.9059","0.0013"
"225.7250","1.9859","0.0014"
"225.7450","2.0660","0.0014"
"225.7650","2.1460","0.0013"
"225.7850","2.2260","0.0013"
"225.8050","2.3059","0.0013"
"225.8250","2.3859","0.0013"
"225.8450","2.4659","0.0013"
"225.8650","2.5459","0.0014"
"225.8850","2.6259","0.0014"
"225.9050","2.7059","0.0014"
"225.9250","2.7859","0.0014"
"225.9450","2.8659","0.0013"
"225.9650","2.9459","0.0014"
"225.9790","3.0019","0.0013"
"225.9800","3.0059","0.0013"
"225.9810","3.0099","0.0013"
"226.0010","3.0890","0.0010"
"226.0210","3.1537","0.0006"
"226.0410","3.1842","0.0005"
"226.0610","3.1728","0.0004"
"226.0810","3.1209","0.0007"
"226.1010","3.0427","0.0013"
"226.1210","2.9613","0.0014"
"226.1410","2.8836","0.0014"
"226.1610","2.8062","0.0013"
"226.1810","2.7263","0.0012"
"226.2010","2.6444","0.0012"
"226.2210","2.5621","0.0013"
"226.2410","2.4808","0.0014"
"226.2610","2.4005","0.0014"
"226.2810","2.3207","0.0013"
"226.3010","2.2409","0.0013"
"226.3210","2.1610","0.0013"
"226.3410","2.0809","0.0014"
"226.3610","2.0007","0.0014"
"226.3810","1.9206","0.0014"
"226.4010","1.8405","0.0013"
"226.4210","1.7605","0.0013"
"226.4410","1.6805","0.0013"
"226.4610","1.6005","0.0013"
"226.4810","1.5206","0.0013"
"226.5010","1.4406","0.0012"
"226.5210","1.3606","0.0013"
"226.5410","1.2806","0.0014"
"226.5610","1.2005","0.0013"
"226.5810","1.1205","0.0012"
"226.6010","1.0405","0.0012"
"226.6210","0.9606","0.0012"
"226.6410","0.8806","0.0012"
"226.6610","0.8006","0.0012"
"226.6810","0.7206","0.0012"
"226.7010","0.6406","0.0012"
"226.7210","0.5606","0.0011"
"226.7410","0.4805","0.0010"
"226.7610","0.4005","0.0011"
"226.7810","0.3205","0.0011"
"226.8010","0.2406","0.0008"
"226.8210","0.1606","0.0004"
"226.8370","0.0966","-0.0001"
"226.8380","0.0926","-0.0001"
"226.8390","0.0886","-0.0001"
"226.8590","0.0096","-0.0006"
"226.8790","-0.0549","-0.0005"
"226.8990","-0.0845","-0.0005"
"226.9190","-0.0713","-0.0001"
"226.9390","-0.0171","0.0000"
"226.9590","0.0615","0.0002"
"226.9790","0.1423","0.0007"
"226.9990","0.2200","0.0012"
"227.0190","0.2979","0.0013"
"227.0390","0.3784","0.0013"
"227.0590","0.4606","0.0013"
"227.0790","0.5427","0.0013"
"227.0990","0.6238","0.0013"
"227.1190","0.7040","0.0013"
"227.1390","0.7839","0.0013"
"227.1590","0.8638","0.0013"
"227.1790","0.9438","0.0013"
"227.1990","1.0238","0.0013"
"227.2190","1.1040","0.0012"
"227.2390","1.1841","0.0013"
"227.2590","1.2641","0.0013"
"227.2790","1.3441","0.0013"
"227.2990","1.4241","0.0012"
"227.3190","1.5041","0.0012"
"227.3390","1.5841","0.0013"
"227.3590","1.6641","0.0014"
"227.3790","1.7441","0.0014"
"227.3990","1.8240","0.0014"
"227.4190","1.9041","0.0014"
"227.4390","1.9841","0.0014"
"227.4590","2.0641","0.0013"
"227.4790","2.1441","0.0013"
"227.4990","2.2241","0.0013"
"227.5190","2.3041","0.0013"
"227.5390","2.3841","0.0013"
"227.5590","2.4641","0.0014"
"227.5790","2.5441","0.0014"
"227.5990","2.6241","0.0014"
"227.6190","2.7040","0.0014"
"227.6390","2.7840","0.0013"
"227.6590","2.8641","0.0014"
"227.6790","2.9441","0.0013"
"227.6930","3.0001","0.0013"
"227.6940","3.0041","0.0013"
"227.6950","3.0081","0.0013"
"227.7150","3.0871","0.0010"
"227.7350","3.1518","0.0005"
"227.7550","3.1822","0.0004"
"227.7750","3.1708","0.0004"
"227.7950","3.1188","0.0007"
"227.8150","3.0405","0.0013"
"227.8350","2.9591","0.0015"
"227.8550","2.8813","0.0015"
"227.8750","2.8039","0.0013"
"227.8950","2.7241","0.0013"
"227.9150","2.6421","0.0014"
"227.9350","2.5599","0.0013"
"227.9550","2.4787","0.0014"
"227.9750","2.3984","0.0013"
"227.9950","2.3185","0.0013"
"228.0150","2.2388","0.0013"
"228.0350","2.1588","0.0013"
"228.0550","2.0787","0.0013"
"228.0750","1.9986","0.0013"
"228.0950","1.9184","0.0012"
"228.1150","1.8384","0.0013"
"228.1350","1.7584","0.0013"
"228.1550","1.6784","0.0012"
"228.1750","1.5984","0.0013"
"228.1950","1.5185","0.0013"
"228.2150","1.4385","0.0012"
"228.2350","1.3585","0.0012"
"228.2550","1.2784","0.0013"
"228.2750","1.1983","0.0013"
"228.2950","1.1183","0.0013"
"228.3150","1.0384","0.0012"
"228.3350","0.9584","0.0013"
"228.3550","0.8784","0.0012"
"228.3750","0.7985","0.0013"
"228.3950","0.7185","0.0013"
"228.4150","0.6384","0.0012"
"228.4350","0.5584","0.0012"
"228.4550","0.4784","0.0012"
"228.4750","0.3983","0.0011"
"228.4950","0.3184","0.0010"
"228.5150","0.2384","0.0008"
"228.5350","0.1584","0.0004"
"228.5500","0.0984","-0.0001"
"228.5510","0.0944","-0.0001"
"228.5520","0.0904","-0.0001"
"228.5720","0.0115","-0.0006"
"228.5920","-0.0530","-0.0006"
"228.6120","-0.0827","-0.0007"
"228.6320","-0.0695","-0.0003"
"228.6520","-0.0154","0.0000"
"228.6720","0.0631","0.0003"
"228.6920","0.1439","0.0008"
"228.7120","0.2216","0.0012"
"228.7320","0.2996","0.0013"
"228.7520","0.3801","0.0012"
"228.7720","0.4623","0.0012"
"228.7920","0.5444","0.0013"
"228.8120","0.6255","0.0013"
"228.8320","0.7057","0.0014"
"228.8520","0.7856","0.0014"
"228.8720","0.8654","0.0014"
"228.8920","0.9454","0.0013"
"228.9120","1.0255","0.0012"
"228.9320","1.1056","0.0012"
"228.9520","1.1857","0.0013"
"228.9720","1.2658","0.0014"
"228.9920","1.3458","0.0013"
"229.0120","1.4258","0.0013"
"229.0320","1.5057","0.0013"
"229.0520","1.5857","0.0013"
"229.0720","1.6658","0.0014"
"229.0920","1.7457","0.0014"
"229.1120","1.8257","0.0014"
"229.1320","1.9057","0.0013"
"229.1520","1.9857","0.0013"
"229.1720","2.0658","0.0012"
"229.1920","2.1458","0.0012"
"229.2120","2.2258","0.0012"
"229.2320","2.3058","0.0012"
"229.2520","2.3858","0.0013"
"229.2720","2.4657","0.0014"
"229.2920","2.5457","0.0013"
"229.3120","2.6257","0.0013"
"229.3320","2.7057","0.0013"
"229.3520","2.7857","0.0013"
"229.3720","2.8657","0.0013"
"229.3920","2.9457","0.0013"
"229.4060","3.0017","0.0014"
"229.4070","3.0057","0.0014"
"229.4080","3.0097","0.0014"
"229.4280","3.0888","0.0011"
"229.4480","3.1535","0.0006"
"229.4680","3.1841","0.0005"
"229.4880","3.1728","0.0006"
"229.5080","3.1209","0.0008"
"229.5280","3.0428","0.0013"
"229.5480","2.9614","0.0014"
"229.5680","2.8837","0.0013"
"229.5880","2.8062","0.0012"
"229.6080","2.7263","0.0013"
"229.6280","2.6444","0.0012"
"229.6480","2.5622","0.0012"
"229.6680","2.4809","0.0013"
"229.6880","2.4006","0.0013"
"229.7080","2.3208","0.0013"
"229.7280","2.2410","0.0012"
"229.7480","2.1610","0.0013"
"229.7680","2.0809","0.0013"
"229.7880","2.0008","0.0013"
"229.8080","1.9207","0.0013"
"229.8280","1.8406","0.0013"
"229.8480","1.7606","0.0012"
"229.8680","1.6806","0.0013"
"229.8880","1.6006","0.0012"
"229.9080","1.5207","0.0012"
"229.9280","1.4407","0.0013"
"229.9480","1.3607","0.0013"
"229.9680","1.2806","0.0013"
"229.9880","1.2006","0.0013"
"230.0080","1.1205","0.0013"
"230.0280","1.0406","0.0013"
"230.0480","0.9606","0.0012"
"230.0680","0.8806","0.0012"
"230.0880","0.8007","0.0012"
"230.1080","0.7207","0.0012"
"230.1280","0.6406","0.0013"
"230.1480","0.5606","0.0012"
"230.1680","0.4806","0.0011"
"230.1880","0.4005","0.0010"
"230.2080","0.3206","0.0010"
"230.2280","0.2406","0.0008"
"230.2480","0.1606","0.0005"
"230.2640","0.0967","0.0000"
"230.2650","0.0927","0.0000"
"230.2660","0.0887","-0.0001"
"230.2860","0.0097","-0.0005"
"230.3060","-0.0548","-0.0005"
"230.3260","-0.0845","-0.0006"
"230.3460","-0.0712","-0.0003"
"230.3660","-0.0171","0.0000"
"230.3860","0.0615","0.0002"
"230.4060","0.1424","0.0007"
"230.4260","0.2200","0.0011"
"230.4460","0.2980","0.0012"
"230.4660","0.3785","0.0013"
"230.4860","0.4607","0.0013"
"230.5060","0.5428","0.0013"
"230.5260","0.6238","0.0012"
"230.5460","0.7041","0.0013"
"230.5660","0.7839","0.0012"
"230.5860","0.8638","0.0013"
"230.6060","0.9437","0.0013"
"230.6260","1.0238","0.0013"
"230.6460","1.1040","0.0013"
"230.6660","1.1841","0.0013"
"230.6860","1.2641","0.0014"
"230.7060","1.3441","0.0014"
"230.7260","1.4241","0.0014"
"230.7460","1.5041","0.0014"
"230.7660","1.5841","0.0014"
"230.7860","1.6641","0.0014"
"230.8060","1.7441","0.0014"
"230.8260","1.8240","0.0013"
"230.8460","1.9040","0.0013"
"230.8660","1.9841","0.0013"
"230.8860","2.0641","0.0012"
"230.9060","2.1441","0.0012"
"230.9260","2.2241","0.0012"
"230.9460","2.3041","0.0013"
"230.9660","2.3841","0.0014"
"230.9860","2.4641","0.0014"
"231.0060","2.5441","0.0013"
"231.0260","2.6241","0.0013"
"231.0460","2.7040","0.0013"
"231.0660","2.7840","0.0014"
"231.0860","2.8641","0.0014"
"231.1060","2.9441","0.0014"
"231.1200","3.0001","0.0014"
"231.1210","3.0041","0.0014"
"231.1220","3.0081","0.0014"
"231.1420","3.0871","0.0011"
"231.1620","3.1518","0.0005"
"231.1820","3.1823","0.0003"
"231.2020","3.1709","0.0003"
"231.2220","3.1189","0.0006"
"231.2420","3.0406","0.0013"
"231.2620","2.9592","0.0014"
"231.2820","2.8815","0.0013"
"231.3020","2.8041","0.0012"
"231.3220","2.7242","0.0013"
"231.3420","2.6423","0.0013"
"231.3620","2.5600","0.0013"
"231.3820","2.4788","0.0013"
"231.4020","2.3985","0.0012"
"231.4220","2.3186","0.0013"
"231.4420","2.2389","0.0014"
"231.4620","2.1589","0.0014"
"231.4820","2.0788","0.0013"
"231.5020","1.9987","0.0012"
"231.5220","1.9186","0.0013"
"231.5420","1.8386","0.0012"
"231.5620","1.7586","0.0012"
"231.5820","1.6785","0.0012"
"231.6020","1.5985","0.0012"
"231.6220","1.5185","0.0012"
"231.6420","1.4385","0.0013"
"231.6620","1.3585","0.0014"
"231.6820","1.2785","0.0013"
"231.7020","1.1984","0.0012"
"231.7220","1.1184","0.0012"
"231.7420","1.0384","0.0012"
"231.7620","0.9585","0.0012"
"231.7820","0.8785","0.0012"
"231.8020","0.7986","0.0012"
"231.8220","0.7186","0.0011"
"231.8420","0.6386","0.0010"
"231.8620","0.5586","0.0011"
"231.8820","0.4785","0.0010"
"231.9020","0.3984","0.0011"
"231.9220","0.3185","0.0011"
"231.9420","0.2385","0.0009"
"231.9620","0.1585","0.0005"
"231.9770","0.0985","0.0000"
"231.9780","0.0945","0.0000"
"231.9790","0.0905","-0.0001"
"231.9990","0.0115","-0.0006"
"232.0190","-0.0530","-0.0006"
"232.0390","-0.0826","-0.0006"
"232.0590","-0.0694","-0.0003"
"232.0790","-0.0153","0.0000"
"232.0990","0.0632","0.0001"
"232.1190","0.1441","0.0006"
"232.1390","0.2218","0.0010"
"232.1590","0.2998","0.0013"
"232.1790","0.3803","0.0013"
"232.1990","0.4625","0.0012"
"232.2190","0.5445","0.0012"
"232.2390","0.6256","0.0012"
"232.2590","0.7058","0.0013"
"232.2790","0.7857","0.0013"
"232.2990","0.8655","0.0014"
"232.3190","0.9455","0.0014"
"232.3390","1.0256","0.0014"
"232.3590","1.1057","0.0013"
"232.3790","1.1859","0.0013"
"232.3990","1.2659","0.0013"
"232.4190","1.3459","0.0012"
"232.4390","1.4259","0.0013"
"232.4590","1.5058","0.0013"
"232.4790","1.5858","0.0013"
"232.4990","1.6659","0.0014"
"232.5190","1.7458","0.0014"
"232.5390","1.8258","0.0014"
"232.5590","1.9058","0.0014"
"232.5790","1.9858","0.0013"
"232.5990","2.0659","0.0013"
"232.6190","2.1459","0.0013"
"232.6390","2.2259","0.0014"
"232.6590","2.3059","0.0013"
"232.6790","2.3859","0.0013"
"232.6990","2.4659","0.0013"
"232.7190","2.5458","0.0013"
"232.7390","2.6258","0.0013"
"232.7590","2.7058","0.0013"
"232.7790","2.7858","0.0013"
"232.7990","2.8659","0.0013"
"232.8190","2.9459","0.0013"
"232.8330","3.0019","0.0013"
"232.8340","3.0059","0.0013"
"232.8350","3.0099","0.0013"
"232.8550","3.0889","0.0011"
"232.8750","3.1536","0.0006"
"232.8950","3.1842","0.0005"
"232.9150","3.1728","0.0005"
"232.9350","3.1209","0.0006"
"232.9550","3.0427","0.0012"
"232.9750","2.9614","0.0014"
"232.9950","2.8836","0.0013"
"233.0150","2.8062","0.0012"
"233.0350","2.7263","0.0012"
"233.0550","2.6443","0.0014"
"233.0750","2.5621","0.0014"
"233.0950","2.4808","0.0014"
"233.1150","2.4005","0.0014"
"233.1350","2.3207","0.0014"
"233.1550","2.2410","0.0012"
"233.1750","2.1610","0.0012"
"233.1950","2.0809","0.0012"
"233.2150","2.0007","0.0013"
"233.2350","1.9206","0.0013"
"233.2550","1.8406","0.0012"
"233.2750","1.7606","0.0013"
"233.2950","1.6806","0.0012"
"233.3150","1.6005","0.0012"
"233.3350","1.5206","0.0012"
"233.3550","1.4406","0.0013"
"233.3750","1.3606","0.0013"
"233.3950","1.2805","0.0013"
"233.4150","1.2005","0.0013"
"233.4350","1.1205","0.0013"
"233.4550","1.0405","0.0013"
"233.4750","0.9605","0.0012"
"233.4950","0.8806","0.0012"
"233.5150","0.8006","0.0011"
"233.5350","0.7206","0.0012"
"233.5550","0.6406","0.0013"
"233.5750","0.5606","0.0013"
"233.5950","0.4805","0.0011"
"233.6150","0.4005","0.0010"
"233.6350","0.3205","0.0010"
"233.6550","0.2406","0.0008"
"233.6750","0.1606","0.0004"
"233.6910","0.0966","-0.0001"
"233.6920","0.0926","-0.0001"
"233.6930","0.0886","-0.0002"
"233.7130","0.0096","-0.0006"
"233.7330","-0.0549","-0.0006"
"233.7530","-0.0846","-0.0007"
"233.7730","-0.0714","-0.0004"
"233.7930","-0.0172","-0.0001"
"233.8130","0.0613","0.0002"
"233.8330","0.1422","0.0007"
"233.8530","0.2199","0.0011"
"233.8730","0.2978","0.0012"
"233.8930","0.3783","0.0013"
"233.9130","0.4606","0.0012"
"233.9330","0.5426","0.0013"
"233.9530","0.6237","0.0013"
"233.9730","0.7039","0.0013"
"233.9930","0.7837","0.0013"
"234.0130","0.8636","0.0013"
"234.0330","0.9436","0.0012"
"234.0530","1.0237","0.0012"
"234.0730","1.1038","0.0012"
"234.0930","1.1839","0.0012"
"234.1130","1.2640","0.0012"
"234.1330","1.3440","0.0012"
"234.1530","1.4240","0.0013"
"234.1730","1.5039","0.0013"
"234.1930","1.5839","0.0013"
"234.2130","1.6640","0.0013"
"234.2330","1.7439","0.0013"
"234.2530","1.8239","0.0013"
"234.2730","1.9039","0.0013"
"234.2930","1.9839","0.0012"
"234.3130","2.0640","0.0013"
"234.3330","2.1440","0.0014"
"234.3530","2.2240","0.0014"
"234.3730","2.3039","0.0013"
"234.3930","2.3839","0.0013"
"234.4130","2.4639","0.0013"
"234.4330","2.5439","0.0013"
"234.4530","2.6239","0.0013"
"234.4730","2.7039","0.0013"
"234.4930","2.7839","0.0014"
"234.5130","2.8639","0.0013"
"234.5330","2.9439","0.0013"
"234.5480","3.0039","0.0013"
"234.5490","3.0079","0.0013"
"234.5500","3.0119","0.0013"
"234.5700","3.0910","0.0010"
"234.5900","3.1557","0.0004"
"234.6100","3.1862","0.0003"
"234.6300","3.1748","0.0004"
"234.6500","3.1228","0.0007"
"234.6700","3.0445","0.0013"
"234.6900","2.9631","0.0014"
"234.7100","2.8854","0.0013"
"234.7300","2.8080","0.0010"
"234.7500","2.7281","0.0012"
"234.7700","2.6462","0.0013"
"234.7900","2.5640","0.0013"
"234.8100","2.4827","0.0013"
"234.8300","2.4024","0.0013"
"234.8500","2.3226","0.0013"
"234.8700","2.2428","0.0013"
"234.8900","2.1629","0.0012"
"234.9100","2.0827","0.0012"
"234.9300","2.0026","0.0012"
"234.9500","1.9225","0.0012"
"234.9700","1.8425","0.0012"
"234.9900","1.7625","0.0013"
"235.0100","1.6825","0.0012"
"235.0300","1.6024","0.0013"
"235.0500","1.5224","0.0012"
"235.0700","1.4425","0.0012"
"235.0900","1.3624","0.0012"
"235.1100","1.2824","0.0012"
"235.1300","1.2024","0.0013"
"235.1500","1.1223","0.0012"
"235.1700","1.0424","0.0013"
"235.1900","0.9624","0.0012"
"235.2100","0.8824","0.0012"
"235.2300","0.8025","0.0011"
"235.2500","0.7225","0.0011"
"235.2700","0.6425","0.0012"
"235.2900","0.5624","0.0013"
"235.3100","0.4824","0.0011"
"235.3300","0.4023","0.0011"
"235.3500","0.3224","0.0010"
"235.3700","0.2424","0.0008"
"235.3900","0.1624","0.0005"
"235.4060","0.0985","0.0000"
"235.4070","0.0945","-0.0001"
"235.4080","0.0905","-0.0001"
"235.4280","0.0115","-0.0006"
"235.4480","-0.0530","-0.0006"
"235.4680","-0.0827","-0.0007"
"235.4880","-0.0695","-0.0004"
"235.5080","-0.0154","0.0000"
"235.5280","0.0631","0.0001"
"235.5480","0.1439","0.0007"
"235.5680","0.2216","0.0011"
"235.5880","0.2997","0.0012"
"235.6080","0.3802","0.0012"
"235.6280","0.4624","0.0011"
"235.6480","0.5445","0.0012"
"235.6680","0.6255","0.0012"
"235.6880","0.7057","0.0012"
"235.7080","0.7856","0.0013"
"235.7280","0.8655","0.0013"
"235.7480","0.9455","0.0012"
"235.7680","1.0256","0.0013"
"235.7880","1.1057","0.0012"
"235.8080","1.1858","0.0013"
"235.8280","1.2658","0.0013"
"235.8480","1.3458","0.0013"
"235.8680","1.4258","0.0013"
"235.8880","1.5058","0.0012"
"235.9080","1.5858","0.0013"
"235.9280","1.6658","0.0013"
"235.9480","1.7457","0.0013"
"235.9680","1.8257","0.0013"
"235.9880","1.9057","0.0014"
"236.0080","1.9857","0.0013"
"236.0280","2.0658","0.0013"
"236.0480","2.1458","0.0013"
"236.0680","2.2258","0.0013"
"236.0880","2.3058","0.0013"
"236.1080","2.3858","0.0013"
"236.1280","2.4658","0.0014"
"236.1480","2.5458","0.0014"
"236.1680","2.6258","0.0013"
"236.1880","2.7057","0.0014"
"236.2080","2.7857","0.0013"
"236.2280","2.8658","0.0013"
"236.2480","2.9458","0.0014"
"236.2620","3.0018","0.0013"
"236.2630","3.0058","0.0013"
"236.2640","3.0098","0.0013"
"236.2840","3.0888","0.0011"
"236.3040","3.1535","0.0006"
"236.3240","3.1841","0.0004"
"236.3440","3.1728","0.0004"
"236.3640","3.1209","0.0006"
"236.3840","3.0428","0.0013"
"236.4040","2.9614","0.0014"
"236.4240","2.8837","0.0014"
"236.4440","2.8062","0.0013"
"236.4640","2.7263","0.0012"
"236.4840","2.6444","0.0012"
"236.5040","2.5622","0.0012"
"236.5240","2.4809","0.0012"
"236.5440","2.4006","0.0012"
"236.5640","2.3208","0.0013"
"236.5840","2.2410","0.0013"
"236.6040","2.1610","0.0013"
"236.6240","2.0809","0.0013"
"236.6440","2.0008","0.0012"
"236.6640","1.9207","0.0011"
"236.6840","1.8406","0.0012"
"236.7040","1.7606","0.0012"
"236.7240","1.6806","0.0012"
"236.7440","1.6006","0.0012"
"236.7640","1.5207","0.0012"
"236.7840","1.4407","0.0012"
"236.8040","1.3607","0.0011"
"236.8240","1.2807","0.0011"
"236.8440","1.2006","0.0012"
"236.8640","1.1206","0.0011"
"236.8840","1.0406","0.0012"
"236.9040","0.9606","0.0012"
"236.9240","0.8807","0.0013"
"236.9440","0.8007","0.0013"
"236.9640","0.7207","0.0012"
"236.9840","0.6407","0.0011"
"237.0040","0.5607","0.0011"
"237.0240","0.4806","0.0012"
"237.0440","0.4006","0.0011"
"237.0640","0.3206","0.0009"
"237.0840","0.2407","0.0007"
"237.1040","0.1607","0.0004"
"237.1200","0.0967","-0.0001"
"237.1210","0.0927","-0.0002"
"237.1220","0.0887","-0.0002"
"237.1420","0.0097","-0.0007"
"237.1620","-0.0548","-0.0006"
"237.1820","-0.0845","-0.0006"
"237.2020","-0.0713","-0.0005"
"237.2220","-0.0171","-0.0001"
"237.2420","0.0615","0.0001"
"237.2620","0.1423","0.0007"
"237.2820","0.2200","0.0011"
"237.3020","0.2980","0.0012"
"237.3220","0.3784","0.0012"
"237.3420","0.4606","0.0012"
"237.3620","0.5427","0.0012"
"237.3820","0.6238","0.0013"
"237.4020","0.7040","0.0013"
"237.4220","0.7839","0.0013"
"237.4420","0.8638","0.0012"
"237.4620","0.9438","0.0013"
"237.4820","1.0238","0.0013"
"237.5020","1.1039","0.0012"
"237.5220","1.1841","0.0012"
"237.5420","1.2641","0.0013"
"237.5620","1.3441","0.0013"
"237.5820","1.4241","0.0013"
"237.6020","1.5040","0.0014"
"237.6220","1.5840","0.0013"
"237.6420","1.6641","0.0013"
"237.6620","1.7441","0.0013"
"237.6820","1.8240","0.0013"
"237.7020","1.9040","0.0013"
"237.7220","1.9840","0.0013"
"237.7420","2.0641","0.0012"
"237.7620","2.1441","0.0012"
"237.7820","2.2241","0.0013"
"237.8020","2.3041","0.0013"
"237.8220","2.3841","0.0013"
"237.8420","2.4641","0.0013"
"237.8620","2.5440","0.0013"
"237.8820","2.6240","0.0012"
"237.9020","2.7040","0.0012"
"237.9220","2.7840","0.0013"
"237.9420","2.8640","0.0012"
"237.9620","2.9440","0.0013"
"237.9760","3.0000","0.0012"
"237.9770","3.0040","0.0012"
"237.9780","3.0080","0.0012"
"237.9980","3.0871","0.0010"
"238.0180","3.1518","0.0005"
"238.0380","3.1824","0.0004"
"238.0580","3.1710","0.0004"
"238.0780","3.1191","0.0006"
"238.0980","3.0409","0.0012"
"238.1180","2.9595","0.0013"
"238.1380","2.8818","0.0013"
"238.1580","2.8044","0.0012"
"238.1780","2.7245","0.0012"
"238.1980","2.6425","0.0013"
"238.2180","2.5603","0.0013"
"238.2380","2.4790","0.0014"
"238.2580","2.3987","0.0013"
"238.2780","2.3189","0.0013"
"238.2980","2.2391","0.0012"
"238.3180","2.1592","0.0012"
"238.3380","2.0790","0.0013"
"238.3580","1.9989","0.0013"
"238.3780","1.9188","0.0012"
"238.3980","1.8388","0.0011"
"238.4180","1.7588","0.0012"
"238.4380","1.6788","0.0013"
"238.4580","1.5988","0.0013"
"238.4780","1.5189","0.0013"
"238.4980","1.4389","0.0012"
"238.5180","1.3589","0.0012"
"238.5380","1.2788","0.0012"
"238.5580","1.1987","0.0012"
"238.5780","1.1187","0.0011"
"238.5980","1.0387","0.0011"
"238.6180","0.9588","0.0012"
"238.6380","0.8788","0.0012"
"238.6580","0.7989","0.0012"
"238.6780","0.7189","0.0012"
"238.6980","0.6388","0.0011"
"238.7180","0.5588","0.0012"
"238.7380","0.4787","0.0011"
"238.7580","0.3987","0.0012"
"238.7780","0.3188","0.0010"
"238.7980","0.2388","0.0008"
"238.8180","0.1588","0.0004"
"238.8330","0.0988","0.0000"
"238.8340","0.0948","0.0000"
"238.8350","0.0908","-0.0001"
"238.8550","0.0118","-0.0005"
"238.8750","-0.0526","-0.0005"
"238.8950","-0.0823","-0.0005"
"238.9150","-0.0691","-0.0002"
"238.9350","-0.0151","0.0000"
"238.9550","0.0634","0.0002"
"238.9750","0.1442","0.0007"
"238.9950","0.2219","0.0010"
"239.0150","0.3000","0.0012"
"239.0350","0.3805","0.0013"
"239.0550","0.4627","0.0013"
"239.0750","0.5448","0.0012"
"239.0950","0.6258","0.0012"
"239.1150","0.7060","0.0013"
"239.1350","0.7858","0.0012"
"239.1550","0.8658","0.0013"
"239.1750","0.9458","0.0013"
"239.1950","1.0259","0.0013"
"239.2150","1.1060","0.0011"
"239.2350","1.1861","0.0012"
"239.2550","1.2661","0.0013"
"239.2750","1.3461","0.0013"
"239.2950","1.4261","0.0013"
"239.3150","1.5060","0.0012"
"239.3350","1.5860","0.0013"
"239.3550","1.6661","0.0013"
"239.3750","1.7460","0.0012"
"239.3950","1.8260","0.0012"
"239.4150","1.9060","0.0012"
"239.4350","1.9861","0.0012"
"239.4550","2.0661","0.0012"
"239.4750","2.1461","0.0012"
"239.4950","2.2261","0.0012"
"239.5150","2.3061","0.0013"
"239.5350","2.3861","0.0012"
"239.5550","2.4661","0.0012"
"239.5750","2.5460","0.0013"
"239.5950","2.6260","0.0013"
"239.6150","2.7060","0.0014"
"239.6350","2.7860","0.0013"
"239.6550","2.8660","0.0014"
"239.6750","2.9460","0.0015"
"239.6890","3.0020","0.0015"
"239.6900","3.0060","0.0015"
"239.6910","3.0100","0.0015"
"239.7110","3.0891","0.0011"
"239.7310","3.1538","0.0006"
"239.7510","3.1844","0.0004"
"239.7710","3.1730","0.0003"
"239.7910","3.1211","0.0005"
"239.8110","3.0429","0.0012"
"239.8310","2.9615","0.0013"
"239.8510","2.8838","0.0013"
"239.8710","2.8063","0.0012"
"239.8910","2.7265","0.0013"
"239.9110","2.6445","0.0013"
"239.9310","2.5623","0.0013"
"239.9510","2.4810","0.0013"
"239.9710","2.4007","0.0013"
"239.9910","2.3209","0.0014"
"240.0110","2.2411","0.0014"
"240.0310","2.1612","0.0013"
"240.0510","2.0810","0.0013"
"240.0710","2.0009","0.0012"
"240.0910","1.9208","0.0013"
"240.1110","1.8407","0.0013"
"240.1310","1.7607","0.0013"
"240.1510","1.6807","0.0012"
"240.1710","1.6007","0.0012"
"240.1910","1.5208","0.0012"
"240.2110","1.4408","0.0012"
"240.2310","1.3608","0.0012"
"240.2510","1.2808","0.0012"
"240.2710","1.2007","0.0012"
"240.2910","1.1207","0.0012"
"240.3110","1.0407","0.0012"
"240.3310","0.9607","0.0012"
"240.3510","0.8807","0.0013"
"240.3710","0.8008","0.0012"
"240.3910","0.7208","0.0012"
"240.4110","0.6408","0.0011"
"240.4310","0.5608","0.0011"
"240.4510","0.4807","0.0010"
"240.4710","0.4007","0.0010"
"240.4910","0.3207","0.0010"
"240.5110","0.2408","0.0008"
"240.5310","0.1608","0.0004"
"240.5470","0.0968","-0.0001"
"240.5480","0.0928","-0.0001"
"240.5490","0.0888","-0.0002"
"240.5690","0.0098","-0.0006"
"240.5890","-0.0548","-0.0006"
"240.6090","-0.0845","-0.0005"
"240.6290","-0.0713","-0.0002"
"240.6490","-0.0172","-0.0001"
"240.6690","0.0613","0.0001"
"240.6890","0.1422","0.0007"
"240.7090","0.2198","0.0011"
"240.7290","0.2978","0.0011"
"240.7490","0.3783","0.0011"
"240.7690","0.4605","0.0011"
"240.7890","0.5426","0.0011"
"240.8090","0.6237","0.0012"
"240.8290","0.7039","0.0013"
"240.8490","0.7837","0.0012"
"240.8690","0.8636","0.0012"
"240.8890","0.9436","0.0013"
"240.9090","1.0237","0.0013"
"240.9290","1.1038","0.0013"
"240.9490","1.1839","0.0012"
"240.9690","1.2639","0.0013"
"240.9890","1.3440","0.0012"
"241.0090","1.4240","0.0012"
"241.0290","1.5039","0.0012"
"241.0490","1.5839","0.0013"
"241.0690","1.6639","0.0013"
"241.0890","1.7439","0.0014"
"241.1090","1.8239","0.0014"
"241.1290","1.9039","0.0014"
"241.1490","1.9839","0.0013"
"241.1690","2.0640","0.0013"
"241.1890","2.1440","0.0012"
"241.2090","2.2240","0.0013"
"241.2290","2.3039","0.0012"
"241.2490","2.3840","0.0013"
"241.2690","2.4639","0.0013"
"241.2890","2.5439","0.0013"
"241.3090","2.6239","0.0013"
"241.3290","2.7039","0.0014"
"241.3490","2.7838","0.0013"
"241.3690","2.8639","0.0012"
"241.3890","2.9439","0.0012"
"241.4040","3.0039","0.0013"
"241.4050","3.0079","0.0013"
"241.4060","3.0119","0.0013"
"241.4260","3.0910","0.0010"
"241.4460","3.1557","0.0006"
"241.4660","3.1862","0.0005"
"241.4860","3.1749","0.0004"
"241.5060","3.1228","0.0006"
"241.5260","3.0445","0.0013"
"241.5460","2.9631","0.0014"
"241.5660","2.8854","0.0013"
"241.5860","2.8080","0.0011"
"241.6060","2.7282","0.0011"
"241.6260","2.6462","0.0012"
"241.6460","2.5640","0.0013"
"241.6660","2.4827","0.0013"
"241.6860","2.4024","0.0013"
"241.7060","2.3226","0.0013"
"241.7260","2.2428","0.0012"
"241.7460","2.1629","0.0011"
"241.7660","2.0827","0.0011"
"241.7860","2.0026","0.0012"
"241.8060","1.9225","0.0012"
"241.8260","1.8425","0.0013"
"241.8460","1.7625","0.0012"
"241.8660","1.6825","0.0011"
"241.8860","1.6025","0.0012"
"241.9060","1.5225","0.0013"
"241.9260","1.4426","0.0013"
"241.9460","1.3626","0.0013"
"241.9660","1.2825","0.0012"
"241.9860","1.2024","0.0012"
"242.0060","1.1224","0.0013"
"242.0260","1.0424","0.0013"
"242.0460","0.9624","0.0012"
"242.0660","0.8825","0.0013"
"242.0860","0.8025","0.0013"
"242.1060","0.7225","0.0012"
"242.1260","0.6425","0.0010"
"242.1460","0.5625","0.0011"
"242.1660","0.4824","0.0010"
"242.1860","0.4024","0.0009"
"242.2060","0.3225","0.0009"
"242.2260","0.2425","0.0008"
"242.2460","0.1625","0.0004"
"242.2620","0.0985","-0.0001"
"242.2630","0.0945","-0.0001"
"242.2640","0.0905","-0.0001"
"242.2840","0.0115","-0.0006"
"242.3040","-0.0530","-0.0006"
"242.3240","-0.0827","-0.0006"
"242.3440","-0.0695","-0.0003"
"242.3640","-0.0154","-0.0001"
"242.3840","0.0631","0.0001"
"242.4040","0.1439","0.0006"
"242.4240","0.2216","0.0009"
"242.4440","0.2995","0.0011"
"242.4640","0.3801","0.0013"
"242.4840","0.4623","0.0012"
"242.5040","0.5444","0.0011"
"242.5240","0.6255","0.0011"
"242.5440","0.7057","0.0012"
"242.5640","0.7855","0.0012"
"242.5840","0.8654","0.0013"
"242.6040","0.9455","0.0012"
"242.6240","1.0255","0.0014"
"242.6440","1.1056","0.0014"
"242.6640","1.1857","0.0013"
"242.6840","1.2657","0.0012"
"242.7040","1.3457","0.0012"
"242.7240","1.4257","0.0012"
"242.7440","1.5057","0.0012"
"242.7640","1.5857","0.0013"
"242.7840","1.6657","0.0014"
"242.8040","1.7457","0.0013"
"242.8240","1.8257","0.0012"
"242.8440","1.9057","0.0012"
"242.8640","1.9857","0.0013"
"242.8840","2.0657","0.0012"
"242.9040","2.1458","0.0012"
"242.9240","2.2257","0.0012"
"242.9440","2.3057","0.0013"
"242.9640","2.3857","0.0013"
"242.9840","2.4657","0.0013"
"243.0040","2.5457","0.0013"
"243.0240","2.6257","0.0013"
"243.0440","2.7057","0.0013"
"243.0640","2.7857","0.0013"
"243.0840","2.8657","0.0012"
"243.1040","2.9457","0.0012"
"243.1180","3.0017","0.0012"
"243.1190","3.0057","0.0012"
"243.1200","3.0097","0.0012"
"243.1400","3.0888","0.0009"
"243.1600","3.1534","0.0004"
"243.1800","3.1840","0.0004"
"243.2000","3.1726","0.0004"
"243.2200","3.1206","0.0006"
"243.2400","3.0424","0.0014"
"243.2600","2.9610","0.0014"
"243.2800","2.8833","0.0013"
"243.3000","2.8059","0.0012"
"243.3200","2.7260","0.0012"
"243.3400","2.6440","0.0013"
"243.3600","2.5618","0.0014"
"243.3800","2.4806","0.0013"
"243.4000","2.4003","0.0012"
"243.4200","2.3204","0.0013"
"243.4400","2.2407","0.0012"
"243.4600","2.1607","0.0013"
"243.4800","2.0806","0.0012"
"243.5000","2.0004","0.0012"
"243.5200","1.9203","0.0013"
"243.5400","1.8403","0.0013"
"243.5600","1.7603","0.0012"
"243.5800","1.6803","0.0013"
"243.6000","1.6003","0.0013"
"243.6200","1.5203","0.0013"
"243.6400","1.4404","0.0012"
"243.6600","1.3604","0.0012"
"243.6800","1.2803","0.0012"
"243.7000","1.2003","0.0012"
"243.7200","1.1202","0.0012"
"243.7400","1.0403","0.0011"
"243.7600","0.9603","0.0012"
"243.7800","0.8803","0.0011"
"243.8000","0.8004","0.0011"
"243.8200","0.7204","0.0011"
"243.8400","0.6403","0.0011"
"243.8600","0.5603","0.0011"
"243.8800","0.4802","0.0011"
"243.9000","0.4002","0.0010"
"243.9200","0.3203","0.0009"
"243.9400","0.2403","0.0007"
"243.9600","0.1603","0.0004"
"243.9760","0.0963","-0.0001"
"243.9770","0.0923","-0.0001"
"243.9780","0.0883","-0.0002"
"243.9980","0.0093","-0.0006"
"244.0180","-0.0552","-0.0006"
"244.0380","-0.0849","-0.0006"
"244.0580","-0.0717","-0.0003"
"244.0780","-0.0176","0.0000"
"244.0980","0.0609","0.0002"
"244.1180","0.1416","0.0006"
"244.1380","0.2193","0.0010"
"244.1580","0.2974","0.0012"
"244.1780","0.3780","0.0012"
"244.1980","0.4603","0.0011"
"244.2180","0.5423","0.0011"
"244.2380","0.6233","0.0011"
"244.2580","0.7035","0.0011"
"244.2780","0.7833","0.0011"
"244.2980","0.8632","0.0012"
"244.3180","0.9433","0.0012"
"244.3380","1.0233","0.0012"
"244.3580","1.1034","0.0012"
"244.3780","1.1835","0.0012"
"244.3980","1.2635","0.0012"
"244.4180","1.3435","0.0012"
"244.4380","1.4236","0.0011"
"244.4580","1.5035","0.0012"
"244.4780","1.5835","0.0013"
"244.4980","1.6636","0.0013"
"244.5180","1.7435","0.0012"
"244.5380","1.8235","0.0012"
"244.5580","1.9035","0.0013"
"244.5780","1.9835","0.0013"
"244.5980","2.0636","0.0012"
"244.6180","2.1436","0.0012"
"244.6380","2.2236","0.0012"
"244.6580","2.3035","0.0012"
"244.6780","2.3836","0.0013"
"244.6980","2.4636","0.0013"
"244.7180","2.5435","0.0013"
"244.7380","2.6235","0.0013"
"244.7580","2.7035","0.0013"
"244.7780","2.7835","0.0013"
"244.7980","2.8635","0.0012"
"244.8180","2.9435","0.0012"
"244.8330","3.0035","0.0012"
"244.8340","3.0075","0.0012"
"244.8350","3.0115","0.0012"
"244.8550","3.0906","0.0010"
"244.8750","3.1553","0.0005"
"244.8950","3.1858","0.0004"
"244.9150","3.1744","0.0004"
"244.9350","3.1223","0.0006"
"244.9550","3.0440","0.0012"
"244.9750","2.9625","0.0013"
"244.9950","2.8848","0.0012"
"245.0150","2.8074","0.0011"
"245.0350","2.7276","0.0012"
"245.0550","2.6456","0.0012"
"245.0750","2.5634","0.0013"
"245.0950","2.4822","0.0013"
"245.1150","2.4019","0.0013"
"245.1350","2.3220","0.0012"
"245.1550","2.2423","0.0012"
"245.1750","2.1623","0.0013"
"245.1950","2.0822","0.0012"
"245.2150","2.0020","0.0012"
"245.2350","1.9220","0.0013"
"245.2550","1.8419","0.0012"
"245.2750","1.7620","0.0011"
"245.2950","1.6820","0.0011"
"245.3150","1.6019","0.0012"
"245.3350","1.5220","0.0012"
"245.3550","1.4420","0.0012"
"245.3750","1.3620","0.0011"
"245.3950","1.2820","0.0012"
"245.4150","1.2019","0.0012"
"245.4350","1.1219","0.0011"
"245.4550","1.0419","0.0011"
"245.4750","0.9619","0.0011"
"245.4950","0.8820","0.0012"
"245.5150","0.8020","0.0012"
"245.5350","0.7220","0.0011"
"245.5550","0.6420","0.0011"
"245.5750","0.5620","0.0010"
"245.5950","0.4819","0.0010"
"245.6150","0.4019","0.0010"
"245.6350","0.3219","0.0009"
"245.6550","0.2419","0.0007"
"245.6750","0.1619","0.0005"
"245.6910","0.0980","0.0000"
"245.6920","0.0940","0.0000"
"245.6930","0.0900","-0.0001"
"245.7130","0.0109","-0.0006"
"245.7330","-0.0536","-0.0006"
"245.7530","-0.0832","-0.0006"
"245.7730","-0.0699","-0.0003"
"245.7930","-0.0157","-0.0001"
"245.8130","0.0629","0.0002"
"245.8330","0.1437","0.0007"
"245.8530","0.2213","0.0010"
"245.8730","0.2993","0.0012"
"245.8930","0.3799","0.0012"
"245.9130","0.4622","0.0012"
"245.9330","0.5442","0.0012"
"245.9530","0.6253","0.0011"
"245.9730","0.7055","0.0012"
"245.9930","0.7852","0.0012"
"246.0130","0.8651","0.0013"
"246.0330","0.9452","0.0013"
"246.0530","1.0253","0.0014"
"246.0730","1.1054","0.0013"
"246.0930","1.1855","0.0013"
"246.1130","1.2655","0.0012"
"246.1330","1.3455","0.0012"
"246.1530","1.4255","0.0012"
"246.1730","1.5055","0.0012"
"246.1930","1.5854","0.0013"
"246.2130","1.6655","0.0012"
"246.2330","1.7455","0.0011"
"246.2530","1.8254","0.0012"
"246.2730","1.9055","0.0012"
"246.2930","1.9855","0.0013"
"246.3130","2.0655","0.0012"
"246.3330","2.1455","0.0011"
"246.3530","2.2255","0.0012"
"246.3730","2.3055","0.0013"
"246.3930","2.3855","0.0013"
"246.4130","2.4655","0.0012"
"246.4330","2.5455","0.0012"
"246.4530","2.6255","0.0013"
"246.4730","2.7054","0.0013"
"246.4930","2.7854","0.0012"
"246.5130","2.8654","0.0012"
"246.5330","2.9455","0.0013"
"246.5470","3.0015","0.0013"
"246.5480","3.0055","0.0013"
"246.5490","3.0095","0.0013"
"246.5690","3.0885","0.0010"
"246.5890","3.1532","0.0005"
"246.6090","3.1837","0.0004"
"246.6290","3.1722","0.0004"
"246.6490","3.1202","0.0007"
"246.6690","3.0420","0.0013"
"246.6890","2.9605","0.0013"
"246.7090","2.8828","0.0012"
"246.7290","2.8053","0.0012"
"246.7490","2.7255","0.0012"
"246.7690","2.6436","0.0013"
"246.7890","2.5614","0.0012"
"246.8090","2.4802","0.0013"
"246.8290","2.3999","0.0013"
"246.8490","2.3200","0.0013"
"246.8690","2.2402","0.0012"
"246.8890","2.1603","0.0012"
"246.9090","2.0801","0.0012"
"246.9290","2.0000","0.0011"
"246.9490","1.9199","0.0011"
"246.9690","1.8399","0.0011"
"246.9890","1.7599","0.0013"
"247.0090","1.6799","0.0013"
"247.0290","1.5999","0.0012"
"247.0490","1.5199","0.0012"
"247.0690","1.4400","0.0012"
"247.0890","1.3599","0.0013"
"247.1090","1.2799","0.0012"
"247.1290","1.1998","0.0012"
"247.1490","1.1198","0.0012"
"247.1690","1.0398","0.0012"
"247.1890","0.9599","0.0011"
"247.2090","0.8799","0.0011"
"247.2290","0.8000","0.0010"
"247.2490","0.7200","0.0010"
"247.2690","0.6399","0.0011"
"247.2890","0.5599","0.0011"
"247.3090","0.4798","0.0009"
"247.3290","0.3998","0.0009"
"247.3490","0.3199","0.0009"
"247.3690","0.2399","0.0007"
"247.3890","0.1599","0.0004"
"247.4040","0.0999","-0.0001"
"247.4050","0.0959","-0.0001"
"247.4060","0.0919","-0.0001"
"247.4260","0.0129","-0.0006"
"247.4460","-0.0516","-0.0007"
"247.4660","-0.0813","-0.0007"
"247.4860","-0.0683","-0.0004"
"247.5060","-0.0145","-0.0001"
"247.5260","0.0638","0.0001"
"247.5460","0.1444","0.0006"
"247.5660","0.2220","0.0010"
"247.5860","0.3002","0.0012"
"247.6060","0.3810","0.0012"
"247.6260","0.4633","0.0011"
"247.6460","0.5453","0.0011"
"247.6660","0.6264","0.0012"
"247.6860","0.7065","0.0012"
"247.7060","0.7863","0.0011"
"247.7260","0.8662","0.0012"
"247.7460","0.9463","0.0012"
"247.7660","1.0264","0.0013"
"247.7860","1.1065","0.0014"
"247.8060","1.1866","0.0014"
"247.8260","1.2666","0.0014"
"247.8460","1.3466","0.0013"
"247.8660","1.4266","0.0013"
"247.8860","1.5066","0.0012"
"247.9060","1.5866","0.0012"
"247.9260","1.6666","0.0013"
"247.9460","1.7466","0.0013"
"247.9660","1.8265","0.0013"
"247.9860","1.9066","0.0013"
"248.0060","1.9866","0.0012"
"248.0260","2.0666","0.0012"
"248.0460","2.1466","0.0012"
"248.0660","2.2266","0.0012"
"248.0860","2.3066","0.0013"
"248.1060","2.3866","0.0014"
"248.1260","2.4666","0.0013"
"248.1460","2.5466","0.0012"
"248.1660","2.6266","0.0013"
"248.1860","2.7065","0.0013"
"248.2060","2.7865","0.0013"
"248.2260","2.8666","0.0012"
"248.2460","2.9466","0.0012"
"248.2600","3.0026","0.0012"
"248.2610","3.0066","0.0012"
"248.2620","3.0106","0.0012"
"248.2820","3.0896","0.0009"
"248.3020","3.1543","0.0005"
"248.3220","3.1849","0.0004"
"248.3420","3.1735","0.0004"
"248.3620","3.1215","0.0006"
"248.3820","3.0432","0.0014"
"248.4020","2.9618","0.0014"
"248.4220","2.8841","0.0013"
"248.4420","2.8067","0.0012"
"248.4620","2.7268","0.0012"
"248.4820","2.6449","0.0012"
"248.5020","2.5627","0.0013"
"248.5220","2.4814","0.0012"
"248.5420","2.4011","0.0012"
"248.5620","2.3213","0.0013"
"248.5820","2.2415","0.0012"
"248.6020","2.1615","0.0012"
"248.6220","2.0814","0.0012"
"248.6420","2.0013","0.0012"
"248.6620","1.9212","0.0012"
"248.6820","1.8412","0.0012"
"248.7020","1.7612","0.0012"
"248.7220","1.6812","0.0012"
"248.7420","1.6012","0.0012"
"248.7620","1.5212","0.0012"
"248.7820","1.4413","0.0013"
"248.8020","1.3613","0.0013"
"248.8220","1.2812","0.0013"
"248.8420","1.2011","0.0012"
"248.8620","1.1211","0.0011"
"248.8820","1.0411","0.0012"
"248.9020","0.9611","0.0012"
"248.9220","0.8812","0.0012"
"248.9420","0.8012","0.0011"
"248.9620","0.7212","0.0011"
"248.9820","0.6412","0.0012"
"249.0020","0.5612","0.0011"
"249.0220","0.4811","0.0011"
"249.0420","0.4011","0.0010"
"249.0620","0.3212","0.0009"
"249.0820","0.2412","0.0008"
"249.1020","0.1612","0.0003"
"249.1180","0.0972","-0.0001"
"249.1190","0.0932","-0.0002"
"249.1200","0.0892","-0.0002"
"249.1400","0.0102","-0.0006"
"249.1600","-0.0543","-0.0007"
"249.1800","-0.0839","-0.0008"
"249.2000","-0.0706","-0.0004"
"249.2200","-0.0164","0.0000"
"249.2400","0.0623","0.0002"
"249.2600","0.1431","0.0006"
"249.2800","0.2208","0.0010"
"249.3000","0.2988","0.0012"
"249.3200","0.3794","0.0012"
"249.3400","0.4616","0.0012"
"249.3600","0.5436","0.0012"
"249.3800","0.6246","0.0012"
"249.4000","0.7048","0.0012"
"249.4200","0.7845","0.0012"
"249.4400","0.8644","0.0013"
"249.4600","0.9445","0.0012"
"249.4800","1.0246","0.0012"
"249.5000","1.1047","0.0013"
"249.5200","1.1848","0.0013"
"249.5400","1.2648","0.0012"
"249.5600","1.3448","0.0011"
"249.5800","1.4248","0.0012"
"249.6000","1.5048","0.0012"
"249.6200","1.5848","0.0012"
"249.6400","1.6648","0.0012"
"249.6600","1.7448","0.0012"
"249.6800","1.8248","0.0012"
"249.7000","1.9048","0.0012"
"249.7200","1.9848","0.0012"
"249.7400","2.0648","0.0012"
"249.7600","2.1448","0.0012"
"249.7800","2.2248","0.0013"
"249.8000","2.3048","0.0013"
"249.8200","2.3848","0.0013"
"249.8400","2.4648","0.0013"
"249.8600","2.5448","0.0012"
"249.8800","2.6248","0.0012"
"249.9000","2.7048","0.0012"
"249.9200","2.7848","0.0012"
"249.9400","2.8648","0.0012"
"249.9600","2.9448","0.0012"
"249.9740","3.0008","0.0012"
"249.9750","3.0048","0.0012"
"249.9760","3.0088","0.0013"
"249.9960","3.0878","0.0010"
"250.0160","3.1525","0.0005"
"250.0360","3.1830","0.0003"
"250.0560","3.1715","0.0003"
"250.0760","3.1195","0.0006"
"250.0960","3.0412","0.0013"
"250.1160","2.9597","0.0014"
"250.1360","2.8820","0.0013"
"250.1560","2.8046","0.0012"
"250.1760","2.7247","0.0012"
"250.1960","2.6428","0.0012"
"250.2160","2.5606","0.0012"
"250.2360","2.4794","0.0012"
"250.2560","2.3991","0.0012"
"250.2760","2.3192","0.0013"
"250.2960","2.2394","0.0012"
"250.3160","2.1594","0.0013"
"250.3360","2.0793","0.0013"
"250.3560","1.9992","0.0013"
"250.3760","1.9191","0.0012"
"250.3960","1.8391","0.0012"
"250.4160","1.7591","0.0012"
"250.4360","1.6791","0.0012"
"250.4560","1.5991","0.0012"
"250.4760","1.5191","0.0012"
"250.4960","1.4392","0.0012"
"250.5160","1.3591","0.0012"
"250.5360","1.2791","0.0012"
"250.5560","1.1991","0.0011"
"250.5760","1.1190","0.0012"
"250.5960","1.0390","0.0012"
"250.6160","0.9591","0.0012"
"250.6360","0.8791","0.0012"
"250.6560","0.7992","0.0011"
"250.6760","0.7192","0.0012"
"250.6960","0.6392","0.0011"
"250.7160","0.5591","0.0011"
"250.7360","0.4791","0.0011"
"250.7560","0.3990","0.0010"
"250.7760","0.3191","0.0008"
"250.7960","0.2391","0.0007"
"250.8160","0.1591","0.0003"
"250.8310","0.0991","-0.0002"
"250.8320","0.0951","-0.0002"
"250.8330","0.0911","-0.0003"
"250.8530","0.0121","-0.0007"
"250.8730","-0.0524","-0.0006"
"250.8930","-0.0820","-0.0007"
"250.9130","-0.0688","-0.0004"
"250.9330","-0.0148","-0.0001"
"250.9530","0.0636","0.0001"
"250.9730","0.1444","0.0006"
"250.9930","0.2220","0.0010"
"251.0130","0.3001","0.0011"
"251.0330","0.3807","0.0011"
"251.0530","0.4630","0.0011"
"251.0730","0.5450","0.0012"
"251.0930","0.6261","0.0012"
"251.1130","0.7063","0.0012"
"251.1330","0.7861","0.0012"
"251.1530","0.8660","0.0013"
"251.1730","0.9461","0.0012"
"251.1930","1.0261","0.0012"
"251.2130","1.1062","0.0012"
"251.2330","1.1863","0.0013"
"251.2530","1.2663","0.0013"
"251.2730","1.3463","0.0013"
"251.2930","1.4264","0.0012"
"251.3130","1.5063","0.0014"
"251.3330","1.5863","0.0012"
"251.3530","1.6664","0.0011"
"251.3730","1.7463","0.0012"
"251.3930","1.8263","0.0012"
"251.4130","1.9063","0.0013"
"251.4330","1.9863","0.0012"
"251.4530","2.0664","0.0012"
"251.4730","2.1464","0.0012"
"251.4930","2.2263","0.0013"
"251.5130","2.3063","0.0013"
"251.5330","2.3863","0.0013"
"251.5530","2.4663","0.0012"
"251.5730","2.5463","0.0012"
"251.5930","2.6263","0.0013"
"251.6130","2.7063","0.0013"
"251.6330","2.7863","0.0012"
"251.6530","2.8663","0.0013"
"251.6730","2.9463","0.0013"
"251.6870","3.0023","0.0013"
"251.6880","3.0063","0.0013"
"251.6890","3.0103","0.0013"
"251.7090","3.0893","0.0010"
"251.7290","3.1541","0.0004"
"251.7490","3.1847","0.0003"
"251.7690","3.1733","0.0004"
"251.7890","3.1213","0.0006"
"251.8090","3.0431","0.0013"
"251.8290","2.9616","0.0014"
"251.8490","2.8839","0.0012"
"251.8690","2.8065","0.0011"
"251.8890","2.7267","0.0012"
"251.9090","2.6447","0.0012"
"251.9290","2.5625","0.0012"
"251.9490","2.4812","0.0012"
"251.9690","2.4009","0.0012"
"251.9890","2.3211","0.0013"
"252.0090","2.2413","0.0012"
"252.0290","2.1614","0.0012"
"252.0490","2.0812","0.0012"
"252.0690","2.0011","0.0012"
"252.0890","1.9210","0.0011"
"252.1090","1.8410","0.0011"
"252.1290","1.7610","0.0011"
"252.1490","1.6810","0.0012"
"252.1690","1.6010","0.0012"
"252.1890","1.5211","0.0012"
"252.2090","1.4411","0.0012"
"252.2290","1.3611","0.0012"
"252.2490","1.2810","0.0012"
"252.2690","1.2010","0.0011"
"252.2890","1.1209","0.0011"
"252.3090","1.0409","0.0012"
"252.3290","0.9610","0.0012"
"252.3490","0.8810","0.0012"
"252.3690","0.8011","0.0012"
"252.3890","0.7211","0.0011"
"252.4090","0.6411","0.0011"
"252.4290","0.5610","0.0011"
"252.4490","0.4810","0.0010"
"252.4690","0.4010","0.0009"
"252.4890","0.3210","0.0009"
"252.5090","0.2410","0.0007"
"252.5290","0.1610","0.0003"
"252.5450","0.0970","-0.0001"
"252.5460","0.0930","-0.0001"
"252.5470","0.0890","-0.0002"
"252.5670","0.0100","-0.0006"
"252.5870","-0.0545","-0.0007"
"252.6070","-0.0841","-0.0008"
"252.6270","-0.0708","-0.0004"
"252.6470","-0.0167","-0.0001"
"252.6670","0.0619","0.0002"
"252.6870","0.1427","0.0007"
"252.7070","0.2203","0.0010"
"252.7270","0.2983","0.0012"
"252.7470","0.3789","0.0012"
"252.7670","0.4612","0.0011"
"252.7870","0.5433","0.0011"
"252.8070","0.6243","0.0011"
"252.8270","0.7045","0.0011"
"252.8470","0.7843","0.0011"
"252.8670","0.8642","0.0012"
"252.8870","0.9442","0.0012"
"252.9070","1.0243","0.0012"
"252.9270","1.1044","0.0012"
"252.9470","1.1845","0.0012"
"252.9670","1.2645","0.0011"
"252.9870","1.3445","0.0012"
"253.0070","1.4246","0.0012"
"253.0270","1.5045","0.0012"
"253.0470","1.5845","0.0012"
"253.0670","1.6645","0.0013"
"253.0870","1.7445","0.0012"
"253.1070","1.8245","0.0012"
"253.1270","1.9045","0.0012"
"253.1470","1.9845","0.0012"
"253.1670","2.0645","0.0012"
"253.1870","2.1446","0.0013"
"253.2070","2.2245","0.0012"
"253.2270","2.3045","0.0012"
"253.2470","2.3845","0.0012"
"253.2670","2.4645","0.0013"
"253.2870","2.5445","0.0012"
"253.3070","2.6245","0.0013"
"253.3270","2.7044","0.0012"
"253.3470","2.7844","0.0011"
"253.3670","2.8645","0.0012"
"253.3870","2.9445","0.0013"
"253.4010","3.0005","0.0014"
"253.4020","3.0045","0.0014"
"253.4030","3.0085","0.0014"
"253.4230","3.0875","0.0010"
"253.4430","3.1522","0.0004"
"253.4630","3.1828","0.0003"
"253.4830","3.1714","0.0003"
"253.5030","3.1195","0.0006"
"253.5230","3.0412","0.0013"
"253.5430","2.9598","0.0014"
"253.5630","2.8821","0.0012"
"253.5830","2.8047","0.0011"
"253.6030","2.7248","0.0011"
"253.6230","2.6429","0.0011"
"253.6430","2.5606","0.0011"
"253.6630","2.4794","0.0012"
"253.6830","2.3991","0.0012"
"253.7030","2.3192","0.0013"
"253.7230","2.2395","0.0013"
"253.7430","2.1595","0.0013"
"253.7630","2.0794","0.0012"
"253.7830","1.9992","0.0011"
"253.8030","1.9192","0.0011"
"253.8230","1.8391","0.0012"
"253.8430","1.7591","0.0012"
"253.8630","1.6791","0.0012"
"253.8830","1.5991","0.0012"
"253.9030","1.5192","0.0012"
"253.9230","1.4392","0.0012"
"253.9430","1.3592","0.0013"
"253.9630","1.2791","0.0013"
"253.9830","1.1991","0.0013"
"254.0030","1.1190","0.0012"
"254.0230","1.0391","0.0012"
"254.0430","0.9591","0.0011"
"254.0630","0.8791","0.0011"
"254.0830","0.7992","0.0011"
"254.1030","0.7192","0.0012"
"254.1230","0.6392","0.0011"
"254.1430","0.5591","0.0011"
"254.1630","0.4791","0.0010"
"254.1830","0.3990","0.0009"
"254.2030","0.3191","0.0008"
"254.2230","0.2391","0.0007"
"254.2430","0.1591","0.0004"
"254.2580","0.0992","-0.0001"
"254.2590","0.0952","-0.0002"
"254.2600","0.0912","-0.0002"
"254.2800","0.0121","-0.0006"
"254.3000","-0.0523","-0.0006"
"254.3200","-0.0818","-0.0007"
"254.3400","-0.0686","-0.0004"
"254.3600","-0.0146","-0.0001"
"254.3800","0.0638","0.0001"
"254.4000","0.1445","0.0005"
"254.4200","0.2222","0.0010"
"254.4400","0.3003","0.0012"
"254.4600","0.3810","0.0012"
"254.4800","0.4633","0.0011"
"254.5000","0.5453","0.0011"
"254.5200","0.6263","0.0011"
"254.5400","0.7065","0.0011"
"254.5600","0.7863","0.0011"
"254.5800","0.8662","0.0011"
"254.6000","0.9463","0.0011"
"254.6200","1.0263","0.0012"
"254.6400","1.1064","0.0012"
"254.6600","1.1865","0.0013"
"254.6800","1.2665","0.0012"
"254.7000","1.3466","0.0013"
"254.7200","1.4266","0.0013"
"254.7400","1.5066","0.0013"
"254.7600","1.5865","0.0012"
"254.7800","1.6665","0.0013"
"254.8000","1.7465","0.0013"
"254.8200","1.8265","0.0013"
"254.8400","1.9065","0.0013"
"254.8600","1.9865","0.0013"
"254.8800","2.0666","0.0013"
"254.9000","2.1466","0.0013"
"254.9200","2.2265","0.0012"
"254.9400","2.3065","0.0012"
"254.9600","2.3866","0.0012"
"254.9800","2.4666","0.0012"
"255.0000","2.5465","0.0013"
"255.0200","2.6265","0.0013"
"255.0400","2.7065","0.0013"
"255.0600","2.7865","0.0013"
"255.0800","2.8665","0.0013"
"255.1000","2.9465","0.0013"
"255.1140","3.0025","0.0012"
"255.1150","3.0065","0.0012"
"255.1160","3.0105","0.0012"
"255.1360","3.0896","0.0010"
"255.1560","3.1543","0.0005"
"255.1760","3.1848","0.0004"
"255.1960","3.1734","0.0004"
"255.2160","3.1215","0.0006"
"255.2360","3.0432","0.0012"
"255.2560","2.9618","0.0013"
"255.2760","2.8841","0.0012"
"255.2960","2.8067","0.0011"
"255.3160","2.7268","0.0011"
"255.3360","2.6448","0.0013"
"255.3560","2.5626","0.0013"
"255.3760","2.4814","0.0012"
"255.3960","2.4011","0.0012"
"255.4160","2.3212","0.0011"
"255.4360","2.2415","0.0011"
"255.4560","2.1615","0.0011"
"255.4760","2.0813","0.0011"
"255.4960","2.0012","0.0012"
"255.5160","1.9212","0.0012"
"255.5360","1.8411","0.0012"
"255.5560","1.7611","0.0012"
"255.5760","1.6811","0.0011"
"255.5960","1.6011","0.0011"
"255.6160","1.5211","0.0012"
"255.6360","1.4412","0.0012"
"255.6560","1.3611","0.0012"
"255.6760","1.2811","0.0013"
"255.6960","1.2011","0.0012"
"255.7160","1.1210","0.0012"
"255.7360","1.0411","0.0011"
"255.7560","0.9611","0.0011"
"255.7760","0.8811","0.0012"
"255.7960","0.8012","0.0011"
"255.8160","0.7212","0.0011"
"255.8360","0.6412","0.0012"
"255.8560","0.5612","0.0012"
"255.8760","0.4811","0.0011"
"255.8960","0.4010","0.0010"
"255.9160","0.3211","0.0009"
"255.9360","0.2411","0.0006"
"255.9560","0.1611","0.0003"
"255.9720","0.0972","-0.0001"
"255.9730","0.0932","-0.0002"
"255.9740","0.0892","-0.0002"
"255.9940","0.0101","-0.0007"
"256.0140","-0.0544","-0.0006"
"256.0340","-0.0840","-0.0007"
"256.0540","-0.0707","-0.0004"
"256.0740","-0.0165","-0.0001"
"256.0940","0.0621","0.0000"
"256.1140","0.1430","0.0005"
"256.1340","0.2206","0.0010"
"256.1540","0.2985","0.0012"
"256.1740","0.3791","0.0012"
"256.1940","0.4613","0.0011"
"256.2140","0.5434","0.0011"
"256.2340","0.6245","0.0011"
"256.2540","0.7047","0.0011"
"256.2740","0.7845","0.0012"
"256.2940","0.8644","0.0012"
"256.3140","0.9444","0.0012"
"256.3340","1.0245","0.0012"
"256.3540","1.1046","0.0012"
"256.3740","1.1847","0.0012"
"256.3940","1.2647","0.0012"
"256.4140","1.3447","0.0011"
"256.4340","1.4247","0.0011"
"256.4540","1.5047","0.0011"
"256.4740","1.5847","0.0012"
"256.4940","1.6647","0.0012"
"256.5140","1.7447","0.0012"
"256.5340","1.8247","0.0013"
"256.5540","1.9047","0.0013"
"256.5740","1.9847","0.0013"
"256.5940","2.0647","0.0012"
"256.6140","2.1447","0.0011"
"256.6340","2.2247","0.0012"
"256.6540","2.3047","0.0011"
"256.6740","2.3847","0.0012"
"256.6940","2.4647","0.0012"
"256.7140","2.5447","0.0013"
"256.7340","2.6246","0.0013"
"256.7540","2.7046","0.0012"
"256.7740","2.7846","0.0012"
"256.7940","2.8647","0.0012"
"256.8140","2.9447","0.0012"
"256.8280","3.0007","0.0012"
"256.8290","3.0047","0.0012"
"256.8300","3.0087","0.0012"
"256.8500","3.0877","0.0010"
"256.8700","3.1524","0.0004"
"256.8900","3.1829","0.0003"
"256.9100","3.1715","0.0003"
"256.9300","3.1195","0.0006"
"256.9500","3.0412","0.0011"
"256.9700","2.9598","0.0012"
"256.9900","2.8820","0.0012"
"257.0100","2.8046","0.0012"
"257.0300","2.7248","0.0012"
"257.0500","2.6429","0.0012"
"257.0700","2.5607","0.0012"
"257.0900","2.4794","0.0013"
"257.1100","2.3991","0.0013"
"257.1300","2.3193","0.0013"
"257.1500","2.2395","0.0012"
"257.1700","2.1595","0.0012"
"257.1900","2.0794","0.0012"
"257.2100","1.9993","0.0012"
"257.2300","1.9192","0.0013"
"257.2500","1.8391","0.0012"
"257.2700","1.7592","0.0012"
"257.2900","1.6792","0.0012"
"257.3100","1.5991","0.0011"
"257.3300","1.5192","0.0012"
"257.3500","1.4392","0.0012"
"257.3700","1.3592","0.0013"
"257.3900","1.2792","0.0012"
"257.4100","1.1991","0.0012"
"257.4300","1.1190","0.0012"
"257.4500","1.0391","0.0012"
"257.4700","0.9591","0.0010"
"257.4900","0.8791","0.0010"
"257.5100","0.7992","0.0010"
"257.5300","0.7192","0.0011"
"257.5500","0.6392","0.0010"
"257.5700","0.5592","0.0010"
"257.5900","0.4791","0.0010"
"257.6100","0.3991","0.0010"
"257.6300","0.3191","0.0009"
"257.6500","0.2391","0.0007"
"257.6700","0.1591","0.0003"
"257.6850","0.0991","-0.0001"
"257.6860","0.0952","-0.0001"
"257.6870","0.0912","-0.0001"
"257.7070","0.0121","-0.0006"
"257.7270","-0.0523","-0.0006"
"257.7470","-0.0818","-0.0007"
"257.7670","-0.0686","-0.0003"
"257.7870","-0.0145","0.0001"
"257.8070","0.0639","0.0002"
"257.8270","0.1447","0.0006"
"257.8470","0.2224","0.0010"
"257.8670","0.3004","0.0011"
"257.8870","0.3811","0.0012"
"257.9070","0.4633","0.0012"
"257.9270","0.5454","0.0012"
"257.9470","0.6264","0.0010"
"257.9670","0.7066","0.0011"
"257.9870","0.7864","0.0011"
"258.0070","0.8663","0.0012"
"258.0270","0.9464","0.0012"
"258.0470","1.0264","0.0012"
"258.0670","1.1065","0.0012"
"258.0870","1.1866","0.0014"
"258.1070","1.2666","0.0014"
"258.1270","1.3466","0.0012"
"258.1470","1.4267","0.0012"
"258.1670","1.5066","0.0013"
"258.1870","1.5866","0.0012"
"258.2070","1.6666","0.0012"
"258.2270","1.7466","0.0012"
"258.2470","1.8266","0.0012"
"258.2670","1.9066","0.0013"
"258.2870","1.9866","0.0013"
"258.3070","2.0666","0.0013"
"258.3270","2.1467","0.0012"
"258.3470","2.2266","0.0013"
"258.3670","2.3066","0.0013"
"258.3870","2.3866","0.0012"
"258.4070","2.4666","0.0013"
"258.4270","2.5466","0.0012"
"258.4470","2.6266","0.0012"
"258.4670","2.7065","0.0012"
"258.4870","2.7866","0.0012"
"258.5070","2.8666","0.0012"
"258.5270","2.9466","0.0012"
"258.5410","3.0026","0.0013"
"258.5420","3.0066","0.0013"
"258.5430","3.0106","0.0013"
"258.5630","3.0896","0.0010"
"258.5830","3.1543","0.0004"
"258.6030","3.1849","0.0003"
"258.6230","3.1735","0.0003"
"258.6430","3.1215","0.0005"
"258.6630","3.0432","0.0012"
"258.6830","2.9618","0.0013"
"258.7030","2.8841","0.0012"
"258.7230","2.8066","0.0011"
"258.7430","2.7268","0.0012"
"258.7630","2.6448","0.0012"
"258.7830","2.5627","0.0012"
"258.8030","2.4814","0.0012"
"258.8230","2.4011","0.0011"
"258.8430","2.3213","0.0011"
"258.8630","2.2415","0.0011"
"258.8830","2.1615","0.0011"
"258.9030","2.0814","0.0011"
"258.9230","2.0013","0.0011"
"258.9430","1.9212","0.0012"
"258.9630","1.8411","0.0012"
"258.9830","1.7612","0.0012"
"259.0030","1.6812","0.0012"
"259.0230","1.6012","0.0010"
"259.0430","1.5212","0.0011"
"259.0630","1.4412","0.0012"
"259.0830","1.3612","0.0013"
"259.1030","1.2812","0.0012"
"259.1230","1.2011","0.0012"
"259.1430","1.1211","0.0012"
"259.1630","1.0411","0.0011"
"259.1830","0.9611","0.0011"
"259.2030","0.8812","0.0011"
"259.2230","0.8012","0.0011"
"259.2430","0.7212","0.0012"
"259.2630","0.6412","0.0011"
"259.2830","0.5612","0.0011"
"259.3030","0.4811","0.0011"
"259.3230","0.4011","0.0009"
"259.3430","0.3211","0.0008"
"259.3630","0.2411","0.0007"
"259.3830","0.1611","0.0003"
"259.3990","0.0971","-0.0002"
"259.4000","0.0932","-0.0003"
"259.4010","0.0892","-0.0003"
"259.4210","0.0101","-0.0008"
"259.4410","-0.0543","-0.0008"
"259.4610","-0.0839","-0.0007"
"259.4810","-0.0705","-0.0005"
"259.5010","-0.0162","-0.0001"
"259.5210","0.0625","0.0001"
"259.5410","0.1434","0.0007"
"259.5610","0.2210","0.0009"
"259.5810","0.2989","0.0012"
"259.6010","0.3794","0.0012"
"259.6210","0.4617","0.0012"
"259.6410","0.5438","0.0011"
"259.6610","0.6248","0.0011"
"259.6810","0.7051","0.0011"
"259.7010","0.7848","0.0012"
"259.7210","0.8647","0.0013"
"259.7410","0.9448","0.0012"
"259.7610","1.0248","0.0012"
"259.7810","1.1049","0.0011"
"259.8010","1.1850","0.0011"
"259.8210","1.2651","0.0012"
"259.8410","1.3451","0.0013"
"259.8610","1.4251","0.0013"
"259.8810","1.5050","0.0013"
"259.9010","1.5850","0.0012"
"259.9210","1.6650","0.0012"
"259.9410","1.7450","0.0012"
"259.9610","1.8250","0.0014"
"259.9810","1.9050","0.0012"
"260.0010","1.9851","0.0011"
"260.0210","2.0651","0.0012"
"260.0410","2.1451","0.0012"
"260.0610","2.2251","0.0012"
"260.0810","2.3050","0.0012"
"260.1010","2.3850","0.0012"
"260.1210","2.4650","0.0012"
"260.1410","2.5450","0.0013"
"260.1610","2.6250","0.0013"
"260.1810","2.7050","0.0013"
"260.2010","2.7850","0.0012"
"260.2210","2.8650","0.0012"
"260.2410","2.9450","0.0013"
"260.2550","3.0010","0.0013"
"260.2560","3.0050","0.0013"
"260.2570","3.0090","0.0013"
"260.2770","3.0881","0.0009"
"260.2970","3.1528","0.0004"
"260.3170","3.1834","0.0003"
"260.3370","3.1721","0.0003"
"260.3570","3.1203","0.0006"
"260.3770","3.0421","0.0012"
"260.3970","2.9608","0.0013"
"260.4170","2.8830","0.0012"
"260.4370","2.8056","0.0011"
"260.4570","2.7257","0.0010"
"260.4770","2.6437","0.0011"
"260.4970","2.5615","0.0011"
"260.5170","2.4802","0.0012"
"260.5370","2.3999","0.0012"
"260.5570","2.3201","0.0011"
"260.5770","2.2403","0.0011"
"260.5970","2.1603","0.0011"
"260.6170","2.0802","0.0012"
"260.6370","2.0001","0.0012"
"260.6570","1.9200","0.0012"
"260.6770","1.8399","0.0012"
"260.6970","1.7599","0.0012"
"260.7170","1.6799","0.0012"
"260.7370","1.5999","0.0012"
"260.7570","1.5200","0.0012"
"260.7770","1.4400","0.0012"
"260.7970","1.3600","0.0012"
"260.8170","1.2800","0.0012"
"260.8370","1.1999","0.0011"
"260.8570","1.1199","0.0011"
"260.8770","1.0399","0.0010"
"260.8970","0.9599","0.0010"
"260.9170","0.8800","0.0010"
"260.9370","0.8000","0.0011"
"260.9570","0.7200","0.0011"
"260.9770","0.6400","0.0011"
"260.9970","0.5600","0.0011"
"261.0170","0.4800","0.0010"
"261.0370","0.3999","0.0010"
"261.0570","0.3200","0.0009"
"261.0770","0.2400","0.0008"
"261.0970","0.1599","0.0004"
"261.1120","0.0999","-0.0001"
"261.1130","0.0959","-0.0001"
"261.1140","0.0919","-0.0001"
"261.1340","0.0129","-0.0006"
"261.1540","-0.0515","-0.0006"
"261.1740","-0.0811","-0.0007"
"261.1940","-0.0679","-0.0004"
"261.2140","-0.0140","-0.0001"
"261.2340","0.0645","0.0001"
"261.2540","0.1452","0.0006"
"261.2740","0.2228","0.0010"
"261.2940","0.3008","0.0010"
"261.3140","0.3815","0.0011"
"261.3340","0.4638","0.0011"
"261.3540","0.5459","0.0011"
"261.3740","0.6270","0.0011"
"261.3940","0.7072","0.0012"
"261.4140","0.7870","0.0013"
"261.4340","0.8668","0.0013"
"261.4540","0.9469","0.0012"
"261.4740","1.0270","0.0013"
"261.4940","1.1071","0.0013"
"261.5140","1.1872","0.0012"
"261.5340","1.2672","0.0012"
"261.5540","1.3472","0.0012"
"261.5740","1.4272","0.0013"
"261.5940","1.5072","0.0012"
"261.6140","1.5872","0.0012"
"261.6340","1.6672","0.0012"
"261.6540","1.7472","0.0013"
"261.6740","1.8271","0.0013"
"261.6940","1.9072","0.0013"
"261.7140","1.9872","0.0013"
"261.7340","2.0672","0.0012"
"261.7540","2.1472","0.0012"
"261.7740","2.2272","0.0012"
"261.7940","2.3072","0.0012"
"261.8140","2.3872","0.0012"
"261.8340","2.4672","0.0012"
"261.8540","2.5472","0.0012"
"261.8740","2.6271","0.0013"
"261.8940","2.7071","0.0012"
"261.9140","2.7871","0.0012"
"261.9340","2.8672","0.0012"
"261.9540","2.9472","0.0012"
"261.9680","3.0031","0.0013"
"261.9690","3.0071","0.0013"
"261.9700","3.0112","0.0013"
"261.9900","3.0902","0.0010"
"262.0100","3.1549","0.0005"
"262.0300","3.1854","0.0003"
"262.0500","3.1741","0.0003"
"262.0700","3.1221","0.0005"
"262.0900","3.0439","0.0012"
"262.1100","2.9624","0.0013"
"262.1300","2.8847","0.0012"
"262.1500","2.8073","0.0012"
"262.1700","2.7274","0.0011"
"262.1900","2.6455","0.0012"
"262.2100","2.5633","0.0012"
"262.2300","2.4820","0.0012"
"262.2500","2.4017","0.0012"
"262.2700","2.3219","0.0011"
"262.2900","2.2421","0.0011"
"262.3100","2.1621","0.0012"
"262.3300","2.0820","0.0012"
"262.3500","2.0019","0.0012"
"262.3700","1.9218","0.0011"
"262.3900","1.8417","0.0011"
"262.4100","1.7618","0.0011"
"262.4300","1.6818","0.0012"
"262.4500","1.6018","0.0012"
"262.4700","1.5218","0.0012"
"262.4900","1.4418","0.0012"
"262.5100","1.3618","0.0012"
"262.5300","1.2818","0.0011"
"262.5500","1.2017","0.0011"
"262.5700","1.1217","0.0011"
"262.5900","1.0417","0.0012"
"262.6100","0.9618","0.0012"
"262.6300","0.8818","0.0011"
"262.6500","0.8018","0.0011"
"262.6700","0.7219","0.0011"
"262.6900","0.6418","0.0010"
"262.7100","0.5618","0.0010"
"262.7300","0.4817","0.0010"
"262.7500","0.4017","0.0010"
"262.7700","0.3218","0.0009"
"262.7900","0.2418","0.0008"
"262.8100","0.1618","0.0004"
"262.8260","0.0978","-0.0001"
"262.8270","0.0938","-0.0001"
"262.8280","0.0898","-0.0002"
"262.8480","0.0107","-0.0006"
"262.8680","-0.0537","-0.0007"
"262.8880","-0.0832","-0.0007"
"262.9080","-0.0699","-0.0003"
"262.9280","-0.0156","-0.0001"
"262.9480","0.0630","0.0001"
"262.9680","0.1439","0.0006"
"262.9880","0.2216","0.0010"
"263.0080","0.2995","0.0012"
"263.0280","0.3800","0.0012"
"263.0480","0.4622","0.0011"
"263.0680","0.5443","0.0011"
"263.0880","0.6254","0.0011"
"263.1080","0.7056","0.0012"
"263.1280","0.7854","0.0012"
"263.1480","0.8652","0.0012"
"263.1680","0.9453","0.0012"
"263.1880","1.0254","0.0013"
"263.2080","1.1054","0.0014"
"263.2280","1.1856","0.0013"
"263.2480","1.2656","0.0012"
"263.2680","1.3456","0.0012"
"263.2880","1.4256","0.0012"
"263.3080","1.5056","0.0012"
"263.3280","1.5856","0.0011"
"263.3480","1.6656","0.0012"
"263.3680","1.7456","0.0012"
"263.3880","1.8256","0.0012"
"263.4080","1.9056","0.0012"
"263.4280","1.9856","0.0012"
"263.4480","2.0656","0.0012"
"263.4680","2.1457","0.0012"
"263.4880","2.2256","0.0013"
"263.5080","2.3056","0.0013"
"263.5280","2.3856","0.0012"
"263.5480","2.4656","0.0012"
"263.5680","2.5456","0.0012"
"263.5880","2.6256","0.0012"
"263.6080","2.7055","0.0011"
"263.6280","2.7855","0.0012"
"263.6480","2.8656","0.0013"
"263.6680","2.9455","0.0013"
"263.6820","3.0016","0.0013"
"263.6830","3.0056","0.0013"
"263.6840","3.0096","0.0013"
"263.7040","3.0886","0.0009"
"263.7240","3.1534","0.0004"
"263.7440","3.1840","0.0003"
"263.7640","3.1728","0.0004"
"263.7840","3.1210","0.0006"
"263.8040","3.0429","0.0013"
"263.8240","2.9615","0.0013"
"263.8440","2.8838","0.0012"
"263.8640","2.8063","0.0012"
"263.8840","2.7264","0.0012"
"263.9040","2.6444","0.0012"
"263.9240","2.5622","0.0013"
"263.9440","2.4809","0.0013"
"263.9640","2.4006","0.0012"
"263.9840","2.3208","0.0012"
"264.0040","2.2410","0.0012"
"264.0240","2.1611","0.0012"
"264.0440","2.0809","0.0011"
"264.0640","2.0008","0.0012"
"264.0840","1.9207","0.0011"
"264.1040","1.8407","0.0011"
"264.1240","1.7607","0.0012"
"264.1440","1.6807","0.0011"
"264.1640","1.6007","0.0012"
"264.1840","1.5207","0.0011"
"264.2040","1.4408","0.0012"
"264.2240","1.3607","0.0012"
"264.2440","1.2807","0.0011"
"264.2640","1.2006","0.0012"
"264.2840","1.1206","0.0011"
"264.3040","1.0406","0.0011"
"264.3240","0.9607","0.0011"
"264.3440","0.8807","0.0011"
"264.3640","0.8007","0.0011"
"264.3840","0.7207","0.0010"
"264.4040","0.6407","0.0011"
"264.4240","0.5607","0.0011"
"264.4440","0.4806","0.0010"
"264.4640","0.4006","0.0009"
"264.4840","0.3207","0.0008"
"264.5040","0.2407","0.0007"
"264.5240","0.1607","0.0004"
"264.5400","0.0967","0.0000"
"264.5410","0.0927","-0.0001"
"264.5420","0.0887","-0.0001"
"264.5620","0.0097","-0.0006"
"264.5820","-0.0548","-0.0006"
"264.6020","-0.0844","-0.0007"
"264.6220","-0.0711","-0.0004"
"264.6420","-0.0170","-0.0001"
"264.6620","0.0616","0.0001"
"264.6820","0.1425","0.0005"
"264.7020","0.2201","0.0010"
"264.7220","0.2981","0.0012"
"264.7420","0.3786","0.0011"
"264.7620","0.4609","0.0010"
"264.7820","0.5429","0.0011"
"264.8020","0.6240","0.0011"
"264.8220","0.7043","0.0011"
"264.8420","0.7841","0.0012"
"264.8620","0.8639","0.0012"
"264.8820","0.9440","0.0011"
"264.9020","1.0240","0.0012"
"264.9220","1.1041","0.0012"
"264.9420","1.1842","0.0012"
"264.9620","1.2643","0.0013"
"264.9820","1.3443","0.0012"
"265.0020","1.4243","0.0012"
"265.0220","1.5043","0.0012"
"265.0420","1.5842","0.0012"
"265.0620","1.6642","0.0012"
"265.0820","1.7442","0.0012"
"265.1020","1.8242","0.0012"
"265.1220","1.9042","0.0012"
"265.1420","1.9842","0.0011"
"265.1620","2.0643","0.0011"
"265.1820","2.1443","0.0013"
"265.2020","2.2243","0.0014"
"265.2220","2.3042","0.0014"
"265.2420","2.3842","0.0013"
"265.2620","2.4642","0.0013"
"265.2820","2.5442","0.0013"
"265.3020","2.6242","0.0013"
"265.3220","2.7042","0.0012"
"265.3420","2.7842","0.0012"
"265.3620","2.8642","0.0013"
"265.3820","2.9442","0.0013"
"265.3960","3.0002","0.0013"
"265.3970","3.0042","0.0013"
"265.3980","3.0082","0.0013"
"265.4180","3.0873","0.0010"
"265.4380","3.1519","0.0004"
"265.4580","3.1824","0.0002"
"265.4780","3.1709","0.0002"
"265.4980","3.1188","0.0005"
"265.5180","3.0406","0.0013"
"265.5380","2.9592","0.0014"
"265.5580","2.8814","0.0014"
"265.5780","2.8040","0.0012"
"265.5980","2.7241","0.0012"
"265.6180","2.6422","0.0013"
"265.6380","2.5600","0.0014"
"265.6580","2.4788","0.0013"
"265.6780","2.3984","0.0012"
"265.6980","2.3186","0.0011"
"265.7180","2.2388","0.0011"
"265.7380","2.1589","0.0011"
"265.7580","2.0787","0.0011"
"265.7780","1.9986","0.0012"
"265.7980","1.9185","0.0012"
"265.8180","1.8385","0.0011"
"265.8380","1.7585","0.0011"
"265.8580","1.6785","0.0012"
"265.8780","1.5985","0.0012"
"265.8980","1.5185","0.0011"
"265.9180","1.4385","0.0011"
"265.9380","1.3585","0.0012"
"265.9580","1.2785","0.0011"
"265.9780","1.1984","0.0010"
"265.9980","1.1184","0.0010"
"266.0180","1.0384","0.0011"
"266.0380","0.9585","0.0010"
"266.0580","0.8785","0.0009"
"266.0780","0.7985","0.0010"
"266.0980","0.7186","0.0010"
"266.1180","0.6385","0.0010"
"266.1380","0.5585","0.0010"
"266.1580","0.4785","0.0010"
"266.1780","0.3984","0.0010"
"266.1980","0.3185","0.0009"
"266.2180","0.2385","0.0006"
"266.2380","0.1585","0.0002"
"266.2530","0.0985","-0.0002"
"266.2540","0.0945","-0.0003"
"266.2550","0.0905","-0.0003"
"266.2750","0.0115","-0.0007"
"266.2950","-0.0529","-0.0007"
"266.3150","-0.0825","-0.0007"
"266.3350","-0.0693","-0.0004"
"266.3550","-0.0152","0.0000"
"266.3750","0.0633","0.0001"
"266.3950","0.1442","0.0005"
"266.4150","0.2219","0.0009"
"266.4350","0.2998","0.0011"
"266.4550","0.3804","0.0012"
"266.4750","0.4627","0.0012"
"266.4950","0.5447","0.0011"
"266.5150","0.6258","0.0011"
"266.5350","0.7060","0.0012"
"266.5550","0.7858","0.0012"
"266.5750","0.8656","0.0012"
"266.5950","0.9457","0.0013"
"266.6150","1.0258","0.0012"
"266.6350","1.1059","0.0011"
"266.6550","1.1860","0.0011"
"266.6750","1.2660","0.0012"
"266.6950","1.3460","0.0011"
"266.7150","1.4260","0.0012"
"266.7350","1.5060","0.0013"
"266.7550","1.5860","0.0012"
"266.7750","1.6660","0.0012"
"266.7950","1.7460","0.0012"
"266.8150","1.8259","0.0012"
"266.8350","1.9059","0.0013"
"266.8550","1.9860","0.0012"
"266.8750","2.0660","0.0012"
"266.8950","2.1460","0.0012"
"266.9150","2.2260","0.0012"
"266.9350","2.3059","0.0012"
"266.9550","2.3860","0.0012"
"266.9750","2.4660","0.0012"
"266.9950","2.5460","0.0012"
"267.0150","2.6260","0.0012"
"267.0350","2.7059","0.0012"
"267.0550","2.7859","0.0012"
"267.0750","2.8660","0.0013"
"267.0950","2.9460","0.0014"
"267.1090","3.0020","0.0013"
"267.1100","3.0060","0.0013"
"267.1110","3.0100","0.0013"
"267.1310","3.0890","0.0010"
"267.1510","3.1537","0.0005"
"267.1710","3.1842","0.0004"
"267.1910","3.1728","0.0004"
"267.2110","3.1208","0.0006"
"267.2310","3.0426","0.0012"
"267.2510","2.9612","0.0012"
"267.2710","2.8835","0.0012"
"267.2910","2.8061","0.0011"
"267.3110","2.7262","0.0012"
"267.3310","2.6442","0.0012"
"267.3510","2.5620","0.0013"
"267.3710","2.4808","0.0013"
"267.3910","2.4004","0.0013"
"267.4110","2.3206","0.0012"
"267.4310","2.2408","0.0012"
"267.4510","2.1609","0.0011"
"267.4710","2.0807","0.0012"
"267.4910","2.0006","0.0011"
"267.5110","1.9205","0.0011"
"267.5310","1.8405","0.0011"
"267.5510","1.7605","0.0012"
"267.5710","1.6805","0.0012"
"267.5910","1.6005","0.0013"
"267.6110","1.5206","0.0011"
"267.6310","1.4406","0.0010"
"267.6510","1.3605","0.0011"
"267.6710","1.2805","0.0011"
"267.6910","1.2004","0.0011"
"267.7110","1.1204","0.0011"
"267.7310","1.0404","0.0011"
"267.7510","0.9605","0.0011"
"267.7710","0.8805","0.0011"
"267.7910","0.8006","0.0011"
"267.8110","0.7206","0.0010"
"267.8310","0.6405","0.0010"
"267.8510","0.5605","0.0010"
"267.8710","0.4805","0.0011"
"267.8910","0.4004","0.0011"
"267.9110","0.3204","0.0010"
"267.9310","0.2405","0.0007"
"267.9510","0.1605","0.0004"
"267.9670","0.0965","0.0000"
"267.9680","0.0925","-0.0001"
"267.9690","0.0885","-0.0001"
"267.9890","0.0095","-0.0006"
"268.0090","-0.0550","-0.0007"
"268.0290","-0.0846","-0.0007"
"268.0490","-0.0713","-0.0004"
"268.0690","-0.0172","-0.0001"
"268.0890","0.0614","0.0001"
"268.1090","0.1423","0.0006"
"268.1290","0.2199","0.0010"
"268.1490","0.2978","0.0012"
"268.1690","0.3784","0.0012"
"268.1890","0.4606","0.0012"
"268.2090","0.5427","0.0012"
"268.2290","0.6238","0.0012"
"268.2490","0.7040","0.0012"
"268.2690","0.7838","0.0012"
"268.2890","0.8637","0.0012"
"268.3090","0.9437","0.0012"
"268.3290","1.0238","0.0012"
"268.3490","1.1039","0.0012"
"268.3690","1.1840","0.0012"
"268.3890","1.2640","0.0013"
"268.4090","1.3440","0.0013"
"268.4290","1.4240","0.0012"
"268.4490","1.5040","0.0012"
"268.4690","1.5840","0.0012"
"268.4890","1.6640","0.0012"
"268.5090","1.7440","0.0011"
"268.5290","1.8240","0.0012"
"268.5490","1.9040","0.0012"
"268.5690","1.9840","0.0012"
"268.5890","2.0640","0.0012"
"268.6090","2.1440","0.0012"
"268.6290","2.2240","0.0012"
"268.6490","2.3040","0.0012"
"268.6690","2.3840","0.0012"
"268.6890","2.4640","0.0012"
"268.7090","2.5440","0.0012"
"268.7290","2.6239","0.0013"
"268.7490","2.7039","0.0012"
"268.7690","2.7839","0.0012"
"268.7890","2.8640","0.0012"
"268.8090","2.9440","0.0012"
"268.8240","3.0040","0.0012"
"268.8250","3.0080","0.0012"
"268.8260","3.0120","0.0011"
"268.8460","3.0910","0.0009"
"268.8660","3.1557","0.0004"
"268.8860","3.1861","0.0004"
"268.9060","3.1746","0.0004"
"268.9260","3.1225","0.0006"
"268.9460","3.0442","0.0012"
"268.9660","2.9628","0.0012"
"268.9860","2.8851","0.0012"
"269.0060","2.8077","0.0012"
"269.0260","2.7278","0.0012"
"269.0460","2.6459","0.0011"
"269.0660","2.5637","0.0011"
"269.0860","2.4824","0.0011"
"269.1060","2.4021","0.0012"
"269.1260","2.3223","0.0012"
"269.1460","2.2425","0.0012"
"269.1660","2.1625","0.0012"
"269.1860","2.0824","0.0013"
"269.2060","2.0024","0.0012"
"269.2260","1.9222","0.0011"
"269.2460","1.8422","0.0011"
"269.2660","1.7622","0.0012"
"269.2860","1.6821","0.0012"
"269.3060","1.6021","0.0011"
"269.3260","1.5222","0.0011"
"269.3460","1.4422","0.0011"
"269.3660","1.3622","0.0012"
"269.3860","1.2822","0.0010"
"269.4060","1.2021","0.0011"
"269.4260","1.1221","0.0012"
"269.4460","1.0421","0.0012"
"269.4660","0.9622","0.0012"
"269.4860","0.8822","0.0011"
"269.5060","0.8022","0.0010"
"269.5260","0.7223","0.0011"
"269.5460","0.6422","0.0010"
"269.5660","0.5622","0.0010"
"269.5860","0.4821","0.0010"
"269.6060","0.4021","0.0009"
"269.6260","0.3221","0.0009"
"269.6460","0.2422","0.0007"
"269.6660","0.1622","0.0003"
"269.6820","0.0982","-0.0002"
"269.6830","0.0942","-0.0002"
"269.6840","0.0902","-0.0003"
"269.7040","0.0112","-0.0008"
"269.7240","-0.0533","-0.0008"
"269.7440","-0.0828","-0.0008"
"269.7640","-0.0695","-0.0004"
"269.7840","-0.0154","-0.0001"
"269.8040","0.0632","0.0002"
"269.8240","0.1440","0.0007"
"269.8440","0.2217","0.0010"
"269.8640","0.2997","0.0011"
"269.8840","0.3802","0.0012"
"269.9040","0.4625","0.0011"
"269.9240","0.5445","0.0012"
"269.9440","0.6256","0.0012"
"269.9640","0.7058","0.0012"
"269.9840","0.7856","0.0012"
"270.0040","0.8655","0.0012"
"270.0240","0.9455","0.0012"
"270.0440","1.0256","0.0012"
"270.0640","1.1057","0.0011"
"270.0840","1.1858","0.0011"
"270.1040","1.2658","0.0011"
"270.1240","1.3458","0.0011"
"270.1440","1.4258","0.0011"
"270.1640","1.5058","0.0012"
"270.1840","1.5858","0.0013"
"270.2040","1.6658","0.0013"
"270.2240","1.7458","0.0012"
"270.2440","1.8258","0.0013"
"270.2640","1.9058","0.0013"
"270.2840","1.9858","0.0013"
"270.3040","2.0658","0.0013"
"270.3240","2.1459","0.0013"
"270.3440","2.2258","0.0013"
"270.3640","2.3058","0.0012"
"270.3840","2.3858","0.0012"
"270.4040","2.4658","0.0012"
"270.4240","2.5458","0.0012"
"270.4440","2.6258","0.0011"
"270.4640","2.7057","0.0012"
"270.4840","2.7857","0.0012"
"270.5040","2.8658","0.0012"
"270.5240","2.9458","0.0011"
"270.5380","3.0018","0.0012"
"270.5390","3.0058","0.0012"
"270.5400","3.0098","0.0012"
"270.5600","3.0888","0.0009"
"270.5800","3.1536","0.0004"
"270.6000","3.1842","0.0003"
"270.6200","3.1729","0.0002"
"270.6400","3.1210","0.0005"
"270.6600","3.0428","0.0012"
"270.6800","2.9615","0.0013"
"270.7000","2.8838","0.0013"
"270.7200","2.8063","0.0013"
"270.7400","2.7263","0.0012"
"270.7600","2.6443","0.0011"
"270.7800","2.5621","0.0011"
"270.8000","2.4809","0.0012"
"270.8200","2.4006","0.0012"
"270.8400","2.3207","0.0012"
"270.8600","2.2409","0.0012"
"270.8800","2.1609","0.0012"
"270.9000","2.0808","0.0012"
"270.9200","2.0008","0.0011"
"270.9400","1.9207","0.0011"
"270.9600","1.8406","0.0012"
"270.9800","1.7607","0.0011"
"271.0000","1.6806","0.0011"
"271.0200","1.6006","0.0011"
"271.0400","1.5207","0.0011"
"271.0600","1.4407","0.0011"
"271.0800","1.3606","0.0012"
"271.1000","1.2806","0.0011"
"271.1200","1.2006","0.0011"
"271.1400","1.1205","0.0011"
"271.1600","1.0406","0.0011"
"271.1800","0.9606","0.0011"
"271.2000","0.8806","0.0011"
"271.2200","0.8007","0.0011"
"271.2400","0.7207","0.0011"
"271.2600","0.6407","0.0011"
"271.2800","0.5606","0.0010"
"271.3000","0.4806","0.0010"
"271.3200","0.4006","0.0009"
"271.3400","0.3206","0.0009"
"271.3600","0.2406","0.0007"
"271.3800","0.1606","0.0003"
"271.3960","0.0967","-0.0002"
"271.3970","0.0927","-0.0002"
"271.3980","0.0887","-0.0003"
"271.4180","0.0096","-0.0007"
"271.4380","-0.0548","-0.0006"
"271.4580","-0.0844","-0.0007"
"271.4780","-0.0711","-0.0004"
"271.4980","-0.0169","-0.0001"
"271.5180","0.0617","0.0001"
"271.5380","0.1426","0.0006"
"271.5580","0.2202","0.0010"
"271.5780","0.2982","0.0012"
"271.5980","0.3788","0.0012"
"271.6180","0.4610","0.0011"
"271.6380","0.5431","0.0011"
"271.6580","0.6241","0.0011"
"271.6780","0.7043","0.0011"
"271.6980","0.7841","0.0011"
"271.7180","0.8639","0.0012"
"271.7380","0.9440","0.0012"
"271.7580","1.0241","0.0013"
"271.7780","1.1042","0.0012"
"271.7980","1.1843","0.0012"
"271.8180","1.2643","0.0012"
"271.8380","1.3443","0.0013"
"271.8580","1.4243","0.0012"
"271.8780","1.5043","0.0011"
"271.8980","1.5843","0.0012"
"271.9180","1.6643","0.0012"
"271.9380","1.7443","0.0012"
"271.9580","1.8243","0.0012"
"271.9780","1.9043","0.0012"
"271.9980","1.9843","0.0012"
"272.0180","2.0643","0.0013"
"272.0380","2.1443","0.0013"
"272.0580","2.2243","0.0013"
"272.0780","2.3043","0.0012"
"272.0980","2.3843","0.0012"
"272.1180","2.4643","0.0012"
"272.1380","2.5443","0.0012"
"272.1580","2.6243","0.0012"
"272.1780","2.7043","0.0012"
"272.1980","2.7843","0.0012"
"272.2180","2.8643","0.0012"
"272.2380","2.9443","0.0012"
"272.2520","3.0003","0.0013"
"272.2530","3.0043","0.0013"
"272.2540","3.0083","0.0013"
"272.2740","3.0873","0.0010"
"272.2940","3.1520","0.0004"
"272.3140","3.1825","0.0002"
"272.3340","3.1711","0.0003"
"272.3540","3.1192","0.0006"
"272.3740","3.0410","0.0012"
"272.3940","2.9596","0.0012"
"272.4140","2.8820","0.0011"
"272.4340","2.8045","0.0012"
"272.4540","2.7246","0.0012"
"272.4740","2.6426","0.0013"
"272.4940","2.5603","0.0012"
"272.5140","2.4791","0.0012"
"272.5340","2.3988","0.0012"
"272.5540","2.3189","0.0012"
"272.5740","2.2391","0.0011"
"272.5940","2.1592","0.0011"
"272.6140","2.0791","0.0012"
"272.6340","1.9990","0.0012"
"272.6540","1.9189","0.0012"
"272.6740","1.8388","0.0011"
"272.6940","1.7588","0.0011"
"272.7140","1.6788","0.0011"
"272.7340","1.5988","0.0012"
"272.7540","1.5189","0.0012"
"272.7740","1.4389","0.0012"
"272.7940","1.3589","0.0011"
"272.8140","1.2789","0.0012"
"272.8340","1.1988","0.0012"
"272.8540","1.1188","0.0012"
"272.8740","1.0388","0.0011"
"272.8940","0.9588","0.0011"
"272.9140","0.8789","0.0010"
"272.9340","0.7989","0.0011"
"272.9540","0.7190","0.0011"
"272.9740","0.6389","0.0010"
"272.9940","0.5589","0.0010"
"273.0140","0.4788","0.0009"
"273.0340","0.3988","0.0009"
"273.0540","0.3188","0.0008"
"273.0740","0.2388","0.0007"
"273.0940","0.1588","0.0002"
"273.1090","0.0989","-0.0002"
