host_elapsed_s,esp32_ms,elapsed_s,adc1,R_ohm,R_kOhm,R0_ohm,dR_R0
0.235725,5,0.0,4095,,,5247.43833,
0.498999,1959,1.954,2495,5145.9375,5.1459375,5247.43833,-0.01934293
0.582368,2009,2.004,2500,5172.413793,5.172413793,5247.43833,-0.014297364
0.582567,2059,2.054,2495,5145.9375,5.1459375,5247.43833,-0.01934293
0.582757,2109,2.104,2526,5312.810707,5.312810707,5247.43833,0.01245796
0.582946,2159,2.154,2505,5199.056604,5.199056604,5247.43833,-0.009220066
0.583136,2209,2.204,2503,5188.379397,5.188379397,5247.43833,-0.011254812
0.583328,2259,2.254,2492,5130.131004,5.130131004,5247.43833,-0.02235516
0.583517,2309,2.304,2517,5263.688213,5.263688213,5247.43833,0.003096727
0.583707,2359,2.354,2510,5225.867508,5.225867508,5247.43833,-0.004110734
0.583897,2409,2.404,2510,5225.867508,5.225867508,5247.43833,-0.004110734
0.58409,2459,2.454,2525,5307.324841,5.307324841,5247.43833,0.011412523
0.608044,2509,2.504,2509,5220.491803,5.220491803,5247.43833,-0.005135177
0.676256,2559,2.554,2501,5177.728984,5.177728984,5247.43833,-0.013284453
0.708044,2609,2.604,2519,5274.555838,5.274555838,5247.43833,0.005167761
0.758036,2659,2.654,2503,5188.379397,5.188379397,5247.43833,-0.011254812
0.808062,2709,2.704,2505,5199.056604,5.199056604,5247.43833,-0.009220066
0.901255,2759,2.754,2516,5258.264725,5.258264725,5247.43833,0.002063177
0.908163,2809,2.804,2514,5247.43833,5.24743833,5247.43833,0.0
0.95805,2859,2.854,2507,5209.760705,5.209760705,5247.43833,-0.007180194
1.00813,2909,2.904,2510,5225.867508,5.225867508,5247.43833,-0.004110734
1.058063,2959,2.954,2526,5312.810707,5.312810707,5247.43833,0.01245796
1.108101,3009,3.004,2507,5209.760705,5.209760705,5247.43833,-0.007180194
1.158067,3059,3.054,2509,5220.491803,5.220491803,5247.43833,-0.005135177
1.208139,3109,3.104,2519,5274.555838,5.274555838,5247.43833,0.005167761
1.258115,3159,3.154,2518,5269.11858,5.26911858,5247.43833,0.004131587
1.308009,3209,3.204,2517,5263.688213,5.263688213,5247.43833,0.003096727
1.35805,3259,3.254,2542,5401.545396,5.401545396,5247.43833,0.029368057
1.408585,3309,3.304,2517,5263.688213,5.263688213,5247.43833,0.003096727
1.458097,3359,3.354,2510,5225.867508,5.225867508,5247.43833,-0.004110734
1.508064,3409,3.404,2535,5362.5,5.3625,5247.43833,0.021927208
1.558109,3459,3.454,2504,5193.714645,5.193714645,5247.43833,-0.010238078
1.608022,3509,3.504,2519,5274.555838,5.274555838,5247.43833,0.005167761
1.65809,3559,3.554,2525,5307.324841,5.307324841,5247.43833,0.011412523
1.708016,3609,3.604,2521,5285.45108,5.28545108,5247.43833,0.007244058
1.758208,3659,3.654,2528,5323.803446,5.323803446,5247.43833,0.014552837
1.808115,3709,3.704,2522,5290.909091,5.290909091,5247.43833,0.008284187
1.858112,3759,3.754,2514,5247.43833,5.24743833,5247.43833,0.0
1.908094,3809,3.804,2517,5263.688213,5.263688213,5247.43833,0.003096727
1.958036,3859,3.854,2512,5236.639292,5.236639292,5247.43833,-0.002057964
2.009104,3909,3.904,2518,5269.11858,5.26911858,5247.43833,0.004131587
2.05808,3959,3.954,2523,5296.374046,5.296374046,5247.43833,0.009325639
2.108058,4009,4.004,2514,5247.43833,5.24743833,5247.43833,0.0
2.15807,4059,4.054,2514,5247.43833,5.24743833,5247.43833,0.0
2.208072,4109,4.104,2513,5242.035398,5.242035398,5247.43833,-0.001029632
2.261566,4159,4.154,2519,5274.555838,5.274555838,5247.43833,0.005167761
2.308073,4209,4.204,2501,5177.728984,5.177728984,5247.43833,-0.013284453
2.358061,4259,4.254,2516,5258.264725,5.258264725,5247.43833,0.002063177
2.408106,4309,4.304,2521,5285.45108,5.28545108,5247.43833,0.007244058
2.458026,4359,4.354,2522,5290.909091,5.290909091,5247.43833,0.008284187
2.508076,4409,4.404,2527,5318.303571,5.318303571,5247.43833,0.013504731
2.558079,4459,4.454,2508,5215.122873,5.215122873,5247.43833,-0.00615833
2.609055,4509,4.504,2477,5051.97775,5.05197775,5247.43833,-0.037248762
2.658061,4559,4.554,2514,5247.43833,5.24743833,5247.43833,0.0
2.708016,4609,4.604,2508,5215.122873,5.215122873,5247.43833,-0.00615833
2.758079,4659,4.654,2509,5220.491803,5.220491803,5247.43833,-0.005135177
2.808089,4709,4.704,2499,5167.105263,5.167105263,5247.43833,-0.015309006
2.858121,4759,4.754,2503,5188.379397,5.188379397,5247.43833,-0.011254812
2.908003,4809,4.804,2535,5362.5,5.3625,5247.43833,0.021927208
2.958017,4859,4.854,2513,5242.035398,5.242035398,5247.43833,-0.001029632
3.008051,4909,4.904,2513,5242.035398,5.242035398,5247.43833,-0.001029632
3.058085,4959,4.954,2533,5351.408451,5.351408451,5247.43833,0.0198135
3.108041,5009,5.004,2524,5301.845958,5.301845958,5247.43833,0.010368417
3.158078,5059,5.054,2527,5318.303571,5.318303571,5247.43833,0.013504731
3.207992,5109,5.104,2543,5407.152062,5.407152062,5247.43833,0.030436514
3.258068,5159,5.154,2507,5209.760705,5.209760705,5247.43833,-0.007180194
3.308012,5209,5.204,2514,5247.43833,5.24743833,5247.43833,0.0
3.358039,5259,5.254,2508,5215.122873,5.215122873,5247.43833,-0.00615833
3.408073,5309,5.304,2516,5258.264725,5.258264725,5247.43833,0.002063177
3.458033,5359,5.354,2500,5172.413793,5.172413793,5247.43833,-0.014297364
3.508019,5409,5.404,2514,5247.43833,5.24743833,5247.43833,0.0
3.558008,5459,5.454,2513,5242.035398,5.242035398,5247.43833,-0.001029632
3.608049,5509,5.504,2513,5242.035398,5.242035398,5247.43833,-0.001029632
3.658059,5559,5.554,2510,5225.867508,5.225867508,5247.43833,-0.004110734
3.70798,5609,5.604,2528,5323.803446,5.323803446,5247.43833,0.014552837
3.75801,5659,5.654,2508,5215.122873,5.215122873,5247.43833,-0.00615833
3.808043,5709,5.704,2523,5296.374046,5.296374046,5247.43833,0.009325639
3.858018,5759,5.754,2513,5242.035398,5.242035398,5247.43833,-0.001029632
3.908046,5809,5.804,2520,5280.0,5.28,5247.43833,0.006205251
3.957982,5859,5.854,2530,5334.824281,5.334824281,5247.43833,0.016653069
4.008006,5909,5.904,2522,5290.909091,5.290909091,5247.43833,0.008284187
4.058061,5959,5.954,2509,5220.491803,5.220491803,5247.43833,-0.005135177
4.108041,6009,6.004,2506,5204.405286,5.204405286,5247.43833,-0.008200772
4.158023,6059,6.054,2514,5247.43833,5.24743833,5247.43833,0.0
4.208089,6109,6.104,2523,5296.374046,5.296374046,5247.43833,0.009325639
4.257997,6159,6.154,2518,5269.11858,5.26911858,5247.43833,0.004131587
4.308017,6209,6.204,2525,5307.324841,5.307324841,5247.43833,0.011412523
4.35799,6259,6.254,2485,5093.478261,5.093478261,5247.43833,-0.029340044
4.408043,6309,6.304,2515,5252.848101,5.252848101,5247.43833,0.001030936
4.45809,6359,6.354,2528,5323.803446,5.323803446,5247.43833,0.014552837
4.508298,6409,6.404,2498,5161.803381,5.161803381,5247.43833,-0.016319382
4.557992,6459,6.454,2515,5252.848101,5.252848101,5247.43833,0.001030936
4.608074,6509,6.504,2514,5247.43833,5.24743833,5247.43833,0.0
4.658063,6559,6.554,2509,5220.491803,5.220491803,5247.43833,-0.005135177
4.708067,6609,6.604,2511,5231.25,5.23125,5247.43833,-0.003084997
4.758074,6659,6.654,2511,5231.25,5.23125,5247.43833,-0.003084997
4.808052,6709,6.704,2510,5225.867508,5.225867508,5247.43833,-0.004110734
4.858052,6759,6.754,2514,5247.43833,5.24743833,5247.43833,0.0
4.908036,6809,6.804,2502,5183.050847,5.183050847,5247.43833,-0.01227027
4.961558,6859,6.854,2517,5263.688213,5.263688213,5247.43833,0.003096727
5.008064,6909,6.904,2515,5252.848101,5.252848101,5247.43833,0.001030936
5.058071,6959,6.954,2504,5193.714645,5.193714645,5247.43833,-0.010238078
5.10806,7009,7.004,2506,5204.405286,5.204405286,5247.43833,-0.008200772
5.158,7059,7.054,2510,5225.867508,5.225867508,5247.43833,-0.004110734
5.208052,7109,7.104,2498,5161.803381,5.161803381,5247.43833,-0.016319382
5.258017,7159,7.154,2519,5274.555838,5.274555838,5247.43833,0.005167761
5.308053,7209,7.204,2496,5151.219512,5.151219512,5247.43833,-0.018336341
5.358057,7259,7.254,2505,5199.056604,5.199056604,5247.43833,-0.009220066
5.408105,7309,7.304,2510,5225.867508,5.225867508,5247.43833,-0.004110734
5.459163,7359,7.354,2498,5161.803381,5.161803381,5247.43833,-0.016319382
5.508037,7409,7.404,2489,5114.383562,5.114383562,5247.43833,-0.025356138
5.558041,7459,7.454,2458,4955.039707,4.955039707,5247.43833,-0.055722165
5.608037,7509,7.504,2503,5188.379397,5.188379397,5247.43833,-0.011254812
5.658051,7559,7.554,2512,5236.639292,5.236639292,5247.43833,-0.002057964
5.710908,7609,7.604,2500,5172.413793,5.172413793,5247.43833,-0.014297364
5.758009,7659,7.654,2492,5130.131004,5.130131004,5247.43833,-0.02235516
5.807941,7709,7.704,2486,5098.694842,5.098694842,5247.43833,-0.028345924
5.858015,7759,7.754,2490,5119.626168,5.119626168,5247.43833,-0.024357058
5.908058,7809,7.804,2494,5140.662086,5.140662086,5247.43833,-0.020348261
5.958003,7859,7.854,2493,5135.393258,5.135393258,5247.43833,-0.021352337
6.008031,7909,7.904,2487,5103.91791,5.10391791,5247.43833,-0.027350568
6.058069,7959,7.954,2502,5183.050847,5.183050847,5247.43833,-0.01227027
6.111651,8009,8.004,2501,5177.728984,5.177728984,5247.43833,-0.013284453
6.158041,8059,8.054,2506,5204.405286,5.204405286,5247.43833,-0.008200772
6.208007,8109,8.104,2506,5204.405286,5.204405286,5247.43833,-0.008200772
6.258092,8159,8.154,2500,5172.413793,5.172413793,5247.43833,-0.014297364
6.308115,8209,8.204,2514,5247.43833,5.24743833,5247.43833,0.0
6.36074,8259,8.254,2508,5215.122873,5.215122873,5247.43833,-0.00615833
6.408034,8309,8.304,2506,5204.405286,5.204405286,5247.43833,-0.008200772
6.458068,8359,8.354,2510,5225.867508,5.225867508,5247.43833,-0.004110734
6.507996,8409,8.404,2512,5236.639292,5.236639292,5247.43833,-0.002057964
6.558001,8459,8.454,2490,5119.626168,5.119626168,5247.43833,-0.024357058
6.608046,8509,8.504,2519,5274.555838,5.274555838,5247.43833,0.005167761
6.664454,8559,8.554,2508,5215.122873,5.215122873,5247.43833,-0.00615833
6.708021,8609,8.604,2517,5263.688213,5.263688213,5247.43833,0.003096727
6.758081,8659,8.654,2512,5236.639292,5.236639292,5247.43833,-0.002057964
6.808055,8709,8.704,2503,5188.379397,5.188379397,5247.43833,-0.011254812
6.858035,8759,8.754,2507,5209.760705,5.209760705,5247.43833,-0.007180194
6.908015,8809,8.804,2507,5209.760705,5.209760705,5247.43833,-0.007180194
6.964738,8859,8.854,2501,5177.728984,5.177728984,5247.43833,-0.013284453
7.008026,8909,8.904,2496,5151.219512,5.151219512,5247.43833,-0.018336341
7.057992,8959,8.954,2491,5124.875312,5.124875312,5247.43833,-0.023356733
7.108099,9009,9.004,2491,5124.875312,5.124875312,5247.43833,-0.023356733
7.159424,9059,9.054,2487,5103.91791,5.10391791,5247.43833,-0.027350568
7.2081,9109,9.104,2510,5225.867508,5.225867508,5247.43833,-0.004110734
7.258076,9159,9.154,2514,5247.43833,5.24743833,5247.43833,0.0
7.308063,9209,9.204,2489,5114.383562,5.114383562,5247.43833,-0.025356138
7.358056,9259,9.254,2494,5140.662086,5.140662086,5247.43833,-0.020348261
7.408065,9309,9.304,2502,5183.050847,5.183050847,5247.43833,-0.01227027
7.462952,9359,9.354,2501,5177.728984,5.177728984,5247.43833,-0.013284453
7.508033,9409,9.404,2509,5220.491803,5.220491803,5247.43833,-0.005135177
7.558042,9459,9.454,2505,5199.056604,5.199056604,5247.43833,-0.009220066
7.608052,9509,9.504,2505,5199.056604,5.199056604,5247.43833,-0.009220066
7.658068,9559,9.554,2525,5307.324841,5.307324841,5247.43833,0.011412523
7.71006,9609,9.604,2503,5188.379397,5.188379397,5247.43833,-0.011254812
7.75803,9659,9.654,2505,5199.056604,5.199056604,5247.43833,-0.009220066
7.808068,9709,9.704,2511,5231.25,5.23125,5247.43833,-0.003084997
7.857983,9759,9.754,2509,5220.491803,5.220491803,5247.43833,-0.005135177
7.908025,9809,9.804,2514,5247.43833,5.24743833,5247.43833,0.0
7.95808,9859,9.854,2509,5220.491803,5.220491803,5247.43833,-0.005135177
8.013276,9909,9.904,2510,5225.867508,5.225867508,5247.43833,-0.004110734
8.058032,9959,9.954,2508,5215.122873,5.215122873,5247.43833,-0.00615833
8.108073,10009,10.004,2507,5209.760705,5.209760705,5247.43833,-0.007180194
8.158012,10059,10.054,2486,5098.694842,5.098694842,5247.43833,-0.028345924
8.208063,10109,10.104,2530,5334.824281,5.334824281,5247.43833,0.016653069
8.258068,10159,10.154,2514,5247.43833,5.24743833,5247.43833,0.0
8.313621,10209,10.204,2496,5151.219512,5.151219512,5247.43833,-0.018336341
8.358062,10259,10.254,2517,5263.688213,5.263688213,5247.43833,0.003096727
8.40805,10309,10.304,2492,5130.131004,5.130131004,5247.43833,-0.02235516
8.45796,10359,10.354,2487,5103.91791,5.10391791,5247.43833,-0.027350568
8.508028,10409,10.404,2483,5083.064516,5.083064516,5247.43833,-0.031324582
8.558031,10459,10.454,2489,5114.383562,5.114383562,5247.43833,-0.025356138
8.613759,10509,10.504,2486,5098.694842,5.098694842,5247.43833,-0.028345924
8.657977,10559,10.554,2487,5103.91791,5.10391791,5247.43833,-0.027350568
8.708057,10609,10.604,2506,5204.405286,5.204405286,5247.43833,-0.008200772
8.758071,10659,10.654,2548,5435.294118,5.435294118,5247.43833,0.035799523
8.80806,10709,10.704,2530,5334.824281,5.334824281,5247.43833,0.016653069
8.860848,10759,10.754,2502,5183.050847,5.183050847,5247.43833,-0.01227027
8.907971,10809,10.804,2507,5209.760705,5.209760705,5247.43833,-0.007180194
8.957983,10859,10.854,2476,5046.819024,5.046819024,5247.43833,-0.038231856
9.008022,10909,10.904,2478,5057.142857,5.057142857,5247.43833,-0.036264452
9.058039,10959,10.954,2489,5114.383562,5.114383562,5247.43833,-0.025356138
9.108051,11009,11.004,2467,5000.675676,5.000675676,5247.43833,-0.047025356
9.165253,11059,11.054,2482,5077.867328,5.077867328,5247.43833,-0.032315006
9.208051,11109,11.104,2485,5093.478261,5.093478261,5247.43833,-0.029340044
9.258049,11159,11.154,2483,5083.064516,5.083064516,5247.43833,-0.031324582
9.30793,11209,11.204,2489,5114.383562,5.114383562,5247.43833,-0.025356138
9.357994,11259,11.254,2491,5124.875312,5.124875312,5247.43833,-0.023356733
9.408066,11309,11.304,2479,5062.314356,5.062314356,5247.43833,-0.035278923
9.464351,11359,11.354,2484,5088.268156,5.088268156,5247.43833,-0.030332929
9.508013,11409,11.404,2485,5093.478261,5.093478261,5247.43833,-0.029340044
9.558075,11459,11.454,2487,5103.91791,5.10391791,5247.43833,-0.027350568
9.608014,11509,11.504,2485,5093.478261,5.093478261,5247.43833,-0.029340044
9.658018,11559,11.554,2490,5119.626168,5.119626168,5247.43833,-0.024357058
9.70803,11609,11.604,2485,5093.478261,5.093478261,5247.43833,-0.029340044
9.758036,11659,11.654,2485,5093.478261,5.093478261,5247.43833,-0.029340044
9.808035,11709,11.704,2486,5098.694842,5.098694842,5247.43833,-0.028345924
9.861882,11759,11.754,2483,5083.064516,5.083064516,5247.43833,-0.031324582
9.908034,11809,11.804,2496,5151.219512,5.151219512,5247.43833,-0.018336341
9.958022,11859,11.854,2484,5088.268156,5.088268156,5247.43833,-0.030332929
10.008011,11909,11.904,2481,5072.67658,5.07267658,5247.43833,-0.033304203
10.058,11959,11.954,2532,5345.873321,5.345873321,5247.43833,0.018758675
10.112793,12009,12.004,2553,5463.618677,5.463618677,5247.43833,0.041197311
10.158065,12059,12.054,2512,5236.639292,5.236639292,5247.43833,-0.002057964
10.208063,12109,12.104,2496,5151.219512,5.151219512,5247.43833,-0.018336341
10.258016,12159,12.154,2500,5172.413793,5.172413793,5247.43833,-0.014297364
10.308039,12209,12.204,2496,5151.219512,5.151219512,5247.43833,-0.018336341
10.358072,12259,12.254,2480,5067.49226,5.06749226,5247.43833,-0.034292174
10.408008,12309,12.304,2478,5057.142857,5.057142857,5247.43833,-0.036264452
10.458059,12359,12.354,2485,5093.478261,5.093478261,5247.43833,-0.029340044
10.515373,12409,12.404,2486,5098.694842,5.098694842,5247.43833,-0.028345924
10.557985,12459,12.454,2489,5114.383562,5.114383562,5247.43833,-0.025356138
10.607996,12509,12.504,2496,5151.219512,5.151219512,5247.43833,-0.018336341
10.65801,12559,12.554,2479,5062.314356,5.062314356,5247.43833,-0.035278923
10.707989,12609,12.604,2487,5103.91791,5.10391791,5247.43833,-0.027350568
10.758029,12659,12.654,2489,5114.383562,5.114383562,5247.43833,-0.025356138
10.81618,12709,12.704,2478,5057.142857,5.057142857,5247.43833,-0.036264452
10.858025,12759,12.754,2489,5114.383562,5.114383562,5247.43833,-0.025356138
10.908012,12809,12.804,2482,5077.867328,5.077867328,5247.43833,-0.032315006
10.958026,12859,12.854,2506,5204.405286,5.204405286,5247.43833,-0.008200772
11.008069,12909,12.904,2486,5098.694842,5.098694842,5247.43833,-0.028345924
11.06286,12959,12.954,2469,5010.885609,5.010885609,5247.43833,-0.045079657
11.108063,13009,13.004,2485,5093.478261,5.093478261,5247.43833,-0.029340044
11.158027,13059,13.054,2466,4995.58011,4.99558011,5247.43833,-0.047996413
11.208031,13109,13.104,2508,5215.122873,5.215122873,5247.43833,-0.00615833
11.258006,13159,13.154,2536,5368.056446,5.368056446,5247.43833,0.022986095
11.307991,13209,13.204,2542,5401.545396,5.401545396,5247.43833,0.029368057
11.367856,13259,13.254,2522,5290.909091,5.290909091,5247.43833,0.008284187
11.408039,13309,13.304,2502,5183.050847,5.183050847,5247.43833,-0.01227027
11.458042,13359,13.354,2509,5220.491803,5.220491803,5247.43833,-0.005135177
11.508044,13409,13.404,2523,5296.374046,5.296374046,5247.43833,0.009325639
11.557979,13459,13.454,2522,5290.909091,5.290909091,5247.43833,0.008284187
11.608017,13509,13.504,2514,5247.43833,5.24743833,5247.43833,0.0
11.658036,13559,13.554,2509,5220.491803,5.220491803,5247.43833,-0.005135177
11.71725,13609,13.604,2505,5199.056604,5.199056604,5247.43833,-0.009220066
11.758029,13659,13.654,2539,5384.768638,5.384768638,5247.43833,0.026170924
11.808015,13709,13.704,2516,5258.264725,5.258264725,5247.43833,0.002063177
11.858051,13759,13.754,2527,5318.303571,5.318303571,5247.43833,0.013504731
11.908031,13809,13.804,2491,5124.875312,5.124875312,5247.43833,-0.023356733
11.9645,13859,13.854,2481,5072.67658,5.07267658,5247.43833,-0.033304203
12.008016,13909,13.904,2465,4990.490798,4.990490798,5247.43833,-0.04896628
12.058066,13959,13.954,2473,5031.381011,5.031381011,5247.43833,-0.041173865
12.108036,14009,14.004,2499,5167.105263,5.167105263,5247.43833,-0.015309006
12.157985,14059,14.054,2509,5220.491803,5.220491803,5247.43833,-0.005135177
12.211055,14109,14.104,2503,5188.379397,5.188379397,5247.43833,-0.011254812
12.258046,14159,14.154,2493,5135.393258,5.135393258,5247.43833,-0.021352337
12.319194,14209,14.204,2494,5140.662086,5.140662086,5247.43833,-0.020348261
12.357995,14259,14.254,2489,5114.383562,5.114383562,5247.43833,-0.025356138
12.407997,14309,14.304,2494,5140.662086,5.140662086,5247.43833,-0.020348261
12.458017,14359,14.354,2499,5167.105263,5.167105263,5247.43833,-0.015309006
12.507999,14409,14.404,2498,5161.803381,5.161803381,5247.43833,-0.016319382
12.566236,14459,14.454,2497,5156.508135,5.156508135,5247.43833,-0.017328492
12.608013,14509,14.504,2509,5220.491803,5.220491803,5247.43833,-0.005135177
12.65806,14559,14.554,2497,5156.508135,5.156508135,5247.43833,-0.017328492
12.707946,14609,14.604,2488,5109.14748,5.10914748,5247.43833,-0.026353973
12.758025,14659,14.654,2504,5193.714645,5.193714645,5247.43833,-0.010238078
12.809347,14709,14.704,2485,5093.478261,5.093478261,5247.43833,-0.029340044
12.858006,14759,14.754,2512,5236.639292,5.236639292,5247.43833,-0.002057964
12.908033,14809,14.804,2500,5172.413793,5.172413793,5247.43833,-0.014297364
12.967543,14859,14.854,2501,5177.728984,5.177728984,5247.43833,-0.013284453
13.007971,14909,14.904,2516,5258.264725,5.258264725,5247.43833,0.002063177
13.058018,14959,14.954,2529,5329.310345,5.329310345,5247.43833,0.015602282
13.109311,15009,15.004,2538,5379.190751,5.379190751,5247.43833,0.02510795
13.158033,15059,15.054,2532,5345.873321,5.345873321,5247.43833,0.018758675
13.208008,15109,15.104,2526,5312.810707,5.312810707,5247.43833,0.01245796
13.260148,15159,15.154,2522,5290.909091,5.290909091,5247.43833,0.008284187
13.307993,15209,15.204,2524,5301.845958,5.301845958,5247.43833,0.010368417
13.357977,15259,15.254,2555,5475.0,5.475,5247.43833,0.04336624
13.407979,15309,15.304,2553,5463.618677,5.463618677,5247.43833,0.041197311
13.457998,15359,15.354,2597,5721.028037,5.721028037,5247.43833,0.0902516
13.516071,15409,15.404,2604,5763.380282,5.763380282,5247.43833,0.098322633
13.557993,15459,15.454,2603,5757.30563,5.75730563,5247.43833,0.097164991
13.608,15509,15.504,2635,5955.821918,5.955821918,5247.43833,0.134996077
13.657989,15559,15.554,2623,5880.366848,5.880366848,5247.43833,0.120616666
13.707991,15609,15.604,2601,5745.180723,5.745180723,5247.43833,0.094854358
13.767028,15659,15.654,2597,5721.028037,5.721028037,5247.43833,0.0902516
13.807975,15709,15.704,2565,5532.352941,5.532352941,5247.43833,0.054295943
13.857986,15759,15.754,2559,5497.851562,5.497851563,5247.43833,0.047721043
13.907941,15809,15.804,2618,5849.2891,5.8492891,5247.43833,0.114694205
13.95798,15859,15.854,2623,5880.366848,5.880366848,5247.43833,0.120616666
14.00801,15909,15.904,2598,5727.054108,5.727054108,5247.43833,0.091399984
14.058016,15959,15.954,2582,5631.592862,5.631592862,5247.43833,0.073208013
14.107993,16009,16.004,2590,5679.069767,5.679069767,5247.43833,0.082255647
14.165502,16059,16.054,2599,5733.088235,5.733088235,5247.43833,0.092549902
14.207925,16109,16.104,2597,5721.028037,5.721028037,5247.43833,0.0902516
14.257943,16159,16.154,2603,5757.30563,5.75730563,5247.43833,0.097164991
14.307977,16209,16.204,2605,5769.463087,5.769463087,5247.43833,0.099481828
14.357963,16259,16.254,2583,5637.5,5.6375,5247.43833,0.074333731
14.412493,16309,16.304,2567,5543.913613,5.543913613,5247.43833,0.05649905
14.45796,16359,16.354,2565,5532.352941,5.532352941,5247.43833,0.054295943
14.508056,16409,16.404,2582,5631.592862,5.631592862,5247.43833,0.073208013
14.557991,16459,16.454,2579,5613.918206,5.613918206,5247.43833,0.069839768
14.607954,16509,16.504,2606,5775.554063,5.775554063,5247.43833,0.10064258
14.658008,16559,16.554,2618,5849.2891,5.8492891,5247.43833,0.114694205
14.715936,16609,16.604,2602,5751.239116,5.751239116,5247.43833,0.096008901
14.758021,16659,16.654,2561,5509.322034,5.509322034,5247.43833,0.049906962
14.807955,16709,16.704,2559,5497.851562,5.497851563,5247.43833,0.047721043
14.858056,16759,16.754,2562,5515.068493,5.515068493,5247.43833,0.05100206
14.914761,16809,16.804,2589,5673.10757,5.67310757,5247.43833,0.081119436
14.958015,16859,16.854,2594,5702.998001,5.702998001,5247.43833,0.086815631
15.007986,16909,16.904,2601,5745.180723,5.745180723,5247.43833,0.094854358
15.057985,16959,16.954,2582,5631.592862,5.631592862,5247.43833,0.073208013
15.108029,17009,17.004,2565,5532.352941,5.532352941,5247.43833,0.054295943
15.158342,17059,17.054,2561,5509.322034,5.509322034,5247.43833,0.049906962
15.208011,17109,17.104,2563,5520.822454,5.520822454,5247.43833,0.052098587
15.257997,17159,17.154,2554,5469.305646,5.469305646,5247.43833,0.042281072
15.315573,17209,17.204,2559,5497.851562,5.497851563,5247.43833,0.047721043
15.358019,17259,17.254,2609,5793.876178,5.793876178,5247.43833,0.10413421
15.408014,17309,17.304,2565,5532.352941,5.532352941,5247.43833,0.054295943
15.457995,17359,17.354,2547,5429.651163,5.429651163,5247.43833,0.034724149
15.507996,17409,17.404,2582,5631.592862,5.631592862,5247.43833,0.073208013
15.558913,17459,17.454,2534,5356.950673,5.356950673,5247.43833,0.020869677
15.608049,17509,17.504,2546,5424.015494,5.424015494,5247.43833,0.033650165
15.664682,17559,17.554,2540,5390.353698,5.390353698,5247.43833,0.027235264
15.708003,17609,17.604,2573,5578.777924,5.578777924,5247.43833,0.063143113
15.757973,17659,17.654,2559,5497.851562,5.497851563,5247.43833,0.047721043
15.80805,17709,17.704,2575,5590.460526,5.590460526,5247.43833,0.065369457
15.857994,17759,17.754,2549,5440.944373,5.440944373,5247.43833,0.036876287
15.914722,17809,17.804,2558,5492.127521,5.492127521,5247.43833,0.046630218
15.958023,17859,17.854,2552,5457.93908,5.45793908,5247.43833,0.040114954
16.007967,17909,17.904,2540,5390.353698,5.390353698,5247.43833,0.027235264
16.058005,17959,17.954,2550,5446.601942,5.446601942,5247.43833,0.037954445
16.108004,18009,18.004,2553,5463.618677,5.463618677,5247.43833,0.041197311
16.166523,18059,18.054,2567,5543.913613,5.543913613,5247.43833,0.05649905
16.20801,18109,18.104,2552,5457.93908,5.45793908,5247.43833,0.040114954
16.258011,18159,18.154,2530,5334.824281,5.334824281,5247.43833,0.016653069
16.308008,18209,18.204,2550,5446.601942,5.446601942,5247.43833,0.037954445
16.358001,18259,18.254,2535,5362.5,5.3625,5247.43833,0.021927208
16.416283,18309,18.304,2555,5475.0,5.475,5247.43833,0.04336624
16.458006,18359,18.354,2552,5457.93908,5.45793908,5247.43833,0.040114954
16.507991,18409,18.404,2543,5407.152062,5.407152062,5247.43833,0.030436514
16.558023,18459,18.454,2551,5452.266839,5.452266839,5247.43833,0.039034
16.614788,18509,18.504,2545,5418.387097,5.418387097,5247.43833,0.032577566
16.658031,18559,18.554,2547,5429.651163,5.429651163,5247.43833,0.034724149
16.707928,18609,18.604,2536,5368.056446,5.368056446,5247.43833,0.022986095
16.75793,18659,18.654,2562,5515.068493,5.515068493,5247.43833,0.05100206
16.807963,18709,18.704,2552,5457.93908,5.45793908,5247.43833,0.040114954
16.858646,18759,18.754,2526,5312.810707,5.312810707,5247.43833,0.01245796
16.907958,18809,18.804,2535,5362.5,5.3625,5247.43833,0.021927208
16.957967,18859,18.854,2541,5395.945946,5.395945946,5247.43833,0.028300974
17.011176,18909,18.904,2533,5351.408451,5.351408451,5247.43833,0.0198135
17.057955,18959,18.954,2524,5301.845958,5.301845958,5247.43833,0.010368417
17.107981,19009,19.004,2542,5401.545396,5.401545396,5247.43833,0.029368057
17.167366,19059,19.054,2540,5390.353698,5.390353698,5247.43833,0.027235264
17.207963,19109,19.104,2525,5307.324841,5.307324841,5247.43833,0.011412523
17.25793,19159,19.154,2521,5285.45108,5.28545108,5247.43833,0.007244058
17.308505,19209,19.204,2517,5263.688213,5.263688213,5247.43833,0.003096727
17.35799,19259,19.254,2525,5307.324841,5.307324841,5247.43833,0.011412523
17.408004,19309,19.304,2517,5263.688213,5.263688213,5247.43833,0.003096727
17.457977,19359,19.354,2542,5401.545396,5.401545396,5247.43833,0.029368057
17.507001,19409,19.404,2555,5475.0,5.475,5247.43833,0.04336624
17.566232,19459,19.454,2534,5356.950673,5.356950673,5247.43833,0.020869677
17.60799,19509,19.504,2527,5318.303571,5.318303571,5247.43833,0.013504731
17.656998,19559,19.554,2517,5263.688213,5.263688213,5247.43833,0.003096727
17.707957,19609,19.604,2534,5356.950673,5.356950673,5247.43833,0.020869677
17.757027,19659,19.654,2524,5301.845958,5.301845958,5247.43833,0.010368417
17.814529,19709,19.704,2545,5418.387097,5.418387097,5247.43833,0.032577566
17.857872,19759,19.754,2544,5412.765957,5.412765957,5247.43833,0.03150635
17.907953,19809,19.804,2524,5301.845958,5.301845958,5247.43833,0.010368417
17.95798,19859,19.854,2521,5285.45108,5.28545108,5247.43833,0.007244058
18.009443,19909,19.904,2530,5334.824281,5.334824281,5247.43833,0.016653069
18.058021,19959,19.954,2515,5252.848101,5.252848101,5247.43833,0.001030936
18.10702,20009,20.004,2511,5231.25,5.23125,5247.43833,-0.003084997
18.16614,20059,20.054,2526,5312.810707,5.312810707,5247.43833,0.01245796
18.207025,20109,20.104,2555,5475.0,5.475,5247.43833,0.04336624
18.25797,20159,20.154,2538,5379.190751,5.379190751,5247.43833,0.02510795
18.307,20209,20.204,2536,5368.056446,5.368056446,5247.43833,0.022986095
18.357004,20259,20.254,2514,5247.43833,5.24743833,5247.43833,0.0
18.41711,20309,20.304,2506,5204.405286,5.204405286,5247.43833,-0.008200772
18.457005,20359,20.354,2504,5193.714645,5.193714645,5247.43833,-0.010238078
18.506985,20409,20.404,2518,5269.11858,5.26911858,5247.43833,0.004131587
18.557997,20459,20.454,2518,5269.11858,5.26911858,5247.43833,0.004131587
18.608477,20509,20.504,2556,5480.701754,5.480701754,5247.43833,0.044452819
18.656992,20559,20.554,2520,5280.0,5.28,5247.43833,0.006205251
18.707995,20609,20.604,2514,5247.43833,5.24743833,5247.43833,0.0
18.76697,20659,20.654,2517,5263.688213,5.263688213,5247.43833,0.003096727
18.806983,20709,20.704,2467,5000.675676,5.000675676,5247.43833,-0.047025356
18.858004,20759,20.754,2529,5329.310345,5.329310345,5247.43833,0.015602282
18.910042,20809,20.804,2555,5475.0,5.475,5247.43833,0.04336624
18.956958,20859,20.854,2531,5340.345269,5.340345269,5247.43833,0.017705199
19.006992,20909,20.904,2524,5301.845958,5.301845958,5247.43833,0.010368417
19.05853,20959,20.954,2499,5167.105263,5.167105263,5247.43833,-0.015309006
19.106995,21009,21.004,2489,5114.383562,5.114383562,5247.43833,-0.025356138
19.156996,21059,21.054,2514,5247.43833,5.24743833,5247.43833,0.0
19.206987,21109,21.104,2512,5236.639292,5.236639292,5247.43833,-0.002057964
19.257023,21159,21.154,2535,5362.5,5.3625,5247.43833,0.021927208
19.315505,21209,21.204,2525,5307.324841,5.307324841,5247.43833,0.011412523
19.356981,21259,21.254,2516,5258.264725,5.258264725,5247.43833,0.002063177
19.406979,21309,21.304,2486,5098.694842,5.098694842,5247.43833,-0.028345924
19.461071,21359,21.354,2493,5135.393258,5.135393258,5247.43833,-0.021352337
19.506955,21409,21.404,2520,5280.0,5.28,5247.43833,0.006205251
19.557036,21459,21.454,2530,5334.824281,5.334824281,5247.43833,0.016653069
19.60874,21509,21.504,2523,5296.374046,5.296374046,5247.43833,0.009325639
19.656985,21559,21.554,2542,5401.545396,5.401545396,5247.43833,0.029368057
19.706983,21609,21.604,2521,5285.45108,5.28545108,5247.43833,0.007244058
19.757015,21659,21.654,2522,5290.909091,5.290909091,5247.43833,0.008284187
19.806989,21709,21.704,2507,5209.760705,5.209760705,5247.43833,-0.007180194
19.865145,21759,21.754,2502,5183.050847,5.183050847,5247.43833,-0.01227027
19.906961,21809,21.804,2509,5220.491803,5.220491803,5247.43833,-0.005135177
19.957014,21859,21.854,2530,5334.824281,5.334824281,5247.43833,0.016653069
20.009635,21909,21.904,2504,5193.714645,5.193714645,5247.43833,-0.010238078
20.057044,21959,21.954,2495,5145.9375,5.1459375,5247.43833,-0.01934293
20.107015,22009,22.004,2496,5151.219512,5.151219512,5247.43833,-0.018336341
20.158932,22059,22.054,2510,5225.867508,5.225867508,5247.43833,-0.004110734
20.206991,22109,22.104,2512,5236.639292,5.236639292,5247.43833,-0.002057964
20.257,22159,22.154,2517,5263.688213,5.263688213,5247.43833,0.003096727
20.307037,22209,22.204,2517,5263.688213,5.263688213,5247.43833,0.003096727
20.356983,22259,22.254,2530,5334.824281,5.334824281,5247.43833,0.016653069
20.407022,22309,22.304,2493,5135.393258,5.135393258,5247.43833,-0.021352337
20.467654,22359,22.354,2511,5231.25,5.23125,5247.43833,-0.003084997
20.50697,22409,22.404,2519,5274.555838,5.274555838,5247.43833,0.005167761
20.557009,22459,22.454,2513,5242.035398,5.242035398,5247.43833,-0.001029632
20.606986,22509,22.504,2502,5183.050847,5.183050847,5247.43833,-0.01227027
20.656984,22559,22.554,2511,5231.25,5.23125,5247.43833,-0.003084997
20.707037,22609,22.604,2547,5429.651163,5.429651163,5247.43833,0.034724149
20.756998,22659,22.654,2508,5215.122873,5.215122873,5247.43833,-0.00615833
20.807015,22709,22.704,2493,5135.393258,5.135393258,5247.43833,-0.021352337
20.857008,22759,22.754,2487,5103.91791,5.10391791,5247.43833,-0.027350568
20.907728,22809,22.804,2499,5167.105263,5.167105263,5247.43833,-0.015309006
20.956991,22859,22.854,2508,5215.122873,5.215122873,5247.43833,-0.00615833
21.012871,22909,22.904,2504,5193.714645,5.193714645,5247.43833,-0.010238078
21.057018,22959,22.954,2533,5351.408451,5.351408451,5247.43833,0.0198135
21.106916,23009,23.004,2523,5296.374046,5.296374046,5247.43833,0.009325639
21.156916,23059,23.054,2517,5263.688213,5.263688213,5247.43833,0.003096727
21.20697,23109,23.104,2491,5124.875312,5.124875312,5247.43833,-0.023356733
21.256978,23159,23.154,2506,5204.405286,5.204405286,5247.43833,-0.008200772
21.306971,23209,23.204,2481,5072.67658,5.07267658,5247.43833,-0.033304203
21.362042,23259,23.254,2513,5242.035398,5.242035398,5247.43833,-0.001029632
21.406956,23309,23.304,2507,5209.760705,5.209760705,5247.43833,-0.007180194
21.45694,23359,23.354,2493,5135.393258,5.135393258,5247.43833,-0.021352337
21.506914,23409,23.404,2493,5135.393258,5.135393258,5247.43833,-0.021352337
21.556935,23459,23.454,2479,5062.314356,5.062314356,5247.43833,-0.035278923
21.60699,23509,23.504,2479,5062.314356,5.062314356,5247.43833,-0.035278923
21.665219,23559,23.554,2499,5167.105263,5.167105263,5247.43833,-0.015309006
21.706976,23609,23.604,2521,5285.45108,5.28545108,5247.43833,0.007244058
21.756959,23659,23.654,2533,5351.408451,5.351408451,5247.43833,0.0198135
21.806904,23709,23.704,2532,5345.873321,5.345873321,5247.43833,0.018758675
21.857003,23759,23.754,2515,5252.848101,5.252848101,5247.43833,0.001030936
21.906961,23809,23.804,2487,5103.91791,5.10391791,5247.43833,-0.027350568
21.95695,23859,23.854,2477,5051.97775,5.05197775,5247.43833,-0.037248762
22.013372,23909,23.904,2495,5145.9375,5.1459375,5247.43833,-0.01934293
22.056973,23959,23.954,2494,5140.662086,5.140662086,5247.43833,-0.020348261
22.106962,24009,24.004,2499,5167.105263,5.167105263,5247.43833,-0.015309006
22.15698,24059,24.054,2482,5077.867328,5.077867328,5247.43833,-0.032315006
22.206977,24109,24.104,2470,5016.0,5.016,5247.43833,-0.044105012
22.262742,24159,24.154,2473,5031.381011,5.031381011,5247.43833,-0.041173865
22.307012,24209,24.204,2488,5109.14748,5.10914748,5247.43833,-0.026353973
22.356947,24259,24.254,2484,5088.268156,5.088268156,5247.43833,-0.030332929
22.406951,24309,24.304,2525,5307.324841,5.307324841,5247.43833,0.011412523
22.45694,24359,24.354,2533,5351.408451,5.351408451,5247.43833,0.0198135
22.51557,24409,24.404,2532,5345.873321,5.345873321,5247.43833,0.018758675
22.556966,24459,24.454,2482,5077.867328,5.077867328,5247.43833,-0.032315006
22.606965,24509,24.504,2493,5135.393258,5.135393258,5247.43833,-0.021352337
22.65699,24559,24.554,2482,5077.867328,5.077867328,5247.43833,-0.032315006
22.71323,24609,24.604,2484,5088.268156,5.088268156,5247.43833,-0.030332929
22.756969,24659,24.654,2489,5114.383562,5.114383562,5247.43833,-0.025356138
22.806927,24709,24.704,2478,5057.142857,5.057142857,5247.43833,-0.036264452
22.856903,24759,24.754,2485,5093.478261,5.093478261,5247.43833,-0.029340044
22.906965,24809,24.804,2471,5021.12069,5.02112069,5247.43833,-0.043129166
22.95694,24859,24.854,2496,5151.219512,5.151219512,5247.43833,-0.018336341
23.006979,24909,24.904,2474,5036.520666,5.036520666,5247.43833,-0.040194405
23.063644,24959,24.954,2489,5114.383562,5.114383562,5247.43833,-0.025356138
23.10697,25009,25.004,2495,5145.9375,5.1459375,5247.43833,-0.01934293
23.156978,25059,25.054,2515,5252.848101,5.252848101,5247.43833,0.001030936
23.206997,25109,25.104,2511,5231.25,5.23125,5247.43833,-0.003084997
23.257007,25159,25.154,2479,5062.314356,5.062314356,5247.43833,-0.035278923
23.313562,25209,25.204,2501,5177.728984,5.177728984,5247.43833,-0.013284453
23.356944,25259,25.254,2493,5135.393258,5.135393258,5247.43833,-0.021352337
23.406956,25309,25.304,2487,5103.91791,5.10391791,5247.43833,-0.027350568
23.457385,25359,25.354,2476,5046.819024,5.046819024,5247.43833,-0.038231856
23.506994,25409,25.404,2505,5199.056604,5.199056604,5247.43833,-0.009220066
23.55699,25459,25.454,2501,5177.728984,5.177728984,5247.43833,-0.013284453
23.606997,25509,25.504,2483,5083.064516,5.083064516,5247.43833,-0.031324582
23.656949,25559,25.554,2478,5057.142857,5.057142857,5247.43833,-0.036264452
23.708045,25609,25.604,2470,5016.0,5.016,5247.43833,-0.044105012
23.756952,25659,25.654,2484,5088.268156,5.088268156,5247.43833,-0.030332929
23.813222,25709,25.704,2473,5031.381011,5.031381011,5247.43833,-0.041173865
23.85697,25759,25.754,2496,5151.219512,5.151219512,5247.43833,-0.018336341
23.906971,25809,25.804,2504,5193.714645,5.193714645,5247.43833,-0.010238078
23.95699,25859,25.854,2497,5156.508135,5.156508135,5247.43833,-0.017328492
24.014405,25909,25.904,2502,5183.050847,5.183050847,5247.43833,-0.01227027
24.056958,25959,25.954,2482,5077.867328,5.077867328,5247.43833,-0.032315006
24.107017,26009,26.004,2476,5046.819024,5.046819024,5247.43833,-0.038231856
24.156889,26059,26.054,2487,5103.91791,5.10391791,5247.43833,-0.027350568
24.206987,26109,26.104,2485,5093.478261,5.093478261,5247.43833,-0.029340044
24.256947,26159,26.154,2508,5215.122873,5.215122873,5247.43833,-0.00615833
24.306955,26209,26.204,2495,5145.9375,5.1459375,5247.43833,-0.01934293
24.356971,26259,26.254,2481,5072.67658,5.07267658,5247.43833,-0.033304203
24.413653,26309,26.304,2496,5151.219512,5.151219512,5247.43833,-0.018336341
24.456946,26359,26.354,2483,5083.064516,5.083064516,5247.43833,-0.031324582
24.506986,26409,26.404,2515,5252.848101,5.252848101,5247.43833,0.001030936
24.557363,26459,26.454,2525,5307.324841,5.307324841,5247.43833,0.011412523
24.606961,26509,26.504,2530,5334.824281,5.334824281,5247.43833,0.016653069
24.656971,26559,26.554,2506,5204.405286,5.204405286,5247.43833,-0.008200772
24.708263,26609,26.604,2477,5051.97775,5.05197775,5247.43833,-0.037248762
24.75695,26659,26.654,2491,5124.875312,5.124875312,5247.43833,-0.023356733
24.806986,26709,26.704,2483,5083.064516,5.083064516,5247.43833,-0.031324582
24.856941,26759,26.754,2457,4950.0,4.95,5247.43833,-0.056682578
24.906964,26809,26.804,2478,5057.142857,5.057142857,5247.43833,-0.036264452
24.956953,26859,26.854,2492,5130.131004,5.130131004,5247.43833,-0.02235516
25.017335,26909,26.904,2487,5103.91791,5.10391791,5247.43833,-0.027350568
25.056921,26959,26.954,2493,5135.393258,5.135393258,5247.43833,-0.021352337
25.10695,27009,27.004,2465,4990.490798,4.990490798,5247.43833,-0.04896628
25.157503,27059,27.054,2468,5005.777505,5.005777505,5247.43833,-0.046053104
25.206928,27109,27.104,2484,5088.268156,5.088268156,5247.43833,-0.030332929
25.256946,27159,27.154,2486,5098.694842,5.098694842,5247.43833,-0.028345924
25.308408,27209,27.204,2516,5258.264725,5.258264725,5247.43833,0.002063177
25.356952,27259,27.254,2503,5188.379397,5.188379397,5247.43833,-0.011254812
25.406971,27309,27.304,2495,5145.9375,5.1459375,5247.43833,-0.01934293
25.456965,27359,27.354,2496,5151.219512,5.151219512,5247.43833,-0.018336341
25.515565,27409,27.404,2469,5010.885609,5.010885609,5247.43833,-0.045079657
25.556912,27459,27.454,2476,5046.819024,5.046819024,5247.43833,-0.038231856
25.606922,27509,27.504,2500,5172.413793,5.172413793,5247.43833,-0.014297364
25.657284,27559,27.554,2485,5093.478261,5.093478261,5247.43833,-0.029340044
25.70691,27609,27.604,2486,5098.694842,5.098694842,5247.43833,-0.028345924
25.756963,27659,27.654,2473,5031.381011,5.031381011,5247.43833,-0.041173865
25.807845,27709,27.704,2477,5051.97775,5.05197775,5247.43833,-0.037248762
25.856943,27759,27.754,2475,5041.666667,5.041666667,5247.43833,-0.039213736
25.906922,27809,27.804,2486,5098.694842,5.098694842,5247.43833,-0.028345924
25.956911,27859,27.854,2472,5026.247689,5.026247689,5247.43833,-0.042152118
26.006923,27909,27.904,2501,5177.728984,5.177728984,5247.43833,-0.013284453
26.064062,27959,27.954,2509,5220.491803,5.220491803,5247.43833,-0.005135177
26.106919,28009,28.004,2474,5036.520666,5.036520666,5247.43833,-0.040194405
26.156939,28059,28.054,2528,5323.803446,5.323803446,5247.43833,0.014552837
26.207649,28109,28.104,2474,5036.520666,5.036520666,5247.43833,-0.040194405
26.256966,28159,28.154,2458,4955.039707,4.955039707,5247.43833,-0.055722165
26.306972,28209,28.204,2471,5021.12069,5.02112069,5247.43833,-0.043129166
26.356974,28259,28.254,2500,5172.413793,5.172413793,5247.43833,-0.014297364
26.414115,28309,28.304,2490,5119.626168,5.119626168,5247.43833,-0.024357058
26.456994,28359,28.354,2488,5109.14748,5.10914748,5247.43833,-0.026353973
26.506938,28409,28.404,2477,5051.97775,5.05197775,5247.43833,-0.037248762
26.556946,28459,28.454,2474,5036.520666,5.036520666,5247.43833,-0.040194405
26.606943,28509,28.504,2475,5041.666667,5.041666667,5247.43833,-0.039213736
26.667314,28559,28.554,2484,5088.268156,5.088268156,5247.43833,-0.030332929
26.706919,28609,28.604,2496,5151.219512,5.151219512,5247.43833,-0.018336341
26.756935,28659,28.654,2508,5215.122873,5.215122873,5247.43833,-0.00615833
26.808113,28709,28.704,2474,5036.520666,5.036520666,5247.43833,-0.040194405
26.856942,28759,28.754,2478,5057.142857,5.057142857,5247.43833,-0.036264452
26.906951,28809,28.804,2492,5130.131004,5.130131004,5247.43833,-0.02235516
26.956944,28859,28.854,2469,5010.885609,5.010885609,5247.43833,-0.045079657
27.008564,28909,28.904,2469,5010.885609,5.010885609,5247.43833,-0.045079657
27.056922,28959,28.954,2492,5130.131004,5.130131004,5247.43833,-0.02235516
27.106931,29009,29.004,2485,5093.478261,5.093478261,5247.43833,-0.029340044
27.165433,29059,29.054,2481,5072.67658,5.07267658,5247.43833,-0.033304203
27.206974,29109,29.104,2463,4980.330882,4.980330882,5247.43833,-0.050902446
27.256943,29159,29.154,2481,5072.67658,5.07267658,5247.43833,-0.033304203
27.30699,29209,29.204,2475,5041.666667,5.041666667,5247.43833,-0.039213736
27.364124,29259,29.254,2481,5072.67658,5.07267658,5247.43833,-0.033304203
27.406938,29309,29.304,2494,5140.662086,5.140662086,5247.43833,-0.020348261
27.456901,29359,29.354,2519,5274.555838,5.274555838,5247.43833,0.005167761
27.508573,29409,29.404,2478,5057.142857,5.057142857,5247.43833,-0.036264452
27.556942,29459,29.454,2476,5046.819024,5.046819024,5247.43833,-0.038231856
27.606945,29509,29.504,2483,5083.064516,5.083064516,5247.43833,-0.031324582
27.65696,29559,29.554,2464,4985.407725,4.985407725,5247.43833,-0.049934957
27.715252,29609,29.604,2460,4965.137615,4.965137615,5247.43833,-0.053797815
27.756897,29659,29.654,2480,5067.49226,5.06749226,5247.43833,-0.034292174
27.806942,29709,29.704,2487,5103.91791,5.10391791,5247.43833,-0.027350568
27.858904,29759,29.754,2472,5026.247689,5.026247689,5247.43833,-0.042152118
27.906944,29809,29.804,2464,4985.407725,4.985407725,5247.43833,-0.049934957
27.959265,29859,29.854,2448,4904.918033,4.904918033,5247.43833,-0.065273811
28.006933,29909,29.904,2457,4950.0,4.95,5247.43833,-0.056682578
28.056939,29959,29.954,2472,5026.247689,5.026247689,5247.43833,-0.042152118
28.106936,30009,30.004,2513,5242.035398,5.242035398,5247.43833,-0.001029632
28.156951,30059,30.054,2491,5124.875312,5.124875312,5247.43833,-0.023356733
28.206957,30109,30.104,2482,5077.867328,5.077867328,5247.43833,-0.032315006
28.2661,30159,30.154,2479,5062.314356,5.062314356,5247.43833,-0.035278923
28.306929,30209,30.204,2487,5103.91791,5.10391791,5247.43833,-0.027350568
28.356924,30259,30.254,2462,4975.260257,4.975260257,5247.43833,-0.051868751
28.406869,30309,30.304,2455,4939.939024,4.939939024,5247.43833,-0.058599889
28.456937,30359,30.354,2465,4990.490798,4.990490798,5247.43833,-0.04896628
28.506952,30409,30.404,2490,5119.626168,5.119626168,5247.43833,-0.024357058
28.55693,30459,30.454,2473,5031.381011,5.031381011,5247.43833,-0.041173865
28.606973,30509,30.504,2478,5057.142857,5.057142857,5247.43833,-0.036264452
28.658202,30559,30.554,2450,4914.893617,4.914893617,5247.43833,-0.063372772
28.706933,30609,30.604,2458,4955.039707,4.955039707,5247.43833,-0.055722165
28.756969,30659,30.654,2451,4919.890511,4.919890511,5247.43833,-0.062420518
28.814554,30709,30.704,2480,5067.49226,5.06749226,5247.43833,-0.034292174
28.856959,30759,30.754,2500,5172.413793,5.172413793,5247.43833,-0.014297364
28.906923,30809,30.804,2479,5062.314356,5.062314356,5247.43833,-0.035278923
28.957221,30859,30.854,2473,5031.381011,5.031381011,5247.43833,-0.041173865
29.006932,30909,30.904,2496,5151.219512,5.151219512,5247.43833,-0.018336341
29.056935,30959,30.954,2477,5051.97775,5.05197775,5247.43833,-0.037248762
29.106936,31009,31.004,2445,4890.0,4.89,5247.43833,-0.068116728
29.156979,31059,31.054,2464,4985.407725,4.985407725,5247.43833,-0.049934957
29.208615,31109,31.104,2474,5036.520666,5.036520666,5247.43833,-0.040194405
29.256943,31159,31.154,2463,4980.330882,4.980330882,5247.43833,-0.050902446
29.307003,31209,31.204,2459,4960.085575,4.960085575,5247.43833,-0.054760578
29.365427,31259,31.254,2439,4860.326087,4.860326087,5247.43833,-0.073771661
29.406945,31309,31.304,2468,5005.777505,5.005777505,5247.43833,-0.046053104
29.456899,31359,31.354,2460,4965.137615,4.965137615,5247.43833,-0.053797815
29.508146,31409,31.404,2440,4865.256798,4.865256798,5247.43833,-0.07283202
29.556903,31459,31.454,2487,5103.91791,5.10391791,5247.43833,-0.027350568
29.606939,31509,31.504,2488,5109.14748,5.10914748,5247.43833,-0.026353973
29.656918,31559,31.554,2456,4944.966443,4.944966443,5247.43833,-0.057641818
29.712243,31609,31.604,2487,5103.91791,5.10391791,5247.43833,-0.027350568
29.756925,31659,31.654,2472,5026.247689,5.026247689,5247.43833,-0.042152118
29.806922,31709,31.704,2458,4955.039707,4.955039707,5247.43833,-0.055722165
29.856937,31759,31.754,2464,4985.407725,4.985407725,5247.43833,-0.049934957
29.912138,31809,31.804,2474,5036.520666,5.036520666,5247.43833,-0.040194405
29.956918,31859,31.854,2489,5114.383562,5.114383562,5247.43833,-0.025356138
30.006852,31909,31.904,2461,4970.195838,4.970195838,5247.43833,-0.052833873
30.056926,31959,31.954,2450,4914.893617,4.914893617,5247.43833,-0.063372772
30.106935,32009,32.004,2460,4965.137615,4.965137615,5247.43833,-0.053797815
30.164226,32059,32.054,2496,5151.219512,5.151219512,5247.43833,-0.018336341
30.206952,32109,32.104,2476,5046.819024,5.046819024,5247.43833,-0.038231856
30.256902,32159,32.154,2473,5031.381011,5.031381011,5247.43833,-0.041173865
30.306915,32209,32.204,2500,5172.413793,5.172413793,5247.43833,-0.014297364
30.356958,32259,32.254,2485,5093.478261,5.093478261,5247.43833,-0.029340044
30.407818,32309,32.304,2472,5026.247689,5.026247689,5247.43833,-0.042152118
30.456955,32359,32.354,2472,5026.247689,5.026247689,5247.43833,-0.042152118
30.506921,32409,32.404,2446,4894.966646,4.894966646,5247.43833,-0.067170238
30.564427,32459,32.454,2452,4924.893488,4.924893488,5247.43833,-0.061467105
30.606917,32509,32.504,2462,4975.260257,4.975260257,5247.43833,-0.051868751
30.656967,32559,32.554,2479,5062.314356,5.062314356,5247.43833,-0.035278923
30.706867,32609,32.604,2472,5026.247689,5.026247689,5247.43833,-0.042152118
30.756938,32659,32.654,2455,4939.939024,4.939939024,5247.43833,-0.058599889
30.806967,32709,32.704,2452,4924.893488,4.924893488,5247.43833,-0.061467105
30.856855,32759,32.754,2469,5010.885609,5.010885609,5247.43833,-0.045079657
30.906882,32809,32.804,2462,4975.260257,4.975260257,5247.43833,-0.051868751
30.956949,32859,32.854,2484,5088.268156,5.088268156,5247.43833,-0.030332929
31.006916,32909,32.904,2511,5231.25,5.23125,5247.43833,-0.003084997
31.056913,32959,32.954,2482,5077.867328,5.077867328,5247.43833,-0.032315006
31.106982,33009,33.004,2470,5016.0,5.016,5247.43833,-0.044105012
31.157613,33059,33.054,2471,5021.12069,5.02112069,5247.43833,-0.043129166
31.206877,33109,33.104,2457,4950.0,4.95,5247.43833,-0.056682578
31.256947,33159,33.154,2453,4929.902558,4.929902558,5247.43833,-0.060512531
31.314701,33209,33.204,2478,5057.142857,5.057142857,5247.43833,-0.036264452
31.356956,33259,33.254,2478,5057.142857,5.057142857,5247.43833,-0.036264452
31.432642,33309,33.304,2472,5026.247689,5.026247689,5247.43833,-0.042152118
31.456936,33359,33.354,2461,4970.195838,4.970195838,5247.43833,-0.052833873
31.506907,33409,33.404,2445,4890.0,4.89,5247.43833,-0.068116728
31.556934,33459,33.454,2438,4855.401328,4.855401328,5247.43833,-0.074710169
31.606951,33509,33.504,2454,4934.917733,4.934917733,5247.43833,-0.059556793
31.656948,33559,33.554,2467,5000.675676,5.000675676,5247.43833,-0.047025356
31.706925,33609,33.604,2487,5103.91791,5.10391791,5247.43833,-0.027350568
31.756969,33659,33.654,2500,5172.413793,5.172413793,5247.43833,-0.014297364
31.814257,33709,33.704,2459,4960.085575,4.960085575,5247.43833,-0.054760578
31.856933,33759,33.754,2480,5067.49226,5.06749226,5247.43833,-0.034292174
31.906949,33809,33.804,2457,4950.0,4.95,5247.43833,-0.056682578
31.956837,33859,33.854,2451,4919.890511,4.919890511,5247.43833,-0.062420518
32.006897,33909,33.904,2473,5031.381011,5.031381011,5247.43833,-0.041173865
32.056939,33959,33.954,2464,4985.407725,4.985407725,5247.43833,-0.049934957
32.106976,34009,34.004,2471,5021.12069,5.02112069,5247.43833,-0.043129166
32.156947,34059,34.054,2472,5026.247689,5.026247689,5247.43833,-0.042152118
32.206913,34109,34.104,2447,4899.93932,4.89993932,5247.43833,-0.0662226
32.265626,34159,34.154,2459,4960.085575,4.960085575,5247.43833,-0.054760578
32.306932,34209,34.204,2447,4899.93932,4.89993932,5247.43833,-0.0662226
32.356899,34259,34.254,2463,4980.330882,4.980330882,5247.43833,-0.050902446
32.406913,34309,34.304,2484,5088.268156,5.088268156,5247.43833,-0.030332929
32.456916,34359,34.354,2498,5161.803381,5.161803381,5247.43833,-0.016319382
32.508189,34409,34.404,2475,5041.666667,5.041666667,5247.43833,-0.039213736
32.55694,34459,34.454,2490,5119.626168,5.119626168,5247.43833,-0.024357058
32.606827,34509,34.504,2463,4980.330882,4.980330882,5247.43833,-0.050902446
32.656891,34559,34.554,2459,4960.085575,4.960085575,5247.43833,-0.054760578
32.706883,34609,34.604,2455,4939.939024,4.939939024,5247.43833,-0.058599889
32.756902,34659,34.654,2468,5005.777505,5.005777505,5247.43833,-0.046053104
32.806934,34709,34.704,2471,5021.12069,5.02112069,5247.43833,-0.043129166
32.864361,34759,34.754,2457,4950.0,4.95,5247.43833,-0.056682578
32.906892,34809,34.804,2443,4880.084746,4.880084746,5247.43833,-0.07000627
32.956964,34859,34.854,2470,5016.0,5.016,5247.43833,-0.044105012
33.025173,34909,34.904,2447,4899.93932,4.89993932,5247.43833,-0.0662226
33.05698,34959,34.954,2471,5021.12069,5.02112069,5247.43833,-0.043129166
33.10688,35009,35.004,2457,4950.0,4.95,5247.43833,-0.056682578
33.156866,35059,35.054,2507,5209.760705,5.209760705,5247.43833,-0.007180194
33.206809,35109,35.104,2464,4985.407725,4.985407725,5247.43833,-0.049934957
33.25694,35159,35.154,2475,5041.666667,5.041666667,5247.43833,-0.039213736
33.316553,35209,35.204,2467,5000.675676,5.000675676,5247.43833,-0.047025356
33.356902,35259,35.254,2451,4919.890511,4.919890511,5247.43833,-0.062420518
33.406925,35309,35.304,2455,4939.939024,4.939939024,5247.43833,-0.058599889
33.458416,35359,35.354,2470,5016.0,5.016,5247.43833,-0.044105012
33.506908,35409,35.404,2435,4840.662651,4.840662651,5247.43833,-0.077518906
33.556895,35459,35.454,2451,4919.890511,4.919890511,5247.43833,-0.062420518
33.608165,35509,35.504,2446,4894.966646,4.894966646,5247.43833,-0.067170238
33.656925,35559,35.554,2443,4880.084746,4.880084746,5247.43833,-0.07000627
33.706903,35609,35.604,2464,4985.407725,4.985407725,5247.43833,-0.049934957
33.756927,35659,35.654,2454,4934.917733,4.934917733,5247.43833,-0.059556793
33.80754,35709,35.704,2485,5093.478261,5.093478261,5247.43833,-0.029340044
33.856951,35759,35.754,2498,5161.803381,5.161803381,5247.43833,-0.016319382
33.914351,35809,35.804,2478,5057.142857,5.057142857,5247.43833,-0.036264452
33.956929,35859,35.854,2466,4995.58011,4.99558011,5247.43833,-0.047996413
34.007447,35909,35.904,2473,5031.381011,5.031381011,5247.43833,-0.041173865
34.056895,35959,35.954,2448,4904.918033,4.904918033,5247.43833,-0.065273811
34.106928,36009,36.004,2449,4909.902795,4.909902795,5247.43833,-0.064323869
34.158309,36059,36.054,2474,5036.520666,5.036520666,5247.43833,-0.040194405
34.206953,36109,36.104,2474,5036.520666,5.036520666,5247.43833,-0.040194405
34.256925,36159,36.154,2453,4929.902558,4.929902558,5247.43833,-0.060512531
34.306882,36209,36.204,2440,4865.256798,4.865256798,5247.43833,-0.07283202
34.356973,36259,36.254,2453,4929.902558,4.929902558,5247.43833,-0.060512531
34.417059,36309,36.304,2441,4870.19347,4.87019347,5247.43833,-0.071891242
34.456914,36359,36.354,2449,4909.902795,4.909902795,5247.43833,-0.064323869
34.506925,36409,36.404,2478,5057.142857,5.057142857,5247.43833,-0.036264452
34.557905,36459,36.454,2492,5130.131004,5.130131004,5247.43833,-0.02235516
34.606925,36509,36.504,2507,5209.760705,5.209760705,5247.43833,-0.007180194
34.656916,36559,36.554,2448,4904.918033,4.904918033,5247.43833,-0.065273811
34.707961,36609,36.604,2480,5067.49226,5.06749226,5247.43833,-0.034292174
34.756926,36659,36.654,2462,4975.260257,4.975260257,5247.43833,-0.051868751
34.806928,36709,36.704,2465,4990.490798,4.990490798,5247.43833,-0.04896628
34.856918,36759,36.754,2456,4944.966443,4.944966443,5247.43833,-0.057641818
34.906899,36809,36.804,2467,5000.675676,5.000675676,5247.43833,-0.047025356
34.966728,36859,36.854,2462,4975.260257,4.975260257,5247.43833,-0.051868751
35.006895,36909,36.904,2452,4924.893488,4.924893488,5247.43833,-0.061467105
35.057804,36959,36.954,2441,4870.19347,4.87019347,5247.43833,-0.071891242
35.106909,37009,37.004,2445,4890.0,4.89,5247.43833,-0.068116728
35.156913,37059,37.054,2432,4825.97715,4.82597715,5247.43833,-0.08031751
35.207926,37109,37.104,2457,4950.0,4.95,5247.43833,-0.056682578
35.256937,37159,37.154,2470,5016.0,5.016,5247.43833,-0.044105012
35.306942,37209,37.204,2482,5077.867328,5.077867328,5247.43833,-0.032315006
35.35689,37259,37.254,2464,4985.407725,4.985407725,5247.43833,-0.049934957
35.406899,37309,37.304,2490,5119.626168,5.119626168,5247.43833,-0.024357058
35.459689,37359,37.354,2461,4970.195838,4.970195838,5247.43833,-0.052833873
35.506923,37409,37.404,2461,4970.195838,4.970195838,5247.43833,-0.052833873
35.565495,37459,37.454,2453,4929.902558,4.929902558,5247.43833,-0.060512531
35.606887,37509,37.504,2478,5057.142857,5.057142857,5247.43833,-0.036264452
35.65689,37559,37.554,2471,5021.12069,5.02112069,5247.43833,-0.043129166
35.707762,37609,37.604,2450,4914.893617,4.914893617,5247.43833,-0.063372772
35.756901,37659,37.654,2449,4909.902795,4.909902795,5247.43833,-0.064323869
35.807414,37709,37.704,2448,4904.918033,4.904918033,5247.43833,-0.065273811
35.856896,37759,37.754,2440,4865.256798,4.865256798,5247.43833,-0.07283202
35.906916,37809,37.804,2458,4955.039707,4.955039707,5247.43833,-0.055722165
35.958304,37859,37.854,2461,4970.195838,4.970195838,5247.43833,-0.052833873
36.006909,37909,37.904,2493,5135.393258,5.135393258,5247.43833,-0.021352337
36.05688,37959,37.954,2459,4960.085575,4.960085575,5247.43833,-0.054760578
36.10691,38009,38.004,2467,5000.675676,5.000675676,5247.43833,-0.047025356
36.156906,38059,38.054,2467,5000.675676,5.000675676,5247.43833,-0.047025356
36.216439,38109,38.104,2441,4870.19347,4.87019347,5247.43833,-0.071891242
36.256891,38159,38.154,2447,4899.93932,4.89993932,5247.43833,-0.0662226
36.306876,38209,38.204,2467,5000.675676,5.000675676,5247.43833,-0.047025356
36.356898,38259,38.254,2462,4975.260257,4.975260257,5247.43833,-0.051868751
36.406878,38309,38.304,2461,4970.195838,4.970195838,5247.43833,-0.052833873
36.456965,38359,38.354,2436,4845.56962,4.84556962,5247.43833,-0.076583789
36.506914,38409,38.404,2466,4995.58011,4.99558011,5247.43833,-0.047996413
36.557847,38459,38.454,2451,4919.890511,4.919890511,5247.43833,-0.062420518
36.606899,38509,38.504,2451,4919.890511,4.919890511,5247.43833,-0.062420518
36.656912,38559,38.554,2481,5072.67658,5.07267658,5247.43833,-0.033304203
36.715266,38609,38.604,2501,5177.728984,5.177728984,5247.43833,-0.013284453
36.756888,38659,38.654,2480,5067.49226,5.06749226,5247.43833,-0.034292174
36.806898,38709,38.704,2460,4965.137615,4.965137615,5247.43833,-0.053797815
36.858665,38759,38.754,2462,4975.260257,4.975260257,5247.43833,-0.051868751
36.906864,38809,38.804,2443,4880.084746,4.880084746,5247.43833,-0.07000627
36.95689,38859,38.854,2463,4980.330882,4.980330882,5247.43833,-0.050902446
37.009152,38909,38.904,2484,5088.268156,5.088268156,5247.43833,-0.030332929
37.056893,38959,38.954,2488,5109.14748,5.10914748,5247.43833,-0.026353973
37.106888,39009,39.004,2461,4970.195838,4.970195838,5247.43833,-0.052833873
37.156892,39059,39.054,2444,4885.03937,4.88503937,5247.43833,-0.069062071
37.2069,39109,39.104,2445,4890.0,4.89,5247.43833,-0.068116728
37.264389,39159,39.154,2443,4880.084746,4.880084746,5247.43833,-0.07000627
37.306893,39209,39.204,2446,4894.966646,4.894966646,5247.43833,-0.067170238
37.356877,39259,39.254,2481,5072.67658,5.07267658,5247.43833,-0.033304203
37.407793,39309,39.304,2489,5114.383562,5.114383562,5247.43833,-0.025356138
37.45688,39359,39.354,2473,5031.381011,5.031381011,5247.43833,-0.041173865
37.507172,39409,39.404,2445,4890.0,4.89,5247.43833,-0.068116728
37.556884,39459,39.454,2454,4934.917733,4.934917733,5247.43833,-0.059556793
37.607419,39509,39.504,2440,4865.256798,4.865256798,5247.43833,-0.07283202
37.656878,39559,39.554,2465,4990.490798,4.990490798,5247.43833,-0.04896628
37.706853,39609,39.604,2460,4965.137615,4.965137615,5247.43833,-0.053797815
37.756894,39659,39.654,2478,5057.142857,5.057142857,5247.43833,-0.036264452
37.806906,39709,39.704,2444,4885.03937,4.88503937,5247.43833,-0.069062071
37.865745,39759,39.754,2445,4890.0,4.89,5247.43833,-0.068116728
37.906902,39809,39.804,2429,4811.344538,4.811344538,5247.43833,-0.083106035
37.9569,39859,39.854,2446,4894.966646,4.894966646,5247.43833,-0.067170238
38.006919,39909,39.904,2458,4955.039707,4.955039707,5247.43833,-0.055722165
38.065992,39959,39.954,2466,4995.58011,4.99558011,5247.43833,-0.047996413
38.106888,40009,40.004,2473,5031.381011,5.031381011,5247.43833,-0.041173865
38.156932,40059,40.054,2480,5067.49226,5.06749226,5247.43833,-0.034292174
38.209897,40109,40.104,2438,4855.401328,4.855401328,5247.43833,-0.074710169
38.256898,40159,40.154,2470,5016.0,5.016,5247.43833,-0.044105012
38.306904,40209,40.204,2448,4904.918033,4.904918033,5247.43833,-0.065273811
38.356894,40259,40.254,2465,4990.490798,4.990490798,5247.43833,-0.04896628
38.40688,40309,40.304,2464,4985.407725,4.985407725,5247.43833,-0.049934957
38.456922,40359,40.354,2464,4985.407725,4.985407725,5247.43833,-0.049934957
38.518641,40409,40.404,2481,5072.67658,5.07267658,5247.43833,-0.033304203
38.556901,40459,40.454,2453,4929.902558,4.929902558,5247.43833,-0.060512531
38.606898,40509,40.504,2448,4904.918033,4.904918033,5247.43833,-0.065273811
38.659583,40559,40.554,2447,4899.93932,4.89993932,5247.43833,-0.0662226
38.706914,40609,40.604,2443,4880.084746,4.880084746,5247.43833,-0.07000627
38.759019,40659,40.654,2465,4990.490798,4.990490798,5247.43833,-0.04896628
38.806909,40709,40.704,2477,5051.97775,5.05197775,5247.43833,-0.037248762
38.856887,40759,40.754,2503,5188.379397,5.188379397,5247.43833,-0.011254812
38.906898,40809,40.804,2459,4960.085575,4.960085575,5247.43833,-0.054760578
38.956916,40859,40.854,2475,5041.666667,5.041666667,5247.43833,-0.039213736
39.019147,40909,40.904,2451,4919.890511,4.919890511,5247.43833,-0.062420518
39.056881,40959,40.954,2452,4924.893488,4.924893488,5247.43833,-0.061467105
39.106897,41009,41.004,2448,4904.918033,4.904918033,5247.43833,-0.065273811
39.15933,41059,41.054,2478,5057.142857,5.057142857,5247.43833,-0.036264452
39.206908,41109,41.104,2478,5057.142857,5.057142857,5247.43833,-0.036264452
39.258315,41159,41.154,2467,5000.675676,5.000675676,5247.43833,-0.047025356
39.306923,41209,41.204,2442,4875.136116,4.875136116,5247.43833,-0.070949326
39.356891,41259,41.254,2441,4870.19347,4.87019347,5247.43833,-0.071891242
39.406885,41309,41.304,2429,4811.344538,4.811344538,5247.43833,-0.083106035
39.456893,41359,41.354,2449,4909.902795,4.909902795,5247.43833,-0.064323869
39.518376,41409,41.404,2458,4955.039707,4.955039707,5247.43833,-0.055722165
39.556874,41459,41.454,2505,5199.056604,5.199056604,5247.43833,-0.009220066
39.606914,41509,41.504,2461,4970.195838,4.970195838,5247.43833,-0.052833873
39.66028,41559,41.554,2442,4875.136116,4.875136116,5247.43833,-0.070949326
39.706883,41609,41.604,2435,4840.662651,4.840662651,5247.43833,-0.077518906
39.756896,41659,41.654,2449,4909.902795,4.909902795,5247.43833,-0.064323869
39.810312,41709,41.704,2455,4939.939024,4.939939024,5247.43833,-0.058599889
39.856874,41759,41.754,2473,5031.381011,5.031381011,5247.43833,-0.041173865
39.906839,41809,41.804,2454,4934.917733,4.934917733,5247.43833,-0.059556793
39.956896,41859,41.854,2479,5062.314356,5.062314356,5247.43833,-0.035278923
40.006888,41909,41.904,2444,4885.03937,4.88503937,5247.43833,-0.069062071
40.066373,41959,41.954,2451,4919.890511,4.919890511,5247.43833,-0.062420518
40.106808,42009,42.004,2450,4914.893617,4.914893617,5247.43833,-0.063372772
40.15686,42059,42.054,2430,4816.216216,4.816216216,5247.43833,-0.082177643
40.209997,42109,42.104,2475,5041.666667,5.041666667,5247.43833,-0.039213736
40.25683,42159,42.154,2496,5151.219512,5.151219512,5247.43833,-0.018336341
40.306904,42209,42.204,2452,4924.893488,4.924893488,5247.43833,-0.061467105
40.360331,42259,42.254,2429,4811.344538,4.811344538,5247.43833,-0.083106035
40.40688,42309,42.304,2440,4865.256798,4.865256798,5247.43833,-0.07283202
40.456869,42359,42.354,2455,4939.939024,4.939939024,5247.43833,-0.058599889
40.5069,42409,42.404,2458,4955.039707,4.955039707,5247.43833,-0.055722165
40.556872,42459,42.454,2459,4960.085575,4.960085575,5247.43833,-0.054760578
40.616923,42509,42.504,2455,4939.939024,4.939939024,5247.43833,-0.058599889
40.656912,42559,42.554,2480,5067.49226,5.06749226,5247.43833,-0.034292174
40.709414,42609,42.604,2449,4909.902795,4.909902795,5247.43833,-0.064323869
40.756895,42659,42.654,2436,4845.56962,4.84556962,5247.43833,-0.076583789
40.806859,42709,42.704,2426,4796.76453,4.79676453,5247.43833,-0.085884535
40.860526,42759,42.754,2441,4870.19347,4.87019347,5247.43833,-0.071891242
40.906878,42809,42.804,2448,4904.918033,4.904918033,5247.43833,-0.065273811
40.956879,42859,42.854,2487,5103.91791,5.10391791,5247.43833,-0.027350568
41.00687,42909,42.904,2495,5145.9375,5.1459375,5247.43833,-0.01934293
41.066801,42959,42.954,2456,4944.966443,4.944966443,5247.43833,-0.057641818
41.106888,43009,43.004,2443,4880.084746,4.880084746,5247.43833,-0.07000627
41.159445,43059,43.054,2433,4830.866426,4.830866426,5247.43833,-0.079385765
41.206904,43109,43.104,2447,4899.93932,4.89993932,5247.43833,-0.0662226
41.258846,43159,43.154,2478,5057.142857,5.057142857,5247.43833,-0.036264452
41.306836,43209,43.204,2445,4890.0,4.89,5247.43833,-0.068116728
41.356873,43259,43.254,2475,5041.666667,5.041666667,5247.43833,-0.039213736
41.409947,43309,43.304,2433,4830.866426,4.830866426,5247.43833,-0.079385765
41.456919,43359,43.354,2430,4816.216216,4.816216216,5247.43833,-0.082177643
41.506875,43409,43.404,2436,4845.56962,4.84556962,5247.43833,-0.076583789
41.556884,43459,43.454,2429,4811.344538,4.811344538,5247.43833,-0.083106035
41.606844,43509,43.504,2449,4909.902795,4.909902795,5247.43833,-0.064323869
41.661235,43559,43.554,2482,5077.867328,5.077867328,5247.43833,-0.032315006
41.706891,43609,43.604,2497,5156.508135,5.156508135,5247.43833,-0.017328492
41.766676,43659,43.654,2452,4924.893488,4.924893488,5247.43833,-0.061467105
41.806889,43709,43.704,2439,4860.326087,4.860326087,5247.43833,-0.073771661
41.859364,43759,43.754,2422,4777.405858,4.777405858,5247.43833,-0.089573701
41.906917,43809,43.804,2431,4821.09375,4.82109375,5247.43833,-0.081248135
41.959259,43859,43.854,2469,5010.885609,5.010885609,5247.43833,-0.045079657
42.006852,43909,43.904,2467,5000.675676,5.000675676,5247.43833,-0.047025356
42.056867,43959,43.954,2449,4909.902795,4.909902795,5247.43833,-0.064323869
42.106886,44009,44.004,2446,4894.966646,4.894966646,5247.43833,-0.067170238
42.156862,44059,44.054,2432,4825.97715,4.82597715,5247.43833,-0.08031751
42.206861,44109,44.104,2432,4825.97715,4.82597715,5247.43833,-0.08031751
42.268492,44159,44.154,2440,4865.256798,4.865256798,5247.43833,-0.07283202
42.306872,44209,44.204,2457,4950.0,4.95,5247.43833,-0.056682578
42.358942,44259,44.254,2468,5005.777505,5.005777505,5247.43833,-0.046053104
42.406877,44309,44.304,2502,5183.050847,5.183050847,5247.43833,-0.01227027
42.459097,44359,44.354,2489,5114.383562,5.114383562,5247.43833,-0.025356138
42.506864,44409,44.404,2450,4914.893617,4.914893617,5247.43833,-0.063372772
42.560061,44459,44.454,2427,4801.618705,4.801618705,5247.43833,-0.084959479
42.606867,44509,44.504,2427,4801.618705,4.801618705,5247.43833,-0.084959479
42.656878,44559,44.554,2467,5000.675676,5.000675676,5247.43833,-0.047025356
42.706849,44609,44.604,2457,4950.0,4.95,5247.43833,-0.056682578
42.756876,44659,44.654,2463,4980.330882,4.980330882,5247.43833,-0.050902446
42.817584,44709,44.704,2462,4975.260257,4.975260257,5247.43833,-0.051868751
42.856856,44759,44.754,2454,4934.917733,4.934917733,5247.43833,-0.059556793
42.90685,44809,44.804,2453,4929.902558,4.929902558,5247.43833,-0.060512531
42.960437,44859,44.854,2442,4875.136116,4.875136116,5247.43833,-0.070949326
43.006859,44909,44.904,2423,4782.236842,4.782236842,5247.43833,-0.088653064
43.059757,44959,44.954,2481,5072.67658,5.07267658,5247.43833,-0.033304203
43.106824,45009,45.004,2488,5109.14748,5.10914748,5247.43833,-0.026353973
43.156869,45059,45.054,2478,5057.142857,5.057142857,5247.43833,-0.036264452
43.206874,45109,45.104,2436,4845.56962,4.84556962,5247.43833,-0.076583789
43.25684,45159,45.154,2446,4894.966646,4.894966646,5247.43833,-0.067170238
43.306866,45209,45.204,2436,4845.56962,4.84556962,5247.43833,-0.076583789
43.366392,45259,45.254,2451,4919.890511,4.919890511,5247.43833,-0.062420518
43.406856,45309,45.304,2449,4909.902795,4.909902795,5247.43833,-0.064323869
43.456845,45359,45.354,2444,4885.03937,4.88503937,5247.43833,-0.069062071
43.508347,45409,45.404,2448,4904.918033,4.904918033,5247.43833,-0.065273811
43.556863,45459,45.454,2442,4875.136116,4.875136116,5247.43833,-0.070949326
43.607128,45509,45.504,2436,4845.56962,4.84556962,5247.43833,-0.076583789
43.656833,45559,45.554,2449,4909.902795,4.909902795,5247.43833,-0.064323869
43.706866,45609,45.604,2448,4904.918033,4.904918033,5247.43833,-0.065273811
43.756863,45659,45.654,2460,4965.137615,4.965137615,5247.43833,-0.053797815
43.806853,45709,45.704,2492,5130.131004,5.130131004,5247.43833,-0.02235516
43.856909,45759,45.754,2496,5151.219512,5.151219512,5247.43833,-0.018336341
43.918402,45809,45.804,2466,4995.58011,4.99558011,5247.43833,-0.047996413
43.956828,45859,45.854,2455,4939.939024,4.939939024,5247.43833,-0.058599889
44.010023,45909,45.904,2448,4904.918033,4.904918033,5247.43833,-0.065273811
44.056837,45959,45.954,2452,4924.893488,4.924893488,5247.43833,-0.061467105
44.10688,46009,46.004,2453,4929.902558,4.929902558,5247.43833,-0.060512531
44.157972,46059,46.054,2473,5031.381011,5.031381011,5247.43833,-0.041173865
44.206819,46109,46.104,2463,4980.330882,4.980330882,5247.43833,-0.050902446
44.256828,46159,46.154,2455,4939.939024,4.939939024,5247.43833,-0.058599889
44.306803,46209,46.204,2437,4850.482509,4.850482509,5247.43833,-0.075647544
44.356871,46259,46.254,2445,4890.0,4.89,5247.43833,-0.068116728
44.4133,46309,46.304,2446,4894.966646,4.894966646,5247.43833,-0.067170238
44.45686,46359,46.354,2434,4835.761589,4.835761589,5247.43833,-0.078452897
44.506908,46409,46.404,2479,5062.314356,5.062314356,5247.43833,-0.035278923
44.558259,46459,46.454,2503,5188.379397,5.188379397,5247.43833,-0.011254812
44.606859,46509,46.504,2462,4975.260257,4.975260257,5247.43833,-0.051868751
44.656856,46559,46.554,2456,4944.966443,4.944966443,5247.43833,-0.057641818
44.708363,46609,46.604,2436,4845.56962,4.84556962,5247.43833,-0.076583789
44.756866,46659,46.654,2448,4904.918033,4.904918033,5247.43833,-0.065273811
44.807398,46709,46.704,2453,4929.902558,4.929902558,5247.43833,-0.060512531
44.856879,46759,46.754,2464,4985.407725,4.985407725,5247.43833,-0.049934957
44.906835,46809,46.804,2461,4970.195838,4.970195838,5247.43833,-0.052833873
44.956811,46859,46.854,2457,4950.0,4.95,5247.43833,-0.056682578
45.006842,46909,46.904,2435,4840.662651,4.840662651,5247.43833,-0.077518906
45.066028,46959,46.954,2443,4880.084746,4.880084746,5247.43833,-0.07000627
45.106837,47009,47.004,2433,4830.866426,4.830866426,5247.43833,-0.079385765
45.15685,47059,47.054,2449,4909.902795,4.909902795,5247.43833,-0.064323869
45.208029,47109,47.104,2474,5036.520666,5.036520666,5247.43833,-0.040194405
45.25686,47159,47.154,2481,5072.67658,5.07267658,5247.43833,-0.033304203
45.307135,47209,47.204,2429,4811.344538,4.811344538,5247.43833,-0.083106035
45.356849,47259,47.254,2445,4890.0,4.89,5247.43833,-0.068116728
45.406892,47309,47.304,2422,4777.405858,4.777405858,5247.43833,-0.089573701
45.456876,47359,47.354,2437,4850.482509,4.850482509,5247.43833,-0.075647544
45.506841,47409,47.404,2441,4870.19347,4.87019347,5247.43833,-0.071891242
45.556872,47459,47.454,2461,4970.195838,4.970195838,5247.43833,-0.052833873
45.617109,47509,47.504,2457,4950.0,4.95,5247.43833,-0.056682578
45.656817,47559,47.554,2438,4855.401328,4.855401328,5247.43833,-0.074710169
45.706873,47609,47.604,2434,4835.761589,4.835761589,5247.43833,-0.078452897
45.758077,47659,47.654,2442,4875.136116,4.875136116,5247.43833,-0.070949326
45.806883,47709,47.704,2446,4894.966646,4.894966646,5247.43833,-0.067170238
45.858006,47759,47.754,2441,4870.19347,4.87019347,5247.43833,-0.071891242
45.906835,47809,47.804,2474,5036.520666,5.036520666,5247.43833,-0.040194405
45.956915,47859,47.854,2507,5209.760705,5.209760705,5247.43833,-0.007180194
46.00687,47909,47.904,2478,5057.142857,5.057142857,5247.43833,-0.036264452
46.056851,47959,47.954,2454,4934.917733,4.934917733,5247.43833,-0.059556793
46.106864,48009,48.004,2430,4816.216216,4.816216216,5247.43833,-0.082177643
46.166469,48059,48.054,2439,4860.326087,4.860326087,5247.43833,-0.073771661
46.206871,48109,48.104,2446,4894.966646,4.894966646,5247.43833,-0.067170238
46.257424,48159,48.154,2459,4960.085575,4.960085575,5247.43833,-0.054760578
46.306858,48209,48.204,2453,4929.902558,4.929902558,5247.43833,-0.060512531
46.35685,48259,48.254,2453,4929.902558,4.929902558,5247.43833,-0.060512531
46.40772,48309,48.304,2430,4816.216216,4.816216216,5247.43833,-0.082177643
46.456841,48359,48.354,2437,4850.482509,4.850482509,5247.43833,-0.075647544
46.506882,48409,48.404,2428,4806.478704,4.806478704,5247.43833,-0.084033313
46.556851,48459,48.454,2434,4835.761589,4.835761589,5247.43833,-0.078452897
46.606855,48509,48.504,2461,4970.195838,4.970195838,5247.43833,-0.052833873
46.656822,48559,48.554,2493,5135.393258,5.135393258,5247.43833,-0.021352337
46.716528,48609,48.604,2500,5172.413793,5.172413793,5247.43833,-0.014297364
46.756864,48659,48.654,2456,4944.966443,4.944966443,5247.43833,-0.057641818
46.806856,48709,48.704,2441,4870.19347,4.87019347,5247.43833,-0.071891242
46.856828,48759,48.754,2440,4865.256798,4.865256798,5247.43833,-0.07283202
46.906887,48809,48.804,2445,4890.0,4.89,5247.43833,-0.068116728
46.966488,48859,48.854,2455,4939.939024,4.939939024,5247.43833,-0.058599889
47.006895,48909,48.904,2459,4960.085575,4.960085575,5247.43833,-0.054760578
47.058197,48959,48.954,2449,4909.902795,4.909902795,5247.43833,-0.064323869
47.106844,49009,49.004,2439,4860.326087,4.860326087,5247.43833,-0.073771661
47.156817,49059,49.054,2433,4830.866426,4.830866426,5247.43833,-0.079385765
47.20683,49109,49.104,2424,4787.073609,4.787073609,5247.43833,-0.087731326
47.256864,49159,49.154,2445,4890.0,4.89,5247.43833,-0.068116728
47.314916,49209,49.204,2445,4890.0,4.89,5247.43833,-0.068116728
47.356855,49259,49.254,2483,5083.064516,5.083064516,5247.43833,-0.031324582
47.40684,49309,49.304,2482,5077.867328,5.077867328,5247.43833,-0.032315006
47.457772,49359,49.354,2461,4970.195838,4.970195838,5247.43833,-0.052833873
47.506857,49409,49.404,2430,4816.216216,4.816216216,5247.43833,-0.082177643
47.557433,49459,49.454,2434,4835.761589,4.835761589,5247.43833,-0.078452897
47.606831,49509,49.504,2438,4855.401328,4.855401328,5247.43833,-0.074710169
47.656853,49559,49.554,2449,4909.902795,4.909902795,5247.43833,-0.064323869
47.706819,49609,49.604,2470,5016.0,5.016,5247.43833,-0.044105012
47.756837,49659,49.654,2452,4924.893488,4.924893488,5247.43833,-0.061467105
47.814924,49709,49.704,2453,4929.902558,4.929902558,5247.43833,-0.060512531
47.856872,49759,49.754,2434,4835.761589,4.835761589,5247.43833,-0.078452897
47.907601,49809,49.804,2433,4830.866426,4.830866426,5247.43833,-0.079385765
47.956764,49859,49.854,2423,4782.236842,4.782236842,5247.43833,-0.088653064
48.006848,49909,49.904,2439,4860.326087,4.860326087,5247.43833,-0.073771661
48.058266,49959,49.954,2474,5036.520666,5.036520666,5247.43833,-0.040194405
48.106854,50009,50.004,2478,5057.142857,5.057142857,5247.43833,-0.036264452
48.156834,50059,50.054,2449,4909.902795,4.909902795,5247.43833,-0.064323869
48.209335,50109,50.104,2474,5036.520666,5.036520666,5247.43833,-0.040194405
48.256819,50159,50.154,2431,4821.09375,4.82109375,5247.43833,-0.081248135
48.306888,50209,50.204,2437,4850.482509,4.850482509,5247.43833,-0.075647544
48.356847,50259,50.254,2451,4919.890511,4.919890511,5247.43833,-0.062420518
48.406905,50309,50.304,2456,4944.966443,4.944966443,5247.43833,-0.057641818
48.466089,50359,50.354,2454,4934.917733,4.934917733,5247.43833,-0.059556793
48.506846,50409,50.404,2446,4894.966646,4.894966646,5247.43833,-0.067170238
48.556851,50459,50.454,2428,4806.478704,4.806478704,5247.43833,-0.084033313
48.609566,50509,50.504,2445,4890.0,4.89,5247.43833,-0.068116728
48.656843,50559,50.554,2435,4840.662651,4.840662651,5247.43833,-0.077518906
48.706891,50609,50.604,2427,4801.618705,4.801618705,5247.43833,-0.084959479
48.759452,50659,50.654,2468,5005.777505,5.005777505,5247.43833,-0.046053104
48.806821,50709,50.704,2498,5161.803381,5.161803381,5247.43833,-0.016319382
48.85688,50759,50.754,2469,5010.885609,5.010885609,5247.43833,-0.045079657
48.906842,50809,50.804,2455,4939.939024,4.939939024,5247.43833,-0.058599889
48.956841,50859,50.854,2433,4830.866426,4.830866426,5247.43833,-0.079385765
49.017012,50909,50.904,2435,4840.662651,4.840662651,5247.43833,-0.077518906
49.056842,50959,50.954,2446,4894.966646,4.894966646,5247.43833,-0.067170238
49.106844,51009,51.004,2448,4904.918033,4.904918033,5247.43833,-0.065273811
49.159702,51059,51.054,2460,4965.137615,4.965137615,5247.43833,-0.053797815
49.206851,51109,51.104,2478,5057.142857,5.057142857,5247.43833,-0.036264452
49.258184,51159,51.154,2471,5021.12069,5.02112069,5247.43833,-0.043129166
49.306837,51209,51.204,2488,5109.14748,5.10914748,5247.43833,-0.026353973
49.356807,51259,51.254,2506,5204.405286,5.204405286,5247.43833,-0.008200772
49.406849,51309,51.304,2506,5204.405286,5.204405286,5247.43833,-0.008200772
49.456827,51359,51.354,2523,5296.374046,5.296374046,5247.43833,0.009325639
49.515743,51409,51.404,2504,5193.714645,5.193714645,5247.43833,-0.010238078
49.556836,51459,51.454,2478,5057.142857,5.057142857,5247.43833,-0.036264452
49.607856,51509,51.504,2476,5046.819024,5.046819024,5247.43833,-0.038231856
49.656816,51559,51.554,2477,5051.97775,5.05197775,5247.43833,-0.037248762
49.706818,51609,51.604,2468,5005.777505,5.005777505,5247.43833,-0.046053104
49.758818,51659,51.654,2488,5109.14748,5.10914748,5247.43833,-0.026353973
49.806861,51709,51.704,2475,5041.666667,5.041666667,5247.43833,-0.039213736
49.858141,51759,51.754,2468,5005.777505,5.005777505,5247.43833,-0.046053104
49.906832,51809,51.804,2486,5098.694842,5.098694842,5247.43833,-0.028345924
49.956841,51859,51.854,2488,5109.14748,5.10914748,5247.43833,-0.026353973
50.006855,51909,51.904,2519,5274.555838,5.274555838,5247.43833,0.005167761
50.056846,51959,51.954,2499,5167.105263,5.167105263,5247.43833,-0.015309006
50.106846,52009,52.004,2479,5062.314356,5.062314356,5247.43833,-0.035278923
50.167116,52059,52.054,2460,4965.137615,4.965137615,5247.43833,-0.053797815
50.206861,52109,52.104,2447,4899.93932,4.89993932,5247.43833,-0.0662226
50.258229,52159,52.154,2455,4939.939024,4.939939024,5247.43833,-0.058599889
50.306863,52209,52.204,2470,5016.0,5.016,5247.43833,-0.044105012
50.356821,52259,52.254,2457,4950.0,4.95,5247.43833,-0.056682578
50.409558,52309,52.304,2455,4939.939024,4.939939024,5247.43833,-0.058599889
50.456821,52359,52.354,2472,5026.247689,5.026247689,5247.43833,-0.042152118
50.509475,52409,52.404,2461,4970.195838,4.970195838,5247.43833,-0.052833873
50.556824,52459,52.454,2477,5051.97775,5.05197775,5247.43833,-0.037248762
50.606822,52509,52.504,2495,5145.9375,5.1459375,5247.43833,-0.01934293
50.656798,52559,52.554,2494,5140.662086,5.140662086,5247.43833,-0.020348261
50.706824,52609,52.604,2489,5114.383562,5.114383562,5247.43833,-0.025356138
50.767714,52659,52.654,2481,5072.67658,5.07267658,5247.43833,-0.033304203
50.806804,52709,52.704,2455,4939.939024,4.939939024,5247.43833,-0.058599889
50.856856,52759,52.754,2471,5021.12069,5.02112069,5247.43833,-0.043129166
50.909097,52809,52.804,2458,4955.039707,4.955039707,5247.43833,-0.055722165
50.956848,52859,52.854,2477,5051.97775,5.05197775,5247.43833,-0.037248762
51.008975,52909,52.904,2453,4929.902558,4.929902558,5247.43833,-0.060512531
51.056823,52959,52.954,2473,5031.381011,5.031381011,5247.43833,-0.041173865
51.106918,53009,53.004,2467,5000.675676,5.000675676,5247.43833,-0.047025356
51.156837,53059,53.054,2471,5021.12069,5.02112069,5247.43833,-0.043129166
51.206835,53109,53.104,2493,5135.393258,5.135393258,5247.43833,-0.021352337
51.256827,53159,53.154,2520,5280.0,5.28,5247.43833,0.006205251
51.318304,53209,53.204,2483,5083.064516,5.083064516,5247.43833,-0.031324582
51.356824,53259,53.254,2476,5046.819024,5.046819024,5247.43833,-0.038231856
51.408856,53309,53.304,2454,4934.917733,4.934917733,5247.43833,-0.059556793
51.456743,53359,53.354,2459,4960.085575,4.960085575,5247.43833,-0.054760578
51.506793,53409,53.404,2485,5093.478261,5.093478261,5247.43833,-0.029340044
51.560271,53459,53.454,2468,5005.777505,5.005777505,5247.43833,-0.046053104
51.606801,53509,53.504,2450,4914.893617,4.914893617,5247.43833,-0.063372772
51.658687,53559,53.554,2464,4985.407725,4.985407725,5247.43833,-0.049934957
51.70683,53609,53.604,2464,4985.407725,4.985407725,5247.43833,-0.049934957
51.7568,53659,53.654,2469,5010.885609,5.010885609,5247.43833,-0.045079657
51.806842,53709,53.704,2495,5145.9375,5.1459375,5247.43833,-0.01934293
51.858896,53759,53.754,2500,5172.413793,5.172413793,5247.43833,-0.014297364
51.906833,53809,53.804,2502,5183.050847,5.183050847,5247.43833,-0.01227027
51.956852,53859,53.854,2478,5057.142857,5.057142857,5247.43833,-0.036264452
52.018362,53909,53.904,2450,4914.893617,4.914893617,5247.43833,-0.063372772
52.056833,53959,53.954,2455,4939.939024,4.939939024,5247.43833,-0.058599889
52.106865,54009,54.004,2438,4855.401328,4.855401328,5247.43833,-0.074710169
52.159584,54059,54.054,2460,4965.137615,4.965137615,5247.43833,-0.053797815
52.206841,54109,54.104,2448,4904.918033,4.904918033,5247.43833,-0.065273811
52.256803,54159,54.154,2490,5119.626168,5.119626168,5247.43833,-0.024357058
52.30681,54209,54.204,2480,5067.49226,5.06749226,5247.43833,-0.034292174
52.356821,54259,54.254,2491,5124.875312,5.124875312,5247.43833,-0.023356733
52.415832,54309,54.304,2507,5209.760705,5.209760705,5247.43833,-0.007180194
52.456797,54359,54.354,2507,5209.760705,5.209760705,5247.43833,-0.007180194
52.506829,54409,54.404,2490,5119.626168,5.119626168,5247.43833,-0.024357058
52.560067,54459,54.454,2476,5046.819024,5.046819024,5247.43833,-0.038231856
52.606838,54509,54.504,2468,5005.777505,5.005777505,5247.43833,-0.046053104
52.659021,54559,54.554,2465,4990.490798,4.990490798,5247.43833,-0.04896628
52.706782,54609,54.604,2491,5124.875312,5.124875312,5247.43833,-0.023356733
52.756881,54659,54.654,2475,5041.666667,5.041666667,5247.43833,-0.039213736
52.809732,54709,54.704,2480,5067.49226,5.06749226,5247.43833,-0.034292174
52.856825,54759,54.754,2460,4965.137615,4.965137615,5247.43833,-0.053797815
52.906802,54809,54.804,2454,4934.917733,4.934917733,5247.43833,-0.059556793
52.956834,54859,54.854,2466,4995.58011,4.99558011,5247.43833,-0.047996413
53.006836,54909,54.904,2487,5103.91791,5.10391791,5247.43833,-0.027350568
53.067403,54959,54.954,2489,5114.383562,5.114383562,5247.43833,-0.025356138
53.106855,55009,55.004,2494,5140.662086,5.140662086,5247.43833,-0.020348261
53.158863,55059,55.054,2501,5177.728984,5.177728984,5247.43833,-0.013284453
53.206808,55109,55.104,2445,4890.0,4.89,5247.43833,-0.068116728
53.25681,55159,55.154,2469,5010.885609,5.010885609,5247.43833,-0.045079657
53.310662,55209,55.204,2448,4904.918033,4.904918033,5247.43833,-0.065273811
53.356789,55259,55.254,2468,5005.777505,5.005777505,5247.43833,-0.046053104
53.406837,55309,55.304,2468,5005.777505,5.005777505,5247.43833,-0.046053104
53.456853,55359,55.354,2483,5083.064516,5.083064516,5247.43833,-0.031324582
53.506819,55409,55.404,2469,5010.885609,5.010885609,5247.43833,-0.045079657
53.556815,55459,55.454,2491,5124.875312,5.124875312,5247.43833,-0.023356733
53.618868,55509,55.504,2516,5258.264725,5.258264725,5247.43833,0.002063177
53.656822,55559,55.554,2526,5312.810707,5.312810707,5247.43833,0.01245796
53.709246,55609,55.604,2521,5285.45108,5.28545108,5247.43833,0.007244058
53.756785,55659,55.654,2481,5072.67658,5.07267658,5247.43833,-0.033304203
53.806811,55709,55.704,2455,4939.939024,4.939939024,5247.43833,-0.058599889
53.860722,55759,55.754,2463,4980.330882,4.980330882,5247.43833,-0.050902446
53.906821,55809,55.804,2472,5026.247689,5.026247689,5247.43833,-0.042152118
53.956819,55859,55.854,2476,5046.819024,5.046819024,5247.43833,-0.038231856
54.006861,55909,55.904,2472,5026.247689,5.026247689,5247.43833,-0.042152118
54.072245,55959,55.954,2447,4899.93932,4.89993932,5247.43833,-0.0662226
54.106804,56009,56.004,2451,4919.890511,4.919890511,5247.43833,-0.062420518
54.156874,56059,56.054,2465,4990.490798,4.990490798,5247.43833,-0.04896628
54.210456,56109,56.104,2468,5005.777505,5.005777505,5247.43833,-0.046053104
54.256825,56159,56.154,2491,5124.875312,5.124875312,5247.43833,-0.023356733
54.30681,56209,56.204,2497,5156.508135,5.156508135,5247.43833,-0.017328492
54.360757,56259,56.254,2481,5072.67658,5.07267658,5247.43833,-0.033304203
54.406837,56309,56.304,2440,4865.256798,4.865256798,5247.43833,-0.07283202
54.456822,56359,56.354,2451,4919.890511,4.919890511,5247.43833,-0.062420518
54.506765,56409,56.404,2446,4894.966646,4.894966646,5247.43833,-0.067170238
54.556818,56459,56.454,2444,4885.03937,4.88503937,5247.43833,-0.069062071
54.619023,56509,56.504,2450,4914.893617,4.914893617,5247.43833,-0.063372772
54.656812,56559,56.554,2464,4985.407725,4.985407725,5247.43833,-0.049934957
54.706838,56609,56.604,2462,4975.260257,4.975260257,5247.43833,-0.051868751
54.76082,56659,56.654,2482,5077.867328,5.077867328,5247.43833,-0.032315006
54.806838,56709,56.704,2509,5220.491803,5.220491803,5247.43833,-0.005135177
54.859869,56759,56.754,2521,5285.45108,5.28545108,5247.43833,0.007244058
54.906836,56809,56.804,2511,5231.25,5.23125,5247.43833,-0.003084997
54.959864,56859,56.854,2493,5135.393258,5.135393258,5247.43833,-0.021352337
55.006784,56909,56.904,2457,4950.0,4.95,5247.43833,-0.056682578
55.056817,56959,56.954,2497,5156.508135,5.156508135,5247.43833,-0.017328492
55.1068,57009,57.004,2464,4985.407725,4.985407725,5247.43833,-0.049934957
55.156834,57059,57.054,2476,5046.819024,5.046819024,5247.43833,-0.038231856
55.216951,57109,57.104,2480,5067.49226,5.06749226,5247.43833,-0.034292174
55.256802,57159,57.154,2459,4960.085575,4.960085575,5247.43833,-0.054760578
55.30678,57209,57.204,2443,4880.084746,4.880084746,5247.43833,-0.07000627
55.361396,57259,57.254,2469,5010.885609,5.010885609,5247.43833,-0.045079657
55.406812,57309,57.304,2469,5010.885609,5.010885609,5247.43833,-0.045079657
55.459642,57359,57.354,2498,5161.803381,5.161803381,5247.43833,-0.016319382
55.506796,57409,57.404,2486,5098.694842,5.098694842,5247.43833,-0.028345924
55.556812,57459,57.454,2481,5072.67658,5.07267658,5247.43833,-0.033304203
55.606832,57509,57.504,2454,4934.917733,4.934917733,5247.43833,-0.059556793
55.656808,57559,57.554,2450,4914.893617,4.914893617,5247.43833,-0.063372772
55.706809,57609,57.604,2441,4870.19347,4.87019347,5247.43833,-0.071891242
55.76974,57659,57.654,2445,4890.0,4.89,5247.43833,-0.068116728
55.806804,57709,57.704,2445,4890.0,4.89,5247.43833,-0.068116728
55.861278,57759,57.754,2458,4955.039707,4.955039707,5247.43833,-0.055722165
55.906793,57809,57.804,2449,4909.902795,4.909902795,5247.43833,-0.064323869
55.956842,57859,57.854,2475,5041.666667,5.041666667,5247.43833,-0.039213736
56.012295,57909,57.904,2502,5183.050847,5.183050847,5247.43833,-0.01227027
56.056811,57959,57.954,2504,5193.714645,5.193714645,5247.43833,-0.010238078
56.10682,58009,58.004,2496,5151.219512,5.151219512,5247.43833,-0.018336341
56.156821,58059,58.054,2492,5130.131004,5.130131004,5247.43833,-0.02235516
56.206807,58109,58.104,2467,5000.675676,5.000675676,5247.43833,-0.047025356
56.256795,58159,58.154,2458,4955.039707,4.955039707,5247.43833,-0.055722165
56.320282,58209,58.204,2468,5005.777505,5.005777505,5247.43833,-0.046053104
56.356784,58259,58.254,2469,5010.885609,5.010885609,5247.43833,-0.045079657
56.406767,58309,58.304,2462,4975.260257,4.975260257,5247.43833,-0.051868751
56.460418,58359,58.354,2468,5005.777505,5.005777505,5247.43833,-0.046053104
56.506782,58409,58.404,2444,4885.03937,4.88503937,5247.43833,-0.069062071
56.561541,58459,58.454,2449,4909.902795,4.909902795,5247.43833,-0.064323869
56.606744,58509,58.504,2473,5031.381011,5.031381011,5247.43833,-0.041173865
56.65679,58559,58.554,2485,5093.478261,5.093478261,5247.43833,-0.029340044
56.706788,58609,58.604,2484,5088.268156,5.088268156,5247.43833,-0.030332929
56.756753,58659,58.654,2484,5088.268156,5.088268156,5247.43833,-0.030332929
56.806774,58709,58.704,2470,5016.0,5.016,5247.43833,-0.044105012
56.862646,58759,58.754,2439,4860.326087,4.860326087,5247.43833,-0.073771661
56.906805,58809,58.804,2466,4995.58011,4.99558011,5247.43833,-0.047996413
56.96855,58859,58.854,2444,4885.03937,4.88503937,5247.43833,-0.069062071
57.006795,58909,58.904,2446,4894.966646,4.894966646,5247.43833,-0.067170238
57.056802,58959,58.954,2443,4880.084746,4.880084746,5247.43833,-0.07000627
57.106821,59009,59.004,2468,5005.777505,5.005777505,5247.43833,-0.046053104
57.156823,59059,59.054,2460,4965.137615,4.965137615,5247.43833,-0.053797815
57.218369,59109,59.104,2485,5093.478261,5.093478261,5247.43833,-0.029340044
57.256779,59159,59.154,2493,5135.393258,5.135393258,5247.43833,-0.021352337
57.306804,59209,59.204,2508,5215.122873,5.215122873,5247.43833,-0.00615833
57.356801,59259,59.254,2491,5124.875312,5.124875312,5247.43833,-0.023356733
57.406783,59309,59.304,2494,5140.662086,5.140662086,5247.43833,-0.020348261
57.456808,59359,59.354,2456,4944.966443,4.944966443,5247.43833,-0.057641818
57.521573,59409,59.404,2461,4970.195838,4.970195838,5247.43833,-0.052833873
57.556682,59459,59.454,2467,5000.675676,5.000675676,5247.43833,-0.047025356
57.606802,59509,59.504,2484,5088.268156,5.088268156,5247.43833,-0.030332929
57.662461,59559,59.554,2465,4990.490798,4.990490798,5247.43833,-0.04896628
57.706762,59609,59.604,2456,4944.966443,4.944966443,5247.43833,-0.057641818
57.756805,59659,59.654,2480,5067.49226,5.06749226,5247.43833,-0.034292174
57.806748,59709,59.704,2484,5088.268156,5.088268156,5247.43833,-0.030332929
57.856769,59759,59.754,2471,5021.12069,5.02112069,5247.43833,-0.043129166
57.9068,59809,59.804,2486,5098.694842,5.098694842,5247.43833,-0.028345924
57.970146,59859,59.854,2472,5026.247689,5.026247689,5247.43833,-0.042152118
58.006774,59909,59.904,2455,4939.939024,4.939939024,5247.43833,-0.058599889
58.056785,59959,59.954,2434,4835.761589,4.835761589,5247.43833,-0.078452897
58.112254,60009,60.004,2454,4934.917733,4.934917733,5247.43833,-0.059556793
58.156762,60059,60.054,2444,4885.03937,4.88503937,5247.43833,-0.069062071
58.20683,60109,60.104,2448,4904.918033,4.904918033,5247.43833,-0.065273811
58.263767,60159,60.154,2444,4885.03937,4.88503937,5247.43833,-0.069062071
58.306781,60209,60.204,2456,4944.966443,4.944966443,5247.43833,-0.057641818
58.356781,60259,60.254,2456,4944.966443,4.944966443,5247.43833,-0.057641818
58.406871,60309,60.304,2451,4919.890511,4.919890511,5247.43833,-0.062420518
58.456777,60359,60.354,2489,5114.383562,5.114383562,5247.43833,-0.025356138
58.506736,60409,60.404,2514,5247.43833,5.24743833,5247.43833,0.0
58.571725,60459,60.454,2486,5098.694842,5.098694842,5247.43833,-0.028345924
58.606762,60509,60.504,2478,5057.142857,5.057142857,5247.43833,-0.036264452
58.66245,60559,60.554,2451,4919.890511,4.919890511,5247.43833,-0.062420518
58.706746,60609,60.604,2472,5026.247689,5.026247689,5247.43833,-0.042152118
58.756815,60659,60.654,2471,5021.12069,5.02112069,5247.43833,-0.043129166
58.813505,60709,60.704,2467,5000.675676,5.000675676,5247.43833,-0.047025356
58.856799,60759,60.754,2472,5026.247689,5.026247689,5247.43833,-0.042152118
58.906814,60809,60.804,2443,4880.084746,4.880084746,5247.43833,-0.07000627
58.956799,60859,60.854,2467,5000.675676,5.000675676,5247.43833,-0.047025356
59.00679,60909,60.904,2475,5041.666667,5.041666667,5247.43833,-0.039213736
59.056782,60959,60.954,2469,5010.885609,5.010885609,5247.43833,-0.045079657
59.1211,61009,61.004,2469,5010.885609,5.010885609,5247.43833,-0.045079657
59.156782,61059,61.054,2468,5005.777505,5.005777505,5247.43833,-0.046053104
59.206805,61109,61.104,2459,4960.085575,4.960085575,5247.43833,-0.054760578
59.262681,61159,61.154,2456,4944.966443,4.944966443,5247.43833,-0.057641818
59.306752,61209,61.204,2442,4875.136116,4.875136116,5247.43833,-0.070949326
59.356766,61259,61.254,2423,4782.236842,4.782236842,5247.43833,-0.088653064
59.406816,61309,61.304,2445,4890.0,4.89,5247.43833,-0.068116728
59.456773,61359,61.354,2437,4850.482509,4.850482509,5247.43833,-0.075647544
59.522292,61409,61.404,2431,4821.09375,4.82109375,5247.43833,-0.081248135
59.556754,61459,61.454,2440,4865.256798,4.865256798,5247.43833,-0.07283202
59.606794,61509,61.504,2460,4965.137615,4.965137615,5247.43833,-0.053797815
59.662902,61559,61.554,2497,5156.508135,5.156508135,5247.43833,-0.017328492
59.706776,61609,61.604,2513,5242.035398,5.242035398,5247.43833,-0.001029632
59.756797,61659,61.654,2511,5231.25,5.23125,5247.43833,-0.003084997
59.813574,61709,61.704,2479,5062.314356,5.062314356,5247.43833,-0.035278923
59.856827,61759,61.754,2461,4970.195838,4.970195838,5247.43833,-0.052833873
59.912635,61809,61.804,2453,4929.902558,4.929902558,5247.43833,-0.060512531
59.956784,61859,61.854,2459,4960.085575,4.960085575,5247.43833,-0.054760578
60.0068,61909,61.904,2467,5000.675676,5.000675676,5247.43833,-0.047025356
60.056805,61959,61.954,2464,4985.407725,4.985407725,5247.43833,-0.049934957
60.10681,62009,62.004,2450,4914.893617,4.914893617,5247.43833,-0.063372772
60.170713,62059,62.054,2462,4975.260257,4.975260257,5247.43833,-0.051868751
60.206779,62109,62.104,2444,4885.03937,4.88503937,5247.43833,-0.069062071
60.256695,62159,62.154,2476,5046.819024,5.046819024,5247.43833,-0.038231856
60.313256,62209,62.204,2457,4950.0,4.95,5247.43833,-0.056682578
60.356802,62259,62.254,2460,4965.137615,4.965137615,5247.43833,-0.053797815
60.41216,62309,62.304,2462,4975.260257,4.975260257,5247.43833,-0.051868751
60.456767,62359,62.354,2459,4960.085575,4.960085575,5247.43833,-0.054760578
60.506806,62409,62.404,2436,4845.56962,4.84556962,5247.43833,-0.076583789
60.557016,62459,62.454,2452,4924.893488,4.924893488,5247.43833,-0.061467105
60.606748,62509,62.504,2447,4899.93932,4.89993932,5247.43833,-0.0662226
60.656735,62559,62.554,2422,4777.405858,4.777405858,5247.43833,-0.089573701
60.731727,62609,62.604,2446,4894.966646,4.894966646,5247.43833,-0.067170238
60.756742,62659,62.654,2449,4909.902795,4.909902795,5247.43833,-0.064323869
60.818043,62709,62.704,2444,4885.03937,4.88503937,5247.43833,-0.069062071
60.856821,62759,62.754,2511,5231.25,5.23125,5247.43833,-0.003084997
60.912089,62809,62.804,2512,5236.639292,5.236639292,5247.43833,-0.002057964
60.956772,62859,62.854,2505,5199.056604,5.199056604,5247.43833,-0.009220066
61.006789,62909,62.904,2482,5077.867328,5.077867328,5247.43833,-0.032315006
61.062639,62959,62.954,2449,4909.902795,4.909902795,5247.43833,-0.064323869
61.106738,63009,63.004,2450,4914.893617,4.914893617,5247.43833,-0.063372772
61.156728,63059,63.054,2458,4955.039707,4.955039707,5247.43833,-0.055722165
61.208261,63109,63.104,2452,4924.893488,4.924893488,5247.43833,-0.061467105
61.256745,63159,63.154,2446,4894.966646,4.894966646,5247.43833,-0.067170238
61.324102,63209,63.204,2439,4860.326087,4.860326087,5247.43833,-0.073771661
61.356717,63259,63.254,2452,4924.893488,4.924893488,5247.43833,-0.061467105
61.406805,63309,63.304,2457,4950.0,4.95,5247.43833,-0.056682578
61.462137,63359,63.354,2459,4960.085575,4.960085575,5247.43833,-0.054760578
61.506778,63409,63.404,2480,5067.49226,5.06749226,5247.43833,-0.034292174
61.55676,63459,63.454,2478,5057.142857,5.057142857,5247.43833,-0.036264452
61.615083,63509,63.504,2448,4904.918033,4.904918033,5247.43833,-0.065273811
61.656748,63559,63.554,2467,5000.675676,5.000675676,5247.43833,-0.047025356
61.706784,63609,63.604,2457,4950.0,4.95,5247.43833,-0.056682578
61.756769,63659,63.654,2431,4821.09375,4.82109375,5247.43833,-0.081248135
61.806751,63709,63.704,2442,4875.136116,4.875136116,5247.43833,-0.070949326
61.856716,63759,63.754,2435,4840.662651,4.840662651,5247.43833,-0.077518906
61.921633,63809,63.804,2432,4825.97715,4.82597715,5247.43833,-0.08031751
61.956787,63859,63.854,2451,4919.890511,4.919890511,5247.43833,-0.062420518
62.006733,63909,63.904,2468,5005.777505,5.005777505,5247.43833,-0.046053104
62.056779,63959,63.954,2469,5010.885609,5.010885609,5247.43833,-0.045079657
62.106767,64009,64.004,2545,5418.387097,5.418387097,5247.43833,0.032577566
62.163861,64059,64.054,2497,5156.508135,5.156508135,5247.43833,-0.017328492
62.206714,64109,64.104,2514,5247.43833,5.24743833,5247.43833,0.0
62.25677,64159,64.154,2474,5036.520666,5.036520666,5247.43833,-0.040194405
62.313937,64209,64.204,2457,4950.0,4.95,5247.43833,-0.056682578
62.356788,64259,64.254,2429,4811.344538,4.811344538,5247.43833,-0.083106035
62.419268,64309,64.304,2455,4939.939024,4.939939024,5247.43833,-0.058599889
62.456785,64359,64.354,2458,4955.039707,4.955039707,5247.43833,-0.055722165
62.506781,64409,64.404,2422,4777.405858,4.777405858,5247.43833,-0.089573701
62.563884,64459,64.454,2444,4885.03937,4.88503937,5247.43833,-0.069062071
62.606769,64509,64.504,2470,5016.0,5.016,5247.43833,-0.044105012
62.656811,64559,64.554,2477,5051.97775,5.05197775,5247.43833,-0.037248762
62.715366,64609,64.604,2452,4924.893488,4.924893488,5247.43833,-0.061467105
62.756749,64659,64.654,2479,5062.314356,5.062314356,5247.43833,-0.035278923
62.806772,64709,64.704,2440,4865.256798,4.865256798,5247.43833,-0.07283202
62.857711,64759,64.754,2442,4875.136116,4.875136116,5247.43833,-0.070949326
62.906691,64809,64.804,2433,4830.866426,4.830866426,5247.43833,-0.079385765
62.956665,64859,64.854,2435,4840.662651,4.840662651,5247.43833,-0.077518906
63.023524,64909,64.904,2452,4924.893488,4.924893488,5247.43833,-0.061467105
63.056766,64959,64.954,2442,4875.136116,4.875136116,5247.43833,-0.070949326
63.106736,65009,65.004,2439,4860.326087,4.860326087,5247.43833,-0.073771661
63.163802,65059,65.054,2420,4767.761194,4.767761194,5247.43833,-0.091411677
63.206656,65109,65.104,2458,4955.039707,4.955039707,5247.43833,-0.055722165
63.256746,65159,65.154,2483,5083.064516,5.083064516,5247.43833,-0.031324582
63.315089,65209,65.204,2487,5103.91791,5.10391791,5247.43833,-0.027350568
63.356743,65259,65.254,2512,5236.639292,5.236639292,5247.43833,-0.002057964
63.406741,65309,65.304,2506,5204.405286,5.204405286,5247.43833,-0.008200772
63.457463,65359,65.354,2468,5005.777505,5.005777505,5247.43833,-0.046053104
63.506739,65409,65.404,2444,4885.03937,4.88503937,5247.43833,-0.069062071
63.574417,65459,65.454,2420,4767.761194,4.767761194,5247.43833,-0.091411677
63.606707,65509,65.504,2432,4825.97715,4.82597715,5247.43833,-0.08031751
63.65674,65559,65.554,2452,4924.893488,4.924893488,5247.43833,-0.061467105
63.714795,65609,65.604,2455,4939.939024,4.939939024,5247.43833,-0.058599889
63.756703,65659,65.654,2433,4830.866426,4.830866426,5247.43833,-0.079385765
63.8067,65709,65.704,2459,4960.085575,4.960085575,5247.43833,-0.054760578
63.86519,65759,65.754,2470,5016.0,5.016,5247.43833,-0.044105012
63.90673,65809,65.804,2483,5083.064516,5.083064516,5247.43833,-0.031324582
63.957248,65859,65.854,2486,5098.694842,5.098694842,5247.43833,-0.028345924
64.006745,65909,65.904,2473,5031.381011,5.031381011,5247.43833,-0.041173865
64.072075,65959,65.954,2456,4944.966443,4.944966443,5247.43833,-0.057641818
64.106734,66009,66.004,2432,4825.97715,4.82597715,5247.43833,-0.08031751
64.156745,66059,66.054,2444,4885.03937,4.88503937,5247.43833,-0.069062071
64.214658,66109,66.104,2436,4845.56962,4.84556962,5247.43833,-0.076583789
64.256742,66159,66.154,2456,4944.966443,4.944966443,5247.43833,-0.057641818
64.306764,66209,66.204,2409,4715.124555,4.715124555,5247.43833,-0.101442598
64.364752,66259,66.254,2445,4890.0,4.89,5247.43833,-0.068116728
64.406733,66309,66.304,2439,4860.326087,4.860326087,5247.43833,-0.073771661
64.456747,66359,66.354,2473,5031.381011,5.031381011,5247.43833,-0.041173865
64.508198,66409,66.404,2471,5021.12069,5.02112069,5247.43833,-0.043129166
64.556695,66459,66.454,2522,5290.909091,5.290909091,5247.43833,0.008284187
64.606707,66509,66.504,2492,5130.131004,5.130131004,5247.43833,-0.02235516
64.673578,66559,66.554,2478,5057.142857,5.057142857,5247.43833,-0.036264452
64.706726,66609,66.604,2449,4909.902795,4.909902795,5247.43833,-0.064323869
64.764488,66659,66.654,2445,4890.0,4.89,5247.43833,-0.068116728
64.806744,66709,66.704,2444,4885.03937,4.88503937,5247.43833,-0.069062071
64.866317,66759,66.754,2466,4995.58011,4.99558011,5247.43833,-0.047996413
64.906729,66809,66.804,2461,4970.195838,4.970195838,5247.43833,-0.052833873
64.956713,66859,66.854,2444,4885.03937,4.88503937,5247.43833,-0.069062071
65.01649,66909,66.904,2448,4904.918033,4.904918033,5247.43833,-0.065273811
65.056694,66959,66.954,2470,5016.0,5.016,5247.43833,-0.044105012
65.106742,67009,67.004,2475,5041.666667,5.041666667,5247.43833,-0.039213736
65.158423,67059,67.054,2481,5072.67658,5.07267658,5247.43833,-0.033304203
65.206698,67109,67.104,2457,4950.0,4.95,5247.43833,-0.056682578
65.25673,67159,67.154,2451,4919.890511,4.919890511,5247.43833,-0.062420518
65.323124,67209,67.204,2437,4850.482509,4.850482509,5247.43833,-0.075647544
65.356704,67259,67.254,2433,4830.866426,4.830866426,5247.43833,-0.079385765
65.406731,67309,67.304,2423,4782.236842,4.782236842,5247.43833,-0.088653064
65.465388,67359,67.354,2422,4777.405858,4.777405858,5247.43833,-0.089573701
65.506721,67409,67.404,2427,4801.618705,4.801618705,5247.43833,-0.084959479
65.565188,67459,67.454,2430,4816.216216,4.816216216,5247.43833,-0.082177643
65.60671,67509,67.504,2430,4816.216216,4.816216216,5247.43833,-0.082177643
65.656708,67559,67.554,2457,4950.0,4.95,5247.43833,-0.056682578
65.709319,67609,67.604,2485,5093.478261,5.093478261,5247.43833,-0.029340044
65.756751,67659,67.654,2490,5119.626168,5.119626168,5247.43833,-0.024357058
65.822404,67709,67.704,2507,5209.760705,5.209760705,5247.43833,-0.007180194
65.856702,67759,67.754,2520,5280.0,5.28,5247.43833,0.006205251
65.906696,67809,67.804,2458,4955.039707,4.955039707,5247.43833,-0.055722165
65.965712,67859,67.854,2453,4929.902558,4.929902558,5247.43833,-0.060512531
66.006759,67909,67.904,2449,4909.902795,4.909902795,5247.43833,-0.064323869
66.065794,67959,67.954,2450,4914.893617,4.914893617,5247.43833,-0.063372772
66.106718,68009,68.004,2467,5000.675676,5.000675676,5247.43833,-0.047025356
66.156758,68059,68.054,2450,4914.893617,4.914893617,5247.43833,-0.063372772
66.208735,68109,68.104,2451,4919.890511,4.919890511,5247.43833,-0.062420518
66.256765,68159,68.154,2473,5031.381011,5.031381011,5247.43833,-0.041173865
66.322767,68209,68.204,2480,5067.49226,5.06749226,5247.43833,-0.034292174
66.356758,68259,68.254,2482,5077.867328,5.077867328,5247.43833,-0.032315006
66.406719,68309,68.304,2465,4990.490798,4.990490798,5247.43833,-0.04896628
66.465171,68359,68.354,2459,4960.085575,4.960085575,5247.43833,-0.054760578
66.506701,68409,68.404,2449,4909.902795,4.909902795,5247.43833,-0.064323869
66.556746,68459,68.454,2427,4801.618705,4.801618705,5247.43833,-0.084959479
66.616976,68509,68.504,2439,4860.326087,4.860326087,5247.43833,-0.073771661
66.656731,68559,68.554,2450,4914.893617,4.914893617,5247.43833,-0.063372772
66.706743,68609,68.604,2445,4890.0,4.89,5247.43833,-0.068116728
66.759251,68659,68.654,2423,4782.236842,4.782236842,5247.43833,-0.088653064
66.806715,68709,68.704,2461,4970.195838,4.970195838,5247.43833,-0.052833873
66.856748,68759,68.754,2438,4855.401328,4.855401328,5247.43833,-0.074710169
66.923798,68809,68.804,2470,5016.0,5.016,5247.43833,-0.044105012
66.95671,68859,68.854,2495,5145.9375,5.1459375,5247.43833,-0.01934293
67.016163,68909,68.904,2518,5269.11858,5.26911858,5247.43833,0.004131587
67.056694,68959,68.954,2503,5188.379397,5.188379397,5247.43833,-0.011254812
67.106804,69009,69.004,2484,5088.268156,5.088268156,5247.43833,-0.030332929
67.159298,69059,69.054,2438,4855.401328,4.855401328,5247.43833,-0.074710169
67.20674,69109,69.104,2442,4875.136116,4.875136116,5247.43833,-0.070949326
67.256761,69159,69.154,2430,4816.216216,4.816216216,5247.43833,-0.082177643
67.317506,69209,69.204,2465,4990.490798,4.990490798,5247.43833,-0.04896628
67.356715,69259,69.254,2469,5010.885609,5.010885609,5247.43833,-0.045079657
67.406729,69309,69.304,2463,4980.330882,4.980330882,5247.43833,-0.050902446
67.466405,69359,69.354,2453,4929.902558,4.929902558,5247.43833,-0.060512531
67.506717,69409,69.404,2466,4995.58011,4.99558011,5247.43833,-0.047996413
67.556687,69459,69.454,2474,5036.520666,5.036520666,5247.43833,-0.040194405
67.624157,69509,69.504,2486,5098.694842,5.098694842,5247.43833,-0.028345924
67.656718,69559,69.554,2456,4944.966443,4.944966443,5247.43833,-0.057641818
67.716738,69609,69.604,2465,4990.490798,4.990490798,5247.43833,-0.04896628
67.75672,69659,69.654,2431,4821.09375,4.82109375,5247.43833,-0.081248135
67.816511,69709,69.704,2435,4840.662651,4.840662651,5247.43833,-0.077518906
67.856746,69759,69.754,2444,4885.03937,4.88503937,5247.43833,-0.069062071
67.909467,69809,69.804,2444,4885.03937,4.88503937,5247.43833,-0.069062071
67.956749,69859,69.854,2436,4845.56962,4.84556962,5247.43833,-0.076583789
68.024104,69909,69.904,2440,4865.256798,4.865256798,5247.43833,-0.07283202
68.056739,69959,69.954,2451,4919.890511,4.919890511,5247.43833,-0.062420518
68.106753,70009,70.004,2448,4904.918033,4.904918033,5247.43833,-0.065273811
68.167264,70059,70.054,2493,5135.393258,5.135393258,5247.43833,-0.021352337
68.206764,70109,70.104,2514,5247.43833,5.24743833,5247.43833,0.0
68.266761,70159,70.154,2524,5301.845958,5.301845958,5247.43833,0.010368417
68.30673,70209,70.204,2450,4914.893617,4.914893617,5247.43833,-0.063372772
68.35671,70259,70.254,2445,4890.0,4.89,5247.43833,-0.068116728
68.409959,70309,70.304,2419,4762.947494,4.762947494,5247.43833,-0.09232902
68.456687,70359,70.354,2440,4865.256798,4.865256798,5247.43833,-0.07283202
68.50667,70409,70.404,2443,4880.084746,4.880084746,5247.43833,-0.07000627
68.577628,70459,70.454,2451,4919.890511,4.919890511,5247.43833,-0.062420518
68.606678,70509,70.504,2439,4860.326087,4.860326087,5247.43833,-0.073771661
68.656699,70559,70.554,2452,4924.893488,4.924893488,5247.43833,-0.061467105
68.717463,70609,70.604,2465,4990.490798,4.990490798,5247.43833,-0.04896628
68.756698,70659,70.654,2477,5051.97775,5.05197775,5247.43833,-0.037248762
68.817044,70709,70.704,2469,5010.885609,5.010885609,5247.43833,-0.045079657
68.856716,70759,70.754,2448,4904.918033,4.904918033,5247.43833,-0.065273811
68.917134,70809,70.804,2461,4970.195838,4.970195838,5247.43833,-0.052833873
68.956699,70859,70.854,2434,4835.761589,4.835761589,5247.43833,-0.078452897
69.011134,70909,70.904,2430,4816.216216,4.816216216,5247.43833,-0.082177643
69.05673,70959,70.954,2419,4762.947494,4.762947494,5247.43833,-0.09232902
69.106725,71009,71.004,2450,4914.893617,4.914893617,5247.43833,-0.063372772
69.175661,71059,71.054,2448,4904.918033,4.904918033,5247.43833,-0.065273811
69.206708,71109,71.104,2447,4899.93932,4.89993932,5247.43833,-0.0662226
69.256712,71159,71.154,2455,4939.939024,4.939939024,5247.43833,-0.058599889
69.318968,71209,71.204,2458,4955.039707,4.955039707,5247.43833,-0.055722165
69.356703,71259,71.254,2467,5000.675676,5.000675676,5247.43833,-0.047025356
69.406698,71309,71.304,2516,5258.264725,5.258264725,5247.43833,0.002063177
69.469594,71359,71.354,2502,5183.050847,5.183050847,5247.43833,-0.01227027
69.506716,71409,71.404,2455,4939.939024,4.939939024,5247.43833,-0.058599889
69.562314,71459,71.454,2453,4929.902558,4.929902558,5247.43833,-0.060512531
69.606709,71509,71.504,2446,4894.966646,4.894966646,5247.43833,-0.067170238
69.656702,71559,71.554,2442,4875.136116,4.875136116,5247.43833,-0.070949326
69.727974,71609,71.604,2448,4904.918033,4.904918033,5247.43833,-0.065273811
69.756688,71659,71.654,2445,4890.0,4.89,5247.43833,-0.068116728
69.806722,71709,71.704,2431,4821.09375,4.82109375,5247.43833,-0.081248135
69.869141,71759,71.754,2456,4944.966443,4.944966443,5247.43833,-0.057641818
69.906658,71809,71.804,2461,4970.195838,4.970195838,5247.43833,-0.052833873
69.956692,71859,71.854,2466,4995.58011,4.99558011,5247.43833,-0.047996413
70.020846,71909,71.904,2471,5021.12069,5.02112069,5247.43833,-0.043129166
70.056741,71959,71.954,2468,5005.777505,5.005777505,5247.43833,-0.046053104
70.106722,72009,72.004,2452,4924.893488,4.924893488,5247.43833,-0.061467105
70.162354,72059,72.054,2440,4865.256798,4.865256798,5247.43833,-0.07283202
70.206771,72109,72.104,2430,4816.216216,4.816216216,5247.43833,-0.082177643
70.276141,72159,72.154,2433,4830.866426,4.830866426,5247.43833,-0.079385765
70.306674,72209,72.204,2432,4825.97715,4.82597715,5247.43833,-0.08031751
70.356722,72259,72.254,2444,4885.03937,4.88503937,5247.43833,-0.069062071
70.418377,72309,72.304,2455,4939.939024,4.939939024,5247.43833,-0.058599889
70.456714,72359,72.354,2424,4787.073609,4.787073609,5247.43833,-0.087731326
70.506681,72409,72.404,2432,4825.97715,4.82597715,5247.43833,-0.08031751
70.570389,72459,72.454,2480,5067.49226,5.06749226,5247.43833,-0.034292174
70.606716,72509,72.504,2499,5167.105263,5.167105263,5247.43833,-0.015309006
70.661992,72559,72.554,2498,5161.803381,5.161803381,5247.43833,-0.016319382
70.706701,72609,72.604,2485,5093.478261,5.093478261,5247.43833,-0.029340044
70.756678,72659,72.654,2482,5077.867328,5.077867328,5247.43833,-0.032315006
70.827522,72709,72.704,2439,4860.326087,4.860326087,5247.43833,-0.073771661
70.856661,72759,72.754,2431,4821.09375,4.82109375,5247.43833,-0.081248135
70.906696,72809,72.804,2466,4995.58011,4.99558011,5247.43833,-0.047996413
70.969323,72859,72.854,2436,4845.56962,4.84556962,5247.43833,-0.076583789
71.006679,72909,72.904,2445,4890.0,4.89,5247.43833,-0.068116728
71.05675,72959,72.954,2452,4924.893488,4.924893488,5247.43833,-0.061467105
71.12012,73009,73.004,2450,4914.893617,4.914893617,5247.43833,-0.063372772
71.156708,73059,73.054,2450,4914.893617,4.914893617,5247.43833,-0.063372772
71.206742,73109,73.104,2473,5031.381011,5.031381011,5247.43833,-0.041173865
71.262635,73159,73.154,2470,5016.0,5.016,5247.43833,-0.044105012
71.30667,73209,73.204,2444,4885.03937,4.88503937,5247.43833,-0.069062071
71.356706,73259,73.254,2426,4796.76453,4.79676453,5247.43833,-0.085884535
71.427409,73309,73.304,2418,4758.139535,4.758139535,5247.43833,-0.093245268
71.456731,73359,73.354,2430,4816.216216,4.816216216,5247.43833,-0.082177643
71.519355,73409,73.404,2437,4850.482509,4.850482509,5247.43833,-0.075647544
71.55668,73459,73.454,2428,4806.478704,4.806478704,5247.43833,-0.084033313
71.60666,73509,73.504,2437,4850.482509,4.850482509,5247.43833,-0.075647544
71.670624,73559,73.554,2444,4885.03937,4.88503937,5247.43833,-0.069062071
71.706667,73609,73.604,2439,4860.326087,4.860326087,5247.43833,-0.073771661
71.762597,73659,73.654,2448,4904.918033,4.904918033,5247.43833,-0.065273811
71.806719,73709,73.704,2498,5161.803381,5.161803381,5247.43833,-0.016319382
71.876894,73759,73.754,2494,5140.662086,5.140662086,5247.43833,-0.020348261
71.906662,73809,73.804,2492,5130.131004,5.130131004,5247.43833,-0.02235516
71.956686,73859,73.854,2452,4924.893488,4.924893488,5247.43833,-0.061467105
72.020883,73909,73.904,2457,4950.0,4.95,5247.43833,-0.056682578
72.056672,73959,73.954,2453,4929.902558,4.929902558,5247.43833,-0.060512531
72.106667,74009,74.004,2435,4840.662651,4.840662651,5247.43833,-0.077518906
72.170208,74059,74.054,2452,4924.893488,4.924893488,5247.43833,-0.061467105
72.206676,74109,74.104,2435,4840.662651,4.840662651,5247.43833,-0.077518906
72.25666,74159,74.154,2450,4914.893617,4.914893617,5247.43833,-0.063372772
72.306693,74209,74.204,2442,4875.136116,4.875136116,5247.43833,-0.070949326
72.374306,74259,74.254,2454,4934.917733,4.934917733,5247.43833,-0.059556793
72.406699,74309,74.304,2473,5031.381011,5.031381011,5247.43833,-0.041173865
72.469864,74359,74.354,2472,5026.247689,5.026247689,5247.43833,-0.042152118
72.506651,74409,74.404,2456,4944.966443,4.944966443,5247.43833,-0.057641818
72.556699,74459,74.454,2462,4975.260257,4.975260257,5247.43833,-0.051868751
72.6208,74509,74.504,2434,4835.761589,4.835761589,5247.43833,-0.078452897
72.65665,74559,74.554,2430,4816.216216,4.816216216,5247.43833,-0.082177643
72.706638,74609,74.604,2434,4835.761589,4.835761589,5247.43833,-0.078452897
72.764089,74659,74.654,2432,4825.97715,4.82597715,5247.43833,-0.08031751
72.806677,74709,74.704,2453,4929.902558,4.929902558,5247.43833,-0.060512531
72.870613,74759,74.754,2444,4885.03937,4.88503937,5247.43833,-0.069062071
72.906716,74809,74.804,2434,4835.761589,4.835761589,5247.43833,-0.078452897
72.977579,74859,74.854,2465,4990.490798,4.990490798,5247.43833,-0.04896628
73.006696,74909,74.904,2497,5156.508135,5.156508135,5247.43833,-0.017328492
73.05672,74959,74.954,2495,5145.9375,5.1459375,5247.43833,-0.01934293
73.120933,75009,75.004,2494,5140.662086,5.140662086,5247.43833,-0.020348261
73.156673,75059,75.054,2455,4939.939024,4.939939024,5247.43833,-0.058599889
73.206715,75109,75.104,2432,4825.97715,4.82597715,5247.43833,-0.08031751
73.271353,75159,75.154,2407,4705.627962,4.705627962,5247.43833,-0.103252356
73.306729,75209,75.204,2445,4890.0,4.89,5247.43833,-0.068116728
73.369841,75259,75.254,2460,4965.137615,4.965137615,5247.43833,-0.053797815
73.406636,75309,75.304,2440,4865.256798,4.865256798,5247.43833,-0.07283202
73.456704,75359,75.354,2430,4816.216216,4.816216216,5247.43833,-0.082177643
73.514374,75409,75.404,2445,4890.0,4.89,5247.43833,-0.068116728
73.556689,75459,75.454,2465,4990.490798,4.990490798,5247.43833,-0.04896628
73.60671,75509,75.504,2462,4975.260257,4.975260257,5247.43833,-0.051868751
73.679613,75559,75.554,2468,5005.777505,5.005777505,5247.43833,-0.046053104
73.706624,75609,75.604,2458,4955.039707,4.955039707,5247.43833,-0.055722165
73.756713,75659,75.654,2440,4865.256798,4.865256798,5247.43833,-0.07283202
73.821387,75709,75.704,2435,4840.662651,4.840662651,5247.43833,-0.077518906
73.856668,75759,75.754,2421,4772.580645,4.772580645,5247.43833,-0.090493238
73.906665,75809,75.804,2427,4801.618705,4.801618705,5247.43833,-0.084959479
73.964545,75859,75.854,2432,4825.97715,4.82597715,5247.43833,-0.08031751
74.00667,75909,75.904,2428,4806.478704,4.806478704,5247.43833,-0.084033313
74.07954,75959,75.954,2441,4870.19347,4.87019347,5247.43833,-0.071891242
74.106696,76009,76.004,2430,4816.216216,4.816216216,5247.43833,-0.082177643
74.17103,76059,76.054,2464,4985.407725,4.985407725,5247.43833,-0.049934957
74.206664,76109,76.104,2491,5124.875312,5.124875312,5247.43833,-0.023356733
74.256672,76159,76.154,2511,5231.25,5.23125,5247.43833,-0.003084997
74.323456,76209,76.204,2486,5098.694842,5.098694842,5247.43833,-0.028345924
74.356644,76259,76.254,2460,4965.137615,4.965137615,5247.43833,-0.053797815
74.406699,76309,76.304,2449,4909.902795,4.909902795,5247.43833,-0.064323869
74.47418,76359,76.354,2445,4890.0,4.89,5247.43833,-0.068116728
74.506715,76409,76.404,2438,4855.401328,4.855401328,5247.43833,-0.074710169
74.56763,76459,76.454,2443,4880.084746,4.880084746,5247.43833,-0.07000627
74.606706,76509,76.504,2435,4840.662651,4.840662651,5247.43833,-0.077518906
74.656706,76559,76.554,2434,4835.761589,4.835761589,5247.43833,-0.078452897
74.731933,76609,76.604,2441,4870.19347,4.87019347,5247.43833,-0.071891242
74.756636,76659,76.654,2466,4995.58011,4.99558011,5247.43833,-0.047996413
74.806694,76709,76.704,2459,4960.085575,4.960085575,5247.43833,-0.054760578
74.87488,76759,76.754,2459,4960.085575,4.960085575,5247.43833,-0.054760578
74.906654,76809,76.804,2444,4885.03937,4.88503937,5247.43833,-0.069062071
74.956667,76859,76.854,2433,4830.866426,4.830866426,5247.43833,-0.079385765
75.025931,76909,76.904,2423,4782.236842,4.782236842,5247.43833,-0.088653064
75.056657,76959,76.954,2424,4787.073609,4.787073609,5247.43833,-0.087731326
75.106689,77009,77.004,2433,4830.866426,4.830866426,5247.43833,-0.079385765
75.167714,77059,77.054,2435,4840.662651,4.840662651,5247.43833,-0.077518906
75.206698,77109,77.104,2430,4816.216216,4.816216216,5247.43833,-0.082177643
75.281828,77159,77.154,2438,4855.401328,4.855401328,5247.43833,-0.074710169
75.306675,77209,77.204,2451,4919.890511,4.919890511,5247.43833,-0.062420518
75.356682,77259,77.254,2421,4772.580645,4.772580645,5247.43833,-0.090493238
75.424183,77309,77.304,2467,5000.675676,5.000675676,5247.43833,-0.047025356
75.456645,77359,77.354,2497,5156.508135,5.156508135,5247.43833,-0.017328492
75.506662,77409,77.404,2504,5193.714645,5.193714645,5247.43833,-0.010238078
75.575512,77459,77.454,2447,4899.93932,4.89993932,5247.43833,-0.0662226
75.606668,77509,77.504,2428,4806.478704,4.806478704,5247.43833,-0.084033313
75.656594,77559,77.554,2428,4806.478704,4.806478704,5247.43833,-0.084033313
75.717748,77609,77.604,2448,4904.918033,4.904918033,5247.43833,-0.065273811
75.75663,77659,77.654,2451,4919.890511,4.919890511,5247.43833,-0.062420518
75.832493,77709,77.704,2451,4919.890511,4.919890511,5247.43833,-0.062420518
75.856644,77759,77.754,2428,4806.478704,4.806478704,5247.43833,-0.084033313
75.925126,77809,77.804,2435,4840.662651,4.840662651,5247.43833,-0.077518906
75.956672,77859,77.854,2450,4914.893617,4.914893617,5247.43833,-0.063372772
76.026114,77909,77.904,2453,4929.902558,4.929902558,5247.43833,-0.060512531
76.056689,77959,77.954,2461,4970.195838,4.970195838,5247.43833,-0.052833873
76.106679,78009,78.004,2459,4960.085575,4.960085575,5247.43833,-0.054760578
76.167777,78059,78.054,2434,4835.761589,4.835761589,5247.43833,-0.078452897
76.206676,78109,78.104,2413,4734.185493,4.734185493,5247.43833,-0.09781017
76.282009,78159,78.154,2432,4825.97715,4.82597715,5247.43833,-0.08031751
76.305695,78209,78.204,2432,4825.97715,4.82597715,5247.43833,-0.08031751
76.35572,78259,78.254,2433,4830.866426,4.830866426,5247.43833,-0.079385765
76.424294,78309,78.304,2417,4753.337306,4.753337306,5247.43833,-0.094160425
76.456675,78359,78.354,2444,4885.03937,4.88503937,5247.43833,-0.069062071
76.525947,78409,78.404,2436,4845.56962,4.84556962,5247.43833,-0.076583789
76.555671,78459,78.454,2428,4806.478704,4.806478704,5247.43833,-0.084033313
76.605701,78509,78.504,2482,5077.867328,5.077867328,5247.43833,-0.032315006
76.674667,78559,78.554,2496,5151.219512,5.151219512,5247.43833,-0.018336341
76.706688,78609,78.604,2494,5140.662086,5.140662086,5247.43833,-0.020348261
76.768017,78659,78.654,2470,5016.0,5.016,5247.43833,-0.044105012
76.805689,78709,78.704,2446,4894.966646,4.894966646,5247.43833,-0.067170238
76.855687,78759,78.754,2432,4825.97715,4.82597715,5247.43833,-0.08031751
76.932685,78809,78.804,2443,4880.084746,4.880084746,5247.43833,-0.07000627
76.955666,78859,78.854,2446,4894.966646,4.894966646,5247.43833,-0.067170238
77.025161,78909,78.904,2448,4904.918033,4.904918033,5247.43833,-0.065273811
77.055662,78959,78.954,2418,4758.139535,4.758139535,5247.43833,-0.093245268
77.105699,79009,79.004,2428,4806.478704,4.806478704,5247.43833,-0.084033313
77.174708,79059,79.054,2434,4835.761589,4.835761589,5247.43833,-0.078452897
77.205722,79109,79.104,2449,4909.902795,4.909902795,5247.43833,-0.064323869
77.267503,79159,79.154,2453,4929.902558,4.929902558,5247.43833,-0.060512531
77.305712,79209,79.204,2457,4950.0,4.95,5247.43833,-0.056682578
77.3557,79259,79.254,2446,4894.966646,4.894966646,5247.43833,-0.067170238
77.425279,79309,79.304,2422,4777.405858,4.777405858,5247.43833,-0.089573701
77.455684,79359,79.354,2420,4767.761194,4.767761194,5247.43833,-0.091411677
77.505674,79409,79.404,2419,4762.947494,4.762947494,5247.43833,-0.09232902
77.582545,79459,79.454,2424,4787.073609,4.787073609,5247.43833,-0.087731326
77.605671,79509,79.504,2430,4816.216216,4.816216216,5247.43833,-0.082177643
77.655681,79559,79.554,2423,4782.236842,4.782236842,5247.43833,-0.088653064
77.726013,79609,79.604,2448,4904.918033,4.904918033,5247.43833,-0.065273811
77.7557,79659,79.654,2412,4729.411765,4.729411765,5247.43833,-0.098719896
77.815889,79709,79.704,2469,5010.885609,5.010885609,5247.43833,-0.045079657
77.855687,79759,79.754,2478,5057.142857,5.057142857,5247.43833,-0.036264452
77.905703,79809,79.804,2495,5145.9375,5.1459375,5247.43833,-0.01934293
77.980668,79859,79.854,2505,5199.056604,5.199056604,5247.43833,-0.009220066
78.005606,79909,79.904,2464,4985.407725,4.985407725,5247.43833,-0.049934957
78.055723,79959,79.954,2444,4885.03937,4.88503937,5247.43833,-0.069062071
78.131253,80009,80.004,2459,4960.085575,4.960085575,5247.43833,-0.054760578
78.155732,80059,80.054,2445,4890.0,4.89,5247.43833,-0.068116728
78.205678,80109,80.104,2448,4904.918033,4.904918033,5247.43833,-0.065273811
78.273483,80159,80.154,2429,4811.344538,4.811344538,5247.43833,-0.083106035
78.305666,80209,80.204,2432,4825.97715,4.82597715,5247.43833,-0.08031751
78.355715,80259,80.254,2437,4850.482509,4.850482509,5247.43833,-0.075647544
78.416084,80309,80.304,2448,4904.918033,4.904918033,5247.43833,-0.065273811
78.455676,80359,80.354,2456,4944.966443,4.944966443,5247.43833,-0.057641818
78.50562,80409,80.404,2459,4960.085575,4.960085575,5247.43833,-0.054760578
78.584405,80459,80.454,2446,4894.966646,4.894966646,5247.43833,-0.067170238
78.605658,80509,80.504,2440,4865.256798,4.865256798,5247.43833,-0.07283202
78.676374,80559,80.554,2422,4777.405858,4.777405858,5247.43833,-0.089573701
78.705664,80609,80.604,2428,4806.478704,4.806478704,5247.43833,-0.084033313
78.773471,80659,80.654,2429,4811.344538,4.811344538,5247.43833,-0.083106035
78.805659,80709,80.704,2433,4830.866426,4.830866426,5247.43833,-0.079385765
78.855685,80759,80.754,2427,4801.618705,4.801618705,5247.43833,-0.084959479
78.917269,80809,80.804,2445,4890.0,4.89,5247.43833,-0.068116728
78.955681,80859,80.854,2416,4748.540798,4.748540798,5247.43833,-0.095074492
79.031806,80909,80.904,2433,4830.866426,4.830866426,5247.43833,-0.079385765
79.055683,80959,80.954,2476,5046.819024,5.046819024,5247.43833,-0.038231856
79.105683,81009,81.004,2502,5183.050847,5.183050847,5247.43833,-0.01227027
79.176355,81059,81.054,2495,5145.9375,5.1459375,5247.43833,-0.01934293
79.205712,81109,81.104,2467,5000.675676,5.000675676,5247.43833,-0.047025356
79.27614,81159,81.154,2417,4753.337306,4.753337306,5247.43833,-0.094160425
79.305713,81209,81.204,2449,4909.902795,4.909902795,5247.43833,-0.064323869
79.355665,81259,81.254,2441,4870.19347,4.87019347,5247.43833,-0.071891242
79.425861,81309,81.304,2454,4934.917733,4.934917733,5247.43833,-0.059556793
79.455684,81359,81.354,2446,4894.966646,4.894966646,5247.43833,-0.067170238
79.519353,81409,81.404,2434,4835.761589,4.835761589,5247.43833,-0.078452897
79.55564,81459,81.454,2425,4791.916168,4.791916168,5247.43833,-0.086808483
79.605631,81509,81.504,2452,4924.893488,4.924893488,5247.43833,-0.061467105
79.685121,81559,81.554,2454,4934.917733,4.934917733,5247.43833,-0.059556793
79.705654,81609,81.604,2465,4990.490798,4.990490798,5247.43833,-0.04896628
79.776828,81659,81.654,2453,4929.902558,4.929902558,5247.43833,-0.060512531
79.805623,81709,81.704,2422,4777.405858,4.777405858,5247.43833,-0.089573701
79.855654,81759,81.754,2425,4791.916168,4.791916168,5247.43833,-0.086808483
79.927102,81809,81.804,2431,4821.09375,4.82109375,5247.43833,-0.081248135
79.955648,81859,81.854,2438,4855.401328,4.855401328,5247.43833,-0.074710169
80.020871,81909,81.904,2420,4767.761194,4.767761194,5247.43833,-0.091411677
80.055642,81959,81.954,2435,4840.662651,4.840662651,5247.43833,-0.077518906
80.105689,82009,82.004,2418,4758.139535,4.758139535,5247.43833,-0.093245268
80.181735,82059,82.054,2438,4855.401328,4.855401328,5247.43833,-0.074710169
80.205665,82109,82.104,2418,4758.139535,4.758139535,5247.43833,-0.093245268
80.255676,82159,82.154,2468,5005.777505,5.005777505,5247.43833,-0.046053104
80.323926,82209,82.204,2495,5145.9375,5.1459375,5247.43833,-0.01934293
80.355692,82259,82.254,2504,5193.714645,5.193714645,5247.43833,-0.010238078
80.42348,82309,82.304,2484,5088.268156,5.088268156,5247.43833,-0.030332929
80.455715,82359,82.354,2456,4944.966443,4.944966443,5247.43833,-0.057641818
80.517068,82409,82.404,2434,4835.761589,4.835761589,5247.43833,-0.078452897
80.555664,82459,82.454,2437,4850.482509,4.850482509,5247.43833,-0.075647544
80.60565,82509,82.504,2424,4787.073609,4.787073609,5247.43833,-0.087731326
80.68267,82559,82.554,2449,4909.902795,4.909902795,5247.43833,-0.064323869
80.705652,82609,82.604,2428,4806.478704,4.806478704,5247.43833,-0.084033313
80.774885,82659,82.654,2430,4816.216216,4.816216216,5247.43833,-0.082177643
80.805688,82709,82.704,2433,4830.866426,4.830866426,5247.43833,-0.079385765
80.874252,82759,82.754,2457,4950.0,4.95,5247.43833,-0.056682578
80.905632,82809,82.804,2454,4934.917733,4.934917733,5247.43833,-0.059556793
80.955667,82859,82.854,2448,4904.918033,4.904918033,5247.43833,-0.065273811
81.025487,82909,82.904,2443,4880.084746,4.880084746,5247.43833,-0.07000627
81.055658,82959,82.954,2404,4691.425192,4.691425192,5247.43833,-0.105958966
81.105656,83009,83.004,2409,4715.124555,4.715124555,5247.43833,-0.101442598
81.167728,83059,83.054,2438,4855.401328,4.855401328,5247.43833,-0.074710169
81.205675,83109,83.104,2418,4758.139535,4.758139535,5247.43833,-0.093245268
81.281317,83159,83.154,2432,4825.97715,4.82597715,5247.43833,-0.08031751
81.305647,83209,83.204,2420,4767.761194,4.767761194,5247.43833,-0.091411677
81.355631,83259,83.254,2425,4791.916168,4.791916168,5247.43833,-0.086808483
81.423687,83309,83.304,2418,4758.139535,4.758139535,5247.43833,-0.093245268
81.455617,83359,83.354,2442,4875.136116,4.875136116,5247.43833,-0.070949326
81.505648,83409,83.404,2496,5151.219512,5.151219512,5247.43833,-0.018336341
81.574559,83459,83.454,2496,5151.219512,5.151219512,5247.43833,-0.018336341
81.605668,83509,83.504,2498,5161.803381,5.161803381,5247.43833,-0.016319382
81.667919,83559,83.554,2449,4909.902795,4.909902795,5247.43833,-0.064323869
81.705653,83609,83.604,2439,4860.326087,4.860326087,5247.43833,-0.073771661
81.755661,83659,83.654,2429,4811.344538,4.811344538,5247.43833,-0.083106035
81.832799,83709,83.704,2425,4791.916168,4.791916168,5247.43833,-0.086808483
81.855648,83759,83.754,2438,4855.401328,4.855401328,5247.43833,-0.074710169
81.905645,83809,83.804,2445,4890.0,4.89,5247.43833,-0.068116728
81.975084,83859,83.854,2422,4777.405858,4.777405858,5247.43833,-0.089573701
82.005664,83909,83.904,2430,4816.216216,4.816216216,5247.43833,-0.082177643
82.075171,83959,83.954,2446,4894.966646,4.894966646,5247.43833,-0.067170238
82.105673,84009,84.004,2439,4860.326087,4.860326087,5247.43833,-0.073771661
82.155682,84059,84.054,2455,4939.939024,4.939939024,5247.43833,-0.058599889
82.217445,84109,84.104,2442,4875.136116,4.875136116,5247.43833,-0.070949326
82.255659,84159,84.154,2401,4677.272727,4.677272727,5247.43833,-0.108655989
82.305679,84209,84.204,2418,4758.139535,4.758139535,5247.43833,-0.093245268
82.382419,84259,84.254,2406,4700.888099,4.700888099,5247.43833,-0.104155627
82.405631,84309,84.304,2419,4762.947494,4.762947494,5247.43833,-0.09232902
82.455635,84359,84.354,2425,4791.916168,4.791916168,5247.43833,-0.086808483
82.52427,84409,84.404,2428,4806.478704,4.806478704,5247.43833,-0.084033313
82.555622,84459,84.454,2428,4806.478704,4.806478704,5247.43833,-0.084033313
82.605651,84509,84.504,2407,4705.627962,4.705627962,5247.43833,-0.103252356
82.668002,84559,84.554,2437,4850.482509,4.850482509,5247.43833,-0.075647544
82.705628,84609,84.604,2501,5177.728984,5.177728984,5247.43833,-0.013284453
82.755654,84659,84.654,2507,5209.760705,5.209760705,5247.43833,-0.007180194
82.825693,84709,84.704,2479,5062.314356,5.062314356,5247.43833,-0.035278923
82.855652,84759,84.754,2432,4825.97715,4.82597715,5247.43833,-0.08031751
82.905632,84809,84.804,2426,4796.76453,4.79676453,5247.43833,-0.085884535
82.982245,84859,84.854,2443,4880.084746,4.880084746,5247.43833,-0.07000627
83.00566,84909,84.904,2430,4816.216216,4.816216216,5247.43833,-0.082177643
83.068488,84959,84.954,2431,4821.09375,4.82109375,5247.43833,-0.081248135
83.105659,85009,85.004,2434,4835.761589,4.835761589,5247.43833,-0.078452897
83.15564,85059,85.054,2428,4806.478704,4.806478704,5247.43833,-0.084033313
83.23319,85109,85.104,2431,4821.09375,4.82109375,5247.43833,-0.081248135
83.255654,85159,85.154,2441,4870.19347,4.87019347,5247.43833,-0.071891242
83.324204,85209,85.204,2429,4811.344538,4.811344538,5247.43833,-0.083106035
83.355679,85259,85.254,2439,4860.326087,4.860326087,5247.43833,-0.073771661
83.416652,85309,85.304,2431,4821.09375,4.82109375,5247.43833,-0.081248135
83.455696,85359,85.354,2429,4811.344538,4.811344538,5247.43833,-0.083106035
83.532324,85409,85.404,2418,4758.139535,4.758139535,5247.43833,-0.093245268
83.555612,85459,85.454,2413,4734.185493,4.734185493,5247.43833,-0.09781017
83.605644,85509,85.504,2414,4738.964902,4.738964902,5247.43833,-0.096899362
83.674695,85559,85.554,2418,4758.139535,4.758139535,5247.43833,-0.093245268
83.705619,85609,85.604,2430,4816.216216,4.816216216,5247.43833,-0.082177643
83.755658,85659,85.654,2427,4801.618705,4.801618705,5247.43833,-0.084959479
83.824795,85709,85.704,2427,4801.618705,4.801618705,5247.43833,-0.084959479
83.855627,85759,85.754,2461,4970.195838,4.970195838,5247.43833,-0.052833873
83.905628,85809,85.804,2472,5026.247689,5.026247689,5247.43833,-0.042152118
83.968196,85859,85.854,2509,5220.491803,5.220491803,5247.43833,-0.005135177
84.005651,85909,85.904,2490,5119.626168,5.119626168,5247.43833,-0.024357058
84.082461,85959,85.954,2464,4985.407725,4.985407725,5247.43833,-0.049934957
84.105674,86009,86.004,2437,4850.482509,4.850482509,5247.43833,-0.075647544
84.175252,86059,86.054,2442,4875.136116,4.875136116,5247.43833,-0.070949326
84.205661,86109,86.104,2446,4894.966646,4.894966646,5247.43833,-0.067170238
84.255608,86159,86.154,2441,4870.19347,4.87019347,5247.43833,-0.071891242
84.324983,86209,86.204,2423,4782.236842,4.782236842,5247.43833,-0.088653064
84.355666,86259,86.254,2431,4821.09375,4.82109375,5247.43833,-0.081248135
84.424622,86309,86.304,2401,4677.272727,4.677272727,5247.43833,-0.108655989
84.455637,86359,86.354,2442,4875.136116,4.875136116,5247.43833,-0.070949326
84.505601,86409,86.404,2440,4865.256798,4.865256798,5247.43833,-0.07283202
84.568344,86459,86.454,2446,4894.966646,4.894966646,5247.43833,-0.067170238
84.605622,86509,86.504,2443,4880.084746,4.880084746,5247.43833,-0.07000627
84.682116,86559,86.554,2418,4758.139535,4.758139535,5247.43833,-0.093245268
84.705625,86609,86.604,2424,4787.073609,4.787073609,5247.43833,-0.087731326
84.755624,86659,86.654,2423,4782.236842,4.782236842,5247.43833,-0.088653064
84.824953,86709,86.704,2411,4724.643705,4.724643705,5247.43833,-0.099628541
84.85561,86759,86.754,2409,4715.124555,4.715124555,5247.43833,-0.101442598
84.905615,86809,86.804,2433,4830.866426,4.830866426,5247.43833,-0.079385765
84.97551,86859,86.854,2433,4830.866426,4.830866426,5247.43833,-0.079385765
85.005637,86909,86.904,2429,4811.344538,4.811344538,5247.43833,-0.083106035
85.068964,86959,86.954,2424,4787.073609,4.787073609,5247.43833,-0.087731326
85.105658,87009,87.004,2461,4970.195838,4.970195838,5247.43833,-0.052833873
85.182161,87059,87.054,2491,5124.875312,5.124875312,5247.43833,-0.023356733
85.205635,87109,87.104,2493,5135.393258,5.135393258,5247.43833,-0.021352337
85.255624,87159,87.154,2470,5016.0,5.016,5247.43833,-0.044105012
85.32499,87209,87.204,2434,4835.761589,4.835761589,5247.43833,-0.078452897
85.355618,87259,87.254,2440,4865.256798,4.865256798,5247.43833,-0.07283202
85.405633,87309,87.304,2420,4767.761194,4.767761194,5247.43833,-0.091411677
85.475173,87359,87.354,2436,4845.56962,4.84556962,5247.43833,-0.076583789
85.505608,87409,87.404,2437,4850.482509,4.850482509,5247.43833,-0.075647544
85.555611,87459,87.454,2416,4748.540798,4.748540798,5247.43833,-0.095074492
85.618617,87509,87.504,2421,4772.580645,4.772580645,5247.43833,-0.090493238
85.655655,87559,87.554,2454,4934.917733,4.934917733,5247.43833,-0.059556793
85.73239,87609,87.604,2447,4899.93932,4.89993932,5247.43833,-0.0662226
85.755626,87659,87.654,2452,4924.893488,4.924893488,5247.43833,-0.061467105
85.805665,87709,87.704,2441,4870.19347,4.87019347,5247.43833,-0.071891242
85.874891,87759,87.754,2431,4821.09375,4.82109375,5247.43833,-0.081248135
85.905607,87809,87.804,2420,4767.761194,4.767761194,5247.43833,-0.091411677
85.955616,87859,87.854,2422,4777.405858,4.777405858,5247.43833,-0.089573701
86.02695,87909,87.904,2417,4753.337306,4.753337306,5247.43833,-0.094160425
86.05565,87959,87.954,2426,4796.76453,4.79676453,5247.43833,-0.085884535
86.105651,88009,88.004,2450,4914.893617,4.914893617,5247.43833,-0.063372772
86.16851,88059,88.054,2448,4904.918033,4.904918033,5247.43833,-0.065273811
86.205644,88109,88.104,2438,4855.401328,4.855401328,5247.43833,-0.074710169
86.255628,88159,88.154,2413,4734.185493,4.734185493,5247.43833,-0.09781017
86.333578,88209,88.204,2445,4890.0,4.89,5247.43833,-0.068116728
86.355645,88259,88.254,2472,5026.247689,5.026247689,5247.43833,-0.042152118
86.424333,88309,88.304,2492,5130.131004,5.130131004,5247.43833,-0.02235516
86.455655,88359,88.354,2460,4965.137615,4.965137615,5247.43833,-0.053797815
86.525294,88409,88.404,2451,4919.890511,4.919890511,5247.43833,-0.062420518
86.555626,88459,88.454,2428,4806.478704,4.806478704,5247.43833,-0.084033313
86.605627,88509,88.504,2437,4850.482509,4.850482509,5247.43833,-0.075647544
86.675348,88559,88.554,2443,4880.084746,4.880084746,5247.43833,-0.07000627
86.705604,88609,88.604,2420,4767.761194,4.767761194,5247.43833,-0.091411677
86.75563,88659,88.654,2426,4796.76453,4.79676453,5247.43833,-0.085884535
86.818344,88709,88.704,2426,4796.76453,4.79676453,5247.43833,-0.085884535
86.855619,88759,88.754,2420,4767.761194,4.767761194,5247.43833,-0.091411677
86.905623,88809,88.804,2446,4894.966646,4.894966646,5247.43833,-0.067170238
86.983878,88859,88.854,2427,4801.618705,4.801618705,5247.43833,-0.084959479
87.005601,88909,88.904,2449,4909.902795,4.909902795,5247.43833,-0.064323869
87.055634,88959,88.954,2434,4835.761589,4.835761589,5247.43833,-0.078452897
87.126426,89009,89.004,2417,4753.337306,4.753337306,5247.43833,-0.094160425
87.155621,89059,89.054,2422,4777.405858,4.777405858,5247.43833,-0.089573701
87.205648,89109,89.104,2418,4758.139535,4.758139535,5247.43833,-0.093245268
87.268406,89159,89.154,2414,4738.964902,4.738964902,5247.43833,-0.096899362
87.305611,89209,89.204,2438,4855.401328,4.855401328,5247.43833,-0.074710169
87.355618,89259,89.254,2434,4835.761589,4.835761589,5247.43833,-0.078452897
87.433126,89309,89.304,2432,4825.97715,4.82597715,5247.43833,-0.08031751
87.455632,89359,89.354,2412,4729.411765,4.729411765,5247.43833,-0.098719896
87.524967,89409,89.404,2440,4865.256798,4.865256798,5247.43833,-0.07283202
87.55562,89459,89.454,2478,5057.142857,5.057142857,5247.43833,-0.036264452
87.605603,89509,89.504,2511,5231.25,5.23125,5247.43833,-0.003084997
87.676356,89559,89.554,2483,5083.064516,5.083064516,5247.43833,-0.031324582
87.705632,89609,89.604,2452,4924.893488,4.924893488,5247.43833,-0.061467105
87.769596,89659,89.654,2430,4816.216216,4.816216216,5247.43833,-0.082177643
87.805641,89709,89.704,2428,4806.478704,4.806478704,5247.43833,-0.084033313
87.855616,89759,89.754,2410,4719.881306,4.719881306,5247.43833,-0.100536108
87.926861,89809,89.804,2448,4904.918033,4.904918033,5247.43833,-0.065273811
87.955594,89859,89.854,2450,4914.893617,4.914893617,5247.43833,-0.063372772
88.033594,89909,89.904,2426,4796.76453,4.79676453,5247.43833,-0.085884535
88.055649,89959,89.954,2433,4830.866426,4.830866426,5247.43833,-0.079385765
88.105623,90009,90.004,2429,4811.344538,4.811344538,5247.43833,-0.083106035
88.166347,90059,90.054,2448,4904.918033,4.904918033,5247.43833,-0.065273811
88.205647,90109,90.104,2449,4909.902795,4.909902795,5247.43833,-0.064323869
88.280024,90159,90.154,2420,4767.761194,4.767761194,5247.43833,-0.091411677
88.305621,90209,90.204,2419,4762.947494,4.762947494,5247.43833,-0.09232902
88.355652,90259,90.254,2435,4840.662651,4.840662651,5247.43833,-0.077518906
88.422678,90309,90.304,2436,4845.56962,4.84556962,5247.43833,-0.076583789
88.455683,90359,90.354,2402,4681.984643,4.681984643,5247.43833,-0.107758043
88.515762,90409,90.404,2421,4772.580645,4.772580645,5247.43833,-0.090493238
88.555627,90459,90.454,2444,4885.03937,4.88503937,5247.43833,-0.069062071
88.605637,90509,90.504,2446,4894.966646,4.894966646,5247.43833,-0.067170238
88.681692,90559,90.554,2424,4787.073609,4.787073609,5247.43833,-0.087731326
88.705582,90609,90.604,2442,4875.136116,4.875136116,5247.43833,-0.070949326
88.755642,90659,90.654,2483,5083.064516,5.083064516,5247.43833,-0.031324582
88.823162,90709,90.704,2514,5247.43833,5.24743833,5247.43833,0.0
88.855615,90759,90.754,2491,5124.875312,5.124875312,5247.43833,-0.023356733
88.905594,90809,90.804,2459,4960.085575,4.960085575,5247.43833,-0.054760578
88.974488,90859,90.854,2439,4860.326087,4.860326087,5247.43833,-0.073771661
89.005607,90909,90.904,2427,4801.618705,4.801618705,5247.43833,-0.084959479
89.067394,90959,90.954,2421,4772.580645,4.772580645,5247.43833,-0.090493238
89.10564,91009,91.004,2440,4865.256798,4.865256798,5247.43833,-0.07283202
89.180385,91059,91.054,2431,4821.09375,4.82109375,5247.43833,-0.081248135
89.205646,91109,91.104,2413,4734.185493,4.734185493,5247.43833,-0.09781017
89.273273,91159,91.154,2412,4729.411765,4.729411765,5247.43833,-0.098719896
89.305643,91209,91.204,2432,4825.97715,4.82597715,5247.43833,-0.08031751
89.355642,91259,91.254,2439,4860.326087,4.860326087,5247.43833,-0.073771661
89.423053,91309,91.304,2453,4929.902558,4.929902558,5247.43833,-0.060512531
89.455633,91359,91.354,2430,4816.216216,4.816216216,5247.43833,-0.082177643
89.505601,91409,91.404,2430,4816.216216,4.816216216,5247.43833,-0.082177643
89.566188,91459,91.454,2436,4845.56962,4.84556962,5247.43833,-0.076583789
89.605585,91509,91.504,2427,4801.618705,4.801618705,5247.43833,-0.084959479
89.655629,91559,91.554,2408,4710.373444,4.710373444,5247.43833,-0.102348013
89.731159,91609,91.604,2418,4758.139535,4.758139535,5247.43833,-0.093245268
89.755612,91659,91.654,2442,4875.136116,4.875136116,5247.43833,-0.070949326
89.805592,91709,91.704,2430,4816.216216,4.816216216,5247.43833,-0.082177643
89.873251,91759,91.754,2412,4729.411765,4.729411765,5247.43833,-0.098719896
89.905569,91809,91.804,2437,4850.482509,4.850482509,5247.43833,-0.075647544
89.955611,91859,91.854,2475,5041.666667,5.041666667,5247.43833,-0.039213736
90.024586,91909,91.904,2483,5083.064516,5.083064516,5247.43833,-0.031324582
90.055669,91959,91.954,2500,5172.413793,5.172413793,5247.43833,-0.014297364
90.105636,92009,92.004,2463,4980.330882,4.980330882,5247.43833,-0.050902446
90.166313,92059,92.054,2455,4939.939024,4.939939024,5247.43833,-0.058599889
90.205643,92109,92.104,2412,4729.411765,4.729411765,5247.43833,-0.098719896
90.280019,92159,92.154,2404,4691.425192,4.691425192,5247.43833,-0.105958966
90.305639,92209,92.204,2437,4850.482509,4.850482509,5247.43833,-0.075647544
90.355601,92259,92.254,2429,4811.344538,4.811344538,5247.43833,-0.083106035
90.422902,92309,92.304,2417,4753.337306,4.753337306,5247.43833,-0.094160425
90.45564,92359,92.354,2418,4758.139535,4.758139535,5247.43833,-0.093245268
90.523805,92409,92.404,2440,4865.256798,4.865256798,5247.43833,-0.07283202
90.555509,92459,92.454,2414,4738.964902,4.738964902,5247.43833,-0.096899362
90.605586,92509,92.504,2430,4816.216216,4.816216216,5247.43833,-0.082177643
90.666863,92559,92.554,2488,5109.14748,5.10914748,5247.43833,-0.026353973
90.705578,92609,92.604,2403,4686.702128,4.686702128,5247.43833,-0.106859036
90.755584,92659,92.654,2419,4762.947494,4.762947494,5247.43833,-0.09232902
90.8312,92709,92.704,2426,4796.76453,4.79676453,5247.43833,-0.085884535
90.855604,92759,92.754,2415,4743.75,4.74375,5247.43833,-0.09598747
90.923796,92809,92.804,2425,4791.916168,4.791916168,5247.43833,-0.086808483
90.955569,92859,92.854,2404,4691.425192,4.691425192,5247.43833,-0.105958966
91.025626,92909,92.904,2446,4894.966646,4.894966646,5247.43833,-0.067170238
91.05551,92959,92.954,2423,4782.236842,4.782236842,5247.43833,-0.088653064
91.105645,93009,93.004,2419,4762.947494,4.762947494,5247.43833,-0.09232902
91.174811,93059,93.054,2474,5036.520666,5.036520666,5247.43833,-0.040194405
91.205649,93109,93.104,2490,5119.626168,5.119626168,5247.43833,-0.024357058
91.2556,93159,93.154,2497,5156.508135,5.156508135,5247.43833,-0.017328492
91.316693,93209,93.204,2485,5093.478261,5.093478261,5247.43833,-0.029340044
91.355591,93259,93.254,2430,4816.216216,4.816216216,5247.43833,-0.082177643
91.405641,93309,93.304,2444,4885.03937,4.88503937,5247.43833,-0.069062071
91.481852,93359,93.354,2424,4787.073609,4.787073609,5247.43833,-0.087731326
91.505635,93409,93.404,2434,4835.761589,4.835761589,5247.43833,-0.078452897
91.574701,93459,93.454,2440,4865.256798,4.865256798,5247.43833,-0.07283202
91.605591,93509,93.504,2419,4762.947494,4.762947494,5247.43833,-0.09232902
91.655611,93559,93.554,2434,4835.761589,4.835761589,5247.43833,-0.078452897
91.724204,93609,93.604,2453,4929.902558,4.929902558,5247.43833,-0.060512531
91.755587,93659,93.654,2445,4890.0,4.89,5247.43833,-0.068116728
91.805613,93709,93.704,2448,4904.918033,4.904918033,5247.43833,-0.065273811
91.867864,93759,93.754,2426,4796.76453,4.79676453,5247.43833,-0.085884535
91.905582,93809,93.804,2450,4914.893617,4.914893617,5247.43833,-0.063372772
91.955591,93859,93.854,2421,4772.580645,4.772580645,5247.43833,-0.090493238
92.033119,93909,93.904,2428,4806.478704,4.806478704,5247.43833,-0.084033313
92.055625,93959,93.954,2422,4777.405858,4.777405858,5247.43833,-0.089573701
92.105616,94009,94.004,2421,4772.580645,4.772580645,5247.43833,-0.090493238
92.174255,94059,94.054,2417,4753.337306,4.753337306,5247.43833,-0.094160425
92.2056,94109,94.104,2446,4894.966646,4.894966646,5247.43833,-0.067170238
92.255636,94159,94.154,2448,4904.918033,4.904918033,5247.43833,-0.065273811
92.317732,94209,94.204,2439,4860.326087,4.860326087,5247.43833,-0.073771661
92.355617,94259,94.254,2432,4825.97715,4.82597715,5247.43833,-0.08031751
92.405599,94309,94.304,2469,5010.885609,5.010885609,5247.43833,-0.045079657
92.481858,94359,94.354,2512,5236.639292,5.236639292,5247.43833,-0.002057964
92.505655,94409,94.404,2471,5021.12069,5.02112069,5247.43833,-0.043129166
92.574699,94459,94.454,2450,4914.893617,4.914893617,5247.43833,-0.063372772
92.605511,94509,94.504,2447,4899.93932,4.89993932,5247.43833,-0.0662226
92.65562,94559,94.554,2443,4880.084746,4.880084746,5247.43833,-0.07000627
92.725299,94609,94.604,2432,4825.97715,4.82597715,5247.43833,-0.08031751
92.75557,94659,94.654,2414,4738.964902,4.738964902,5247.43833,-0.096899362
92.805514,94709,94.704,2416,4748.540798,4.748540798,5247.43833,-0.095074492
92.871251,94759,94.754,2427,4801.618705,4.801618705,5247.43833,-0.084959479
92.905662,94809,94.804,2435,4840.662651,4.840662651,5247.43833,-0.077518906
93.030632,94859,94.854,2432,4825.97715,4.82597715,5247.43833,-0.08031751
93.12164,94909,94.904,2404,4691.425192,4.691425192,5247.43833,-0.105958966
93.121893,94959,94.954,2438,4855.401328,4.855401328,5247.43833,-0.074710169
93.122127,95009,95.004,2449,4909.902795,4.909902795,5247.43833,-0.064323869
93.155493,95059,95.054,2410,4719.881306,4.719881306,5247.43833,-0.100536108
93.224204,95109,95.104,2413,4734.185493,4.734185493,5247.43833,-0.09781017
93.255549,95159,95.154,2403,4686.702128,4.686702128,5247.43833,-0.106859036
93.332456,95209,95.204,2429,4811.344538,4.811344538,5247.43833,-0.083106035
93.355583,95259,95.254,2437,4850.482509,4.850482509,5247.43833,-0.075647544
93.417119,95309,95.304,2441,4870.19347,4.87019347,5247.43833,-0.071891242
93.455598,95359,95.354,2515,5252.848101,5.252848101,5247.43833,0.001030936
93.531912,95409,95.404,2439,4860.326087,4.860326087,5247.43833,-0.073771661
93.555607,95459,95.454,2429,4811.344538,4.811344538,5247.43833,-0.083106035
93.625257,95509,95.504,2494,5140.662086,5.140662086,5247.43833,-0.020348261
93.655597,95559,95.554,2500,5172.413793,5.172413793,5247.43833,-0.014297364
93.705595,95609,95.604,2467,5000.675676,5.000675676,5247.43833,-0.047025356
93.775245,95659,95.654,2465,4990.490798,4.990490798,5247.43833,-0.04896628
93.805556,95709,95.704,2448,4904.918033,4.904918033,5247.43833,-0.065273811
93.855573,95759,95.754,2432,4825.97715,4.82597715,5247.43833,-0.08031751
93.918366,95809,95.804,2447,4899.93932,4.89993932,5247.43833,-0.0662226
93.955584,95859,95.854,2438,4855.401328,4.855401328,5247.43833,-0.074710169
94.034012,95909,95.904,2409,4715.124555,4.715124555,5247.43833,-0.101442598
94.055617,95959,95.954,2413,4734.185493,4.734185493,5247.43833,-0.09781017
94.105576,96009,96.004,2419,4762.947494,4.762947494,5247.43833,-0.09232902
94.174674,96059,96.054,2436,4845.56962,4.84556962,5247.43833,-0.076583789
94.205614,96109,96.104,2421,4772.580645,4.772580645,5247.43833,-0.090493238
94.27425,96159,96.154,2440,4865.256798,4.865256798,5247.43833,-0.07283202
94.305553,96209,96.204,2435,4840.662651,4.840662651,5247.43833,-0.077518906
94.355592,96259,96.254,2426,4796.76453,4.79676453,5247.43833,-0.085884535
94.424376,96309,96.304,2422,4777.405858,4.777405858,5247.43833,-0.089573701
94.455602,96359,96.354,2417,4753.337306,4.753337306,5247.43833,-0.094160425
94.517902,96409,96.404,2413,4734.185493,4.734185493,5247.43833,-0.09781017
94.555581,96459,96.454,2419,4762.947494,4.762947494,5247.43833,-0.09232902
94.60562,96509,96.504,2420,4767.761194,4.767761194,5247.43833,-0.091411677
94.684418,96559,96.554,2443,4880.084746,4.880084746,5247.43833,-0.07000627
94.705566,96609,96.604,2462,4975.260257,4.975260257,5247.43833,-0.051868751
94.755597,96659,96.654,2406,4700.888099,4.700888099,5247.43833,-0.104155627
94.825068,96709,96.704,2484,5088.268156,5.088268156,5247.43833,-0.030332929
94.855558,96759,96.754,2495,5145.9375,5.1459375,5247.43833,-0.01934293
94.905576,96809,96.804,2492,5130.131004,5.130131004,5247.43833,-0.02235516
94.975587,96859,96.854,2453,4929.902558,4.929902558,5247.43833,-0.060512531
95.00564,96909,96.904,2426,4796.76453,4.79676453,5247.43833,-0.085884535
95.068934,96959,96.954,2447,4899.93932,4.89993932,5247.43833,-0.0662226
95.105598,97009,97.004,2430,4816.216216,4.816216216,5247.43833,-0.082177643
95.15557,97059,97.054,2432,4825.97715,4.82597715,5247.43833,-0.08031751
95.2345,97109,97.104,2427,4801.618705,4.801618705,5247.43833,-0.084959479
95.255578,97159,97.154,2393,4639.776733,4.639776733,5247.43833,-0.11580157
95.323878,97209,97.204,2412,4729.411765,4.729411765,5247.43833,-0.098719896
95.355604,97259,97.254,2431,4821.09375,4.82109375,5247.43833,-0.081248135
95.423985,97309,97.304,2432,4825.97715,4.82597715,5247.43833,-0.08031751
95.455554,97359,97.354,2431,4821.09375,4.82109375,5247.43833,-0.081248135
95.505564,97409,97.404,2432,4825.97715,4.82597715,5247.43833,-0.08031751
95.567717,97459,97.454,2434,4835.761589,4.835761589,5247.43833,-0.078452897
95.605588,97509,97.504,2431,4821.09375,4.82109375,5247.43833,-0.081248135
95.682651,97559,97.554,2415,4743.75,4.74375,5247.43833,-0.09598747
95.70556,97609,97.604,2402,4681.984643,4.681984643,5247.43833,-0.107758043
95.755582,97659,97.654,2421,4772.580645,4.772580645,5247.43833,-0.090493238
95.82469,97709,97.704,2395,4649.117647,4.649117647,5247.43833,-0.11402148
95.855563,97759,97.754,2470,5016.0,5.016,5247.43833,-0.044105012
95.905575,97809,97.804,2427,4801.618705,4.801618705,5247.43833,-0.084959479
95.975134,97859,97.854,2416,4748.540798,4.748540798,5247.43833,-0.095074492
96.005569,97909,97.904,2456,4944.966443,4.944966443,5247.43833,-0.057641818
96.075211,97959,97.954,2489,5114.383562,5.114383562,5247.43833,-0.025356138
96.105594,98009,98.004,2488,5109.14748,5.10914748,5247.43833,-0.026353973
96.167601,98059,98.054,2462,4975.260257,4.975260257,5247.43833,-0.051868751
96.205575,98109,98.104,2439,4860.326087,4.860326087,5247.43833,-0.073771661
96.255565,98159,98.154,2454,4934.917733,4.934917733,5247.43833,-0.059556793
96.332933,98209,98.204,2420,4767.761194,4.767761194,5247.43833,-0.091411677
96.355638,98259,98.254,2452,4924.893488,4.924893488,5247.43833,-0.061467105
96.424713,98309,98.304,2421,4772.580645,4.772580645,5247.43833,-0.090493238
96.455574,98359,98.354,2407,4705.627962,4.705627962,5247.43833,-0.103252356
96.505544,98409,98.404,2423,4782.236842,4.782236842,5247.43833,-0.088653064
96.578352,98459,98.454,2420,4767.761194,4.767761194,5247.43833,-0.091411677
96.605524,98509,98.504,2469,5010.885609,5.010885609,5247.43833,-0.045079657
96.655593,98559,98.554,2424,4787.073609,4.787073609,5247.43833,-0.087731326
96.718153,98609,98.604,2435,4840.662651,4.840662651,5247.43833,-0.077518906
96.755569,98659,98.654,2411,4724.643705,4.724643705,5247.43833,-0.099628541
96.805561,98709,98.704,2414,4738.964902,4.738964902,5247.43833,-0.096899362
96.88342,98759,98.754,2403,4686.702128,4.686702128,5247.43833,-0.106859036
96.905598,98809,98.804,2405,4696.153846,4.696153846,5247.43833,-0.10505783
96.975201,98859,98.854,2403,4686.702128,4.686702128,5247.43833,-0.106859036
97.005568,98909,98.904,2411,4724.643705,4.724643705,5247.43833,-0.099628541
97.055587,98959,98.954,2421,4772.580645,4.772580645,5247.43833,-0.090493238
97.125768,99009,99.004,2495,5145.9375,5.1459375,5247.43833,-0.01934293
97.155558,99059,99.054,2424,4787.073609,4.787073609,5247.43833,-0.087731326
97.205573,99109,99.104,2431,4821.09375,4.82109375,5247.43833,-0.081248135
97.269,99159,99.154,2470,5016.0,5.016,5247.43833,-0.044105012
97.305577,99209,99.204,2481,5072.67658,5.07267658,5247.43833,-0.033304203
97.382128,99259,99.254,2469,5010.885609,5.010885609,5247.43833,-0.045079657
97.405631,99309,99.304,2446,4894.966646,4.894966646,5247.43833,-0.067170238
97.474879,99359,99.354,2429,4811.344538,4.811344538,5247.43833,-0.083106035
97.505597,99409,99.404,2431,4821.09375,4.82109375,5247.43833,-0.081248135
97.555595,99459,99.454,2433,4830.866426,4.830866426,5247.43833,-0.079385765
97.625918,99509,99.504,2419,4762.947494,4.762947494,5247.43833,-0.09232902
97.655568,99559,99.554,2403,4686.702128,4.686702128,5247.43833,-0.106859036
97.705479,99609,99.604,2403,4686.702128,4.686702128,5247.43833,-0.106859036
97.769242,99659,99.654,2414,4738.964902,4.738964902,5247.43833,-0.096899362
97.805568,99709,99.704,2420,4767.761194,4.767761194,5247.43833,-0.091411677
97.884685,99759,99.754,2424,4787.073609,4.787073609,5247.43833,-0.087731326
97.905566,99809,99.804,2414,4738.964902,4.738964902,5247.43833,-0.096899362
97.968954,99859,99.854,2424,4787.073609,4.787073609,5247.43833,-0.087731326
98.005523,99909,99.904,2408,4710.373444,4.710373444,5247.43833,-0.102348013
98.055567,99959,99.954,2403,4686.702128,4.686702128,5247.43833,-0.106859036
98.133999,100009,100.004,2404,4691.425192,4.691425192,5247.43833,-0.105958966
98.155508,100059,100.054,2403,4686.702128,4.686702128,5247.43833,-0.106859036
98.205575,100109,100.104,2415,4743.75,4.74375,5247.43833,-0.09598747
98.269253,100159,100.154,2422,4777.405858,4.777405858,5247.43833,-0.089573701
98.305559,100209,100.204,2414,4738.964902,4.738964902,5247.43833,-0.096899362
98.355571,100259,100.254,2420,4767.761194,4.767761194,5247.43833,-0.091411677
98.426784,100309,100.304,2406,4700.888099,4.700888099,5247.43833,-0.104155627
98.455581,100359,100.354,2503,5188.379397,5.188379397,5247.43833,-0.011254812
98.535209,100409,100.404,2488,5109.14748,5.10914748,5247.43833,-0.026353973
98.555584,100459,100.454,2489,5114.383562,5.114383562,5247.43833,-0.025356138
98.605577,100509,100.504,2460,4965.137615,4.965137615,5247.43833,-0.053797815
98.676898,100559,100.554,2424,4787.073609,4.787073609,5247.43833,-0.087731326
98.705535,100609,100.604,2441,4870.19347,4.87019347,5247.43833,-0.071891242
98.755583,100659,100.654,2419,4762.947494,4.762947494,5247.43833,-0.09232902
98.826948,100709,100.704,2430,4816.216216,4.816216216,5247.43833,-0.082177643
98.855543,100759,100.754,2409,4715.124555,4.715124555,5247.43833,-0.101442598
98.905573,100809,100.804,2394,4644.444444,4.644444444,5247.43833,-0.114912048
98.970265,100859,100.854,2420,4767.761194,4.767761194,5247.43833,-0.091411677
99.005573,100909,100.904,2426,4796.76453,4.79676453,5247.43833,-0.085884535
99.084262,100959,100.954,2421,4772.580645,4.772580645,5247.43833,-0.090493238
99.105593,101009,101.004,2419,4762.947494,4.762947494,5247.43833,-0.09232902
99.176331,101059,101.054,2417,4753.337306,4.753337306,5247.43833,-0.094160425
99.205553,101109,101.104,2401,4677.272727,4.677272727,5247.43833,-0.108655989
99.255551,101159,101.154,2410,4719.881306,4.719881306,5247.43833,-0.100536108
99.326852,101209,101.204,2404,4691.425192,4.691425192,5247.43833,-0.105958966
99.355566,101259,101.254,2412,4729.411765,4.729411765,5247.43833,-0.098719896
99.425619,101309,101.304,2417,4753.337306,4.753337306,5247.43833,-0.094160425
99.455555,101359,101.354,2415,4743.75,4.74375,5247.43833,-0.09598747
99.505556,101409,101.404,2414,4738.964902,4.738964902,5247.43833,-0.096899362
99.569818,101459,101.454,2429,4811.344538,4.811344538,5247.43833,-0.083106035
99.605542,101509,101.504,2416,4748.540798,4.748540798,5247.43833,-0.095074492
99.655571,101559,101.554,2479,5062.314356,5.062314356,5247.43833,-0.035278923
99.734634,101609,101.604,2486,5098.694842,5.098694842,5247.43833,-0.028345924
99.755534,101659,101.654,2485,5093.478261,5.093478261,5247.43833,-0.029340044
99.805537,101709,101.704,2476,5046.819024,5.046819024,5247.43833,-0.038231856
99.877065,101759,101.754,2442,4875.136116,4.875136116,5247.43833,-0.070949326
99.905559,101809,101.804,2427,4801.618705,4.801618705,5247.43833,-0.084959479
99.977095,101859,101.854,2418,4758.139535,4.758139535,5247.43833,-0.093245268
100.005586,101909,101.904,2421,4772.580645,4.772580645,5247.43833,-0.090493238
100.070654,101959,101.954,2400,4672.566372,4.672566372,5247.43833,-0.109552876
100.105561,102009,102.004,2383,4593.399533,4.593399533,5247.43833,-0.124639635
100.155579,102059,102.054,2409,4715.124555,4.715124555,5247.43833,-0.101442598
100.233354,102109,102.104,2419,4762.947494,4.762947494,5247.43833,-0.09232902
100.255576,102159,102.154,2415,4743.75,4.74375,5247.43833,-0.09598747
100.305574,102209,102.204,2426,4796.76453,4.79676453,5247.43833,-0.085884535
100.37481,102259,102.254,2425,4791.916168,4.791916168,5247.43833,-0.086808483
100.405564,102309,102.304,2409,4715.124555,4.715124555,5247.43833,-0.101442598
100.455564,102359,102.354,2404,4691.425192,4.691425192,5247.43833,-0.105958966
100.52626,102409,102.404,2393,4639.776733,4.639776733,5247.43833,-0.11580157
100.55556,102459,102.454,2386,4607.255705,4.607255705,5247.43833,-0.121999076
100.618022,102509,102.504,2421,4772.580645,4.772580645,5247.43833,-0.090493238
100.655556,102559,102.554,2410,4719.881306,4.719881306,5247.43833,-0.100536108
100.705541,102609,102.604,2409,4715.124555,4.715124555,5247.43833,-0.101442598
100.782873,102659,102.654,2415,4743.75,4.74375,5247.43833,-0.09598747
100.805547,102709,102.704,2400,4672.566372,4.672566372,5247.43833,-0.109552876
100.875356,102759,102.754,2467,5000.675676,5.000675676,5247.43833,-0.047025356
100.90552,102809,102.804,2484,5088.268156,5.088268156,5247.43833,-0.030332929
100.955549,102859,102.854,2480,5067.49226,5.06749226,5247.43833,-0.034292174
101.027333,102909,102.904,2478,5057.142857,5.057142857,5247.43833,-0.036264452
101.055488,102959,102.954,2453,4929.902558,4.929902558,5247.43833,-0.060512531
101.10559,103009,103.004,2420,4767.761194,4.767761194,5247.43833,-0.091411677
101.169341,103059,103.054,2432,4825.97715,4.82597715,5247.43833,-0.08031751
101.205591,103109,103.104,2410,4719.881306,4.719881306,5247.43833,-0.100536108
101.255526,103159,103.154,2415,4743.75,4.74375,5247.43833,-0.09598747
101.333803,103209,103.204,2403,4686.702128,4.686702128,5247.43833,-0.106859036
101.355542,103259,103.254,2407,4705.627962,4.705627962,5247.43833,-0.103252356
101.425529,103309,103.304,2412,4729.411765,4.729411765,5247.43833,-0.098719896
101.455569,103359,103.354,2415,4743.75,4.74375,5247.43833,-0.09598747
101.525894,103409,103.404,2419,4762.947494,4.762947494,5247.43833,-0.09232902
101.555456,103459,103.454,2418,4758.139535,4.758139535,5247.43833,-0.093245268
101.605534,103509,103.504,2414,4738.964902,4.738964902,5247.43833,-0.096899362
101.671434,103559,103.554,2416,4748.540798,4.748540798,5247.43833,-0.095074492
101.705561,103609,103.604,2397,4658.480565,4.658480565,5247.43833,-0.112237196
101.784571,103659,103.654,2391,4630.457746,4.630457746,5247.43833,-0.117577482
101.805477,103709,103.704,2409,4715.124555,4.715124555,5247.43833,-0.101442598
101.855564,103759,103.754,2394,4644.444444,4.644444444,5247.43833,-0.114912048
101.926827,103809,103.804,2429,4811.344538,4.811344538,5247.43833,-0.083106035
101.955529,103859,103.854,2408,4710.373444,4.710373444,5247.43833,-0.102348013
102.027057,103909,103.904,2409,4715.124555,4.715124555,5247.43833,-0.101442598
102.055519,103959,103.954,2435,4840.662651,4.840662651,5247.43833,-0.077518906
102.105546,104009,104.004,2488,5109.14748,5.10914748,5247.43833,-0.026353973
102.1766,104059,104.054,2476,5046.819024,5.046819024,5247.43833,-0.038231856
102.20554,104109,104.104,2474,5036.520666,5.036520666,5247.43833,-0.040194405
102.255553,104159,104.154,2434,4835.761589,4.835761589,5247.43833,-0.078452897
102.318803,104209,104.204,2418,4758.139535,4.758139535,5247.43833,-0.093245268
102.355571,104259,104.254,2433,4830.866426,4.830866426,5247.43833,-0.079385765
102.432355,104309,104.304,2420,4767.761194,4.767761194,5247.43833,-0.091411677
102.455508,104359,104.354,2414,4738.964902,4.738964902,5247.43833,-0.096899362
102.505574,104409,104.404,2399,4667.865566,4.667865566,5247.43833,-0.110448704
102.577675,104459,104.454,2400,4672.566372,4.672566372,5247.43833,-0.109552876
102.605518,104509,104.504,2409,4715.124555,4.715124555,5247.43833,-0.101442598
102.655549,104559,104.554,2421,4772.580645,4.772580645,5247.43833,-0.090493238
102.727388,104609,104.604,2417,4753.337306,4.753337306,5247.43833,-0.094160425
102.755548,104659,104.654,2414,4738.964902,4.738964902,5247.43833,-0.096899362
102.818665,104709,104.704,2408,4710.373444,4.710373444,5247.43833,-0.102348013
102.855532,104759,104.754,2422,4777.405858,4.777405858,5247.43833,-0.089573701
102.905546,104809,104.804,2422,4777.405858,4.777405858,5247.43833,-0.089573701
102.984764,104859,104.854,2406,4700.888099,4.700888099,5247.43833,-0.104155627
103.00576,104909,104.904,2395,4649.117647,4.649117647,5247.43833,-0.11402148
103.08029,104959,104.954,2414,4738.964902,4.738964902,5247.43833,-0.096899362
103.10552,105009,105.004,2409,4715.124555,4.715124555,5247.43833,-0.101442598
103.155509,105059,105.054,2414,4738.964902,4.738964902,5247.43833,-0.096899362
103.233633,105109,105.104,2415,4743.75,4.74375,5247.43833,-0.09598747
103.255482,105159,105.154,2421,4772.580645,4.772580645,5247.43833,-0.090493238
103.305513,105209,105.204,2488,5109.14748,5.10914748,5247.43833,-0.026353973
103.368802,105259,105.254,2479,5062.314356,5.062314356,5247.43833,-0.035278923
103.405513,105309,105.304,2482,5077.867328,5.077867328,5247.43833,-0.032315006
103.475478,105359,105.354,2457,4950.0,4.95,5247.43833,-0.056682578
103.505577,105409,105.404,2438,4855.401328,4.855401328,5247.43833,-0.074710169
103.583331,105459,105.454,2423,4782.236842,4.782236842,5247.43833,-0.088653064
103.605547,105509,105.504,2436,4845.56962,4.84556962,5247.43833,-0.076583789
103.655516,105559,105.554,2428,4806.478704,4.806478704,5247.43833,-0.084033313
103.731986,105609,105.604,2413,4734.185493,4.734185493,5247.43833,-0.09781017
103.755416,105659,105.654,2398,4663.170301,4.663170301,5247.43833,-0.111343477
103.805546,105709,105.704,2404,4691.425192,4.691425192,5247.43833,-0.105958966
103.870001,105759,105.754,2404,4691.425192,4.691425192,5247.43833,-0.105958966
103.905521,105809,105.804,2421,4772.580645,4.772580645,5247.43833,-0.090493238
103.955496,105859,105.854,2425,4791.916168,4.791916168,5247.43833,-0.086808483
104.034613,105909,105.904,2419,4762.947494,4.762947494,5247.43833,-0.09232902
104.055498,105959,105.954,2417,4753.337306,4.753337306,5247.43833,-0.094160425
104.105536,106009,106.004,2415,4743.75,4.74375,5247.43833,-0.09598747
104.175943,106059,106.054,2412,4729.411765,4.729411765,5247.43833,-0.098719896
104.20551,106109,106.104,2403,4686.702128,4.686702128,5247.43833,-0.106859036
104.255498,106159,106.154,2407,4705.627962,4.705627962,5247.43833,-0.103252356
104.325676,106209,106.204,2414,4738.964902,4.738964902,5247.43833,-0.096899362
104.355434,106259,106.254,2417,4753.337306,4.753337306,5247.43833,-0.094160425
104.40552,106309,106.304,2415,4743.75,4.74375,5247.43833,-0.09598747
104.468934,106359,106.354,2420,4767.761194,4.767761194,5247.43833,-0.091411677
104.505521,106409,106.404,2485,5093.478261,5.093478261,5247.43833,-0.029340044
104.555562,106459,106.454,2489,5114.383562,5.114383562,5247.43833,-0.025356138
104.633529,106509,106.504,2487,5103.91791,5.10391791,5247.43833,-0.027350568
104.655519,106559,106.554,2484,5088.268156,5.088268156,5247.43833,-0.030332929
104.705591,106609,106.604,2416,4748.540798,4.748540798,5247.43833,-0.095074492
104.776891,106659,106.654,2410,4719.881306,4.719881306,5247.43833,-0.100536108
104.805503,106709,106.704,2435,4840.662651,4.840662651,5247.43833,-0.077518906
104.855522,106759,106.754,2428,4806.478704,4.806478704,5247.43833,-0.084033313
104.919459,106809,106.804,2416,4748.540798,4.748540798,5247.43833,-0.095074492
104.955513,106859,106.854,2393,4639.776733,4.639776733,5247.43833,-0.11580157
105.034127,106909,106.904,2405,4696.153846,4.696153846,5247.43833,-0.10505783
105.055593,106959,106.954,2409,4715.124555,4.715124555,5247.43833,-0.101442598
105.126537,107009,107.004,2411,4724.643705,4.724643705,5247.43833,-0.099628541
105.155539,107059,107.054,2420,4767.761194,4.767761194,5247.43833,-0.091411677
105.205526,107109,107.104,2421,4772.580645,4.772580645,5247.43833,-0.090493238
105.27648,107159,107.154,2402,4681.984643,4.681984643,5247.43833,-0.107758043
105.305508,107209,107.204,2393,4639.776733,4.639776733,5247.43833,-0.11580157
105.355574,107259,107.254,2385,4602.631579,4.602631579,5247.43833,-0.122880291
105.425577,107309,107.304,2386,4607.255705,4.607255705,5247.43833,-0.121999076
105.455542,107359,107.354,2396,4653.796351,4.653796351,5247.43833,-0.113129863
105.50552,107409,107.404,2413,4734.185493,4.734185493,5247.43833,-0.09781017
105.569572,107459,107.454,2413,4734.185493,4.734185493,5247.43833,-0.09781017
105.60551,107509,107.504,2409,4715.124555,4.715124555,5247.43833,-0.101442598
105.655507,107559,107.554,2426,4796.76453,4.79676453,5247.43833,-0.085884535
105.734471,107609,107.604,2460,4965.137615,4.965137615,5247.43833,-0.053797815
105.755471,107659,107.654,2472,5026.247689,5.026247689,5247.43833,-0.042152118
105.805568,107709,107.704,2483,5083.064516,5.083064516,5247.43833,-0.031324582
105.87644,107759,107.754,2480,5067.49226,5.06749226,5247.43833,-0.034292174
105.905517,107809,107.804,2445,4890.0,4.89,5247.43833,-0.068116728
105.95554,107859,107.854,2409,4715.124555,4.715124555,5247.43833,-0.101442598
106.021122,107909,107.904,2425,4791.916168,4.791916168,5247.43833,-0.086808483
106.055489,107959,107.954,2424,4787.073609,4.787073609,5247.43833,-0.087731326
106.105513,108009,108.004,2415,4743.75,4.74375,5247.43833,-0.09598747
106.18309,108059,108.054,2396,4653.796351,4.653796351,5247.43833,-0.113129863
106.205544,108109,108.104,2412,4729.411765,4.729411765,5247.43833,-0.098719896
106.27588,108159,108.154,2404,4691.425192,4.691425192,5247.43833,-0.105958966
106.305561,108209,108.204,2428,4806.478704,4.806478704,5247.43833,-0.084033313
106.375289,108259,108.254,2419,4762.947494,4.762947494,5247.43833,-0.09232902
106.405525,108309,108.304,2407,4705.627962,4.705627962,5247.43833,-0.103252356
106.455529,108359,108.354,2412,4729.411765,4.729411765,5247.43833,-0.098719896
106.527156,108409,108.404,2405,4696.153846,4.696153846,5247.43833,-0.10505783
106.555527,108459,108.454,2410,4719.881306,4.719881306,5247.43833,-0.100536108
106.619419,108509,108.504,2401,4677.272727,4.677272727,5247.43833,-0.108655989
106.655519,108559,108.554,2398,4663.170301,4.663170301,5247.43833,-0.111343477
106.705531,108609,108.604,2401,4677.272727,4.677272727,5247.43833,-0.108655989
106.784962,108659,108.654,2414,4738.964902,4.738964902,5247.43833,-0.096899362
106.805468,108709,108.704,2402,4681.984643,4.681984643,5247.43833,-0.107758043
106.85552,108759,108.754,2412,4729.411765,4.729411765,5247.43833,-0.098719896
106.927171,108809,108.804,2434,4835.761589,4.835761589,5247.43833,-0.078452897
106.955528,108859,108.854,2500,5172.413793,5.172413793,5247.43833,-0.014297364
107.027716,108909,108.904,2451,4919.890511,4.919890511,5247.43833,-0.062420518
107.055482,108959,108.954,2462,4975.260257,4.975260257,5247.43833,-0.051868751
107.10556,109009,109.004,2458,4955.039707,4.955039707,5247.43833,-0.055722165
107.169995,109059,109.054,2415,4743.75,4.74375,5247.43833,-0.09598747
107.205536,109109,109.104,2411,4724.643705,4.724643705,5247.43833,-0.099628541
107.255517,109159,109.154,2413,4734.185493,4.734185493,5247.43833,-0.09781017
107.33461,109209,109.204,2424,4787.073609,4.787073609,5247.43833,-0.087731326
107.355482,109259,109.254,2423,4782.236842,4.782236842,5247.43833,-0.088653064
107.405506,109309,109.304,2408,4710.373444,4.710373444,5247.43833,-0.102348013
107.475927,109359,109.354,2413,4734.185493,4.734185493,5247.43833,-0.09781017
107.505513,109409,109.404,2414,4738.964902,4.738964902,5247.43833,-0.096899362
107.577357,109459,109.454,2422,4777.405858,4.777405858,5247.43833,-0.089573701
107.605416,109509,109.504,2410,4719.881306,4.719881306,5247.43833,-0.100536108
107.655539,109559,109.554,2398,4663.170301,4.663170301,5247.43833,-0.111343477
107.721279,109609,109.604,2396,4653.796351,4.653796351,5247.43833,-0.113129863
107.755529,109659,109.654,2404,4691.425192,4.691425192,5247.43833,-0.105958966
107.805554,109709,109.704,2405,4696.153846,4.696153846,5247.43833,-0.10505783
107.884201,109759,109.754,2385,4602.631579,4.602631579,5247.43833,-0.122880291
107.905482,109809,109.804,2376,4561.256545,4.561256545,5247.43833,-0.130765098
107.955502,109859,109.854,2447,4899.93932,4.89993932,5247.43833,-0.0662226
108.027779,109909,109.904,2430,4816.216216,4.816216216,5247.43833,-0.082177643
108.055499,109959,109.954,2407,4705.627962,4.705627962,5247.43833,-0.103252356
108.105507,110009,110.004,2424,4787.073609,4.787073609,5247.43833,-0.087731326
108.169924,110059,110.054,2481,5072.67658,5.07267658,5247.43833,-0.033304203
108.205555,110109,110.104,2470,5016.0,5.016,5247.43833,-0.044105012
108.27676,110159,110.154,2471,5021.12069,5.02112069,5247.43833,-0.043129166
108.305539,110209,110.204,2467,5000.675676,5.000675676,5247.43833,-0.047025356
108.355535,110259,110.254,2429,4811.344538,4.811344538,5247.43833,-0.083106035
108.426843,110309,110.304,2397,4658.480565,4.658480565,5247.43833,-0.112237196
108.455505,110359,110.354,2437,4850.482509,4.850482509,5247.43833,-0.075647544
108.505497,110409,110.404,2412,4729.411765,4.729411765,5247.43833,-0.098719896
108.584769,110459,110.454,2417,4753.337306,4.753337306,5247.43833,-0.094160425
108.605452,110509,110.504,2400,4672.566372,4.672566372,5247.43833,-0.109552876
108.655495,110559,110.554,2414,4738.964902,4.738964902,5247.43833,-0.096899362
108.720523,110609,110.604,2409,4715.124555,4.715124555,5247.43833,-0.101442598
108.755548,110659,110.654,2433,4830.866426,4.830866426,5247.43833,-0.079385765
108.827108,110709,110.704,2410,4719.881306,4.719881306,5247.43833,-0.100536108
108.855521,110759,110.754,2406,4700.888099,4.700888099,5247.43833,-0.104155627
108.905505,110809,110.804,2400,4672.566372,4.672566372,5247.43833,-0.109552876
108.984306,110859,110.854,2395,4649.117647,4.649117647,5247.43833,-0.11402148
109.005503,110909,110.904,2396,4653.796351,4.653796351,5247.43833,-0.113129863
109.077704,110959,110.954,2395,4649.117647,4.649117647,5247.43833,-0.11402148
109.105526,111009,111.004,2399,4667.865566,4.667865566,5247.43833,-0.110448704
109.177384,111059,111.054,2405,4696.153846,4.696153846,5247.43833,-0.10505783
109.205478,111109,111.104,2416,4748.540798,4.748540798,5247.43833,-0.095074492
109.255515,111159,111.154,2405,4696.153846,4.696153846,5247.43833,-0.10505783
109.327206,111209,111.204,2417,4753.337306,4.753337306,5247.43833,-0.094160425
109.355428,111259,111.254,2486,5098.694842,5.098694842,5247.43833,-0.028345924
109.405554,111309,111.304,2474,5036.520666,5.036520666,5247.43833,-0.040194405
109.469868,111359,111.354,2471,5021.12069,5.02112069,5247.43833,-0.043129166
109.505498,111409,111.404,2501,5177.728984,5.177728984,5247.43833,-0.013284453
109.555514,111459,111.454,2424,4787.073609,4.787073609,5247.43833,-0.087731326
109.63522,111509,111.504,2426,4796.76453,4.79676453,5247.43833,-0.085884535
109.655504,111559,111.554,2405,4696.153846,4.696153846,5247.43833,-0.10505783
109.705523,111609,111.604,2411,4724.643705,4.724643705,5247.43833,-0.099628541
109.778157,111659,111.654,2406,4700.888099,4.700888099,5247.43833,-0.104155627
109.805518,111709,111.704,2397,4658.480565,4.658480565,5247.43833,-0.112237196
109.855493,111759,111.754,2413,4734.185493,4.734185493,5247.43833,-0.09781017
109.921054,111809,111.804,2436,4845.56962,4.84556962,5247.43833,-0.076583789
109.955508,111859,111.854,2423,4782.236842,4.782236842,5247.43833,-0.088653064
110.035649,111909,111.904,2426,4796.76453,4.79676453,5247.43833,-0.085884535
110.055632,111959,111.954,2413,4734.185493,4.734185493,5247.43833,-0.09781017
110.127904,112009,112.004,2445,4890.0,4.89,5247.43833,-0.068116728
110.155523,112059,112.054,2443,4880.084746,4.880084746,5247.43833,-0.07000627
110.205522,112109,112.104,2459,4960.085575,4.960085575,5247.43833,-0.054760578
110.277372,112159,112.154,2454,4934.917733,4.934917733,5247.43833,-0.059556793
110.305474,112209,112.204,2452,4924.893488,4.924893488,5247.43833,-0.061467105
110.355518,112259,112.254,2455,4939.939024,4.939939024,5247.43833,-0.058599889
110.427206,112309,112.304,2448,4904.918033,4.904918033,5247.43833,-0.065273811
110.455483,112359,112.354,2442,4875.136116,4.875136116,5247.43833,-0.070949326
110.505503,112409,112.404,2435,4840.662651,4.840662651,5247.43833,-0.077518906
110.571031,112459,112.454,2439,4860.326087,4.860326087,5247.43833,-0.073771661
110.605497,112509,112.504,2433,4830.866426,4.830866426,5247.43833,-0.079385765
110.655488,112559,112.554,2444,4885.03937,4.88503937,5247.43833,-0.069062071
110.737168,112609,112.604,2419,4762.947494,4.762947494,5247.43833,-0.09232902
110.755485,112659,112.654,2427,4801.618705,4.801618705,5247.43833,-0.084959479
110.805516,112709,112.704,2442,4875.136116,4.875136116,5247.43833,-0.070949326
110.878077,112759,112.754,2441,4870.19347,4.87019347,5247.43833,-0.071891242
110.905495,112809,112.804,2434,4835.761589,4.835761589,5247.43833,-0.078452897
110.955477,112859,112.854,2443,4880.084746,4.880084746,5247.43833,-0.07000627
111.022696,112909,112.904,2461,4970.195838,4.970195838,5247.43833,-0.052833873
111.05549,112959,112.954,2478,5057.142857,5.057142857,5247.43833,-0.036264452
111.105433,113009,113.004,2493,5135.393258,5.135393258,5247.43833,-0.021352337
111.1851,113059,113.054,2484,5088.268156,5.088268156,5247.43833,-0.030332929
111.205509,113109,113.104,2481,5072.67658,5.07267658,5247.43833,-0.033304203
111.277472,113159,113.154,2457,4950.0,4.95,5247.43833,-0.056682578
111.305514,113209,113.204,2441,4870.19347,4.87019347,5247.43833,-0.071891242
111.377152,113259,113.254,2420,4767.761194,4.767761194,5247.43833,-0.091411677
111.405479,113309,113.304,2435,4840.662651,4.840662651,5247.43833,-0.077518906
111.455504,113359,113.354,2414,4738.964902,4.738964902,5247.43833,-0.096899362
111.527498,113409,113.404,2405,4696.153846,4.696153846,5247.43833,-0.10505783
111.555498,113459,113.454,2408,4710.373444,4.710373444,5247.43833,-0.102348013
111.605487,113509,113.504,2411,4724.643705,4.724643705,5247.43833,-0.099628541
111.671304,113559,113.554,2419,4762.947494,4.762947494,5247.43833,-0.09232902
111.705505,113609,113.604,2417,4753.337306,4.753337306,5247.43833,-0.094160425
111.785095,113659,113.654,2402,4681.984643,4.681984643,5247.43833,-0.107758043
111.805498,113709,113.704,2437,4850.482509,4.850482509,5247.43833,-0.075647544
111.855498,113759,113.754,2441,4870.19347,4.87019347,5247.43833,-0.071891242
111.928498,113809,113.804,2442,4875.136116,4.875136116,5247.43833,-0.070949326
111.955495,113859,113.854,2444,4885.03937,4.88503937,5247.43833,-0.069062071
112.029363,113909,113.904,2449,4909.902795,4.909902795,5247.43833,-0.064323869
112.055486,113959,113.954,2450,4914.893617,4.914893617,5247.43833,-0.063372772
112.105584,114009,114.004,2438,4855.401328,4.855401328,5247.43833,-0.074710169
112.171502,114059,114.054,2437,4850.482509,4.850482509,5247.43833,-0.075647544
112.205503,114109,114.104,2453,4929.902558,4.929902558,5247.43833,-0.060512531
112.255491,114159,114.154,2416,4748.540798,4.748540798,5247.43833,-0.095074492
112.335854,114209,114.204,2431,4821.09375,4.82109375,5247.43833,-0.081248135
112.355477,114259,114.254,2435,4840.662651,4.840662651,5247.43833,-0.077518906
112.405486,114309,114.304,2430,4816.216216,4.816216216,5247.43833,-0.082177643
112.477516,114359,114.354,2451,4919.890511,4.919890511,5247.43833,-0.062420518
112.505494,114409,114.404,2440,4865.256798,4.865256798,5247.43833,-0.07283202
112.57886,114459,114.454,2431,4821.09375,4.82109375,5247.43833,-0.081248135
112.605471,114509,114.504,2437,4850.482509,4.850482509,5247.43833,-0.075647544
112.655513,114559,114.554,2435,4840.662651,4.840662651,5247.43833,-0.077518906
112.722075,114609,114.604,2442,4875.136116,4.875136116,5247.43833,-0.070949326
112.755392,114659,114.654,2487,5103.91791,5.10391791,5247.43833,-0.027350568
112.805482,114709,114.704,2524,5301.845958,5.301845958,5247.43833,0.010368417
112.886826,114759,114.754,2484,5088.268156,5.088268156,5247.43833,-0.030332929
112.905503,114809,114.804,2491,5124.875312,5.124875312,5247.43833,-0.023356733
112.978515,114859,114.854,2467,5000.675676,5.000675676,5247.43833,-0.047025356
113.005493,114909,114.904,2443,4880.084746,4.880084746,5247.43833,-0.07000627
113.055523,114959,114.954,2426,4796.76453,4.79676453,5247.43833,-0.085884535
113.130341,115009,115.004,2425,4791.916168,4.791916168,5247.43833,-0.086808483
113.15545,115059,115.054,2422,4777.405858,4.777405858,5247.43833,-0.089573701
113.205516,115109,115.104,2426,4796.76453,4.79676453,5247.43833,-0.085884535
113.271451,115159,115.154,2397,4658.480565,4.658480565,5247.43833,-0.112237196
113.305528,115209,115.204,2423,4782.236842,4.782236842,5247.43833,-0.088653064
113.384859,115259,115.254,2414,4738.964902,4.738964902,5247.43833,-0.096899362
113.405449,115309,115.304,2416,4748.540798,4.748540798,5247.43833,-0.095074492
113.455509,115359,115.354,2408,4710.373444,4.710373444,5247.43833,-0.102348013
113.528526,115409,115.404,2430,4816.216216,4.816216216,5247.43833,-0.082177643
113.555468,115459,115.454,2432,4825.97715,4.82597715,5247.43833,-0.08031751
113.60548,115509,115.504,2439,4860.326087,4.860326087,5247.43833,-0.073771661
113.679302,115559,115.554,2427,4801.618705,4.801618705,5247.43833,-0.084959479
113.705472,115609,115.604,2442,4875.136116,4.875136116,5247.43833,-0.070949326
113.755423,115659,115.654,2443,4880.084746,4.880084746,5247.43833,-0.07000627
113.821696,115709,115.704,2434,4835.761589,4.835761589,5247.43833,-0.078452897
113.855479,115759,115.754,2417,4753.337306,4.753337306,5247.43833,-0.094160425
113.935899,115809,115.804,2427,4801.618705,4.801618705,5247.43833,-0.084959479
113.95547,115859,115.854,2405,4696.153846,4.696153846,5247.43833,-0.10505783
114.031444,115909,115.904,2412,4729.411765,4.729411765,5247.43833,-0.098719896
114.055488,115959,115.954,2417,4753.337306,4.753337306,5247.43833,-0.094160425
114.105496,116009,116.004,2419,4762.947494,4.762947494,5247.43833,-0.09232902
114.178949,116059,116.054,2448,4904.918033,4.904918033,5247.43833,-0.065273811
114.205469,116109,116.104,2430,4816.216216,4.816216216,5247.43833,-0.082177643
114.255488,116159,116.154,2424,4787.073609,4.787073609,5247.43833,-0.087731326
114.321515,116209,116.204,2450,4914.893617,4.914893617,5247.43833,-0.063372772
114.355488,116259,116.254,2441,4870.19347,4.87019347,5247.43833,-0.071891242
114.4055,116309,116.304,2429,4811.344538,4.811344538,5247.43833,-0.083106035
114.48622,116359,116.354,2477,5051.97775,5.05197775,5247.43833,-0.037248762
114.505517,116409,116.404,2509,5220.491803,5.220491803,5247.43833,-0.005135177
114.580347,116459,116.454,2487,5103.91791,5.10391791,5247.43833,-0.027350568
114.605481,116509,116.504,2477,5051.97775,5.05197775,5247.43833,-0.037248762
114.655473,116559,116.554,2494,5140.662086,5.140662086,5247.43833,-0.020348261
114.729316,116609,116.604,2434,4835.761589,4.835761589,5247.43833,-0.078452897
114.755433,116659,116.654,2433,4830.866426,4.830866426,5247.43833,-0.079385765
114.805384,116709,116.704,2430,4816.216216,4.816216216,5247.43833,-0.082177643
114.872342,116759,116.754,2412,4729.411765,4.729411765,5247.43833,-0.098719896
114.905436,116809,116.804,2416,4748.540798,4.748540798,5247.43833,-0.095074492
114.987287,116859,116.854,2398,4663.170301,4.663170301,5247.43833,-0.111343477
115.005491,116909,116.904,2412,4729.411765,4.729411765,5247.43833,-0.098719896
115.081094,116959,116.954,2426,4796.76453,4.79676453,5247.43833,-0.085884535
115.105472,117009,117.004,2423,4782.236842,4.782236842,5247.43833,-0.088653064
115.155513,117059,117.054,2427,4801.618705,4.801618705,5247.43833,-0.084959479
115.229221,117109,117.104,2432,4825.97715,4.82597715,5247.43833,-0.08031751
115.255455,117159,117.154,2409,4715.124555,4.715124555,5247.43833,-0.101442598
115.305492,117209,117.204,2433,4830.866426,4.830866426,5247.43833,-0.079385765
115.378892,117259,117.254,2439,4860.326087,4.860326087,5247.43833,-0.073771661
115.405465,117309,117.304,2449,4909.902795,4.909902795,5247.43833,-0.064323869
115.455466,117359,117.354,2449,4909.902795,4.909902795,5247.43833,-0.064323869
115.522354,117409,117.404,2440,4865.256798,4.865256798,5247.43833,-0.07283202
115.555433,117459,117.454,2444,4885.03937,4.88503937,5247.43833,-0.069062071
115.605451,117509,117.504,2434,4835.761589,4.835761589,5247.43833,-0.078452897
115.686853,117559,117.554,2429,4811.344538,4.811344538,5247.43833,-0.083106035
115.705455,117609,117.604,2430,4816.216216,4.816216216,5247.43833,-0.082177643
115.755445,117659,117.654,2432,4825.97715,4.82597715,5247.43833,-0.08031751
115.830881,117709,117.704,2436,4845.56962,4.84556962,5247.43833,-0.076583789
115.85548,117759,117.754,2434,4835.761589,4.835761589,5247.43833,-0.078452897
115.93003,117809,117.804,2432,4825.97715,4.82597715,5247.43833,-0.08031751
115.955443,117859,117.854,2434,4835.761589,4.835761589,5247.43833,-0.078452897
116.023986,117909,117.904,2445,4890.0,4.89,5247.43833,-0.068116728
116.055427,117959,117.954,2441,4870.19347,4.87019347,5247.43833,-0.071891242
116.105485,118009,118.004,2443,4880.084746,4.880084746,5247.43833,-0.07000627
116.187032,118059,118.054,2480,5067.49226,5.06749226,5247.43833,-0.034292174
116.205459,118109,118.104,2496,5151.219512,5.151219512,5247.43833,-0.018336341
116.25548,118159,118.154,2496,5151.219512,5.151219512,5247.43833,-0.018336341
116.329376,118209,118.204,2494,5140.662086,5.140662086,5247.43833,-0.020348261
116.355482,118259,118.254,2494,5140.662086,5.140662086,5247.43833,-0.020348261
116.428775,118309,118.304,2452,4924.893488,4.924893488,5247.43833,-0.061467105
116.455458,118359,118.354,2438,4855.401328,4.855401328,5247.43833,-0.074710169
116.505412,118409,118.404,2435,4840.662651,4.840662651,5247.43833,-0.077518906
116.573581,118459,118.454,2402,4681.984643,4.681984643,5247.43833,-0.107758043
116.605457,118509,118.504,2417,4753.337306,4.753337306,5247.43833,-0.094160425
116.687398,118559,118.554,2402,4681.984643,4.681984643,5247.43833,-0.107758043
116.705448,118609,118.604,2414,4738.964902,4.738964902,5247.43833,-0.096899362
116.755423,118659,118.654,2428,4806.478704,4.806478704,5247.43833,-0.084033313
116.830183,118709,118.704,2415,4743.75,4.74375,5247.43833,-0.09598747
116.855461,118759,118.754,2424,4787.073609,4.787073609,5247.43833,-0.087731326
116.92996,118809,118.804,2438,4855.401328,4.855401328,5247.43833,-0.074710169
116.955417,118859,118.854,2437,4850.482509,4.850482509,5247.43833,-0.075647544
117.031018,118909,118.904,2424,4787.073609,4.787073609,5247.43833,-0.087731326
117.055424,118959,118.954,2441,4870.19347,4.87019347,5247.43833,-0.071891242
117.105427,119009,119.004,2443,4880.084746,4.880084746,5247.43833,-0.07000627
117.172531,119059,119.054,2439,4860.326087,4.860326087,5247.43833,-0.073771661
117.205525,119109,119.104,2443,4880.084746,4.880084746,5247.43833,-0.07000627
117.286561,119159,119.154,2433,4830.866426,4.830866426,5247.43833,-0.079385765
117.305439,119209,119.204,2441,4870.19347,4.87019347,5247.43833,-0.071891242
117.355487,119259,119.254,2422,4777.405858,4.777405858,5247.43833,-0.089573701
117.429188,119309,119.304,2428,4806.478704,4.806478704,5247.43833,-0.084033313
117.45544,119359,119.354,2409,4715.124555,4.715124555,5247.43833,-0.101442598
117.505449,119409,119.404,2432,4825.97715,4.82597715,5247.43833,-0.08031751
117.580208,119459,119.454,2419,4762.947494,4.762947494,5247.43833,-0.09232902
117.605418,119509,119.504,2439,4860.326087,4.860326087,5247.43833,-0.073771661
117.655454,119559,119.554,2428,4806.478704,4.806478704,5247.43833,-0.084033313
117.724342,119609,119.604,2449,4909.902795,4.909902795,5247.43833,-0.064323869
117.755464,119659,119.654,2459,4960.085575,4.960085575,5247.43833,-0.054760578
117.837587,119709,119.704,2414,4738.964902,4.738964902,5247.43833,-0.096899362
117.85548,119759,119.754,2439,4860.326087,4.860326087,5247.43833,-0.073771661
117.931126,119809,119.804,2494,5140.662086,5.140662086,5247.43833,-0.020348261
117.955449,119859,119.854,2506,5204.405286,5.204405286,5247.43833,-0.008200772
118.032016,119909,119.904,2466,4995.58011,4.99558011,5247.43833,-0.047996413
118.055431,119959,119.954,2475,5041.666667,5.041666667,5247.43833,-0.039213736
118.105435,120009,120.004,2440,4865.256798,4.865256798,5247.43833,-0.07283202
118.173751,120059,120.054,2455,4939.939024,4.939939024,5247.43833,-0.058599889
118.205484,120109,120.104,2432,4825.97715,4.82597715,5247.43833,-0.08031751
118.288063,120159,120.154,2417,4753.337306,4.753337306,5247.43833,-0.094160425
118.305447,120209,120.204,2421,4772.580645,4.772580645,5247.43833,-0.090493238
118.355433,120259,120.254,2400,4672.566372,4.672566372,5247.43833,-0.109552876
118.422441,120309,120.304,2415,4743.75,4.74375,5247.43833,-0.09598747
118.455504,120359,120.354,2419,4762.947494,4.762947494,5247.43833,-0.09232902
118.538694,120409,120.404,2411,4724.643705,4.724643705,5247.43833,-0.099628541
118.555467,120459,120.454,2421,4772.580645,4.772580645,5247.43833,-0.090493238
118.605465,120509,120.504,2421,4772.580645,4.772580645,5247.43833,-0.090493238
118.681305,120559,120.554,2434,4835.761589,4.835761589,5247.43833,-0.078452897
118.705408,120609,120.604,2430,4816.216216,4.816216216,5247.43833,-0.082177643
118.755431,120659,120.654,2431,4821.09375,4.82109375,5247.43833,-0.081248135
118.824256,120709,120.704,2438,4855.401328,4.855401328,5247.43833,-0.074710169
118.855405,120759,120.754,2443,4880.084746,4.880084746,5247.43833,-0.07000627
118.905478,120809,120.804,2449,4909.902795,4.909902795,5247.43833,-0.064323869
118.980707,120859,120.854,2437,4850.482509,4.850482509,5247.43833,-0.075647544
119.005458,120909,120.904,2430,4816.216216,4.816216216,5247.43833,-0.082177643
119.055413,120959,120.954,2409,4715.124555,4.715124555,5247.43833,-0.101442598
119.137738,121009,121.004,2430,4816.216216,4.816216216,5247.43833,-0.082177643
119.155383,121059,121.054,2418,4758.139535,4.758139535,5247.43833,-0.093245268
119.20547,121109,121.104,2431,4821.09375,4.82109375,5247.43833,-0.081248135
119.273676,121159,121.154,2423,4782.236842,4.782236842,5247.43833,-0.088653064
119.305419,121209,121.204,2425,4791.916168,4.791916168,5247.43833,-0.086808483
119.355442,121259,121.254,2426,4796.76453,4.79676453,5247.43833,-0.085884535
119.437581,121309,121.304,2437,4850.482509,4.850482509,5247.43833,-0.075647544
119.455396,121359,121.354,2443,4880.084746,4.880084746,5247.43833,-0.07000627
119.505403,121409,121.404,2454,4934.917733,4.934917733,5247.43833,-0.059556793
119.58262,121459,121.454,2444,4885.03937,4.88503937,5247.43833,-0.069062071
119.605343,121509,121.504,2452,4924.893488,4.924893488,5247.43833,-0.061467105
119.655402,121559,121.554,2518,5269.11858,5.26911858,5247.43833,0.004131587
119.731598,121609,121.604,2482,5077.867328,5.077867328,5247.43833,-0.032315006
119.755377,121659,121.654,2500,5172.413793,5.172413793,5247.43833,-0.014297364
119.805404,121709,121.704,2473,5031.381011,5.031381011,5247.43833,-0.041173865
119.874344,121759,121.754,2423,4782.236842,4.782236842,5247.43833,-0.088653064
119.905406,121809,121.804,2437,4850.482509,4.850482509,5247.43833,-0.075647544
119.988106,121859,121.854,2419,4762.947494,4.762947494,5247.43833,-0.09232902
120.005398,121909,121.904,2412,4729.411765,4.729411765,5247.43833,-0.098719896
120.055413,121959,121.954,2419,4762.947494,4.762947494,5247.43833,-0.09232902
120.132093,122009,122.004,2419,4762.947494,4.762947494,5247.43833,-0.09232902
120.155407,122059,122.054,2407,4705.627962,4.705627962,5247.43833,-0.103252356
120.205433,122109,122.104,2435,4840.662651,4.840662651,5247.43833,-0.077518906
120.280832,122159,122.154,2429,4811.344538,4.811344538,5247.43833,-0.083106035
120.305439,122209,122.204,2425,4791.916168,4.791916168,5247.43833,-0.086808483
120.372696,122259,122.254,2436,4845.56962,4.84556962,5247.43833,-0.076583789
120.405377,122309,122.304,2424,4787.073609,4.787073609,5247.43833,-0.087731326
120.455467,122359,122.354,2437,4850.482509,4.850482509,5247.43833,-0.075647544
120.538448,122409,122.404,2436,4845.56962,4.84556962,5247.43833,-0.076583789
120.555441,122459,122.454,2434,4835.761589,4.835761589,5247.43833,-0.078452897
120.605419,122509,122.504,2464,4985.407725,4.985407725,5247.43833,-0.049934957
120.681182,122559,122.554,2451,4919.890511,4.919890511,5247.43833,-0.062420518
120.70542,122609,122.604,2431,4821.09375,4.82109375,5247.43833,-0.081248135
120.78087,122659,122.654,2427,4801.618705,4.801618705,5247.43833,-0.084959479
120.805439,122709,122.704,2408,4710.373444,4.710373444,5247.43833,-0.102348013
120.87377,122759,122.754,2419,4762.947494,4.762947494,5247.43833,-0.09232902
120.905425,122809,122.804,2417,4753.337306,4.753337306,5247.43833,-0.094160425
120.955419,122859,122.854,2417,4753.337306,4.753337306,5247.43833,-0.094160425
121.039307,122909,122.904,2475,5041.666667,5.041666667,5247.43833,-0.039213736
121.055409,122959,122.954,2426,4796.76453,4.79676453,5247.43833,-0.085884535
121.105442,123009,123.004,2478,5057.142857,5.057142857,5247.43833,-0.036264452
121.181173,123059,123.054,2454,4934.917733,4.934917733,5247.43833,-0.059556793
121.205354,123109,123.104,2431,4821.09375,4.82109375,5247.43833,-0.081248135
121.255441,123159,123.154,2432,4825.97715,4.82597715,5247.43833,-0.08031751
121.330492,123209,123.204,2479,5062.314356,5.062314356,5247.43833,-0.035278923
121.355476,123259,123.254,2498,5161.803381,5.161803381,5247.43833,-0.016319382
121.42286,123309,123.304,2480,5067.49226,5.06749226,5247.43833,-0.034292174
121.455435,123359,123.354,2482,5077.867328,5.077867328,5247.43833,-0.032315006
121.505384,123409,123.404,2496,5151.219512,5.151219512,5247.43833,-0.018336341
121.589319,123459,123.454,2438,4855.401328,4.855401328,5247.43833,-0.074710169
121.605484,123509,123.504,2438,4855.401328,4.855401328,5247.43833,-0.074710169
121.682661,123559,123.554,2417,4753.337306,4.753337306,5247.43833,-0.094160425
121.7053,123609,123.604,2411,4724.643705,4.724643705,5247.43833,-0.099628541
121.755391,123659,123.654,2425,4791.916168,4.791916168,5247.43833,-0.086808483
121.831988,123709,123.704,2408,4710.373444,4.710373444,5247.43833,-0.102348013
121.855426,123759,123.754,2407,4705.627962,4.705627962,5247.43833,-0.103252356
121.924565,123809,123.804,2415,4743.75,4.74375,5247.43833,-0.09598747
121.955435,123859,123.854,2408,4710.373444,4.710373444,5247.43833,-0.102348013
122.038937,123909,123.904,2419,4762.947494,4.762947494,5247.43833,-0.09232902
122.055429,123959,123.954,2437,4850.482509,4.850482509,5247.43833,-0.075647544
122.105475,124009,124.004,2431,4821.09375,4.82109375,5247.43833,-0.081248135
122.181293,124059,124.054,2432,4825.97715,4.82597715,5247.43833,-0.08031751
122.205371,124109,124.104,2432,4825.97715,4.82597715,5247.43833,-0.08031751
122.255406,124159,124.154,2480,5067.49226,5.06749226,5247.43833,-0.034292174
122.331235,124209,124.204,2448,4904.918033,4.904918033,5247.43833,-0.065273811
122.355405,124259,124.254,2437,4850.482509,4.850482509,5247.43833,-0.075647544
122.405453,124309,124.304,2431,4821.09375,4.82109375,5247.43833,-0.081248135
122.472981,124359,124.354,2415,4743.75,4.74375,5247.43833,-0.09598747
122.505365,124409,124.404,2411,4724.643705,4.724643705,5247.43833,-0.099628541
122.555369,124459,124.454,2415,4743.75,4.74375,5247.43833,-0.09598747
122.638702,124509,124.504,2416,4748.540798,4.748540798,5247.43833,-0.095074492
122.655427,124559,124.554,2410,4719.881306,4.719881306,5247.43833,-0.100536108
122.731687,124609,124.604,2424,4787.073609,4.787073609,5247.43833,-0.087731326
122.755413,124659,124.654,2427,4801.618705,4.801618705,5247.43833,-0.084959479
122.805383,124709,124.704,2436,4845.56962,4.84556962,5247.43833,-0.076583789
122.882892,124759,124.754,2432,4825.97715,4.82597715,5247.43833,-0.08031751
122.905315,124809,124.804,2436,4845.56962,4.84556962,5247.43833,-0.076583789
122.955396,124859,124.854,2425,4791.916168,4.791916168,5247.43833,-0.086808483
123.027576,124909,124.904,2458,4955.039707,4.955039707,5247.43833,-0.055722165
123.055453,124959,124.954,2508,5215.122873,5.215122873,5247.43833,-0.00615833
123.105355,125009,125.004,2500,5172.413793,5.172413793,5247.43833,-0.014297364
123.188104,125059,125.054,2495,5145.9375,5.1459375,5247.43833,-0.01934293
123.205387,125109,125.104,2486,5098.694842,5.098694842,5247.43833,-0.028345924
123.281228,125159,125.154,2435,4840.662651,4.840662651,5247.43833,-0.077518906
123.305366,125209,125.204,2445,4890.0,4.89,5247.43833,-0.068116728
123.355417,125259,125.254,2416,4748.540798,4.748540798,5247.43833,-0.095074492
123.430067,125309,125.304,2401,4677.272727,4.677272727,5247.43833,-0.108655989
123.455403,125359,125.354,2426,4796.76453,4.79676453,5247.43833,-0.085884535
123.505357,125409,125.404,2407,4705.627962,4.705627962,5247.43833,-0.103252356
123.574734,125459,125.454,2418,4758.139535,4.758139535,5247.43833,-0.093245268
123.605416,125509,125.504,2414,4738.964902,4.738964902,5247.43833,-0.096899362
123.687729,125559,125.554,2404,4691.425192,4.691425192,5247.43833,-0.105958966
123.705408,125609,125.604,2414,4738.964902,4.738964902,5247.43833,-0.096899362
123.75536,125659,125.654,2437,4850.482509,4.850482509,5247.43833,-0.075647544
123.83145,125709,125.704,2429,4811.344538,4.811344538,5247.43833,-0.083106035
123.855397,125759,125.754,2430,4816.216216,4.816216216,5247.43833,-0.082177643
123.931187,125809,125.804,2454,4934.917733,4.934917733,5247.43833,-0.059556793
123.955398,125859,125.854,2449,4909.902795,4.909902795,5247.43833,-0.064323869
124.032949,125909,125.904,2443,4880.084746,4.880084746,5247.43833,-0.07000627
124.0554,125959,125.954,2427,4801.618705,4.801618705,5247.43833,-0.084959479
124.105432,126009,126.004,2422,4777.405858,4.777405858,5247.43833,-0.089573701
124.174143,126059,126.054,2414,4738.964902,4.738964902,5247.43833,-0.096899362
124.20532,126109,126.104,2421,4772.580645,4.772580645,5247.43833,-0.090493238
124.255316,126159,126.154,2420,4767.761194,4.767761194,5247.43833,-0.091411677
124.337783,126209,126.204,2421,4772.580645,4.772580645,5247.43833,-0.090493238
124.355358,126259,126.254,2436,4845.56962,4.84556962,5247.43833,-0.076583789
124.430303,126309,126.304,2447,4899.93932,4.89993932,5247.43833,-0.0662226
124.455378,126359,126.354,2458,4955.039707,4.955039707,5247.43833,-0.055722165
124.531648,126409,126.404,2418,4758.139535,4.758139535,5247.43833,-0.093245268
124.555401,126459,126.454,2479,5062.314356,5.062314356,5247.43833,-0.035278923
124.626659,126509,126.504,2536,5368.056446,5.368056446,5247.43833,0.022986095
124.655377,126559,126.554,2412,4729.411765,4.729411765,5247.43833,-0.098719896
124.7054,126609,126.604,2482,5077.867328,5.077867328,5247.43833,-0.032315006
124.791146,126659,126.654,2502,5183.050847,5.183050847,5247.43833,-0.01227027
124.805399,126709,126.704,2488,5109.14748,5.10914748,5247.43833,-0.026353973
124.855485,126759,126.754,2468,5005.777505,5.005777505,5247.43833,-0.046053104
124.94943,126809,126.804,2494,5140.662086,5.140662086,5247.43833,-0.020348261
124.955339,126859,126.854,2451,4919.890511,4.919890511,5247.43833,-0.062420518
125.005409,126909,126.904,2443,4880.084746,4.880084746,5247.43833,-0.07000627
125.082636,126959,126.954,2419,4762.947494,4.762947494,5247.43833,-0.09232902
125.105371,127009,127.004,2419,4762.947494,4.762947494,5247.43833,-0.09232902
125.155419,127059,127.054,2443,4880.084746,4.880084746,5247.43833,-0.07000627
125.224314,127109,127.104,2405,4696.153846,4.696153846,5247.43833,-0.10505783
125.255438,127159,127.154,2409,4715.124555,4.715124555,5247.43833,-0.101442598
125.33996,127209,127.204,2422,4777.405858,4.777405858,5247.43833,-0.089573701
125.355338,127259,127.254,2397,4658.480565,4.658480565,5247.43833,-0.112237196
125.405396,127309,127.304,2437,4850.482509,4.850482509,5247.43833,-0.075647544
125.480573,127359,127.354,2420,4767.761194,4.767761194,5247.43833,-0.091411677
125.50537,127409,127.404,2425,4791.916168,4.791916168,5247.43833,-0.086808483
125.555397,127459,127.454,2435,4840.662651,4.840662651,5247.43833,-0.077518906
125.63325,127509,127.504,2425,4791.916168,4.791916168,5247.43833,-0.086808483
125.655368,127559,127.554,2435,4840.662651,4.840662651,5247.43833,-0.077518906
125.705386,127609,127.604,2423,4782.236842,4.782236842,5247.43833,-0.088653064
125.774656,127659,127.654,2433,4830.866426,4.830866426,5247.43833,-0.079385765
125.80537,127709,127.704,2421,4772.580645,4.772580645,5247.43833,-0.090493238
125.855399,127759,127.754,2411,4724.643705,4.724643705,5247.43833,-0.099628541
125.938991,127809,127.804,2412,4729.411765,4.729411765,5247.43833,-0.098719896
125.955378,127859,127.854,2411,4724.643705,4.724643705,5247.43833,-0.099628541
126.03356,127909,127.904,2408,4710.373444,4.710373444,5247.43833,-0.102348013
126.055411,127959,127.954,2424,4787.073609,4.787073609,5247.43833,-0.087731326
126.105355,128009,128.004,2417,4753.337306,4.753337306,5247.43833,-0.094160425
126.181467,128059,128.054,2430,4816.216216,4.816216216,5247.43833,-0.082177643
126.20544,128109,128.104,2447,4899.93932,4.89993932,5247.43833,-0.0662226
126.273971,128159,128.154,2472,5026.247689,5.026247689,5247.43833,-0.042152118
126.305366,128209,128.204,2456,4944.966443,4.944966443,5247.43833,-0.057641818
126.355398,128259,128.254,2422,4777.405858,4.777405858,5247.43833,-0.089573701
126.438758,128309,128.304,2442,4875.136116,4.875136116,5247.43833,-0.070949326
126.455369,128359,128.354,2475,5041.666667,5.041666667,5247.43833,-0.039213736
126.505371,128409,128.404,2503,5188.379397,5.188379397,5247.43833,-0.011254812
126.582368,128459,128.454,2474,5036.520666,5.036520666,5247.43833,-0.040194405
126.605352,128509,128.504,2496,5151.219512,5.151219512,5247.43833,-0.018336341
126.655385,128559,128.554,2451,4919.890511,4.919890511,5247.43833,-0.062420518
126.732559,128609,128.604,2458,4955.039707,4.955039707,5247.43833,-0.055722165
126.755433,128659,128.654,2415,4743.75,4.74375,5247.43833,-0.09598747
126.8253,128709,128.704,2411,4724.643705,4.724643705,5247.43833,-0.099628541
126.85538,128759,128.754,2417,4753.337306,4.753337306,5247.43833,-0.094160425
126.905378,128809,128.804,2409,4715.124555,4.715124555,5247.43833,-0.101442598
126.989152,128859,128.854,2436,4845.56962,4.84556962,5247.43833,-0.076583789
127.005364,128909,128.904,2411,4724.643705,4.724643705,5247.43833,-0.099628541
127.055353,128959,128.954,2417,4753.337306,4.753337306,5247.43833,-0.094160425
127.133413,129009,129.004,2404,4691.425192,4.691425192,5247.43833,-0.105958966
127.155416,129059,129.054,2408,4710.373444,4.710373444,5247.43833,-0.102348013
127.231726,129109,129.104,2429,4811.344538,4.811344538,5247.43833,-0.083106035
127.255404,129159,129.154,2422,4777.405858,4.777405858,5247.43833,-0.089573701
127.305394,129209,129.204,2422,4777.405858,4.777405858,5247.43833,-0.089573701
127.373856,129259,129.254,2435,4840.662651,4.840662651,5247.43833,-0.077518906
127.4054,129309,129.304,2415,4743.75,4.74375,5247.43833,-0.09598747
127.487774,129359,129.354,2427,4801.618705,4.801618705,5247.43833,-0.084959479
127.50535,129409,129.404,2419,4762.947494,4.762947494,5247.43833,-0.09232902
127.555379,129459,129.454,2405,4696.153846,4.696153846,5247.43833,-0.10505783
127.632436,129509,129.504,2413,4734.185493,4.734185493,5247.43833,-0.09781017
127.655356,129559,129.554,2419,4762.947494,4.762947494,5247.43833,-0.09232902
127.705316,129609,129.604,2421,4772.580645,4.772580645,5247.43833,-0.090493238
127.783305,129659,129.654,2418,4758.139535,4.758139535,5247.43833,-0.093245268
127.805376,129709,129.704,2421,4772.580645,4.772580645,5247.43833,-0.090493238
127.881959,129759,129.754,2421,4772.580645,4.772580645,5247.43833,-0.090493238
127.905359,129809,129.804,2465,4990.490798,4.990490798,5247.43833,-0.04896628
127.955388,129859,129.854,2462,4975.260257,4.975260257,5247.43833,-0.051868751
128.026389,129909,129.904,2440,4865.256798,4.865256798,5247.43833,-0.07283202
128.055281,129959,129.954,2480,5067.49226,5.06749226,5247.43833,-0.034292174
128.105456,130009,130.004,2432,4825.97715,4.82597715,5247.43833,-0.08031751
128.18951,130059,130.054,2480,5067.49226,5.06749226,5247.43833,-0.034292174
128.205352,130109,130.104,2510,5225.867508,5.225867508,5247.43833,-0.004110734
128.255398,130159,130.154,2482,5077.867328,5.077867328,5247.43833,-0.032315006
128.332389,130209,130.204,2491,5124.875312,5.124875312,5247.43833,-0.023356733
128.355403,130259,130.254,2439,4860.326087,4.860326087,5247.43833,-0.073771661
128.40537,130309,130.304,2435,4840.662651,4.840662651,5247.43833,-0.077518906
128.477306,130359,130.354,2421,4772.580645,4.772580645,5247.43833,-0.090493238
128.505276,130409,130.404,2418,4758.139535,4.758139535,5247.43833,-0.093245268
128.555336,130459,130.454,2407,4705.627962,4.705627962,5247.43833,-0.103252356
128.639936,130509,130.504,2410,4719.881306,4.719881306,5247.43833,-0.100536108
128.655348,130559,130.554,2414,4738.964902,4.738964902,5247.43833,-0.096899362
128.725111,130609,130.604,2409,4715.124555,4.715124555,5247.43833,-0.101442598
128.755386,130659,130.654,2413,4734.185493,4.734185493,5247.43833,-0.09781017
128.839327,130709,130.704,2403,4686.702128,4.686702128,5247.43833,-0.106859036
128.855337,130759,130.754,2412,4729.411765,4.729411765,5247.43833,-0.098719896
128.905365,130809,130.804,2426,4796.76453,4.79676453,5247.43833,-0.085884535
128.982915,130859,130.854,2420,4767.761194,4.767761194,5247.43833,-0.091411677
129.005312,130909,130.904,2421,4772.580645,4.772580645,5247.43833,-0.090493238
129.055389,130959,130.954,2433,4830.866426,4.830866426,5247.43833,-0.079385765
129.125012,131009,131.004,2439,4860.326087,4.860326087,5247.43833,-0.073771661
129.155361,131059,131.054,2437,4850.482509,4.850482509,5247.43833,-0.075647544
129.205341,131109,131.104,2422,4777.405858,4.777405858,5247.43833,-0.089573701
129.289066,131159,131.154,2407,4705.627962,4.705627962,5247.43833,-0.103252356
129.305365,131209,131.204,2404,4691.425192,4.691425192,5247.43833,-0.105958966
129.373735,131259,131.254,2407,4705.627962,4.705627962,5247.43833,-0.103252356
129.405342,131309,131.304,2417,4753.337306,4.753337306,5247.43833,-0.094160425
129.455382,131359,131.354,2411,4724.643705,4.724643705,5247.43833,-0.099628541
129.539512,131409,131.404,2414,4738.964902,4.738964902,5247.43833,-0.096899362
129.555331,131459,131.454,2399,4667.865566,4.667865566,5247.43833,-0.110448704
129.605316,131509,131.504,2418,4758.139535,4.758139535,5247.43833,-0.093245268
129.675406,131559,131.554,2414,4738.964902,4.738964902,5247.43833,-0.096899362
129.705333,131609,131.604,2421,4772.580645,4.772580645,5247.43833,-0.090493238
129.788579,131659,131.654,2422,4777.405858,4.777405858,5247.43833,-0.089573701
129.805323,131709,131.704,2434,4835.761589,4.835761589,5247.43833,-0.078452897
129.855277,131759,131.754,2464,4985.407725,4.985407725,5247.43833,-0.049934957
129.932631,131809,131.804,2499,5167.105263,5.167105263,5247.43833,-0.015309006
129.955338,131859,131.854,2490,5119.626168,5.119626168,5247.43833,-0.024357058
130.03373,131909,131.904,2486,5098.694842,5.098694842,5247.43833,-0.028345924
130.055418,131959,131.954,2473,5031.381011,5.031381011,5247.43833,-0.041173865
130.124854,132009,132.004,2432,4825.97715,4.82597715,5247.43833,-0.08031751
130.155364,132059,132.054,2426,4796.76453,4.79676453,5247.43833,-0.085884535
130.205345,132109,132.104,2419,4762.947494,4.762947494,5247.43833,-0.09232902
130.28926,132159,132.154,2402,4681.984643,4.681984643,5247.43833,-0.107758043
130.305348,132209,132.204,2404,4691.425192,4.691425192,5247.43833,-0.105958966
130.380724,132259,132.254,2417,4753.337306,4.753337306,5247.43833,-0.094160425
130.405231,132309,132.304,2413,4734.185493,4.734185493,5247.43833,-0.09781017
130.455268,132359,132.354,2420,4767.761194,4.767761194,5247.43833,-0.091411677
130.532374,132409,132.404,2408,4710.373444,4.710373444,5247.43833,-0.102348013
130.555367,132459,132.454,2424,4787.073609,4.787073609,5247.43833,-0.087731326
130.633118,132509,132.504,2434,4835.761589,4.835761589,5247.43833,-0.078452897
130.655308,132559,132.554,2436,4845.56962,4.84556962,5247.43833,-0.076583789
130.705371,132609,132.604,2434,4835.761589,4.835761589,5247.43833,-0.078452897
130.776204,132659,132.654,2431,4821.09375,4.82109375,5247.43833,-0.081248135
130.805382,132709,132.704,2435,4840.662651,4.840662651,5247.43833,-0.077518906
130.889002,132759,132.754,2441,4870.19347,4.87019347,5247.43833,-0.071891242
130.905301,132809,132.804,2423,4782.236842,4.782236842,5247.43833,-0.088653064
130.955368,132859,132.854,2412,4729.411765,4.729411765,5247.43833,-0.098719896
131.033758,132909,132.904,2402,4681.984643,4.681984643,5247.43833,-0.107758043
131.055336,132959,132.954,2415,4743.75,4.74375,5247.43833,-0.09598747
131.105326,133009,133.004,2402,4681.984643,4.681984643,5247.43833,-0.107758043
131.181997,133059,133.054,2411,4724.643705,4.724643705,5247.43833,-0.099628541
131.205356,133109,133.104,2416,4748.540798,4.748540798,5247.43833,-0.095074492
131.273877,133159,133.154,2420,4767.761194,4.767761194,5247.43833,-0.091411677
131.305364,133209,133.204,2423,4782.236842,4.782236842,5247.43833,-0.088653064
131.387942,133259,133.254,2529,5329.310345,5.329310345,5247.43833,0.015602282
131.405352,133309,133.304,2425,4791.916168,4.791916168,5247.43833,-0.086808483
131.4554,133359,133.354,2523,5296.374046,5.296374046,5247.43833,0.009325639
131.532911,133409,133.404,2430,4816.216216,4.816216216,5247.43833,-0.082177643
131.555361,133459,133.454,2461,4970.195838,4.970195838,5247.43833,-0.052833873
131.605382,133509,133.504,2478,5057.142857,5.057142857,5247.43833,-0.036264452
131.683455,133559,133.554,2497,5156.508135,5.156508135,5247.43833,-0.017328492
131.705258,133609,133.604,2481,5072.67658,5.07267658,5247.43833,-0.033304203
131.755382,133659,133.654,2487,5103.91791,5.10391791,5247.43833,-0.027350568
131.826588,133709,133.704,2434,4835.761589,4.835761589,5247.43833,-0.078452897
131.855379,133759,133.754,2424,4787.073609,4.787073609,5247.43833,-0.087731326
131.905357,133809,133.804,2411,4724.643705,4.724643705,5247.43833,-0.099628541
131.989679,133859,133.854,2407,4705.627962,4.705627962,5247.43833,-0.103252356
132.005353,133909,133.904,2431,4821.09375,4.82109375,5247.43833,-0.081248135
132.084207,133959,133.954,2413,4734.185493,4.734185493,5247.43833,-0.09781017
132.105347,134009,134.004,2413,4734.185493,4.734185493,5247.43833,-0.09781017
132.155398,134059,134.054,2416,4748.540798,4.748540798,5247.43833,-0.095074492
132.232505,134109,134.104,2414,4738.964902,4.738964902,5247.43833,-0.096899362
132.255282,134159,134.154,2390,4625.806452,4.625806452,5247.43833,-0.118463875
132.305382,134209,134.204,2425,4791.916168,4.791916168,5247.43833,-0.086808483
132.374407,134259,134.254,2435,4840.662651,4.840662651,5247.43833,-0.077518906
132.405315,134309,134.304,2427,4801.618705,4.801618705,5247.43833,-0.084959479
132.45535,134359,134.354,2433,4830.866426,4.830866426,5247.43833,-0.079385765
132.539089,134409,134.404,2433,4830.866426,4.830866426,5247.43833,-0.079385765
132.555374,134459,134.454,2439,4860.326087,4.860326087,5247.43833,-0.073771661
132.633843,134509,134.504,2415,4743.75,4.74375,5247.43833,-0.09598747
132.655382,134559,134.554,2425,4791.916168,4.791916168,5247.43833,-0.086808483
132.733815,134609,134.604,2414,4738.964902,4.738964902,5247.43833,-0.096899362
132.755369,134659,134.654,2405,4696.153846,4.696153846,5247.43833,-0.10505783
132.805347,134709,134.704,2403,4686.702128,4.686702128,5247.43833,-0.106859036
132.875886,134759,134.754,2415,4743.75,4.74375,5247.43833,-0.09598747
132.905343,134809,134.804,2407,4705.627962,4.705627962,5247.43833,-0.103252356
132.955325,134859,134.854,2414,4738.964902,4.738964902,5247.43833,-0.096899362
133.039963,134909,134.904,2428,4806.478704,4.806478704,5247.43833,-0.084033313
133.055323,134959,134.954,2438,4855.401328,4.855401328,5247.43833,-0.074710169
133.105318,135009,135.004,2433,4830.866426,4.830866426,5247.43833,-0.079385765
133.18209,135059,135.054,2447,4899.93932,4.89993932,5247.43833,-0.0662226
133.205333,135109,135.104,2416,4748.540798,4.748540798,5247.43833,-0.095074492
133.281792,135159,135.154,2445,4890.0,4.89,5247.43833,-0.068116728
133.305321,135209,135.204,2461,4970.195838,4.970195838,5247.43833,-0.052833873
133.355358,135259,135.254,2495,5145.9375,5.1459375,5247.43833,-0.01934293
133.424785,135309,135.304,2478,5057.142857,5.057142857,5247.43833,-0.036264452
133.455355,135359,135.354,2483,5083.064516,5.083064516,5247.43833,-0.031324582
133.505319,135409,135.404,2452,4924.893488,4.924893488,5247.43833,-0.061467105
133.589651,135459,135.454,2433,4830.866426,4.830866426,5247.43833,-0.079385765
133.605319,135509,135.504,2410,4719.881306,4.719881306,5247.43833,-0.100536108
133.65532,135559,135.554,2427,4801.618705,4.801618705,5247.43833,-0.084959479
133.735128,135609,135.604,2419,4762.947494,4.762947494,5247.43833,-0.09232902
133.755337,135659,135.654,2412,4729.411765,4.729411765,5247.43833,-0.098719896
133.827548,135709,135.704,2391,4630.457746,4.630457746,5247.43833,-0.117577482
133.854384,135759,135.754,2414,4738.964902,4.738964902,5247.43833,-0.096899362
133.905319,135809,135.804,2402,4681.984643,4.681984643,5247.43833,-0.107758043
133.985288,135859,135.854,2418,4758.139535,4.758139535,5247.43833,-0.093245268
134.00429,135909,135.904,2409,4715.124555,4.715124555,5247.43833,-0.101442598
134.054399,135959,135.954,2421,4772.580645,4.772580645,5247.43833,-0.090493238
134.145649,136009,136.004,2450,4914.893617,4.914893617,5247.43833,-0.063372772
134.154367,136059,136.054,2433,4830.866426,4.830866426,5247.43833,-0.079385765
134.204311,136109,136.104,2433,4830.866426,4.830866426,5247.43833,-0.079385765
134.285709,136159,136.154,2427,4801.618705,4.801618705,5247.43833,-0.084959479
134.304357,136209,136.204,2431,4821.09375,4.82109375,5247.43833,-0.081248135
134.385814,136259,136.254,2429,4811.344538,4.811344538,5247.43833,-0.083106035
134.404342,136309,136.304,2409,4715.124555,4.715124555,5247.43833,-0.101442598
134.454391,136359,136.354,2414,4738.964902,4.738964902,5247.43833,-0.096899362
134.531197,136409,136.404,2402,4681.984643,4.681984643,5247.43833,-0.107758043
134.554407,136459,136.454,2401,4677.272727,4.677272727,5247.43833,-0.108655989
134.646527,136509,136.504,2410,4719.881306,4.719881306,5247.43833,-0.100536108
134.654338,136559,136.554,2403,4686.702128,4.686702128,5247.43833,-0.106859036
134.704383,136609,136.604,2436,4845.56962,4.84556962,5247.43833,-0.076583789
134.789483,136659,136.654,2467,5000.675676,5.000675676,5247.43833,-0.047025356
134.805291,136709,136.704,2413,4734.185493,4.734185493,5247.43833,-0.09781017
134.889982,136759,136.754,2433,4830.866426,4.830866426,5247.43833,-0.079385765
134.904309,136809,136.804,2421,4772.580645,4.772580645,5247.43833,-0.090493238
134.95435,136859,136.854,2433,4830.866426,4.830866426,5247.43833,-0.079385765
135.041439,136909,136.904,2457,4950.0,4.95,5247.43833,-0.056682578
135.054336,136959,136.954,2495,5145.9375,5.1459375,5247.43833,-0.01934293
135.104363,137009,137.004,2480,5067.49226,5.06749226,5247.43833,-0.034292174
135.182036,137059,137.054,2482,5077.867328,5.077867328,5247.43833,-0.032315006
135.205317,137109,137.104,2453,4929.902558,4.929902558,5247.43833,-0.060512531
135.29822,137159,137.154,2443,4880.084746,4.880084746,5247.43833,-0.07000627
135.304345,137209,137.204,2421,4772.580645,4.772580645,5247.43833,-0.090493238
135.354322,137259,137.254,2427,4801.618705,4.801618705,5247.43833,-0.084959479
135.439354,137309,137.304,2412,4729.411765,4.729411765,5247.43833,-0.098719896
135.454329,137359,137.354,2449,4909.902795,4.909902795,5247.43833,-0.064323869
135.542559,137409,137.404,2402,4681.984643,4.681984643,5247.43833,-0.107758043
135.554332,137459,137.454,2421,4772.580645,4.772580645,5247.43833,-0.090493238
135.634673,137509,137.504,2420,4767.761194,4.767761194,5247.43833,-0.091411677
135.654367,137559,137.554,2404,4691.425192,4.691425192,5247.43833,-0.105958966
135.749467,137609,137.604,2398,4663.170301,4.663170301,5247.43833,-0.111343477
135.754342,137659,137.654,2410,4719.881306,4.719881306,5247.43833,-0.100536108
135.804363,137709,137.704,2430,4816.216216,4.816216216,5247.43833,-0.082177643
135.891452,137759,137.754,2441,4870.19347,4.87019347,5247.43833,-0.071891242
135.904348,137809,137.804,2434,4835.761589,4.835761589,5247.43833,-0.078452897
135.954343,137859,137.854,2431,4821.09375,4.82109375,5247.43833,-0.081248135
136.043346,137909,137.904,2426,4796.76453,4.79676453,5247.43833,-0.085884535
136.054315,137959,137.954,2420,4767.761194,4.767761194,5247.43833,-0.091411677
136.104325,138009,138.004,2407,4705.627962,4.705627962,5247.43833,-0.103252356
136.1837,138059,138.054,2400,4672.566372,4.672566372,5247.43833,-0.109552876
136.204393,138109,138.104,2402,4681.984643,4.681984643,5247.43833,-0.107758043
136.298598,138159,138.154,2415,4743.75,4.74375,5247.43833,-0.09598747
136.304354,138209,138.204,2413,4734.185493,4.734185493,5247.43833,-0.09781017
136.354356,138259,138.254,2401,4677.272727,4.677272727,5247.43833,-0.108655989
136.441018,138309,138.304,2403,4686.702128,4.686702128,5247.43833,-0.106859036
136.454332,138359,138.354,2399,4667.865566,4.667865566,5247.43833,-0.110448704
136.504313,138409,138.404,2416,4748.540798,4.748540798,5247.43833,-0.095074492
136.594507,138459,138.454,2422,4777.405858,4.777405858,5247.43833,-0.089573701
136.604323,138509,138.504,2413,4734.185493,4.734185493,5247.43833,-0.09781017
136.654413,138559,138.554,2422,4777.405858,4.777405858,5247.43833,-0.089573701
136.736639,138609,138.604,2450,4914.893617,4.914893617,5247.43833,-0.063372772
136.754368,138659,138.654,2506,5204.405286,5.204405286,5247.43833,-0.008200772
136.804339,138709,138.704,2489,5114.383562,5.114383562,5247.43833,-0.025356138
136.902029,138759,138.754,2483,5083.064516,5.083064516,5247.43833,-0.031324582
136.904339,138809,138.804,2460,4965.137615,4.965137615,5247.43833,-0.053797815
136.993725,138859,138.854,2470,5016.0,5.016,5247.43833,-0.044105012
137.004301,138909,138.904,2417,4753.337306,4.753337306,5247.43833,-0.094160425
137.054338,138959,138.954,2435,4840.662651,4.840662651,5247.43833,-0.077518906
137.145239,139009,139.004,2412,4729.411765,4.729411765,5247.43833,-0.098719896
137.154314,139059,139.054,2408,4710.373444,4.710373444,5247.43833,-0.102348013
137.204314,139109,139.104,2418,4758.139535,4.758139535,5247.43833,-0.093245268
137.285499,139159,139.154,2405,4696.153846,4.696153846,5247.43833,-0.10505783
137.304333,139209,139.204,2477,5051.97775,5.05197775,5247.43833,-0.037248762
137.400271,139259,139.254,2403,4686.702128,4.686702128,5247.43833,-0.106859036
137.404325,139309,139.304,2400,4672.566372,4.672566372,5247.43833,-0.109552876
137.454244,139359,139.354,2423,4782.236842,4.782236842,5247.43833,-0.088653064
137.543413,139409,139.404,2423,4782.236842,4.782236842,5247.43833,-0.088653064
137.554307,139459,139.454,2429,4811.344538,4.811344538,5247.43833,-0.083106035
137.645012,139509,139.504,2426,4796.76453,4.79676453,5247.43833,-0.085884535
137.654298,139559,139.554,2435,4840.662651,4.840662651,5247.43833,-0.077518906
137.704391,139609,139.604,2421,4772.580645,4.772580645,5247.43833,-0.090493238
137.788176,139659,139.654,2417,4753.337306,4.753337306,5247.43833,-0.094160425
137.804334,139709,139.704,2421,4772.580645,4.772580645,5247.43833,-0.090493238
137.854324,139759,139.754,2389,4621.16061,4.62116061,5247.43833,-0.119349229
137.95356,139809,139.804,2389,4621.16061,4.62116061,5247.43833,-0.119349229
137.954385,139859,139.854,2404,4691.425192,4.691425192,5247.43833,-0.105958966
138.045349,139909,139.904,2407,4705.627962,4.705627962,5247.43833,-0.103252356
138.054314,139959,139.954,2399,4667.865566,4.667865566,5247.43833,-0.110448704
138.104297,140009,140.004,2402,4681.984643,4.681984643,5247.43833,-0.107758043
138.191974,140059,140.054,2405,4696.153846,4.696153846,5247.43833,-0.10505783
138.204334,140109,140.104,2438,4855.401328,4.855401328,5247.43833,-0.074710169
138.292778,140159,140.154,2430,4816.216216,4.816216216,5247.43833,-0.082177643
138.304346,140209,140.204,2413,4734.185493,4.734185493,5247.43833,-0.09781017
138.385137,140259,140.254,2419,4762.947494,4.762947494,5247.43833,-0.09232902
138.404353,140309,140.304,2431,4821.09375,4.82109375,5247.43833,-0.081248135
138.502327,140359,140.354,2504,5193.714645,5.193714645,5247.43833,-0.010238078
138.50434,140409,140.404,2495,5145.9375,5.1459375,5247.43833,-0.01934293
138.55435,140459,140.454,2465,4990.490798,4.990490798,5247.43833,-0.04896628
138.644186,140509,140.504,2483,5083.064516,5.083064516,5247.43833,-0.031324582
138.654349,140559,140.554,2425,4791.916168,4.791916168,5247.43833,-0.086808483
138.744315,140609,140.604,2423,4782.236842,4.782236842,5247.43833,-0.088653064
138.754339,140659,140.654,2429,4811.344538,4.811344538,5247.43833,-0.083106035
138.804359,140709,140.704,2410,4719.881306,4.719881306,5247.43833,-0.100536108
138.886603,140759,140.754,2414,4738.964902,4.738964902,5247.43833,-0.096899362
138.904334,140809,140.804,2414,4738.964902,4.738964902,5247.43833,-0.096899362
138.954337,140859,140.854,2414,4738.964902,4.738964902,5247.43833,-0.096899362
139.054583,140909,140.904,2415,4743.75,4.74375,5247.43833,-0.09598747
139.145272,140959,140.954,2409,4715.124555,4.715124555,5247.43833,-0.101442598
139.145494,141009,141.004,2416,4748.540798,4.748540798,5247.43833,-0.095074492
139.154308,141059,141.054,2402,4681.984643,4.681984643,5247.43833,-0.107758043
139.204367,141109,141.104,2418,4758.139535,4.758139535,5247.43833,-0.093245268
139.29326,141159,141.154,2416,4748.540798,4.748540798,5247.43833,-0.095074492
139.30433,141209,141.204,2489,5114.383562,5.114383562,5247.43833,-0.025356138
139.354256,141259,141.254,2530,5334.824281,5.334824281,5247.43833,0.016653069
139.435409,141309,141.304,2528,5323.803446,5.323803446,5247.43833,0.014552837
139.454314,141359,141.354,2487,5103.91791,5.10391791,5247.43833,-0.027350568
139.553068,141409,141.404,2417,4753.337306,4.753337306,5247.43833,-0.094160425
139.55425,141459,141.454,2424,4787.073609,4.787073609,5247.43833,-0.087731326
139.604327,141509,141.504,2401,4677.272727,4.677272727,5247.43833,-0.108655989
139.688111,141559,141.554,2391,4630.457746,4.630457746,5247.43833,-0.117577482
139.704382,141609,141.604,2387,4611.885246,4.611885246,5247.43833,-0.121116828
139.803988,141659,141.654,2388,4616.520211,4.616520211,5247.43833,-0.120233546
139.804228,141709,141.704,2392,4635.114504,4.635114504,5247.43833,-0.116690047
139.854304,141759,141.754,2510,5225.867508,5.225867508,5247.43833,-0.004110734
139.945577,141809,141.804,2512,5236.639292,5.236639292,5247.43833,-0.002057964
139.954314,141859,141.854,2415,4743.75,4.74375,5247.43833,-0.09598747
140.039553,141909,141.904,2418,4758.139535,4.758139535,5247.43833,-0.093245268
140.05432,141959,141.954,2421,4772.580645,4.772580645,5247.43833,-0.090493238
140.104294,142009,142.004,2446,4894.966646,4.894966646,5247.43833,-0.067170238
140.201898,142059,142.054,2466,4995.58011,4.99558011,5247.43833,-0.047996413
140.204316,142109,142.104,2480,5067.49226,5.06749226,5247.43833,-0.034292174
140.294664,142159,142.154,2484,5088.268156,5.088268156,5247.43833,-0.030332929
140.304294,142209,142.204,2472,5026.247689,5.026247689,5247.43833,-0.042152118
140.354352,142259,142.254,2437,4850.482509,4.850482509,5247.43833,-0.075647544
140.444202,142309,142.304,2443,4880.084746,4.880084746,5247.43833,-0.07000627
140.454306,142359,142.354,2409,4715.124555,4.715124555,5247.43833,-0.101442598
140.504303,142409,142.404,2405,4696.153846,4.696153846,5247.43833,-0.10505783
140.589977,142459,142.454,2399,4667.865566,4.667865566,5247.43833,-0.110448704
140.604326,142509,142.504,2405,4696.153846,4.696153846,5247.43833,-0.10505783
140.703527,142559,142.554,2423,4782.236842,4.782236842,5247.43833,-0.088653064
140.70423,142609,142.604,2406,4700.888099,4.700888099,5247.43833,-0.104155627
140.754215,142659,142.654,2403,4686.702128,4.686702128,5247.43833,-0.106859036
140.84678,142709,142.704,2398,4663.170301,4.663170301,5247.43833,-0.111343477
140.8543,142759,142.754,2388,4616.520211,4.616520211,5247.43833,-0.120233546
140.945476,142809,142.804,2422,4777.405858,4.777405858,5247.43833,-0.089573701
140.954281,142859,142.854,2409,4715.124555,4.715124555,5247.43833,-0.101442598
141.047188,142909,142.904,2432,4825.97715,4.82597715,5247.43833,-0.08031751
141.054295,142959,142.954,2476,5046.819024,5.046819024,5247.43833,-0.038231856
141.104249,143009,143.004,2485,5093.478261,5.093478261,5247.43833,-0.029340044
141.187441,143059,143.054,2433,4830.866426,4.830866426,5247.43833,-0.079385765
141.204381,143109,143.104,2420,4767.761194,4.767761194,5247.43833,-0.091411677
141.303003,143159,143.154,2414,4738.964902,4.738964902,5247.43833,-0.096899362
141.304284,143209,143.204,2397,4658.480565,4.658480565,5247.43833,-0.112237196
141.354299,143259,143.254,2396,4653.796351,4.653796351,5247.43833,-0.113129863
141.443304,143309,143.304,2399,4667.865566,4.667865566,5247.43833,-0.110448704
141.454295,143359,143.354,2385,4602.631579,4.602631579,5247.43833,-0.122880291
141.504309,143409,143.404,2400,4672.566372,4.672566372,5247.43833,-0.109552876
141.595208,143459,143.454,2394,4644.444444,4.644444444,5247.43833,-0.114912048
141.604281,143509,143.504,2400,4672.566372,4.672566372,5247.43833,-0.109552876
141.654336,143559,143.554,2404,4691.425192,4.691425192,5247.43833,-0.105958966
141.737608,143609,143.604,2408,4710.373444,4.710373444,5247.43833,-0.102348013
141.754293,143659,143.654,2414,4738.964902,4.738964902,5247.43833,-0.096899362
141.804283,143709,143.704,2424,4787.073609,4.787073609,5247.43833,-0.087731326
141.904136,143759,143.754,2436,4845.56962,4.84556962,5247.43833,-0.076583789
141.904376,143809,143.804,2496,5151.219512,5.151219512,5247.43833,-0.018336341
141.996223,143859,143.854,2473,5031.381011,5.031381011,5247.43833,-0.041173865
142.004305,143909,143.904,2488,5109.14748,5.10914748,5247.43833,-0.026353973
142.054385,143959,143.954,2444,4885.03937,4.88503937,5247.43833,-0.069062071
142.146771,144009,144.004,2427,4801.618705,4.801618705,5247.43833,-0.084959479
142.154322,144059,144.054,2413,4734.185493,4.734185493,5247.43833,-0.09781017
142.20436,144109,144.104,2420,4767.761194,4.767761194,5247.43833,-0.091411677
142.287051,144159,144.154,2416,4748.540798,4.748540798,5247.43833,-0.095074492
142.304372,144209,144.204,2395,4649.117647,4.649117647,5247.43833,-0.11402148
142.401299,144259,144.254,2401,4677.272727,4.677272727,5247.43833,-0.108655989
142.404313,144309,144.304,2394,4644.444444,4.644444444,5247.43833,-0.114912048
142.454319,144359,144.354,2387,4611.885246,4.611885246,5247.43833,-0.121116828
142.544748,144409,144.404,2398,4663.170301,4.663170301,5247.43833,-0.111343477
142.554291,144459,144.454,2427,4801.618705,4.801618705,5247.43833,-0.084959479
142.604447,144509,144.504,2408,4710.373444,4.710373444,5247.43833,-0.102348013
142.695907,144559,144.554,2408,4710.373444,4.710373444,5247.43833,-0.102348013
142.704264,144609,144.604,2418,4758.139535,4.758139535,5247.43833,-0.093245268
142.75431,144659,144.654,2416,4748.540798,4.748540798,5247.43833,-0.095074492
142.839302,144709,144.704,2433,4830.866426,4.830866426,5247.43833,-0.079385765
142.854341,144759,144.754,2419,4762.947494,4.762947494,5247.43833,-0.09232902
142.954408,144809,144.804,2416,4748.540798,4.748540798,5247.43833,-0.095074492
143.046875,144859,144.854,2404,4691.425192,4.691425192,5247.43833,-0.105958966
143.047193,144909,144.904,2416,4748.540798,4.748540798,5247.43833,-0.095074492
143.054284,144959,144.954,2414,4738.964902,4.738964902,5247.43833,-0.096899362
143.104277,145009,145.004,2410,4719.881306,4.719881306,5247.43833,-0.100536108
143.196542,145059,145.054,2414,4738.964902,4.738964902,5247.43833,-0.096899362
143.204281,145109,145.104,2402,4681.984643,4.681984643,5247.43833,-0.107758043
143.254303,145159,145.154,2395,4649.117647,4.649117647,5247.43833,-0.11402148
143.337023,145209,145.204,2399,4667.865566,4.667865566,5247.43833,-0.110448704
143.354305,145259,145.254,2435,4840.662651,4.840662651,5247.43833,-0.077518906
143.444943,145309,145.304,2423,4782.236842,4.782236842,5247.43833,-0.088653064
143.454288,145359,145.354,2403,4686.702128,4.686702128,5247.43833,-0.106859036
143.504329,145409,145.404,2413,4734.185493,4.734185493,5247.43833,-0.09781017
143.604576,145459,145.454,2416,4748.540798,4.748540798,5247.43833,-0.095074492
143.696977,145509,145.504,2490,5119.626168,5.119626168,5247.43833,-0.024357058
143.697207,145559,145.554,2529,5329.310345,5.329310345,5247.43833,0.015602282
143.704308,145609,145.604,2472,5026.247689,5.026247689,5247.43833,-0.042152118
143.754289,145659,145.654,2435,4840.662651,4.840662651,5247.43833,-0.077518906
143.846443,145709,145.704,2430,4816.216216,4.816216216,5247.43833,-0.082177643
143.854324,145759,145.754,2412,4729.411765,4.729411765,5247.43833,-0.098719896
143.939734,145809,145.804,2394,4644.444444,4.644444444,5247.43833,-0.114912048
143.954286,145859,145.854,2423,4782.236842,4.782236842,5247.43833,-0.088653064
144.056476,145909,145.904,2402,4681.984643,4.681984643,5247.43833,-0.107758043
144.139553,145959,145.954,2400,4672.566372,4.672566372,5247.43833,-0.109552876
144.13977,146009,146.004,2402,4681.984643,4.681984643,5247.43833,-0.107758043
144.154298,146059,146.054,2412,4729.411765,4.729411765,5247.43833,-0.098719896
144.20431,146109,146.104,2394,4644.444444,4.644444444,5247.43833,-0.114912048
144.302614,146159,146.154,2409,4715.124555,4.715124555,5247.43833,-0.101442598
144.304301,146209,146.204,2412,4729.411765,4.729411765,5247.43833,-0.098719896
144.354289,146259,146.254,2423,4782.236842,4.782236842,5247.43833,-0.088653064
144.437494,146309,146.304,2419,4762.947494,4.762947494,5247.43833,-0.09232902
144.454295,146359,146.354,2424,4787.073609,4.787073609,5247.43833,-0.087731326
144.555235,146409,146.404,2431,4821.09375,4.82109375,5247.43833,-0.081248135
144.647652,146459,146.454,2419,4762.947494,4.762947494,5247.43833,-0.09232902
144.647875,146509,146.504,2434,4835.761589,4.835761589,5247.43833,-0.078452897
144.654267,146559,146.554,2417,4753.337306,4.753337306,5247.43833,-0.094160425
144.704304,146609,146.604,2426,4796.76453,4.79676453,5247.43833,-0.085884535
144.789879,146659,146.654,2427,4801.618705,4.801618705,5247.43833,-0.084959479
144.804382,146709,146.704,2407,4705.627962,4.705627962,5247.43833,-0.103252356
144.898643,146759,146.754,2399,4667.865566,4.667865566,5247.43833,-0.110448704
144.904324,146809,146.804,2400,4672.566372,4.672566372,5247.43833,-0.109552876
144.954312,146859,146.854,2409,4715.124555,4.715124555,5247.43833,-0.101442598
145.047938,146909,146.904,2409,4715.124555,4.715124555,5247.43833,-0.101442598
145.054269,146959,146.954,2417,4753.337306,4.753337306,5247.43833,-0.094160425
145.104277,147009,147.004,2441,4870.19347,4.87019347,5247.43833,-0.071891242
145.203275,147059,147.054,2424,4787.073609,4.787073609,5247.43833,-0.087731326
145.204277,147109,147.104,2433,4830.866426,4.830866426,5247.43833,-0.079385765
145.254276,147159,147.154,2432,4825.97715,4.82597715,5247.43833,-0.08031751
145.344573,147209,147.204,2485,5093.478261,5.093478261,5247.43833,-0.029340044
145.354286,147259,147.254,2529,5329.310345,5.329310345,5247.43833,0.015602282
145.444824,147309,147.304,2484,5088.268156,5.088268156,5247.43833,-0.030332929
145.454278,147359,147.354,2478,5057.142857,5.057142857,5247.43833,-0.036264452
145.504294,147409,147.404,2431,4821.09375,4.82109375,5247.43833,-0.081248135
145.590544,147459,147.454,2411,4724.643705,4.724643705,5247.43833,-0.099628541
145.604331,147509,147.504,2416,4748.540798,4.748540798,5247.43833,-0.095074492
145.704693,147559,147.554,2405,4696.153846,4.696153846,5247.43833,-0.10505783
145.796377,147609,147.604,2388,4616.520211,4.616520211,5247.43833,-0.120233546
145.796603,147659,147.654,2435,4840.662651,4.840662651,5247.43833,-0.077518906
145.80427,147709,147.704,2393,4639.776733,4.639776733,5247.43833,-0.11580157
145.854304,147759,147.754,2391,4630.457746,4.630457746,5247.43833,-0.117577482
145.947092,147809,147.804,2395,4649.117647,4.649117647,5247.43833,-0.11402148
145.954267,147859,147.854,2404,4691.425192,4.691425192,5247.43833,-0.105958966
146.048197,147909,147.904,2410,4719.881306,4.719881306,5247.43833,-0.100536108
146.054202,147959,147.954,2417,4753.337306,4.753337306,5247.43833,-0.094160425
146.104376,148009,148.004,2423,4782.236842,4.782236842,5247.43833,-0.088653064
146.188147,148059,148.054,2411,4724.643705,4.724643705,5247.43833,-0.099628541
146.204275,148109,148.104,2425,4791.916168,4.791916168,5247.43833,-0.086808483
146.254297,148159,148.154,2532,5345.873321,5.345873321,5247.43833,0.018758675
146.351258,148209,148.204,2495,5145.9375,5.1459375,5247.43833,-0.01934293
146.354182,148259,148.254,2434,4835.761589,4.835761589,5247.43833,-0.078452897
146.404301,148309,148.304,2415,4743.75,4.74375,5247.43833,-0.09598747
146.494361,148359,148.354,2414,4738.964902,4.738964902,5247.43833,-0.096899362
146.50425,148409,148.404,2492,5130.131004,5.130131004,5247.43833,-0.02235516
146.554284,148459,148.454,2416,4748.540798,4.748540798,5247.43833,-0.095074492
146.63897,148509,148.504,2403,4686.702128,4.686702128,5247.43833,-0.106859036
146.65436,148559,148.554,2401,4677.272727,4.677272727,5247.43833,-0.108655989
146.754679,148609,148.604,2390,4625.806452,4.625806452,5247.43833,-0.118463875
146.84734,148659,148.654,2408,4710.373444,4.710373444,5247.43833,-0.102348013
146.847568,148709,148.704,2416,4748.540798,4.748540798,5247.43833,-0.095074492
146.854259,148759,148.754,2505,5199.056604,5.199056604,5247.43833,-0.009220066
146.904272,148809,148.804,2425,4791.916168,4.791916168,5247.43833,-0.086808483
146.997469,148859,148.854,2415,4743.75,4.74375,5247.43833,-0.09598747
147.004246,148909,148.904,2471,5021.12069,5.02112069,5247.43833,-0.043129166
147.054279,148959,148.954,2501,5177.728984,5.177728984,5247.43833,-0.013284453
147.146446,149009,149.004,2520,5280.0,5.28,5247.43833,0.006205251
147.154271,149059,149.054,2466,4995.58011,4.99558011,5247.43833,-0.047996413
147.204293,149109,149.104,2442,4875.136116,4.875136116,5247.43833,-0.070949326
147.287415,149159,149.154,2438,4855.401328,4.855401328,5247.43833,-0.074710169
147.30427,149209,149.204,2417,4753.337306,4.753337306,5247.43833,-0.094160425
147.354286,149259,149.254,2415,4743.75,4.74375,5247.43833,-0.09598747
147.451834,149309,149.304,2399,4667.865566,4.667865566,5247.43833,-0.110448704
147.454166,149359,149.354,2399,4667.865566,4.667865566,5247.43833,-0.110448704
147.504262,149409,149.404,2392,4635.114504,4.635114504,5247.43833,-0.116690047
147.597343,149459,149.454,2406,4700.888099,4.700888099,5247.43833,-0.104155627
147.604261,149509,149.504,2416,4748.540798,4.748540798,5247.43833,-0.095074492
147.654287,149559,149.554,2395,4649.117647,4.649117647,5247.43833,-0.11402148
147.740268,149609,149.604,2413,4734.185493,4.734185493,5247.43833,-0.09781017
147.754251,149659,149.654,2423,4782.236842,4.782236842,5247.43833,-0.088653064
147.804261,149709,149.704,2418,4758.139535,4.758139535,5247.43833,-0.093245268
147.905091,149759,149.754,2429,4811.344538,4.811344538,5247.43833,-0.083106035
147.998455,149809,149.804,2441,4870.19347,4.87019347,5247.43833,-0.071891242
147.998678,149859,149.854,2433,4830.866426,4.830866426,5247.43833,-0.079385765
148.004259,149909,149.904,2441,4870.19347,4.87019347,5247.43833,-0.071891242
148.054308,149959,149.954,2414,4738.964902,4.738964902,5247.43833,-0.096899362
148.147055,150009,150.004,2418,4758.139535,4.758139535,5247.43833,-0.093245268
148.154235,150059,150.054,2448,4904.918033,4.904918033,5247.43833,-0.065273811
148.204286,150109,150.104,2443,4880.084746,4.880084746,5247.43833,-0.07000627
148.287867,150159,150.154,2408,4710.373444,4.710373444,5247.43833,-0.102348013
148.304189,150209,150.204,2449,4909.902795,4.909902795,5247.43833,-0.064323869
148.354244,150259,150.254,2409,4715.124555,4.715124555,5247.43833,-0.101442598
148.451841,150309,150.304,2440,4865.256798,4.865256798,5247.43833,-0.07283202
148.454171,150359,150.354,2420,4767.761194,4.767761194,5247.43833,-0.091411677
148.504264,150409,150.404,2463,4980.330882,4.980330882,5247.43833,-0.050902446
148.597112,150459,150.454,2427,4801.618705,4.801618705,5247.43833,-0.084959479
148.604237,150509,150.504,2430,4816.216216,4.816216216,5247.43833,-0.082177643
148.654262,150559,150.554,2427,4801.618705,4.801618705,5247.43833,-0.084959479
148.74837,150609,150.604,2438,4855.401328,4.855401328,5247.43833,-0.074710169
148.754177,150659,150.654,2492,5130.131004,5.130131004,5247.43833,-0.02235516
148.804364,150709,150.704,2483,5083.064516,5.083064516,5247.43833,-0.031324582
148.89117,150759,150.754,2476,5046.819024,5.046819024,5247.43833,-0.038231856
148.904233,150809,150.804,2458,4955.039707,4.955039707,5247.43833,-0.055722165
148.95424,150859,150.854,2433,4830.866426,4.830866426,5247.43833,-0.079385765
149.057779,150909,150.904,2420,4767.761194,4.767761194,5247.43833,-0.091411677
149.143609,150959,150.954,2399,4667.865566,4.667865566,5247.43833,-0.110448704
149.143825,151009,151.004,2413,4734.185493,4.734185493,5247.43833,-0.09781017
149.154284,151059,151.054,2446,4894.966646,4.894966646,5247.43833,-0.067170238
149.204159,151109,151.104,2380,4579.591837,4.579591837,5247.43833,-0.127270956
149.310841,151159,151.154,2415,4743.75,4.74375,5247.43833,-0.09598747
149.397967,151209,151.204,2408,4710.373444,4.710373444,5247.43833,-0.102348013
149.39818,151259,151.254,2400,4672.566372,4.672566372,5247.43833,-0.109552876
149.404262,151309,151.304,2411,4724.643705,4.724643705,5247.43833,-0.099628541
149.454261,151359,151.354,2409,4715.124555,4.715124555,5247.43833,-0.101442598
149.555715,151409,151.404,2424,4787.073609,4.787073609,5247.43833,-0.087731326
149.64943,151459,151.454,2425,4791.916168,4.791916168,5247.43833,-0.086808483
149.649654,151509,151.504,2431,4821.09375,4.82109375,5247.43833,-0.081248135
149.654274,151559,151.554,2431,4821.09375,4.82109375,5247.43833,-0.081248135
149.704271,151609,151.604,2426,4796.76453,4.79676453,5247.43833,-0.085884535
149.801597,151659,151.654,2429,4811.344538,4.811344538,5247.43833,-0.083106035
149.806288,151709,151.704,2518,5269.11858,5.26911858,5247.43833,0.004131587
149.892762,151759,151.754,2515,5252.848101,5.252848101,5247.43833,0.001030936
149.904327,151809,151.804,2393,4639.776733,4.639776733,5247.43833,-0.11580157
149.954256,151859,151.854,2414,4738.964902,4.738964902,5247.43833,-0.096899362
150.047403,151909,151.904,2419,4762.947494,4.762947494,5247.43833,-0.09232902
150.054256,151959,151.954,2506,5204.405286,5.204405286,5247.43833,-0.008200772
150.104225,152009,152.004,2480,5067.49226,5.06749226,5247.43833,-0.034292174
150.1967,152059,152.054,2475,5041.666667,5.041666667,5247.43833,-0.039213736
150.204269,152109,152.104,2442,4875.136116,4.875136116,5247.43833,-0.070949326
150.302653,152159,152.154,2420,4767.761194,4.767761194,5247.43833,-0.091411677
150.304205,152209,152.204,2436,4845.56962,4.84556962,5247.43833,-0.076583789
150.354247,152259,152.254,2421,4772.580645,4.772580645,5247.43833,-0.090493238
150.444686,152309,152.304,2504,5193.714645,5.193714645,5247.43833,-0.010238078
150.454259,152359,152.354,2496,5151.219512,5.151219512,5247.43833,-0.018336341
150.548171,152409,152.404,2498,5161.803381,5.161803381,5247.43833,-0.016319382
150.554243,152459,152.454,2478,5057.142857,5.057142857,5247.43833,-0.036264452
150.60425,152509,152.504,2464,4985.407725,4.985407725,5247.43833,-0.049934957
150.689412,152559,152.554,2457,4950.0,4.95,5247.43833,-0.056682578
150.704323,152609,152.604,2424,4787.073609,4.787073609,5247.43833,-0.087731326
150.805373,152659,152.654,2451,4919.890511,4.919890511,5247.43833,-0.062420518
150.899139,152709,152.704,2422,4777.405858,4.777405858,5247.43833,-0.089573701
150.899363,152759,152.754,2422,4777.405858,4.777405858,5247.43833,-0.089573701
150.904274,152809,152.804,2398,4663.170301,4.663170301,5247.43833,-0.111343477
150.954218,152859,152.854,2414,4738.964902,4.738964902,5247.43833,-0.096899362
151.048004,152909,152.904,2406,4700.888099,4.700888099,5247.43833,-0.104155627
151.054272,152959,152.954,2393,4639.776733,4.639776733,5247.43833,-0.11580157
151.104262,153009,153.004,2420,4767.761194,4.767761194,5247.43833,-0.091411677
151.189084,153059,153.054,2402,4681.984643,4.681984643,5247.43833,-0.107758043
151.204306,153109,153.104,2425,4791.916168,4.791916168,5247.43833,-0.086808483
151.303631,153159,153.154,2421,4772.580645,4.772580645,5247.43833,-0.090493238
151.304211,153209,153.204,2402,4681.984643,4.681984643,5247.43833,-0.107758043
151.354257,153259,153.254,2423,4782.236842,4.782236842,5247.43833,-0.088653064
151.445258,153309,153.304,2430,4816.216216,4.816216216,5247.43833,-0.082177643
151.454261,153359,153.354,2440,4865.256798,4.865256798,5247.43833,-0.07283202
151.548573,153409,153.404,2462,4975.260257,4.975260257,5247.43833,-0.051868751
151.554265,153459,153.454,2387,4611.885246,4.611885246,5247.43833,-0.121116828
151.648763,153509,153.504,2414,4738.964902,4.738964902,5247.43833,-0.096899362
151.654248,153559,153.554,2425,4791.916168,4.791916168,5247.43833,-0.086808483
151.704224,153609,153.604,2474,5036.520666,5.036520666,5247.43833,-0.040194405
151.791269,153659,153.654,2407,4705.627962,4.705627962,5247.43833,-0.103252356
151.804323,153709,153.704,2517,5263.688213,5.263688213,5247.43833,0.003096727
151.905805,153759,153.754,2444,4885.03937,4.88503937,5247.43833,-0.069062071
151.999413,153809,153.804,2521,5285.45108,5.28545108,5247.43833,0.007244058
151.999636,153859,153.854,2416,4748.540798,4.748540798,5247.43833,-0.095074492
152.004229,153909,153.904,2462,4975.260257,4.975260257,5247.43833,-0.051868751
152.054274,153959,153.954,2409,4715.124555,4.715124555,5247.43833,-0.101442598
152.148537,154009,154.004,2454,4934.917733,4.934917733,5247.43833,-0.059556793
152.154229,154059,154.054,2486,5098.694842,5.098694842,5247.43833,-0.028345924
152.204279,154109,154.104,2494,5140.662086,5.140662086,5247.43833,-0.020348261
152.289397,154159,154.154,2535,5362.5,5.3625,5247.43833,0.021927208
152.30427,154209,154.204,2457,4950.0,4.95,5247.43833,-0.056682578
152.354293,154259,154.254,2443,4880.084746,4.880084746,5247.43833,-0.07000627
152.452943,154309,154.304,2428,4806.478704,4.806478704,5247.43833,-0.084033313
152.454238,154359,154.354,2406,4700.888099,4.700888099,5247.43833,-0.104155627
152.504244,154409,154.404,2409,4715.124555,4.715124555,5247.43833,-0.101442598
152.598131,154459,154.454,2407,4705.627962,4.705627962,5247.43833,-0.103252356
152.604229,154509,154.504,2406,4700.888099,4.700888099,5247.43833,-0.104155627
152.654231,154559,154.554,2405,4696.153846,4.696153846,5247.43833,-0.10505783
152.74726,154609,154.604,2396,4653.796351,4.653796351,5247.43833,-0.113129863
152.7542,154659,154.654,2392,4635.114504,4.635114504,5247.43833,-0.116690047
152.804242,154709,154.704,2433,4830.866426,4.830866426,5247.43833,-0.079385765
152.896349,154759,154.754,2410,4719.881306,4.719881306,5247.43833,-0.100536108
152.904294,154809,154.804,2418,4758.139535,4.758139535,5247.43833,-0.093245268
153.029586,154859,154.854,2432,4825.97715,4.82597715,5247.43833,-0.08031751
153.126713,154909,154.904,2418,4758.139535,4.758139535,5247.43833,-0.093245268
153.12697,154959,154.954,2429,4811.344538,4.811344538,5247.43833,-0.083106035
153.12718,155009,155.004,2423,4782.236842,4.782236842,5247.43833,-0.088653064
153.154254,155059,155.054,2501,5177.728984,5.177728984,5247.43833,-0.013284453
153.258284,155109,155.104,2421,4772.580645,4.772580645,5247.43833,-0.090493238
153.345756,155159,155.154,2403,4686.702128,4.686702128,5247.43833,-0.106859036
153.345969,155209,155.204,2420,4767.761194,4.767761194,5247.43833,-0.091411677
153.354205,155259,155.254,2402,4681.984643,4.681984643,5247.43833,-0.107758043
153.404202,155309,155.304,2408,4710.373444,4.710373444,5247.43833,-0.102348013
153.503616,155359,155.354,2397,4658.480565,4.658480565,5247.43833,-0.112237196
153.504186,155409,155.404,2409,4715.124555,4.715124555,5247.43833,-0.101442598
153.554224,155459,155.454,2495,5145.9375,5.1459375,5247.43833,-0.01934293
153.64907,155509,155.504,2521,5285.45108,5.28545108,5247.43833,0.007244058
153.654249,155559,155.554,2414,4738.964902,4.738964902,5247.43833,-0.096899362
153.748733,155609,155.604,2427,4801.618705,4.801618705,5247.43833,-0.084959479
153.754235,155659,155.654,2408,4710.373444,4.710373444,5247.43833,-0.102348013
153.804204,155709,155.704,2452,4924.893488,4.924893488,5247.43833,-0.061467105
153.891204,155759,155.754,2472,5026.247689,5.026247689,5247.43833,-0.042152118
153.904203,155809,155.804,2504,5193.714645,5.193714645,5247.43833,-0.010238078
153.954257,155859,155.854,2464,4985.407725,4.985407725,5247.43833,-0.049934957
154.056891,155909,155.904,2452,4924.893488,4.924893488,5247.43833,-0.061467105
154.149261,155959,155.954,2473,5031.381011,5.031381011,5247.43833,-0.041173865
154.149482,156009,156.004,2429,4811.344538,4.811344538,5247.43833,-0.083106035
154.154197,156059,156.054,2470,5016.0,5.016,5247.43833,-0.044105012
154.204258,156109,156.104,2418,4758.139535,4.758139535,5247.43833,-0.093245268
154.296975,156159,156.154,2393,4639.776733,4.639776733,5247.43833,-0.11580157
154.304221,156209,156.204,2384,4598.012858,4.598012858,5247.43833,-0.123760477
154.354252,156259,156.254,2403,4686.702128,4.686702128,5247.43833,-0.106859036
154.438618,156309,156.304,2405,4696.153846,4.696153846,5247.43833,-0.10505783
154.454225,156359,156.354,2395,4649.117647,4.649117647,5247.43833,-0.11402148
154.504235,156409,156.404,2402,4681.984643,4.681984643,5247.43833,-0.107758043
154.606646,156459,156.454,2409,4715.124555,4.715124555,5247.43833,-0.101442598
154.700684,156509,156.504,2431,4821.09375,4.82109375,5247.43833,-0.081248135
154.70091,156559,156.554,2432,4825.97715,4.82597715,5247.43833,-0.08031751
154.70421,156609,156.604,2418,4758.139535,4.758139535,5247.43833,-0.093245268
154.754245,156659,156.654,2424,4787.073609,4.787073609,5247.43833,-0.087731326
154.848159,156709,156.704,2432,4825.97715,4.82597715,5247.43833,-0.08031751
154.854261,156759,156.754,2403,4686.702128,4.686702128,5247.43833,-0.106859036
154.940875,156809,156.804,2425,4791.916168,4.791916168,5247.43833,-0.086808483
154.954229,156859,156.854,2411,4724.643705,4.724643705,5247.43833,-0.099628541
155.049074,156909,156.904,2520,5280.0,5.28,5247.43833,0.006205251
155.054281,156959,156.954,2426,4796.76453,4.79676453,5247.43833,-0.085884535
155.104222,157009,157.004,2400,4672.566372,4.672566372,5247.43833,-0.109552876
155.203851,157059,157.054,2400,4672.566372,4.672566372,5247.43833,-0.109552876
155.2042,157109,157.104,2407,4705.627962,4.705627962,5247.43833,-0.103252356
155.254261,157159,157.154,2430,4816.216216,4.816216216,5247.43833,-0.082177643
155.338677,157209,157.204,2524,5301.845958,5.301845958,5247.43833,0.010368417
155.354233,157259,157.254,2417,4753.337306,4.753337306,5247.43833,-0.094160425
155.404255,157309,157.304,2419,4762.947494,4.762947494,5247.43833,-0.09232902
155.504135,157359,157.354,2413,4734.185493,4.734185493,5247.43833,-0.09781017
155.504356,157409,157.404,2459,4960.085575,4.960085575,5247.43833,-0.054760578
155.591122,157459,157.454,2458,4955.039707,4.955039707,5247.43833,-0.055722165
155.604224,157509,157.504,2494,5140.662086,5.140662086,5247.43833,-0.020348261
155.654248,157559,157.554,2468,5005.777505,5.005777505,5247.43833,-0.046053104
155.75549,157609,157.604,2474,5036.520666,5.036520666,5247.43833,-0.040194405
155.849409,157659,157.654,2443,4880.084746,4.880084746,5247.43833,-0.07000627
155.849631,157709,157.704,2428,4806.478704,4.806478704,5247.43833,-0.084033313
155.854209,157759,157.754,2406,4700.888099,4.700888099,5247.43833,-0.104155627
155.904235,157809,157.804,2430,4816.216216,4.816216216,5247.43833,-0.082177643
155.99869,157859,157.854,2400,4672.566372,4.672566372,5247.43833,-0.109552876
156.004211,157909,157.904,2376,4561.256545,4.561256545,5247.43833,-0.130765098
156.054224,157959,157.954,2430,4816.216216,4.816216216,5247.43833,-0.082177643
156.140644,158009,158.004,2430,4816.216216,4.816216216,5247.43833,-0.082177643
156.154223,158059,158.054,2451,4919.890511,4.919890511,5247.43833,-0.062420518
156.204216,158109,158.104,2400,4672.566372,4.672566372,5247.43833,-0.109552876
156.30409,158159,158.154,2506,5204.405286,5.204405286,5247.43833,-0.008200772
156.304319,158209,158.204,2411,4724.643705,4.724643705,5247.43833,-0.099628541
156.395783,158259,158.254,2420,4767.761194,4.767761194,5247.43833,-0.091411677
156.404224,158309,158.304,2419,4762.947494,4.762947494,5247.43833,-0.09232902
156.45425,158359,158.354,2416,4748.540798,4.748540798,5247.43833,-0.095074492
156.547002,158409,158.404,2427,4801.618705,4.801618705,5247.43833,-0.084959479
156.554249,158459,158.454,2427,4801.618705,4.801618705,5247.43833,-0.084959479
156.649264,158509,158.504,2507,5209.760705,5.209760705,5247.43833,-0.007180194
156.654219,158559,158.554,2522,5290.909091,5.290909091,5247.43833,0.008284187
156.704234,158609,158.604,2414,4738.964902,4.738964902,5247.43833,-0.096899362
156.791646,158659,158.654,2507,5209.760705,5.209760705,5247.43833,-0.007180194
156.804282,158709,158.704,2400,4672.566372,4.672566372,5247.43833,-0.109552876
156.906702,158759,158.754,2411,4724.643705,4.724643705,5247.43833,-0.099628541
157.001525,158809,158.804,2523,5296.374046,5.296374046,5247.43833,0.009325639
157.001746,158859,158.854,2518,5269.11858,5.26911858,5247.43833,0.004131587
157.004224,158909,158.904,2518,5269.11858,5.26911858,5247.43833,0.004131587
157.054218,158959,158.954,2497,5156.508135,5.156508135,5247.43833,-0.017328492
157.148765,159009,159.004,2428,4806.478704,4.806478704,5247.43833,-0.084033313
157.154183,159059,159.054,2417,4753.337306,4.753337306,5247.43833,-0.094160425
157.204238,159109,159.104,2432,4825.97715,4.82597715,5247.43833,-0.08031751
157.289092,159159,159.154,2456,4944.966443,4.944966443,5247.43833,-0.057641818
157.304288,159209,159.204,2506,5204.405286,5.204405286,5247.43833,-0.008200772
157.408744,159259,159.254,2501,5177.728984,5.177728984,5247.43833,-0.013284453
157.502396,159309,159.304,2514,5247.43833,5.24743833,5247.43833,0.0
157.502621,159359,159.354,2462,4975.260257,4.975260257,5247.43833,-0.051868751
157.504197,159409,159.404,2439,4860.326087,4.860326087,5247.43833,-0.073771661
157.554189,159459,159.454,2426,4796.76453,4.79676453,5247.43833,-0.085884535
157.648872,159509,159.504,2430,4816.216216,4.816216216,5247.43833,-0.082177643
157.654202,159559,159.554,2416,4748.540798,4.748540798,5247.43833,-0.095074492
157.704199,159609,159.604,2385,4602.631579,4.602631579,5247.43833,-0.122880291
157.811309,159659,159.654,2396,4653.796351,4.653796351,5247.43833,-0.113129863
157.899333,159709,159.704,2405,4696.153846,4.696153846,5247.43833,-0.10505783
157.899546,159759,159.754,2409,4715.124555,4.715124555,5247.43833,-0.101442598
157.904197,159809,159.804,2412,4729.411765,4.729411765,5247.43833,-0.098719896
157.954246,159859,159.854,2406,4700.888099,4.700888099,5247.43833,-0.104155627
158.056509,159909,159.904,2416,4748.540798,4.748540798,5247.43833,-0.095074492
158.149198,159959,159.954,2406,4700.888099,4.700888099,5247.43833,-0.104155627
158.149419,160009,160.004,2420,4767.761194,4.767761194,5247.43833,-0.091411677
158.154194,160059,160.054,2417,4753.337306,4.753337306,5247.43833,-0.094160425
158.204249,160109,160.104,2435,4840.662651,4.840662651,5247.43833,-0.077518906
158.296118,160159,160.154,2427,4801.618705,4.801618705,5247.43833,-0.084959479
158.304213,160209,160.204,2417,4753.337306,4.753337306,5247.43833,-0.094160425
158.354199,160259,160.254,2409,4715.124555,4.715124555,5247.43833,-0.101442598
158.439024,160309,160.304,2424,4787.073609,4.787073609,5247.43833,-0.087731326
158.454212,160359,160.354,2414,4738.964902,4.738964902,5247.43833,-0.096899362
158.557149,160409,160.404,2403,4686.702128,4.686702128,5247.43833,-0.106859036
158.652063,160459,160.454,2421,4772.580645,4.772580645,5247.43833,-0.090493238
158.652287,160509,160.504,2493,5135.393258,5.135393258,5247.43833,-0.021352337
158.654123,160559,160.554,2412,4729.411765,4.729411765,5247.43833,-0.098719896
158.704252,160609,160.604,2411,4724.643705,4.724643705,5247.43833,-0.099628541
158.805949,160659,160.654,2487,5103.91791,5.10391791,5247.43833,-0.027350568
158.899719,160709,160.704,2423,4782.236842,4.782236842,5247.43833,-0.088653064
158.899947,160759,160.754,2425,4791.916168,4.791916168,5247.43833,-0.086808483
158.904221,160809,160.804,2422,4777.405858,4.777405858,5247.43833,-0.089573701
158.954222,160859,160.854,2534,5356.950673,5.356950673,5247.43833,0.020869677
159.04977,160909,160.904,2492,5130.131004,5.130131004,5247.43833,-0.02235516
159.054157,160959,160.954,2489,5114.383562,5.114383562,5247.43833,-0.025356138
159.10419,161009,161.004,2488,5109.14748,5.10914748,5247.43833,-0.026353973
159.207434,161059,161.054,2457,4950.0,4.95,5247.43833,-0.056682578
159.301036,161109,161.104,2420,4767.761194,4.767761194,5247.43833,-0.091411677
159.301259,161159,161.154,2403,4686.702128,4.686702128,5247.43833,-0.106859036
159.304222,161209,161.204,2405,4696.153846,4.696153846,5247.43833,-0.10505783
159.354257,161259,161.254,2426,4796.76453,4.79676453,5247.43833,-0.085884535
159.446849,161309,161.304,2393,4639.776733,4.639776733,5247.43833,-0.11580157
159.45417,161359,161.354,2452,4924.893488,4.924893488,5247.43833,-0.061467105
159.504157,161409,161.404,2483,5083.064516,5.083064516,5247.43833,-0.031324582
159.591837,161459,161.454,2426,4796.76453,4.79676453,5247.43833,-0.085884535
159.604246,161509,161.504,2499,5167.105263,5.167105263,5247.43833,-0.015309006
159.709868,161559,161.554,2416,4748.540798,4.748540798,5247.43833,-0.095074492
159.807055,161609,161.604,2418,4758.139535,4.758139535,5247.43833,-0.093245268
159.807273,161659,161.654,2418,4758.139535,4.758139535,5247.43833,-0.093245268
159.807471,161709,161.704,2416,4748.540798,4.748540798,5247.43833,-0.095074492
159.854343,161759,161.754,2420,4767.761194,4.767761194,5247.43833,-0.091411677
159.948167,161809,161.804,2429,4811.344538,4.811344538,5247.43833,-0.083106035
159.95426,161859,161.854,2427,4801.618705,4.801618705,5247.43833,-0.084959479
160.004184,161909,161.904,2425,4791.916168,4.791916168,5247.43833,-0.086808483
160.09157,161959,161.954,2415,4743.75,4.74375,5247.43833,-0.09598747
160.104175,162009,162.004,2412,4729.411765,4.729411765,5247.43833,-0.098719896
160.15419,162059,162.054,2406,4700.888099,4.700888099,5247.43833,-0.104155627
160.247992,162109,162.104,2405,4696.153846,4.696153846,5247.43833,-0.10505783
160.254171,162159,162.154,2399,4667.865566,4.667865566,5247.43833,-0.110448704
160.304249,162209,162.204,2394,4644.444444,4.644444444,5247.43833,-0.114912048
160.406564,162259,162.254,2507,5209.760705,5.209760705,5247.43833,-0.007180194
160.492609,162309,162.304,2466,4995.58011,4.99558011,5247.43833,-0.047996413
160.492821,162359,162.354,2491,5124.875312,5.124875312,5247.43833,-0.023356733
160.504204,162409,162.404,2407,4705.627962,4.705627962,5247.43833,-0.103252356
160.554292,162459,162.454,2422,4777.405858,4.777405858,5247.43833,-0.089573701
160.657791,162509,162.504,2413,4734.185493,4.734185493,5247.43833,-0.09781017
160.754302,162559,162.554,2560,5503.583062,5.503583062,5247.43833,0.048813291
160.754526,162609,162.604,2484,5088.268156,5.088268156,5247.43833,-0.030332929
160.754725,162659,162.654,2493,5135.393258,5.135393258,5247.43833,-0.021352337
160.80424,162709,162.704,2478,5057.142857,5.057142857,5247.43833,-0.036264452
160.892835,162759,162.754,2465,4990.490798,4.990490798,5247.43833,-0.04896628
160.90419,162809,162.804,2420,4767.761194,4.767761194,5247.43833,-0.091411677
160.954228,162859,162.854,2419,4762.947494,4.762947494,5247.43833,-0.09232902
161.057377,162909,162.904,2410,4719.881306,4.719881306,5247.43833,-0.100536108
161.150755,162959,162.954,2402,4681.984643,4.681984643,5247.43833,-0.107758043
161.150979,163009,163.004,2406,4700.888099,4.700888099,5247.43833,-0.104155627
161.15412,163059,163.054,2412,4729.411765,4.729411765,5247.43833,-0.098719896
161.204189,163109,163.104,2433,4830.866426,4.830866426,5247.43833,-0.079385765
161.30747,163159,163.154,2477,5051.97775,5.05197775,5247.43833,-0.037248762
161.393032,163209,163.204,2410,4719.881306,4.719881306,5247.43833,-0.100536108
161.393246,163259,163.254,2407,4705.627962,4.705627962,5247.43833,-0.103252356
161.404224,163309,163.304,2394,4644.444444,4.644444444,5247.43833,-0.114912048
161.454201,163359,163.354,2408,4710.373444,4.710373444,5247.43833,-0.102348013
161.557143,163409,163.404,2410,4719.881306,4.719881306,5247.43833,-0.100536108
161.652421,163459,163.454,2422,4777.405858,4.777405858,5247.43833,-0.089573701
161.652643,163509,163.504,2424,4787.073609,4.787073609,5247.43833,-0.087731326
161.654167,163559,163.554,2423,4782.236842,4.782236842,5247.43833,-0.088653064
161.704281,163609,163.604,2415,4743.75,4.74375,5247.43833,-0.09598747
161.79955,163659,163.654,2410,4719.881306,4.719881306,5247.43833,-0.100536108
161.804193,163709,163.704,2414,4738.964902,4.738964902,5247.43833,-0.096899362
161.854253,163759,163.754,2418,4758.139535,4.758139535,5247.43833,-0.093245268
161.94195,163809,163.804,2406,4700.888099,4.700888099,5247.43833,-0.104155627
161.954276,163859,163.854,2401,4677.272727,4.677272727,5247.43833,-0.108655989
162.057352,163909,163.904,2395,4649.117647,4.649117647,5247.43833,-0.11402148
162.150364,163959,163.954,2429,4811.344538,4.811344538,5247.43833,-0.083106035
162.150588,164009,164.004,2496,5151.219512,5.151219512,5247.43833,-0.018336341
162.154134,164059,164.054,2515,5252.848101,5.252848101,5247.43833,0.001030936
162.204207,164109,164.104,2463,4980.330882,4.980330882,5247.43833,-0.050902446
162.296249,164159,164.154,2410,4719.881306,4.719881306,5247.43833,-0.100536108
162.304132,164209,164.204,2409,4715.124555,4.715124555,5247.43833,-0.101442598
162.354123,164259,164.254,2443,4880.084746,4.880084746,5247.43833,-0.07000627
162.448921,164309,164.304,2478,5057.142857,5.057142857,5247.43833,-0.036264452
162.454134,164359,164.354,2485,5093.478261,5.093478261,5247.43833,-0.029340044
162.542576,164409,164.404,2463,4980.330882,4.980330882,5247.43833,-0.050902446
162.554194,164459,164.454,2500,5172.413793,5.172413793,5247.43833,-0.014297364
162.657751,164509,164.504,2428,4806.478704,4.806478704,5247.43833,-0.084033313
162.760124,164559,164.554,2464,4985.407725,4.985407725,5247.43833,-0.049934957
162.856213,164609,164.604,2416,4748.540798,4.748540798,5247.43833,-0.095074492
162.856444,164659,164.654,2392,4635.114504,4.635114504,5247.43833,-0.116690047
162.856645,164709,164.704,2397,4658.480565,4.658480565,5247.43833,-0.112237196
162.856844,164759,164.754,2385,4602.631579,4.602631579,5247.43833,-0.122880291
162.90415,164809,164.804,2400,4672.566372,4.672566372,5247.43833,-0.109552876
162.99907,164859,164.854,2420,4767.761194,4.767761194,5247.43833,-0.091411677
163.004151,164909,164.904,2505,5199.056604,5.199056604,5247.43833,-0.009220066
163.054265,164959,164.954,2418,4758.139535,4.758139535,5247.43833,-0.093245268
163.142184,165009,165.004,2378,4570.413512,4.570413512,5247.43833,-0.129020062
163.154207,165059,165.054,2406,4700.888099,4.700888099,5247.43833,-0.104155627
163.204175,165109,165.104,2397,4658.480565,4.658480565,5247.43833,-0.112237196
163.305496,165159,165.154,2430,4816.216216,4.816216216,5247.43833,-0.082177643
163.398552,165209,165.204,2434,4835.761589,4.835761589,5247.43833,-0.078452897
163.398775,165259,165.254,2445,4890.0,4.89,5247.43833,-0.068116728
163.404178,165309,165.304,2411,4724.643705,4.724643705,5247.43833,-0.099628541
163.454166,165359,165.354,2412,4729.411765,4.729411765,5247.43833,-0.098719896
163.550276,165409,165.404,2415,4743.75,4.74375,5247.43833,-0.09598747
163.554117,165459,165.454,2408,4710.373444,4.710373444,5247.43833,-0.102348013
163.604176,165509,165.504,2394,4644.444444,4.644444444,5247.43833,-0.114912048
163.691819,165559,165.554,2377,4565.832363,4.565832363,5247.43833,-0.129893088
163.704175,165609,165.604,2390,4625.806452,4.625806452,5247.43833,-0.118463875
163.754182,165659,165.654,2380,4579.591837,4.579591837,5247.43833,-0.127270956
163.857276,165709,165.704,2428,4806.478704,4.806478704,5247.43833,-0.084033313
163.952344,165759,165.754,2499,5167.105263,5.167105263,5247.43833,-0.015309006
163.952566,165809,165.804,2416,4748.540798,4.748540798,5247.43833,-0.095074492
163.954092,165859,165.854,2390,4625.806452,4.625806452,5247.43833,-0.118463875
164.004152,165909,165.904,2418,4758.139535,4.758139535,5247.43833,-0.093245268
164.098798,165959,165.954,2421,4772.580645,4.772580645,5247.43833,-0.090493238
164.104134,166009,166.004,2469,5010.885609,5.010885609,5247.43833,-0.045079657
164.154107,166059,166.054,2470,5016.0,5.016,5247.43833,-0.044105012
164.238769,166109,166.104,2490,5119.626168,5.119626168,5247.43833,-0.024357058
164.25415,166159,166.154,2478,5057.142857,5.057142857,5247.43833,-0.036264452
164.353446,166209,166.204,2436,4845.56962,4.84556962,5247.43833,-0.076583789
164.354109,166259,166.254,2445,4890.0,4.89,5247.43833,-0.068116728
164.40418,166309,166.304,2418,4758.139535,4.758139535,5247.43833,-0.093245268
164.496687,166359,166.354,2402,4681.984643,4.681984643,5247.43833,-0.107758043
164.504188,166409,166.404,2403,4686.702128,4.686702128,5247.43833,-0.106859036
164.600772,166459,166.454,2381,4584.189032,4.584189032,5247.43833,-0.126394872
164.604151,166509,166.504,2387,4611.885246,4.611885246,5247.43833,-0.121116828
164.654236,166559,166.554,2406,4700.888099,4.700888099,5247.43833,-0.104155627
164.742251,166609,166.604,2408,4710.373444,4.710373444,5247.43833,-0.102348013
164.754161,166659,166.654,2417,4753.337306,4.753337306,5247.43833,-0.094160425
164.804244,166709,166.704,2394,4644.444444,4.644444444,5247.43833,-0.114912048
164.907149,166759,166.754,2416,4748.540798,4.748540798,5247.43833,-0.095074492
165.00566,166809,166.804,2414,4738.964902,4.738964902,5247.43833,-0.096899362
165.005874,166859,166.854,2418,4758.139535,4.758139535,5247.43833,-0.093245268
165.006149,166909,166.904,2418,4758.139535,4.758139535,5247.43833,-0.093245268
165.054156,166959,166.954,2437,4850.482509,4.850482509,5247.43833,-0.075647544
165.141751,167009,167.004,2431,4821.09375,4.82109375,5247.43833,-0.081248135
165.154192,167059,167.054,2428,4806.478704,4.806478704,5247.43833,-0.084033313
165.254706,167109,167.104,2409,4715.124555,4.715124555,5247.43833,-0.101442598
165.339614,167159,167.154,2407,4705.627962,4.705627962,5247.43833,-0.103252356
165.33983,167209,167.204,2401,4677.272727,4.677272727,5247.43833,-0.108655989
165.35417,167259,167.254,2384,4598.012858,4.598012858,5247.43833,-0.123760477
165.404205,167309,167.304,2386,4607.255705,4.607255705,5247.43833,-0.121999076
165.503713,167359,167.354,2376,4561.256545,4.561256545,5247.43833,-0.130765098
165.504112,167409,167.404,2387,4611.885246,4.611885246,5247.43833,-0.121116828
165.554167,167459,167.454,2519,5274.555838,5.274555838,5247.43833,0.005167761
165.64927,167509,167.504,2520,5280.0,5.28,5247.43833,0.006205251
165.654194,167559,167.554,2473,5031.381011,5.031381011,5247.43833,-0.041173865
165.741873,167609,167.604,2415,4743.75,4.74375,5247.43833,-0.09598747
165.754261,167659,167.654,2404,4691.425192,4.691425192,5247.43833,-0.105958966
165.84911,167709,167.704,2527,5318.303571,5.318303571,5247.43833,0.013504731
165.854174,167759,167.754,2486,5098.694842,5.098694842,5247.43833,-0.028345924
165.904157,167809,167.804,2478,5057.142857,5.057142857,5247.43833,-0.036264452
166.00734,167859,167.854,2544,5412.765957,5.412765957,5247.43833,0.03150635
166.103436,167909,167.904,2436,4845.56962,4.84556962,5247.43833,-0.076583789
166.103659,167959,167.954,2440,4865.256798,4.865256798,5247.43833,-0.07283202
166.104159,168009,168.004,2460,4965.137615,4.965137615,5247.43833,-0.053797815
166.154172,168059,168.054,2441,4870.19347,4.87019347,5247.43833,-0.071891242
166.247607,168109,168.104,2405,4696.153846,4.696153846,5247.43833,-0.10505783
166.25418,168159,168.154,2409,4715.124555,4.715124555,5247.43833,-0.101442598
166.346694,168209,168.204,2401,4677.272727,4.677272727,5247.43833,-0.108655989
166.354168,168259,168.254,2390,4625.806452,4.625806452,5247.43833,-0.118463875
166.404219,168309,168.304,2404,4691.425192,4.691425192,5247.43833,-0.105958966
166.489066,168359,168.354,2414,4738.964902,4.738964902,5247.43833,-0.096899362
166.504156,168409,168.404,2391,4630.457746,4.630457746,5247.43833,-0.117577482
166.554157,168459,168.454,2430,4816.216216,4.816216216,5247.43833,-0.082177643
166.657071,168509,168.504,2456,4944.966443,4.944966443,5247.43833,-0.057641818
166.75169,168559,168.554,2433,4830.866426,4.830866426,5247.43833,-0.079385765
166.751915,168609,168.604,2423,4782.236842,4.782236842,5247.43833,-0.088653064
166.754117,168659,168.654,2503,5188.379397,5.188379397,5247.43833,-0.011254812
166.80419,168709,168.704,2417,4753.337306,4.753337306,5247.43833,-0.094160425
166.898754,168759,168.754,2442,4875.136116,4.875136116,5247.43833,-0.070949326
166.904125,168809,168.804,2414,4738.964902,4.738964902,5247.43833,-0.096899362
166.954154,168859,168.854,2389,4621.16061,4.62116061,5247.43833,-0.119349229
167.043299,168909,168.904,2390,4625.806452,4.625806452,5247.43833,-0.118463875
167.05421,168959,168.954,2387,4611.885246,4.611885246,5247.43833,-0.121116828
167.104175,169009,169.004,2378,4570.413512,4.570413512,5247.43833,-0.129020062
167.204464,169059,169.054,2378,4570.413512,4.570413512,5247.43833,-0.129020062
167.298296,169109,169.104,2403,4686.702128,4.686702128,5247.43833,-0.106859036
167.298519,169159,169.154,2452,4924.893488,4.924893488,5247.43833,-0.061467105
167.304161,169209,169.204,2384,4598.012858,4.598012858,5247.43833,-0.123760477
167.354101,169259,169.254,2441,4870.19347,4.87019347,5247.43833,-0.071891242
167.447334,169309,169.304,2433,4830.866426,4.830866426,5247.43833,-0.079385765
167.454143,169359,169.354,2413,4734.185493,4.734185493,5247.43833,-0.09781017
167.542291,169409,169.404,2521,5285.45108,5.28545108,5247.43833,0.007244058
167.554285,169459,169.454,2484,5088.268156,5.088268156,5247.43833,-0.030332929
167.658293,169509,169.504,2481,5072.67658,5.07267658,5247.43833,-0.033304203
167.753763,169559,169.554,2479,5062.314356,5.062314356,5247.43833,-0.035278923
167.75399,169609,169.604,2455,4939.939024,4.939939024,5247.43833,-0.058599889
167.754196,169659,169.654,2540,5390.353698,5.390353698,5247.43833,0.027235264
167.804149,169709,169.704,2498,5161.803381,5.161803381,5247.43833,-0.016319382
167.899896,169759,169.754,2411,4724.643705,4.724643705,5247.43833,-0.099628541
167.904176,169809,169.804,2424,4787.073609,4.787073609,5247.43833,-0.087731326
167.999971,169859,169.854,2422,4777.405858,4.777405858,5247.43833,-0.089573701
168.00413,169909,169.904,2381,4584.189032,4.584189032,5247.43833,-0.126394872
168.054134,169959,169.954,2514,5247.43833,5.24743833,5247.43833,0.0
168.142488,170009,170.004,2417,4753.337306,4.753337306,5247.43833,-0.094160425
168.154182,170059,170.054,2429,4811.344538,4.811344538,5247.43833,-0.083106035
168.255138,170109,170.104,2404,4691.425192,4.691425192,5247.43833,-0.105958966
168.348408,170159,170.154,2401,4677.272727,4.677272727,5247.43833,-0.108655989
168.348633,170209,170.204,2403,4686.702128,4.686702128,5247.43833,-0.106859036
168.35415,170259,170.254,2418,4758.139535,4.758139535,5247.43833,-0.093245268
168.404123,170309,170.304,2411,4724.643705,4.724643705,5247.43833,-0.099628541
168.496875,170359,170.354,2425,4791.916168,4.791916168,5247.43833,-0.086808483
168.504143,170409,170.404,2418,4758.139535,4.758139535,5247.43833,-0.093245268
168.593823,170459,170.454,2437,4850.482509,4.850482509,5247.43833,-0.075647544
168.604124,170509,170.504,2439,4860.326087,4.860326087,5247.43833,-0.073771661
168.654135,170559,170.554,2413,4734.185493,4.734185493,5247.43833,-0.09781017
168.757898,170609,170.604,2391,4630.457746,4.630457746,5247.43833,-0.117577482
168.85352,170659,170.654,2385,4602.631579,4.602631579,5247.43833,-0.122880291
168.853745,170709,170.704,2392,4635.114504,4.635114504,5247.43833,-0.116690047
168.854167,170759,170.754,2375,4556.686047,4.556686047,5247.43833,-0.131636094
168.904192,170809,170.804,2396,4653.796351,4.653796351,5247.43833,-0.113129863
168.999792,170859,170.854,2506,5204.405286,5.204405286,5247.43833,-0.008200772
169.004165,170909,170.904,2507,5209.760705,5.209760705,5247.43833,-0.007180194
169.054184,170959,170.954,2400,4672.566372,4.672566372,5247.43833,-0.109552876
169.142032,171009,171.004,2399,4667.865566,4.667865566,5247.43833,-0.110448704
169.154203,171059,171.054,2422,4777.405858,4.777405858,5247.43833,-0.089573701
169.255466,171109,171.104,2426,4796.76453,4.79676453,5247.43833,-0.085884535
169.348676,171159,171.154,2496,5151.219512,5.151219512,5247.43833,-0.018336341
169.348902,171209,171.204,2474,5036.520666,5.036520666,5247.43833,-0.040194405
169.354151,171259,171.254,2466,4995.58011,4.99558011,5247.43833,-0.047996413
169.404181,171309,171.304,2452,4924.893488,4.924893488,5247.43833,-0.061467105
169.497183,171359,171.354,2507,5209.760705,5.209760705,5247.43833,-0.007180194
169.504157,171409,171.404,2531,5340.345269,5.340345269,5247.43833,0.017705199
169.554165,171459,171.454,2413,4734.185493,4.734185493,5247.43833,-0.09781017
169.650853,171509,171.504,2417,4753.337306,4.753337306,5247.43833,-0.094160425
169.654139,171559,171.554,2393,4639.776733,4.639776733,5247.43833,-0.11580157
169.704224,171609,171.604,2420,4767.761194,4.767761194,5247.43833,-0.091411677
169.792172,171659,171.654,2423,4782.236842,4.782236842,5247.43833,-0.088653064
169.804231,171709,171.704,2417,4753.337306,4.753337306,5247.43833,-0.094160425
169.908408,171759,171.754,2411,4724.643705,4.724643705,5247.43833,-0.099628541
170.004221,171809,171.804,2406,4700.888099,4.700888099,5247.43833,-0.104155627
170.004446,171859,171.854,2442,4875.136116,4.875136116,5247.43833,-0.070949326
170.005029,171909,171.904,2475,5041.666667,5.041666667,5247.43833,-0.039213736
170.05413,171959,171.954,2412,4729.411765,4.729411765,5247.43833,-0.098719896
170.15014,172009,172.004,2422,4777.405858,4.777405858,5247.43833,-0.089573701
170.154158,172059,172.054,2441,4870.19347,4.87019347,5247.43833,-0.071891242
170.240713,172109,172.104,2463,4980.330882,4.980330882,5247.43833,-0.050902446
170.25416,172159,172.154,2404,4691.425192,4.691425192,5247.43833,-0.105958966
170.348124,172209,172.204,2387,4611.885246,4.611885246,5247.43833,-0.121116828
170.354131,172259,172.254,2388,4616.520211,4.616520211,5247.43833,-0.120233546
170.404152,172309,172.304,2385,4602.631579,4.602631579,5247.43833,-0.122880291
170.505622,172359,172.354,2384,4598.012858,4.598012858,5247.43833,-0.123760477
170.602346,172409,172.404,2381,4584.189032,4.584189032,5247.43833,-0.126394872
170.602573,172459,172.454,2384,4598.012858,4.598012858,5247.43833,-0.123760477
170.604205,172509,172.504,2387,4611.885246,4.611885246,5247.43833,-0.121116828
170.654145,172559,172.554,2413,4734.185493,4.734185493,5247.43833,-0.09781017
170.749565,172609,172.604,2509,5220.491803,5.220491803,5247.43833,-0.005135177
170.754135,172659,172.654,2500,5172.413793,5.172413793,5247.43833,-0.014297364
170.804154,172709,172.704,2406,4700.888099,4.700888099,5247.43833,-0.104155627
170.89279,172759,172.754,2420,4767.761194,4.767761194,5247.43833,-0.091411677
170.904229,172809,172.804,2413,4734.185493,4.734185493,5247.43833,-0.09781017
171.007646,172859,172.854,2481,5072.67658,5.07267658,5247.43833,-0.033304203
171.104701,172909,172.904,2522,5290.909091,5.290909091,5247.43833,0.008284187
171.104927,172959,172.954,2485,5093.478261,5.093478261,5247.43833,-0.029340044
171.105128,173009,173.004,2460,4965.137615,4.965137615,5247.43833,-0.053797815
171.154131,173059,173.054,2446,4894.966646,4.894966646,5247.43833,-0.067170238
171.247723,173109,173.104,2527,5318.303571,5.318303571,5247.43833,0.013504731
171.254133,173159,173.154,2414,4738.964902,4.738964902,5247.43833,-0.096899362
171.304151,173209,173.204,2392,4635.114504,4.635114504,5247.43833,-0.116690047
171.397152,173259,173.254,2420,4767.761194,4.767761194,5247.43833,-0.091411677
171.404209,173309,173.304,2385,4602.631579,4.602631579,5247.43833,-0.122880291
171.490174,173359,173.354,2386,4607.255705,4.607255705,5247.43833,-0.121999076
171.504158,173409,173.404,2490,5119.626168,5.119626168,5247.43833,-0.024357058
171.554145,173459,173.454,2512,5236.639292,5.236639292,5247.43833,-0.002057964
171.657898,173509,173.504,2398,4663.170301,4.663170301,5247.43833,-0.111343477
171.754122,173559,173.554,2447,4899.93932,4.89993932,5247.43833,-0.0662226
171.754343,173609,173.604,2402,4681.984643,4.681984643,5247.43833,-0.107758043
171.754544,173659,173.654,2423,4782.236842,4.782236842,5247.43833,-0.088653064
171.804195,173709,173.704,2436,4845.56962,4.84556962,5247.43833,-0.076583789
171.9036,173759,173.754,2455,4939.939024,4.939939024,5247.43833,-0.058599889
171.904085,173809,173.804,2422,4777.405858,4.777405858,5247.43833,-0.089573701
171.954171,173859,173.854,2409,4715.124555,4.715124555,5247.43833,-0.101442598
172.044761,173909,173.904,2410,4719.881306,4.719881306,5247.43833,-0.100536108
172.054099,173959,173.954,2375,4556.686047,4.556686047,5247.43833,-0.131636094
172.10404,174009,174.004,2397,4658.480565,4.658480565,5247.43833,-0.112237196
172.205765,174059,174.054,2383,4593.399533,4.593399533,5247.43833,-0.124639635
172.299716,174109,174.104,2387,4611.885246,4.611885246,5247.43833,-0.121116828
172.29994,174159,174.154,2389,4621.16061,4.62116061,5247.43833,-0.119349229
172.304125,174209,174.204,2399,4667.865566,4.667865566,5247.43833,-0.110448704
172.354086,174259,174.254,2392,4635.114504,4.635114504,5247.43833,-0.116690047
172.446807,174309,174.304,2525,5307.324841,5.307324841,5247.43833,0.011412523
172.454099,174359,174.354,2496,5151.219512,5.151219512,5247.43833,-0.018336341
172.543969,174409,174.404,2403,4686.702128,4.686702128,5247.43833,-0.106859036
172.554184,174459,174.454,2412,4729.411765,4.729411765,5247.43833,-0.098719896
172.657612,174509,174.504,2398,4663.170301,4.663170301,5247.43833,-0.111343477
172.752969,174559,174.554,2545,5418.387097,5.418387097,5247.43833,0.032577566
172.753194,174609,174.604,2506,5204.405286,5.204405286,5247.43833,-0.008200772
172.754053,174659,174.654,2482,5077.867328,5.077867328,5247.43833,-0.032315006
172.804157,174709,174.704,2515,5252.848101,5.252848101,5247.43833,0.001030936
172.900938,174759,174.754,2432,4825.97715,4.82597715,5247.43833,-0.08031751
172.904049,174809,174.804,2548,5435.294118,5.435294118,5247.43833,0.035799523
172.954199,174859,174.854,2529,5329.310345,5.329310345,5247.43833,0.015602282
173.04493,174909,174.904,2429,4811.344538,4.811344538,5247.43833,-0.083106035
173.054078,174959,174.954,2404,4691.425192,4.691425192,5247.43833,-0.105958966
173.104074,175009,175.004,2373,4547.560976,4.547560976,5247.43833,-0.133375051
173.209853,175059,175.054,2428,4806.478704,4.806478704,5247.43833,-0.084033313
173.305036,175109,175.104,2447,4899.93932,4.89993932,5247.43833,-0.0662226
173.305259,175159,175.154,2388,4616.520211,4.616520211,5247.43833,-0.120233546
173.305459,175209,175.204,2461,4970.195838,4.970195838,5247.43833,-0.052833873
173.354096,175259,175.254,2472,5026.247689,5.026247689,5247.43833,-0.042152118
173.448342,175309,175.304,2399,4667.865566,4.667865566,5247.43833,-0.110448704
173.454133,175359,175.354,2477,5051.97775,5.05197775,5247.43833,-0.037248762
173.551395,175409,175.404,2450,4914.893617,4.914893617,5247.43833,-0.063372772
173.554142,175459,175.454,2478,5057.142857,5.057142857,5247.43833,-0.036264452
173.643306,175509,175.504,2514,5247.43833,5.24743833,5247.43833,0.0
173.654137,175559,175.554,2412,4729.411765,4.729411765,5247.43833,-0.098719896
173.704117,175609,175.604,2414,4738.964902,4.738964902,5247.43833,-0.096899362
173.808894,175659,175.654,2384,4598.012858,4.598012858,5247.43833,-0.123760477
173.905234,175709,175.704,2398,4663.170301,4.663170301,5247.43833,-0.111343477
173.905459,175759,175.754,2389,4621.16061,4.62116061,5247.43833,-0.119349229
173.905658,175809,175.804,2397,4658.480565,4.658480565,5247.43833,-0.112237196
173.954137,175859,175.854,2377,4565.832363,4.565832363,5247.43833,-0.129893088
174.051111,175909,175.904,2388,4616.520211,4.616520211,5247.43833,-0.120233546
174.054108,175959,175.954,2511,5231.25,5.23125,5247.43833,-0.003084997
174.104175,176009,176.004,2517,5263.688213,5.263688213,5247.43833,0.003096727
174.190152,176059,176.054,2526,5312.810707,5.312810707,5247.43833,0.01245796
174.204153,176109,176.104,2460,4965.137615,4.965137615,5247.43833,-0.053797815
174.254144,176159,176.154,2415,4743.75,4.74375,5247.43833,-0.09598747
174.355562,176209,176.204,2408,4710.373444,4.710373444,5247.43833,-0.102348013
174.448843,176259,176.254,2548,5435.294118,5.435294118,5247.43833,0.035799523
174.449072,176309,176.304,2490,5119.626168,5.119626168,5247.43833,-0.024357058
174.454038,176359,176.354,2485,5093.478261,5.093478261,5247.43833,-0.029340044
174.504077,176409,176.404,2461,4970.195838,4.970195838,5247.43833,-0.052833873
174.601013,176459,176.454,2450,4914.893617,4.914893617,5247.43833,-0.063372772
174.604131,176509,176.504,2530,5334.824281,5.334824281,5247.43833,0.016653069
174.700596,176559,176.554,2479,5062.314356,5.062314356,5247.43833,-0.035278923
174.704193,176609,176.604,2414,4738.964902,4.738964902,5247.43833,-0.096899362
174.793853,176659,176.654,2429,4811.344538,4.811344538,5247.43833,-0.083106035
174.804099,176709,176.704,2457,4950.0,4.95,5247.43833,-0.056682578
174.854089,176759,176.754,2438,4855.401328,4.855401328,5247.43833,-0.074710169
174.951676,176809,176.804,2447,4899.93932,4.89993932,5247.43833,-0.0662226
174.954103,176859,176.854,2509,5220.491803,5.220491803,5247.43833,-0.005135177
175.058375,176909,176.904,2403,4686.702128,4.686702128,5247.43833,-0.106859036
175.152496,176959,176.954,2405,4696.153846,4.696153846,5247.43833,-0.10505783
175.152718,177009,177.004,2423,4782.236842,4.782236842,5247.43833,-0.088653064
175.154018,177059,177.054,2518,5269.11858,5.26911858,5247.43833,0.004131587
175.204128,177109,177.104,2536,5368.056446,5.368056446,5247.43833,0.022986095
175.291026,177159,177.154,2403,4686.702128,4.686702128,5247.43833,-0.106859036
175.304076,177209,177.204,2511,5231.25,5.23125,5247.43833,-0.003084997
175.354087,177259,177.254,2539,5384.768638,5.384768638,5247.43833,0.026170924
175.454738,177309,177.304,2410,4719.881306,4.719881306,5247.43833,-0.100536108
175.54488,177359,177.354,2409,4715.124555,4.715124555,5247.43833,-0.101442598
175.545093,177409,177.404,2403,4686.702128,4.686702128,5247.43833,-0.106859036
175.55404,177459,177.454,2396,4653.796351,4.653796351,5247.43833,-0.113129863
175.604108,177509,177.504,2381,4584.189032,4.584189032,5247.43833,-0.126394872
175.707948,177559,177.554,2396,4653.796351,4.653796351,5247.43833,-0.113129863
175.797203,177609,177.604,2387,4611.885246,4.611885246,5247.43833,-0.121116828
175.797417,177659,177.654,2501,5177.728984,5.177728984,5247.43833,-0.013284453
175.8041,177709,177.704,2438,4855.401328,4.855401328,5247.43833,-0.074710169
175.854136,177759,177.754,2520,5280.0,5.28,5247.43833,0.006205251
175.951107,177809,177.804,2525,5307.324841,5.307324841,5247.43833,0.011412523
175.954075,177859,177.854,2400,4672.566372,4.672566372,5247.43833,-0.109552876
176.059312,177909,177.904,2408,4710.373444,4.710373444,5247.43833,-0.102348013
176.153934,177959,177.954,2449,4909.902795,4.909902795,5247.43833,-0.064323869
176.15416,178009,178.004,2532,5345.873321,5.345873321,5247.43833,0.018758675
176.154359,178059,178.054,2485,5093.478261,5.093478261,5247.43833,-0.029340044
176.204101,178109,178.104,2457,4950.0,4.95,5247.43833,-0.056682578
176.297663,178159,178.154,2464,4985.407725,4.985407725,5247.43833,-0.049934957
176.304069,178209,178.204,2432,4825.97715,4.82597715,5247.43833,-0.08031751
176.354075,178259,178.254,2464,4985.407725,4.985407725,5247.43833,-0.049934957
176.441202,178309,178.304,2439,4860.326087,4.860326087,5247.43833,-0.073771661
176.454158,178359,178.354,2529,5329.310345,5.329310345,5247.43833,0.015602282
176.558717,178409,178.404,2408,4710.373444,4.710373444,5247.43833,-0.102348013
176.656609,178459,178.454,2440,4865.256798,4.865256798,5247.43833,-0.07283202
176.656832,178509,178.504,2445,4890.0,4.89,5247.43833,-0.068116728
176.657032,178559,178.554,2454,4934.917733,4.934917733,5247.43833,-0.059556793
176.703988,178609,178.604,2400,4672.566372,4.672566372,5247.43833,-0.109552876
176.801853,178659,178.654,2405,4696.153846,4.696153846,5247.43833,-0.10505783
176.804073,178709,178.704,2413,4734.185493,4.734185493,5247.43833,-0.09781017
176.89432,178759,178.754,2415,4743.75,4.74375,5247.43833,-0.09598747
176.90406,178809,178.804,2406,4700.888099,4.700888099,5247.43833,-0.104155627
176.954121,178859,178.854,2383,4593.399533,4.593399533,5247.43833,-0.124639635
177.059116,178909,178.904,2476,5046.819024,5.046819024,5247.43833,-0.038231856
177.155131,178959,178.954,2530,5334.824281,5.334824281,5247.43833,0.016653069
177.155353,179009,179.004,2482,5077.867328,5.077867328,5247.43833,-0.032315006
177.155554,179059,179.054,2400,4672.566372,4.672566372,5247.43833,-0.109552876
177.204137,179109,179.104,2406,4700.888099,4.700888099,5247.43833,-0.104155627
177.299409,179159,179.154,2400,4672.566372,4.672566372,5247.43833,-0.109552876
177.304083,179209,179.204,2409,4715.124555,4.715124555,5247.43833,-0.101442598
177.354034,179259,179.254,2408,4710.373444,4.710373444,5247.43833,-0.102348013
177.441035,179309,179.304,2388,4616.520211,4.616520211,5247.43833,-0.120233546
177.454048,179359,179.354,2390,4625.806452,4.625806452,5247.43833,-0.118463875
177.557405,179409,179.404,2522,5290.909091,5.290909091,5247.43833,0.008284187
177.654964,179459,179.454,2519,5274.555838,5.274555838,5247.43833,0.005167761
177.655193,179509,179.504,2398,4663.170301,4.663170301,5247.43833,-0.111343477
177.655395,179559,179.554,2418,4758.139535,4.758139535,5247.43833,-0.093245268
177.704075,179609,179.604,2421,4772.580645,4.772580645,5247.43833,-0.090493238
177.801884,179659,179.654,2425,4791.916168,4.791916168,5247.43833,-0.086808483
177.803976,179709,179.704,2520,5280.0,5.28,5247.43833,0.006205251
177.85407,179759,179.754,2492,5130.131004,5.130131004,5247.43833,-0.02235516
177.951666,179809,179.804,2504,5193.714645,5.193714645,5247.43833,-0.010238078
177.95404,179859,179.854,2530,5334.824281,5.334824281,5247.43833,0.016653069
178.04517,179909,179.904,2444,4885.03937,4.88503937,5247.43833,-0.069062071
178.054043,179959,179.954,2424,4787.073609,4.787073609,5247.43833,-0.087731326
178.104091,180009,180.004,2429,4811.344538,4.811344538,5247.43833,-0.083106035
178.207781,180059,180.054,2489,5114.383562,5.114383562,5247.43833,-0.025356138
178.305176,180109,180.104,2492,5130.131004,5.130131004,5247.43833,-0.02235516
178.305392,180159,180.154,2412,4729.411765,4.729411765,5247.43833,-0.098719896
178.305592,180209,180.204,2453,4929.902558,4.929902558,5247.43833,-0.060512531
178.354026,180259,180.254,2407,4705.627962,4.705627962,5247.43833,-0.103252356
178.44882,180309,180.304,2512,5236.639292,5.236639292,5247.43833,-0.002057964
178.454075,180359,180.354,2402,4681.984643,4.681984643,5247.43833,-0.107758043
178.545292,180409,180.404,2407,4705.627962,4.705627962,5247.43833,-0.103252356
178.554097,180459,180.454,2434,4835.761589,4.835761589,5247.43833,-0.078452897
178.65898,180509,180.504,2441,4870.19347,4.87019347,5247.43833,-0.071891242
178.756495,180559,180.554,2497,5156.508135,5.156508135,5247.43833,-0.017328492
178.756719,180609,180.604,2517,5263.688213,5.263688213,5247.43833,0.003096727
178.756918,180659,180.654,2524,5301.845958,5.301845958,5247.43833,0.010368417
178.8041,180709,180.704,2523,5296.374046,5.296374046,5247.43833,0.009325639
178.901505,180759,180.754,2481,5072.67658,5.07267658,5247.43833,-0.033304203
178.904101,180809,180.804,2409,4715.124555,4.715124555,5247.43833,-0.101442598
179.001767,180859,180.854,2407,4705.627962,4.705627962,5247.43833,-0.103252356
179.004027,180909,180.904,2397,4658.480565,4.658480565,5247.43833,-0.112237196
179.054053,180959,180.954,2460,4965.137615,4.965137615,5247.43833,-0.053797815
179.142255,181009,181.004,2457,4950.0,4.95,5247.43833,-0.056682578
179.154115,181059,181.054,2482,5077.867328,5.077867328,5247.43833,-0.032315006
179.256701,181109,181.104,2512,5236.639292,5.236639292,5247.43833,-0.002057964
179.351035,181159,181.154,2453,4929.902558,4.929902558,5247.43833,-0.060512531
179.351257,181209,181.204,2505,5199.056604,5.199056604,5247.43833,-0.009220066
179.354077,181259,181.254,2502,5183.050847,5.183050847,5247.43833,-0.01227027
179.40408,181309,181.304,2418,4758.139535,4.758139535,5247.43833,-0.093245268
179.498119,181359,181.354,2399,4667.865566,4.667865566,5247.43833,-0.110448704
179.504016,181409,181.404,2449,4909.902795,4.909902795,5247.43833,-0.064323869
179.554066,181459,181.454,2524,5301.845958,5.301845958,5247.43833,0.010368417
179.644653,181509,181.504,2494,5140.662086,5.140662086,5247.43833,-0.020348261
179.654065,181559,181.554,2520,5280.0,5.28,5247.43833,0.006205251
179.704082,181609,181.604,2430,4816.216216,4.816216216,5247.43833,-0.082177643
179.809362,181659,181.654,2496,5151.219512,5.151219512,5247.43833,-0.018336341
179.90718,181709,181.704,2430,4816.216216,4.816216216,5247.43833,-0.082177643
179.907404,181759,181.754,2459,4960.085575,4.960085575,5247.43833,-0.054760578
179.907602,181809,181.804,2422,4777.405858,4.777405858,5247.43833,-0.089573701
179.954045,181859,181.854,2513,5242.035398,5.242035398,5247.43833,-0.001029632
180.052978,181909,181.904,2403,4686.702128,4.686702128,5247.43833,-0.106859036
180.054037,181959,181.954,2404,4691.425192,4.691425192,5247.43833,-0.105958966
180.104045,182009,182.004,2396,4653.796351,4.653796351,5247.43833,-0.113129863
180.192646,182059,182.054,2415,4743.75,4.74375,5247.43833,-0.09598747
180.204015,182109,182.104,2409,4715.124555,4.715124555,5247.43833,-0.101442598
180.254018,182159,182.154,2413,4734.185493,4.734185493,5247.43833,-0.09781017
180.357028,182209,182.204,2441,4870.19347,4.87019347,5247.43833,-0.071891242
180.451717,182259,182.254,2477,5051.97775,5.05197775,5247.43833,-0.037248762
180.451943,182309,182.304,2431,4821.09375,4.82109375,5247.43833,-0.081248135
180.454035,182359,182.354,2425,4791.916168,4.791916168,5247.43833,-0.086808483
180.504041,182409,182.404,2523,5296.374046,5.296374046,5247.43833,0.009325639
180.595293,182459,182.454,2509,5220.491803,5.220491803,5247.43833,-0.005135177
180.604024,182509,182.504,2410,4719.881306,4.719881306,5247.43833,-0.100536108
180.654022,182559,182.554,2408,4710.373444,4.710373444,5247.43833,-0.102348013
180.752306,182609,182.604,2482,5077.867328,5.077867328,5247.43833,-0.032315006
180.75403,182659,182.654,2406,4700.888099,4.700888099,5247.43833,-0.104155627
180.860447,182709,182.704,2387,4611.885246,4.611885246,5247.43833,-0.121116828
180.95919,182759,182.754,2387,4611.885246,4.611885246,5247.43833,-0.121116828
180.959418,182809,182.804,2514,5247.43833,5.24743833,5247.43833,0.0
180.959616,182859,182.854,2507,5209.760705,5.209760705,5247.43833,-0.007180194
181.00406,182909,182.904,2509,5220.491803,5.220491803,5247.43833,-0.005135177
181.094231,182959,182.954,2475,5041.666667,5.041666667,5247.43833,-0.039213736
181.10406,183009,183.004,2403,4686.702128,4.686702128,5247.43833,-0.106859036
181.154083,183059,183.054,2411,4724.643705,4.724643705,5247.43833,-0.099628541
181.258205,183109,183.104,2543,5407.152062,5.407152062,5247.43833,0.030436514
181.347022,183159,183.154,2524,5301.845958,5.301845958,5247.43833,0.010368417
181.347238,183209,183.204,2493,5135.393258,5.135393258,5247.43833,-0.021352337
181.35403,183259,183.254,2482,5077.867328,5.077867328,5247.43833,-0.032315006
181.40407,183309,183.304,2468,5005.777505,5.005777505,5247.43833,-0.046053104
181.508618,183359,183.354,2455,4939.939024,4.939939024,5247.43833,-0.058599889
181.608081,183409,183.404,2483,5083.064516,5.083064516,5247.43833,-0.031324582
181.608304,183459,183.454,2414,4738.964902,4.738964902,5247.43833,-0.096899362
181.608504,183509,183.504,2406,4700.888099,4.700888099,5247.43833,-0.104155627
181.654027,183559,183.554,2506,5204.405286,5.204405286,5247.43833,-0.008200772
181.752963,183609,183.604,2448,4904.918033,4.904918033,5247.43833,-0.065273811
181.754037,183659,183.654,2481,5072.67658,5.07267658,5247.43833,-0.033304203
181.853369,183709,183.704,2405,4696.153846,4.696153846,5247.43833,-0.10505783
181.854129,183759,183.754,2430,4816.216216,4.816216216,5247.43833,-0.082177643
181.945667,183809,183.804,2457,4950.0,4.95,5247.43833,-0.056682578
181.954062,183859,183.854,2405,4696.153846,4.696153846,5247.43833,-0.10505783
182.061254,183909,183.904,2414,4738.964902,4.738964902,5247.43833,-0.096899362
182.1584,183959,183.954,2519,5274.555838,5.274555838,5247.43833,0.005167761
182.158621,184009,184.004,2463,4980.330882,4.980330882,5247.43833,-0.050902446
182.158821,184059,184.054,2523,5296.374046,5.296374046,5247.43833,0.009325639
182.204025,184109,184.104,2514,5247.43833,5.24743833,5247.43833,0.0
182.301445,184159,184.154,2415,4743.75,4.74375,5247.43833,-0.09598747
182.303961,184209,184.204,2420,4767.761194,4.767761194,5247.43833,-0.091411677
182.354,184259,184.254,2406,4700.888099,4.700888099,5247.43833,-0.104155627
182.443069,184309,184.304,2398,4663.170301,4.663170301,5247.43833,-0.111343477
182.453989,184359,184.354,2400,4672.566372,4.672566372,5247.43833,-0.109552876
182.504019,184409,184.404,2369,4529.374276,4.529374276,5247.43833,-0.136840875
182.610721,184459,184.454,2472,5026.247689,5.026247689,5247.43833,-0.042152118
182.709845,184509,184.504,2506,5204.405286,5.204405286,5247.43833,-0.008200772
182.710078,184559,184.554,2476,5046.819024,5.046819024,5247.43833,-0.038231856
182.71028,184609,184.604,2517,5263.688213,5.263688213,5247.43833,0.003096727
182.754032,184659,184.654,2505,5199.056604,5.199056604,5247.43833,-0.009220066
182.854246,184709,184.704,2391,4630.457746,4.630457746,5247.43833,-0.117577482
182.953808,184759,184.754,2416,4748.540798,4.748540798,5247.43833,-0.095074492
182.954034,184809,184.804,2441,4870.19347,4.87019347,5247.43833,-0.071891242
182.954233,184859,184.854,2481,5072.67658,5.07267658,5247.43833,-0.033304203
183.047841,184909,184.904,2492,5130.131004,5.130131004,5247.43833,-0.02235516
183.054099,184959,184.954,2473,5031.381011,5.031381011,5247.43833,-0.041173865
183.104025,185009,185.004,2506,5204.405286,5.204405286,5247.43833,-0.008200772
183.20873,185059,185.054,2433,4830.866426,4.830866426,5247.43833,-0.079385765
183.306121,185109,185.104,2456,4944.966443,4.944966443,5247.43833,-0.057641818
183.306347,185159,185.154,2416,4748.540798,4.748540798,5247.43833,-0.095074492
183.306549,185209,185.204,2407,4705.627962,4.705627962,5247.43833,-0.103252356
183.354012,185259,185.254,2485,5093.478261,5.093478261,5247.43833,-0.029340044
183.451228,185309,185.304,2492,5130.131004,5.130131004,5247.43833,-0.02235516
183.454042,185359,185.354,2515,5252.848101,5.252848101,5247.43833,0.001030936
183.546398,185409,185.404,2514,5247.43833,5.24743833,5247.43833,0.0
183.554075,185459,185.454,2422,4777.405858,4.777405858,5247.43833,-0.089573701
183.66141,185509,185.504,2421,4772.580645,4.772580645,5247.43833,-0.090493238
183.760972,185559,185.554,2406,4700.888099,4.700888099,5247.43833,-0.104155627
183.761199,185609,185.604,2405,4696.153846,4.696153846,5247.43833,-0.10505783
183.761398,185659,185.654,2428,4806.478704,4.806478704,5247.43833,-0.084033313
183.803997,185709,185.704,2417,4753.337306,4.753337306,5247.43833,-0.094160425
183.903467,185759,185.754,2410,4719.881306,4.719881306,5247.43833,-0.100536108
183.904212,185809,185.804,2511,5231.25,5.23125,5247.43833,-0.003084997
184.004932,185859,185.854,2488,5109.14748,5.10914748,5247.43833,-0.026353973
184.098798,185909,185.904,2392,4635.114504,4.635114504,5247.43833,-0.116690047
184.099028,185959,185.954,2395,4649.117647,4.649117647,5247.43833,-0.11402148
184.104019,186009,186.004,2382,4588.791594,4.588791594,5247.43833,-0.125517766
184.154074,186059,186.054,2395,4649.117647,4.649117647,5247.43833,-0.11402148
184.259209,186109,186.104,2493,5135.393258,5.135393258,5247.43833,-0.021352337
184.357208,186159,186.154,2438,4855.401328,4.855401328,5247.43833,-0.074710169
184.357437,186209,186.204,2514,5247.43833,5.24743833,5247.43833,0.0
184.357638,186259,186.254,2510,5225.867508,5.225867508,5247.43833,-0.004110734
184.404022,186309,186.304,2526,5312.810707,5.312810707,5247.43833,0.01245796
184.500905,186359,186.354,2428,4806.478704,4.806478704,5247.43833,-0.084033313
184.503978,186409,186.404,2397,4658.480565,4.658480565,5247.43833,-0.112237196
184.554008,186459,186.454,2411,4724.643705,4.724643705,5247.43833,-0.099628541
184.647018,186509,186.504,2428,4806.478704,4.806478704,5247.43833,-0.084033313
184.654049,186559,186.554,2459,4960.085575,4.960085575,5247.43833,-0.054760578
184.761941,186609,186.604,2493,5135.393258,5.135393258,5247.43833,-0.021352337
184.862278,186659,186.654,2484,5088.268156,5.088268156,5247.43833,-0.030332929
184.962759,186709,186.704,2493,5135.393258,5.135393258,5247.43833,-0.021352337
185.062746,186759,186.754,2451,4919.890511,4.919890511,5247.43833,-0.062420518
185.062972,186809,186.804,2424,4787.073609,4.787073609,5247.43833,-0.087731326
185.155409,186859,186.854,2425,4791.916168,4.791916168,5247.43833,-0.086808483
185.15569,186909,186.904,2401,4677.272727,4.677272727,5247.43833,-0.108655989
185.155894,186959,186.954,2508,5215.122873,5.215122873,5247.43833,-0.00615833
185.156092,187009,187.004,2409,4715.124555,4.715124555,5247.43833,-0.101442598
185.156296,187059,187.054,2522,5290.909091,5.290909091,5247.43833,0.008284187
185.20406,187109,187.104,2400,4672.566372,4.672566372,5247.43833,-0.109552876
185.305583,187159,187.154,2394,4644.444444,4.644444444,5247.43833,-0.114912048
185.410872,187209,187.204,2400,4672.566372,4.672566372,5247.43833,-0.109552876
185.508704,187259,187.254,2422,4777.405858,4.777405858,5247.43833,-0.089573701
185.508932,187309,187.304,2462,4975.260257,4.975260257,5247.43833,-0.051868751
185.509131,187359,187.354,2533,5351.408451,5.351408451,5247.43833,0.0198135
185.509329,187409,187.404,2531,5340.345269,5.340345269,5247.43833,0.017705199
185.554012,187459,187.454,2412,4729.411765,4.729411765,5247.43833,-0.098719896
185.652593,187509,187.504,2419,4762.947494,4.762947494,5247.43833,-0.09232902
185.653946,187559,187.554,2492,5130.131004,5.130131004,5247.43833,-0.02235516
185.703995,187609,187.604,2398,4663.170301,4.663170301,5247.43833,-0.111343477
185.798752,187659,187.654,2393,4639.776733,4.639776733,5247.43833,-0.11580157
185.804024,187709,187.704,2408,4710.373444,4.710373444,5247.43833,-0.102348013
185.943028,187759,187.754,2395,4649.117647,4.649117647,5247.43833,-0.11402148
186.055478,187809,187.804,2387,4611.885246,4.611885246,5247.43833,-0.121116828
186.172892,187859,187.854,2397,4658.480565,4.658480565,5247.43833,-0.112237196
186.267925,187909,187.904,2506,5204.405286,5.204405286,5247.43833,-0.008200772
186.26814,187959,187.954,2523,5296.374046,5.296374046,5247.43833,0.009325639
186.268339,188009,188.004,2500,5172.413793,5.172413793,5247.43833,-0.014297364
186.268538,188059,188.054,2501,5177.728984,5.177728984,5247.43833,-0.013284453
186.268735,188109,188.104,2406,4700.888099,4.700888099,5247.43833,-0.104155627
186.268932,188159,188.154,2410,4719.881306,4.719881306,5247.43833,-0.100536108
186.304004,188209,188.204,2412,4729.411765,4.729411765,5247.43833,-0.098719896
186.411365,188259,188.254,2503,5188.379397,5.188379397,5247.43833,-0.011254812
186.512918,188309,188.304,2500,5172.413793,5.172413793,5247.43833,-0.014297364
186.614907,188359,188.354,2488,5109.14748,5.10914748,5247.43833,-0.026353973
186.712794,188409,188.404,2483,5083.064516,5.083064516,5247.43833,-0.031324582
186.713023,188459,188.454,2448,4904.918033,4.904918033,5247.43833,-0.065273811
186.713225,188509,188.504,2436,4845.56962,4.84556962,5247.43833,-0.076583789
186.713424,188559,188.554,2439,4860.326087,4.860326087,5247.43833,-0.073771661
186.71362,188609,188.604,2390,4625.806452,4.625806452,5247.43833,-0.118463875
186.754092,188659,188.654,2406,4700.888099,4.700888099,5247.43833,-0.104155627
186.848038,188709,188.704,2379,4575.0,4.575,5247.43833,-0.128146019
186.854048,188759,188.754,2513,5242.035398,5.242035398,5247.43833,-0.001029632
186.903998,188809,188.804,2517,5263.688213,5.263688213,5247.43833,0.003096727
187.015263,188859,188.854,2400,4672.566372,4.672566372,5247.43833,-0.109552876
187.120002,188909,188.904,2393,4639.776733,4.639776733,5247.43833,-0.11580157
187.220791,188959,188.954,2519,5274.555838,5.274555838,5247.43833,0.005167761
187.313933,189009,189.004,2418,4758.139535,4.758139535,5247.43833,-0.093245268
187.314148,189059,189.054,2532,5345.873321,5.345873321,5247.43833,0.018758675
187.314347,189109,189.104,2445,4890.0,4.89,5247.43833,-0.068116728
187.314544,189159,189.154,2518,5269.11858,5.26911858,5247.43833,0.004131587
187.314737,189209,189.204,2408,4710.373444,4.710373444,5247.43833,-0.102348013
187.353971,189259,189.254,2431,4821.09375,4.82109375,5247.43833,-0.081248135
187.465028,189309,189.304,2476,5046.819024,5.046819024,5247.43833,-0.038231856
187.573099,189359,189.354,2405,4696.153846,4.696153846,5247.43833,-0.10505783
187.677191,189409,189.404,2396,4653.796351,4.653796351,5247.43833,-0.113129863
187.779502,189459,189.454,2399,4667.865566,4.667865566,5247.43833,-0.110448704
187.875279,189509,189.504,2391,4630.457746,4.630457746,5247.43833,-0.117577482
187.875494,189559,189.554,2488,5109.14748,5.10914748,5247.43833,-0.026353973
187.875692,189609,189.604,2395,4649.117647,4.649117647,5247.43833,-0.11402148
187.875896,189659,189.654,2525,5307.324841,5.307324841,5247.43833,0.011412523
187.876092,189709,189.704,2521,5285.45108,5.28545108,5247.43833,0.007244058
187.876288,189759,189.754,2521,5285.45108,5.28545108,5247.43833,0.007244058
187.903968,189809,189.804,2408,4710.373444,4.710373444,5247.43833,-0.102348013
188.016026,189859,189.854,2416,4748.540798,4.748540798,5247.43833,-0.095074492
188.119979,189909,189.904,2408,4710.373444,4.710373444,5247.43833,-0.102348013
188.222926,189959,189.954,2485,5093.478261,5.093478261,5247.43833,-0.029340044
188.323732,190009,190.004,2542,5401.545396,5.401545396,5247.43833,0.029368057
188.417684,190059,190.054,2511,5231.25,5.23125,5247.43833,-0.003084997
188.417898,190109,190.104,2476,5046.819024,5.046819024,5247.43833,-0.038231856
188.418096,190159,190.154,2480,5067.49226,5.06749226,5247.43833,-0.034292174
188.418299,190209,190.204,2437,4850.482509,4.850482509,5247.43833,-0.075647544
188.418495,190259,190.254,2486,5098.694842,5.098694842,5247.43833,-0.028345924
188.41869,190309,190.304,2399,4667.865566,4.667865566,5247.43833,-0.110448704
188.453961,190359,190.354,2405,4696.153846,4.696153846,5247.43833,-0.10505783
188.563624,190409,190.404,2391,4630.457746,4.630457746,5247.43833,-0.117577482
188.66791,190459,190.454,2405,4696.153846,4.696153846,5247.43833,-0.10505783
188.772391,190509,190.504,2399,4667.865566,4.667865566,5247.43833,-0.110448704
188.876733,190559,190.554,2494,5140.662086,5.140662086,5247.43833,-0.020348261
188.974044,190609,190.604,2421,4772.580645,4.772580645,5247.43833,-0.090493238
188.974267,190659,190.654,2412,4729.411765,4.729411765,5247.43833,-0.098719896
188.974466,190709,190.704,2531,5340.345269,5.340345269,5247.43833,0.017705199
188.974665,190759,190.754,2415,4743.75,4.74375,5247.43833,-0.09598747
188.974884,190809,190.804,2419,4762.947494,4.762947494,5247.43833,-0.09232902
188.975082,190859,190.854,2411,4724.643705,4.724643705,5247.43833,-0.099628541
189.004062,190909,190.904,2465,4990.490798,4.990490798,5247.43833,-0.04896628
189.118728,190959,190.954,2432,4825.97715,4.82597715,5247.43833,-0.08031751
189.225168,191009,191.004,2475,5041.666667,5.041666667,5247.43833,-0.039213736
189.328183,191059,191.054,2440,4865.256798,4.865256798,5247.43833,-0.07283202
189.430123,191109,191.104,2440,4865.256798,4.865256798,5247.43833,-0.07283202
189.525693,191159,191.154,2404,4691.425192,4.691425192,5247.43833,-0.105958966
189.525907,191209,191.204,2505,5199.056604,5.199056604,5247.43833,-0.009220066
189.526106,191259,191.254,2510,5225.867508,5.225867508,5247.43833,-0.004110734
189.526311,191309,191.304,2398,4663.170301,4.663170301,5247.43833,-0.111343477
189.526507,191359,191.354,2408,4710.373444,4.710373444,5247.43833,-0.102348013
189.526703,191409,191.404,2515,5252.848101,5.252848101,5247.43833,0.001030936
189.554003,191459,191.454,2522,5290.909091,5.290909091,5247.43833,0.008284187
189.66649,191509,191.504,2399,4667.865566,4.667865566,5247.43833,-0.110448704
189.774132,191559,191.554,2390,4625.806452,4.625806452,5247.43833,-0.118463875
189.880946,191609,191.604,2420,4767.761194,4.767761194,5247.43833,-0.091411677
189.98591,191659,191.654,2524,5301.845958,5.301845958,5247.43833,0.010368417
190.082074,191709,191.704,2476,5046.819024,5.046819024,5247.43833,-0.038231856
190.082289,191759,191.754,2486,5098.694842,5.098694842,5247.43833,-0.028345924
190.082493,191809,191.804,2465,4990.490798,4.990490798,5247.43833,-0.04896628
190.08269,191859,191.854,2453,4929.902558,4.929902558,5247.43833,-0.060512531
190.082953,191909,191.904,2450,4914.893617,4.914893617,5247.43833,-0.063372772
190.083149,191959,191.954,2420,4767.761194,4.767761194,5247.43833,-0.091411677
190.104013,192009,192.004,2402,4681.984643,4.681984643,5247.43833,-0.107758043
190.214906,192059,192.054,2389,4621.16061,4.62116061,5247.43833,-0.119349229
190.315783,192109,192.104,2497,5156.508135,5.156508135,5247.43833,-0.017328492
190.409172,192159,192.154,2390,4625.806452,4.625806452,5247.43833,-0.118463875
190.409402,192209,192.204,2410,4719.881306,4.719881306,5247.43833,-0.100536108
190.409611,192259,192.254,2401,4677.272727,4.677272727,5247.43833,-0.108655989
190.409809,192309,192.304,2439,4860.326087,4.860326087,5247.43833,-0.073771661
190.454045,192359,192.354,2508,5215.122873,5.215122873,5247.43833,-0.00615833
190.562727,192409,192.404,2398,4663.170301,4.663170301,5247.43833,-0.111343477
190.659224,192459,192.454,2428,4806.478704,4.806478704,5247.43833,-0.084033313
190.659444,192509,192.504,2417,4753.337306,4.753337306,5247.43833,-0.094160425
190.659649,192559,192.554,2411,4724.643705,4.724643705,5247.43833,-0.099628541
190.703995,192609,192.604,2409,4715.124555,4.715124555,5247.43833,-0.101442598
190.815679,192659,192.654,2486,5098.694842,5.098694842,5247.43833,-0.028345924
190.91336,192709,192.704,2451,4919.890511,4.919890511,5247.43833,-0.062420518
190.913573,192759,192.754,2405,4696.153846,4.696153846,5247.43833,-0.10505783
190.91377,192809,192.804,2407,4705.627962,4.705627962,5247.43833,-0.103252356
190.953947,192859,192.854,2506,5204.405286,5.204405286,5247.43833,-0.008200772
191.065397,192909,192.904,2406,4700.888099,4.700888099,5247.43833,-0.104155627
191.159986,192959,192.954,2457,4950.0,4.95,5247.43833,-0.056682578
191.160205,193009,193.004,2403,4686.702128,4.686702128,5247.43833,-0.106859036
191.160405,193059,193.054,2397,4658.480565,4.658480565,5247.43833,-0.112237196
191.203988,193109,193.104,2424,4787.073609,4.787073609,5247.43833,-0.087731326
191.313096,193159,193.154,2484,5088.268156,5.088268156,5247.43833,-0.030332929
191.416309,193209,193.204,2391,4630.457746,4.630457746,5247.43833,-0.117577482
191.519375,193259,193.254,2391,4630.457746,4.630457746,5247.43833,-0.117577482
191.630428,193309,193.304,2429,4811.344538,4.811344538,5247.43833,-0.083106035
191.729335,193359,193.354,2428,4806.478704,4.806478704,5247.43833,-0.084033313
191.729553,193409,193.404,2458,4955.039707,4.955039707,5247.43833,-0.055722165
191.729751,193459,193.454,2490,5119.626168,5.119626168,5247.43833,-0.024357058
191.729963,193509,193.504,2554,5469.305646,5.469305646,5247.43833,0.042281072
191.730169,193559,193.554,2467,5000.675676,5.000675676,5247.43833,-0.047025356
191.730368,193609,193.604,2435,4840.662651,4.840662651,5247.43833,-0.077518906
191.753047,193659,193.654,2436,4845.56962,4.84556962,5247.43833,-0.076583789
191.865516,193709,193.704,2398,4663.170301,4.663170301,5247.43833,-0.111343477
191.970076,193759,193.754,2409,4715.124555,4.715124555,5247.43833,-0.101442598
192.074516,193809,193.804,2401,4677.272727,4.677272727,5247.43833,-0.108655989
192.178085,193859,193.854,2372,4543.006384,4.543006384,5247.43833,-0.134243016
192.276508,193909,193.904,2520,5280.0,5.28,5247.43833,0.006205251
192.276731,193959,193.954,2537,5373.620026,5.373620026,5247.43833,0.024046342
192.276931,194009,194.004,2397,4658.480565,4.658480565,5247.43833,-0.112237196
192.277128,194059,194.054,2397,4658.480565,4.658480565,5247.43833,-0.112237196
192.277324,194109,194.104,2380,4579.591837,4.579591837,5247.43833,-0.127270956
192.277519,194159,194.154,2474,5036.520666,5.036520666,5247.43833,-0.040194405
192.302991,194209,194.204,2419,4762.947494,4.762947494,5247.43833,-0.09232902
192.413451,194259,194.254,2412,4729.411765,4.729411765,5247.43833,-0.098719896
192.515991,194309,194.304,2415,4743.75,4.74375,5247.43833,-0.09598747
192.618419,194359,194.354,2421,4772.580645,4.772580645,5247.43833,-0.090493238
192.721248,194409,194.404,2501,5177.728984,5.177728984,5247.43833,-0.013284453
192.819687,194459,194.454,2412,4729.411765,4.729411765,5247.43833,-0.098719896
192.819902,194509,194.504,2438,4855.401328,4.855401328,5247.43833,-0.074710169
192.820101,194559,194.554,2380,4579.591837,4.579591837,5247.43833,-0.127270956
192.820298,194609,194.604,2505,5199.056604,5.199056604,5247.43833,-0.009220066
192.820496,194659,194.654,2514,5247.43833,5.24743833,5247.43833,0.0
192.820692,194709,194.704,2452,4924.893488,4.924893488,5247.43833,-0.061467105
192.853972,194759,194.754,2432,4825.97715,4.82597715,5247.43833,-0.08031751
192.967451,194809,194.804,2434,4835.761589,4.835761589,5247.43833,-0.078452897
193.072109,194859,194.854,2519,5274.555838,5.274555838,5247.43833,0.005167761
193.178418,194909,194.904,2485,5093.478261,5.093478261,5247.43833,-0.029340044
193.282206,194959,194.954,2410,4719.881306,4.719881306,5247.43833,-0.100536108
193.378113,195009,195.004,2473,5031.381011,5.031381011,5247.43833,-0.041173865
193.378347,195059,195.054,2412,4729.411765,4.729411765,5247.43833,-0.098719896
193.378545,195109,195.104,2443,4880.084746,4.880084746,5247.43833,-0.07000627
193.378754,195159,195.154,2505,5199.056604,5.199056604,5247.43833,-0.009220066
193.378953,195209,195.204,2535,5362.5,5.3625,5247.43833,0.021927208
193.379147,195259,195.254,2462,4975.260257,4.975260257,5247.43833,-0.051868751
193.402994,195309,195.304,2436,4845.56962,4.84556962,5247.43833,-0.076583789
193.513753,195359,195.354,2427,4801.618705,4.801618705,5247.43833,-0.084959479
193.616941,195409,195.404,2404,4691.425192,4.691425192,5247.43833,-0.105958966
193.722908,195459,195.454,2397,4658.480565,4.658480565,5247.43833,-0.112237196
193.82721,195509,195.504,2407,4705.627962,4.705627962,5247.43833,-0.103252356
193.925072,195559,195.554,2373,4547.560976,4.547560976,5247.43833,-0.133375051
193.925285,195609,195.604,2387,4611.885246,4.611885246,5247.43833,-0.121116828
193.925488,195659,195.654,2396,4653.796351,4.653796351,5247.43833,-0.113129863
193.925684,195709,195.704,2525,5307.324841,5.307324841,5247.43833,0.011412523
193.92588,195759,195.754,2429,4811.344538,4.811344538,5247.43833,-0.083106035
193.926075,195809,195.804,2419,4762.947494,4.762947494,5247.43833,-0.09232902
193.953004,195859,195.854,2407,4705.627962,4.705627962,5247.43833,-0.103252356
194.067098,195909,195.904,2410,4719.881306,4.719881306,5247.43833,-0.100536108
194.177965,195959,195.954,2429,4811.344538,4.811344538,5247.43833,-0.083106035
194.278777,196009,196.004,2419,4762.947494,4.762947494,5247.43833,-0.09232902
194.380389,196059,196.054,2406,4700.888099,4.700888099,5247.43833,-0.104155627
194.476393,196109,196.104,2409,4715.124555,4.715124555,5247.43833,-0.101442598
194.476605,196159,196.154,2425,4791.916168,4.791916168,5247.43833,-0.086808483
194.476811,196209,196.204,2426,4796.76453,4.79676453,5247.43833,-0.085884535
194.477007,196259,196.254,2502,5183.050847,5.183050847,5247.43833,-0.01227027
194.477203,196309,196.304,2496,5151.219512,5.151219512,5247.43833,-0.018336341
194.477399,196359,196.354,2419,4762.947494,4.762947494,5247.43833,-0.09232902
194.502962,196409,196.404,2505,5199.056604,5.199056604,5247.43833,-0.009220066
194.617087,196459,196.454,2453,4929.902558,4.929902558,5247.43833,-0.060512531
194.723538,196509,196.504,2440,4865.256798,4.865256798,5247.43833,-0.07283202
194.828851,196559,196.554,2425,4791.916168,4.791916168,5247.43833,-0.086808483
194.935128,196609,196.604,2515,5252.848101,5.252848101,5247.43833,0.001030936
195.034725,196659,196.654,2400,4672.566372,4.672566372,5247.43833,-0.109552876
195.034941,196709,196.704,2419,4762.947494,4.762947494,5247.43833,-0.09232902
195.035141,196759,196.754,2402,4681.984643,4.681984643,5247.43833,-0.107758043
195.035339,196809,196.804,2418,4758.139535,4.758139535,5247.43833,-0.093245268
195.149693,196859,196.854,2504,5193.714645,5.193714645,5247.43833,-0.010238078
195.257362,196909,196.904,2550,5446.601942,5.446601942,5247.43833,0.037954445
195.363115,196959,196.954,2488,5109.14748,5.10914748,5247.43833,-0.026353973
195.461465,197009,197.004,2459,4960.085575,4.960085575,5247.43833,-0.054760578
195.46168,197059,197.054,2446,4894.966646,4.894966646,5247.43833,-0.067170238
195.46188,197109,197.104,2447,4899.93932,4.89993932,5247.43833,-0.0662226
195.462076,197159,197.154,2439,4860.326087,4.860326087,5247.43833,-0.073771661
195.462272,197209,197.204,2444,4885.03937,4.88503937,5247.43833,-0.069062071
195.462475,197259,197.254,2444,4885.03937,4.88503937,5247.43833,-0.069062071
195.462669,197309,197.304,2455,4939.939024,4.939939024,5247.43833,-0.058599889
195.462864,197359,197.354,2427,4801.618705,4.801618705,5247.43833,-0.084959479
195.502965,197409,197.404,2446,4894.966646,4.894966646,5247.43833,-0.067170238
