host_elapsed_s,esp32_ms,elapsed_s,adc1,R_ohm,R_kOhm,R0_ohm,dR_R0
0.257357,5,0.0,4095,,,4750.939052,
0.52102,1959,1.954,2399,4667.865566,4.667865566,4750.939052,-0.017485698
0.597539,2009,2.004,2394,4644.444444,4.644444444,4750.939052,-0.022415486
0.597741,2059,2.054,2397,4658.480565,4.658480565,4750.939052,-0.019461097
0.597933,2109,2.104,2408,4710.373444,4.710373444,4750.939052,-0.00853844
0.598129,2159,2.154,2399,4667.865566,4.667865566,4750.939052,-0.017485698
0.598314,2209,2.204,2409,4715.124555,4.715124555,4750.939052,-0.007538404
0.598498,2259,2.254,2403,4686.702128,4.686702128,4750.939052,-0.01352089
0.598683,2309,2.304,2411,4724.643705,4.724643705,4750.939052,-0.005534768
0.598865,2359,2.354,2407,4705.627962,4.705627962,4750.939052,-0.009537291
0.599048,2409,2.404,2412,4729.411765,4.729411765,4750.939052,-0.004531165
0.599231,2459,2.454,2414,4738.964902,4.738964902,4750.939052,-0.002520375
0.610042,2509,2.504,2409,4715.124555,4.715124555,4750.939052,-0.007538404
0.66008,2559,2.554,2409,4715.124555,4.715124555,4750.939052,-0.007538404
0.722232,2609,2.604,2389,4621.16061,4.62116061,4750.939052,-0.027316377
0.760083,2659,2.654,2407,4705.627962,4.705627962,4750.939052,-0.009537291
0.81011,2709,2.704,2408,4710.373444,4.710373444,4750.939052,-0.00853844
0.861443,2759,2.754,2419,4762.947494,4.762947494,4750.939052,0.002527593
0.99917,2809,2.804,2408,4710.373444,4.710373444,4750.939052,-0.00853844
1.04662,2859,2.854,2407,4705.627962,4.705627962,4750.939052,-0.009537291
1.046953,2909,2.904,2402,4681.984643,4.681984643,4750.939052,-0.014513848
1.060108,2959,2.954,2415,4743.75,4.74375,4750.939052,-0.001513186
1.110061,3009,3.004,2412,4729.411765,4.729411765,4750.939052,-0.004531165
1.160082,3059,3.054,2399,4667.865566,4.667865566,4750.939052,-0.017485698
1.210055,3109,3.104,2412,4729.411765,4.729411765,4750.939052,-0.004531165
1.260157,3159,3.154,2416,4748.540798,4.748540798,4750.939052,-0.000504796
1.312012,3209,3.204,2420,4767.761194,4.767761194,4750.939052,0.003540804
1.360114,3259,3.254,2414,4738.964902,4.738964902,4750.939052,-0.002520375
1.410133,3309,3.304,2406,4700.888099,4.700888099,4750.939052,-0.01053496
1.460045,3359,3.354,2415,4743.75,4.74375,4750.939052,-0.001513186
1.510099,3409,3.404,2421,4772.580645,4.772580645,4750.939052,0.004555224
1.560127,3459,3.454,2417,4753.337306,4.753337306,4750.939052,0.000504796
1.613722,3509,3.504,2424,4787.073609,4.787073609,4750.939052,0.007605771
1.660125,3559,3.554,2421,4772.580645,4.772580645,4750.939052,0.004555224
1.710092,3609,3.604,2423,4782.236842,4.782236842,4750.939052,0.006587706
1.760086,3659,3.654,2427,4801.618705,4.801618705,4750.939052,0.010667292
1.810051,3709,3.704,2425,4791.916168,4.791916168,4750.939052,0.008625056
1.860134,3759,3.754,2415,4743.75,4.74375,4750.939052,-0.001513186
1.927626,3809,3.804,2421,4772.580645,4.772580645,4750.939052,0.004555224
1.960044,3859,3.854,2427,4801.618705,4.801618705,4750.939052,0.010667292
2.010118,3909,3.904,2430,4816.216216,4.816216216,4750.939052,0.013739845
2.060161,3959,3.954,2402,4681.984643,4.681984643,4750.939052,-0.014513848
2.110086,4009,4.004,2415,4743.75,4.74375,4750.939052,-0.001513186
2.160196,4059,4.054,2421,4772.580645,4.772580645,4750.939052,0.004555224
2.210302,4109,4.104,2422,4777.405858,4.777405858,4750.939052,0.005570858
2.260224,4159,4.154,2430,4816.216216,4.816216216,4750.939052,0.013739845
2.320091,4209,4.204,2425,4791.916168,4.791916168,4750.939052,0.008625056
2.360129,4259,4.254,2421,4772.580645,4.772580645,4750.939052,0.004555224
2.410131,4309,4.304,2416,4748.540798,4.748540798,4750.939052,-0.000504796
2.460129,4359,4.354,2423,4782.236842,4.782236842,4750.939052,0.006587706
2.510011,4409,4.404,2431,4821.09375,4.82109375,4750.939052,0.014766491
2.560131,4459,4.454,2425,4791.916168,4.791916168,4750.939052,0.008625056
2.614821,4509,4.504,2425,4791.916168,4.791916168,4750.939052,0.008625056
2.660102,4559,4.554,2419,4762.947494,4.762947494,4750.939052,0.002527593
2.710101,4609,4.604,2417,4753.337306,4.753337306,4750.939052,0.000504796
2.760092,4659,4.654,2425,4791.916168,4.791916168,4750.939052,0.008625056
2.810092,4709,4.704,2430,4816.216216,4.816216216,4750.939052,0.013739845
2.860084,4759,4.754,2429,4811.344538,4.811344538,4750.939052,0.012714431
2.910791,4809,4.804,2424,4787.073609,4.787073609,4750.939052,0.007605771
2.960121,4859,4.854,2427,4801.618705,4.801618705,4750.939052,0.010667292
3.010072,4909,4.904,2441,4870.19347,4.87019347,4750.939052,0.025101231
3.060116,4959,4.954,2417,4753.337306,4.753337306,4750.939052,0.000504796
3.110104,5009,5.004,2437,4850.482509,4.850482509,4750.939052,0.020952375
3.166312,5059,5.054,2415,4743.75,4.74375,4750.939052,-0.001513186
3.210136,5109,5.104,2416,4748.540798,4.748540798,4750.939052,-0.000504796
3.260109,5159,5.154,2419,4762.947494,4.762947494,4750.939052,0.002527593
3.310069,5209,5.204,2429,4811.344538,4.811344538,4750.939052,0.012714431
3.360127,5259,5.254,2412,4729.411765,4.729411765,4750.939052,-0.004531165
3.410044,5309,5.304,2415,4743.75,4.74375,4750.939052,-0.001513186
3.460088,5359,5.354,2425,4791.916168,4.791916168,4750.939052,0.008625056
3.510164,5409,5.404,2424,4787.073609,4.787073609,4750.939052,0.007605771
3.560136,5459,5.454,2423,4782.236842,4.782236842,4750.939052,0.006587706
3.610102,5509,5.504,2428,4806.478704,4.806478704,4750.939052,0.011690247
3.660097,5559,5.554,2418,4758.139535,4.758139535,4750.939052,0.001515591
3.717952,5609,5.604,2422,4777.405858,4.777405858,4750.939052,0.005570858
3.760116,5659,5.654,2424,4787.073609,4.787073609,4750.939052,0.007605771
3.810135,5709,5.704,2419,4762.947494,4.762947494,4750.939052,0.002527593
3.860087,5759,5.754,2418,4758.139535,4.758139535,4750.939052,0.001515591
3.910051,5809,5.804,2423,4782.236842,4.782236842,4750.939052,0.006587706
3.960092,5859,5.854,2417,4753.337306,4.753337306,4750.939052,0.000504796
4.010109,5909,5.904,2423,4782.236842,4.782236842,4750.939052,0.006587706
4.061656,5959,5.954,2421,4772.580645,4.772580645,4750.939052,0.004555224
4.110096,6009,6.004,2420,4767.761194,4.767761194,4750.939052,0.003540804
4.160122,6059,6.054,2419,4762.947494,4.762947494,4750.939052,0.002527593
4.210114,6109,6.104,2418,4758.139535,4.758139535,4750.939052,0.001515591
4.260026,6159,6.154,2432,4825.97715,4.82597715,4750.939052,0.015794372
4.310134,6209,6.204,2422,4777.405858,4.777405858,4750.939052,0.005570858
4.36807,6259,6.254,2430,4816.216216,4.816216216,4750.939052,0.013739845
4.410118,6309,6.304,2425,4791.916168,4.791916168,4750.939052,0.008625056
4.460079,6359,6.354,2424,4787.073609,4.787073609,4750.939052,0.007605771
4.510102,6409,6.404,2428,4806.478704,4.806478704,4750.939052,0.011690247
4.560098,6459,6.454,2426,4796.76453,4.79676453,4750.939052,0.009645562
4.614551,6509,6.504,2426,4796.76453,4.79676453,4750.939052,0.009645562
4.660055,6559,6.554,2424,4787.073609,4.787073609,4750.939052,0.007605771
4.710136,6609,6.604,2423,4782.236842,4.782236842,4750.939052,0.006587706
4.760087,6659,6.654,2447,4899.93932,4.89993932,4750.939052,0.031362277
4.81011,6709,6.704,2424,4787.073609,4.787073609,4750.939052,0.007605771
4.8601,6759,6.754,2428,4806.478704,4.806478704,4750.939052,0.011690247
4.913389,6809,6.804,2421,4772.580645,4.772580645,4750.939052,0.004555224
4.960095,6859,6.854,2424,4787.073609,4.787073609,4750.939052,0.007605771
5.01009,6909,6.904,2426,4796.76453,4.79676453,4750.939052,0.009645562
5.060116,6959,6.954,2426,4796.76453,4.79676453,4750.939052,0.009645562
5.110157,7009,7.004,2419,4762.947494,4.762947494,4750.939052,0.002527593
5.160108,7059,7.054,2432,4825.97715,4.82597715,4750.939052,0.015794372
5.210085,7109,7.104,2424,4787.073609,4.787073609,4750.939052,0.007605771
5.260117,7159,7.154,2429,4811.344538,4.811344538,4750.939052,0.012714431
5.310063,7209,7.204,2426,4796.76453,4.79676453,4750.939052,0.009645562
5.360081,7259,7.254,2429,4811.344538,4.811344538,4750.939052,0.012714431
5.410054,7309,7.304,2427,4801.618705,4.801618705,4750.939052,0.010667292
5.467295,7359,7.354,2409,4715.124555,4.715124555,4750.939052,-0.007538404
5.510073,7409,7.404,2432,4825.97715,4.82597715,4750.939052,0.015794372
5.560051,7459,7.454,2425,4791.916168,4.791916168,4750.939052,0.008625056
5.610022,7509,7.504,2425,4791.916168,4.791916168,4750.939052,0.008625056
5.660071,7559,7.554,2424,4787.073609,4.787073609,4750.939052,0.007605771
5.710086,7609,7.604,2429,4811.344538,4.811344538,4750.939052,0.012714431
5.760064,7659,7.654,2426,4796.76453,4.79676453,4750.939052,0.009645562
5.810103,7709,7.704,2424,4787.073609,4.787073609,4750.939052,0.007605771
5.864864,7759,7.754,2403,4686.702128,4.686702128,4750.939052,-0.01352089
5.910091,7809,7.804,2405,4696.153846,4.696153846,4750.939052,-0.011531448
5.960082,7859,7.854,2415,4743.75,4.74375,4750.939052,-0.001513186
6.010069,7909,7.904,2410,4719.881306,4.719881306,4750.939052,-0.006537181
6.060076,7959,7.954,2419,4762.947494,4.762947494,4750.939052,0.002527593
6.110092,8009,8.004,2422,4777.405858,4.777405858,4750.939052,0.005570858
6.173591,8059,8.054,2423,4782.236842,4.782236842,4750.939052,0.006587706
6.210067,8109,8.104,2418,4758.139535,4.758139535,4750.939052,0.001515591
6.260086,8159,8.154,2418,4758.139535,4.758139535,4750.939052,0.001515591
6.310052,8209,8.204,2416,4748.540798,4.748540798,4750.939052,-0.000504796
6.360119,8259,8.254,2409,4715.124555,4.715124555,4750.939052,-0.007538404
6.41696,8309,8.304,2416,4748.540798,4.748540798,4750.939052,-0.000504796
6.460069,8359,8.354,2408,4710.373444,4.710373444,4750.939052,-0.00853844
6.510027,8409,8.404,2426,4796.76453,4.79676453,4750.939052,0.009645562
6.560117,8459,8.454,2415,4743.75,4.74375,4750.939052,-0.001513186
6.610079,8509,8.504,2414,4738.964902,4.738964902,4750.939052,-0.002520375
6.669305,8559,8.554,2416,4748.540798,4.748540798,4750.939052,-0.000504796
6.710077,8609,8.604,2415,4743.75,4.74375,4750.939052,-0.001513186
6.76009,8659,8.654,2418,4758.139535,4.758139535,4750.939052,0.001515591
6.810078,8709,8.704,2418,4758.139535,4.758139535,4750.939052,0.001515591
6.860087,8759,8.754,2419,4762.947494,4.762947494,4750.939052,0.002527593
6.910076,8809,8.804,2409,4715.124555,4.715124555,4750.939052,-0.007538404
6.962085,8859,8.854,2419,4762.947494,4.762947494,4750.939052,0.002527593
7.010086,8909,8.904,2413,4734.185493,4.734185493,4750.939052,-0.003526368
7.067129,8959,8.954,2403,4686.702128,4.686702128,4750.939052,-0.01352089
7.110146,9009,9.004,2406,4700.888099,4.700888099,4750.939052,-0.01053496
7.160055,9059,9.054,2417,4753.337306,4.753337306,4750.939052,0.000504796
7.210073,9109,9.104,2406,4700.888099,4.700888099,4750.939052,-0.01053496
7.260083,9159,9.154,2412,4729.411765,4.729411765,4750.939052,-0.004531165
7.315529,9209,9.204,2409,4715.124555,4.715124555,4750.939052,-0.007538404
7.360072,9259,9.254,2402,4681.984643,4.681984643,4750.939052,-0.014513848
7.410102,9309,9.304,2405,4696.153846,4.696153846,4750.939052,-0.011531448
7.460065,9359,9.354,2404,4691.425192,4.691425192,4750.939052,-0.012526757
7.51006,9409,9.404,2404,4691.425192,4.691425192,4750.939052,-0.012526757
7.560083,9459,9.454,2405,4696.153846,4.696153846,4750.939052,-0.011531448
7.615931,9509,9.504,2402,4681.984643,4.681984643,4750.939052,-0.014513848
7.660075,9559,9.554,2401,4677.272727,4.677272727,4750.939052,-0.015505635
7.71002,9609,9.604,2405,4696.153846,4.696153846,4750.939052,-0.011531448
7.760065,9659,9.654,2409,4715.124555,4.715124555,4750.939052,-0.007538404
7.810076,9709,9.704,2407,4705.627962,4.705627962,4750.939052,-0.009537291
7.863026,9759,9.754,2401,4677.272727,4.677272727,4750.939052,-0.015505635
7.910049,9809,9.804,2403,4686.702128,4.686702128,4750.939052,-0.01352089
7.960058,9859,9.854,2400,4672.566372,4.672566372,4750.939052,-0.01649625
8.010022,9909,9.904,2400,4672.566372,4.672566372,4750.939052,-0.01649625
8.060095,9959,9.954,2399,4667.865566,4.667865566,4750.939052,-0.017485698
8.110133,10009,10.004,2396,4653.796351,4.653796351,4750.939052,-0.020447053
8.16789,10059,10.054,2396,4653.796351,4.653796351,4750.939052,-0.020447053
8.210055,10109,10.104,2399,4667.865566,4.667865566,4750.939052,-0.017485698
8.260063,10159,10.154,2392,4635.114504,4.635114504,4750.939052,-0.024379296
8.310081,10209,10.204,2400,4672.566372,4.672566372,4750.939052,-0.01649625
8.36004,10259,10.254,2392,4635.114504,4.635114504,4750.939052,-0.024379296
8.410078,10309,10.304,2395,4649.117647,4.649117647,4750.939052,-0.021431848
8.460103,10359,10.354,2395,4649.117647,4.649117647,4750.939052,-0.021431848
8.510052,10409,10.404,2400,4672.566372,4.672566372,4750.939052,-0.01649625
8.559947,10459,10.454,2400,4672.566372,4.672566372,4750.939052,-0.01649625
8.613669,10509,10.504,2398,4663.170301,4.663170301,4750.939052,-0.01847398
8.660075,10559,10.554,2404,4691.425192,4.691425192,4750.939052,-0.012526757
8.710066,10609,10.604,2397,4658.480565,4.658480565,4750.939052,-0.019461097
8.760036,10659,10.654,2389,4621.16061,4.62116061,4750.939052,-0.027316377
8.810093,10709,10.704,2374,4552.12086,4.55212086,4750.939052,-0.041848188
8.860922,10759,10.754,2399,4667.865566,4.667865566,4750.939052,-0.017485698
8.910042,10809,10.804,2405,4696.153846,4.696153846,4750.939052,-0.011531448
8.960084,10859,10.854,2402,4681.984643,4.681984643,4750.939052,-0.014513848
9.010056,10909,10.904,2398,4663.170301,4.663170301,4750.939052,-0.01847398
9.060112,10959,10.954,2401,4677.272727,4.677272727,4750.939052,-0.015505635
9.110113,11009,11.004,2392,4635.114504,4.635114504,4750.939052,-0.024379296
9.163866,11059,11.054,2401,4677.272727,4.677272727,4750.939052,-0.015505635
9.210095,11109,11.104,2402,4681.984643,4.681984643,4750.939052,-0.014513848
9.260058,11159,11.154,2392,4635.114504,4.635114504,4750.939052,-0.024379296
9.310065,11209,11.204,2390,4625.806452,4.625806452,4750.939052,-0.026338498
9.360055,11259,11.254,2394,4644.444444,4.644444444,4750.939052,-0.022415486
9.410105,11309,11.304,2403,4686.702128,4.686702128,4750.939052,-0.01352089
9.460091,11359,11.354,2398,4663.170301,4.663170301,4750.939052,-0.01847398
9.511414,11409,11.404,2394,4644.444444,4.644444444,4750.939052,-0.022415486
9.560067,11459,11.454,2393,4639.776733,4.639776733,4750.939052,-0.023397968
9.610063,11509,11.504,2396,4653.796351,4.653796351,4750.939052,-0.020447053
9.660084,11559,11.554,2399,4667.865566,4.667865566,4750.939052,-0.017485698
9.710048,11609,11.604,2398,4663.170301,4.663170301,4750.939052,-0.01847398
9.760051,11659,11.654,2382,4588.791594,4.588791594,4750.939052,-0.03412956
9.815088,11709,11.704,2404,4691.425192,4.691425192,4750.939052,-0.012526757
9.860028,11759,11.754,2399,4667.865566,4.667865566,4750.939052,-0.017485698
9.910071,11809,11.804,2401,4677.272727,4.677272727,4750.939052,-0.015505635
9.960059,11859,11.854,2397,4658.480565,4.658480565,4750.939052,-0.019461097
10.010005,11909,11.904,2398,4663.170301,4.663170301,4750.939052,-0.01847398
10.060105,11959,11.954,2401,4677.272727,4.677272727,4750.939052,-0.015505635
10.11004,12009,12.004,2400,4672.566372,4.672566372,4750.939052,-0.01649625
10.160012,12059,12.054,2406,4700.888099,4.700888099,4750.939052,-0.01053496
10.210032,12109,12.104,2414,4738.964902,4.738964902,4750.939052,-0.002520375
10.265025,12159,12.154,2390,4625.806452,4.625806452,4750.939052,-0.026338498
10.310063,12209,12.204,2389,4621.16061,4.62116061,4750.939052,-0.027316377
10.360106,12259,12.254,2394,4644.444444,4.644444444,4750.939052,-0.022415486
10.410093,12309,12.304,2394,4644.444444,4.644444444,4750.939052,-0.022415486
10.46003,12359,12.354,2392,4635.114504,4.635114504,4750.939052,-0.024379296
10.510081,12409,12.404,2389,4621.16061,4.62116061,4750.939052,-0.027316377
10.560036,12459,12.454,2403,4686.702128,4.686702128,4750.939052,-0.01352089
10.613513,12509,12.504,2404,4691.425192,4.691425192,4750.939052,-0.012526757
10.660052,12559,12.554,2394,4644.444444,4.644444444,4750.939052,-0.022415486
10.710039,12609,12.604,2397,4658.480565,4.658480565,4750.939052,-0.019461097
10.76008,12659,12.654,2392,4635.114504,4.635114504,4750.939052,-0.024379296
10.811552,12709,12.704,2414,4738.964902,4.738964902,4750.939052,-0.002520375
10.860064,12759,12.754,2389,4621.16061,4.62116061,4750.939052,-0.027316377
10.90998,12809,12.804,2389,4621.16061,4.62116061,4750.939052,-0.027316377
10.960076,12859,12.854,2393,4639.776733,4.639776733,4750.939052,-0.023397968
11.010124,12909,12.904,2415,4743.75,4.74375,4750.939052,-0.001513186
11.061769,12959,12.954,2398,4663.170301,4.663170301,4750.939052,-0.01847398
11.110001,13009,13.004,2403,4686.702128,4.686702128,4750.939052,-0.01352089
11.160029,13059,13.054,2399,4667.865566,4.667865566,4750.939052,-0.017485698
11.210013,13109,13.104,2391,4630.457746,4.630457746,4750.939052,-0.025359472
11.260081,13159,13.154,2395,4649.117647,4.649117647,4750.939052,-0.021431848
11.311146,13209,13.204,2393,4639.776733,4.639776733,4750.939052,-0.023397968
11.36001,13259,13.254,2397,4658.480565,4.658480565,4750.939052,-0.019461097
11.410033,13309,13.304,2402,4681.984643,4.681984643,4750.939052,-0.014513848
11.460044,13359,13.354,2398,4663.170301,4.663170301,4750.939052,-0.01847398
11.510036,13409,13.404,2398,4663.170301,4.663170301,4750.939052,-0.01847398
11.560844,13459,13.454,2399,4667.865566,4.667865566,4750.939052,-0.017485698
11.609964,13509,13.504,2394,4644.444444,4.644444444,4750.939052,-0.022415486
11.660007,13559,13.554,2389,4621.16061,4.62116061,4750.939052,-0.027316377
11.710055,13609,13.604,2395,4649.117647,4.649117647,4750.939052,-0.021431848
11.760035,13659,13.654,2391,4630.457746,4.630457746,4750.939052,-0.025359472
11.810023,13709,13.704,2395,4649.117647,4.649117647,4750.939052,-0.021431848
11.860079,13759,13.754,2403,4686.702128,4.686702128,4750.939052,-0.01352089
11.911537,13809,13.804,2404,4691.425192,4.691425192,4750.939052,-0.012526757
11.960011,13859,13.854,2397,4658.480565,4.658480565,4750.939052,-0.019461097
12.010031,13909,13.904,2400,4672.566372,4.672566372,4750.939052,-0.01649625
12.060095,13959,13.954,2399,4667.865566,4.667865566,4750.939052,-0.017485698
12.112726,14009,14.004,2397,4658.480565,4.658480565,4750.939052,-0.019461097
12.16004,14059,14.054,2397,4658.480565,4.658480565,4750.939052,-0.019461097
12.210071,14109,14.104,2389,4621.16061,4.62116061,4750.939052,-0.027316377
12.259956,14159,14.154,2399,4667.865566,4.667865566,4750.939052,-0.017485698
12.310083,14209,14.204,2391,4630.457746,4.630457746,4750.939052,-0.025359472
12.360039,14259,14.254,2413,4734.185493,4.734185493,4750.939052,-0.003526368
12.410117,14309,14.304,2398,4663.170301,4.663170301,4750.939052,-0.01847398
12.460112,14359,14.354,2395,4649.117647,4.649117647,4750.939052,-0.021431848
12.512288,14409,14.404,2421,4772.580645,4.772580645,4750.939052,0.004555224
12.56005,14459,14.454,2399,4667.865566,4.667865566,4750.939052,-0.017485698
12.610022,14509,14.504,2387,4611.885246,4.611885246,4750.939052,-0.029268699
12.659985,14559,14.554,2404,4691.425192,4.691425192,4750.939052,-0.012526757
12.710032,14609,14.604,2400,4672.566372,4.672566372,4750.939052,-0.01649625
12.762583,14659,14.654,2392,4635.114504,4.635114504,4750.939052,-0.024379296
12.810056,14709,14.704,2388,4616.520211,4.616520211,4750.939052,-0.02829311
12.860007,14759,14.754,2390,4625.806452,4.625806452,4750.939052,-0.026338498
12.910047,14809,14.804,2397,4658.480565,4.658480565,4750.939052,-0.019461097
12.960098,14859,14.854,2390,4625.806452,4.625806452,4750.939052,-0.026338498
13.010023,14909,14.904,2390,4625.806452,4.625806452,4750.939052,-0.026338498
13.060075,14959,14.954,2385,4602.631579,4.602631579,4750.939052,-0.031216455
13.110083,15009,15.004,2374,4552.12086,4.55212086,4750.939052,-0.041848188
13.160029,15059,15.054,2382,4588.791594,4.588791594,4750.939052,-0.03412956
13.210015,15109,15.104,2390,4625.806452,4.625806452,4750.939052,-0.026338498
13.260042,15159,15.154,2405,4696.153846,4.696153846,4750.939052,-0.011531448
13.314754,15209,15.204,2393,4639.776733,4.639776733,4750.939052,-0.023397968
13.360024,15259,15.254,2386,4607.255705,4.607255705,4750.939052,-0.030243147
13.410008,15309,15.304,2384,4598.012858,4.598012858,4750.939052,-0.032188625
13.460015,15359,15.354,2386,4607.255705,4.607255705,4750.939052,-0.030243147
13.510033,15409,15.404,2397,4658.480565,4.658480565,4750.939052,-0.019461097
13.560029,15459,15.454,2390,4625.806452,4.625806452,4750.939052,-0.026338498
13.610059,15509,15.504,2389,4621.16061,4.62116061,4750.939052,-0.027316377
13.662093,15559,15.554,2417,4753.337306,4.753337306,4750.939052,0.000504796
13.709991,15609,15.604,2449,4909.902795,4.909902795,4750.939052,0.033459436
13.760039,15659,15.654,2487,5103.91791,5.10391791,4750.939052,0.07429665
13.81006,15709,15.704,2474,5036.520666,5.036520666,4750.939052,0.060110561
13.860049,15759,15.754,2485,5093.478261,5.093478261,4750.939052,0.072099264
13.913203,15809,15.804,2483,5083.064516,5.083064516,4750.939052,0.06990733
13.960029,15859,15.854,2497,5156.508135,5.156508135,4750.939052,0.085366088
14.010058,15909,15.904,2478,5057.142857,5.057142857,4750.939052,0.064451217
14.060028,15959,15.954,2480,5067.49226,5.06749226,4750.939052,0.066629608
14.110044,16009,16.004,2504,5193.714645,5.193714645,4750.939052,0.09319749
14.160048,16059,16.054,2478,5057.142857,5.057142857,4750.939052,0.064451217
14.210018,16109,16.104,2476,5046.819024,5.046819024,4750.939052,0.062278208
14.260035,16159,16.154,2498,5161.803381,5.161803381,4750.939052,0.086480657
14.314979,16209,16.204,2516,5258.264725,5.258264725,4750.939052,0.106784294
14.36004,16259,16.254,2496,5151.219512,5.151219512,4750.939052,0.084252914
14.410091,16309,16.304,2465,4990.490798,4.990490798,4750.939052,0.050421978
14.460018,16359,16.354,2456,4944.966443,4.944966443,4750.939052,0.040839798
14.51005,16409,16.404,2447,4899.93932,4.89993932,4750.939052,0.031362277
14.565363,16459,16.454,2463,4980.330882,4.980330882,4750.939052,0.048283471
14.610022,16509,16.504,2475,5041.666667,5.041666667,4750.939052,0.061193716
14.660031,16559,16.554,2481,5072.67658,5.07267658,4750.939052,0.067720828
14.710034,16609,16.604,2445,4890.0,4.89,4750.939052,0.029270202
14.760012,16659,16.654,2436,4845.56962,4.84556962,4750.939052,0.019918287
14.810018,16709,16.704,2450,4914.893617,4.914893617,4750.939052,0.034509928
14.866007,16759,16.754,2456,4944.966443,4.944966443,4750.939052,0.040839798
14.910031,16809,16.804,2467,5000.675676,5.000675676,4750.939052,0.052565739
14.960046,16859,16.854,2480,5067.49226,5.06749226,4750.939052,0.066629608
15.010014,16909,16.904,2483,5083.064516,5.083064516,4750.939052,0.06990733
15.060088,16959,16.954,2474,5036.520666,5.036520666,4750.939052,0.060110561
15.114676,17009,17.004,2452,4924.893488,4.924893488,4750.939052,0.036614748
15.160062,17059,17.054,2455,4939.939024,4.939939024,4750.939052,0.039781603
15.210011,17109,17.104,2446,4894.966646,4.894966646,4750.939052,0.030315606
15.260076,17159,17.154,2457,4950.0,4.95,4750.939052,0.041899285
15.309995,17209,17.204,2463,4980.330882,4.980330882,4750.939052,0.048283471
15.360014,17259,17.254,2464,4985.407725,4.985407725,4750.939052,0.049352069
15.416458,17309,17.304,2457,4950.0,4.95,4750.939052,0.041899285
15.460062,17359,17.354,2439,4860.326087,4.860326087,4750.939052,0.023024298
15.509982,17409,17.404,2445,4890.0,4.89,4750.939052,0.029270202
15.56002,17459,17.454,2441,4870.19347,4.87019347,4750.939052,0.025101231
15.610007,17509,17.504,2444,4885.03937,4.88503937,4750.939052,0.028226066
15.660009,17559,17.554,2464,4985.407725,4.985407725,4750.939052,0.049352069
15.710011,17609,17.604,2460,4965.137615,4.965137615,4750.939052,0.045085521
15.76263,17659,17.654,2453,4929.902558,4.929902558,4750.939052,0.037669081
15.810008,17709,17.704,2415,4743.75,4.74375,4750.939052,-0.001513186
15.860009,17759,17.754,2435,4840.662651,4.840662651,4750.939052,0.018885445
15.910039,17809,17.804,2429,4811.344538,4.811344538,4750.939052,0.012714431
15.959996,17859,17.854,2451,4919.890511,4.919890511,4750.939052,0.035561698
16.013559,17909,17.904,2444,4885.03937,4.88503937,4750.939052,0.028226066
16.060019,17959,17.954,2453,4929.902558,4.929902558,4750.939052,0.037669081
16.110051,18009,18.004,2435,4840.662651,4.840662651,4750.939052,0.018885445
16.15992,18059,18.054,2435,4840.662651,4.840662651,4750.939052,0.018885445
16.210005,18109,18.104,2424,4787.073609,4.787073609,4750.939052,0.007605771
16.260007,18159,18.154,2424,4787.073609,4.787073609,4750.939052,0.007605771
16.309976,18209,18.204,2428,4806.478704,4.806478704,4750.939052,0.011690247
16.360014,18259,18.254,2431,4821.09375,4.82109375,4750.939052,0.014766491
16.410057,18309,18.304,2453,4929.902558,4.929902558,4750.939052,0.037669081
16.459986,18359,18.354,2442,4875.136116,4.875136116,4750.939052,0.026141582
16.510019,18409,18.404,2440,4865.256798,4.865256798,4750.939052,0.024062137
16.565809,18459,18.454,2430,4816.216216,4.816216216,4750.939052,0.013739845
16.609984,18509,18.504,2415,4743.75,4.74375,4750.939052,-0.001513186
16.660059,18559,18.554,2424,4787.073609,4.787073609,4750.939052,0.007605771
16.710018,18609,18.604,2445,4890.0,4.89,4750.939052,0.029270202
16.760027,18659,18.654,2430,4816.216216,4.816216216,4750.939052,0.013739845
16.81002,18709,18.704,2422,4777.405858,4.777405858,4750.939052,0.005570858
16.860026,18759,18.754,2411,4724.643705,4.724643705,4750.939052,-0.005534768
16.910001,18809,18.804,2397,4658.480565,4.658480565,4750.939052,-0.019461097
16.959999,18859,18.854,2407,4705.627962,4.705627962,4750.939052,-0.009537291
17.017447,18909,18.904,2403,4686.702128,4.686702128,4750.939052,-0.01352089
17.06006,18959,18.954,2410,4719.881306,4.719881306,4750.939052,-0.006537181
17.110065,19009,19.004,2441,4870.19347,4.87019347,4750.939052,0.025101231
17.160055,19059,19.054,2441,4870.19347,4.87019347,4750.939052,0.025101231
17.209996,19109,19.104,2432,4825.97715,4.82597715,4750.939052,0.015794372
17.260008,19159,19.154,2416,4748.540798,4.748540798,4750.939052,-0.000504796
17.310022,19209,19.204,2414,4738.964902,4.738964902,4750.939052,-0.002520375
17.360045,19259,19.254,2420,4767.761194,4.767761194,4750.939052,0.003540804
17.409997,19309,19.304,2414,4738.964902,4.738964902,4750.939052,-0.002520375
17.459988,19359,19.354,2426,4796.76453,4.79676453,4750.939052,0.009645562
17.510024,19409,19.404,2432,4825.97715,4.82597715,4750.939052,0.015794372
17.566777,19459,19.454,2427,4801.618705,4.801618705,4750.939052,0.010667292
17.61002,19509,19.504,2411,4724.643705,4.724643705,4750.939052,-0.005534768
17.660012,19559,19.554,2426,4796.76453,4.79676453,4750.939052,0.009645562
17.710003,19609,19.604,2409,4715.124555,4.715124555,4750.939052,-0.007538404
17.760039,19659,19.654,2398,4663.170301,4.663170301,4750.939052,-0.01847398
17.810018,19709,19.704,2440,4865.256798,4.865256798,4750.939052,0.024062137
17.860017,19759,19.754,2433,4830.866426,4.830866426,4750.939052,0.01682349
17.910031,19809,19.804,2426,4796.76453,4.79676453,4750.939052,0.009645562
17.960007,19859,19.854,2396,4653.796351,4.653796351,4750.939052,-0.020447053
18.010016,19909,19.904,2401,4677.272727,4.677272727,4750.939052,-0.015505635
18.06004,19959,19.954,2415,4743.75,4.74375,4750.939052,-0.001513186
18.115173,20009,20.004,2412,4729.411765,4.729411765,4750.939052,-0.004531165
18.160019,20059,20.054,2424,4787.073609,4.787073609,4750.939052,0.007605771
18.210069,20109,20.104,2421,4772.580645,4.772580645,4750.939052,0.004555224
18.259923,20159,20.154,2418,4758.139535,4.758139535,4750.939052,0.001515591
18.310058,20209,20.204,2403,4686.702128,4.686702128,4750.939052,-0.01352089
18.363751,20259,20.254,2406,4700.888099,4.700888099,4750.939052,-0.01053496
18.410113,20309,20.304,2424,4787.073609,4.787073609,4750.939052,0.007605771
18.460016,20359,20.354,2399,4667.865566,4.667865566,4750.939052,-0.017485698
18.509951,20409,20.404,2417,4753.337306,4.753337306,4750.939052,0.000504796
18.560042,20459,20.454,2436,4845.56962,4.84556962,4750.939052,0.019918287
18.610016,20509,20.504,2422,4777.405858,4.777405858,4750.939052,0.005570858
18.660063,20559,20.554,2398,4663.170301,4.663170301,4750.939052,-0.01847398
18.712961,20609,20.604,2408,4710.373444,4.710373444,4750.939052,-0.00853844
18.759995,20659,20.654,2399,4667.865566,4.667865566,4750.939052,-0.017485698
18.809971,20709,20.704,2401,4677.272727,4.677272727,4750.939052,-0.015505635
18.860055,20759,20.754,2424,4787.073609,4.787073609,4750.939052,0.007605771
18.910005,20809,20.804,2401,4677.272727,4.677272727,4750.939052,-0.015505635
18.9642,20859,20.854,2404,4691.425192,4.691425192,4750.939052,-0.012526757
19.009983,20909,20.904,2400,4672.566372,4.672566372,4750.939052,-0.01649625
19.059998,20959,20.954,2385,4602.631579,4.602631579,4750.939052,-0.031216455
19.110006,21009,21.004,2389,4621.16061,4.62116061,4750.939052,-0.027316377
19.159977,21059,21.054,2397,4658.480565,4.658480565,4750.939052,-0.019461097
19.209981,21109,21.104,2396,4653.796351,4.653796351,4750.939052,-0.020447053
19.26012,21159,21.154,2435,4840.662651,4.840662651,4750.939052,0.018885445
19.309961,21209,21.204,2423,4782.236842,4.782236842,4750.939052,0.006587706
19.36004,21259,21.254,2396,4653.796351,4.653796351,4750.939052,-0.020447053
19.416822,21309,21.304,2391,4630.457746,4.630457746,4750.939052,-0.025359472
19.45998,21359,21.354,2385,4602.631579,4.602631579,4750.939052,-0.031216455
19.510004,21409,21.404,2401,4677.272727,4.677272727,4750.939052,-0.015505635
19.565477,21459,21.454,2405,4696.153846,4.696153846,4750.939052,-0.011531448
19.609918,21509,21.504,2388,4616.520211,4.616520211,4750.939052,-0.02829311
19.659977,21559,21.554,2403,4686.702128,4.686702128,4750.939052,-0.01352089
19.708961,21609,21.604,2387,4611.885246,4.611885246,4750.939052,-0.029268699
19.760021,21659,21.654,2378,4570.413512,4.570413512,4750.939052,-0.037997865
19.810005,21709,21.704,2372,4543.006384,4.543006384,4750.939052,-0.043766646
19.85997,21759,21.754,2380,4579.591837,4.579591837,4750.939052,-0.036065968
19.910002,21809,21.804,2402,4681.984643,4.681984643,4750.939052,-0.014513848
19.967243,21859,21.854,2406,4700.888099,4.700888099,4750.939052,-0.01053496
20.009044,21909,21.904,2418,4758.139535,4.758139535,4750.939052,0.001515591
20.059035,21959,21.954,2415,4743.75,4.74375,4750.939052,-0.001513186
20.108973,22009,22.004,2400,4672.566372,4.672566372,4750.939052,-0.01649625
20.159995,22059,22.054,2398,4663.170301,4.663170301,4750.939052,-0.01847398
20.209033,22109,22.104,2388,4616.520211,4.616520211,4750.939052,-0.02829311
20.259019,22159,22.154,2397,4658.480565,4.658480565,4750.939052,-0.019461097
20.310012,22209,22.204,2399,4667.865566,4.667865566,4750.939052,-0.017485698
20.359996,22259,22.254,2400,4672.566372,4.672566372,4750.939052,-0.01649625
20.409072,22309,22.304,2391,4630.457746,4.630457746,4750.939052,-0.025359472
20.459041,22359,22.354,2393,4639.776733,4.639776733,4750.939052,-0.023397968
20.516053,22409,22.404,2377,4565.832363,4.565832363,4750.939052,-0.038962127
20.559025,22459,22.454,2399,4667.865566,4.667865566,4750.939052,-0.017485698
20.610014,22509,22.504,2384,4598.012858,4.598012858,4750.939052,-0.032188625
20.660015,22559,22.554,2399,4667.865566,4.667865566,4750.939052,-0.017485698
20.709035,22609,22.604,2432,4825.97715,4.82597715,4750.939052,0.015794372
20.758982,22659,22.654,2413,4734.185493,4.734185493,4750.939052,-0.003526368
20.80904,22709,22.704,2397,4658.480565,4.658480565,4750.939052,-0.019461097
20.859006,22759,22.754,2391,4630.457746,4.630457746,4750.939052,-0.025359472
20.90901,22809,22.804,2379,4575.0,4.575,4750.939052,-0.037032479
20.959006,22859,22.854,2389,4621.16061,4.62116061,4750.939052,-0.027316377
21.01072,22909,22.904,2403,4686.702128,4.686702128,4750.939052,-0.01352089
21.059024,22959,22.954,2389,4621.16061,4.62116061,4750.939052,-0.027316377
21.109018,23009,23.004,2386,4607.255705,4.607255705,4750.939052,-0.030243147
21.159072,23059,23.054,2377,4565.832363,4.565832363,4750.939052,-0.038962127
21.209003,23109,23.104,2373,4547.560976,4.547560976,4750.939052,-0.042807974
21.259025,23159,23.154,2375,4556.686047,4.556686047,4750.939052,-0.040887286
21.309067,23209,23.204,2367,4520.3125,4.5203125,4750.939052,-0.048543362
21.359022,23259,23.254,2394,4644.444444,4.644444444,4750.939052,-0.022415486
21.409078,23309,23.304,2398,4663.170301,4.663170301,4750.939052,-0.01847398
21.459062,23359,23.354,2392,4635.114504,4.635114504,4750.939052,-0.024379296
21.509056,23409,23.404,2392,4635.114504,4.635114504,4750.939052,-0.024379296
21.559014,23459,23.454,2377,4565.832363,4.565832363,4750.939052,-0.038962127
21.615644,23509,23.504,2363,4502.251732,4.502251732,4750.939052,-0.052344877
21.659015,23559,23.554,2381,4584.189032,4.584189032,4750.939052,-0.035098329
21.709021,23609,23.604,2375,4556.686047,4.556686047,4750.939052,-0.040887286
21.758963,23659,23.654,2398,4663.170301,4.663170301,4750.939052,-0.01847398
21.809024,23709,23.704,2386,4607.255705,4.607255705,4750.939052,-0.030243147
21.859028,23759,23.754,2348,4435.260446,4.435260446,4750.939052,-0.066445518
21.909015,23809,23.804,2358,4479.792746,4.479792746,4750.939052,-0.05707215
21.959033,23859,23.854,2358,4479.792746,4.479792746,4750.939052,-0.05707215
22.009076,23909,23.904,2368,4524.840764,4.524840764,4750.939052,-0.047590231
22.059002,23959,23.954,2391,4630.457746,4.630457746,4750.939052,-0.025359472
22.10903,24009,24.004,2407,4705.627962,4.705627962,4750.939052,-0.009537291
22.163797,24059,24.054,2388,4616.520211,4.616520211,4750.939052,-0.02829311
22.209053,24109,24.104,2385,4602.631579,4.602631579,4750.939052,-0.031216455
22.259041,24159,24.154,2383,4593.399533,4.593399533,4750.939052,-0.033159659
22.309057,24209,24.204,2367,4520.3125,4.5203125,4750.939052,-0.048543362
22.360581,24259,24.254,2394,4644.444444,4.644444444,4750.939052,-0.022415486
22.40905,24309,24.304,2381,4584.189032,4.584189032,4750.939052,-0.035098329
22.459007,24359,24.354,2384,4598.012858,4.598012858,4750.939052,-0.032188625
22.509007,24409,24.404,2383,4593.399533,4.593399533,4750.939052,-0.033159659
22.559009,24459,24.454,2373,4547.560976,4.547560976,4750.939052,-0.042807974
22.609031,24509,24.504,2348,4435.260446,4.435260446,4750.939052,-0.066445518
22.658998,24559,24.554,2367,4520.3125,4.5203125,4750.939052,-0.048543362
22.708999,24609,24.604,2377,4565.832363,4.565832363,4750.939052,-0.038962127
22.762174,24659,24.654,2375,4556.686047,4.556686047,4750.939052,-0.040887286
22.809036,24709,24.704,2376,4561.256545,4.561256545,4750.939052,-0.039925266
22.859042,24759,24.754,2401,4677.272727,4.677272727,4750.939052,-0.015505635
22.909023,24809,24.804,2377,4565.832363,4.565832363,4750.939052,-0.038962127
22.95902,24859,24.854,2377,4565.832363,4.565832363,4750.939052,-0.038962127
23.014158,24909,24.904,2365,4511.271676,4.511271676,4750.939052,-0.050446317
23.058977,24959,24.954,2378,4570.413512,4.570413512,4750.939052,-0.037997865
23.109,25009,25.004,2376,4561.256545,4.561256545,4750.939052,-0.039925266
23.15902,25059,25.054,2372,4543.006384,4.543006384,4750.939052,-0.043766646
23.208985,25109,25.104,2389,4621.16061,4.62116061,4750.939052,-0.027316377
23.259024,25159,25.154,2353,4457.462687,4.457462687,4750.939052,-0.061772286
23.315246,25209,25.204,2336,4382.490051,4.382490051,4750.939052,-0.077552879
23.359019,25259,25.254,2366,4515.789474,4.515789474,4750.939052,-0.049495389
23.40899,25309,25.304,2354,4461.918438,4.461918438,4750.939052,-0.060834418
23.459027,25359,25.354,2384,4598.012858,4.598012858,4750.939052,-0.032188625
23.508972,25409,25.404,2392,4635.114504,4.635114504,4750.939052,-0.024379296
23.558968,25459,25.454,2387,4611.885246,4.611885246,4750.939052,-0.029268699
23.61067,25509,25.504,2369,4529.374276,4.529374276,4750.939052,-0.046635996
23.658956,25559,25.554,2370,4533.913043,4.533913043,4750.939052,-0.045680655
23.712337,25609,25.604,2365,4511.271676,4.511271676,4750.939052,-0.050446317
23.758992,25659,25.654,2357,4475.316456,4.475316456,4750.939052,-0.058014341
23.80897,25709,25.704,2373,4547.560976,4.547560976,4750.939052,-0.042807974
23.858988,25759,25.754,2344,4417.589949,4.417589949,4750.939052,-0.070164887
23.90899,25809,25.804,2387,4611.885246,4.611885246,4750.939052,-0.029268699
23.964861,25859,25.854,2374,4552.12086,4.55212086,4750.939052,-0.041848188
24.009003,25909,25.904,2352,4453.012048,4.453012048,4750.939052,-0.062709077
24.059002,25959,25.954,2354,4461.918438,4.461918438,4750.939052,-0.060834418
24.109009,26009,26.004,2348,4435.260446,4.435260446,4750.939052,-0.066445518
24.159031,26059,26.054,2353,4457.462687,4.457462687,4750.939052,-0.061772286
24.209005,26109,26.104,2357,4475.316456,4.475316456,4750.939052,-0.058014341
24.259012,26159,26.154,2383,4593.399533,4.593399533,4750.939052,-0.033159659
24.308987,26209,26.204,2366,4515.789474,4.515789474,4750.939052,-0.049495389
24.364425,26259,26.254,2380,4579.591837,4.579591837,4750.939052,-0.036065968
24.409003,26309,26.304,2368,4524.840764,4.524840764,4750.939052,-0.047590231
24.459023,26359,26.354,2360,4488.760807,4.488760807,4750.939052,-0.05518451
24.509029,26409,26.404,2363,4502.251732,4.502251732,4750.939052,-0.052344877
24.565015,26459,26.454,2356,4470.845313,4.470845313,4750.939052,-0.058955448
24.609011,26509,26.504,2392,4635.114504,4.635114504,4750.939052,-0.024379296
24.659004,26559,26.554,2369,4529.374276,4.529374276,4750.939052,-0.046635996
24.709047,26609,26.604,2351,4448.566514,4.448566514,4750.939052,-0.063644794
24.758991,26659,26.654,2343,4413.184932,4.413184932,4750.939052,-0.071092076
24.809035,26709,26.704,2348,4435.260446,4.435260446,4750.939052,-0.066445518
24.858987,26759,26.754,2341,4404.389966,4.404389966,4750.939052,-0.072943282
24.90902,26809,26.804,2367,4520.3125,4.5203125,4750.939052,-0.048543362
24.959011,26859,26.854,2384,4598.012858,4.598012858,4750.939052,-0.032188625
25.017905,26909,26.904,2385,4602.631579,4.602631579,4750.939052,-0.031216455
25.059003,26959,26.954,2377,4565.832363,4.565832363,4750.939052,-0.038962127
25.109003,27009,27.004,2373,4547.560976,4.547560976,4750.939052,-0.042807974
25.158937,27059,27.054,2370,4533.913043,4.533913043,4750.939052,-0.045680655
25.209005,27109,27.104,2353,4457.462687,4.457462687,4750.939052,-0.061772286
25.258991,27159,27.154,2355,4466.37931,4.46637931,4750.939052,-0.059895473
25.309,27209,27.204,2368,4524.840764,4.524840764,4750.939052,-0.047590231
25.359017,27259,27.254,2372,4543.006384,4.543006384,4750.939052,-0.043766646
25.413118,27309,27.304,2355,4466.37931,4.46637931,4750.939052,-0.059895473
25.459001,27359,27.354,2366,4515.789474,4.515789474,4750.939052,-0.049495389
25.509029,27409,27.404,2349,4439.690722,4.439690722,4750.939052,-0.065513013
25.558915,27459,27.454,2346,4426.415094,4.426415094,4750.939052,-0.068307329
25.608968,27509,27.504,2322,4321.827411,4.321827411,4750.939052,-0.090321437
25.658985,27559,27.554,2394,4644.444444,4.644444444,4750.939052,-0.022415486
25.709008,27609,27.604,2378,4570.413512,4.570413512,4750.939052,-0.037997865
25.75901,27659,27.654,2374,4552.12086,4.55212086,4750.939052,-0.041848188
25.809059,27709,27.704,2353,4457.462687,4.457462687,4750.939052,-0.061772286
25.858971,27759,27.754,2338,4391.23506,4.39123506,4750.939052,-0.075712188
25.908975,27809,27.804,2363,4502.251732,4.502251732,4750.939052,-0.052344877
25.958959,27859,27.854,2358,4479.792746,4.479792746,4750.939052,-0.05707215
26.008984,27909,27.904,2338,4391.23506,4.39123506,4750.939052,-0.075712188
26.063318,27959,27.954,2364,4506.759099,4.506759099,4750.939052,-0.051396145
26.109028,28009,28.004,2352,4453.012048,4.453012048,4750.939052,-0.062709077
26.159014,28059,28.054,2336,4382.490051,4.382490051,4750.939052,-0.077552879
26.20901,28109,28.104,2339,4395.615034,4.395615034,4750.939052,-0.074790271
26.259011,28159,28.154,2340,4400.0,4.4,4750.939052,-0.073867303
26.320098,28209,28.204,2329,4352.038505,4.352038505,4750.939052,-0.083962464
26.358962,28259,28.254,2369,4529.374276,4.529374276,4750.939052,-0.046635996
26.408992,28309,28.304,2386,4607.255705,4.607255705,4750.939052,-0.030243147
26.45923,28359,28.354,2352,4453.012048,4.453012048,4750.939052,-0.062709077
26.50901,28409,28.404,2349,4439.690722,4.439690722,4750.939052,-0.065513013
26.558952,28459,28.454,2353,4457.462687,4.457462687,4750.939052,-0.061772286
26.608954,28509,28.504,2361,4493.252595,4.493252595,4750.939052,-0.054239058
26.659033,28559,28.554,2353,4457.462687,4.457462687,4750.939052,-0.061772286
26.716768,28609,28.604,2353,4457.462687,4.457462687,4750.939052,-0.061772286
26.758988,28659,28.654,2365,4511.271676,4.511271676,4750.939052,-0.050446317
26.808948,28709,28.704,2345,4422.0,4.422,4750.939052,-0.069236639
26.858967,28759,28.754,2334,4373.764906,4.373764906,4750.939052,-0.079389388
26.908934,28809,28.804,2345,4422.0,4.422,4750.939052,-0.069236639
26.958972,28859,28.854,2343,4413.184932,4.413184932,4750.939052,-0.071092076
27.008984,28909,28.904,2335,4378.125,4.378125,4750.939052,-0.078471655
27.058966,28959,28.954,2355,4466.37931,4.46637931,4750.939052,-0.059895473
27.108993,29009,29.004,2383,4593.399533,4.593399533,4750.939052,-0.033159659
27.167181,29059,29.054,2370,4533.913043,4.533913043,4750.939052,-0.045680655
27.208991,29109,29.104,2377,4565.832363,4.565832363,4750.939052,-0.038962127
27.259005,29159,29.154,2352,4453.012048,4.453012048,4750.939052,-0.062709077
27.309259,29209,29.204,2348,4435.260446,4.435260446,4750.939052,-0.066445518
27.358978,29259,29.254,2351,4448.566514,4.448566514,4750.939052,-0.063644794
27.408966,29309,29.304,2334,4373.764906,4.373764906,4750.939052,-0.079389388
27.458909,29359,29.354,2360,4488.760807,4.488760807,4750.939052,-0.05518451
27.508968,29409,29.404,2353,4457.462687,4.457462687,4750.939052,-0.061772286
27.558964,29459,29.454,2347,4430.83524,4.43083524,4750.939052,-0.067376956
27.608974,29509,29.504,2337,4386.860068,4.386860068,4750.939052,-0.076633057
27.658981,29559,29.554,2324,4330.434783,4.330434783,4750.939052,-0.088509717
27.717477,29609,29.604,2337,4386.860068,4.386860068,4750.939052,-0.076633057
27.758949,29659,29.654,2359,4484.274194,4.484274194,4750.939052,-0.056128874
27.808964,29709,29.704,2358,4479.792746,4.479792746,4750.939052,-0.05707215
27.85901,29759,29.754,2376,4561.256545,4.561256545,4750.939052,-0.039925266
27.908938,29809,29.804,2351,4448.566514,4.448566514,4750.939052,-0.063644794
27.958967,29859,29.854,2361,4493.252595,4.493252595,4750.939052,-0.054239058
28.017664,29909,29.904,2343,4413.184932,4.413184932,4750.939052,-0.071092076
28.058996,29959,29.954,2344,4417.589949,4.417589949,4750.939052,-0.070164887
28.108981,30009,30.004,2345,4422.0,4.422,4750.939052,-0.069236639
28.159008,30059,30.054,2346,4426.415094,4.426415094,4750.939052,-0.068307329
28.209043,30109,30.104,2351,4448.566514,4.448566514,4750.939052,-0.063644794
28.265716,30159,30.154,2346,4426.415094,4.426415094,4750.939052,-0.068307329
28.308958,30209,30.204,2345,4422.0,4.422,4750.939052,-0.069236639
28.358938,30259,30.254,2333,4369.409762,4.369409762,4750.939052,-0.08030608
28.408892,30309,30.304,2312,4279.080202,4.279080202,4750.939052,-0.09931907
28.458982,30359,30.354,2336,4382.490051,4.382490051,4750.939052,-0.077552879
28.508872,30409,30.404,2380,4579.591837,4.579591837,4750.939052,-0.036065968
28.558936,30459,30.454,2379,4575.0,4.575,4750.939052,-0.037032479
28.608968,30509,30.504,2369,4529.374276,4.529374276,4750.939052,-0.046635996
28.659938,30559,30.554,2355,4466.37931,4.46637931,4750.939052,-0.059895473
28.708999,30609,30.604,2349,4439.690722,4.439690722,4750.939052,-0.065513013
28.759,30659,30.654,2345,4422.0,4.422,4750.939052,-0.069236639
28.808932,30709,30.704,2338,4391.23506,4.39123506,4750.939052,-0.075712188
28.858977,30759,30.754,2341,4404.389966,4.404389966,4750.939052,-0.072943282
28.916465,30809,30.804,2357,4475.316456,4.475316456,4750.939052,-0.058014341
28.958978,30859,30.854,2360,4488.760807,4.488760807,4750.939052,-0.05518451
29.008988,30909,30.904,2348,4435.260446,4.435260446,4750.939052,-0.066445518
29.058923,30959,30.954,2342,4408.78494,4.40878494,4750.939052,-0.072018207
29.109022,31009,31.004,2325,4334.745763,4.334745763,4750.939052,-0.087602321
29.165333,31059,31.054,2329,4352.038505,4.352038505,4750.939052,-0.083962464
29.209,31109,31.104,2369,4529.374276,4.529374276,4750.939052,-0.046635996
29.258977,31159,31.154,2384,4598.012858,4.598012858,4750.939052,-0.032188625
29.309011,31209,31.204,2351,4448.566514,4.448566514,4750.939052,-0.063644794
29.358952,31259,31.254,2358,4479.792746,4.479792746,4750.939052,-0.05707215
29.40899,31309,31.304,2338,4391.23506,4.39123506,4750.939052,-0.075712188
29.468168,31359,31.354,2351,4448.566514,4.448566514,4750.939052,-0.063644794
29.508948,31409,31.404,2334,4373.764906,4.373764906,4750.939052,-0.079389388
29.558968,31459,31.454,2335,4378.125,4.378125,4750.939052,-0.078471655
29.609783,31509,31.504,2345,4422.0,4.422,4750.939052,-0.069236639
29.658932,31559,31.554,2349,4439.690722,4.439690722,4750.939052,-0.065513013
29.708927,31609,31.604,2336,4382.490051,4.382490051,4750.939052,-0.077552879
29.758942,31659,31.654,2331,4360.714286,4.360714286,4750.939052,-0.082136344
29.808951,31709,31.704,2326,4339.061617,4.339061617,4750.939052,-0.0866939
29.865469,31759,31.754,2329,4352.038505,4.352038505,4750.939052,-0.083962464
29.908947,31809,31.804,2342,4408.78494,4.40878494,4750.939052,-0.072018207
29.958952,31859,31.854,2371,4538.457077,4.538457077,4750.939052,-0.044724206
30.008952,31909,31.904,2375,4556.686047,4.556686047,4750.939052,-0.040887286
30.066637,31959,31.954,2349,4439.690722,4.439690722,4750.939052,-0.065513013
30.108972,32009,32.004,2342,4408.78494,4.40878494,4750.939052,-0.072018207
30.158929,32059,32.054,2323,4326.128668,4.326128668,4750.939052,-0.089416088
30.209014,32109,32.104,2341,4404.389966,4.404389966,4750.939052,-0.072943282
30.293812,32159,32.154,2333,4369.409762,4.369409762,4750.939052,-0.08030608
30.308895,32209,32.204,2349,4439.690722,4.439690722,4750.939052,-0.065513013
30.358967,32259,32.254,2349,4439.690722,4.439690722,4750.939052,-0.065513013
30.409015,32309,32.304,2347,4430.83524,4.43083524,4750.939052,-0.067376956
30.458959,32359,32.354,2332,4365.059558,4.365059558,4750.939052,-0.081221731
30.508875,32409,32.404,2314,4287.591241,4.287591241,4750.939052,-0.097527627
30.566129,32459,32.454,2336,4382.490051,4.382490051,4750.939052,-0.077552879
30.608944,32509,32.504,2338,4391.23506,4.39123506,4750.939052,-0.075712188
30.658946,32559,32.554,2364,4506.759099,4.506759099,4750.939052,-0.051396145
30.708934,32609,32.604,2365,4511.271676,4.511271676,4750.939052,-0.050446317
30.758988,32659,32.654,2344,4417.589949,4.417589949,4750.939052,-0.070164887
30.816996,32709,32.704,2333,4369.409762,4.369409762,4750.939052,-0.08030608
30.858927,32759,32.754,2321,4317.531003,4.317531003,4750.939052,-0.091225765
30.908931,32809,32.804,2334,4373.764906,4.373764906,4750.939052,-0.079389388
30.95902,32859,32.854,2336,4382.490051,4.382490051,4750.939052,-0.077552879
31.008977,32909,32.904,2350,4444.126074,4.444126074,4750.939052,-0.064579439
31.059263,32959,32.954,2357,4475.316456,4.475316456,4750.939052,-0.058014341
31.108991,33009,33.004,2351,4448.566514,4.448566514,4750.939052,-0.063644794
31.166173,33059,33.054,2338,4391.23506,4.39123506,4750.939052,-0.075712188
31.208957,33109,33.104,2325,4334.745763,4.334745763,4750.939052,-0.087602321
31.258989,33159,33.154,2322,4321.827411,4.321827411,4750.939052,-0.090321437
31.309664,33209,33.204,2343,4413.184932,4.413184932,4750.939052,-0.071092076
31.358956,33259,33.254,2367,4520.3125,4.5203125,4750.939052,-0.048543362
31.408982,33309,33.304,2368,4524.840764,4.524840764,4750.939052,-0.047590231
31.460067,33359,33.354,2350,4444.126074,4.444126074,4750.939052,-0.064579439
31.508951,33409,33.404,2341,4404.389966,4.404389966,4750.939052,-0.072943282
31.558928,33459,33.454,2332,4365.059558,4.365059558,4750.939052,-0.081221731
31.608927,33509,33.504,2334,4373.764906,4.373764906,4750.939052,-0.079389388
31.658956,33559,33.554,2336,4382.490051,4.382490051,4750.939052,-0.077552879
31.716071,33609,33.604,2332,4365.059558,4.365059558,4750.939052,-0.081221731
31.75886,33659,33.654,2350,4444.126074,4.444126074,4750.939052,-0.064579439
31.808998,33709,33.704,2344,4417.589949,4.417589949,4750.939052,-0.070164887
31.861957,33759,33.754,2304,4245.226131,4.245226131,4750.939052,-0.106444835
31.908974,33809,33.804,2329,4352.038505,4.352038505,4750.939052,-0.083962464
31.958949,33859,33.854,2322,4321.827411,4.321827411,4750.939052,-0.090321437
32.008953,33909,33.904,2344,4417.589949,4.417589949,4750.939052,-0.070164887
32.058944,33959,33.954,2346,4426.415094,4.426415094,4750.939052,-0.068307329
32.108989,34009,34.004,2369,4529.374276,4.529374276,4750.939052,-0.046635996
32.167812,34059,34.054,2343,4413.184932,4.413184932,4750.939052,-0.071092076
32.209021,34109,34.104,2333,4369.409762,4.369409762,4750.939052,-0.08030608
32.259004,34159,34.154,2338,4391.23506,4.39123506,4750.939052,-0.075712188
32.309011,34209,34.204,2344,4417.589949,4.417589949,4750.939052,-0.070164887
32.358972,34259,34.254,2345,4422.0,4.422,4750.939052,-0.069236639
32.418193,34309,34.304,2335,4378.125,4.378125,4750.939052,-0.078471655
32.458947,34359,34.354,2344,4417.589949,4.417589949,4750.939052,-0.070164887
32.508946,34409,34.404,2349,4439.690722,4.439690722,4750.939052,-0.065513013
32.558953,34459,34.454,2329,4352.038505,4.352038505,4750.939052,-0.083962464
32.608953,34509,34.504,2319,4308.952703,4.308952703,4750.939052,-0.093031366
32.658953,34559,34.554,2316,4296.121417,4.296121417,4750.939052,-0.095732155
32.720106,34609,34.604,2328,4347.70798,4.34770798,4750.939052,-0.084873973
32.758956,34659,34.654,2347,4430.83524,4.43083524,4750.939052,-0.067376956
32.809714,34709,34.704,2355,4466.37931,4.46637931,4750.939052,-0.059895473
32.858985,34759,34.754,2347,4430.83524,4.43083524,4750.939052,-0.067376956
32.908924,34809,34.804,2330,4356.373938,4.356373938,4750.939052,-0.083049921
32.958937,34859,34.854,2323,4326.128668,4.326128668,4750.939052,-0.089416088
33.017592,34909,34.904,2331,4360.714286,4.360714286,4750.939052,-0.082136344
33.058958,34959,34.954,2350,4444.126074,4.444126074,4750.939052,-0.064579439
33.10899,35009,35.004,2344,4417.589949,4.417589949,4750.939052,-0.070164887
33.158988,35059,35.054,2350,4444.126074,4.444126074,4750.939052,-0.064579439
33.208976,35109,35.104,2345,4422.0,4.422,4750.939052,-0.069236639
33.258976,35159,35.154,2345,4422.0,4.422,4750.939052,-0.069236639
33.319445,35209,35.204,2323,4326.128668,4.326128668,4750.939052,-0.089416088
33.35898,35259,35.254,2319,4308.952703,4.308952703,4750.939052,-0.093031366
33.409073,35309,35.304,2345,4422.0,4.422,4750.939052,-0.069236639
33.458972,35359,35.354,2344,4417.589949,4.417589949,4750.939052,-0.070164887
33.508972,35409,35.404,2353,4457.462687,4.457462687,4750.939052,-0.061772286
33.56125,35459,35.454,2342,4408.78494,4.40878494,4750.939052,-0.072018207
33.608923,35509,35.504,2339,4395.615034,4.395615034,4750.939052,-0.074790271
33.658967,35559,35.554,2318,4304.670793,4.304670793,4750.939052,-0.093932642
33.708965,35609,35.604,2311,4274.831839,4.274831839,4750.939052,-0.100213286
33.758946,35659,35.654,2326,4339.061617,4.339061617,4750.939052,-0.0866939
33.808947,35709,35.704,2326,4339.061617,4.339061617,4750.939052,-0.0866939
33.869764,35759,35.754,2338,4391.23506,4.39123506,4750.939052,-0.075712188
33.908944,35809,35.804,2348,4435.260446,4.435260446,4750.939052,-0.066445518
33.958915,35859,35.854,2320,4313.239437,4.313239437,4750.939052,-0.092129074
34.011731,35909,35.904,2326,4339.061617,4.339061617,4750.939052,-0.0866939
34.058934,35959,35.954,2316,4296.121417,4.296121417,4750.939052,-0.095732155
34.108938,36009,36.004,2327,4343.382353,4.343382353,4750.939052,-0.085784451
34.158968,36059,36.054,2334,4373.764906,4.373764906,4750.939052,-0.079389388
34.208976,36109,36.104,2352,4453.012048,4.453012048,4750.939052,-0.062709077
34.267567,36159,36.154,2352,4453.012048,4.453012048,4750.939052,-0.062709077
34.308943,36209,36.204,2355,4466.37931,4.46637931,4750.939052,-0.059895473
34.358968,36259,36.254,2317,4300.393701,4.300393701,4750.939052,-0.094832905
34.410644,36309,36.304,2320,4313.239437,4.313239437,4750.939052,-0.092129074
34.458942,36359,36.354,2332,4365.059558,4.365059558,4750.939052,-0.081221731
34.508939,36409,36.404,2333,4369.409762,4.369409762,4750.939052,-0.08030608
34.563407,36459,36.454,2335,4378.125,4.378125,4750.939052,-0.078471655
34.608903,36509,36.504,2350,4444.126074,4.444126074,4750.939052,-0.064579439
34.65894,36559,36.554,2325,4334.745763,4.334745763,4750.939052,-0.087602321
34.708955,36609,36.604,2317,4300.393701,4.300393701,4750.939052,-0.094832905
34.758949,36659,36.654,2309,4266.349384,4.266349384,4750.939052,-0.101998713
34.817018,36709,36.704,2324,4330.434783,4.330434783,4750.939052,-0.088509717
34.858928,36759,36.754,2338,4391.23506,4.39123506,4750.939052,-0.075712188
34.908937,36809,36.804,2348,4435.260446,4.435260446,4750.939052,-0.066445518
34.96113,36859,36.854,2366,4515.789474,4.515789474,4750.939052,-0.049495389
35.008971,36909,36.904,2327,4343.382353,4.343382353,4750.939052,-0.085784451
35.060456,36959,36.954,2326,4339.061617,4.339061617,4750.939052,-0.0866939
35.108951,37009,37.004,2305,4249.441341,4.249441341,4750.939052,-0.105557597
35.158919,37059,37.054,2332,4365.059558,4.365059558,4750.939052,-0.081221731
35.21243,37109,37.104,2327,4343.382353,4.343382353,4750.939052,-0.085784451
35.258876,37159,37.154,2321,4317.531003,4.317531003,4750.939052,-0.091225765
35.308979,37209,37.204,2342,4408.78494,4.40878494,4750.939052,-0.072018207
35.358991,37259,37.254,2324,4330.434783,4.330434783,4750.939052,-0.088509717
35.408978,37309,37.304,2320,4313.239437,4.313239437,4750.939052,-0.092129074
35.458984,37359,37.354,2321,4317.531003,4.317531003,4750.939052,-0.091225765
35.523135,37409,37.404,2303,4241.015625,4.241015625,4750.939052,-0.107331082
35.558962,37459,37.454,2297,4215.850945,4.215850945,4750.939052,-0.112627862
35.608949,37509,37.504,2330,4356.373938,4.356373938,4750.939052,-0.083049921
35.661158,37559,37.554,2326,4339.061617,4.339061617,4750.939052,-0.0866939
35.708937,37609,37.604,2345,4422.0,4.422,4750.939052,-0.069236639
35.758933,37659,37.654,2323,4326.128668,4.326128668,4750.939052,-0.089416088
35.808936,37709,37.704,2331,4360.714286,4.360714286,4750.939052,-0.082136344
35.858926,37759,37.754,2330,4356.373938,4.356373938,4750.939052,-0.083049921
35.908947,37809,37.804,2326,4339.061617,4.339061617,4750.939052,-0.0866939
35.969975,37859,37.854,2335,4378.125,4.378125,4750.939052,-0.078471655
36.008995,37909,37.904,2333,4369.409762,4.369409762,4750.939052,-0.08030608
36.060792,37959,37.954,2335,4378.125,4.378125,4750.939052,-0.078471655
36.108978,38009,38.004,2319,4308.952703,4.308952703,4750.939052,-0.093031366
36.158927,38059,38.054,2324,4330.434783,4.330434783,4750.939052,-0.088509717
36.208975,38109,38.104,2331,4360.714286,4.360714286,4750.939052,-0.082136344
36.25897,38159,38.154,2313,4283.333333,4.283333333,4750.939052,-0.098423851
36.317201,38209,38.204,2309,4266.349384,4.266349384,4750.939052,-0.101998713
36.358957,38259,38.254,2369,4529.374276,4.529374276,4750.939052,-0.046635996
36.408982,38309,38.304,2328,4347.70798,4.34770798,4750.939052,-0.084873973
36.458937,38359,38.354,2320,4313.239437,4.313239437,4750.939052,-0.092129074
36.508967,38409,38.404,2319,4308.952703,4.308952703,4750.939052,-0.093031366
36.558906,38459,38.454,2322,4321.827411,4.321827411,4750.939052,-0.090321437
36.61886,38509,38.504,2328,4347.70798,4.34770798,4750.939052,-0.084873973
36.658916,38559,38.554,2323,4326.128668,4.326128668,4750.939052,-0.089416088
36.708966,38609,38.604,2321,4317.531003,4.317531003,4750.939052,-0.091225765
36.758928,38659,38.654,2328,4347.70798,4.34770798,4750.939052,-0.084873973
36.817139,38709,38.704,2312,4279.080202,4.279080202,4750.939052,-0.09931907
36.858914,38759,38.754,2341,4404.389966,4.404389966,4750.939052,-0.072943282
36.908941,38809,38.804,2315,4291.853933,4.291853933,4750.939052,-0.096630396
36.95893,38859,38.854,2331,4360.714286,4.360714286,4750.939052,-0.082136344
37.008932,38909,38.904,2313,4283.333333,4.283333333,4750.939052,-0.098423851
37.068453,38959,38.954,2342,4408.78494,4.40878494,4750.939052,-0.072018207
37.108934,39009,39.004,2354,4461.918438,4.461918438,4750.939052,-0.060834418
37.158934,39059,39.054,2326,4339.061617,4.339061617,4750.939052,-0.0866939
37.21145,39109,39.104,2311,4274.831839,4.274831839,4750.939052,-0.100213286
37.258922,39159,39.154,2314,4287.591241,4.287591241,4750.939052,-0.097527627
37.308995,39209,39.204,2320,4313.239437,4.313239437,4750.939052,-0.092129074
37.361654,39259,39.254,2325,4334.745763,4.334745763,4750.939052,-0.087602321
37.408935,39309,39.304,2340,4400.0,4.4,4750.939052,-0.073867303
37.458954,39359,39.354,2341,4404.389966,4.404389966,4750.939052,-0.072943282
37.508929,39409,39.404,2326,4339.061617,4.339061617,4750.939052,-0.0866939
37.558917,39459,39.454,2315,4291.853933,4.291853933,4750.939052,-0.096630396
37.60892,39509,39.504,2308,4262.115277,4.262115277,4750.939052,-0.102889928
37.662548,39559,39.554,2314,4287.591241,4.287591241,4750.939052,-0.097527627
37.708902,39609,39.604,2317,4300.393701,4.300393701,4750.939052,-0.094832905
37.758924,39659,39.654,2319,4308.952703,4.308952703,4750.939052,-0.093031366
37.814363,39709,39.704,2344,4417.589949,4.417589949,4750.939052,-0.070164887
37.858921,39759,39.754,2335,4378.125,4.378125,4750.939052,-0.078471655
37.908925,39809,39.804,2315,4291.853933,4.291853933,4750.939052,-0.096630396
37.958878,39859,39.854,2299,4224.22049,4.22422049,4750.939052,-0.110866201
38.008936,39909,39.904,2320,4313.239437,4.313239437,4750.939052,-0.092129074
38.058915,39959,39.954,2325,4334.745763,4.334745763,4750.939052,-0.087602321
38.108913,40009,40.004,2344,4417.589949,4.417589949,4750.939052,-0.070164887
38.158939,40059,40.054,2339,4395.615034,4.395615034,4750.939052,-0.074790271
38.21759,40109,40.104,2331,4360.714286,4.360714286,4750.939052,-0.082136344
38.258942,40159,40.154,2323,4326.128668,4.326128668,4750.939052,-0.089416088
38.308869,40209,40.204,2308,4262.115277,4.262115277,4750.939052,-0.102889928
38.358941,40259,40.254,2294,4203.331483,4.203331483,4750.939052,-0.115263017
38.408954,40309,40.304,2331,4360.714286,4.360714286,4750.939052,-0.082136344
38.459203,40359,40.354,2312,4279.080202,4.279080202,4750.939052,-0.09931907
38.508928,40409,40.404,2343,4413.184932,4.413184932,4750.939052,-0.071092076
38.558911,40459,40.454,2332,4365.059558,4.365059558,4750.939052,-0.081221731
38.608924,40509,40.504,2302,4236.809816,4.236809816,4750.939052,-0.10821634
38.658907,40559,40.554,2276,4129.081913,4.129081913,4750.939052,-0.130891416
38.708904,40609,40.604,2319,4308.952703,4.308952703,4750.939052,-0.093031366
38.76733,40659,40.654,2325,4334.745763,4.334745763,4750.939052,-0.087602321
38.80893,40709,40.704,2322,4321.827411,4.321827411,4750.939052,-0.090321437
38.858909,40759,40.754,2334,4373.764906,4.373764906,4750.939052,-0.079389388
38.908891,40809,40.804,2329,4352.038505,4.352038505,4750.939052,-0.083962464
38.958915,40859,40.854,2325,4334.745763,4.334745763,4750.939052,-0.087602321
39.009952,40909,40.904,2301,4232.608696,4.232608696,4750.939052,-0.109100612
39.05896,40959,40.954,2289,4182.55814,4.18255814,4750.939052,-0.119635488
39.108917,41009,41.004,2328,4347.70798,4.34770798,4750.939052,-0.084873973
39.158924,41059,41.054,2322,4321.827411,4.321827411,4750.939052,-0.090321437
39.208941,41109,41.104,2331,4360.714286,4.360714286,4750.939052,-0.082136344
39.265465,41159,41.154,2330,4356.373938,4.356373938,4750.939052,-0.083049921
39.308929,41209,41.204,2305,4249.441341,4.249441341,4750.939052,-0.105557597
39.358898,41259,41.254,2312,4279.080202,4.279080202,4750.939052,-0.09931907
39.409123,41309,41.304,2303,4241.015625,4.241015625,4750.939052,-0.107331082
39.458939,41359,41.354,2311,4274.831839,4.274831839,4750.939052,-0.100213286
39.509003,41409,41.404,2320,4313.239437,4.313239437,4750.939052,-0.092129074
39.558901,41459,41.454,2337,4386.860068,4.386860068,4750.939052,-0.076633057
39.608878,41509,41.504,2331,4360.714286,4.360714286,4750.939052,-0.082136344
39.660055,41559,41.554,2304,4245.226131,4.245226131,4750.939052,-0.106444835
39.708898,41609,41.604,2303,4241.015625,4.241015625,4750.939052,-0.107331082
39.758902,41659,41.654,2303,4241.015625,4.241015625,4750.939052,-0.107331082
39.808922,41709,41.704,2315,4291.853933,4.291853933,4750.939052,-0.096630396
39.865411,41759,41.754,2331,4360.714286,4.360714286,4750.939052,-0.082136344
39.908896,41809,41.804,2337,4386.860068,4.386860068,4750.939052,-0.076633057
39.958945,41859,41.854,2337,4386.860068,4.386860068,4750.939052,-0.076633057
40.010264,41909,41.904,2311,4274.831839,4.274831839,4750.939052,-0.100213286
40.058955,41959,41.954,2302,4236.809816,4.236809816,4750.939052,-0.10821634
40.10895,42009,42.004,2288,4178.417266,4.178417266,4750.939052,-0.120507079
40.159813,42059,42.054,2308,4262.115277,4.262115277,4750.939052,-0.102889928
40.20893,42109,42.104,2310,4270.588235,4.270588235,4750.939052,-0.1011065
40.258928,42159,42.154,2312,4279.080202,4.279080202,4750.939052,-0.09931907
40.308951,42209,42.204,2325,4334.745763,4.334745763,4750.939052,-0.087602321
40.358973,42259,42.254,2320,4313.239437,4.313239437,4750.939052,-0.092129074
40.415545,42309,42.304,2313,4283.333333,4.283333333,4750.939052,-0.098423851
40.458947,42359,42.354,2302,4236.809816,4.236809816,4750.939052,-0.10821634
40.508964,42409,42.404,2309,4266.349384,4.266349384,4750.939052,-0.101998713
40.558918,42459,42.454,2319,4308.952703,4.308952703,4750.939052,-0.093031366
40.608923,42509,42.504,2319,4308.952703,4.308952703,4750.939052,-0.093031366
40.6589,42559,42.554,2358,4479.792746,4.479792746,4750.939052,-0.05707215
40.718509,42609,42.604,2322,4321.827411,4.321827411,4750.939052,-0.090321437
40.758946,42659,42.654,2300,4228.412256,4.228412256,4750.939052,-0.109983898
40.808886,42709,42.704,2309,4266.349384,4.266349384,4750.939052,-0.101998713
40.858889,42759,42.754,2321,4317.531003,4.317531003,4750.939052,-0.091225765
40.908878,42809,42.804,2326,4339.061617,4.339061617,4750.939052,-0.0866939
40.958897,42859,42.854,2301,4232.608696,4.232608696,4750.939052,-0.109100612
41.008924,42909,42.904,2331,4360.714286,4.360714286,4750.939052,-0.082136344
41.065119,42959,42.954,2317,4300.393701,4.300393701,4750.939052,-0.094832905
41.108892,43009,43.004,2304,4245.226131,4.245226131,4750.939052,-0.106444835
41.158898,43059,43.054,2302,4236.809816,4.236809816,4750.939052,-0.10821634
41.209267,43109,43.104,2299,4224.22049,4.22422049,4750.939052,-0.110866201
41.258935,43159,43.154,2330,4356.373938,4.356373938,4750.939052,-0.083049921
41.308976,43209,43.204,2329,4352.038505,4.352038505,4750.939052,-0.083962464
41.358926,43259,43.254,2323,4326.128668,4.326128668,4750.939052,-0.089416088
41.408969,43309,43.304,2321,4317.531003,4.317531003,4750.939052,-0.091225765
41.461421,43359,43.354,2308,4262.115277,4.262115277,4750.939052,-0.102889928
41.508903,43409,43.404,2306,4253.661263,4.253661263,4750.939052,-0.104669368
41.558895,43459,43.454,2303,4241.015625,4.241015625,4750.939052,-0.107331082
41.616845,43509,43.504,2325,4334.745763,4.334745763,4750.939052,-0.087602321
41.658869,43559,43.554,2342,4408.78494,4.40878494,4750.939052,-0.072018207
41.708893,43609,43.604,2333,4369.409762,4.369409762,4750.939052,-0.08030608
41.759686,43659,43.654,2338,4391.23506,4.39123506,4750.939052,-0.075712188
41.808991,43709,43.704,2319,4308.952703,4.308952703,4750.939052,-0.093031366
41.858904,43759,43.754,2304,4245.226131,4.245226131,4750.939052,-0.106444835
41.908885,43809,43.804,2299,4224.22049,4.22422049,4750.939052,-0.110866201
41.958902,43859,43.854,2306,4253.661263,4.253661263,4750.939052,-0.104669368
42.011783,43909,43.904,2330,4356.373938,4.356373938,4750.939052,-0.083049921
42.058898,43959,43.954,2339,4395.615034,4.395615034,4750.939052,-0.074790271
42.108908,44009,44.004,2329,4352.038505,4.352038505,4750.939052,-0.083962464
42.167237,44059,44.054,2318,4304.670793,4.304670793,4750.939052,-0.093932642
42.208924,44109,44.104,2304,4245.226131,4.245226131,4750.939052,-0.106444835
42.258849,44159,44.154,2297,4215.850945,4.215850945,4750.939052,-0.112627862
42.308908,44209,44.204,2310,4270.588235,4.270588235,4750.939052,-0.1011065
42.358928,44259,44.254,2281,4149.558986,4.149558986,4750.939052,-0.126581305
42.41001,44309,44.304,2325,4334.745763,4.334745763,4750.939052,-0.087602321
42.458929,44359,44.354,2321,4317.531003,4.317531003,4750.939052,-0.091225765
42.509476,44409,44.404,2329,4352.038505,4.352038505,4750.939052,-0.083962464
42.558941,44459,44.454,2303,4241.015625,4.241015625,4750.939052,-0.107331082
42.608945,44509,44.504,2289,4182.55814,4.18255814,4750.939052,-0.119635488
42.65886,44559,44.554,2302,4236.809816,4.236809816,4750.939052,-0.10821634
42.708892,44609,44.604,2319,4308.952703,4.308952703,4750.939052,-0.093031366
42.767563,44659,44.654,2323,4326.128668,4.326128668,4750.939052,-0.089416088
42.808892,44709,44.704,2339,4395.615034,4.395615034,4750.939052,-0.074790271
42.858918,44759,44.754,2320,4313.239437,4.313239437,4750.939052,-0.092129074
42.910279,44809,44.804,2301,4232.608696,4.232608696,4750.939052,-0.109100612
42.958889,44859,44.854,2305,4249.441341,4.249441341,4750.939052,-0.105557597
43.009586,44909,44.904,2318,4304.670793,4.304670793,4750.939052,-0.093932642
43.058939,44959,44.954,2308,4262.115277,4.262115277,4750.939052,-0.102889928
43.108914,45009,45.004,2315,4291.853933,4.291853933,4750.939052,-0.096630396
43.158907,45059,45.054,2332,4365.059558,4.365059558,4750.939052,-0.081221731
43.208952,45109,45.104,2329,4352.038505,4.352038505,4750.939052,-0.083962464
43.263267,45159,45.154,2324,4330.434783,4.330434783,4750.939052,-0.088509717
43.308897,45209,45.204,2306,4253.661263,4.253661263,4750.939052,-0.104669368
43.358926,45259,45.254,2281,4149.558986,4.149558986,4750.939052,-0.126581305
43.408871,45309,45.304,2293,4199.167592,4.199167592,4750.939052,-0.116139453
43.458891,45359,45.354,2311,4274.831839,4.274831839,4750.939052,-0.100213286
43.508905,45409,45.404,2346,4426.415094,4.426415094,4750.939052,-0.068307329
43.558882,45459,45.454,2334,4373.764906,4.373764906,4750.939052,-0.079389388
43.608869,45509,45.504,2303,4241.015625,4.241015625,4750.939052,-0.107331082
43.658914,45559,45.554,2304,4245.226131,4.245226131,4750.939052,-0.106444835
43.708902,45609,45.604,2297,4215.850945,4.215850945,4750.939052,-0.112627862
43.758833,45659,45.654,2297,4215.850945,4.215850945,4750.939052,-0.112627862
43.808914,45709,45.704,2320,4313.239437,4.313239437,4750.939052,-0.092129074
43.867354,45759,45.754,2325,4334.745763,4.334745763,4750.939052,-0.087602321
43.908921,45809,45.804,2317,4300.393701,4.300393701,4750.939052,-0.094832905
43.958945,45859,45.854,2313,4283.333333,4.283333333,4750.939052,-0.098423851
44.008899,45909,45.904,2336,4382.490051,4.382490051,4750.939052,-0.077552879
44.05891,45959,45.954,2304,4245.226131,4.245226131,4750.939052,-0.106444835
44.108863,46009,46.004,2310,4270.588235,4.270588235,4750.939052,-0.1011065
44.158952,46059,46.054,2336,4382.490051,4.382490051,4750.939052,-0.077552879
44.209082,46109,46.104,2348,4435.260446,4.435260446,4750.939052,-0.066445518
44.258918,46159,46.154,2311,4274.831839,4.274831839,4750.939052,-0.100213286
44.308961,46209,46.204,2309,4266.349384,4.266349384,4750.939052,-0.101998713
44.358951,46259,46.254,2304,4245.226131,4.245226131,4750.939052,-0.106444835
44.408939,46309,46.304,2309,4266.349384,4.266349384,4750.939052,-0.101998713
44.458913,46359,46.354,2309,4266.349384,4.266349384,4750.939052,-0.101998713
44.517388,46409,46.404,2313,4283.333333,4.283333333,4750.939052,-0.098423851
44.558896,46459,46.454,2331,4360.714286,4.360714286,4750.939052,-0.082136344
44.608871,46509,46.504,2303,4241.015625,4.241015625,4750.939052,-0.107331082
44.658878,46559,46.554,2307,4257.885906,4.257885906,4750.939052,-0.103780146
44.708869,46609,46.604,2302,4236.809816,4.236809816,4750.939052,-0.10821634
44.758891,46659,46.654,2297,4215.850945,4.215850945,4750.939052,-0.112627862
44.808884,46709,46.704,2301,4232.608696,4.232608696,4750.939052,-0.109100612
44.858861,46759,46.754,2311,4274.831839,4.274831839,4750.939052,-0.100213286
44.908874,46809,46.804,2335,4378.125,4.378125,4750.939052,-0.078471655
44.96656,46859,46.854,2320,4313.239437,4.313239437,4750.939052,-0.092129074
45.008885,46909,46.904,2314,4287.591241,4.287591241,4750.939052,-0.097527627
45.058803,46959,46.954,2306,4253.661263,4.253661263,4750.939052,-0.104669368
45.10891,47009,47.004,2306,4253.661263,4.253661263,4750.939052,-0.104669368
45.158824,47059,47.054,2301,4232.608696,4.232608696,4750.939052,-0.109100612
45.208928,47109,47.104,2309,4266.349384,4.266349384,4750.939052,-0.101998713
45.258828,47159,47.154,2332,4365.059558,4.365059558,4750.939052,-0.081221731
45.30888,47209,47.204,2302,4236.809816,4.236809816,4750.939052,-0.10821634
45.358958,47259,47.254,2297,4215.850945,4.215850945,4750.939052,-0.112627862
45.408905,47309,47.304,2292,4195.008319,4.195008319,4750.939052,-0.117014916
45.458863,47359,47.354,2288,4178.417266,4.178417266,4750.939052,-0.120507079
45.508905,47409,47.404,2295,4207.5,4.2075,4750.939052,-0.114385608
45.567236,47459,47.454,2303,4241.015625,4.241015625,4750.939052,-0.107331082
45.608859,47509,47.504,2332,4365.059558,4.365059558,4750.939052,-0.081221731
45.658938,47559,47.554,2335,4378.125,4.378125,4750.939052,-0.078471655
45.708822,47609,47.604,2335,4378.125,4.378125,4750.939052,-0.078471655
45.758892,47659,47.654,2298,4220.033389,4.220033389,4750.939052,-0.111747521
45.808881,47709,47.704,2291,4190.853659,4.190853659,4750.939052,-0.117889408
45.858846,47759,47.754,2310,4270.588235,4.270588235,4750.939052,-0.1011065
45.908866,47809,47.804,2298,4220.033389,4.220033389,4750.939052,-0.111747521
45.958887,47859,47.854,2323,4326.128668,4.326128668,4750.939052,-0.089416088
46.010503,47909,47.904,2310,4270.588235,4.270588235,4750.939052,-0.1011065
46.058888,47959,47.954,2292,4195.008319,4.195008319,4750.939052,-0.117014916
46.10894,48009,48.004,2293,4199.167592,4.199167592,4750.939052,-0.116139453
46.165747,48059,48.054,2288,4178.417266,4.178417266,4750.939052,-0.120507079
46.208886,48109,48.104,2329,4352.038505,4.352038505,4750.939052,-0.083962464
46.258897,48159,48.154,2307,4257.885906,4.257885906,4750.939052,-0.103780146
46.308874,48209,48.204,2339,4395.615034,4.395615034,4750.939052,-0.074790271
46.358888,48259,48.254,2335,4378.125,4.378125,4750.939052,-0.078471655
46.408935,48309,48.304,2311,4274.831839,4.274831839,4750.939052,-0.100213286
46.458822,48359,48.354,2315,4291.853933,4.291853933,4750.939052,-0.096630396
46.508866,48409,48.404,2288,4178.417266,4.178417266,4750.939052,-0.120507079
46.558868,48459,48.454,2307,4257.885906,4.257885906,4750.939052,-0.103780146
46.608902,48509,48.504,2304,4245.226131,4.245226131,4750.939052,-0.106444835
46.658883,48559,48.554,2317,4300.393701,4.300393701,4750.939052,-0.094832905
46.713912,48609,48.604,2311,4274.831839,4.274831839,4750.939052,-0.100213286
46.758903,48659,48.654,2307,4257.885906,4.257885906,4750.939052,-0.103780146
46.808801,48709,48.704,2290,4186.703601,4.186703601,4750.939052,-0.118762932
46.858868,48759,48.754,2299,4224.22049,4.22422049,4750.939052,-0.110866201
46.908858,48809,48.804,2292,4195.008319,4.195008319,4750.939052,-0.117014916
46.958897,48859,48.854,2293,4199.167592,4.199167592,4750.939052,-0.116139453
47.008889,48909,48.904,2310,4270.588235,4.270588235,4750.939052,-0.1011065
47.058872,48959,48.954,2347,4430.83524,4.43083524,4750.939052,-0.067376956
47.108852,49009,49.004,2309,4266.349384,4.266349384,4750.939052,-0.101998713
47.158913,49059,49.054,2306,4253.661263,4.253661263,4750.939052,-0.104669368
47.208895,49109,49.104,2297,4215.850945,4.215850945,4750.939052,-0.112627862
47.258874,49159,49.154,2296,4211.673152,4.211673152,4750.939052,-0.113507223
47.308895,49209,49.204,2303,4241.015625,4.241015625,4750.939052,-0.107331082
47.367293,49259,49.254,2300,4228.412256,4.228412256,4750.939052,-0.109983898
47.408866,49309,49.304,2274,4120.92257,4.12092257,4750.939052,-0.132608833
47.458863,49359,49.354,2285,4166.022099,4.166022099,4750.939052,-0.123116072
47.508858,49409,49.404,2284,4161.899503,4.161899503,4750.939052,-0.123983815
47.558873,49459,49.454,2265,4084.42623,4.08442623,4750.939052,-0.140290754
47.608818,49509,49.504,2291,4190.853659,4.190853659,4750.939052,-0.117889408
47.658835,49559,49.554,2284,4161.899503,4.161899503,4750.939052,-0.123983815
47.708879,49609,49.604,2300,4228.412256,4.228412256,4750.939052,-0.109983898
47.758891,49659,49.654,2304,4245.226131,4.245226131,4750.939052,-0.106444835
47.808868,49709,49.704,2301,4232.608696,4.232608696,4750.939052,-0.109100612
47.85888,49759,49.754,2296,4211.673152,4.211673152,4750.939052,-0.113507223
47.916381,49809,49.804,2295,4207.5,4.2075,4750.939052,-0.114385608
47.958847,49859,49.854,2296,4211.673152,4.211673152,4750.939052,-0.113507223
48.008933,49909,49.904,2314,4287.591241,4.287591241,4750.939052,-0.097527627
48.058859,49959,49.954,2306,4253.661263,4.253661263,4750.939052,-0.104669368
48.108919,50009,50.004,2314,4287.591241,4.287591241,4750.939052,-0.097527627
48.159257,50059,50.054,2314,4287.591241,4.287591241,4750.939052,-0.097527627
48.208859,50109,50.104,2289,4182.55814,4.18255814,4750.939052,-0.119635488
48.258874,50159,50.154,2289,4182.55814,4.18255814,4750.939052,-0.119635488
48.308966,50209,50.204,2290,4186.703601,4.186703601,4750.939052,-0.118762932
48.358873,50259,50.254,2289,4182.55814,4.18255814,4750.939052,-0.119635488
48.40892,50309,50.304,2294,4203.331483,4.203331483,4750.939052,-0.115263017
48.468206,50359,50.354,2326,4339.061617,4.339061617,4750.939052,-0.0866939
48.508852,50409,50.404,2322,4321.827411,4.321827411,4750.939052,-0.090321437
48.558904,50459,50.454,2299,4224.22049,4.22422049,4750.939052,-0.110866201
48.609086,50509,50.504,2278,4137.259218,4.137259218,4750.939052,-0.129170218
48.658848,50559,50.554,2298,4220.033389,4.220033389,4750.939052,-0.111747521
48.708827,50609,50.604,2302,4236.809816,4.236809816,4750.939052,-0.10821634
48.75989,50659,50.654,2293,4199.167592,4.199167592,4750.939052,-0.116139453
48.808842,50709,50.704,2295,4207.5,4.2075,4750.939052,-0.114385608
48.858872,50759,50.754,2302,4236.809816,4.236809816,4750.939052,-0.10821634
48.908839,50809,50.804,2292,4195.008319,4.195008319,4750.939052,-0.117014916
48.958852,50859,50.854,2285,4166.022099,4.166022099,4750.939052,-0.123116072
49.018698,50909,50.904,2278,4137.259218,4.137259218,4750.939052,-0.129170218
49.058877,50959,50.954,2271,4108.717105,4.108717105,4750.939052,-0.135177896
49.108861,51009,51.004,2306,4253.661263,4.253661263,4750.939052,-0.104669368
49.159232,51059,51.054,2344,4417.589949,4.417589949,4750.939052,-0.070164887
49.208906,51109,51.104,2318,4304.670793,4.304670793,4750.939052,-0.093932642
49.258871,51159,51.154,2315,4291.853933,4.291853933,4750.939052,-0.096630396
49.3089,51209,51.204,2309,4266.349384,4.266349384,4750.939052,-0.101998713
49.358897,51259,51.254,2295,4207.5,4.2075,4750.939052,-0.114385608
49.408926,51309,51.304,2299,4224.22049,4.22422049,4750.939052,-0.110866201
49.458922,51359,51.354,2307,4257.885906,4.257885906,4750.939052,-0.103780146
49.515574,51409,51.404,2297,4215.850945,4.215850945,4750.939052,-0.112627862
49.558892,51459,51.454,2318,4304.670793,4.304670793,4750.939052,-0.093932642
49.608932,51509,51.504,2317,4300.393701,4.300393701,4750.939052,-0.094832905
49.659571,51559,51.554,2339,4395.615034,4.395615034,4750.939052,-0.074790271
49.708878,51609,51.604,2358,4479.792746,4.479792746,4750.939052,-0.05707215
49.758876,51659,51.654,2350,4444.126074,4.444126074,4750.939052,-0.064579439
49.81001,51709,51.704,2345,4422.0,4.422,4750.939052,-0.069236639
49.858878,51759,51.754,2341,4404.389966,4.404389966,4750.939052,-0.072943282
49.908898,51809,51.804,2338,4391.23506,4.39123506,4750.939052,-0.075712188
49.958872,51859,51.854,2332,4365.059558,4.365059558,4750.939052,-0.081221731
50.008921,51909,51.904,2333,4369.409762,4.369409762,4750.939052,-0.08030608
50.058885,51959,51.954,2330,4356.373938,4.356373938,4750.939052,-0.083049921
50.108911,52009,52.004,2324,4330.434783,4.330434783,4750.939052,-0.088509717
50.16741,52059,52.054,2334,4373.764906,4.373764906,4750.939052,-0.079389388
50.208825,52109,52.104,2335,4378.125,4.378125,4750.939052,-0.078471655
50.258905,52159,52.154,2327,4343.382353,4.343382353,4750.939052,-0.085784451
50.3097,52209,52.204,2329,4352.038505,4.352038505,4750.939052,-0.083962464
50.358828,52259,52.254,2349,4439.690722,4.439690722,4750.939052,-0.065513013
50.408909,52309,52.304,2361,4493.252595,4.493252595,4750.939052,-0.054239058
50.458902,52359,52.354,2343,4413.184932,4.413184932,4750.939052,-0.071092076
50.508861,52409,52.404,2315,4291.853933,4.291853933,4750.939052,-0.096630396
50.558908,52459,52.454,2313,4283.333333,4.283333333,4750.939052,-0.098423851
50.618986,52509,52.504,2305,4249.441341,4.249441341,4750.939052,-0.105557597
50.658866,52559,52.554,2314,4287.591241,4.287591241,4750.939052,-0.097527627
50.708864,52609,52.604,2332,4365.059558,4.365059558,4750.939052,-0.081221731
50.759673,52659,52.654,2307,4257.885906,4.257885906,4750.939052,-0.103780146
50.808851,52709,52.704,2344,4417.589949,4.417589949,4750.939052,-0.070164887
50.858843,52759,52.754,2330,4356.373938,4.356373938,4750.939052,-0.083049921
50.90889,52809,52.804,2347,4430.83524,4.43083524,4750.939052,-0.067376956
50.958832,52859,52.854,2346,4426.415094,4.426415094,4750.939052,-0.068307329
51.009324,52909,52.904,2349,4439.690722,4.439690722,4750.939052,-0.065513013
51.058904,52959,52.954,2333,4369.409762,4.369409762,4750.939052,-0.08030608
51.116321,53009,53.004,2344,4417.589949,4.417589949,4750.939052,-0.070164887
51.158873,53059,53.054,2325,4334.745763,4.334745763,4750.939052,-0.087602321
51.208875,53109,53.104,2321,4317.531003,4.317531003,4750.939052,-0.091225765
51.260077,53159,53.154,2327,4343.382353,4.343382353,4750.939052,-0.085784451
51.308846,53209,53.204,2329,4352.038505,4.352038505,4750.939052,-0.083962464
51.358842,53259,53.254,2328,4347.70798,4.34770798,4750.939052,-0.084873973
51.409983,53309,53.304,2331,4360.714286,4.360714286,4750.939052,-0.082136344
51.458815,53359,53.354,2318,4304.670793,4.304670793,4750.939052,-0.093932642
51.508837,53409,53.404,2345,4422.0,4.422,4750.939052,-0.069236639
51.558892,53459,53.454,2354,4461.918438,4.461918438,4750.939052,-0.060834418
51.608829,53509,53.504,2355,4466.37931,4.46637931,4750.939052,-0.059895473
51.658857,53559,53.554,2341,4404.389966,4.404389966,4750.939052,-0.072943282
51.711603,53609,53.604,2328,4347.70798,4.34770798,4750.939052,-0.084873973
51.758852,53659,53.654,2326,4339.061617,4.339061617,4750.939052,-0.0866939
51.808863,53709,53.704,2301,4232.608696,4.232608696,4750.939052,-0.109100612
51.867561,53759,53.754,2321,4317.531003,4.317531003,4750.939052,-0.091225765
51.9089,53809,53.804,2315,4291.853933,4.291853933,4750.939052,-0.096630396
51.95878,53859,53.854,2302,4236.809816,4.236809816,4750.939052,-0.10821634
52.008831,53909,53.904,2333,4369.409762,4.369409762,4750.939052,-0.08030608
52.058871,53959,53.954,2335,4378.125,4.378125,4750.939052,-0.078471655
52.108853,54009,54.004,2337,4386.860068,4.386860068,4750.939052,-0.076633057
52.158876,54059,54.054,2338,4391.23506,4.39123506,4750.939052,-0.075712188
52.208921,54109,54.104,2341,4404.389966,4.404389966,4750.939052,-0.072943282
52.268996,54159,54.154,2341,4404.389966,4.404389966,4750.939052,-0.072943282
52.308877,54209,54.204,2331,4360.714286,4.360714286,4750.939052,-0.082136344
52.35887,54259,54.254,2316,4296.121417,4.296121417,4750.939052,-0.095732155
52.40994,54309,54.304,2329,4352.038505,4.352038505,4750.939052,-0.083962464
52.458844,54359,54.354,2320,4313.239437,4.313239437,4750.939052,-0.092129074
52.508848,54409,54.404,2332,4365.059558,4.365059558,4750.939052,-0.081221731
52.560856,54459,54.454,2346,4426.415094,4.426415094,4750.939052,-0.068307329
52.608871,54509,54.504,2350,4444.126074,4.444126074,4750.939052,-0.064579439
52.658866,54559,54.554,2320,4313.239437,4.313239437,4750.939052,-0.092129074
52.708819,54609,54.604,2312,4279.080202,4.279080202,4750.939052,-0.09931907
52.758867,54659,54.654,2338,4391.23506,4.39123506,4750.939052,-0.075712188
52.816105,54709,54.704,2355,4466.37931,4.46637931,4750.939052,-0.059895473
52.858831,54759,54.754,2351,4448.566514,4.448566514,4750.939052,-0.063644794
52.908839,54809,54.804,2330,4356.373938,4.356373938,4750.939052,-0.083049921
52.960046,54859,54.854,2344,4417.589949,4.417589949,4750.939052,-0.070164887
53.008858,54909,54.904,2305,4249.441341,4.249441341,4750.939052,-0.105557597
53.059377,54959,54.954,2305,4249.441341,4.249441341,4750.939052,-0.105557597
53.108841,55009,55.004,2309,4266.349384,4.266349384,4750.939052,-0.101998713
53.1589,55059,55.054,2303,4241.015625,4.241015625,4750.939052,-0.107331082
53.208899,55109,55.104,2322,4321.827411,4.321827411,4750.939052,-0.090321437
53.258835,55159,55.154,2330,4356.373938,4.356373938,4750.939052,-0.083049921
53.308894,55209,55.204,2335,4378.125,4.378125,4750.939052,-0.078471655
53.367122,55259,55.254,2323,4326.128668,4.326128668,4750.939052,-0.089416088
53.408864,55309,55.304,2342,4408.78494,4.40878494,4750.939052,-0.072018207
53.458877,55359,55.354,2334,4373.764906,4.373764906,4750.939052,-0.079389388
53.511038,55409,55.404,2339,4395.615034,4.395615034,4750.939052,-0.074790271
53.558853,55459,55.454,2331,4360.714286,4.360714286,4750.939052,-0.082136344
53.608841,55509,55.504,2324,4330.434783,4.330434783,4750.939052,-0.088509717
53.660403,55559,55.554,2324,4330.434783,4.330434783,4750.939052,-0.088509717
53.708839,55609,55.604,2323,4326.128668,4.326128668,4750.939052,-0.089416088
53.75887,55659,55.654,2302,4236.809816,4.236809816,4750.939052,-0.10821634
53.808881,55709,55.704,2343,4413.184932,4.413184932,4750.939052,-0.071092076
53.858829,55759,55.754,2332,4365.059558,4.365059558,4750.939052,-0.081221731
53.908845,55809,55.804,2333,4369.409762,4.369409762,4750.939052,-0.08030608
53.968729,55859,55.854,2345,4422.0,4.422,4750.939052,-0.069236639
54.008779,55909,55.904,2355,4466.37931,4.46637931,4750.939052,-0.059895473
54.058869,55959,55.954,2353,4457.462687,4.457462687,4750.939052,-0.061772286
54.110095,56009,56.004,2339,4395.615034,4.395615034,4750.939052,-0.074790271
54.158866,56059,56.054,2340,4400.0,4.4,4750.939052,-0.073867303
54.208878,56109,56.104,2314,4287.591241,4.287591241,4750.939052,-0.097527627
54.26053,56159,56.154,2294,4203.331483,4.203331483,4750.939052,-0.115263017
54.308842,56209,56.204,2294,4203.331483,4.203331483,4750.939052,-0.115263017
54.358825,56259,56.254,2315,4291.853933,4.291853933,4750.939052,-0.096630396
54.408895,56309,56.304,2319,4308.952703,4.308952703,4750.939052,-0.093031366
54.458818,56359,56.354,2321,4317.531003,4.317531003,4750.939052,-0.091225765
54.508814,56409,56.404,2321,4317.531003,4.317531003,4750.939052,-0.091225765
54.569716,56459,56.454,2326,4339.061617,4.339061617,4750.939052,-0.0866939
54.608836,56509,56.504,2346,4426.415094,4.426415094,4750.939052,-0.068307329
54.660061,56559,56.554,2340,4400.0,4.4,4750.939052,-0.073867303
54.708806,56609,56.604,2338,4391.23506,4.39123506,4750.939052,-0.075712188
54.75881,56659,56.654,2332,4365.059558,4.365059558,4750.939052,-0.081221731
54.809865,56709,56.704,2333,4369.409762,4.369409762,4750.939052,-0.08030608
54.858812,56759,56.754,2338,4391.23506,4.39123506,4750.939052,-0.075712188
54.909589,56809,56.804,2336,4382.490051,4.382490051,4750.939052,-0.077552879
54.95884,56859,56.854,2328,4347.70798,4.34770798,4750.939052,-0.084873973
55.008864,56909,56.904,2338,4391.23506,4.39123506,4750.939052,-0.075712188
55.058826,56959,56.954,2336,4382.490051,4.382490051,4750.939052,-0.077552879
55.108877,57009,57.004,2322,4321.827411,4.321827411,4750.939052,-0.090321437
55.167968,57059,57.054,2336,4382.490051,4.382490051,4750.939052,-0.077552879
55.208856,57109,57.104,2355,4466.37931,4.46637931,4750.939052,-0.059895473
55.258865,57159,57.154,2347,4430.83524,4.43083524,4750.939052,-0.067376956
55.310328,57209,57.204,2323,4326.128668,4.326128668,4750.939052,-0.089416088
55.358842,57259,57.254,2325,4334.745763,4.334745763,4750.939052,-0.087602321
55.408873,57309,57.304,2317,4300.393701,4.300393701,4750.939052,-0.094832905
55.458858,57359,57.354,2306,4253.661263,4.253661263,4750.939052,-0.104669368
55.50883,57409,57.404,2302,4236.809816,4.236809816,4750.939052,-0.10821634
55.558905,57459,57.454,2302,4236.809816,4.236809816,4750.939052,-0.10821634
55.618357,57509,57.504,2312,4279.080202,4.279080202,4750.939052,-0.09931907
55.658822,57559,57.554,2319,4308.952703,4.308952703,4750.939052,-0.093031366
55.708822,57609,57.604,2323,4326.128668,4.326128668,4750.939052,-0.089416088
55.761096,57659,57.654,2327,4343.382353,4.343382353,4750.939052,-0.085784451
55.80884,57709,57.704,2345,4422.0,4.422,4750.939052,-0.069236639
55.859662,57759,57.754,2331,4360.714286,4.360714286,4750.939052,-0.082136344
55.908822,57809,57.804,2320,4313.239437,4.313239437,4750.939052,-0.092129074
55.958835,57859,57.854,2327,4343.382353,4.343382353,4750.939052,-0.085784451
56.008838,57909,57.904,2321,4317.531003,4.317531003,4750.939052,-0.091225765
56.058839,57959,57.954,2301,4232.608696,4.232608696,4750.939052,-0.109100612
56.108878,58009,58.004,2321,4317.531003,4.317531003,4750.939052,-0.091225765
56.169154,58059,58.054,2309,4266.349384,4.266349384,4750.939052,-0.101998713
56.20888,58109,58.104,2317,4300.393701,4.300393701,4750.939052,-0.094832905
56.258866,58159,58.154,2324,4330.434783,4.330434783,4750.939052,-0.088509717
56.31063,58209,58.204,2330,4356.373938,4.356373938,4750.939052,-0.083049921
56.358858,58259,58.254,2339,4395.615034,4.395615034,4750.939052,-0.074790271
56.408836,58309,58.304,2336,4382.490051,4.382490051,4750.939052,-0.077552879
56.460972,58359,58.354,2348,4435.260446,4.435260446,4750.939052,-0.066445518
56.508843,58409,58.404,2344,4417.589949,4.417589949,4750.939052,-0.070164887
56.558865,58459,58.454,2310,4270.588235,4.270588235,4750.939052,-0.1011065
56.608865,58509,58.504,2302,4236.809816,4.236809816,4750.939052,-0.10821634
56.667141,58559,58.554,2289,4182.55814,4.18255814,4750.939052,-0.119635488
56.708805,58609,58.604,2294,4203.331483,4.203331483,4750.939052,-0.115263017
56.758838,58659,58.654,2301,4232.608696,4.232608696,4750.939052,-0.109100612
56.811101,58709,58.704,2296,4211.673152,4.211673152,4750.939052,-0.113507223
56.858838,58759,58.754,2307,4257.885906,4.257885906,4750.939052,-0.103780146
56.908857,58809,58.804,2330,4356.373938,4.356373938,4750.939052,-0.083049921
56.958848,58859,58.854,2330,4356.373938,4.356373938,4750.939052,-0.083049921
57.008851,58909,58.904,2325,4334.745763,4.334745763,4750.939052,-0.087602321
57.068061,58959,58.954,2316,4296.121417,4.296121417,4750.939052,-0.095732155
57.108863,59009,59.004,2342,4408.78494,4.40878494,4750.939052,-0.072018207
57.158844,59059,59.054,2307,4257.885906,4.257885906,4750.939052,-0.103780146
57.208902,59109,59.104,2312,4279.080202,4.279080202,4750.939052,-0.09931907
57.258856,59159,59.154,2315,4291.853933,4.291853933,4750.939052,-0.096630396
57.316986,59209,59.204,2310,4270.588235,4.270588235,4750.939052,-0.1011065
57.358805,59259,59.254,2317,4300.393701,4.300393701,4750.939052,-0.094832905
57.408865,59309,59.304,2318,4304.670793,4.304670793,4750.939052,-0.093932642
57.461476,59359,59.354,2311,4274.831839,4.274831839,4750.939052,-0.100213286
57.50891,59409,59.404,2316,4296.121417,4.296121417,4750.939052,-0.095732155
57.560808,59459,59.454,2327,4343.382353,4.343382353,4750.939052,-0.085784451
57.608859,59509,59.504,2333,4369.409762,4.369409762,4750.939052,-0.08030608
57.658827,59559,59.554,2348,4435.260446,4.435260446,4750.939052,-0.066445518
57.708785,59609,59.604,2351,4448.566514,4.448566514,4750.939052,-0.063644794
57.758838,59659,59.654,2323,4326.128668,4.326128668,4750.939052,-0.089416088
57.818034,59709,59.704,2319,4308.952703,4.308952703,4750.939052,-0.093031366
57.858792,59759,59.754,2313,4283.333333,4.283333333,4750.939052,-0.098423851
57.908821,59809,59.804,2298,4220.033389,4.220033389,4750.939052,-0.111747521
57.961615,59859,59.854,2293,4199.167592,4.199167592,4750.939052,-0.116139453
58.008858,59909,59.904,2304,4245.226131,4.245226131,4750.939052,-0.106444835
58.060841,59959,59.954,2311,4274.831839,4.274831839,4750.939052,-0.100213286
58.10879,60009,60.004,2320,4313.239437,4.313239437,4750.939052,-0.092129074
58.158805,60059,60.054,2320,4313.239437,4.313239437,4750.939052,-0.092129074
58.212242,60109,60.104,2316,4296.121417,4.296121417,4750.939052,-0.095732155
58.258826,60159,60.154,2332,4365.059558,4.365059558,4750.939052,-0.081221731
58.308826,60209,60.204,2334,4373.764906,4.373764906,4750.939052,-0.079389388
58.358867,60259,60.254,2329,4352.038505,4.352038505,4750.939052,-0.083962464
58.418425,60309,60.304,2319,4308.952703,4.308952703,4750.939052,-0.093031366
58.458798,60359,60.354,2319,4308.952703,4.308952703,4750.939052,-0.093031366
58.508812,60409,60.404,2306,4253.661263,4.253661263,4750.939052,-0.104669368
58.562012,60459,60.454,2321,4317.531003,4.317531003,4750.939052,-0.091225765
58.608841,60509,60.504,2304,4245.226131,4.245226131,4750.939052,-0.106444835
58.661315,60559,60.554,2313,4283.333333,4.283333333,4750.939052,-0.098423851
58.708819,60609,60.604,2323,4326.128668,4.326128668,4750.939052,-0.089416088
58.758813,60659,60.654,2329,4352.038505,4.352038505,4750.939052,-0.083962464
58.808854,60709,60.704,2322,4321.827411,4.321827411,4750.939052,-0.090321437
58.858813,60759,60.754,2334,4373.764906,4.373764906,4750.939052,-0.079389388
58.918558,60809,60.804,2355,4466.37931,4.46637931,4750.939052,-0.059895473
58.958825,60859,60.854,2327,4343.382353,4.343382353,4750.939052,-0.085784451
59.012865,60909,60.904,2313,4283.333333,4.283333333,4750.939052,-0.098423851
59.058854,60959,60.954,2309,4266.349384,4.266349384,4750.939052,-0.101998713
59.108844,61009,61.004,2309,4266.349384,4.266349384,4750.939052,-0.101998713
59.162751,61059,61.054,2320,4313.239437,4.313239437,4750.939052,-0.092129074
59.208831,61109,61.104,2306,4253.661263,4.253661263,4750.939052,-0.104669368
59.258811,61159,61.154,2321,4317.531003,4.317531003,4750.939052,-0.091225765
59.31219,61209,61.204,2323,4326.128668,4.326128668,4750.939052,-0.089416088
59.358809,61259,61.254,2324,4330.434783,4.330434783,4750.939052,-0.088509717
59.408819,61309,61.304,2316,4296.121417,4.296121417,4750.939052,-0.095732155
59.458829,61359,61.354,2323,4326.128668,4.326128668,4750.939052,-0.089416088
59.508796,61409,61.404,2343,4413.184932,4.413184932,4750.939052,-0.071092076
59.558784,61459,61.454,2330,4356.373938,4.356373938,4750.939052,-0.083049921
59.621592,61509,61.504,2320,4313.239437,4.313239437,4750.939052,-0.092129074
59.658904,61559,61.554,2321,4317.531003,4.317531003,4750.939052,-0.091225765
59.753428,61609,61.604,2305,4249.441341,4.249441341,4750.939052,-0.105557597
59.758787,61659,61.654,2314,4287.591241,4.287591241,4750.939052,-0.097527627
59.808809,61709,61.704,2328,4347.70798,4.34770798,4750.939052,-0.084873973
59.874583,61759,61.754,2312,4279.080202,4.279080202,4750.939052,-0.09931907
59.908757,61809,61.804,2318,4304.670793,4.304670793,4750.939052,-0.093932642
59.958828,61859,61.854,2315,4291.853933,4.291853933,4750.939052,-0.096630396
60.008792,61909,61.904,2339,4395.615034,4.395615034,4750.939052,-0.074790271
60.058813,61959,61.954,2329,4352.038505,4.352038505,4750.939052,-0.083962464
60.108816,62009,62.004,2357,4475.316456,4.475316456,4750.939052,-0.058014341
60.1714,62059,62.054,2326,4339.061617,4.339061617,4750.939052,-0.0866939
60.208799,62109,62.104,2315,4291.853933,4.291853933,4750.939052,-0.096630396
60.258798,62159,62.154,2318,4304.670793,4.304670793,4750.939052,-0.093932642
60.313,62209,62.204,2299,4224.22049,4.22422049,4750.939052,-0.110866201
60.358814,62259,62.254,2299,4224.22049,4.22422049,4750.939052,-0.110866201
60.411832,62309,62.304,2296,4211.673152,4.211673152,4750.939052,-0.113507223
60.458784,62359,62.354,2303,4241.015625,4.241015625,4750.939052,-0.107331082
60.508801,62409,62.404,2318,4304.670793,4.304670793,4750.939052,-0.093932642
60.558831,62459,62.454,2314,4287.591241,4.287591241,4750.939052,-0.097527627
60.608809,62509,62.504,2318,4304.670793,4.304670793,4750.939052,-0.093932642
60.65882,62559,62.554,2325,4334.745763,4.334745763,4750.939052,-0.087602321
60.720752,62609,62.604,2338,4391.23506,4.39123506,4750.939052,-0.075712188
60.758805,62659,62.654,2328,4347.70798,4.34770798,4750.939052,-0.084873973
60.808802,62709,62.704,2313,4283.333333,4.283333333,4750.939052,-0.098423851
60.862429,62759,62.754,2314,4287.591241,4.287591241,4750.939052,-0.097527627
60.908774,62809,62.804,2308,4262.115277,4.262115277,4750.939052,-0.102889928
60.958834,62859,62.854,2315,4291.853933,4.291853933,4750.939052,-0.096630396
61.008785,62909,62.904,2317,4300.393701,4.300393701,4750.939052,-0.094832905
61.058797,62959,62.954,2310,4270.588235,4.270588235,4750.939052,-0.1011065
61.108786,63009,63.004,2325,4334.745763,4.334745763,4750.939052,-0.087602321
61.171594,63059,63.054,2323,4326.128668,4.326128668,4750.939052,-0.089416088
61.208769,63109,63.104,2337,4386.860068,4.386860068,4750.939052,-0.076633057
61.25879,63159,63.154,2340,4400.0,4.4,4750.939052,-0.073867303
61.30884,63209,63.204,2353,4457.462687,4.457462687,4750.939052,-0.061772286
61.358821,63259,63.254,2340,4400.0,4.4,4750.939052,-0.073867303
61.419792,63309,63.304,2326,4339.061617,4.339061617,4750.939052,-0.0866939
61.458764,63359,63.354,2312,4279.080202,4.279080202,4750.939052,-0.09931907
61.508806,63409,63.404,2296,4211.673152,4.211673152,4750.939052,-0.113507223
61.558782,63459,63.454,2307,4257.885906,4.257885906,4750.939052,-0.103780146
61.608796,63509,63.504,2311,4274.831839,4.274831839,4750.939052,-0.100213286
61.658817,63559,63.554,2318,4304.670793,4.304670793,4750.939052,-0.093932642
61.721608,63609,63.604,2305,4249.441341,4.249441341,4750.939052,-0.105557597
61.758803,63659,63.654,2307,4257.885906,4.257885906,4750.939052,-0.103780146
61.808786,63709,63.704,2321,4317.531003,4.317531003,4750.939052,-0.091225765
61.863412,63759,63.754,2309,4266.349384,4.266349384,4750.939052,-0.101998713
61.908827,63809,63.804,2333,4369.409762,4.369409762,4750.939052,-0.08030608
61.962449,63859,63.854,2328,4347.70798,4.34770798,4750.939052,-0.084873973
62.008802,63909,63.904,2317,4300.393701,4.300393701,4750.939052,-0.094832905
62.058823,63959,63.954,2319,4308.952703,4.308952703,4750.939052,-0.093031366
62.108849,64009,64.004,2306,4253.661263,4.253661263,4750.939052,-0.104669368
62.15885,64059,64.054,2311,4274.831839,4.274831839,4750.939052,-0.100213286
62.226471,64109,64.104,2322,4321.827411,4.321827411,4750.939052,-0.090321437
62.258823,64159,64.154,2305,4249.441341,4.249441341,4750.939052,-0.105557597
62.30881,64209,64.204,2319,4308.952703,4.308952703,4750.939052,-0.093031366
62.363595,64259,64.254,2324,4330.434783,4.330434783,4750.939052,-0.088509717
62.408818,64309,64.304,2317,4300.393701,4.300393701,4750.939052,-0.094832905
62.46191,64359,64.354,2338,4391.23506,4.39123506,4750.939052,-0.075712188
62.508829,64409,64.404,2342,4408.78494,4.40878494,4750.939052,-0.072018207
62.562841,64459,64.454,2340,4400.0,4.4,4750.939052,-0.073867303
62.608766,64509,64.504,2324,4330.434783,4.330434783,4750.939052,-0.088509717
62.658809,64559,64.554,2312,4279.080202,4.279080202,4750.939052,-0.09931907
62.708746,64609,64.604,2305,4249.441341,4.249441341,4750.939052,-0.105557597
62.758783,64659,64.654,2300,4228.412256,4.228412256,4750.939052,-0.109983898
62.808823,64709,64.704,2310,4270.588235,4.270588235,4750.939052,-0.1011065
62.870443,64759,64.754,2298,4220.033389,4.220033389,4750.939052,-0.111747521
62.90879,64809,64.804,2308,4262.115277,4.262115277,4750.939052,-0.102889928
62.958764,64859,64.854,2315,4291.853933,4.291853933,4750.939052,-0.096630396
63.01512,64909,64.904,2319,4308.952703,4.308952703,4750.939052,-0.093031366
63.058813,64959,64.954,2316,4296.121417,4.296121417,4750.939052,-0.095732155
63.108808,65009,65.004,2315,4291.853933,4.291853933,4750.939052,-0.096630396
63.15877,65059,65.054,2331,4360.714286,4.360714286,4750.939052,-0.082136344
63.208813,65109,65.104,2320,4313.239437,4.313239437,4750.939052,-0.092129074
63.27087,65159,65.154,2318,4304.670793,4.304670793,4750.939052,-0.093932642
63.308806,65209,65.204,2299,4224.22049,4.22422049,4750.939052,-0.110866201
63.358773,65259,65.254,2316,4296.121417,4.296121417,4750.939052,-0.095732155
63.41292,65309,65.304,2304,4245.226131,4.245226131,4750.939052,-0.106444835
63.458748,65359,65.354,2314,4287.591241,4.287591241,4750.939052,-0.097527627
63.508805,65409,65.404,2311,4274.831839,4.274831839,4750.939052,-0.100213286
63.564062,65459,65.454,2327,4343.382353,4.343382353,4750.939052,-0.085784451
63.608757,65509,65.504,2330,4356.373938,4.356373938,4750.939052,-0.083049921
63.658776,65559,65.554,2335,4378.125,4.378125,4750.939052,-0.078471655
63.708845,65609,65.604,2346,4426.415094,4.426415094,4750.939052,-0.068307329
63.758773,65659,65.654,2347,4430.83524,4.43083524,4750.939052,-0.067376956
63.808744,65709,65.704,2321,4317.531003,4.317531003,4750.939052,-0.091225765
63.872338,65759,65.754,2295,4207.5,4.2075,4750.939052,-0.114385608
63.908757,65809,65.804,2308,4262.115277,4.262115277,4750.939052,-0.102889928
63.963272,65859,65.854,2303,4241.015625,4.241015625,4750.939052,-0.107331082
64.008777,65909,65.904,2280,4145.454545,4.145454545,4750.939052,-0.127445227
64.064072,65959,65.954,2301,4232.608696,4.232608696,4750.939052,-0.109100612
64.108752,66009,66.004,2300,4228.412256,4.228412256,4750.939052,-0.109983898
64.158755,66059,66.054,2315,4291.853933,4.291853933,4750.939052,-0.096630396
64.215011,66109,66.104,2318,4304.670793,4.304670793,4750.939052,-0.093932642
64.258756,66159,66.154,2321,4317.531003,4.317531003,4750.939052,-0.091225765
64.308789,66209,66.204,2329,4352.038505,4.352038505,4750.939052,-0.083962464
64.358777,66259,66.254,2346,4426.415094,4.426415094,4750.939052,-0.068307329
64.420256,66309,66.304,2349,4439.690722,4.439690722,4750.939052,-0.065513013
64.458753,66359,66.354,2322,4321.827411,4.321827411,4750.939052,-0.090321437
64.508772,66409,66.404,2321,4317.531003,4.317531003,4750.939052,-0.091225765
64.563641,66459,66.454,2319,4308.952703,4.308952703,4750.939052,-0.093031366
64.608771,66509,66.504,2313,4283.333333,4.283333333,4750.939052,-0.098423851
64.658784,66559,66.554,2315,4291.853933,4.291853933,4750.939052,-0.096630396
64.714742,66609,66.604,2285,4166.022099,4.166022099,4750.939052,-0.123116072
64.758771,66659,66.654,2305,4249.441341,4.249441341,4750.939052,-0.105557597
64.80878,66709,66.704,2315,4291.853933,4.291853933,4750.939052,-0.096630396
64.858826,66759,66.754,2329,4352.038505,4.352038505,4750.939052,-0.083962464
64.908769,66809,66.804,2341,4404.389966,4.404389966,4750.939052,-0.072943282
64.95873,66859,66.854,2353,4457.462687,4.457462687,4750.939052,-0.061772286
65.023021,66909,66.904,2350,4444.126074,4.444126074,4750.939052,-0.064579439
65.058767,66959,66.954,2314,4287.591241,4.287591241,4750.939052,-0.097527627
65.108772,67009,67.004,2304,4245.226131,4.245226131,4750.939052,-0.106444835
65.163899,67059,67.054,2310,4270.588235,4.270588235,4750.939052,-0.1011065
65.208778,67109,67.104,2286,4170.149254,4.170149254,4750.939052,-0.122247369
65.263137,67159,67.154,2305,4249.441341,4.249441341,4750.939052,-0.105557597
65.308795,67209,67.204,2308,4262.115277,4.262115277,4750.939052,-0.102889928
65.362983,67259,67.254,2311,4274.831839,4.274831839,4750.939052,-0.100213286
65.408756,67309,67.304,2310,4270.588235,4.270588235,4750.939052,-0.1011065
65.4588,67359,67.354,2336,4382.490051,4.382490051,4750.939052,-0.077552879
65.50879,67409,67.404,2321,4317.531003,4.317531003,4750.939052,-0.091225765
65.558802,67459,67.454,2320,4313.239437,4.313239437,4750.939052,-0.092129074
65.621048,67509,67.504,2329,4352.038505,4.352038505,4750.939052,-0.083962464
65.658771,67559,67.554,2321,4317.531003,4.317531003,4750.939052,-0.091225765
65.708782,67609,67.604,2319,4308.952703,4.308952703,4750.939052,-0.093031366
65.764405,67659,67.654,2315,4291.853933,4.291853933,4750.939052,-0.096630396
65.808759,67709,67.704,2299,4224.22049,4.22422049,4750.939052,-0.110866201
65.858755,67759,67.754,2323,4326.128668,4.326128668,4750.939052,-0.089416088
65.915182,67809,67.804,2299,4224.22049,4.22422049,4750.939052,-0.110866201
65.958739,67859,67.854,2298,4220.033389,4.220033389,4750.939052,-0.111747521
66.008799,67909,67.904,2301,4232.608696,4.232608696,4750.939052,-0.109100612
66.058762,67959,67.954,2343,4413.184932,4.413184932,4750.939052,-0.071092076
66.108741,68009,68.004,2340,4400.0,4.4,4750.939052,-0.073867303
66.172581,68059,68.054,2362,4497.749567,4.497749567,4750.939052,-0.053292514
66.20876,68109,68.104,2339,4395.615034,4.395615034,4750.939052,-0.074790271
66.264362,68159,68.154,2309,4266.349384,4.266349384,4750.939052,-0.101998713
66.308735,68209,68.204,2320,4313.239437,4.313239437,4750.939052,-0.092129074
66.358785,68259,68.254,2318,4304.670793,4.304670793,4750.939052,-0.093932642
66.408784,68309,68.304,2299,4224.22049,4.22422049,4750.939052,-0.110866201
66.458763,68359,68.354,2291,4190.853659,4.190853659,4750.939052,-0.117889408
66.508731,68409,68.404,2296,4211.673152,4.211673152,4750.939052,-0.113507223
66.565898,68459,68.454,2313,4283.333333,4.283333333,4750.939052,-0.098423851
66.608758,68509,68.504,2324,4330.434783,4.330434783,4750.939052,-0.088509717
66.67303,68559,68.554,2314,4287.591241,4.287591241,4750.939052,-0.097527627
66.708749,68609,68.604,2335,4378.125,4.378125,4750.939052,-0.078471655
66.758739,68659,68.654,2320,4313.239437,4.313239437,4750.939052,-0.092129074
66.814178,68709,68.704,2326,4339.061617,4.339061617,4750.939052,-0.0866939
66.858759,68759,68.754,2330,4356.373938,4.356373938,4750.939052,-0.083049921
66.914633,68809,68.804,2318,4304.670793,4.304670793,4750.939052,-0.093932642
66.9588,68859,68.854,2323,4326.128668,4.326128668,4750.939052,-0.089416088
67.016039,68909,68.904,2306,4253.661263,4.253661263,4750.939052,-0.104669368
67.058787,68959,68.954,2313,4283.333333,4.283333333,4750.939052,-0.098423851
67.108727,69009,69.004,2305,4249.441341,4.249441341,4750.939052,-0.105557597
67.158764,69059,69.054,2318,4304.670793,4.304670793,4750.939052,-0.093932642
67.208753,69109,69.104,2319,4308.952703,4.308952703,4750.939052,-0.093031366
67.264371,69159,69.154,2307,4257.885906,4.257885906,4750.939052,-0.103780146
67.308799,69209,69.204,2344,4417.589949,4.417589949,4750.939052,-0.070164887
67.370713,69259,69.254,2341,4404.389966,4.404389966,4750.939052,-0.072943282
67.408742,69309,69.304,2342,4408.78494,4.40878494,4750.939052,-0.072018207
67.458715,69359,69.354,2322,4321.827411,4.321827411,4750.939052,-0.090321437
67.516684,69409,69.404,2323,4326.128668,4.326128668,4750.939052,-0.089416088
67.558755,69459,69.454,2291,4190.853659,4.190853659,4750.939052,-0.117889408
67.614649,69509,69.504,2306,4253.661263,4.253661263,4750.939052,-0.104669368
67.658784,69559,69.554,2275,4125.0,4.125,4750.939052,-0.131750596
67.708704,69609,69.604,2330,4356.373938,4.356373938,4750.939052,-0.083049921
67.758754,69659,69.654,2305,4249.441341,4.249441341,4750.939052,-0.105557597
67.808792,69709,69.704,2314,4287.591241,4.287591241,4750.939052,-0.097527627
67.872287,69759,69.754,2315,4291.853933,4.291853933,4750.939052,-0.096630396
67.908774,69809,69.804,2320,4313.239437,4.313239437,4750.939052,-0.092129074
67.958738,69859,69.854,2317,4300.393701,4.300393701,4750.939052,-0.094832905
68.015584,69909,69.904,2327,4343.382353,4.343382353,4750.939052,-0.085784451
68.058758,69959,69.954,2329,4352.038505,4.352038505,4750.939052,-0.083962464
68.108731,70009,70.004,2305,4249.441341,4.249441341,4750.939052,-0.105557597
68.165912,70059,70.054,2305,4249.441341,4.249441341,4750.939052,-0.105557597
68.208734,70109,70.104,2289,4182.55814,4.18255814,4750.939052,-0.119635488
68.258763,70159,70.154,2320,4313.239437,4.313239437,4750.939052,-0.092129074
68.308808,70209,70.204,2310,4270.588235,4.270588235,4750.939052,-0.1011065
68.372115,70259,70.254,2304,4245.226131,4.245226131,4750.939052,-0.106444835
68.408741,70309,70.304,2295,4207.5,4.2075,4750.939052,-0.114385608
68.458771,70359,70.354,2304,4245.226131,4.245226131,4750.939052,-0.106444835
68.516588,70409,70.404,2324,4330.434783,4.330434783,4750.939052,-0.088509717
68.558761,70459,70.454,2345,4422.0,4.422,4750.939052,-0.069236639
68.608728,70509,70.504,2361,4493.252595,4.493252595,4750.939052,-0.054239058
68.666664,70559,70.554,2320,4313.239437,4.313239437,4750.939052,-0.092129074
68.708762,70609,70.604,2309,4266.349384,4.266349384,4750.939052,-0.101998713
68.758803,70659,70.654,2309,4266.349384,4.266349384,4750.939052,-0.101998713
68.808739,70709,70.704,2296,4211.673152,4.211673152,4750.939052,-0.113507223
68.858756,70759,70.754,2285,4166.022099,4.166022099,4750.939052,-0.123116072
68.924612,70809,70.804,2295,4207.5,4.2075,4750.939052,-0.114385608
68.958761,70859,70.854,2290,4186.703601,4.186703601,4750.939052,-0.118762932
69.016503,70909,70.904,2294,4203.331483,4.203331483,4750.939052,-0.115263017
69.058735,70959,70.954,2315,4291.853933,4.291853933,4750.939052,-0.096630396
69.108739,71009,71.004,2317,4300.393701,4.300393701,4750.939052,-0.094832905
69.166253,71059,71.054,2314,4287.591241,4.287591241,4750.939052,-0.097527627
69.208716,71109,71.104,2319,4308.952703,4.308952703,4750.939052,-0.093031366
69.258745,71159,71.154,2309,4266.349384,4.266349384,4750.939052,-0.101998713
69.309181,71209,71.204,2296,4211.673152,4.211673152,4750.939052,-0.113507223
69.358755,71259,71.254,2300,4228.412256,4.228412256,4750.939052,-0.109983898
69.422147,71309,71.304,2292,4195.008319,4.195008319,4750.939052,-0.117014916
69.458708,71359,71.354,2297,4215.850945,4.215850945,4750.939052,-0.112627862
69.508748,71409,71.404,2297,4215.850945,4.215850945,4750.939052,-0.112627862
69.566175,71459,71.454,2292,4195.008319,4.195008319,4750.939052,-0.117014916
69.608736,71509,71.504,2288,4178.417266,4.178417266,4750.939052,-0.120507079
69.658741,71559,71.554,2295,4207.5,4.2075,4750.939052,-0.114385608
69.71694,71609,71.604,2320,4313.239437,4.313239437,4750.939052,-0.092129074
69.758747,71659,71.654,2341,4404.389966,4.404389966,4750.939052,-0.072943282
69.815644,71709,71.704,2386,4607.255705,4.607255705,4750.939052,-0.030243147
69.85874,71759,71.754,2322,4321.827411,4.321827411,4750.939052,-0.090321437
69.908778,71809,71.804,2309,4266.349384,4.266349384,4750.939052,-0.101998713
69.959921,71859,71.854,2302,4236.809816,4.236809816,4750.939052,-0.10821634
70.008773,71909,71.904,2305,4249.441341,4.249441341,4750.939052,-0.105557597
70.07449,71959,71.954,2293,4199.167592,4.199167592,4750.939052,-0.116139453
70.108714,72009,72.004,2269,4100.60241,4.10060241,4750.939052,-0.136885916
70.158715,72059,72.054,2288,4178.417266,4.178417266,4750.939052,-0.120507079
70.216553,72109,72.104,2317,4300.393701,4.300393701,4750.939052,-0.094832905
70.258698,72159,72.154,2319,4308.952703,4.308952703,4750.939052,-0.093031366
70.30874,72209,72.204,2314,4287.591241,4.287591241,4750.939052,-0.097527627
70.36625,72259,72.254,2317,4300.393701,4.300393701,4750.939052,-0.094832905
70.408753,72309,72.304,2316,4296.121417,4.296121417,4750.939052,-0.095732155
70.458745,72359,72.354,2312,4279.080202,4.279080202,4750.939052,-0.09931907
70.508732,72409,72.404,2321,4317.531003,4.317531003,4750.939052,-0.091225765
70.558747,72459,72.454,2307,4257.885906,4.257885906,4750.939052,-0.103780146
70.624656,72509,72.504,2287,4174.280973,4.174280973,4750.939052,-0.121377705
70.658733,72559,72.554,2305,4249.441341,4.249441341,4750.939052,-0.105557597
70.717268,72609,72.604,2280,4145.454545,4.145454545,4750.939052,-0.127445227
70.75866,72659,72.654,2289,4182.55814,4.18255814,4750.939052,-0.119635488
70.808745,72709,72.704,2288,4178.417266,4.178417266,4750.939052,-0.120507079
70.867033,72759,72.754,2296,4211.673152,4.211673152,4750.939052,-0.113507223
70.908794,72809,72.804,2311,4274.831839,4.274831839,4750.939052,-0.100213286
70.959248,72859,72.854,2335,4378.125,4.378125,4750.939052,-0.078471655
71.008728,72909,72.904,2329,4352.038505,4.352038505,4750.939052,-0.083962464
71.058782,72959,72.954,2323,4326.128668,4.326128668,4750.939052,-0.089416088
71.124975,73009,73.004,2313,4283.333333,4.283333333,4750.939052,-0.098423851
71.15868,73059,73.054,2308,4262.115277,4.262115277,4750.939052,-0.102889928
71.208724,73109,73.104,2296,4211.673152,4.211673152,4750.939052,-0.113507223
71.266828,73159,73.154,2299,4224.22049,4.22422049,4750.939052,-0.110866201
71.308699,73209,73.204,2295,4207.5,4.2075,4750.939052,-0.114385608
71.358725,73259,73.254,2298,4220.033389,4.220033389,4750.939052,-0.111747521
71.415946,73309,73.304,2282,4153.667954,4.153667954,4750.939052,-0.12571643
71.458765,73359,73.354,2314,4287.591241,4.287591241,4750.939052,-0.097527627
71.51019,73409,73.404,2309,4266.349384,4.266349384,4750.939052,-0.101998713
71.558725,73459,73.454,2309,4266.349384,4.266349384,4750.939052,-0.101998713
71.608699,73509,73.504,2310,4270.588235,4.270588235,4750.939052,-0.1011065
71.675158,73559,73.554,2314,4287.591241,4.287591241,4750.939052,-0.097527627
71.708756,73609,73.604,2306,4253.661263,4.253661263,4750.939052,-0.104669368
71.766686,73659,73.654,2294,4203.331483,4.203331483,4750.939052,-0.115263017
71.808734,73709,73.704,2304,4245.226131,4.245226131,4750.939052,-0.106444835
71.858718,73759,73.754,2295,4207.5,4.2075,4750.939052,-0.114385608
71.916896,73809,73.804,2293,4199.167592,4.199167592,4750.939052,-0.116139453
71.958744,73859,73.854,2291,4190.853659,4.190853659,4750.939052,-0.117889408
72.010803,73909,73.904,2293,4199.167592,4.199167592,4750.939052,-0.116139453
72.058755,73959,73.954,2296,4211.673152,4.211673152,4750.939052,-0.113507223
72.108747,74009,74.004,2311,4274.831839,4.274831839,4750.939052,-0.100213286
72.17576,74059,74.054,2315,4291.853933,4.291853933,4750.939052,-0.096630396
72.208759,74109,74.104,2353,4457.462687,4.457462687,4750.939052,-0.061772286
72.26712,74159,74.154,2335,4378.125,4.378125,4750.939052,-0.078471655
72.30867,74209,74.204,2321,4317.531003,4.317531003,4750.939052,-0.091225765
72.358713,74259,74.254,2326,4339.061617,4.339061617,4750.939052,-0.0866939
72.409545,74309,74.304,2295,4207.5,4.2075,4750.939052,-0.114385608
72.458711,74359,74.354,2312,4279.080202,4.279080202,4750.939052,-0.09931907
72.508739,74409,74.404,2292,4195.008319,4.195008319,4750.939052,-0.117014916
72.568422,74459,74.454,2303,4241.015625,4.241015625,4750.939052,-0.107331082
72.608737,74509,74.504,2296,4211.673152,4.211673152,4750.939052,-0.113507223
72.65867,74559,74.554,2313,4283.333333,4.283333333,4750.939052,-0.098423851
72.726266,74609,74.604,2312,4279.080202,4.279080202,4750.939052,-0.09931907
72.75877,74659,74.654,2307,4257.885906,4.257885906,4750.939052,-0.103780146
72.817762,74709,74.704,2324,4330.434783,4.330434783,4750.939052,-0.088509717
72.858713,74759,74.754,2302,4236.809816,4.236809816,4750.939052,-0.10821634
72.908685,74809,74.804,2304,4245.226131,4.245226131,4750.939052,-0.106444835
72.967544,74859,74.854,2299,4224.22049,4.22422049,4750.939052,-0.110866201
73.008723,74909,74.904,2305,4249.441341,4.249441341,4750.939052,-0.105557597
73.067331,74959,74.954,2297,4215.850945,4.215850945,4750.939052,-0.112627862
73.108721,75009,75.004,2298,4220.033389,4.220033389,4750.939052,-0.111747521
73.158747,75059,75.054,2302,4236.809816,4.236809816,4750.939052,-0.10821634
73.210214,75109,75.104,2290,4186.703601,4.186703601,4750.939052,-0.118762932
73.258673,75159,75.154,2292,4195.008319,4.195008319,4750.939052,-0.117014916
73.308701,75209,75.204,2302,4236.809816,4.236809816,4750.939052,-0.10821634
73.374695,75259,75.254,2327,4343.382353,4.343382353,4750.939052,-0.085784451
73.408714,75309,75.304,2345,4422.0,4.422,4750.939052,-0.069236639
73.466473,75359,75.354,2351,4448.566514,4.448566514,4750.939052,-0.063644794
73.508733,75409,75.404,2309,4266.349384,4.266349384,4750.939052,-0.101998713
73.567615,75459,75.454,2316,4296.121417,4.296121417,4750.939052,-0.095732155
73.608703,75509,75.504,2314,4287.591241,4.287591241,4750.939052,-0.097527627
73.65872,75559,75.554,2301,4232.608696,4.232608696,4750.939052,-0.109100612
73.710592,75609,75.604,2285,4166.022099,4.166022099,4750.939052,-0.123116072
73.758725,75659,75.654,2303,4241.015625,4.241015625,4750.939052,-0.107331082
73.824594,75709,75.704,2300,4228.412256,4.228412256,4750.939052,-0.109983898
73.858626,75759,75.754,2300,4228.412256,4.228412256,4750.939052,-0.109983898
73.908705,75809,75.804,2303,4241.015625,4.241015625,4750.939052,-0.107331082
73.967647,75859,75.854,2309,4266.349384,4.266349384,4750.939052,-0.101998713
74.008746,75909,75.904,2302,4236.809816,4.236809816,4750.939052,-0.10821634
74.068022,75959,75.954,2300,4228.412256,4.228412256,4750.939052,-0.109983898
74.108684,76009,76.004,2303,4241.015625,4.241015625,4750.939052,-0.107331082
74.15871,76059,76.054,2291,4190.853659,4.190853659,4750.939052,-0.117889408
74.218217,76109,76.104,2289,4182.55814,4.18255814,4750.939052,-0.119635488
74.258637,76159,76.154,2284,4161.899503,4.161899503,4750.939052,-0.123983815
74.308767,76209,76.204,2292,4195.008319,4.195008319,4750.939052,-0.117014916
74.360708,76259,76.254,2301,4232.608696,4.232608696,4750.939052,-0.109100612
74.408696,76309,76.304,2285,4166.022099,4.166022099,4750.939052,-0.123116072
74.458708,76359,76.354,2286,4170.149254,4.170149254,4750.939052,-0.122247369
74.526892,76409,76.404,2300,4228.412256,4.228412256,4750.939052,-0.109983898
74.558731,76459,76.454,2304,4245.226131,4.245226131,4750.939052,-0.106444835
74.617225,76509,76.504,2319,4308.952703,4.308952703,4750.939052,-0.093031366
74.658726,76559,76.554,2356,4470.845313,4.470845313,4750.939052,-0.058955448
74.708675,76609,76.604,2335,4378.125,4.378125,4750.939052,-0.078471655
74.767948,76659,76.654,2315,4291.853933,4.291853933,4750.939052,-0.096630396
74.808715,76709,76.704,2307,4257.885906,4.257885906,4750.939052,-0.103780146
74.85985,76759,76.754,2301,4232.608696,4.232608696,4750.939052,-0.109100612
74.908736,76809,76.804,2290,4186.703601,4.186703601,4750.939052,-0.118762932
74.975229,76859,76.854,2304,4245.226131,4.245226131,4750.939052,-0.106444835
75.008747,76909,76.904,2299,4224.22049,4.22422049,4750.939052,-0.110866201
75.06827,76959,76.954,2301,4232.608696,4.232608696,4750.939052,-0.109100612
75.108684,77009,77.004,2306,4253.661263,4.253661263,4750.939052,-0.104669368
75.158712,77059,77.054,2301,4232.608696,4.232608696,4750.939052,-0.109100612
75.217858,77109,77.104,2299,4224.22049,4.22422049,4750.939052,-0.110866201
75.258697,77159,77.154,2305,4249.441341,4.249441341,4750.939052,-0.105557597
75.308749,77209,77.204,2301,4232.608696,4.232608696,4750.939052,-0.109100612
75.361128,77259,77.254,2279,4141.354626,4.141354626,4750.939052,-0.128308198
75.408756,77309,77.304,2284,4161.899503,4.161899503,4750.939052,-0.123983815
75.475047,77359,77.354,2284,4161.899503,4.161899503,4750.939052,-0.123983815
75.508763,77409,77.404,2293,4199.167592,4.199167592,4750.939052,-0.116139453
75.567598,77459,77.454,2297,4215.850945,4.215850945,4750.939052,-0.112627862
75.608702,77509,77.504,2298,4220.033389,4.220033389,4750.939052,-0.111747521
75.658728,77559,77.554,2292,4195.008319,4.195008319,4750.939052,-0.117014916
75.718027,77609,77.604,2297,4215.850945,4.215850945,4750.939052,-0.112627862
75.758738,77659,77.654,2310,4270.588235,4.270588235,4750.939052,-0.1011065
75.817846,77709,77.704,2317,4300.393701,4.300393701,4750.939052,-0.094832905
75.858713,77759,77.754,2342,4408.78494,4.40878494,4750.939052,-0.072018207
75.908722,77809,77.804,2326,4339.061617,4.339061617,4750.939052,-0.0866939
75.961728,77859,77.854,2324,4330.434783,4.330434783,4750.939052,-0.088509717
76.008747,77909,77.904,2309,4266.349384,4.266349384,4750.939052,-0.101998713
76.077572,77959,77.954,2293,4199.167592,4.199167592,4750.939052,-0.116139453
76.108707,78009,78.004,2296,4211.673152,4.211673152,4750.939052,-0.113507223
76.158689,78059,78.054,2303,4241.015625,4.241015625,4750.939052,-0.107331082
76.217921,78109,78.104,2312,4279.080202,4.279080202,4750.939052,-0.09931907
76.258696,78159,78.154,2304,4245.226131,4.245226131,4750.939052,-0.106444835
76.317927,78209,78.204,2317,4300.393701,4.300393701,4750.939052,-0.094832905
76.358682,78259,78.254,2306,4253.661263,4.253661263,4750.939052,-0.104669368
76.408748,78309,78.304,2305,4249.441341,4.249441341,4750.939052,-0.105557597
76.460968,78359,78.354,2302,4236.809816,4.236809816,4750.939052,-0.10821634
76.508699,78409,78.404,2313,4283.333333,4.283333333,4750.939052,-0.098423851
76.558708,78459,78.454,2292,4195.008319,4.195008319,4750.939052,-0.117014916
76.619124,78509,78.504,2298,4220.033389,4.220033389,4750.939052,-0.111747521
76.658673,78559,78.554,2289,4182.55814,4.18255814,4750.939052,-0.119635488
76.708713,78609,78.604,2290,4186.703601,4.186703601,4750.939052,-0.118762932
76.777243,78659,78.654,2292,4195.008319,4.195008319,4750.939052,-0.117014916
76.808702,78709,78.704,2289,4182.55814,4.18255814,4750.939052,-0.119635488
76.858715,78759,78.754,2285,4166.022099,4.166022099,4750.939052,-0.123116072
76.918294,78809,78.804,2286,4170.149254,4.170149254,4750.939052,-0.122247369
76.958683,78859,78.854,2312,4279.080202,4.279080202,4750.939052,-0.09931907
77.013308,78909,78.904,2320,4313.239437,4.313239437,4750.939052,-0.092129074
77.058725,78959,78.954,2338,4391.23506,4.39123506,4750.939052,-0.075712188
77.108676,79009,79.004,2320,4313.239437,4.313239437,4750.939052,-0.092129074
77.17616,79059,79.054,2318,4304.670793,4.304670793,4750.939052,-0.093932642
77.208674,79109,79.104,2313,4283.333333,4.283333333,4750.939052,-0.098423851
77.258656,79159,79.154,2298,4220.033389,4.220033389,4750.939052,-0.111747521
77.32057,79209,79.204,2291,4190.853659,4.190853659,4750.939052,-0.117889408
77.358652,79259,79.254,2306,4253.661263,4.253661263,4750.939052,-0.104669368
77.417532,79309,79.304,2308,4262.115277,4.262115277,4750.939052,-0.102889928
77.458672,79359,79.354,2304,4245.226131,4.245226131,4750.939052,-0.106444835
77.511254,79409,79.404,2313,4283.333333,4.283333333,4750.939052,-0.098423851
77.55869,79459,79.454,2310,4270.588235,4.270588235,4750.939052,-0.1011065
77.618105,79509,79.504,2298,4220.033389,4.220033389,4750.939052,-0.111747521
77.658686,79559,79.554,2289,4182.55814,4.18255814,4750.939052,-0.119635488
77.708593,79609,79.604,2297,4215.850945,4.215850945,4750.939052,-0.112627862
77.77702,79659,79.654,2303,4241.015625,4.241015625,4750.939052,-0.107331082
77.808675,79709,79.704,2295,4207.5,4.2075,4750.939052,-0.114385608
77.868163,79759,79.754,2292,4195.008319,4.195008319,4750.939052,-0.117014916
77.908669,79809,79.804,2288,4178.417266,4.178417266,4750.939052,-0.120507079
77.958675,79859,79.854,2288,4178.417266,4.178417266,4750.939052,-0.120507079
78.020881,79909,79.904,2297,4215.850945,4.215850945,4750.939052,-0.112627862
78.058706,79959,79.954,2289,4182.55814,4.18255814,4750.939052,-0.119635488
78.108667,80009,80.004,2290,4186.703601,4.186703601,4750.939052,-0.118762932
78.162613,80059,80.054,2288,4178.417266,4.178417266,4750.939052,-0.120507079
78.207711,80109,80.104,2299,4224.22049,4.22422049,4750.939052,-0.110866201
78.25775,80159,80.154,2347,4430.83524,4.43083524,4750.939052,-0.067376956
78.326543,80209,80.204,2346,4426.415094,4.426415094,4750.939052,-0.068307329
78.357772,80259,80.254,2301,4232.608696,4.232608696,4750.939052,-0.109100612
78.417615,80309,80.304,2309,4266.349384,4.266349384,4750.939052,-0.101998713
78.457744,80359,80.354,2298,4220.033389,4.220033389,4750.939052,-0.111747521
78.508645,80409,80.404,2290,4186.703601,4.186703601,4750.939052,-0.118762932
78.570623,80459,80.454,2292,4195.008319,4.195008319,4750.939052,-0.117014916
78.60864,80509,80.504,2301,4232.608696,4.232608696,4750.939052,-0.109100612
78.657719,80559,80.554,2298,4220.033389,4.220033389,4750.939052,-0.111747521
78.711979,80609,80.604,2308,4262.115277,4.262115277,4750.939052,-0.102889928
78.757687,80659,80.654,2309,4266.349384,4.266349384,4750.939052,-0.101998713
78.807739,80709,80.704,2303,4241.015625,4.241015625,4750.939052,-0.107331082
78.876478,80759,80.754,2299,4224.22049,4.22422049,4750.939052,-0.110866201
78.908704,80809,80.804,2298,4220.033389,4.220033389,4750.939052,-0.111747521
78.969639,80859,80.854,2299,4224.22049,4.22422049,4750.939052,-0.110866201
79.008708,80909,80.904,2290,4186.703601,4.186703601,4750.939052,-0.118762932
79.069417,80959,80.954,2289,4182.55814,4.18255814,4750.939052,-0.119635488
79.10771,81009,81.004,2277,4133.168317,4.133168317,4750.939052,-0.13003129
79.157724,81059,81.054,2290,4186.703601,4.186703601,4750.939052,-0.118762932
79.211601,81109,81.104,2288,4178.417266,4.178417266,4750.939052,-0.120507079
79.257746,81159,81.154,2299,4224.22049,4.22422049,4750.939052,-0.110866201
79.32539,81209,81.204,2296,4211.673152,4.211673152,4750.939052,-0.113507223
79.357622,81259,81.254,2300,4228.412256,4.228412256,4750.939052,-0.109983898
79.407713,81309,81.304,2299,4224.22049,4.22422049,4750.939052,-0.110866201
79.46856,81359,81.354,2330,4356.373938,4.356373938,4750.939052,-0.083049921
79.507728,81409,81.404,2335,4378.125,4.378125,4750.939052,-0.078471655
79.569289,81459,81.454,2317,4300.393701,4.300393701,4750.939052,-0.094832905
79.607686,81509,81.504,2310,4270.588235,4.270588235,4750.939052,-0.1011065
79.657694,81559,81.554,2300,4228.412256,4.228412256,4750.939052,-0.109983898
79.71863,81609,81.604,2290,4186.703601,4.186703601,4750.939052,-0.118762932
79.757703,81659,81.654,2292,4195.008319,4.195008319,4750.939052,-0.117014916
79.810792,81709,81.704,2303,4241.015625,4.241015625,4750.939052,-0.107331082
79.857677,81759,81.754,2300,4228.412256,4.228412256,4750.939052,-0.109983898
79.907705,81809,81.804,2301,4232.608696,4.232608696,4750.939052,-0.109100612
79.976974,81859,81.854,2316,4296.121417,4.296121417,4750.939052,-0.095732155
80.007727,81909,81.904,2278,4137.259218,4.137259218,4750.939052,-0.129170218
80.06852,81959,81.954,2309,4266.349384,4.266349384,4750.939052,-0.101998713
80.107664,82009,82.004,2304,4245.226131,4.245226131,4750.939052,-0.106444835
80.157742,82059,82.054,2306,4253.661263,4.253661263,4750.939052,-0.104669368
80.219257,82109,82.104,2291,4190.853659,4.190853659,4750.939052,-0.117889408
80.257697,82159,82.154,2289,4182.55814,4.18255814,4750.939052,-0.119635488
80.307762,82209,82.204,2276,4129.081913,4.129081913,4750.939052,-0.130891416
80.361578,82259,82.254,2284,4161.899503,4.161899503,4750.939052,-0.123983815
80.407743,82309,82.304,2296,4211.673152,4.211673152,4750.939052,-0.113507223
80.457724,82359,82.354,2290,4186.703601,4.186703601,4750.939052,-0.118762932
80.527857,82409,82.404,2298,4220.033389,4.220033389,4750.939052,-0.111747521
80.557696,82459,82.454,2297,4215.850945,4.215850945,4750.939052,-0.112627862
80.607685,82509,82.504,2302,4236.809816,4.236809816,4750.939052,-0.10821634
80.668589,82559,82.554,2317,4300.393701,4.300393701,4750.939052,-0.094832905
80.70771,82609,82.604,2328,4347.70798,4.34770798,4750.939052,-0.084873973
80.768374,82659,82.654,2311,4274.831839,4.274831839,4750.939052,-0.100213286
80.807718,82709,82.704,2313,4283.333333,4.283333333,4750.939052,-0.098423851
80.867999,82759,82.754,2311,4274.831839,4.274831839,4750.939052,-0.100213286
80.907714,82809,82.804,2279,4141.354626,4.141354626,4750.939052,-0.128308198
80.957683,82859,82.854,2280,4145.454545,4.145454545,4750.939052,-0.127445227
81.013627,82909,82.904,2285,4166.022099,4.166022099,4750.939052,-0.123116072
81.057732,82959,82.954,2296,4211.673152,4.211673152,4750.939052,-0.113507223
81.10775,83009,83.004,2303,4241.015625,4.241015625,4750.939052,-0.107331082
81.176593,83059,83.054,2308,4262.115277,4.262115277,4750.939052,-0.102889928
81.207696,83109,83.104,2303,4241.015625,4.241015625,4750.939052,-0.107331082
81.257668,83159,83.154,2304,4245.226131,4.245226131,4750.939052,-0.106444835
81.318884,83209,83.204,2307,4257.885906,4.257885906,4750.939052,-0.103780146
81.357659,83259,83.254,2336,4382.490051,4.382490051,4750.939052,-0.077552879
81.407723,83309,83.304,2321,4317.531003,4.317531003,4750.939052,-0.091225765
81.46186,83359,83.354,2302,4236.809816,4.236809816,4750.939052,-0.10821634
81.507693,83409,83.404,2287,4174.280973,4.174280973,4750.939052,-0.121377705
81.557708,83459,83.454,2296,4211.673152,4.211673152,4750.939052,-0.113507223
81.627049,83509,83.504,2257,4052.285092,4.052285092,4750.939052,-0.147055972
81.657667,83559,83.554,2295,4207.5,4.2075,4750.939052,-0.114385608
81.707692,83609,83.604,2280,4145.454545,4.145454545,4750.939052,-0.127445227
81.768631,83659,83.654,2289,4182.55814,4.18255814,4750.939052,-0.119635488
81.807691,83709,83.704,2296,4211.673152,4.211673152,4750.939052,-0.113507223
81.861485,83759,83.754,2310,4270.588235,4.270588235,4750.939052,-0.1011065
81.907656,83809,83.804,2311,4274.831839,4.274831839,4750.939052,-0.100213286
81.957679,83859,83.854,2298,4220.033389,4.220033389,4750.939052,-0.111747521
82.020877,83909,83.904,2308,4262.115277,4.262115277,4750.939052,-0.102889928
82.057719,83959,83.954,2310,4270.588235,4.270588235,4750.939052,-0.1011065
82.107673,84009,84.004,2295,4207.5,4.2075,4750.939052,-0.114385608
82.176657,84059,84.054,2279,4141.354626,4.141354626,4750.939052,-0.128308198
82.207694,84109,84.104,2282,4153.667954,4.153667954,4750.939052,-0.12571643
82.268544,84159,84.154,2282,4153.667954,4.153667954,4750.939052,-0.12571643
82.307676,84209,84.204,2302,4236.809816,4.236809816,4750.939052,-0.10821634
82.357704,84259,84.254,2301,4232.608696,4.232608696,4750.939052,-0.109100612
82.418785,84309,84.304,2295,4207.5,4.2075,4750.939052,-0.114385608
82.457702,84359,84.354,2301,4232.608696,4.232608696,4750.939052,-0.109100612
82.518947,84409,84.404,2316,4296.121417,4.296121417,4750.939052,-0.095732155
82.557687,84459,84.454,2309,4266.349384,4.266349384,4750.939052,-0.101998713
82.607669,84509,84.504,2298,4220.033389,4.220033389,4750.939052,-0.111747521
82.662212,84559,84.554,2297,4215.850945,4.215850945,4750.939052,-0.112627862
82.707625,84609,84.604,2281,4149.558986,4.149558986,4750.939052,-0.126581305
82.757717,84659,84.654,2278,4137.259218,4.137259218,4750.939052,-0.129170218
82.8195,84709,84.704,2288,4178.417266,4.178417266,4750.939052,-0.120507079
82.857662,84759,84.754,2285,4166.022099,4.166022099,4750.939052,-0.123116072
82.907669,84809,84.804,2296,4211.673152,4.211673152,4750.939052,-0.113507223
82.976622,84859,84.854,2283,4157.781457,4.157781457,4750.939052,-0.124850601
83.007724,84909,84.904,2313,4283.333333,4.283333333,4750.939052,-0.098423851
83.068674,84959,84.954,2309,4266.349384,4.266349384,4750.939052,-0.101998713
83.107679,85009,85.004,2324,4330.434783,4.330434783,4750.939052,-0.088509717
83.157735,85059,85.054,2333,4369.409762,4.369409762,4750.939052,-0.08030608
83.211749,85109,85.104,2298,4220.033389,4.220033389,4750.939052,-0.111747521
83.257646,85159,85.154,2289,4182.55814,4.18255814,4750.939052,-0.119635488
83.307665,85209,85.204,2305,4249.441341,4.249441341,4750.939052,-0.105557597
83.376304,85259,85.254,2268,4096.551724,4.096551724,4750.939052,-0.137738523
83.407688,85309,85.304,2304,4245.226131,4.245226131,4750.939052,-0.106444835
83.467784,85359,85.354,2299,4224.22049,4.22422049,4750.939052,-0.110866201
83.507694,85409,85.404,2298,4220.033389,4.220033389,4750.939052,-0.111747521
83.568643,85459,85.454,2296,4211.673152,4.211673152,4750.939052,-0.113507223
83.607683,85509,85.504,2299,4224.22049,4.22422049,4750.939052,-0.110866201
83.657697,85559,85.554,2313,4283.333333,4.283333333,4750.939052,-0.098423851
83.712227,85609,85.604,2340,4400.0,4.4,4750.939052,-0.073867303
83.757682,85659,85.654,2334,4373.764906,4.373764906,4750.939052,-0.079389388
83.807696,85709,85.704,2315,4291.853933,4.291853933,4750.939052,-0.096630396
83.876828,85759,85.754,2308,4262.115277,4.262115277,4750.939052,-0.102889928
83.907656,85809,85.804,2285,4166.022099,4.166022099,4750.939052,-0.123116072
83.957661,85859,85.854,2285,4166.022099,4.166022099,4750.939052,-0.123116072
84.01943,85909,85.904,2291,4190.853659,4.190853659,4750.939052,-0.117889408
84.0577,85959,85.954,2291,4190.853659,4.190853659,4750.939052,-0.117889408
84.107684,86009,86.004,2281,4149.558986,4.149558986,4750.939052,-0.126581305
84.16958,86059,86.054,2285,4166.022099,4.166022099,4750.939052,-0.123116072
84.207701,86109,86.104,2297,4215.850945,4.215850945,4750.939052,-0.112627862
84.260974,86159,86.154,2291,4190.853659,4.190853659,4750.939052,-0.117889408
84.307703,86209,86.204,2319,4308.952703,4.308952703,4750.939052,-0.093031366
84.357694,86259,86.254,2316,4296.121417,4.296121417,4750.939052,-0.095732155
84.425918,86309,86.304,2302,4236.809816,4.236809816,4750.939052,-0.10821634
84.457752,86359,86.354,2291,4190.853659,4.190853659,4750.939052,-0.117889408
84.518799,86409,86.404,2294,4203.331483,4.203331483,4750.939052,-0.115263017
84.557593,86459,86.454,2287,4174.280973,4.174280973,4750.939052,-0.121377705
84.607694,86509,86.504,2296,4211.673152,4.211673152,4750.939052,-0.113507223
84.669174,86559,86.554,2300,4228.412256,4.228412256,4750.939052,-0.109983898
84.707671,86609,86.604,2292,4195.008319,4.195008319,4750.939052,-0.117014916
84.757627,86659,86.654,2289,4182.55814,4.18255814,4750.939052,-0.119635488
84.812555,86709,86.704,2286,4170.149254,4.170149254,4750.939052,-0.122247369
84.857677,86759,86.754,2294,4203.331483,4.203331483,4750.939052,-0.115263017
84.925592,86809,86.804,2324,4330.434783,4.330434783,4750.939052,-0.088509717
84.957697,86859,86.854,2315,4291.853933,4.291853933,4750.939052,-0.096630396
85.020242,86909,86.904,2321,4317.531003,4.317531003,4750.939052,-0.091225765
85.057627,86959,86.954,2296,4211.673152,4.211673152,4750.939052,-0.113507223
85.107699,87009,87.004,2282,4153.667954,4.153667954,4750.939052,-0.12571643
85.169748,87059,87.054,2285,4166.022099,4.166022099,4750.939052,-0.123116072
85.207659,87109,87.104,2290,4186.703601,4.186703601,4750.939052,-0.118762932
85.257657,87159,87.154,2288,4178.417266,4.178417266,4750.939052,-0.120507079
85.319221,87209,87.204,2289,4182.55814,4.18255814,4750.939052,-0.119635488
85.357671,87259,87.254,2266,4088.463641,4.088463641,4750.939052,-0.139440941
85.410833,87309,87.304,2278,4137.259218,4.137259218,4750.939052,-0.129170218
85.457684,87359,87.354,2280,4145.454545,4.145454545,4750.939052,-0.127445227
85.527021,87409,87.404,2324,4330.434783,4.330434783,4750.939052,-0.088509717
85.557639,87459,87.454,2312,4279.080202,4.279080202,4750.939052,-0.09931907
85.60764,87509,87.504,2296,4211.673152,4.211673152,4750.939052,-0.113507223
85.668746,87559,87.554,2294,4203.331483,4.203331483,4750.939052,-0.115263017
85.707685,87609,87.604,2295,4207.5,4.2075,4750.939052,-0.114385608
85.768558,87659,87.654,2283,4157.781457,4.157781457,4750.939052,-0.124850601
85.807582,87709,87.704,2285,4166.022099,4.166022099,4750.939052,-0.123116072
85.857647,87759,87.754,2295,4207.5,4.2075,4750.939052,-0.114385608
85.912462,87809,87.804,2290,4186.703601,4.186703601,4750.939052,-0.118762932
85.957661,87859,87.854,2283,4157.781457,4.157781457,4750.939052,-0.124850601
86.027566,87909,87.904,2289,4182.55814,4.18255814,4750.939052,-0.119635488
86.057707,87959,87.954,2299,4224.22049,4.22422049,4750.939052,-0.110866201
86.107678,88009,88.004,2310,4270.588235,4.270588235,4750.939052,-0.1011065
86.16866,88059,88.054,2308,4262.115277,4.262115277,4750.939052,-0.102889928
86.207667,88109,88.104,2305,4249.441341,4.249441341,4750.939052,-0.105557597
86.257687,88159,88.154,2269,4100.60241,4.10060241,4750.939052,-0.136885916
86.319796,88209,88.204,2290,4186.703601,4.186703601,4750.939052,-0.118762932
86.357683,88259,88.254,2293,4199.167592,4.199167592,4750.939052,-0.116139453
86.417868,88309,88.304,2283,4157.781457,4.157781457,4750.939052,-0.124850601
86.45767,88359,88.354,2280,4145.454545,4.145454545,4750.939052,-0.127445227
86.507699,88409,88.404,2279,4141.354626,4.141354626,4750.939052,-0.128308198
86.562499,88459,88.454,2286,4170.149254,4.170149254,4750.939052,-0.122247369
86.607666,88509,88.504,2275,4125.0,4.125,4750.939052,-0.131750596
86.657675,88559,88.554,2302,4236.809816,4.236809816,4750.939052,-0.10821634
86.727595,88609,88.604,2301,4232.608696,4.232608696,4750.939052,-0.109100612
86.757673,88659,88.654,2313,4283.333333,4.283333333,4750.939052,-0.098423851
86.819138,88709,88.704,2325,4334.745763,4.334745763,4750.939052,-0.087602321
86.857648,88759,88.754,2287,4174.280973,4.174280973,4750.939052,-0.121377705
86.907653,88809,88.804,2291,4190.853659,4.190853659,4750.939052,-0.117889408
86.961857,88859,88.854,2277,4133.168317,4.133168317,4750.939052,-0.13003129
87.007692,88909,88.904,2291,4190.853659,4.190853659,4750.939052,-0.117889408
87.070899,88959,88.954,2290,4186.703601,4.186703601,4750.939052,-0.118762932
87.107672,89009,89.004,2303,4241.015625,4.241015625,4750.939052,-0.107331082
87.157662,89059,89.054,2285,4166.022099,4.166022099,4750.939052,-0.123116072
87.227757,89109,89.104,2290,4186.703601,4.186703601,4750.939052,-0.118762932
87.257634,89159,89.154,2300,4228.412256,4.228412256,4750.939052,-0.109983898
87.307668,89209,89.204,2303,4241.015625,4.241015625,4750.939052,-0.107331082
87.36936,89259,89.254,2319,4308.952703,4.308952703,4750.939052,-0.093031366
87.407675,89309,89.304,2309,4266.349384,4.266349384,4750.939052,-0.101998713
87.467839,89359,89.354,2304,4245.226131,4.245226131,4750.939052,-0.106444835
87.507662,89409,89.404,2282,4153.667954,4.153667954,4750.939052,-0.12571643
87.557647,89459,89.454,2296,4211.673152,4.211673152,4750.939052,-0.113507223
87.61238,89509,89.504,2287,4174.280973,4.174280973,4750.939052,-0.121377705
87.657654,89559,89.554,2297,4215.850945,4.215850945,4750.939052,-0.112627862
87.727488,89609,89.604,2304,4245.226131,4.245226131,4750.939052,-0.106444835
87.757663,89659,89.654,2307,4257.885906,4.257885906,4750.939052,-0.103780146
87.819797,89709,89.704,2288,4178.417266,4.178417266,4750.939052,-0.120507079
87.857611,89759,89.754,2279,4141.354626,4.141354626,4750.939052,-0.128308198
87.907619,89809,89.804,2311,4274.831839,4.274831839,4750.939052,-0.100213286
87.969714,89859,89.854,2324,4330.434783,4.330434783,4750.939052,-0.088509717
88.007639,89909,89.904,2337,4386.860068,4.386860068,4750.939052,-0.076633057
88.062258,89959,89.954,2290,4186.703601,4.186703601,4750.939052,-0.118762932
88.107629,90009,90.004,2295,4207.5,4.2075,4750.939052,-0.114385608
88.157686,90059,90.054,2291,4190.853659,4.190853659,4750.939052,-0.117889408
88.21776,90109,90.104,2282,4153.667954,4.153667954,4750.939052,-0.12571643
88.257634,90159,90.154,2299,4224.22049,4.22422049,4750.939052,-0.110866201
88.307658,90209,90.204,2270,4104.657534,4.104657534,4750.939052,-0.136032374
88.374568,90259,90.254,2284,4161.899503,4.161899503,4750.939052,-0.123983815
88.407685,90309,90.304,2297,4215.850945,4.215850945,4750.939052,-0.112627862
88.465402,90359,90.354,2321,4317.531003,4.317531003,4750.939052,-0.091225765
88.507667,90409,90.404,2315,4291.853933,4.291853933,4750.939052,-0.096630396
88.557676,90459,90.454,2320,4313.239437,4.313239437,4750.939052,-0.092129074
88.618188,90509,90.504,2302,4236.809816,4.236809816,4750.939052,-0.10821634
88.657651,90559,90.554,2294,4203.331483,4.203331483,4750.939052,-0.115263017
88.707664,90609,90.604,2291,4190.853659,4.190853659,4750.939052,-0.117889408
88.759894,90659,90.654,2295,4207.5,4.2075,4750.939052,-0.114385608
88.807642,90709,90.704,2312,4279.080202,4.279080202,4750.939052,-0.09931907
88.857653,90759,90.754,2280,4145.454545,4.145454545,4750.939052,-0.127445227
88.92396,90809,90.804,2264,4080.393228,4.080393228,4750.939052,-0.141139639
88.957661,90859,90.854,2291,4190.853659,4.190853659,4750.939052,-0.117889408
89.016605,90909,90.904,2293,4199.167592,4.199167592,4750.939052,-0.116139453
89.057647,90959,90.954,2308,4262.115277,4.262115277,4750.939052,-0.102889928
89.107671,91009,91.004,2299,4224.22049,4.22422049,4750.939052,-0.110866201
89.166543,91059,91.054,2322,4321.827411,4.321827411,4750.939052,-0.090321437
89.207613,91109,91.104,2336,4382.490051,4.382490051,4750.939052,-0.077552879
89.257635,91159,91.154,2305,4249.441341,4.249441341,4750.939052,-0.105557597
89.309363,91209,91.204,2298,4220.033389,4.220033389,4750.939052,-0.111747521
89.357679,91259,91.254,2283,4157.781457,4.157781457,4750.939052,-0.124850601
89.422813,91309,91.304,2264,4080.393228,4.080393228,4750.939052,-0.141139639
89.457653,91359,91.354,2279,4141.354626,4.141354626,4750.939052,-0.128308198
89.507652,91409,91.404,2284,4161.899503,4.161899503,4750.939052,-0.123983815
89.566646,91459,91.454,2299,4224.22049,4.22422049,4750.939052,-0.110866201
89.6077,91509,91.504,2277,4133.168317,4.133168317,4750.939052,-0.13003129
89.665601,91559,91.554,2302,4236.809816,4.236809816,4750.939052,-0.10821634
89.707613,91609,91.604,2299,4224.22049,4.22422049,4750.939052,-0.110866201
89.757628,91659,91.654,2315,4291.853933,4.291853933,4750.939052,-0.096630396
89.816558,91709,91.704,2309,4266.349384,4.266349384,4750.939052,-0.101998713
89.85761,91759,91.754,2293,4199.167592,4.199167592,4750.939052,-0.116139453
89.907636,91809,91.804,2294,4203.331483,4.203331483,4750.939052,-0.115263017
89.959834,91859,91.854,2277,4133.168317,4.133168317,4750.939052,-0.13003129
90.007661,91909,91.904,2289,4182.55814,4.18255814,4750.939052,-0.119635488
90.073471,91959,91.954,2283,4157.781457,4.157781457,4750.939052,-0.124850601
90.107633,92009,92.004,2278,4137.259218,4.137259218,4750.939052,-0.129170218
90.157627,92059,92.054,2297,4215.850945,4.215850945,4750.939052,-0.112627862
90.216931,92109,92.104,2271,4108.717105,4.108717105,4750.939052,-0.135177896
90.257675,92159,92.154,2288,4178.417266,4.178417266,4750.939052,-0.120507079
90.315399,92209,92.204,2315,4291.853933,4.291853933,4750.939052,-0.096630396
90.35764,92259,92.254,2305,4249.441341,4.249441341,4750.939052,-0.105557597
90.407668,92309,92.304,2322,4321.827411,4.321827411,4750.939052,-0.090321437
90.4597,92359,92.354,2320,4313.239437,4.313239437,4750.939052,-0.092129074
90.507574,92409,92.404,2309,4266.349384,4.266349384,4750.939052,-0.101998713
90.557649,92459,92.454,2302,4236.809816,4.236809816,4750.939052,-0.10821634
90.624728,92509,92.504,2293,4199.167592,4.199167592,4750.939052,-0.116139453
90.65754,92559,92.554,2303,4241.015625,4.241015625,4750.939052,-0.107331082
90.707662,92609,92.604,2295,4207.5,4.2075,4750.939052,-0.114385608
90.766738,92659,92.654,2291,4190.853659,4.190853659,4750.939052,-0.117889408
90.807637,92709,92.704,2288,4178.417266,4.178417266,4750.939052,-0.120507079
90.857639,92759,92.754,2302,4236.809816,4.236809816,4750.939052,-0.10821634
90.916473,92809,92.804,2307,4257.885906,4.257885906,4750.939052,-0.103780146
90.95756,92859,92.854,2318,4304.670793,4.304670793,4750.939052,-0.093932642
91.007645,92909,92.904,2303,4241.015625,4.241015625,4750.939052,-0.107331082
91.060098,92959,92.954,2294,4203.331483,4.203331483,4750.939052,-0.115263017
91.107542,93009,93.004,2281,4149.558986,4.149558986,4750.939052,-0.126581305
91.157552,93059,93.054,2283,4157.781457,4.157781457,4750.939052,-0.124850601
91.226345,93109,93.104,2288,4178.417266,4.178417266,4750.939052,-0.120507079
91.257624,93159,93.154,2271,4108.717105,4.108717105,4750.939052,-0.135177896
91.316954,93209,93.204,2279,4141.354626,4.141354626,4750.939052,-0.128308198
91.35762,93259,93.254,2282,4153.667954,4.153667954,4750.939052,-0.12571643
91.437159,93309,93.304,2293,4199.167592,4.199167592,4750.939052,-0.116139453
91.457554,93359,93.354,2296,4211.673152,4.211673152,4750.939052,-0.113507223
91.507631,93409,93.404,2313,4283.333333,4.283333333,4750.939052,-0.098423851
91.55987,93459,93.454,2299,4224.22049,4.22422049,4750.939052,-0.110866201
91.607659,93509,93.504,2313,4283.333333,4.283333333,4750.939052,-0.098423851
91.680541,93559,93.554,2306,4253.661263,4.253661263,4750.939052,-0.104669368
91.707562,93609,93.604,2285,4166.022099,4.166022099,4750.939052,-0.123116072
91.757609,93659,93.654,2307,4257.885906,4.257885906,4750.939052,-0.103780146
91.817546,93709,93.704,2283,4157.781457,4.157781457,4750.939052,-0.124850601
91.857618,93759,93.754,2283,4157.781457,4.157781457,4750.939052,-0.124850601
91.916526,93809,93.804,2292,4195.008319,4.195008319,4750.939052,-0.117014916
91.957623,93859,93.854,2273,4116.849616,4.116849616,4750.939052,-0.133466127
92.009868,93909,93.904,2310,4270.588235,4.270588235,4750.939052,-0.1011065
92.057557,93959,93.954,2283,4157.781457,4.157781457,4750.939052,-0.124850601
92.107659,94009,94.004,2287,4174.280973,4.174280973,4750.939052,-0.121377705
92.176697,94059,94.054,2297,4215.850945,4.215850945,4750.939052,-0.112627862
92.20765,94109,94.104,2295,4207.5,4.2075,4750.939052,-0.114385608
92.257655,94159,94.154,2307,4257.885906,4.257885906,4750.939052,-0.103780146
92.317899,94209,94.204,2286,4170.149254,4.170149254,4750.939052,-0.122247369
92.35763,94259,94.254,2302,4236.809816,4.236809816,4750.939052,-0.10821634
92.407618,94309,94.304,2291,4190.853659,4.190853659,4750.939052,-0.117889408
92.467083,94359,94.354,2266,4088.463641,4.088463641,4750.939052,-0.139440941
92.507661,94409,94.404,2280,4145.454545,4.145454545,4750.939052,-0.127445227
92.559858,94459,94.454,2286,4170.149254,4.170149254,4750.939052,-0.122247369
92.607642,94509,94.504,2292,4195.008319,4.195008319,4750.939052,-0.117014916
92.657676,94559,94.554,2287,4174.280973,4.174280973,4750.939052,-0.121377705
92.727085,94609,94.604,2288,4178.417266,4.178417266,4750.939052,-0.120507079
92.757614,94659,94.654,2334,4373.764906,4.373764906,4750.939052,-0.079389388
92.807604,94709,94.704,2326,4339.061617,4.339061617,4750.939052,-0.0866939
92.867078,94759,94.754,2328,4347.70798,4.34770798,4750.939052,-0.084873973
92.907628,94809,94.804,2282,4153.667954,4.153667954,4750.939052,-0.12571643
92.966871,94859,94.854,2302,4236.809816,4.236809816,4750.939052,-0.10821634
93.007635,94909,94.904,2282,4153.667954,4.153667954,4750.939052,-0.12571643
93.060424,94959,94.954,2269,4100.60241,4.10060241,4750.939052,-0.136885916
93.107635,95009,95.004,2289,4182.55814,4.18255814,4750.939052,-0.119635488
93.157642,95059,95.054,2268,4096.551724,4.096551724,4750.939052,-0.137738523
93.218545,95109,95.104,2283,4157.781457,4.157781457,4750.939052,-0.124850601
93.257625,95159,95.154,2282,4153.667954,4.153667954,4750.939052,-0.12571643
93.307639,95209,95.204,2286,4170.149254,4.170149254,4750.939052,-0.122247369
93.374466,95259,95.254,2294,4203.331483,4.203331483,4750.939052,-0.115263017
93.407647,95309,95.304,2311,4274.831839,4.274831839,4750.939052,-0.100213286
93.466181,95359,95.354,2301,4232.608696,4.232608696,4750.939052,-0.109100612
93.507629,95409,95.404,2294,4203.331483,4.203331483,4750.939052,-0.115263017
93.557632,95459,95.454,2291,4190.853659,4.190853659,4750.939052,-0.117889408
93.610482,95509,95.504,2289,4182.55814,4.18255814,4750.939052,-0.119635488
93.657629,95559,95.554,2287,4174.280973,4.174280973,4750.939052,-0.121377705
93.70764,95609,95.604,2274,4120.92257,4.12092257,4750.939052,-0.132608833
93.768369,95659,95.654,2286,4170.149254,4.170149254,4750.939052,-0.122247369
93.807642,95709,95.704,2298,4220.033389,4.220033389,4750.939052,-0.111747521
93.874145,95759,95.754,2296,4211.673152,4.211673152,4750.939052,-0.113507223
93.907605,95809,95.804,2298,4220.033389,4.220033389,4750.939052,-0.111747521
93.95762,95859,95.854,2305,4249.441341,4.249441341,4750.939052,-0.105557597
94.01795,95909,95.904,2320,4313.239437,4.313239437,4750.939052,-0.092129074
94.057599,95959,95.954,2331,4360.714286,4.360714286,4750.939052,-0.082136344
94.10761,96009,96.004,2311,4274.831839,4.274831839,4750.939052,-0.100213286
94.16119,96059,96.054,2306,4253.661263,4.253661263,4750.939052,-0.104669368
94.207606,96109,96.104,2283,4157.781457,4.157781457,4750.939052,-0.124850601
94.257657,96159,96.154,2282,4153.667954,4.153667954,4750.939052,-0.12571643
94.325704,96209,96.204,2283,4157.781457,4.157781457,4750.939052,-0.124850601
94.357635,96259,96.254,2284,4161.899503,4.161899503,4750.939052,-0.123983815
94.407606,96309,96.304,2296,4211.673152,4.211673152,4750.939052,-0.113507223
94.466841,96359,96.354,2299,4224.22049,4.22422049,4750.939052,-0.110866201
94.507645,96409,96.404,2286,4170.149254,4.170149254,4750.939052,-0.122247369
94.567155,96459,96.454,2290,4186.703601,4.186703601,4750.939052,-0.118762932
94.607608,96509,96.504,2299,4224.22049,4.22422049,4750.939052,-0.110866201
94.6576,96559,96.554,2307,4257.885906,4.257885906,4750.939052,-0.103780146
94.710524,96609,96.604,2294,4203.331483,4.203331483,4750.939052,-0.115263017
94.757574,96659,96.654,2288,4178.417266,4.178417266,4750.939052,-0.120507079
94.807631,96709,96.704,2297,4215.850945,4.215850945,4750.939052,-0.112627862
94.87599,96759,96.754,2280,4145.454545,4.145454545,4750.939052,-0.127445227
94.907626,96809,96.804,2275,4125.0,4.125,4750.939052,-0.131750596
94.957574,96859,96.854,2283,4157.781457,4.157781457,4750.939052,-0.124850601
95.017692,96909,96.904,2289,4182.55814,4.18255814,4750.939052,-0.119635488
95.057649,96959,96.954,2300,4228.412256,4.228412256,4750.939052,-0.109983898
95.117147,97009,97.004,2289,4182.55814,4.18255814,4750.939052,-0.119635488
95.157608,97059,97.054,2299,4224.22049,4.22422049,4750.939052,-0.110866201
95.207572,97109,97.104,2316,4296.121417,4.296121417,4750.939052,-0.095732155
95.261749,97159,97.154,2326,4339.061617,4.339061617,4750.939052,-0.0866939
95.307594,97209,97.204,2306,4253.661263,4.253661263,4750.939052,-0.104669368
95.37388,97259,97.254,2298,4220.033389,4.220033389,4750.939052,-0.111747521
95.407623,97309,97.304,2294,4203.331483,4.203331483,4750.939052,-0.115263017
95.466689,97359,97.354,2281,4149.558986,4.149558986,4750.939052,-0.126581305
95.507631,97409,97.404,2287,4174.280973,4.174280973,4750.939052,-0.121377705
95.567222,97459,97.454,2273,4116.849616,4.116849616,4750.939052,-0.133466127
95.607562,97509,97.504,2281,4149.558986,4.149558986,4750.939052,-0.126581305
95.657617,97559,97.554,2282,4153.667954,4.153667954,4750.939052,-0.12571643
95.717868,97609,97.604,2279,4141.354626,4.141354626,4750.939052,-0.128308198
95.757579,97659,97.654,2294,4203.331483,4.203331483,4750.939052,-0.115263017
95.807604,97709,97.704,2283,4157.781457,4.157781457,4750.939052,-0.124850601
95.860855,97759,97.754,2310,4270.588235,4.270588235,4750.939052,-0.1011065
95.907589,97809,97.804,2302,4236.809816,4.236809816,4750.939052,-0.10821634
95.957575,97859,97.854,2284,4161.899503,4.161899503,4750.939052,-0.123983815
96.026763,97909,97.904,2285,4166.022099,4.166022099,4750.939052,-0.123116072
96.057603,97959,97.954,2277,4133.168317,4.133168317,4750.939052,-0.13003129
96.107628,98009,98.004,2286,4170.149254,4.170149254,4750.939052,-0.122247369
96.167329,98059,98.054,2264,4080.393228,4.080393228,4750.939052,-0.141139639
96.207627,98109,98.104,2288,4178.417266,4.178417266,4750.939052,-0.120507079
96.257626,98159,98.154,2291,4190.853659,4.190853659,4750.939052,-0.117889408
96.310983,98209,98.204,2288,4178.417266,4.178417266,4750.939052,-0.120507079
96.357627,98259,98.254,2292,4195.008319,4.195008319,4750.939052,-0.117014916
96.423965,98309,98.304,2296,4211.673152,4.211673152,4750.939052,-0.113507223
96.457606,98359,98.354,2309,4266.349384,4.266349384,4750.939052,-0.101998713
96.50761,98409,98.404,2321,4317.531003,4.317531003,4750.939052,-0.091225765
96.56799,98459,98.454,2290,4186.703601,4.186703601,4750.939052,-0.118762932
96.607609,98509,98.504,2299,4224.22049,4.22422049,4750.939052,-0.110866201
96.657613,98559,98.554,2288,4178.417266,4.178417266,4750.939052,-0.120507079
96.718595,98609,98.604,2315,4291.853933,4.291853933,4750.939052,-0.096630396
96.757612,98659,98.654,2281,4149.558986,4.149558986,4750.939052,-0.126581305
96.807604,98709,98.704,2287,4174.280973,4.174280973,4750.939052,-0.121377705
96.861037,98759,98.754,2281,4149.558986,4.149558986,4750.939052,-0.126581305
96.907602,98809,98.804,2288,4178.417266,4.178417266,4750.939052,-0.120507079
96.957602,98859,98.854,2290,4186.703601,4.186703601,4750.939052,-0.118762932
97.026927,98909,98.904,2292,4195.008319,4.195008319,4750.939052,-0.117014916
97.057617,98959,98.954,2298,4220.033389,4.220033389,4750.939052,-0.111747521
97.107607,99009,99.004,2299,4224.22049,4.22422049,4750.939052,-0.110866201
97.160685,99059,99.054,2281,4149.558986,4.149558986,4750.939052,-0.126581305
97.207619,99109,99.104,2305,4249.441341,4.249441341,4750.939052,-0.105557597
97.274979,99159,99.154,2297,4215.850945,4.215850945,4750.939052,-0.112627862
97.307608,99209,99.204,2283,4157.781457,4.157781457,4750.939052,-0.124850601
97.357634,99259,99.254,2276,4129.081913,4.129081913,4750.939052,-0.130891416
97.410533,99309,99.304,2270,4104.657534,4.104657534,4750.939052,-0.136032374
97.457621,99359,99.354,2291,4190.853659,4.190853659,4750.939052,-0.117889408
97.507613,99409,99.404,2281,4149.558986,4.149558986,4750.939052,-0.126581305
97.57631,99459,99.454,2288,4178.417266,4.178417266,4750.939052,-0.120507079
97.607598,99509,99.504,2297,4215.850945,4.215850945,4750.939052,-0.112627862
97.657595,99559,99.554,2323,4326.128668,4.326128668,4750.939052,-0.089416088
97.718713,99609,99.604,2324,4330.434783,4.330434783,4750.939052,-0.088509717
97.75765,99659,99.654,2313,4283.333333,4.283333333,4750.939052,-0.098423851
97.817834,99709,99.704,2295,4207.5,4.2075,4750.939052,-0.114385608
97.857631,99759,99.754,2279,4141.354626,4.141354626,4750.939052,-0.128308198
97.907579,99809,99.804,2278,4137.259218,4.137259218,4750.939052,-0.129170218
97.960949,99859,99.854,2291,4190.853659,4.190853659,4750.939052,-0.117889408
98.007595,99909,99.904,2285,4166.022099,4.166022099,4750.939052,-0.123116072
98.075138,99959,99.954,2283,4157.781457,4.157781457,4750.939052,-0.124850601
98.10759,100009,100.004,2295,4207.5,4.2075,4750.939052,-0.114385608
98.15762,100059,100.054,2288,4178.417266,4.178417266,4750.939052,-0.120507079
98.219319,100109,100.104,2285,4166.022099,4.166022099,4750.939052,-0.123116072
98.257623,100159,100.154,2305,4249.441341,4.249441341,4750.939052,-0.105557597
98.3185,100209,100.204,2307,4257.885906,4.257885906,4750.939052,-0.103780146
98.357616,100259,100.254,2290,4186.703601,4.186703601,4750.939052,-0.118762932
98.407628,100309,100.304,2288,4178.417266,4.178417266,4750.939052,-0.120507079
98.461995,100359,100.354,2285,4166.022099,4.166022099,4750.939052,-0.123116072
98.507635,100409,100.404,2280,4145.454545,4.145454545,4750.939052,-0.127445227
98.569232,100459,100.454,2295,4207.5,4.2075,4750.939052,-0.114385608
98.607583,100509,100.504,2284,4161.899503,4.161899503,4750.939052,-0.123983815
98.657593,100559,100.554,2296,4211.673152,4.211673152,4750.939052,-0.113507223
98.726709,100609,100.604,2280,4145.454545,4.145454545,4750.939052,-0.127445227
98.757558,100659,100.654,2283,4157.781457,4.157781457,4750.939052,-0.124850601
98.807598,100709,100.704,2285,4166.022099,4.166022099,4750.939052,-0.123116072
98.869345,100759,100.754,2311,4274.831839,4.274831839,4750.939052,-0.100213286
98.907575,100809,100.804,2324,4330.434783,4.330434783,4750.939052,-0.088509717
98.957548,100859,100.854,2299,4224.22049,4.22422049,4750.939052,-0.110866201
99.020718,100909,100.904,2286,4170.149254,4.170149254,4750.939052,-0.122247369
99.057568,100959,100.954,2281,4149.558986,4.149558986,4750.939052,-0.126581305
99.107632,101009,101.004,2262,4072.340426,4.072340426,4750.939052,-0.142834631
99.162348,101059,101.054,2288,4178.417266,4.178417266,4750.939052,-0.120507079
99.207618,101109,101.104,2288,4178.417266,4.178417266,4750.939052,-0.120507079
99.257514,101159,101.154,2285,4166.022099,4.166022099,4750.939052,-0.123116072
99.327228,101209,101.204,2283,4157.781457,4.157781457,4750.939052,-0.124850601
99.357603,101259,101.254,2284,4161.899503,4.161899503,4750.939052,-0.123983815
99.418125,101309,101.304,2299,4224.22049,4.22422049,4750.939052,-0.110866201
99.45761,101359,101.354,2290,4186.703601,4.186703601,4750.939052,-0.118762932
99.519146,101409,101.404,2297,4215.850945,4.215850945,4750.939052,-0.112627862
99.557584,101459,101.454,2286,4170.149254,4.170149254,4750.939052,-0.122247369
99.607609,101509,101.504,2282,4153.667954,4.153667954,4750.939052,-0.12571643
99.662209,101559,101.554,2277,4133.168317,4.133168317,4750.939052,-0.13003129
99.707589,101609,101.604,2277,4133.168317,4.133168317,4750.939052,-0.13003129
99.757623,101659,101.654,2264,4080.393228,4.080393228,4750.939052,-0.141139639
99.826877,101709,101.704,2266,4088.463641,4.088463641,4750.939052,-0.139440941
99.857575,101759,101.754,2277,4133.168317,4.133168317,4750.939052,-0.13003129
99.907589,101809,101.804,2292,4195.008319,4.195008319,4750.939052,-0.117014916
99.969211,101859,101.854,2276,4129.081913,4.129081913,4750.939052,-0.130891416
100.007584,101909,101.904,2287,4174.280973,4.174280973,4750.939052,-0.121377705
100.069488,101959,101.954,2303,4241.015625,4.241015625,4750.939052,-0.107331082
100.107599,102009,102.004,2325,4334.745763,4.334745763,4750.939052,-0.087602321
100.169487,102059,102.054,2295,4207.5,4.2075,4750.939052,-0.114385608
100.207599,102109,102.104,2289,4182.55814,4.18255814,4750.939052,-0.119635488
100.257596,102159,102.154,2285,4166.022099,4.166022099,4750.939052,-0.123116072
100.311914,102209,102.204,2300,4228.412256,4.228412256,4750.939052,-0.109983898
100.357571,102259,102.254,2290,4186.703601,4.186703601,4750.939052,-0.118762932
100.407623,102309,102.304,2286,4170.149254,4.170149254,4750.939052,-0.122247369
100.476821,102359,102.354,2287,4174.280973,4.174280973,4750.939052,-0.121377705
100.50763,102409,102.404,2290,4186.703601,4.186703601,4750.939052,-0.118762932
100.569789,102459,102.454,2300,4228.412256,4.228412256,4750.939052,-0.109983898
100.607611,102509,102.504,2275,4125.0,4.125,4750.939052,-0.131750596
100.657521,102559,102.554,2294,4203.331483,4.203331483,4750.939052,-0.115263017
100.719357,102609,102.604,2288,4178.417266,4.178417266,4750.939052,-0.120507079
100.757601,102659,102.654,2265,4084.42623,4.08442623,4750.939052,-0.140290754
100.811582,102709,102.704,2285,4166.022099,4.166022099,4750.939052,-0.123116072
100.857601,102759,102.754,2268,4096.551724,4.096551724,4750.939052,-0.137738523
100.907489,102809,102.804,2281,4149.558986,4.149558986,4750.939052,-0.126581305
100.976487,102859,102.854,2276,4129.081913,4.129081913,4750.939052,-0.130891416
101.007573,102909,102.904,2272,4112.78113,4.11278113,4750.939052,-0.134322481
101.0681,102959,102.954,2263,4076.364629,4.076364629,4750.939052,-0.141987598
101.10755,103009,103.004,2264,4080.393228,4.080393228,4750.939052,-0.141139639
101.157563,103059,103.054,2275,4125.0,4.125,4750.939052,-0.131750596
101.219179,103109,103.104,2287,4174.280973,4.174280973,4750.939052,-0.121377705
101.257624,103159,103.154,2302,4236.809816,4.236809816,4750.939052,-0.10821634
101.311761,103209,103.204,2323,4326.128668,4.326128668,4750.939052,-0.089416088
101.357605,103259,103.254,2322,4321.827411,4.321827411,4750.939052,-0.090321437
101.407601,103309,103.304,2288,4178.417266,4.178417266,4750.939052,-0.120507079
101.476656,103359,103.354,2274,4120.92257,4.12092257,4750.939052,-0.132608833
101.507641,103409,103.404,2279,4141.354626,4.141354626,4750.939052,-0.128308198
101.569303,103459,103.454,2285,4166.022099,4.166022099,4750.939052,-0.123116072
101.607583,103509,103.504,2281,4149.558986,4.149558986,4750.939052,-0.126581305
101.657576,103559,103.554,2269,4100.60241,4.10060241,4750.939052,-0.136885916
101.719274,103609,103.604,2266,4088.463641,4.088463641,4750.939052,-0.139440941
101.757543,103659,103.654,2259,4060.294118,4.060294118,4750.939052,-0.145370195
101.807584,103709,103.704,2293,4199.167592,4.199167592,4750.939052,-0.116139453
101.863175,103759,103.754,2287,4174.280973,4.174280973,4750.939052,-0.121377705
101.907555,103809,103.804,2299,4224.22049,4.22422049,4750.939052,-0.110866201
101.957576,103859,103.854,2304,4245.226131,4.245226131,4750.939052,-0.106444835
102.032255,103909,103.904,2303,4241.015625,4.241015625,4750.939052,-0.107331082
102.057618,103959,103.954,2286,4170.149254,4.170149254,4750.939052,-0.122247369
102.107601,104009,104.004,2277,4133.168317,4.133168317,4750.939052,-0.13003129
102.169557,104059,104.054,2286,4170.149254,4.170149254,4750.939052,-0.122247369
102.207574,104109,104.104,2274,4120.92257,4.12092257,4750.939052,-0.132608833
102.25759,104159,104.154,2268,4096.551724,4.096551724,4750.939052,-0.137738523
102.312477,104209,104.204,2271,4108.717105,4.108717105,4750.939052,-0.135177896
102.357639,104259,104.254,2266,4088.463641,4.088463641,4750.939052,-0.139440941
102.418746,104309,104.304,2284,4161.899503,4.161899503,4750.939052,-0.123983815
102.457555,104359,104.354,2282,4153.667954,4.153667954,4750.939052,-0.12571643
102.507495,104409,104.404,2323,4326.128668,4.326128668,4750.939052,-0.089416088
102.577155,104459,104.454,2333,4369.409762,4.369409762,4750.939052,-0.08030608
102.607588,104509,104.504,2288,4178.417266,4.178417266,4750.939052,-0.120507079
102.669561,104559,104.554,2294,4203.331483,4.203331483,4750.939052,-0.115263017
102.707567,104609,104.604,2285,4166.022099,4.166022099,4750.939052,-0.123116072
102.757557,104659,104.654,2286,4170.149254,4.170149254,4750.939052,-0.122247369
102.819167,104709,104.704,2295,4207.5,4.2075,4750.939052,-0.114385608
102.857578,104759,104.754,2276,4129.081913,4.129081913,4750.939052,-0.130891416
102.907601,104809,104.804,2283,4157.781457,4.157781457,4750.939052,-0.124850601
102.962602,104859,104.854,2274,4120.92257,4.12092257,4750.939052,-0.132608833
103.007576,104909,104.904,2284,4161.899503,4.161899503,4750.939052,-0.123983815
103.057505,104959,104.954,2281,4149.558986,4.149558986,4750.939052,-0.126581305
103.126993,105009,105.004,2295,4207.5,4.2075,4750.939052,-0.114385608
103.15755,105059,105.054,2301,4232.608696,4.232608696,4750.939052,-0.109100612
103.218637,105109,105.104,2288,4178.417266,4.178417266,4750.939052,-0.120507079
103.257555,105159,105.154,2285,4166.022099,4.166022099,4750.939052,-0.123116072
103.307609,105209,105.204,2256,4048.287113,4.048287113,4750.939052,-0.147897486
103.369828,105259,105.254,2259,4060.294118,4.060294118,4750.939052,-0.145370195
103.407581,105309,105.304,2295,4207.5,4.2075,4750.939052,-0.114385608
103.457609,105359,105.354,2257,4052.285092,4.052285092,4750.939052,-0.147055972
103.513083,105409,105.404,2278,4137.259218,4.137259218,4750.939052,-0.129170218
103.557539,105459,105.454,2270,4104.657534,4.104657534,4750.939052,-0.136032374
103.607573,105509,105.504,2285,4166.022099,4.166022099,4750.939052,-0.123116072
103.67785,105559,105.554,2292,4195.008319,4.195008319,4750.939052,-0.117014916
103.707572,105609,105.604,2304,4245.226131,4.245226131,4750.939052,-0.106444835
103.757561,105659,105.654,2321,4317.531003,4.317531003,4750.939052,-0.091225765
103.819292,105709,105.704,2286,4170.149254,4.170149254,4750.939052,-0.122247369
103.857555,105759,105.754,2275,4125.0,4.125,4750.939052,-0.131750596
103.919402,105809,105.804,2280,4145.454545,4.145454545,4750.939052,-0.127445227
103.957555,105859,105.854,2263,4076.364629,4.076364629,4750.939052,-0.141987598
104.019869,105909,105.904,2265,4084.42623,4.08442623,4750.939052,-0.140290754
104.057526,105959,105.954,2290,4186.703601,4.186703601,4750.939052,-0.118762932
104.107617,106009,106.004,2271,4108.717105,4.108717105,4750.939052,-0.135177896
104.162927,106059,106.054,2283,4157.781457,4.157781457,4750.939052,-0.124850601
104.207554,106109,106.104,2274,4120.92257,4.12092257,4750.939052,-0.132608833
104.257614,106159,106.154,2291,4190.853659,4.190853659,4750.939052,-0.117889408
104.327422,106209,106.204,2298,4220.033389,4.220033389,4750.939052,-0.111747521
104.357551,106259,106.254,2294,4203.331483,4.203331483,4750.939052,-0.115263017
104.407559,106309,106.304,2287,4174.280973,4.174280973,4750.939052,-0.121377705
104.469237,106359,106.354,2283,4157.781457,4.157781457,4750.939052,-0.124850601
104.507574,106409,106.404,2278,4137.259218,4.137259218,4750.939052,-0.129170218
104.569919,106459,106.454,2265,4084.42623,4.08442623,4750.939052,-0.140290754
104.607564,106509,106.504,2267,4092.50547,4.09250547,4750.939052,-0.138590198
104.657565,106559,106.554,2264,4080.393228,4.080393228,4750.939052,-0.141139639
104.71256,106609,106.604,2271,4108.717105,4.108717105,4750.939052,-0.135177896
104.757569,106659,106.654,2285,4166.022099,4.166022099,4750.939052,-0.123116072
104.826785,106709,106.704,2285,4166.022099,4.166022099,4750.939052,-0.123116072
104.857551,106759,106.754,2288,4178.417266,4.178417266,4750.939052,-0.120507079
104.907553,106809,106.804,2311,4274.831839,4.274831839,4750.939052,-0.100213286
104.969416,106859,106.854,2317,4300.393701,4.300393701,4750.939052,-0.094832905
105.007582,106909,106.904,2290,4186.703601,4.186703601,4750.939052,-0.118762932
105.070019,106959,106.954,2296,4211.673152,4.211673152,4750.939052,-0.113507223
105.107552,107009,107.004,2276,4129.081913,4.129081913,4750.939052,-0.130891416
105.157585,107059,107.054,2276,4129.081913,4.129081913,4750.939052,-0.130891416
105.212884,107109,107.104,2286,4170.149254,4.170149254,4750.939052,-0.122247369
105.257553,107159,107.154,2279,4141.354626,4.141354626,4750.939052,-0.128308198
105.307566,107209,107.204,2280,4145.454545,4.145454545,4750.939052,-0.127445227
105.377484,107259,107.254,2276,4129.081913,4.129081913,4750.939052,-0.130891416
105.407549,107309,107.304,2273,4116.849616,4.116849616,4750.939052,-0.133466127
105.457564,107359,107.354,2277,4133.168317,4.133168317,4750.939052,-0.13003129
105.519968,107409,107.404,2287,4174.280973,4.174280973,4750.939052,-0.121377705
105.557551,107459,107.454,2288,4178.417266,4.178417266,4750.939052,-0.120507079
105.607517,107509,107.504,2270,4104.657534,4.104657534,4750.939052,-0.136032374
105.67133,107559,107.554,2269,4100.60241,4.10060241,4750.939052,-0.136885916
105.707573,107609,107.604,2279,4141.354626,4.141354626,4750.939052,-0.128308198
105.763104,107659,107.654,2267,4092.50547,4.09250547,4750.939052,-0.138590198
105.807567,107709,107.704,2275,4125.0,4.125,4750.939052,-0.131750596
105.857519,107759,107.754,2260,4064.305177,4.064305177,4750.939052,-0.144525928
105.928277,107809,107.804,2269,4100.60241,4.10060241,4750.939052,-0.136885916
105.957543,107859,107.854,2285,4166.022099,4.166022099,4750.939052,-0.123116072
106.02102,107909,107.904,2276,4129.081913,4.129081913,4750.939052,-0.130891416
106.057556,107959,107.954,2286,4170.149254,4.170149254,4750.939052,-0.122247369
106.107604,108009,108.004,2301,4232.608696,4.232608696,4750.939052,-0.109100612
106.170857,108059,108.054,2310,4270.588235,4.270588235,4750.939052,-0.1011065
106.207554,108109,108.104,2301,4232.608696,4.232608696,4750.939052,-0.109100612
106.257581,108159,108.154,2273,4116.849616,4.116849616,4750.939052,-0.133466127
106.313971,108209,108.204,2291,4190.853659,4.190853659,4750.939052,-0.117889408
106.357589,108259,108.254,2272,4112.78113,4.11278113,4750.939052,-0.134322481
106.427013,108309,108.304,2265,4084.42623,4.08442623,4750.939052,-0.140290754
106.457457,108359,108.354,2286,4170.149254,4.170149254,4750.939052,-0.122247369
106.507576,108409,108.404,2283,4157.781457,4.157781457,4750.939052,-0.124850601
106.570822,108459,108.454,2270,4104.657534,4.104657534,4750.939052,-0.136032374
106.607571,108509,108.504,2264,4080.393228,4.080393228,4750.939052,-0.141139639
106.657526,108559,108.554,2277,4133.168317,4.133168317,4750.939052,-0.13003129
106.720758,108609,108.604,2283,4157.781457,4.157781457,4750.939052,-0.124850601
106.75752,108659,108.654,2290,4186.703601,4.186703601,4750.939052,-0.118762932
106.807545,108709,108.704,2292,4195.008319,4.195008319,4750.939052,-0.117014916
106.863514,108759,108.754,2279,4141.354626,4.141354626,4750.939052,-0.128308198
106.907558,108809,108.804,2283,4157.781457,4.157781457,4750.939052,-0.124850601
106.977628,108859,108.854,2270,4104.657534,4.104657534,4750.939052,-0.136032374
107.007562,108909,108.904,2280,4145.454545,4.145454545,4750.939052,-0.127445227
107.070388,108959,108.954,2263,4076.364629,4.076364629,4750.939052,-0.141987598
107.107582,109009,109.004,2278,4137.259218,4.137259218,4750.939052,-0.129170218
107.169955,109059,109.054,2272,4112.78113,4.11278113,4750.939052,-0.134322481
107.207541,109109,109.104,2278,4137.259218,4.137259218,4750.939052,-0.129170218
107.257571,109159,109.154,2285,4166.022099,4.166022099,4750.939052,-0.123116072
107.320403,109209,109.204,2271,4108.717105,4.108717105,4750.939052,-0.135177896
107.357551,109259,109.254,2318,4304.670793,4.304670793,4750.939052,-0.093932642
107.407591,109309,109.304,2318,4304.670793,4.304670793,4750.939052,-0.093932642
107.463859,109359,109.354,2290,4186.703601,4.186703601,4750.939052,-0.118762932
107.507542,109409,109.404,2290,4186.703601,4.186703601,4750.939052,-0.118762932
107.55755,109459,109.454,2281,4149.558986,4.149558986,4750.939052,-0.126581305
107.629247,109509,109.504,2272,4112.78113,4.11278113,4750.939052,-0.134322481
107.657558,109559,109.554,2273,4116.849616,4.116849616,4750.939052,-0.133466127
107.720786,109609,109.604,2284,4161.899503,4.161899503,4750.939052,-0.123983815
107.75752,109659,109.654,2276,4129.081913,4.129081913,4750.939052,-0.130891416
107.8075,109709,109.704,2272,4112.78113,4.11278113,4750.939052,-0.134322481
107.870702,109759,109.754,2256,4048.287113,4.048287113,4750.939052,-0.147897486
107.907559,109809,109.804,2280,4145.454545,4.145454545,4750.939052,-0.127445227
107.970496,109859,109.854,2286,4170.149254,4.170149254,4750.939052,-0.122247369
108.007552,109909,109.904,2294,4203.331483,4.203331483,4750.939052,-0.115263017
108.063629,109959,109.954,2280,4145.454545,4.145454545,4750.939052,-0.127445227
108.10757,110009,110.004,2262,4072.340426,4.072340426,4750.939052,-0.142834631
108.177737,110059,110.054,2264,4080.393228,4.080393228,4750.939052,-0.141139639
108.207533,110109,110.104,2266,4088.463641,4.088463641,4750.939052,-0.139440941
108.25755,110159,110.154,2264,4080.393228,4.080393228,4750.939052,-0.141139639
108.320119,110209,110.204,2281,4149.558986,4.149558986,4750.939052,-0.126581305
108.357571,110259,110.254,2274,4120.92257,4.12092257,4750.939052,-0.132608833
108.419851,110309,110.304,2282,4153.667954,4.153667954,4750.939052,-0.12571643
108.457575,110359,110.354,2289,4182.55814,4.18255814,4750.939052,-0.119635488
108.520198,110409,110.404,2297,4215.850945,4.215850945,4750.939052,-0.112627862
108.557553,110459,110.454,2315,4291.853933,4.291853933,4750.939052,-0.096630396
108.607565,110509,110.504,2330,4356.373938,4.356373938,4750.939052,-0.083049921
108.664548,110559,110.554,2284,4161.899503,4.161899503,4750.939052,-0.123983815
108.707548,110609,110.604,2266,4088.463641,4.088463641,4750.939052,-0.139440941
108.757545,110659,110.654,2269,4100.60241,4.10060241,4750.939052,-0.136885916
108.822209,110709,110.704,2269,4100.60241,4.10060241,4750.939052,-0.136885916
108.85756,110759,110.754,2275,4125.0,4.125,4750.939052,-0.131750596
108.927813,110809,110.804,2284,4161.899503,4.161899503,4750.939052,-0.123983815
108.957572,110859,110.854,2273,4116.849616,4.116849616,4750.939052,-0.133466127
109.021493,110909,110.904,2252,4032.338578,4.032338578,4750.939052,-0.151254408
109.057548,110959,110.954,2292,4195.008319,4.195008319,4750.939052,-0.117014916
109.107559,111009,111.004,2300,4228.412256,4.228412256,4750.939052,-0.109983898
109.164283,111059,111.054,2284,4161.899503,4.161899503,4750.939052,-0.123983815
109.207522,111109,111.104,2300,4228.412256,4.228412256,4750.939052,-0.109983898
109.257559,111159,111.154,2283,4157.781457,4.157781457,4750.939052,-0.124850601
109.329173,111209,111.204,2271,4108.717105,4.108717105,4750.939052,-0.135177896
109.357568,111259,111.254,2270,4104.657534,4.104657534,4750.939052,-0.136032374
109.420422,111309,111.304,2269,4100.60241,4.10060241,4750.939052,-0.136885916
109.45743,111359,111.354,2263,4076.364629,4.076364629,4750.939052,-0.141987598
109.507519,111409,111.404,2285,4166.022099,4.166022099,4750.939052,-0.123116072
109.571245,111459,111.454,2267,4092.50547,4.09250547,4750.939052,-0.138590198
109.607517,111509,111.504,2275,4125.0,4.125,4750.939052,-0.131750596
109.657517,111559,111.554,2293,4199.167592,4.199167592,4750.939052,-0.116139453
109.714331,111609,111.604,2276,4129.081913,4.129081913,4750.939052,-0.130891416
109.757548,111659,111.654,2310,4270.588235,4.270588235,4750.939052,-0.1011065
109.8284,111709,111.704,2306,4253.661263,4.253661263,4750.939052,-0.104669368
109.857514,111759,111.754,2290,4186.703601,4.186703601,4750.939052,-0.118762932
109.907561,111809,111.804,2279,4141.354626,4.141354626,4750.939052,-0.128308198
109.971576,111859,111.854,2277,4133.168317,4.133168317,4750.939052,-0.13003129
110.007518,111909,111.904,2255,4044.293478,4.044293478,4750.939052,-0.148738084
110.057533,111959,111.954,2285,4166.022099,4.166022099,4750.939052,-0.123116072
110.121359,112009,112.004,2273,4116.849616,4.116849616,4750.939052,-0.133466127
110.157564,112059,112.054,2276,4129.081913,4.129081913,4750.939052,-0.130891416
110.21363,112109,112.104,2280,4145.454545,4.145454545,4750.939052,-0.127445227
110.257566,112159,112.154,2271,4108.717105,4.108717105,4750.939052,-0.135177896
110.328612,112209,112.204,2290,4186.703601,4.186703601,4750.939052,-0.118762932
110.357487,112259,112.254,2285,4166.022099,4.166022099,4750.939052,-0.123116072
110.407565,112309,112.304,2282,4153.667954,4.153667954,4750.939052,-0.12571643
110.47232,112359,112.354,2277,4133.168317,4.133168317,4750.939052,-0.13003129
110.50753,112409,112.404,2322,4321.827411,4.321827411,4750.939052,-0.090321437
110.557491,112459,112.454,2321,4317.531003,4.317531003,4750.939052,-0.091225765
110.622264,112509,112.504,2332,4365.059558,4.365059558,4750.939052,-0.081221731
110.657472,112559,112.554,2331,4360.714286,4.360714286,4750.939052,-0.082136344
110.707495,112609,112.604,2337,4386.860068,4.386860068,4750.939052,-0.076633057
110.764699,112659,112.654,2331,4360.714286,4.360714286,4750.939052,-0.082136344
110.80753,112709,112.704,2315,4291.853933,4.291853933,4750.939052,-0.096630396
110.878715,112759,112.754,2310,4270.588235,4.270588235,4750.939052,-0.1011065
110.907526,112809,112.804,2321,4317.531003,4.317531003,4750.939052,-0.091225765
110.971205,112859,112.854,2308,4262.115277,4.262115277,4750.939052,-0.102889928
111.007574,112909,112.904,2305,4249.441341,4.249441341,4750.939052,-0.105557597
111.071861,112959,112.954,2301,4232.608696,4.232608696,4750.939052,-0.109100612
111.107506,113009,113.004,2299,4224.22049,4.22422049,4750.939052,-0.110866201
111.157551,113059,113.054,2302,4236.809816,4.236809816,4750.939052,-0.10821634
111.214598,113109,113.104,2301,4232.608696,4.232608696,4750.939052,-0.109100612
111.257583,113159,113.154,2295,4207.5,4.2075,4750.939052,-0.114385608
111.328754,113209,113.204,2331,4360.714286,4.360714286,4750.939052,-0.082136344
111.357521,113259,113.254,2322,4321.827411,4.321827411,4750.939052,-0.090321437
111.407573,113309,113.304,2302,4236.809816,4.236809816,4750.939052,-0.10821634
111.470638,113359,113.354,2316,4296.121417,4.296121417,4750.939052,-0.095732155
111.507499,113409,113.404,2328,4347.70798,4.34770798,4750.939052,-0.084873973
111.557553,113459,113.454,2341,4404.389966,4.404389966,4750.939052,-0.072943282
111.622245,113509,113.504,2307,4257.885906,4.257885906,4750.939052,-0.103780146
111.657524,113559,113.554,2294,4203.331483,4.203331483,4750.939052,-0.115263017
111.707517,113609,113.604,2275,4125.0,4.125,4750.939052,-0.131750596
111.764979,113659,113.654,2277,4133.168317,4.133168317,4750.939052,-0.13003129
111.807511,113709,113.704,2299,4224.22049,4.22422049,4750.939052,-0.110866201
111.857532,113759,113.754,2264,4080.393228,4.080393228,4750.939052,-0.141139639
111.929365,113809,113.804,2271,4108.717105,4.108717105,4750.939052,-0.135177896
111.957522,113859,113.854,2280,4145.454545,4.145454545,4750.939052,-0.127445227
112.022924,113909,113.904,2281,4149.558986,4.149558986,4750.939052,-0.126581305
112.057511,113959,113.954,2270,4104.657534,4.104657534,4750.939052,-0.136032374
112.107513,114009,114.004,2293,4199.167592,4.199167592,4750.939052,-0.116139453
112.171963,114059,114.054,2304,4245.226131,4.245226131,4750.939052,-0.106444835
112.20751,114109,114.104,2304,4245.226131,4.245226131,4750.939052,-0.106444835
112.257514,114159,114.154,2309,4266.349384,4.266349384,4750.939052,-0.101998713
112.314792,114209,114.204,2319,4308.952703,4.308952703,4750.939052,-0.093031366
112.357527,114259,114.254,2332,4365.059558,4.365059558,4750.939052,-0.081221731
112.428286,114309,114.304,2325,4334.745763,4.334745763,4750.939052,-0.087602321
112.457547,114359,114.354,2323,4326.128668,4.326128668,4750.939052,-0.089416088
112.51469,114409,114.404,2310,4270.588235,4.270588235,4750.939052,-0.1011065
112.557514,114459,114.454,2306,4253.661263,4.253661263,4750.939052,-0.104669368
112.607541,114509,114.504,2286,4170.149254,4.170149254,4750.939052,-0.122247369
112.680262,114559,114.554,2310,4270.588235,4.270588235,4750.939052,-0.1011065
112.707464,114609,114.604,2304,4245.226131,4.245226131,4750.939052,-0.106444835
112.757507,114659,114.654,2306,4253.661263,4.253661263,4750.939052,-0.104669368
112.822267,114709,114.704,2307,4257.885906,4.257885906,4750.939052,-0.103780146
112.857543,114759,114.754,2306,4253.661263,4.253661263,4750.939052,-0.104669368
112.91432,114809,114.804,2295,4207.5,4.2075,4750.939052,-0.114385608
112.957529,114859,114.854,2290,4186.703601,4.186703601,4750.939052,-0.118762932
113.029883,114909,114.904,2304,4245.226131,4.245226131,4750.939052,-0.106444835
113.05751,114959,114.954,2328,4347.70798,4.34770798,4750.939052,-0.084873973
113.107515,115009,115.004,2323,4326.128668,4.326128668,4750.939052,-0.089416088
113.172068,115059,115.054,2320,4313.239437,4.313239437,4750.939052,-0.092129074
113.207529,115109,115.104,2323,4326.128668,4.326128668,4750.939052,-0.089416088
113.271416,115159,115.154,2347,4430.83524,4.43083524,4750.939052,-0.067376956
113.307488,115209,115.204,2320,4313.239437,4.313239437,4750.939052,-0.092129074
113.357549,115259,115.254,2326,4339.061617,4.339061617,4750.939052,-0.0866939
113.414998,115309,115.304,2283,4157.781457,4.157781457,4750.939052,-0.124850601
113.457541,115359,115.354,2288,4178.417266,4.178417266,4750.939052,-0.120507079
113.507515,115409,115.404,2286,4170.149254,4.170149254,4750.939052,-0.122247369
113.580664,115459,115.454,2292,4195.008319,4.195008319,4750.939052,-0.117014916
113.607512,115509,115.504,2285,4166.022099,4.166022099,4750.939052,-0.123116072
113.657513,115559,115.554,2292,4195.008319,4.195008319,4750.939052,-0.117014916
113.72205,115609,115.604,2275,4125.0,4.125,4750.939052,-0.131750596
113.757507,115659,115.654,2299,4224.22049,4.22422049,4750.939052,-0.110866201
113.822449,115709,115.704,2304,4245.226131,4.245226131,4750.939052,-0.106444835
113.857539,115759,115.754,2301,4232.608696,4.232608696,4750.939052,-0.109100612
113.921669,115809,115.804,2304,4245.226131,4.245226131,4750.939052,-0.106444835
113.957541,115859,115.854,2310,4270.588235,4.270588235,4750.939052,-0.1011065
114.015672,115909,115.904,2324,4330.434783,4.330434783,4750.939052,-0.088509717
114.05754,115959,115.954,2324,4330.434783,4.330434783,4750.939052,-0.088509717
114.107531,116009,116.004,2313,4283.333333,4.283333333,4750.939052,-0.098423851
114.180253,116059,116.054,2319,4308.952703,4.308952703,4750.939052,-0.093031366
114.207552,116109,116.104,2320,4313.239437,4.313239437,4750.939052,-0.092129074
114.272331,116159,116.154,2295,4207.5,4.2075,4750.939052,-0.114385608
114.307491,116209,116.204,2295,4207.5,4.2075,4750.939052,-0.114385608
114.357567,116259,116.254,2308,4262.115277,4.262115277,4750.939052,-0.102889928
114.422317,116309,116.304,2305,4249.441341,4.249441341,4750.939052,-0.105557597
114.457528,116359,116.354,2297,4215.850945,4.215850945,4750.939052,-0.112627862
114.50746,116409,116.404,2301,4232.608696,4.232608696,4750.939052,-0.109100612
114.565415,116459,116.454,2309,4266.349384,4.266349384,4750.939052,-0.101998713
114.607508,116509,116.504,2319,4308.952703,4.308952703,4750.939052,-0.093031366
114.679764,116559,116.554,2298,4220.033389,4.220033389,4750.939052,-0.111747521
114.707534,116609,116.604,2297,4215.850945,4.215850945,4750.939052,-0.112627862
114.772466,116659,116.654,2337,4386.860068,4.386860068,4750.939052,-0.076633057
114.807514,116709,116.704,2338,4391.23506,4.39123506,4750.939052,-0.075712188
114.857512,116759,116.754,2323,4326.128668,4.326128668,4750.939052,-0.089416088
114.922777,116809,116.804,2337,4386.860068,4.386860068,4750.939052,-0.076633057
114.957524,116859,116.854,2352,4453.012048,4.453012048,4750.939052,-0.062709077
115.022951,116909,116.904,2324,4330.434783,4.330434783,4750.939052,-0.088509717
115.057518,116959,116.954,2314,4287.591241,4.287591241,4750.939052,-0.097527627
115.107522,117009,117.004,2325,4334.745763,4.334745763,4750.939052,-0.087602321
115.165997,117059,117.054,2294,4203.331483,4.203331483,4750.939052,-0.115263017
115.207526,117109,117.104,2293,4199.167592,4.199167592,4750.939052,-0.116139453
115.279269,117159,117.154,2288,4178.417266,4.178417266,4750.939052,-0.120507079
115.307544,117209,117.204,2278,4137.259218,4.137259218,4750.939052,-0.129170218
115.372181,117259,117.254,2277,4133.168317,4.133168317,4750.939052,-0.13003129
115.407493,117309,117.304,2287,4174.280973,4.174280973,4750.939052,-0.121377705
115.4575,117359,117.354,2289,4182.55814,4.18255814,4750.939052,-0.119635488
115.523567,117409,117.404,2298,4220.033389,4.220033389,4750.939052,-0.111747521
115.557487,117459,117.454,2304,4245.226131,4.245226131,4750.939052,-0.106444835
115.607504,117509,117.504,2305,4249.441341,4.249441341,4750.939052,-0.105557597
115.666294,117559,117.554,2316,4296.121417,4.296121417,4750.939052,-0.095732155
115.707485,117609,117.604,2322,4321.827411,4.321827411,4750.939052,-0.090321437
115.757505,117659,117.654,2322,4321.827411,4.321827411,4750.939052,-0.090321437
115.831273,117709,117.704,2322,4321.827411,4.321827411,4750.939052,-0.090321437
115.857501,117759,117.754,2318,4304.670793,4.304670793,4750.939052,-0.093932642
115.907481,117809,117.804,2315,4291.853933,4.291853933,4750.939052,-0.096630396
115.972514,117859,117.854,2310,4270.588235,4.270588235,4750.939052,-0.1011065
116.007508,117909,117.904,2310,4270.588235,4.270588235,4750.939052,-0.1011065
116.072868,117959,117.954,2313,4283.333333,4.283333333,4750.939052,-0.098423851
116.107484,118009,118.004,2315,4291.853933,4.291853933,4750.939052,-0.096630396
116.157501,118059,118.054,2294,4203.331483,4.203331483,4750.939052,-0.115263017
116.215557,118109,118.104,2296,4211.673152,4.211673152,4750.939052,-0.113507223
116.257496,118159,118.154,2290,4186.703601,4.186703601,4750.939052,-0.118762932
116.307517,118209,118.204,2293,4199.167592,4.199167592,4750.939052,-0.116139453
116.380578,118259,118.254,2298,4220.033389,4.220033389,4750.939052,-0.111747521
116.407519,118309,118.304,2310,4270.588235,4.270588235,4750.939052,-0.1011065
116.471814,118359,118.354,2316,4296.121417,4.296121417,4750.939052,-0.095732155
116.507497,118409,118.404,2325,4334.745763,4.334745763,4750.939052,-0.087602321
116.557475,118459,118.454,2305,4249.441341,4.249441341,4750.939052,-0.105557597
116.622715,118509,118.504,2330,4356.373938,4.356373938,4750.939052,-0.083049921
116.657483,118559,118.554,2362,4497.749567,4.497749567,4750.939052,-0.053292514
116.721949,118609,118.604,2344,4417.589949,4.417589949,4750.939052,-0.070164887
116.757499,118659,118.654,2311,4274.831839,4.274831839,4750.939052,-0.100213286
116.815699,118709,118.704,2314,4287.591241,4.287591241,4750.939052,-0.097527627
116.857465,118759,118.754,2309,4266.349384,4.266349384,4750.939052,-0.101998713
116.907474,118809,118.804,2302,4236.809816,4.236809816,4750.939052,-0.10821634
116.980846,118859,118.854,2285,4166.022099,4.166022099,4750.939052,-0.123116072
117.007416,118909,118.904,2299,4224.22049,4.22422049,4750.939052,-0.110866201
117.057517,118959,118.954,2294,4203.331483,4.203331483,4750.939052,-0.115263017
117.123445,119009,119.004,2291,4190.853659,4.190853659,4750.939052,-0.117889408
117.157455,119059,119.054,2291,4190.853659,4.190853659,4750.939052,-0.117889408
117.207514,119109,119.104,2302,4236.809816,4.236809816,4750.939052,-0.10821634
117.272857,119159,119.154,2298,4220.033389,4.220033389,4750.939052,-0.111747521
117.3075,119209,119.204,2319,4308.952703,4.308952703,4750.939052,-0.093031366
117.357507,119259,119.254,2313,4283.333333,4.283333333,4750.939052,-0.098423851
117.415572,119309,119.304,2311,4274.831839,4.274831839,4750.939052,-0.100213286
117.457491,119359,119.354,2318,4304.670793,4.304670793,4750.939052,-0.093932642
117.507416,119409,119.404,2331,4360.714286,4.360714286,4750.939052,-0.082136344
117.573366,119459,119.454,2311,4274.831839,4.274831839,4750.939052,-0.100213286
117.607472,119509,119.504,2309,4266.349384,4.266349384,4750.939052,-0.101998713
117.680059,119559,119.554,2304,4245.226131,4.245226131,4750.939052,-0.106444835
117.707397,119609,119.604,2304,4245.226131,4.245226131,4750.939052,-0.106444835
117.757498,119659,119.654,2301,4232.608696,4.232608696,4750.939052,-0.109100612
117.823263,119709,119.704,2305,4249.441341,4.249441341,4750.939052,-0.105557597
117.857481,119759,119.754,2289,4182.55814,4.18255814,4750.939052,-0.119635488
117.907483,119809,119.804,2288,4178.417266,4.178417266,4750.939052,-0.120507079
117.966363,119859,119.854,2293,4199.167592,4.199167592,4750.939052,-0.116139453
118.007503,119909,119.904,2293,4199.167592,4.199167592,4750.939052,-0.116139453
118.080782,119959,119.954,2289,4182.55814,4.18255814,4750.939052,-0.119635488
118.107489,120009,120.004,2300,4228.412256,4.228412256,4750.939052,-0.109983898
118.157483,120059,120.054,2319,4308.952703,4.308952703,4750.939052,-0.093031366
118.223014,120109,120.104,2311,4274.831839,4.274831839,4750.939052,-0.100213286
118.257521,120159,120.154,2311,4274.831839,4.274831839,4750.939052,-0.100213286
118.322698,120209,120.204,2318,4304.670793,4.304670793,4750.939052,-0.093932642
118.357421,120259,120.254,2351,4448.566514,4.448566514,4750.939052,-0.063644794
118.407501,120309,120.304,2332,4365.059558,4.365059558,4750.939052,-0.081221731
118.466258,120359,120.354,2312,4279.080202,4.279080202,4750.939052,-0.09931907
118.507529,120409,120.404,2303,4241.015625,4.241015625,4750.939052,-0.107331082
118.580259,120459,120.454,2305,4249.441341,4.249441341,4750.939052,-0.105557597
118.607472,120509,120.504,2292,4195.008319,4.195008319,4750.939052,-0.117014916
118.657504,120559,120.554,2295,4207.5,4.2075,4750.939052,-0.114385608
118.723629,120609,120.604,2287,4174.280973,4.174280973,4750.939052,-0.121377705
118.757513,120659,120.654,2287,4174.280973,4.174280973,4750.939052,-0.121377705
118.823072,120709,120.704,2288,4178.417266,4.178417266,4750.939052,-0.120507079
118.857498,120759,120.754,2290,4186.703601,4.186703601,4750.939052,-0.118762932
118.907445,120809,120.804,2305,4249.441341,4.249441341,4750.939052,-0.105557597
118.973978,120859,120.854,2284,4161.899503,4.161899503,4750.939052,-0.123983815
119.007435,120909,120.904,2284,4161.899503,4.161899503,4750.939052,-0.123983815
119.066192,120959,120.954,2302,4236.809816,4.236809816,4750.939052,-0.10821634
119.10747,121009,121.004,2303,4241.015625,4.241015625,4750.939052,-0.107331082
119.18057,121059,121.054,2314,4287.591241,4.287591241,4750.939052,-0.097527627
119.207475,121109,121.104,2329,4352.038505,4.352038505,4750.939052,-0.083962464
119.272801,121159,121.154,2319,4308.952703,4.308952703,4750.939052,-0.093031366
119.307517,121209,121.204,2327,4343.382353,4.343382353,4750.939052,-0.085784451
119.372714,121259,121.254,2315,4291.853933,4.291853933,4750.939052,-0.096630396
119.407489,121309,121.304,2310,4270.588235,4.270588235,4750.939052,-0.1011065
119.457479,121359,121.354,2309,4266.349384,4.266349384,4750.939052,-0.101998713
119.524526,121409,121.404,2305,4249.441341,4.249441341,4750.939052,-0.105557597
119.557459,121459,121.454,2288,4178.417266,4.178417266,4750.939052,-0.120507079
119.607456,121509,121.504,2286,4170.149254,4.170149254,4750.939052,-0.122247369
119.689551,121559,121.554,2288,4178.417266,4.178417266,4750.939052,-0.120507079
119.707523,121609,121.604,2300,4228.412256,4.228412256,4750.939052,-0.109983898
119.791773,121659,121.654,2288,4178.417266,4.178417266,4750.939052,-0.120507079
119.807426,121709,121.704,2303,4241.015625,4.241015625,4750.939052,-0.107331082
119.857404,121759,121.754,2307,4257.885906,4.257885906,4750.939052,-0.103780146
119.924178,121809,121.804,2309,4266.349384,4.266349384,4750.939052,-0.101998713
119.957452,121859,121.854,2312,4279.080202,4.279080202,4750.939052,-0.09931907
120.028551,121909,121.904,2317,4300.393701,4.300393701,4750.939052,-0.094832905
120.057479,121959,121.954,2344,4417.589949,4.417589949,4750.939052,-0.070164887
120.107503,122009,122.004,2343,4413.184932,4.413184932,4750.939052,-0.071092076
120.167789,122059,122.054,2313,4283.333333,4.283333333,4750.939052,-0.098423851
120.207446,122109,122.104,2320,4313.239437,4.313239437,4750.939052,-0.092129074
120.257455,122159,122.154,2285,4166.022099,4.166022099,4750.939052,-0.123116072
120.331671,122209,122.204,2287,4174.280973,4.174280973,4750.939052,-0.121377705
120.357495,122259,122.254,2293,4199.167592,4.199167592,4750.939052,-0.116139453
120.427035,122309,122.304,2269,4100.60241,4.10060241,4750.939052,-0.136885916
120.457465,122359,122.354,2287,4174.280973,4.174280973,4750.939052,-0.121377705
120.507476,122409,122.404,2285,4166.022099,4.166022099,4750.939052,-0.123116072
120.574001,122459,122.454,2292,4195.008319,4.195008319,4750.939052,-0.117014916
120.607479,122509,122.504,2290,4186.703601,4.186703601,4750.939052,-0.118762932
120.657489,122559,122.554,2299,4224.22049,4.22422049,4750.939052,-0.110866201
120.716739,122609,122.604,2287,4174.280973,4.174280973,4750.939052,-0.121377705
120.757449,122659,122.654,2291,4190.853659,4.190853659,4750.939052,-0.117889408
120.80742,122709,122.704,2304,4245.226131,4.245226131,4750.939052,-0.106444835
120.881661,122759,122.754,2311,4274.831839,4.274831839,4750.939052,-0.100213286
120.907404,122809,122.804,2321,4317.531003,4.317531003,4750.939052,-0.091225765
120.957478,122859,122.854,2321,4317.531003,4.317531003,4750.939052,-0.091225765
121.024006,122909,122.904,2315,4291.853933,4.291853933,4750.939052,-0.096630396
121.057432,122959,122.954,2304,4245.226131,4.245226131,4750.939052,-0.106444835
121.10748,123009,123.004,2311,4274.831839,4.274831839,4750.939052,-0.100213286
121.167104,123059,123.054,2301,4232.608696,4.232608696,4750.939052,-0.109100612
121.207472,123109,123.104,2293,4199.167592,4.199167592,4750.939052,-0.116139453
121.257514,123159,123.154,2303,4241.015625,4.241015625,4750.939052,-0.107331082
121.331134,123209,123.204,2293,4199.167592,4.199167592,4750.939052,-0.116139453
121.357464,123259,123.254,2301,4232.608696,4.232608696,4750.939052,-0.109100612
121.407452,123309,123.304,2292,4195.008319,4.195008319,4750.939052,-0.117014916
121.472862,123359,123.354,2289,4182.55814,4.18255814,4750.939052,-0.119635488
121.507441,123409,123.404,2293,4199.167592,4.199167592,4750.939052,-0.116139453
121.55741,123459,123.454,2312,4279.080202,4.279080202,4750.939052,-0.09931907
121.624018,123509,123.504,2314,4287.591241,4.287591241,4750.939052,-0.097527627
121.657409,123559,123.554,2317,4300.393701,4.300393701,4750.939052,-0.094832905
121.707439,123609,123.604,2308,4262.115277,4.262115277,4750.939052,-0.102889928
121.766587,123659,123.654,2337,4386.860068,4.386860068,4750.939052,-0.076633057
121.807448,123709,123.704,2333,4369.409762,4.369409762,4750.939052,-0.08030608
121.880842,123759,123.754,2341,4404.389966,4.404389966,4750.939052,-0.072943282
121.907436,123809,123.804,2348,4435.260446,4.435260446,4750.939052,-0.066445518
121.957424,123859,123.854,2296,4211.673152,4.211673152,4750.939052,-0.113507223
122.023841,123909,123.904,2302,4236.809816,4.236809816,4750.939052,-0.10821634
122.057432,123959,123.954,2299,4224.22049,4.22422049,4750.939052,-0.110866201
122.107434,124009,124.004,2290,4186.703601,4.186703601,4750.939052,-0.118762932
122.173757,124059,124.054,2289,4182.55814,4.18255814,4750.939052,-0.119635488
122.207464,124109,124.104,2289,4182.55814,4.18255814,4750.939052,-0.119635488
122.265481,124159,124.154,2288,4178.417266,4.178417266,4750.939052,-0.120507079
122.307482,124209,124.204,2290,4186.703601,4.186703601,4750.939052,-0.118762932
122.380055,124259,124.254,2291,4190.853659,4.190853659,4750.939052,-0.117889408
122.407475,124309,124.304,2282,4153.667954,4.153667954,4750.939052,-0.12571643
122.457433,124359,124.354,2269,4100.60241,4.10060241,4750.939052,-0.136885916
122.522989,124409,124.404,2296,4211.673152,4.211673152,4750.939052,-0.113507223
122.557432,124459,124.454,2320,4313.239437,4.313239437,4750.939052,-0.092129074
122.623636,124509,124.504,2320,4313.239437,4.313239437,4750.939052,-0.092129074
122.657409,124559,124.554,2321,4317.531003,4.317531003,4750.939052,-0.091225765
122.707393,124609,124.604,2311,4274.831839,4.274831839,4750.939052,-0.100213286
122.767525,124659,124.654,2300,4228.412256,4.228412256,4750.939052,-0.109983898
122.807448,124709,124.704,2303,4241.015625,4.241015625,4750.939052,-0.107331082
122.880797,124759,124.754,2289,4182.55814,4.18255814,4750.939052,-0.119635488
122.907448,124809,124.804,2279,4141.354626,4.141354626,4750.939052,-0.128308198
122.973489,124859,124.854,2267,4092.50547,4.09250547,4750.939052,-0.138590198
123.007484,124909,124.904,2294,4203.331483,4.203331483,4750.939052,-0.115263017
123.073744,124959,124.954,2272,4112.78113,4.11278113,4750.939052,-0.134322481
123.107428,125009,125.004,2288,4178.417266,4.178417266,4750.939052,-0.120507079
123.157477,125059,125.054,2286,4170.149254,4.170149254,4750.939052,-0.122247369
123.223928,125109,125.104,2291,4190.853659,4.190853659,4750.939052,-0.117889408
123.257447,125159,125.154,2299,4224.22049,4.22422049,4750.939052,-0.110866201
123.307474,125209,125.204,2307,4257.885906,4.257885906,4750.939052,-0.103780146
123.366489,125259,125.254,2318,4304.670793,4.304670793,4750.939052,-0.093932642
123.407438,125309,125.304,2289,4182.55814,4.18255814,4750.939052,-0.119635488
123.45746,125359,125.354,2332,4365.059558,4.365059558,4750.939052,-0.081221731
123.533202,125409,125.404,2346,4426.415094,4.426415094,4750.939052,-0.068307329
123.557444,125459,125.454,2312,4279.080202,4.279080202,4750.939052,-0.09931907
123.607436,125509,125.504,2316,4296.121417,4.296121417,4750.939052,-0.095732155
123.673892,125559,125.554,2308,4262.115277,4.262115277,4750.939052,-0.102889928
123.70742,125609,125.604,2292,4195.008319,4.195008319,4750.939052,-0.117014916
123.757441,125659,125.654,2299,4224.22049,4.22422049,4750.939052,-0.110866201
123.817019,125709,125.704,2292,4195.008319,4.195008319,4750.939052,-0.117014916
123.857419,125759,125.754,2288,4178.417266,4.178417266,4750.939052,-0.120507079
123.907435,125809,125.804,2290,4186.703601,4.186703601,4750.939052,-0.118762932
123.981727,125859,125.854,2297,4215.850945,4.215850945,4750.939052,-0.112627862
124.007403,125909,125.904,2288,4178.417266,4.178417266,4750.939052,-0.120507079
124.057416,125959,125.954,2279,4141.354626,4.141354626,4750.939052,-0.128308198
124.12437,126009,126.004,2284,4161.899503,4.161899503,4750.939052,-0.123983815
124.157402,126059,126.054,2294,4203.331483,4.203331483,4750.939052,-0.115263017
124.207449,126109,126.104,2288,4178.417266,4.178417266,4750.939052,-0.120507079
124.267183,126159,126.154,2317,4300.393701,4.300393701,4750.939052,-0.094832905
124.307395,126209,126.204,2306,4253.661263,4.253661263,4750.939052,-0.104669368
124.357468,126259,126.254,2320,4313.239437,4.313239437,4750.939052,-0.092129074
124.42429,126309,126.304,2323,4326.128668,4.326128668,4750.939052,-0.089416088
124.457413,126359,126.354,2317,4300.393701,4.300393701,4750.939052,-0.094832905
124.507377,126409,126.404,2301,4232.608696,4.232608696,4750.939052,-0.109100612
124.580898,126459,126.454,2296,4211.673152,4.211673152,4750.939052,-0.113507223
124.607455,126509,126.504,2288,4178.417266,4.178417266,4750.939052,-0.120507079
124.673913,126559,126.554,2277,4133.168317,4.133168317,4750.939052,-0.13003129
124.707417,126609,126.604,2278,4137.259218,4.137259218,4750.939052,-0.129170218
124.757421,126659,126.654,2250,4024.390244,4.024390244,4750.939052,-0.152927411
124.82458,126709,126.704,2273,4116.849616,4.116849616,4750.939052,-0.133466127
124.857458,126759,126.754,2271,4108.717105,4.108717105,4750.939052,-0.135177896
124.923692,126809,126.804,2298,4220.033389,4.220033389,4750.939052,-0.111747521
124.95742,126859,126.854,2295,4207.5,4.2075,4750.939052,-0.114385608
125.016628,126909,126.904,2301,4232.608696,4.232608696,4750.939052,-0.109100612
125.057398,126959,126.954,2311,4274.831839,4.274831839,4750.939052,-0.100213286
125.107431,127009,127.004,2317,4300.393701,4.300393701,4750.939052,-0.094832905
125.181808,127059,127.054,2328,4347.70798,4.34770798,4750.939052,-0.084873973
125.207443,127109,127.104,2328,4347.70798,4.34770798,4750.939052,-0.084873973
125.273653,127159,127.154,2316,4296.121417,4.296121417,4750.939052,-0.095732155
125.307421,127209,127.204,2307,4257.885906,4.257885906,4750.939052,-0.103780146
125.357415,127259,127.254,2303,4241.015625,4.241015625,4750.939052,-0.107331082
125.423465,127309,127.304,2310,4270.588235,4.270588235,4750.939052,-0.1011065
125.457444,127359,127.354,2303,4241.015625,4.241015625,4750.939052,-0.107331082
125.516578,127409,127.404,2285,4166.022099,4.166022099,4750.939052,-0.123116072
125.557424,127459,127.454,2278,4137.259218,4.137259218,4750.939052,-0.129170218
125.607442,127509,127.504,2288,4178.417266,4.178417266,4750.939052,-0.120507079
125.681775,127559,127.554,2298,4220.033389,4.220033389,4750.939052,-0.111747521
125.707465,127609,127.604,2288,4178.417266,4.178417266,4750.939052,-0.120507079
125.773813,127659,127.654,2283,4157.781457,4.157781457,4750.939052,-0.124850601
125.807408,127709,127.704,2284,4161.899503,4.161899503,4750.939052,-0.123983815
125.8574,127759,127.754,2283,4157.781457,4.157781457,4750.939052,-0.124850601
125.924152,127809,127.804,2287,4174.280973,4.174280973,4750.939052,-0.121377705
125.95741,127859,127.854,2305,4249.441341,4.249441341,4750.939052,-0.105557597
126.024793,127909,127.904,2321,4317.531003,4.317531003,4750.939052,-0.091225765
126.057326,127959,127.954,2333,4369.409762,4.369409762,4750.939052,-0.08030608
126.107432,128009,128.004,2329,4352.038505,4.352038505,4750.939052,-0.083962464
126.166613,128059,128.054,2324,4330.434783,4.330434783,4750.939052,-0.088509717
126.207404,128109,128.104,2301,4232.608696,4.232608696,4750.939052,-0.109100612
126.257442,128159,128.154,2300,4228.412256,4.228412256,4750.939052,-0.109983898
126.332664,128209,128.204,2289,4182.55814,4.18255814,4750.939052,-0.119635488
126.357455,128259,128.254,2283,4157.781457,4.157781457,4750.939052,-0.124850601
126.422947,128309,128.304,2272,4112.78113,4.11278113,4750.939052,-0.134322481
126.457389,128359,128.354,2286,4170.149254,4.170149254,4750.939052,-0.122247369
126.507315,128409,128.404,2273,4116.849616,4.116849616,4750.939052,-0.133466127
126.574368,128459,128.454,2267,4092.50547,4.09250547,4750.939052,-0.138590198
126.607399,128509,128.504,2280,4145.454545,4.145454545,4750.939052,-0.127445227
126.666637,128559,128.554,2284,4161.899503,4.161899503,4750.939052,-0.123983815
126.707404,128609,128.604,2300,4228.412256,4.228412256,4750.939052,-0.109983898
126.780878,128659,128.654,2308,4262.115277,4.262115277,4750.939052,-0.102889928
126.807368,128709,128.704,2303,4241.015625,4.241015625,4750.939052,-0.107331082
126.857394,128759,128.754,2310,4270.588235,4.270588235,4750.939052,-0.1011065
126.924102,128809,128.804,2338,4391.23506,4.39123506,4750.939052,-0.075712188
126.957436,128859,128.854,2325,4334.745763,4.334745763,4750.939052,-0.087602321
127.024682,128909,128.904,2325,4334.745763,4.334745763,4750.939052,-0.087602321
127.057448,128959,128.954,2315,4291.853933,4.291853933,4750.939052,-0.096630396
127.107485,129009,129.004,2307,4257.885906,4.257885906,4750.939052,-0.103780146
127.166936,129059,129.054,2303,4241.015625,4.241015625,4750.939052,-0.107331082
127.207394,129109,129.104,2289,4182.55814,4.18255814,4750.939052,-0.119635488
127.257365,129159,129.154,2290,4186.703601,4.186703601,4750.939052,-0.118762932
127.332025,129209,129.204,2295,4207.5,4.2075,4750.939052,-0.114385608
127.35741,129259,129.254,2297,4215.850945,4.215850945,4750.939052,-0.112627862
127.422742,129309,129.304,2296,4211.673152,4.211673152,4750.939052,-0.113507223
127.457414,129359,129.354,2282,4153.667954,4.153667954,4750.939052,-0.12571643
127.523652,129409,129.404,2284,4161.899503,4.161899503,4750.939052,-0.123983815
127.5574,129459,129.454,2290,4186.703601,4.186703601,4750.939052,-0.118762932
127.607397,129509,129.504,2294,4203.331483,4.203331483,4750.939052,-0.115263017
127.674078,129559,129.554,2314,4287.591241,4.287591241,4750.939052,-0.097527627
127.707437,129609,129.604,2309,4266.349384,4.266349384,4750.939052,-0.101998713
127.767897,129659,129.654,2334,4373.764906,4.373764906,4750.939052,-0.079389388
127.80736,129709,129.704,2347,4430.83524,4.43083524,4750.939052,-0.067376956
127.857374,129759,129.754,2303,4241.015625,4.241015625,4750.939052,-0.107331082
127.925351,129809,129.804,2312,4279.080202,4.279080202,4750.939052,-0.09931907
127.957386,129859,129.854,2293,4199.167592,4.199167592,4750.939052,-0.116139453
128.031896,129909,129.904,2298,4220.033389,4.220033389,4750.939052,-0.111747521
128.057396,129959,129.954,2283,4157.781457,4.157781457,4750.939052,-0.124850601
128.107386,130009,130.004,2280,4145.454545,4.145454545,4750.939052,-0.127445227
128.173941,130059,130.054,2265,4084.42623,4.08442623,4750.939052,-0.140290754
128.207404,130109,130.104,2280,4145.454545,4.145454545,4750.939052,-0.127445227
128.266498,130159,130.154,2272,4112.78113,4.11278113,4750.939052,-0.134322481
128.307397,130209,130.204,2278,4137.259218,4.137259218,4750.939052,-0.129170218
128.357388,130259,130.254,2277,4133.168317,4.133168317,4750.939052,-0.13003129
128.431792,130309,130.304,2294,4203.331483,4.203331483,4750.939052,-0.115263017
128.457367,130359,130.354,2315,4291.853933,4.291853933,4750.939052,-0.096630396
128.507378,130409,130.404,2307,4257.885906,4.257885906,4750.939052,-0.103780146
128.574097,130459,130.454,2305,4249.441341,4.249441341,4750.939052,-0.105557597
128.607411,130509,130.504,2339,4395.615034,4.395615034,4750.939052,-0.074790271
128.674134,130559,130.554,2344,4417.589949,4.417589949,4750.939052,-0.070164887
128.707392,130609,130.604,2297,4215.850945,4.215850945,4750.939052,-0.112627862
128.757437,130659,130.654,2314,4287.591241,4.287591241,4750.939052,-0.097527627
128.817382,130709,130.704,2300,4228.412256,4.228412256,4750.939052,-0.109983898
128.857426,130759,130.754,2309,4266.349384,4.266349384,4750.939052,-0.101998713
128.907355,130809,130.804,2289,4182.55814,4.18255814,4750.939052,-0.119635488
128.982139,130859,130.854,2288,4178.417266,4.178417266,4750.939052,-0.120507079
129.007346,130909,130.904,2277,4133.168317,4.133168317,4750.939052,-0.13003129
129.074403,130959,130.954,2294,4203.331483,4.203331483,4750.939052,-0.115263017
129.107436,131009,131.004,2289,4182.55814,4.18255814,4750.939052,-0.119635488
129.1735,131059,131.054,2279,4141.354626,4.141354626,4750.939052,-0.128308198
129.207363,131109,131.104,2285,4166.022099,4.166022099,4750.939052,-0.123116072
129.257423,131159,131.154,2274,4120.92257,4.12092257,4750.939052,-0.132608833
129.317411,131209,131.204,2309,4266.349384,4.266349384,4750.939052,-0.101998713
129.357434,131259,131.254,2289,4182.55814,4.18255814,4750.939052,-0.119635488
129.424136,131309,131.304,2300,4228.412256,4.228412256,4750.939052,-0.109983898
129.457417,131359,131.354,2314,4287.591241,4.287591241,4750.939052,-0.097527627
129.507317,131409,131.404,2316,4296.121417,4.296121417,4750.939052,-0.095732155
129.581551,131459,131.454,2315,4291.853933,4.291853933,4750.939052,-0.096630396
129.607388,131509,131.504,2298,4220.033389,4.220033389,4750.939052,-0.111747521
129.674408,131559,131.554,2289,4182.55814,4.18255814,4750.939052,-0.119635488
129.707424,131609,131.604,2275,4125.0,4.125,4750.939052,-0.131750596
129.774184,131659,131.654,2285,4166.022099,4.166022099,4750.939052,-0.123116072
129.807365,131709,131.704,2265,4084.42623,4.08442623,4750.939052,-0.140290754
129.857397,131759,131.754,2289,4182.55814,4.18255814,4750.939052,-0.119635488
129.924599,131809,131.804,2286,4170.149254,4.170149254,4750.939052,-0.122247369
129.957385,131859,131.854,2272,4112.78113,4.11278113,4750.939052,-0.134322481
130.018066,131909,131.904,2295,4207.5,4.2075,4750.939052,-0.114385608
130.057364,131959,131.954,2280,4145.454545,4.145454545,4750.939052,-0.127445227
130.107419,132009,132.004,2259,4060.294118,4.060294118,4750.939052,-0.145370195
130.181771,132059,132.054,2309,4266.349384,4.266349384,4750.939052,-0.101998713
130.2074,132109,132.104,2302,4236.809816,4.236809816,4750.939052,-0.10821634
130.257412,132159,132.154,2316,4296.121417,4.296121417,4750.939052,-0.095732155
130.32372,132209,132.204,2343,4413.184932,4.413184932,4750.939052,-0.071092076
130.357386,132259,132.254,2325,4334.745763,4.334745763,4750.939052,-0.087602321
130.407432,132309,132.304,2294,4203.331483,4.203331483,4750.939052,-0.115263017
130.474013,132359,132.354,2316,4296.121417,4.296121417,4750.939052,-0.095732155
130.507368,132409,132.404,2304,4245.226131,4.245226131,4750.939052,-0.106444835
130.557378,132459,132.454,2307,4257.885906,4.257885906,4750.939052,-0.103780146
130.617659,132509,132.504,2300,4228.412256,4.228412256,4750.939052,-0.109983898
130.657376,132559,132.554,2292,4195.008319,4.195008319,4750.939052,-0.117014916
130.707341,132609,132.604,2282,4153.667954,4.153667954,4750.939052,-0.12571643
130.782912,132659,132.654,2292,4195.008319,4.195008319,4750.939052,-0.117014916
130.807381,132709,132.704,2271,4108.717105,4.108717105,4750.939052,-0.135177896
130.874418,132759,132.754,2288,4178.417266,4.178417266,4750.939052,-0.120507079
130.907363,132809,132.804,2296,4211.673152,4.211673152,4750.939052,-0.113507223
130.957423,132859,132.854,2276,4129.081913,4.129081913,4750.939052,-0.130891416
131.025129,132909,132.904,2298,4220.033389,4.220033389,4750.939052,-0.111747521
131.057324,132959,132.954,2281,4149.558986,4.149558986,4750.939052,-0.126581305
131.107346,133009,133.004,2290,4186.703601,4.186703601,4750.939052,-0.118762932
131.166966,133059,133.054,2328,4347.70798,4.34770798,4750.939052,-0.084873973
131.207381,133109,133.104,2317,4300.393701,4.300393701,4750.939052,-0.094832905
131.281253,133159,133.154,2329,4352.038505,4.352038505,4750.939052,-0.083962464
131.307363,133209,133.204,2286,4170.149254,4.170149254,4750.939052,-0.122247369
131.357402,133259,133.254,2314,4287.591241,4.287591241,4750.939052,-0.097527627
131.423933,133309,133.304,2282,4153.667954,4.153667954,4750.939052,-0.12571643
131.45737,133359,133.354,2305,4249.441341,4.249441341,4750.939052,-0.105557597
131.507407,133409,133.404,2277,4133.168317,4.133168317,4750.939052,-0.13003129
131.578409,133459,133.454,2292,4195.008319,4.195008319,4750.939052,-0.117014916
131.607387,133509,133.504,2296,4211.673152,4.211673152,4750.939052,-0.113507223
131.657355,133559,133.554,2273,4116.849616,4.116849616,4750.939052,-0.133466127
131.717043,133609,133.604,2288,4178.417266,4.178417266,4750.939052,-0.120507079
131.757396,133659,133.654,2282,4153.667954,4.153667954,4750.939052,-0.12571643
131.831638,133709,133.704,2283,4157.781457,4.157781457,4750.939052,-0.124850601
131.857374,133759,133.754,2278,4137.259218,4.137259218,4750.939052,-0.129170218
131.907423,133809,133.804,2304,4245.226131,4.245226131,4750.939052,-0.106444835
131.975003,133859,133.854,2294,4203.331483,4.203331483,4750.939052,-0.115263017
132.007393,133909,133.904,2305,4249.441341,4.249441341,4750.939052,-0.105557597
132.057382,133959,133.954,2320,4313.239437,4.313239437,4750.939052,-0.092129074
132.124913,134009,134.004,2322,4321.827411,4.321827411,4750.939052,-0.090321437
132.157331,134059,134.054,2303,4241.015625,4.241015625,4750.939052,-0.107331082
132.207364,134109,134.104,2314,4287.591241,4.287591241,4750.939052,-0.097527627
132.267611,134159,134.154,2302,4236.809816,4.236809816,4750.939052,-0.10821634
132.307384,134209,134.204,2294,4203.331483,4.203331483,4750.939052,-0.115263017
132.381167,134259,134.254,2287,4174.280973,4.174280973,4750.939052,-0.121377705
132.407369,134309,134.304,2264,4080.393228,4.080393228,4750.939052,-0.141139639
132.457406,134359,134.354,2285,4166.022099,4.166022099,4750.939052,-0.123116072
132.525864,134409,134.404,2295,4207.5,4.2075,4750.939052,-0.114385608
132.557336,134459,134.454,2282,4153.667954,4.153667954,4750.939052,-0.12571643
132.607374,134509,134.504,2275,4125.0,4.125,4750.939052,-0.131750596
132.675457,134559,134.554,2282,4153.667954,4.153667954,4750.939052,-0.12571643
132.707315,134609,134.604,2297,4215.850945,4.215850945,4750.939052,-0.112627862
132.757329,134659,134.654,2293,4199.167592,4.199167592,4750.939052,-0.116139453
132.817221,134709,134.704,2294,4203.331483,4.203331483,4750.939052,-0.115263017
132.857348,134759,134.754,2310,4270.588235,4.270588235,4750.939052,-0.1011065
132.931865,134809,134.804,2323,4326.128668,4.326128668,4750.939052,-0.089416088
132.957379,134859,134.854,2324,4330.434783,4.330434783,4750.939052,-0.088509717
133.025293,134909,134.904,2312,4279.080202,4.279080202,4750.939052,-0.09931907
133.057396,134959,134.954,2298,4220.033389,4.220033389,4750.939052,-0.111747521
133.107367,135009,135.004,2289,4182.55814,4.18255814,4750.939052,-0.119635488
133.167578,135059,135.054,2312,4279.080202,4.279080202,4750.939052,-0.09931907
133.207376,135109,135.104,2288,4178.417266,4.178417266,4750.939052,-0.120507079
133.27484,135159,135.154,2283,4157.781457,4.157781457,4750.939052,-0.124850601
133.307408,135209,135.204,2284,4161.899503,4.161899503,4750.939052,-0.123983815
133.382342,135259,135.254,2287,4174.280973,4.174280973,4750.939052,-0.121377705
133.407405,135309,135.304,2273,4116.849616,4.116849616,4750.939052,-0.133466127
133.474266,135359,135.354,2296,4211.673152,4.211673152,4750.939052,-0.113507223
133.507323,135409,135.404,2290,4186.703601,4.186703601,4750.939052,-0.118762932
133.557326,135459,135.454,2289,4182.55814,4.18255814,4750.939052,-0.119635488
133.624967,135509,135.504,2320,4313.239437,4.313239437,4750.939052,-0.092129074
133.657361,135559,135.554,2287,4174.280973,4.174280973,4750.939052,-0.121377705
133.724961,135609,135.604,2290,4186.703601,4.186703601,4750.939052,-0.118762932
133.757382,135659,135.654,2333,4369.409762,4.369409762,4750.939052,-0.08030608
133.817397,135709,135.704,2319,4308.952703,4.308952703,4750.939052,-0.093031366
133.857354,135759,135.754,2292,4195.008319,4.195008319,4750.939052,-0.117014916
133.90737,135809,135.804,2300,4228.412256,4.228412256,4750.939052,-0.109983898
133.987143,135859,135.854,2293,4199.167592,4.199167592,4750.939052,-0.116139453
134.007338,135909,135.904,2303,4241.015625,4.241015625,4750.939052,-0.107331082
134.057318,135959,135.954,2281,4149.558986,4.149558986,4750.939052,-0.126581305
134.129259,136009,136.004,2283,4157.781457,4.157781457,4750.939052,-0.124850601
134.15728,136059,136.054,2300,4228.412256,4.228412256,4750.939052,-0.109983898
134.207364,136109,136.104,2288,4178.417266,4.178417266,4750.939052,-0.120507079
134.278702,136159,136.154,2267,4092.50547,4.09250547,4750.939052,-0.138590198
134.307373,136209,136.204,2269,4100.60241,4.10060241,4750.939052,-0.136885916
134.370554,136259,136.254,2271,4108.717105,4.108717105,4750.939052,-0.135177896
134.407386,136309,136.304,2293,4199.167592,4.199167592,4750.939052,-0.116139453
134.478197,136359,136.354,2289,4182.55814,4.18255814,4750.939052,-0.119635488
134.507284,136409,136.404,2296,4211.673152,4.211673152,4750.939052,-0.113507223
134.557382,136459,136.454,2292,4195.008319,4.195008319,4750.939052,-0.117014916
134.638739,136509,136.504,2303,4241.015625,4.241015625,4750.939052,-0.107331082
134.657308,136559,136.554,2326,4339.061617,4.339061617,4750.939052,-0.0866939
134.707374,136609,136.604,2310,4270.588235,4.270588235,4750.939052,-0.1011065
134.78059,136659,136.654,2293,4199.167592,4.199167592,4750.939052,-0.116139453
134.80733,136709,136.704,2283,4157.781457,4.157781457,4750.939052,-0.124850601
134.857341,136759,136.754,2281,4149.558986,4.149558986,4750.939052,-0.126581305
134.923476,136809,136.804,2286,4170.149254,4.170149254,4750.939052,-0.122247369
134.957351,136859,136.854,2287,4174.280973,4.174280973,4750.939052,-0.121377705
135.038238,136909,136.904,2280,4145.454545,4.145454545,4750.939052,-0.127445227
135.057336,136959,136.954,2273,4116.849616,4.116849616,4750.939052,-0.133466127
135.107409,137009,137.004,2274,4120.92257,4.12092257,4750.939052,-0.132608833
135.180748,137059,137.054,2292,4195.008319,4.195008319,4750.939052,-0.117014916
135.207368,137109,137.104,2278,4137.259218,4.137259218,4750.939052,-0.129170218
135.257374,137159,137.154,2307,4257.885906,4.257885906,4750.939052,-0.103780146
135.330185,137209,137.204,2301,4232.608696,4.232608696,4750.939052,-0.109100612
135.357354,137259,137.254,2301,4232.608696,4.232608696,4750.939052,-0.109100612
135.407326,137309,137.304,2304,4245.226131,4.245226131,4750.939052,-0.106444835
135.473166,137359,137.354,2321,4317.531003,4.317531003,4750.939052,-0.091225765
135.507345,137409,137.404,2339,4395.615034,4.395615034,4750.939052,-0.074790271
135.588395,137459,137.454,2306,4253.661263,4.253661263,4750.939052,-0.104669368
135.607315,137509,137.504,2305,4249.441341,4.249441341,4750.939052,-0.105557597
135.657334,137559,137.554,2295,4207.5,4.2075,4750.939052,-0.114385608
135.731628,137609,137.604,2293,4199.167592,4.199167592,4750.939052,-0.116139453
135.757346,137659,137.654,2290,4186.703601,4.186703601,4750.939052,-0.118762932
135.831319,137709,137.704,2284,4161.899503,4.161899503,4750.939052,-0.123983815
135.857316,137759,137.754,2282,4153.667954,4.153667954,4750.939052,-0.12571643
135.907347,137809,137.804,2296,4211.673152,4.211673152,4750.939052,-0.113507223
135.973294,137859,137.854,2291,4190.853659,4.190853659,4750.939052,-0.117889408
136.007306,137909,137.904,2277,4133.168317,4.133168317,4750.939052,-0.13003129
136.057302,137959,137.954,2287,4174.280973,4.174280973,4750.939052,-0.121377705
136.138645,138009,138.004,2273,4116.849616,4.116849616,4750.939052,-0.133466127
136.157339,138059,138.054,2287,4174.280973,4.174280973,4750.939052,-0.121377705
136.231502,138109,138.104,2296,4211.673152,4.211673152,4750.939052,-0.113507223
136.257338,138159,138.154,2299,4224.22049,4.22422049,4750.939052,-0.110866201
136.306414,138209,138.204,2316,4296.121417,4.296121417,4750.939052,-0.095732155
136.380588,138259,138.254,2308,4262.115277,4.262115277,4750.939052,-0.102889928
136.406382,138309,138.304,2306,4253.661263,4.253661263,4750.939052,-0.104669368
136.456387,138359,138.354,2291,4190.853659,4.190853659,4750.939052,-0.117889408
136.524302,138409,138.404,2288,4178.417266,4.178417266,4750.939052,-0.120507079
136.557337,138459,138.454,2292,4195.008319,4.195008319,4750.939052,-0.117014916
136.639062,138509,138.504,2289,4182.55814,4.18255814,4750.939052,-0.119635488
136.656431,138559,138.554,2278,4137.259218,4.137259218,4750.939052,-0.129170218
136.706428,138609,138.604,2272,4112.78113,4.11278113,4750.939052,-0.134322481
136.781447,138659,138.654,2274,4120.92257,4.12092257,4750.939052,-0.132608833
136.806418,138709,138.704,2267,4092.50547,4.09250547,4750.939052,-0.138590198
136.856388,138759,138.754,2277,4133.168317,4.133168317,4750.939052,-0.13003129
136.930907,138809,138.804,2282,4153.667954,4.153667954,4750.939052,-0.12571643
136.956416,138859,138.854,2291,4190.853659,4.190853659,4750.939052,-0.117889408
137.024975,138909,138.904,2309,4266.349384,4.266349384,4750.939052,-0.101998713
137.05637,138959,138.954,2308,4262.115277,4.262115277,4750.939052,-0.102889928
137.106362,139009,139.004,2308,4262.115277,4.262115277,4750.939052,-0.102889928
137.188341,139059,139.054,2314,4287.591241,4.287591241,4750.939052,-0.097527627
137.206341,139109,139.104,2344,4417.589949,4.417589949,4750.939052,-0.070164887
137.256374,139159,139.154,2309,4266.349384,4.266349384,4750.939052,-0.101998713
137.331008,139209,139.204,2283,4157.781457,4.157781457,4750.939052,-0.124850601
137.356419,139259,139.254,2302,4236.809816,4.236809816,4750.939052,-0.10821634
137.430456,139309,139.304,2298,4220.033389,4.220033389,4750.939052,-0.111747521
137.456349,139359,139.354,2287,4174.280973,4.174280973,4750.939052,-0.121377705
137.50645,139409,139.404,2283,4157.781457,4.157781457,4750.939052,-0.124850601
137.575482,139459,139.454,2277,4133.168317,4.133168317,4750.939052,-0.13003129
137.606416,139509,139.504,2281,4149.558986,4.149558986,4750.939052,-0.126581305
137.656402,139559,139.554,2265,4084.42623,4.08442623,4750.939052,-0.140290754
137.740481,139609,139.604,2254,4040.304183,4.040304183,4750.939052,-0.14957777
137.756411,139659,139.654,2275,4125.0,4.125,4750.939052,-0.131750596
137.832725,139709,139.704,2277,4133.168317,4.133168317,4750.939052,-0.13003129
137.856389,139759,139.754,2288,4178.417266,4.178417266,4750.939052,-0.120507079
137.906331,139809,139.804,2293,4199.167592,4.199167592,4750.939052,-0.116139453
137.982591,139859,139.854,2287,4174.280973,4.174280973,4750.939052,-0.121377705
138.006313,139909,139.904,2304,4245.226131,4.245226131,4750.939052,-0.106444835
138.056389,139959,139.954,2303,4241.015625,4.241015625,4750.939052,-0.107331082
138.125598,140009,140.004,2297,4215.850945,4.215850945,4750.939052,-0.112627862
138.156383,140059,140.054,2286,4170.149254,4.170149254,4750.939052,-0.122247369
138.206383,140109,140.104,2288,4178.417266,4.178417266,4750.939052,-0.120507079
138.282913,140159,140.154,2282,4153.667954,4.153667954,4750.939052,-0.12571643
138.306422,140209,140.204,2288,4178.417266,4.178417266,4750.939052,-0.120507079
138.389152,140259,140.254,2284,4161.899503,4.161899503,4750.939052,-0.123983815
138.40637,140309,140.304,2286,4170.149254,4.170149254,4750.939052,-0.122247369
138.456358,140359,140.354,2263,4076.364629,4.076364629,4750.939052,-0.141987598
138.532424,140409,140.404,2259,4060.294118,4.060294118,4750.939052,-0.145370195
138.556304,140459,140.454,2266,4088.463641,4.088463641,4750.939052,-0.139440941
138.606382,140509,140.504,2275,4125.0,4.125,4750.939052,-0.131750596
138.676994,140559,140.554,2271,4108.717105,4.108717105,4750.939052,-0.135177896
138.7064,140609,140.604,2274,4120.92257,4.12092257,4750.939052,-0.132608833
138.790739,140659,140.654,2312,4279.080202,4.279080202,4750.939052,-0.09931907
138.806372,140709,140.704,2316,4296.121417,4.296121417,4750.939052,-0.095732155
138.856377,140759,140.754,2314,4287.591241,4.287591241,4750.939052,-0.097527627
138.933663,140809,140.804,2328,4347.70798,4.34770798,4750.939052,-0.084873973
138.956402,140859,140.854,2312,4279.080202,4.279080202,4750.939052,-0.09931907
139.035575,140909,140.904,2301,4232.608696,4.232608696,4750.939052,-0.109100612
139.05638,140959,140.954,2289,4182.55814,4.18255814,4750.939052,-0.119635488
139.10637,141009,141.004,2290,4186.703601,4.186703601,4750.939052,-0.118762932
139.183892,141059,141.054,2284,4161.899503,4.161899503,4750.939052,-0.123983815
139.206392,141109,141.104,2279,4141.354626,4.141354626,4750.939052,-0.128308198
139.276457,141159,141.154,2267,4092.50547,4.09250547,4750.939052,-0.138590198
139.306364,141209,141.204,2273,4116.849616,4.116849616,4750.939052,-0.133466127
139.35638,141259,141.254,2277,4133.168317,4.133168317,4750.939052,-0.13003129
139.440471,141309,141.304,2277,4133.168317,4.133168317,4750.939052,-0.13003129
139.456385,141359,141.354,2276,4129.081913,4.129081913,4750.939052,-0.130891416
139.534086,141409,141.404,2267,4092.50547,4.09250547,4750.939052,-0.138590198
139.556344,141459,141.454,2276,4129.081913,4.129081913,4750.939052,-0.130891416
139.606351,141509,141.504,2292,4195.008319,4.195008319,4750.939052,-0.117014916
139.677786,141559,141.554,2264,4080.393228,4.080393228,4750.939052,-0.141139639
139.706383,141609,141.604,2284,4161.899503,4.161899503,4750.939052,-0.123983815
139.784368,141659,141.654,2297,4215.850945,4.215850945,4750.939052,-0.112627862
139.806356,141709,141.704,2302,4236.809816,4.236809816,4750.939052,-0.10821634
139.85634,141759,141.754,2270,4104.657534,4.104657534,4750.939052,-0.136032374
139.94174,141809,141.804,2275,4125.0,4.125,4750.939052,-0.131750596
139.956369,141859,141.854,2270,4104.657534,4.104657534,4750.939052,-0.136032374
140.035164,141909,141.904,2268,4096.551724,4.096551724,4750.939052,-0.137738523
140.056357,141959,141.954,2274,4120.92257,4.12092257,4750.939052,-0.132608833
140.1064,142009,142.004,2276,4129.081913,4.129081913,4750.939052,-0.130891416
140.185303,142059,142.054,2256,4048.287113,4.048287113,4750.939052,-0.147897486
140.206323,142109,142.104,2273,4116.849616,4.116849616,4750.939052,-0.133466127
140.256352,142159,142.154,2263,4076.364629,4.076364629,4750.939052,-0.141987598
140.32717,142209,142.204,2260,4064.305177,4.064305177,4750.939052,-0.144525928
140.356332,142259,142.254,2254,4040.304183,4.040304183,4750.939052,-0.14957777
140.406339,142309,142.304,2286,4170.149254,4.170149254,4750.939052,-0.122247369
140.495742,142359,142.354,2312,4279.080202,4.279080202,4750.939052,-0.09931907
140.506341,142409,142.404,2296,4211.673152,4.211673152,4750.939052,-0.113507223
140.58651,142459,142.454,2312,4279.080202,4.279080202,4750.939052,-0.09931907
140.60636,142509,142.504,2324,4330.434783,4.330434783,4750.939052,-0.088509717
140.685154,142559,142.554,2323,4326.128668,4.326128668,4750.939052,-0.089416088
140.706343,142609,142.604,2303,4241.015625,4.241015625,4750.939052,-0.107331082
140.756384,142659,142.654,2303,4241.015625,4.241015625,4750.939052,-0.107331082
140.83644,142709,142.704,2282,4153.667954,4.153667954,4750.939052,-0.12571643
140.856386,142759,142.754,2284,4161.899503,4.161899503,4750.939052,-0.123983815
140.929192,142809,142.804,2297,4215.850945,4.215850945,4750.939052,-0.112627862
140.95634,142859,142.854,2268,4096.551724,4.096551724,4750.939052,-0.137738523
141.04476,142909,142.904,2282,4153.667954,4.153667954,4750.939052,-0.12571643
141.056384,142959,142.954,2279,4141.354626,4.141354626,4750.939052,-0.128308198
141.106382,143009,143.004,2273,4116.849616,4.116849616,4750.939052,-0.133466127
141.186554,143059,143.054,2278,4137.259218,4.137259218,4750.939052,-0.129170218
141.206349,143109,143.104,2273,4116.849616,4.116849616,4750.939052,-0.133466127
141.256359,143159,143.154,2280,4145.454545,4.145454545,4750.939052,-0.127445227
141.335505,143209,143.204,2290,4186.703601,4.186703601,4750.939052,-0.118762932
141.356341,143259,143.254,2304,4245.226131,4.245226131,4750.939052,-0.106444835
141.406333,143309,143.304,2277,4133.168317,4.133168317,4750.939052,-0.13003129
141.478838,143359,143.354,2291,4190.853659,4.190853659,4750.939052,-0.117889408
141.506381,143409,143.404,2306,4253.661263,4.253661263,4750.939052,-0.104669368
141.594628,143459,143.454,2280,4145.454545,4.145454545,4750.939052,-0.127445227
141.606381,143509,143.504,2255,4044.293478,4.044293478,4750.939052,-0.148738084
141.656351,143559,143.554,2272,4112.78113,4.11278113,4750.939052,-0.134322481
141.737402,143609,143.604,2276,4129.081913,4.129081913,4750.939052,-0.130891416
141.75633,143659,143.654,2273,4116.849616,4.116849616,4750.939052,-0.133466127
141.806369,143709,143.704,2281,4149.558986,4.149558986,4750.939052,-0.126581305
141.888407,143759,143.754,2261,4068.320611,4.068320611,4750.939052,-0.143680741
141.906388,143809,143.804,2268,4096.551724,4.096551724,4750.939052,-0.137738523
141.987117,143859,143.854,2245,4004.594595,4.004594595,4750.939052,-0.157094092
142.006275,143909,143.904,2271,4108.717105,4.108717105,4750.939052,-0.135177896
142.056339,143959,143.954,2273,4116.849616,4.116849616,4750.939052,-0.133466127
142.130345,144009,144.004,2284,4161.899503,4.161899503,4750.939052,-0.123983815
142.156346,144059,144.054,2307,4257.885906,4.257885906,4750.939052,-0.103780146
142.244257,144109,144.104,2287,4174.280973,4.174280973,4750.939052,-0.121377705
142.256338,144159,144.154,2292,4195.008319,4.195008319,4750.939052,-0.117014916
142.306403,144209,144.204,2310,4270.588235,4.270588235,4750.939052,-0.1011065
142.387295,144259,144.254,2337,4386.860068,4.386860068,4750.939052,-0.076633057
142.40636,144309,144.304,2284,4161.899503,4.161899503,4750.939052,-0.123983815
142.456312,144359,144.354,2312,4279.080202,4.279080202,4750.939052,-0.09931907
142.537814,144409,144.404,2294,4203.331483,4.203331483,4750.939052,-0.115263017
142.556324,144459,144.454,2302,4236.809816,4.236809816,4750.939052,-0.10821634
142.632368,144509,144.504,2272,4112.78113,4.11278113,4750.939052,-0.134322481
142.656355,144559,144.554,2259,4060.294118,4.060294118,4750.939052,-0.145370195
142.746448,144609,144.604,2266,4088.463641,4.088463641,4750.939052,-0.139440941
142.756283,144659,144.654,2262,4072.340426,4.072340426,4750.939052,-0.142834631
142.806361,144709,144.704,2288,4178.417266,4.178417266,4750.939052,-0.120507079
142.889667,144759,144.754,2270,4104.657534,4.104657534,4750.939052,-0.136032374
142.906337,144809,144.804,2273,4116.849616,4.116849616,4750.939052,-0.133466127
142.956364,144859,144.854,2273,4116.849616,4.116849616,4750.939052,-0.133466127
143.040283,144909,144.904,2311,4274.831839,4.274831839,4750.939052,-0.100213286
143.056348,144959,144.954,2286,4170.149254,4.170149254,4750.939052,-0.122247369
143.106322,145009,145.004,2291,4190.853659,4.190853659,4750.939052,-0.117889408
143.18028,145059,145.054,2288,4178.417266,4.178417266,4750.939052,-0.120507079
143.206346,145109,145.104,2295,4207.5,4.2075,4750.939052,-0.114385608
143.295088,145159,145.154,2294,4203.331483,4.203331483,4750.939052,-0.115263017
143.306335,145209,145.204,2282,4153.667954,4.153667954,4750.939052,-0.12571643
143.356337,145259,145.254,2274,4120.92257,4.12092257,4750.939052,-0.132608833
143.429821,145309,145.304,2278,4137.259218,4.137259218,4750.939052,-0.129170218
143.456309,145359,145.354,2264,4080.393228,4.080393228,4750.939052,-0.141139639
143.50636,145409,145.404,2273,4116.849616,4.116849616,4750.939052,-0.133466127
143.59594,145459,145.454,2266,4088.463641,4.088463641,4750.939052,-0.139440941
143.606309,145509,145.504,2254,4040.304183,4.040304183,4750.939052,-0.14957777
143.656321,145559,145.554,2272,4112.78113,4.11278113,4750.939052,-0.134322481
143.731868,145609,145.604,2253,4036.319218,4.036319218,4750.939052,-0.150416544
143.756339,145659,145.654,2265,4084.42623,4.08442623,4750.939052,-0.140290754
143.846809,145709,145.704,2271,4108.717105,4.108717105,4750.939052,-0.135177896
143.856345,145759,145.754,2291,4190.853659,4.190853659,4750.939052,-0.117889408
143.940566,145809,145.804,2300,4228.412256,4.228412256,4750.939052,-0.109983898
143.956358,145859,145.854,2318,4304.670793,4.304670793,4750.939052,-0.093932642
144.041025,145909,145.904,2304,4245.226131,4.245226131,4750.939052,-0.106444835
144.056354,145959,145.954,2324,4330.434783,4.330434783,4750.939052,-0.088509717
144.106311,146009,146.004,2320,4313.239437,4.313239437,4750.939052,-0.092129074
144.182067,146059,146.054,2295,4207.5,4.2075,4750.939052,-0.114385608
144.206326,146109,146.104,2284,4161.899503,4.161899503,4750.939052,-0.123983815
144.295269,146159,146.154,2300,4228.412256,4.228412256,4750.939052,-0.109983898
144.306312,146209,146.204,2270,4104.657534,4.104657534,4750.939052,-0.136032374
144.356361,146259,146.254,2274,4120.92257,4.12092257,4750.939052,-0.132608833
144.438432,146309,146.304,2269,4100.60241,4.10060241,4750.939052,-0.136885916
144.456332,146359,146.354,2281,4149.558986,4.149558986,4750.939052,-0.126581305
144.506375,146409,146.404,2276,4129.081913,4.129081913,4750.939052,-0.130891416
144.591975,146459,146.454,2263,4076.364629,4.076364629,4750.939052,-0.141987598
144.606298,146509,146.504,2261,4068.320611,4.068320611,4750.939052,-0.143680741
144.656325,146559,146.554,2276,4129.081913,4.129081913,4750.939052,-0.130891416
144.733921,146609,146.604,2270,4104.657534,4.104657534,4750.939052,-0.136032374
144.756305,146659,146.654,2283,4157.781457,4.157781457,4750.939052,-0.124850601
144.806298,146709,146.704,2287,4174.280973,4.174280973,4750.939052,-0.121377705
144.890427,146759,146.754,2293,4199.167592,4.199167592,4750.939052,-0.116139453
144.906309,146809,146.804,2290,4186.703601,4.186703601,4750.939052,-0.118762932
144.997671,146859,146.854,2293,4199.167592,4.199167592,4750.939052,-0.116139453
145.00631,146909,146.904,2279,4141.354626,4.141354626,4750.939052,-0.128308198
145.092477,146959,146.954,2279,4141.354626,4.141354626,4750.939052,-0.128308198
145.106332,147009,147.004,2271,4108.717105,4.108717105,4750.939052,-0.135177896
145.190218,147059,147.054,2272,4112.78113,4.11278113,4750.939052,-0.134322481
145.206306,147109,147.104,2283,4157.781457,4.157781457,4750.939052,-0.124850601
145.256319,147159,147.154,2262,4072.340426,4.072340426,4750.939052,-0.142834631
145.333963,147209,147.204,2262,4072.340426,4.072340426,4750.939052,-0.142834631
145.356335,147259,147.254,2256,4048.287113,4.048287113,4750.939052,-0.147897486
145.446879,147309,147.304,2247,4012.5,4.0125,4750.939052,-0.155430125
145.456336,147359,147.354,2267,4092.50547,4.09250547,4750.939052,-0.138590198
145.506327,147409,147.404,2264,4080.393228,4.080393228,4750.939052,-0.141139639
145.593227,147459,147.454,2270,4104.657534,4.104657534,4750.939052,-0.136032374
145.606324,147509,147.504,2295,4207.5,4.2075,4750.939052,-0.114385608
145.692076,147559,147.554,2299,4224.22049,4.22422049,4750.939052,-0.110866201
145.706326,147609,147.604,2315,4291.853933,4.291853933,4750.939052,-0.096630396
145.784672,147659,147.654,2340,4400.0,4.4,4750.939052,-0.073867303
145.806395,147709,147.704,2304,4245.226131,4.245226131,4750.939052,-0.106444835
145.898266,147759,147.754,2305,4249.441341,4.249441341,4750.939052,-0.105557597
145.906345,147809,147.804,2296,4211.673152,4.211673152,4750.939052,-0.113507223
145.956356,147859,147.854,2294,4203.331483,4.203331483,4750.939052,-0.115263017
146.042704,147909,147.904,2287,4174.280973,4.174280973,4750.939052,-0.121377705
146.056272,147959,147.954,2275,4125.0,4.125,4750.939052,-0.131750596
146.106336,148009,148.004,2276,4129.081913,4.129081913,4750.939052,-0.130891416
146.190632,148059,148.054,2269,4100.60241,4.10060241,4750.939052,-0.136885916
146.206322,148109,148.104,2271,4108.717105,4.108717105,4750.939052,-0.135177896
146.256384,148159,148.154,2257,4052.285092,4.052285092,4750.939052,-0.147055972
146.333459,148209,148.204,2267,4092.50547,4.09250547,4750.939052,-0.138590198
146.35635,148259,148.254,2275,4125.0,4.125,4750.939052,-0.131750596
146.406374,148309,148.304,2283,4157.781457,4.157781457,4750.939052,-0.124850601
146.499478,148359,148.354,2283,4157.781457,4.157781457,4750.939052,-0.124850601
146.506329,148409,148.404,2294,4203.331483,4.203331483,4750.939052,-0.115263017
146.556316,148459,148.454,2292,4195.008319,4.195008319,4750.939052,-0.117014916
146.641851,148509,148.504,2298,4220.033389,4.220033389,4750.939052,-0.111747521
146.656317,148559,148.554,2299,4224.22049,4.22422049,4750.939052,-0.110866201
146.742073,148609,148.604,2296,4211.673152,4.211673152,4750.939052,-0.113507223
146.756329,148659,148.654,2292,4195.008319,4.195008319,4750.939052,-0.117014916
146.842553,148709,148.704,2288,4178.417266,4.178417266,4750.939052,-0.120507079
146.85636,148759,148.754,2287,4174.280973,4.174280973,4750.939052,-0.121377705
146.935111,148809,148.804,2284,4161.899503,4.161899503,4750.939052,-0.123983815
146.956351,148859,148.854,2295,4207.5,4.2075,4750.939052,-0.114385608
147.049739,148909,148.904,2258,4056.287425,4.056287425,4750.939052,-0.146213542
147.056314,148959,148.954,2264,4080.393228,4.080393228,4750.939052,-0.141139639
147.106277,149009,149.004,2255,4044.293478,4.044293478,4750.939052,-0.148738084
147.190392,149059,149.054,2266,4088.463641,4.088463641,4750.939052,-0.139440941
147.20634,149109,149.104,2271,4108.717105,4.108717105,4750.939052,-0.135177896
147.295587,149159,149.154,2281,4149.558986,4.149558986,4750.939052,-0.126581305
147.306323,149209,149.204,2292,4195.008319,4.195008319,4750.939052,-0.117014916
147.356322,149259,149.254,2290,4186.703601,4.186703601,4750.939052,-0.118762932
147.436501,149309,149.304,2291,4190.853659,4.190853659,4750.939052,-0.117889408
147.45632,149359,149.354,2318,4304.670793,4.304670793,4750.939052,-0.093932642
147.506364,149409,149.404,2335,4378.125,4.378125,4750.939052,-0.078471655
147.604537,149459,149.454,2325,4334.745763,4.334745763,4750.939052,-0.087602321
147.606227,149509,149.504,2294,4203.331483,4.203331483,4750.939052,-0.115263017
147.656307,149559,149.554,2289,4182.55814,4.18255814,4750.939052,-0.119635488
147.746006,149609,149.604,2289,4182.55814,4.18255814,4750.939052,-0.119635488
147.756289,149659,149.654,2285,4166.022099,4.166022099,4750.939052,-0.123116072
147.806319,149709,149.704,2269,4100.60241,4.10060241,4750.939052,-0.136885916
147.89692,149759,149.754,2263,4076.364629,4.076364629,4750.939052,-0.141987598
147.906299,149809,149.804,2275,4125.0,4.125,4750.939052,-0.131750596
147.956289,149859,149.854,2272,4112.78113,4.11278113,4750.939052,-0.134322481
148.039853,149909,149.904,2277,4133.168317,4.133168317,4750.939052,-0.13003129
148.056304,149959,149.954,2278,4137.259218,4.137259218,4750.939052,-0.129170218
148.106302,150009,150.004,2275,4125.0,4.125,4750.939052,-0.131750596
148.201829,150059,150.054,2281,4149.558986,4.149558986,4750.939052,-0.126581305
148.206314,150109,150.104,2294,4203.331483,4.203331483,4750.939052,-0.115263017
148.295118,150159,150.154,2295,4207.5,4.2075,4750.939052,-0.114385608
148.306306,150209,150.204,2296,4211.673152,4.211673152,4750.939052,-0.113507223
148.356333,150259,150.254,2327,4343.382353,4.343382353,4750.939052,-0.085784451
148.444838,150309,150.304,2292,4195.008319,4.195008319,4750.939052,-0.117014916
148.456298,150359,150.354,2285,4166.022099,4.166022099,4750.939052,-0.123116072
148.506373,150409,150.404,2270,4104.657534,4.104657534,4750.939052,-0.136032374
148.588942,150459,150.454,2277,4133.168317,4.133168317,4750.939052,-0.13003129
148.606327,150509,150.504,2264,4080.393228,4.080393228,4750.939052,-0.141139639
148.656343,150559,150.554,2282,4153.667954,4.153667954,4750.939052,-0.12571643
148.747784,150609,150.604,2283,4157.781457,4.157781457,4750.939052,-0.124850601
148.756321,150659,150.654,2258,4056.287425,4.056287425,4750.939052,-0.146213542
148.80633,150709,150.704,2254,4040.304183,4.040304183,4750.939052,-0.14957777
148.904685,150759,150.754,2270,4104.657534,4.104657534,4750.939052,-0.136032374
148.906245,150809,150.804,2268,4096.551724,4.096551724,4750.939052,-0.137738523
148.956343,150859,150.854,2273,4116.849616,4.116849616,4750.939052,-0.133466127
149.040386,150909,150.904,2284,4161.899503,4.161899503,4750.939052,-0.123983815
149.056299,150959,150.954,2282,4153.667954,4.153667954,4750.939052,-0.12571643
149.106311,151009,151.004,2283,4157.781457,4.157781457,4750.939052,-0.124850601
149.202054,151059,151.054,2304,4245.226131,4.245226131,4750.939052,-0.106444835
149.206258,151109,151.104,2323,4326.128668,4.326128668,4750.939052,-0.089416088
149.256199,151159,151.154,2290,4186.703601,4.186703601,4750.939052,-0.118762932
149.344795,151209,151.204,2288,4178.417266,4.178417266,4750.939052,-0.120507079
149.356324,151259,151.254,2293,4199.167592,4.199167592,4750.939052,-0.116139453
149.444546,151309,151.304,2272,4112.78113,4.11278113,4750.939052,-0.134322481
149.456291,151359,151.354,2277,4133.168317,4.133168317,4750.939052,-0.13003129
149.506331,151409,151.404,2282,4153.667954,4.153667954,4750.939052,-0.12571643
149.589891,151459,151.454,2268,4096.551724,4.096551724,4750.939052,-0.137738523
149.606287,151509,151.504,2283,4157.781457,4.157781457,4750.939052,-0.124850601
149.656251,151559,151.554,2280,4145.454545,4.145454545,4750.939052,-0.127445227
149.753204,151609,151.604,2284,4161.899503,4.161899503,4750.939052,-0.123983815
149.756325,151659,151.654,2238,3977.059774,3.977059774,4750.939052,-0.162889751
149.846178,151709,151.704,2277,4133.168317,4.133168317,4750.939052,-0.13003129
149.856263,151759,151.754,2271,4108.717105,4.108717105,4750.939052,-0.135177896
149.906316,151809,151.804,2263,4076.364629,4.076364629,4750.939052,-0.141987598
149.996989,151859,151.854,2285,4166.022099,4.166022099,4750.939052,-0.123116072
150.006286,151909,151.904,2298,4220.033389,4.220033389,4750.939052,-0.111747521
150.056293,151959,151.954,2294,4203.331483,4.203331483,4750.939052,-0.115263017
150.14099,152009,152.004,2289,4182.55814,4.18255814,4750.939052,-0.119635488
150.156328,152059,152.054,2281,4149.558986,4.149558986,4750.939052,-0.126581305
150.253259,152109,152.104,2271,4108.717105,4.108717105,4750.939052,-0.135177896
150.256281,152159,152.154,2263,4076.364629,4.076364629,4750.939052,-0.141987598
150.306259,152209,152.204,2278,4137.259218,4.137259218,4750.939052,-0.129170218
150.394428,152259,152.254,2267,4092.50547,4.09250547,4750.939052,-0.138590198
150.406274,152309,152.304,2249,4020.422535,4.020422535,4750.939052,-0.153762553
150.494717,152359,152.354,2267,4092.50547,4.09250547,4750.939052,-0.138590198
150.506242,152409,152.404,2248,4016.459123,4.016459123,4750.939052,-0.15459679
150.556274,152459,152.454,2264,4080.393228,4.080393228,4750.939052,-0.141139639
150.6467,152509,152.504,2256,4048.287113,4.048287113,4750.939052,-0.147897486
150.65631,152559,152.554,2264,4080.393228,4.080393228,4750.939052,-0.141139639
150.738835,152609,152.604,2287,4174.280973,4.174280973,4750.939052,-0.121377705
150.756298,152659,152.654,2294,4203.331483,4.203331483,4750.939052,-0.115263017
150.806252,152709,152.704,2273,4116.849616,4.116849616,4750.939052,-0.133466127
150.903296,152759,152.754,2325,4334.745763,4.334745763,4750.939052,-0.087602321
150.906238,152809,152.804,2341,4404.389966,4.404389966,4750.939052,-0.072943282
150.956197,152859,152.854,2272,4112.78113,4.11278113,4750.939052,-0.134322481
151.049976,152909,152.904,2304,4245.226131,4.245226131,4750.939052,-0.106444835
151.056255,152959,152.954,2299,4224.22049,4.22422049,4750.939052,-0.110866201
151.106282,153009,153.004,2282,4153.667954,4.153667954,4750.939052,-0.12571643
151.196512,153059,153.054,2282,4153.667954,4.153667954,4750.939052,-0.12571643
151.206284,153109,153.104,2281,4149.558986,4.149558986,4750.939052,-0.126581305
151.288214,153159,153.154,2260,4064.305177,4.064305177,4750.939052,-0.144525928
151.306289,153209,153.204,2262,4072.340426,4.072340426,4750.939052,-0.142834631
151.404345,153259,153.254,2267,4092.50547,4.09250547,4750.939052,-0.138590198
151.406291,153309,153.304,2253,4036.319218,4.036319218,4750.939052,-0.150416544
151.496845,153359,153.354,2278,4137.259218,4.137259218,4750.939052,-0.129170218
151.506272,153409,153.404,2272,4112.78113,4.11278113,4750.939052,-0.134322481
151.556275,153459,153.454,2278,4137.259218,4.137259218,4750.939052,-0.129170218
151.646974,153509,153.504,2277,4133.168317,4.133168317,4750.939052,-0.13003129
151.656224,153559,153.554,2277,4133.168317,4.133168317,4750.939052,-0.13003129
151.706344,153609,153.604,2282,4153.667954,4.153667954,4750.939052,-0.12571643
151.789897,153659,153.654,2290,4186.703601,4.186703601,4750.939052,-0.118762932
151.806321,153709,153.704,2303,4241.015625,4.241015625,4750.939052,-0.107331082
151.856273,153759,153.754,2288,4178.417266,4.178417266,4750.939052,-0.120507079
151.95526,153809,153.804,2279,4141.354626,4.141354626,4750.939052,-0.128308198
151.95623,153859,153.854,2267,4092.50547,4.09250547,4750.939052,-0.138590198
152.053398,153909,153.904,2277,4133.168317,4.133168317,4750.939052,-0.13003129
152.056297,153959,153.954,2284,4161.899503,4.161899503,4750.939052,-0.123983815
152.106268,154009,154.004,2250,4024.390244,4.024390244,4750.939052,-0.152927411
152.195954,154059,154.054,2254,4040.304183,4.040304183,4750.939052,-0.14957777
152.206279,154109,154.104,2259,4060.294118,4.060294118,4750.939052,-0.145370195
152.300316,154159,154.154,2255,4044.293478,4.044293478,4750.939052,-0.148738084
152.306278,154209,154.204,2272,4112.78113,4.11278113,4750.939052,-0.134322481
152.356257,154259,154.254,2264,4080.393228,4.080393228,4750.939052,-0.141139639
152.441798,154309,154.304,2269,4100.60241,4.10060241,4750.939052,-0.136885916
152.456296,154359,154.354,2289,4182.55814,4.18255814,4750.939052,-0.119635488
152.559538,154409,154.404,2291,4190.853659,4.190853659,4750.939052,-0.117889408
152.654863,154459,154.454,2307,4257.885906,4.257885906,4750.939052,-0.103780146
152.655089,154509,154.504,2314,4287.591241,4.287591241,4750.939052,-0.097527627
152.656235,154559,154.554,2300,4228.412256,4.228412256,4750.939052,-0.109983898
152.706254,154609,154.604,2294,4203.331483,4.203331483,4750.939052,-0.115263017
152.800874,154659,154.654,2295,4207.5,4.2075,4750.939052,-0.114385608
152.806281,154709,154.704,2284,4161.899503,4.161899503,4750.939052,-0.123983815
152.893486,154759,154.754,2272,4112.78113,4.11278113,4750.939052,-0.134322481
152.906319,154809,154.804,2278,4137.259218,4.137259218,4750.939052,-0.129170218
153.007885,154859,154.854,2262,4072.340426,4.072340426,4750.939052,-0.142834631
153.103429,154909,154.904,2265,4084.42623,4.08442623,4750.939052,-0.140290754
153.103655,154959,154.954,2278,4137.259218,4.137259218,4750.939052,-0.129170218
153.106257,155009,155.004,2294,4203.331483,4.203331483,4750.939052,-0.115263017
153.156302,155059,155.054,2288,4178.417266,4.178417266,4750.939052,-0.120507079
153.249136,155109,155.104,2265,4084.42623,4.08442623,4750.939052,-0.140290754
153.256317,155159,155.154,2269,4100.60241,4.10060241,4750.939052,-0.136885916
153.34887,155209,155.204,2258,4056.287425,4.056287425,4750.939052,-0.146213542
153.356277,155259,155.254,2291,4190.853659,4.190853659,4750.939052,-0.117889408
153.406254,155309,155.304,2290,4186.703601,4.186703601,4750.939052,-0.118762932
153.491181,155359,155.354,2289,4182.55814,4.18255814,4750.939052,-0.119635488
153.506288,155409,155.404,2304,4245.226131,4.245226131,4750.939052,-0.106444835
153.609131,155459,155.454,2297,4215.850945,4.215850945,4750.939052,-0.112627862
153.704522,155509,155.504,2281,4149.558986,4.149558986,4750.939052,-0.126581305
153.704746,155559,155.554,2270,4104.657534,4.104657534,4750.939052,-0.136032374
153.706293,155609,155.604,2297,4215.850945,4.215850945,4750.939052,-0.112627862
153.756295,155659,155.654,2261,4068.320611,4.068320611,4750.939052,-0.143680741
153.847707,155709,155.704,2265,4084.42623,4.08442623,4750.939052,-0.140290754
153.856288,155759,155.754,2272,4112.78113,4.11278113,4750.939052,-0.134322481
153.906253,155809,155.804,2261,4068.320611,4.068320611,4750.939052,-0.143680741
153.989883,155859,155.854,2255,4044.293478,4.044293478,4750.939052,-0.148738084
154.006205,155909,155.904,2258,4056.287425,4.056287425,4750.939052,-0.146213542
154.056317,155959,155.954,2267,4092.50547,4.09250547,4750.939052,-0.138590198
154.153723,156009,156.004,2266,4088.463641,4.088463641,4750.939052,-0.139440941
154.156258,156059,156.054,2286,4170.149254,4.170149254,4750.939052,-0.122247369
154.206258,156109,156.104,2269,4100.60241,4.10060241,4750.939052,-0.136885916
154.299646,156159,156.154,2293,4199.167592,4.199167592,4750.939052,-0.116139453
154.306262,156209,156.204,2300,4228.412256,4.228412256,4750.939052,-0.109983898
154.398685,156259,156.254,2304,4245.226131,4.245226131,4750.939052,-0.106444835
154.406281,156309,156.304,2296,4211.673152,4.211673152,4750.939052,-0.113507223
154.498507,156359,156.354,2287,4174.280973,4.174280973,4750.939052,-0.121377705
154.506247,156409,156.404,2285,4166.022099,4.166022099,4750.939052,-0.123116072
154.556287,156459,156.454,2271,4108.717105,4.108717105,4750.939052,-0.135177896
154.643559,156509,156.504,2286,4170.149254,4.170149254,4750.939052,-0.122247369
154.656307,156559,156.554,2262,4072.340426,4.072340426,4750.939052,-0.142834631
154.758395,156609,156.604,2239,3980.980603,3.980980603,4750.939052,-0.162064476
154.853511,156659,156.654,2245,4004.594595,4.004594595,4750.939052,-0.157094092
154.853733,156709,156.704,2265,4084.42623,4.08442623,4750.939052,-0.140290754
154.856336,156759,156.754,2277,4133.168317,4.133168317,4750.939052,-0.13003129
154.906296,156809,156.804,2278,4137.259218,4.137259218,4750.939052,-0.129170218
155.000664,156859,156.854,2281,4149.558986,4.149558986,4750.939052,-0.126581305
155.006171,156909,156.904,2275,4125.0,4.125,4750.939052,-0.131750596
155.056244,156959,156.954,2280,4145.454545,4.145454545,4750.939052,-0.127445227
155.143388,157009,157.004,2289,4182.55814,4.18255814,4750.939052,-0.119635488
155.156314,157059,157.054,2288,4178.417266,4.178417266,4750.939052,-0.120507079
155.252716,157109,157.104,2285,4166.022099,4.166022099,4750.939052,-0.123116072
155.256225,157159,157.154,2304,4245.226131,4.245226131,4750.939052,-0.106444835
155.306304,157209,157.204,2280,4145.454545,4.145454545,4750.939052,-0.127445227
155.406085,157259,157.254,2243,3996.706263,3.996706263,4750.939052,-0.158754465
155.406307,157309,157.304,2261,4068.320611,4.068320611,4750.939052,-0.143680741
155.494491,157359,157.354,2263,4076.364629,4.076364629,4750.939052,-0.141987598
155.50627,157409,157.404,2262,4072.340426,4.072340426,4750.939052,-0.142834631
155.556252,157459,157.454,2251,4028.362256,4.028362256,4750.939052,-0.152091363
155.639644,157509,157.504,2257,4052.285092,4.052285092,4750.939052,-0.147055972
155.656274,157559,157.554,2257,4052.285092,4.052285092,4750.939052,-0.147055972
155.753851,157609,157.604,2257,4052.285092,4.052285092,4750.939052,-0.147055972
155.756174,157659,157.654,2281,4149.558986,4.149558986,4750.939052,-0.126581305
155.806235,157709,157.704,2271,4108.717105,4.108717105,4750.939052,-0.135177896
155.896326,157759,157.754,2287,4174.280973,4.174280973,4750.939052,-0.121377705
155.906287,157809,157.804,2258,4056.287425,4.056287425,4750.939052,-0.146213542
155.996411,157859,157.854,2278,4137.259218,4.137259218,4750.939052,-0.129170218
156.006254,157909,157.904,2315,4291.853933,4.291853933,4750.939052,-0.096630396
156.056273,157959,157.954,2318,4304.670793,4.304670793,4750.939052,-0.093932642
156.146294,158009,158.004,2302,4236.809816,4.236809816,4750.939052,-0.10821634
156.156268,158059,158.054,2291,4190.853659,4.190853659,4750.939052,-0.117889408
156.206292,158109,158.104,2285,4166.022099,4.166022099,4750.939052,-0.123116072
156.287959,158159,158.154,2281,4149.558986,4.149558986,4750.939052,-0.126581305
156.30628,158209,158.204,2273,4116.849616,4.116849616,4750.939052,-0.133466127
156.356277,158259,158.254,2266,4088.463641,4.088463641,4750.939052,-0.139440941
156.451534,158309,158.304,2270,4104.657534,4.104657534,4750.939052,-0.136032374
156.456272,158359,158.354,2265,4084.42623,4.08442623,4750.939052,-0.140290754
156.506279,158409,158.404,2250,4024.390244,4.024390244,4750.939052,-0.152927411
156.597127,158459,158.454,2270,4104.657534,4.104657534,4750.939052,-0.136032374
156.606269,158509,158.504,2247,4012.5,4.0125,4750.939052,-0.155430125
156.656246,158559,158.554,2262,4072.340426,4.072340426,4750.939052,-0.142834631
156.739232,158609,158.604,2277,4133.168317,4.133168317,4750.939052,-0.13003129
156.756256,158659,158.654,2284,4161.899503,4.161899503,4750.939052,-0.123983815
156.853232,158709,158.704,2293,4199.167592,4.199167592,4750.939052,-0.116139453
156.856233,158759,158.754,2299,4224.22049,4.22422049,4750.939052,-0.110866201
156.906273,158809,158.804,2304,4245.226131,4.245226131,4750.939052,-0.106444835
156.996331,158859,158.854,2298,4220.033389,4.220033389,4750.939052,-0.111747521
157.006261,158909,158.904,2286,4170.149254,4.170149254,4750.939052,-0.122247369
157.056269,158959,158.954,2278,4137.259218,4.137259218,4750.939052,-0.129170218
157.146519,159009,159.004,2266,4088.463641,4.088463641,4750.939052,-0.139440941
157.156305,159059,159.054,2262,4072.340426,4.072340426,4750.939052,-0.142834631
157.244745,159109,159.104,2264,4080.393228,4.080393228,4750.939052,-0.141139639
157.256221,159159,159.154,2262,4072.340426,4.072340426,4750.939052,-0.142834631
157.306273,159209,159.204,2263,4076.364629,4.076364629,4750.939052,-0.141987598
157.387129,159259,159.254,2265,4084.42623,4.08442623,4750.939052,-0.140290754
157.406252,159309,159.304,2273,4116.849616,4.116849616,4750.939052,-0.133466127
157.456242,159359,159.354,2265,4084.42623,4.08442623,4750.939052,-0.140290754
157.552094,159409,159.404,2278,4137.259218,4.137259218,4750.939052,-0.129170218
157.556242,159459,159.454,2290,4186.703601,4.186703601,4750.939052,-0.118762932
157.646382,159509,159.504,2282,4153.667954,4.153667954,4750.939052,-0.12571643
157.656271,159559,159.554,2259,4060.294118,4.060294118,4750.939052,-0.145370195
157.746829,159609,159.604,2310,4270.588235,4.270588235,4750.939052,-0.1011065
157.756227,159659,159.654,2344,4417.589949,4.417589949,4750.939052,-0.070164887
157.806262,159709,159.704,2275,4125.0,4.125,4750.939052,-0.131750596
157.889001,159759,159.754,2288,4178.417266,4.178417266,4750.939052,-0.120507079
157.906287,159809,159.804,2282,4153.667954,4.153667954,4750.939052,-0.12571643
158.002688,159859,159.854,2279,4141.354626,4.141354626,4750.939052,-0.128308198
158.006256,159909,159.904,2266,4088.463641,4.088463641,4750.939052,-0.139440941
158.05624,159959,159.954,2255,4044.293478,4.044293478,4750.939052,-0.148738084
158.14655,160009,160.004,2257,4052.285092,4.052285092,4750.939052,-0.147055972
158.156207,160059,160.054,2255,4044.293478,4.044293478,4750.939052,-0.148738084
158.206266,160109,160.104,2269,4100.60241,4.10060241,4750.939052,-0.136885916
158.294359,160159,160.154,2256,4048.287113,4.048287113,4750.939052,-0.147897486
158.306259,160209,160.204,2254,4040.304183,4.040304183,4750.939052,-0.14957777
158.356247,160259,160.254,2264,4080.393228,4.080393228,4750.939052,-0.141139639
158.436568,160309,160.304,2268,4096.551724,4.096551724,4750.939052,-0.137738523
158.456283,160359,160.354,2280,4145.454545,4.145454545,4750.939052,-0.127445227
158.55412,160409,160.404,2295,4207.5,4.2075,4750.939052,-0.114385608
158.5562,160459,160.454,2292,4195.008319,4.195008319,4750.939052,-0.117014916
158.606254,160509,160.504,2286,4170.149254,4.170149254,4750.939052,-0.122247369
158.695788,160559,160.554,2278,4137.259218,4.137259218,4750.939052,-0.129170218
158.706277,160609,160.604,2293,4199.167592,4.199167592,4750.939052,-0.116139453
158.796169,160659,160.654,2277,4133.168317,4.133168317,4750.939052,-0.13003129
158.806276,160709,160.704,2272,4112.78113,4.11278113,4750.939052,-0.134322481
158.856273,160759,160.754,2278,4137.259218,4.137259218,4750.939052,-0.129170218
158.938939,160809,160.804,2258,4056.287425,4.056287425,4750.939052,-0.146213542
158.956232,160859,160.854,2264,4080.393228,4.080393228,4750.939052,-0.141139639
159.046591,160909,160.904,2265,4084.42623,4.08442623,4750.939052,-0.140290754
159.056272,160959,160.954,2265,4084.42623,4.08442623,4750.939052,-0.140290754
159.106263,161009,161.004,2264,4080.393228,4.080393228,4750.939052,-0.141139639
159.200615,161059,161.054,2267,4092.50547,4.09250547,4750.939052,-0.138590198
159.206248,161109,161.104,2263,4076.364629,4.076364629,4750.939052,-0.141987598
159.256284,161159,161.154,2285,4166.022099,4.166022099,4750.939052,-0.123116072
159.343668,161209,161.204,2284,4161.899503,4.161899503,4750.939052,-0.123983815
159.356282,161259,161.254,2274,4120.92257,4.12092257,4750.939052,-0.132608833
159.406294,161309,161.304,2297,4215.850945,4.215850945,4750.939052,-0.112627862
159.487593,161359,161.354,2327,4343.382353,4.343382353,4750.939052,-0.085784451
159.50624,161409,161.404,2294,4203.331483,4.203331483,4750.939052,-0.115263017
159.556255,161459,161.454,2295,4207.5,4.2075,4750.939052,-0.114385608
159.6529,161509,161.504,2288,4178.417266,4.178417266,4750.939052,-0.120507079
159.656251,161559,161.554,2284,4161.899503,4.161899503,4750.939052,-0.123983815
159.70623,161609,161.604,2264,4080.393228,4.080393228,4750.939052,-0.141139639
159.795559,161659,161.654,2261,4068.320611,4.068320611,4750.939052,-0.143680741
159.806243,161709,161.704,2256,4048.287113,4.048287113,4750.939052,-0.147897486
159.895109,161759,161.754,2251,4028.362256,4.028362256,4750.939052,-0.152091363
159.906274,161809,161.804,2255,4044.293478,4.044293478,4750.939052,-0.148738084
159.988244,161859,161.854,2261,4068.320611,4.068320611,4750.939052,-0.143680741
160.00618,161909,161.904,2259,4060.294118,4.060294118,4750.939052,-0.145370195
160.056255,161959,161.954,2262,4072.340426,4.072340426,4750.939052,-0.142834631
160.151562,162009,162.004,2265,4084.42623,4.08442623,4750.939052,-0.140290754
160.15624,162059,162.054,2273,4116.849616,4.116849616,4750.939052,-0.133466127
160.206252,162109,162.104,2285,4166.022099,4.166022099,4750.939052,-0.123116072
160.293766,162159,162.154,2284,4161.899503,4.161899503,4750.939052,-0.123983815
160.306253,162209,162.204,2295,4207.5,4.2075,4750.939052,-0.114385608
160.393103,162259,162.254,2258,4056.287425,4.056287425,4750.939052,-0.146213542
160.406205,162309,162.304,2296,4211.673152,4.211673152,4750.939052,-0.113507223
160.456242,162359,162.354,2269,4100.60241,4.10060241,4750.939052,-0.136885916
160.537838,162409,162.404,2271,4108.717105,4.108717105,4750.939052,-0.135177896
160.55622,162459,162.454,2264,4080.393228,4.080393228,4750.939052,-0.141139639
160.606256,162509,162.504,2260,4064.305177,4.064305177,4750.939052,-0.144525928
160.701515,162559,162.554,2255,4044.293478,4.044293478,4750.939052,-0.148738084
160.706211,162609,162.604,2234,3961.418592,3.961418592,4750.939052,-0.16618198
160.756212,162659,162.654,2258,4056.287425,4.056287425,4750.939052,-0.146213542
160.845987,162709,162.704,2261,4068.320611,4.068320611,4750.939052,-0.143680741
160.856258,162759,162.754,2255,4044.293478,4.044293478,4750.939052,-0.148738084
160.945388,162809,162.804,2270,4104.657534,4.104657534,4750.939052,-0.136032374
160.956241,162859,162.854,2284,4161.899503,4.161899503,4750.939052,-0.123983815
161.045572,162909,162.904,2290,4186.703601,4.186703601,4750.939052,-0.118762932
161.056194,162959,162.954,2294,4203.331483,4.203331483,4750.939052,-0.115263017
161.106208,163009,163.004,2285,4166.022099,4.166022099,4750.939052,-0.123116072
161.186597,163059,163.054,2312,4279.080202,4.279080202,4750.939052,-0.09931907
161.20628,163109,163.104,2292,4195.008319,4.195008319,4750.939052,-0.117014916
161.301233,163159,163.154,2299,4224.22049,4.22422049,4750.939052,-0.110866201
161.306271,163209,163.204,2288,4178.417266,4.178417266,4750.939052,-0.120507079
161.356224,163259,163.254,2272,4112.78113,4.11278113,4750.939052,-0.134322481
161.443183,163309,163.304,2254,4040.304183,4.040304183,4750.939052,-0.14957777
161.456264,163359,163.354,2293,4199.167592,4.199167592,4750.939052,-0.116139453
161.545824,163409,163.404,2249,4020.422535,4.020422535,4750.939052,-0.153762553
161.556237,163459,163.454,2262,4072.340426,4.072340426,4750.939052,-0.142834631
161.606211,163509,163.504,2272,4112.78113,4.11278113,4750.939052,-0.134322481
161.688173,163559,163.554,2265,4084.42623,4.08442623,4750.939052,-0.140290754
161.706201,163609,163.604,2266,4088.463641,4.088463641,4750.939052,-0.139440941
161.756228,163659,163.654,2267,4092.50547,4.09250547,4750.939052,-0.138590198
161.852165,163709,163.704,2271,4108.717105,4.108717105,4750.939052,-0.135177896
161.856241,163759,163.754,2273,4116.849616,4.116849616,4750.939052,-0.133466127
161.945601,163809,163.804,2270,4104.657534,4.104657534,4750.939052,-0.136032374
161.956278,163859,163.854,2278,4137.259218,4.137259218,4750.939052,-0.129170218
162.045866,163909,163.904,2281,4149.558986,4.149558986,4750.939052,-0.126581305
162.056262,163959,163.954,2282,4153.667954,4.153667954,4750.939052,-0.12571643
162.106231,164009,164.004,2275,4125.0,4.125,4750.939052,-0.131750596
162.193815,164059,164.054,2265,4084.42623,4.08442623,4750.939052,-0.140290754
162.206205,164109,164.104,2245,4004.594595,4.004594595,4750.939052,-0.157094092
162.256218,164159,164.154,2259,4060.294118,4.060294118,4750.939052,-0.145370195
162.335805,164209,164.204,2256,4048.287113,4.048287113,4750.939052,-0.147897486
162.356217,164259,164.254,2260,4064.305177,4.064305177,4750.939052,-0.144525928
162.450159,164309,164.304,2256,4048.287113,4.048287113,4750.939052,-0.147897486
162.456214,164359,164.354,2248,4016.459123,4.016459123,4750.939052,-0.15459679
162.506193,164409,164.404,2248,4016.459123,4.016459123,4750.939052,-0.15459679
162.595691,164459,164.454,2260,4064.305177,4.064305177,4750.939052,-0.144525928
162.606252,164509,164.504,2265,4084.42623,4.08442623,4750.939052,-0.140290754
162.695078,164559,164.554,2286,4170.149254,4.170149254,4750.939052,-0.122247369
162.706249,164609,164.604,2284,4161.899503,4.161899503,4750.939052,-0.123983815
162.756175,164659,164.654,2297,4215.850945,4.215850945,4750.939052,-0.112627862
162.838342,164709,164.704,2289,4182.55814,4.18255814,4750.939052,-0.119635488
162.856281,164759,164.754,2297,4215.850945,4.215850945,4750.939052,-0.112627862
162.951676,164809,164.804,2315,4291.853933,4.291853933,4750.939052,-0.096630396
162.956222,164859,164.854,2286,4170.149254,4.170149254,4750.939052,-0.122247369
163.046009,164909,164.904,2286,4170.149254,4.170149254,4750.939052,-0.122247369
163.056241,164959,164.954,2285,4166.022099,4.166022099,4750.939052,-0.123116072
163.106232,165009,165.004,2247,4012.5,4.0125,4750.939052,-0.155430125
163.193122,165059,165.054,2249,4020.422535,4.020422535,4750.939052,-0.153762553
163.206183,165109,165.104,2252,4032.338578,4.032338578,4750.939052,-0.151254408
163.256261,165159,165.154,2238,3977.059774,3.977059774,4750.939052,-0.162889751
163.33564,165209,165.204,2255,4044.293478,4.044293478,4750.939052,-0.148738084
163.356188,165259,165.254,2251,4028.362256,4.028362256,4750.939052,-0.152091363
163.406236,165309,165.304,2256,4048.287113,4.048287113,4750.939052,-0.147897486
163.500783,165359,165.354,2256,4048.287113,4.048287113,4750.939052,-0.147897486
163.506211,165409,165.404,2271,4108.717105,4.108717105,4750.939052,-0.135177896
163.556209,165459,165.454,2266,4088.463641,4.088463641,4750.939052,-0.139440941
163.644476,165509,165.504,2278,4137.259218,4.137259218,4750.939052,-0.129170218
163.65617,165559,165.554,2280,4145.454545,4.145454545,4750.939052,-0.127445227
163.706225,165609,165.604,2304,4245.226131,4.245226131,4750.939052,-0.106444835
163.794355,165659,165.654,2270,4104.657534,4.104657534,4750.939052,-0.136032374
163.806205,165709,165.704,2284,4161.899503,4.161899503,4750.939052,-0.123983815
163.856192,165759,165.754,2278,4137.259218,4.137259218,4750.939052,-0.129170218
163.9373,165809,165.804,2273,4116.849616,4.116849616,4750.939052,-0.133466127
163.956261,165859,165.854,2263,4076.364629,4.076364629,4750.939052,-0.141987598
164.05176,165909,165.904,2254,4040.304183,4.040304183,4750.939052,-0.14957777
164.056255,165959,165.954,2263,4076.364629,4.076364629,4750.939052,-0.141987598
164.106192,166009,166.004,2266,4088.463641,4.088463641,4750.939052,-0.139440941
164.193345,166059,166.054,2257,4052.285092,4.052285092,4750.939052,-0.147055972
164.206201,166109,166.104,2263,4076.364629,4.076364629,4750.939052,-0.141987598
164.285591,166159,166.154,2257,4052.285092,4.052285092,4750.939052,-0.147055972
164.306254,166209,166.204,2272,4112.78113,4.11278113,4750.939052,-0.134322481
164.394227,166259,166.254,2292,4195.008319,4.195008319,4750.939052,-0.117014916
164.406261,166309,166.304,2284,4161.899503,4.161899503,4750.939052,-0.123983815
164.500674,166359,166.354,2291,4190.853659,4.190853659,4750.939052,-0.117889408
164.506232,166409,166.404,2287,4174.280973,4.174280973,4750.939052,-0.121377705
164.556224,166459,166.454,2328,4347.70798,4.34770798,4750.939052,-0.084873973
164.645118,166509,166.504,2327,4343.382353,4.343382353,4750.939052,-0.085784451
164.656203,166559,166.554,2283,4157.781457,4.157781457,4750.939052,-0.124850601
164.7062,166609,166.604,2298,4220.033389,4.220033389,4750.939052,-0.111747521
164.79499,166659,166.654,2291,4190.853659,4.190853659,4750.939052,-0.117889408
164.806214,166709,166.704,2276,4129.081913,4.129081913,4750.939052,-0.130891416
164.894931,166759,166.754,2287,4174.280973,4.174280973,4750.939052,-0.121377705
164.906165,166809,166.804,2255,4044.293478,4.044293478,4750.939052,-0.148738084
164.95622,166859,166.854,2255,4044.293478,4.044293478,4750.939052,-0.148738084
165.038483,166909,166.904,2253,4036.319218,4.036319218,4750.939052,-0.150416544
165.056233,166959,166.954,2261,4068.320611,4.068320611,4750.939052,-0.143680741
165.106198,167009,167.004,2263,4076.364629,4.076364629,4750.939052,-0.141987598
165.196641,167059,167.054,2257,4052.285092,4.052285092,4750.939052,-0.147055972
165.20624,167109,167.104,2280,4145.454545,4.145454545,4750.939052,-0.127445227
165.289002,167159,167.154,2273,4116.849616,4.116849616,4750.939052,-0.133466127
165.306231,167209,167.204,2276,4129.081913,4.129081913,4750.939052,-0.130891416
165.356188,167259,167.254,2277,4133.168317,4.133168317,4750.939052,-0.13003129
165.438553,167309,167.304,2295,4207.5,4.2075,4750.939052,-0.114385608
165.456247,167359,167.354,2295,4207.5,4.2075,4750.939052,-0.114385608
165.533571,167409,167.404,2283,4157.781457,4.157781457,4750.939052,-0.124850601
165.556208,167459,167.454,2281,4149.558986,4.149558986,4750.939052,-0.126581305
165.606187,167509,167.504,2272,4112.78113,4.11278113,4750.939052,-0.134322481
165.690633,167559,167.554,2265,4084.42623,4.08442623,4750.939052,-0.140290754
165.706199,167609,167.604,2251,4028.362256,4.028362256,4750.939052,-0.152091363
165.797317,167659,167.654,2254,4040.304183,4.040304183,4750.939052,-0.14957777
165.806181,167709,167.704,2258,4056.287425,4.056287425,4750.939052,-0.146213542
165.856216,167759,167.754,2256,4048.287113,4.048287113,4750.939052,-0.147897486
165.940591,167809,167.804,2254,4040.304183,4.040304183,4750.939052,-0.14957777
165.956227,167859,167.854,2271,4108.717105,4.108717105,4750.939052,-0.135177896
166.034553,167909,167.904,2263,4076.364629,4.076364629,4750.939052,-0.141987598
166.056212,167959,167.954,2261,4068.320611,4.068320611,4750.939052,-0.143680741
166.106153,168009,168.004,2277,4133.168317,4.133168317,4750.939052,-0.13003129
166.195967,168059,168.054,2291,4190.853659,4.190853659,4750.939052,-0.117889408
166.206218,168109,168.104,2282,4153.667954,4.153667954,4750.939052,-0.12571643
166.289046,168159,168.154,2294,4203.331483,4.203331483,4750.939052,-0.115263017
166.306181,168209,168.204,2311,4274.831839,4.274831839,4750.939052,-0.100213286
166.356206,168259,168.254,2301,4232.608696,4.232608696,4750.939052,-0.109100612
166.438236,168309,168.304,2308,4262.115277,4.262115277,4750.939052,-0.102889928
166.456216,168359,168.354,2284,4161.899503,4.161899503,4750.939052,-0.123983815
166.533079,168409,168.404,2272,4112.78113,4.11278113,4750.939052,-0.134322481
166.55622,168459,168.454,2267,4092.50547,4.09250547,4750.939052,-0.138590198
166.647352,168509,168.504,2257,4052.285092,4.052285092,4750.939052,-0.147055972
166.656199,168559,168.554,2246,4008.54516,4.00854516,4750.939052,-0.156262559
166.706179,168609,168.604,2269,4100.60241,4.10060241,4750.939052,-0.136885916
166.789732,168659,168.654,2262,4072.340426,4.072340426,4750.939052,-0.142834631
166.806238,168709,168.704,2262,4072.340426,4.072340426,4750.939052,-0.142834631
166.890382,168759,168.754,2256,4048.287113,4.048287113,4750.939052,-0.147897486
166.906227,168809,168.804,2269,4100.60241,4.10060241,4750.939052,-0.136885916
166.956206,168859,168.854,2264,4080.393228,4.080393228,4750.939052,-0.141139639
167.041287,168909,168.904,2266,4088.463641,4.088463641,4750.939052,-0.139440941
167.056259,168959,168.954,2272,4112.78113,4.11278113,4750.939052,-0.134322481
167.106229,169009,169.004,2281,4149.558986,4.149558986,4750.939052,-0.126581305
167.182053,169059,169.054,2287,4174.280973,4.174280973,4750.939052,-0.121377705
167.206197,169109,169.104,2277,4133.168317,4.133168317,4750.939052,-0.13003129
167.256249,169159,169.154,2259,4060.294118,4.060294118,4750.939052,-0.145370195
167.345829,169209,169.204,2278,4137.259218,4.137259218,4750.939052,-0.129170218
167.35617,169259,169.254,2246,4008.54516,4.00854516,4750.939052,-0.156262559
167.406201,169309,169.304,2249,4020.422535,4.020422535,4750.939052,-0.153762553
167.489527,169359,169.354,2249,4020.422535,4.020422535,4750.939052,-0.153762553
167.506208,169409,169.404,2257,4052.285092,4.052285092,4750.939052,-0.147055972
167.591862,169459,169.454,2247,4012.5,4.0125,4750.939052,-0.155430125
167.606215,169509,169.504,2248,4016.459123,4.016459123,4750.939052,-0.15459679
167.683748,169559,169.554,2258,4056.287425,4.056287425,4750.939052,-0.146213542
167.70619,169609,169.604,2251,4028.362256,4.028362256,4750.939052,-0.152091363
167.756173,169659,169.654,2253,4036.319218,4.036319218,4750.939052,-0.150416544
167.847186,169709,169.704,2262,4072.340426,4.072340426,4750.939052,-0.142834631
167.856202,169759,169.754,2288,4178.417266,4.178417266,4750.939052,-0.120507079
167.940854,169809,169.804,2281,4149.558986,4.149558986,4750.939052,-0.126581305
167.956123,169859,169.854,2293,4199.167592,4.199167592,4750.939052,-0.116139453
168.04224,169909,169.904,2319,4308.952703,4.308952703,4750.939052,-0.093031366
168.056212,169959,169.954,2297,4215.850945,4.215850945,4750.939052,-0.112627862
168.13902,170009,170.004,2290,4186.703601,4.186703601,4750.939052,-0.118762932
168.156192,170059,170.054,2283,4157.781457,4.157781457,4750.939052,-0.124850601
168.206204,170109,170.104,2276,4129.081913,4.129081913,4750.939052,-0.130891416
168.281744,170159,170.154,2269,4100.60241,4.10060241,4750.939052,-0.136885916
168.306167,170209,170.204,2259,4060.294118,4.060294118,4750.939052,-0.145370195
168.356136,170259,170.254,2278,4137.259218,4.137259218,4750.939052,-0.129170218
168.445435,170309,170.304,2257,4052.285092,4.052285092,4750.939052,-0.147055972
168.456184,170359,170.354,2266,4088.463641,4.088463641,4750.939052,-0.139440941
168.541035,170409,170.404,2262,4072.340426,4.072340426,4750.939052,-0.142834631
168.556207,170459,170.454,2260,4064.305177,4.064305177,4750.939052,-0.144525928
168.640157,170509,170.504,2257,4052.285092,4.052285092,4750.939052,-0.147055972
168.65616,170559,170.554,2261,4068.320611,4.068320611,4750.939052,-0.143680741
168.706131,170609,170.604,2261,4068.320611,4.068320611,4750.939052,-0.143680741
168.783178,170659,170.654,2272,4112.78113,4.11278113,4750.939052,-0.134322481
168.806191,170709,170.704,2273,4116.849616,4.116849616,4750.939052,-0.133466127
168.897208,170759,170.754,2278,4137.259218,4.137259218,4750.939052,-0.129170218
168.906202,170809,170.804,2276,4129.081913,4.129081913,4750.939052,-0.130891416
168.991315,170859,170.854,2279,4141.354626,4.141354626,4750.939052,-0.128308198
169.00614,170909,170.904,2276,4129.081913,4.129081913,4750.939052,-0.130891416
169.056118,170959,170.954,2273,4116.849616,4.116849616,4750.939052,-0.133466127
169.138708,171009,171.004,2239,3980.980603,3.980980603,4750.939052,-0.162064476
169.156202,171059,171.054,2248,4016.459123,4.016459123,4750.939052,-0.15459679
169.231065,171109,171.104,2255,4044.293478,4.044293478,4750.939052,-0.148738084
169.256216,171159,171.154,2249,4020.422535,4.020422535,4750.939052,-0.153762553
169.338016,171209,171.204,2239,3980.980603,3.980980603,4750.939052,-0.162064476
169.356206,171259,171.254,2258,4056.287425,4.056287425,4750.939052,-0.146213542
169.406192,171309,171.304,2244,4000.648298,4.000648298,4750.939052,-0.157924727
169.494934,171359,171.354,2262,4072.340426,4.072340426,4750.939052,-0.142834631
169.506105,171409,171.404,2260,4064.305177,4.064305177,4750.939052,-0.144525928
169.556204,171459,171.454,2279,4141.354626,4.141354626,4750.939052,-0.128308198
169.640122,171509,171.504,2277,4133.168317,4.133168317,4750.939052,-0.13003129
169.656228,171559,171.554,2285,4166.022099,4.166022099,4750.939052,-0.123116072
169.739373,171609,171.604,2296,4211.673152,4.211673152,4750.939052,-0.113507223
169.756147,171659,171.654,2312,4279.080202,4.279080202,4750.939052,-0.09931907
169.806201,171709,171.704,2287,4174.280973,4.174280973,4750.939052,-0.121377705
169.88355,171759,171.754,2273,4116.849616,4.116849616,4750.939052,-0.133466127
169.906202,171809,171.804,2290,4186.703601,4.186703601,4750.939052,-0.118762932
169.997097,171859,171.854,2258,4056.287425,4.056287425,4750.939052,-0.146213542
170.006185,171909,171.904,2246,4008.54516,4.00854516,4750.939052,-0.156262559
170.056163,171959,171.954,2258,4056.287425,4.056287425,4750.939052,-0.146213542
170.140647,172009,172.004,2264,4080.393228,4.080393228,4750.939052,-0.141139639
170.156184,172059,172.054,2263,4076.364629,4.076364629,4750.939052,-0.141987598
170.24024,172109,172.104,2261,4068.320611,4.068320611,4750.939052,-0.143680741
170.256202,172159,172.154,2254,4040.304183,4.040304183,4750.939052,-0.14957777
170.331354,172209,172.204,2290,4186.703601,4.186703601,4750.939052,-0.118762932
170.35621,172259,172.254,2282,4153.667954,4.153667954,4750.939052,-0.12571643
170.445359,172309,172.304,2264,4080.393228,4.080393228,4750.939052,-0.141139639
170.456216,172359,172.354,2244,4000.648298,4.000648298,4750.939052,-0.157924727
170.538953,172409,172.404,2282,4153.667954,4.153667954,4750.939052,-0.12571643
170.556219,172459,172.454,2270,4104.657534,4.104657534,4750.939052,-0.136032374
170.641314,172509,172.504,2272,4112.78113,4.11278113,4750.939052,-0.134322481
170.65617,172559,172.554,2260,4064.305177,4.064305177,4750.939052,-0.144525928
170.706161,172609,172.604,2261,4068.320611,4.068320611,4750.939052,-0.143680741
170.790564,172659,172.654,2258,4056.287425,4.056287425,4750.939052,-0.146213542
170.806207,172709,172.704,2253,4036.319218,4.036319218,4750.939052,-0.150416544
170.883189,172759,172.754,2252,4032.338578,4.032338578,4750.939052,-0.151254408
170.906192,172809,172.804,2254,4040.304183,4.040304183,4750.939052,-0.14957777
170.956163,172859,172.854,2249,4020.422535,4.020422535,4750.939052,-0.153762553
171.048601,172909,172.904,2249,4020.422535,4.020422535,4750.939052,-0.153762553
171.05618,172959,172.954,2263,4076.364629,4.076364629,4750.939052,-0.141987598
171.106161,173009,173.004,2243,3996.706263,3.996706263,4750.939052,-0.158754465
171.188709,173059,173.054,2261,4068.320611,4.068320611,4750.939052,-0.143680741
171.206167,173109,173.104,2263,4076.364629,4.076364629,4750.939052,-0.141987598
171.288941,173159,173.154,2275,4125.0,4.125,4750.939052,-0.131750596
171.3062,173209,173.204,2267,4092.50547,4.09250547,4750.939052,-0.138590198
171.388378,173259,173.254,2271,4108.717105,4.108717105,4750.939052,-0.135177896
171.406197,173309,173.304,2308,4262.115277,4.262115277,4750.939052,-0.102889928
171.456196,173359,173.354,2323,4326.128668,4.326128668,4750.939052,-0.089416088
171.534444,173409,173.404,2268,4096.551724,4.096551724,4750.939052,-0.137738523
171.556226,173459,173.454,2273,4116.849616,4.116849616,4750.939052,-0.133466127
171.647509,173509,173.504,2297,4215.850945,4.215850945,4750.939052,-0.112627862
171.656167,173559,173.554,2266,4088.463641,4.088463641,4750.939052,-0.139440941
171.706132,173609,173.604,2251,4028.362256,4.028362256,4750.939052,-0.152091363
171.791521,173659,173.654,2263,4076.364629,4.076364629,4750.939052,-0.141987598
171.806172,173709,173.704,2261,4068.320611,4.068320611,4750.939052,-0.143680741
171.892044,173759,173.754,2253,4036.319218,4.036319218,4750.939052,-0.150416544
171.906209,173809,173.804,2259,4060.294118,4.060294118,4750.939052,-0.145370195
171.984458,173859,173.854,2272,4112.78113,4.11278113,4750.939052,-0.134322481
172.006107,173909,173.904,2271,4108.717105,4.108717105,4750.939052,-0.135177896
172.056184,173959,173.954,2270,4104.657534,4.104657534,4750.939052,-0.136032374
172.147279,174009,174.004,2265,4084.42623,4.08442623,4750.939052,-0.140290754
172.15619,174059,174.054,2255,4044.293478,4.044293478,4750.939052,-0.148738084
172.239523,174109,174.104,2265,4084.42623,4.08442623,4750.939052,-0.140290754
172.256192,174159,174.154,2289,4182.55814,4.18255814,4750.939052,-0.119635488
172.306202,174209,174.204,2288,4178.417266,4.178417266,4750.939052,-0.120507079
172.389275,174259,174.254,2280,4145.454545,4.145454545,4750.939052,-0.127445227
172.406164,174309,174.304,2274,4120.92257,4.12092257,4750.939052,-0.132608833
172.45618,174359,174.354,2258,4056.287425,4.056287425,4750.939052,-0.146213542
172.533333,174409,174.404,2254,4040.304183,4.040304183,4750.939052,-0.14957777
172.556178,174459,174.454,2254,4040.304183,4.040304183,4750.939052,-0.14957777
172.647717,174509,174.504,2254,4040.304183,4.040304183,4750.939052,-0.14957777
172.65617,174559,174.554,2266,4088.463641,4.088463641,4750.939052,-0.139440941
172.706175,174609,174.604,2256,4048.287113,4.048287113,4750.939052,-0.147897486
172.791864,174659,174.654,2266,4088.463641,4.088463641,4750.939052,-0.139440941
172.806195,174709,174.704,2275,4125.0,4.125,4750.939052,-0.131750596
172.892256,174759,174.754,2260,4064.305177,4.064305177,4750.939052,-0.144525928
172.906237,174809,174.804,2266,4088.463641,4.088463641,4750.939052,-0.139440941
172.992039,174859,174.854,2274,4120.92257,4.12092257,4750.939052,-0.132608833
173.006105,174909,174.904,2291,4190.853659,4.190853659,4750.939052,-0.117889408
173.056194,174959,174.954,2285,4166.022099,4.166022099,4750.939052,-0.123116072
173.13635,175009,175.004,2303,4241.015625,4.241015625,4750.939052,-0.107331082
173.156182,175059,175.054,2318,4304.670793,4.304670793,4750.939052,-0.093932642
173.206178,175109,175.104,2277,4133.168317,4.133168317,4750.939052,-0.13003129
173.29898,175159,175.154,2297,4215.850945,4.215850945,4750.939052,-0.112627862
173.306168,175209,175.204,2287,4174.280973,4.174280973,4750.939052,-0.121377705
173.356202,175259,175.254,2291,4190.853659,4.190853659,4750.939052,-0.117889408
173.441532,175309,175.304,2265,4084.42623,4.08442623,4750.939052,-0.140290754
173.456181,175359,175.354,2266,4088.463641,4.088463641,4750.939052,-0.139440941
173.506152,175409,175.404,2252,4032.338578,4.032338578,4750.939052,-0.151254408
173.586877,175459,175.454,2257,4052.285092,4.052285092,4750.939052,-0.147055972
173.606166,175509,175.504,2266,4088.463641,4.088463641,4750.939052,-0.139440941
173.700009,175559,175.554,2262,4072.340426,4.072340426,4750.939052,-0.142834631
173.706157,175609,175.604,2260,4064.305177,4.064305177,4750.939052,-0.144525928
173.756169,175659,175.654,2273,4116.849616,4.116849616,4750.939052,-0.133466127
173.843755,175709,175.704,2268,4096.551724,4.096551724,4750.939052,-0.137738523
173.856197,175759,175.754,2258,4056.287425,4.056287425,4750.939052,-0.146213542
173.943767,175809,175.804,2298,4220.033389,4.220033389,4750.939052,-0.111747521
173.956182,175859,175.854,2296,4211.673152,4.211673152,4750.939052,-0.113507223
174.044893,175909,175.904,2291,4190.853659,4.190853659,4750.939052,-0.117889408
174.056153,175959,175.954,2285,4166.022099,4.166022099,4750.939052,-0.123116072
174.106139,176009,176.004,2274,4120.92257,4.12092257,4750.939052,-0.132608833
174.185465,176059,176.054,2279,4141.354626,4.141354626,4750.939052,-0.128308198
174.206161,176109,176.104,2268,4096.551724,4.096551724,4750.939052,-0.137738523
174.299704,176159,176.154,2258,4056.287425,4.056287425,4750.939052,-0.146213542
174.306152,176209,176.204,2267,4092.50547,4.09250547,4750.939052,-0.138590198
174.356145,176259,176.254,2265,4084.42623,4.08442623,4750.939052,-0.140290754
174.441626,176309,176.304,2258,4056.287425,4.056287425,4750.939052,-0.146213542
174.456169,176359,176.354,2276,4129.081913,4.129081913,4750.939052,-0.130891416
174.537078,176409,176.404,2266,4088.463641,4.088463641,4750.939052,-0.139440941
174.556146,176459,176.454,2267,4092.50547,4.09250547,4750.939052,-0.138590198
174.606147,176509,176.504,2255,4044.293478,4.044293478,4750.939052,-0.148738084
174.693743,176559,176.554,2286,4170.149254,4.170149254,4750.939052,-0.122247369
174.706165,176609,176.604,2282,4153.667954,4.153667954,4750.939052,-0.12571643
174.800903,176659,176.654,2282,4153.667954,4.153667954,4750.939052,-0.12571643
174.806104,176709,176.704,2283,4157.781457,4.157781457,4750.939052,-0.124850601
174.856112,176759,176.754,2305,4249.441341,4.249441341,4750.939052,-0.105557597
174.944134,176809,176.804,2275,4125.0,4.125,4750.939052,-0.131750596
174.956121,176859,176.854,2278,4137.259218,4.137259218,4750.939052,-0.129170218
175.046487,176909,176.904,2273,4116.849616,4.116849616,4750.939052,-0.133466127
175.056105,176959,176.954,2297,4215.850945,4.215850945,4750.939052,-0.112627862
175.106184,177009,177.004,2271,4108.717105,4.108717105,4750.939052,-0.135177896
175.192824,177059,177.054,2260,4064.305177,4.064305177,4750.939052,-0.144525928
175.206125,177109,177.104,2247,4012.5,4.0125,4750.939052,-0.155430125
175.256122,177159,177.154,2245,4004.594595,4.004594595,4750.939052,-0.157094092
175.335388,177209,177.204,2255,4044.293478,4.044293478,4750.939052,-0.148738084
175.356129,177259,177.254,2276,4129.081913,4.129081913,4750.939052,-0.130891416
175.448994,177309,177.304,2256,4048.287113,4.048287113,4750.939052,-0.147897486
175.4561,177359,177.354,2263,4076.364629,4.076364629,4750.939052,-0.141987598
175.506158,177409,177.404,2259,4060.294118,4.060294118,4750.939052,-0.145370195
175.59458,177459,177.454,2261,4068.320611,4.068320611,4750.939052,-0.143680741
175.606116,177509,177.504,2269,4100.60241,4.10060241,4750.939052,-0.136885916
175.656151,177559,177.554,2287,4174.280973,4.174280973,4750.939052,-0.121377705
175.744673,177609,177.604,2300,4228.412256,4.228412256,4750.939052,-0.109983898
175.756157,177659,177.654,2290,4186.703601,4.186703601,4750.939052,-0.118762932
175.806137,177709,177.704,2279,4141.354626,4.141354626,4750.939052,-0.128308198
175.887309,177759,177.754,2265,4084.42623,4.08442623,4750.939052,-0.140290754
175.9061,177809,177.804,2256,4048.287113,4.048287113,4750.939052,-0.147897486
175.956153,177859,177.854,2248,4016.459123,4.016459123,4750.939052,-0.15459679
176.044563,177909,177.904,2241,3988.834951,3.988834951,4750.939052,-0.160411256
176.056114,177959,177.954,2256,4048.287113,4.048287113,4750.939052,-0.147897486
176.106175,178009,178.004,2250,4024.390244,4.024390244,4750.939052,-0.152927411
176.199484,178059,178.054,2256,4048.287113,4.048287113,4750.939052,-0.147897486
176.206142,178109,178.104,2243,3996.706263,3.996706263,4750.939052,-0.158754465
176.256136,178159,178.154,2252,4032.338578,4.032338578,4750.939052,-0.151254408
176.33434,178209,178.204,2262,4072.340426,4.072340426,4750.939052,-0.142834631
176.356158,178259,178.254,2268,4096.551724,4.096551724,4750.939052,-0.137738523
176.448581,178309,178.304,2281,4149.558986,4.149558986,4750.939052,-0.126581305
176.456111,178359,178.354,2263,4076.364629,4.076364629,4750.939052,-0.141987598
176.506163,178409,178.404,2285,4166.022099,4.166022099,4750.939052,-0.123116072
176.594519,178459,178.454,2306,4253.661263,4.253661263,4750.939052,-0.104669368
176.606156,178509,178.504,2296,4211.673152,4.211673152,4750.939052,-0.113507223
176.65615,178559,178.554,2294,4203.331483,4.203331483,4750.939052,-0.115263017
176.744948,178609,178.604,2272,4112.78113,4.11278113,4750.939052,-0.134322481
176.756146,178659,178.654,2272,4112.78113,4.11278113,4750.939052,-0.134322481
176.806104,178709,178.704,2290,4186.703601,4.186703601,4750.939052,-0.118762932
176.887435,178759,178.754,2272,4112.78113,4.11278113,4750.939052,-0.134322481
176.906174,178809,178.804,2253,4036.319218,4.036319218,4750.939052,-0.150416544
177.000849,178859,178.854,2268,4096.551724,4.096551724,4750.939052,-0.137738523
177.00614,178909,178.904,2268,4096.551724,4.096551724,4750.939052,-0.137738523
177.056156,178959,178.954,2250,4024.390244,4.024390244,4750.939052,-0.152927411
177.144372,179009,179.004,2259,4060.294118,4.060294118,4750.939052,-0.145370195
177.156135,179059,179.054,2250,4024.390244,4.024390244,4750.939052,-0.152927411
177.20616,179109,179.104,2269,4100.60241,4.10060241,4750.939052,-0.136885916
177.292123,179159,179.154,2258,4056.287425,4.056287425,4750.939052,-0.146213542
177.306083,179209,179.204,2267,4092.50547,4.09250547,4750.939052,-0.138590198
177.356099,179259,179.254,2277,4133.168317,4.133168317,4750.939052,-0.13003129
177.434367,179309,179.304,2288,4178.417266,4.178417266,4750.939052,-0.120507079
177.456095,179359,179.354,2296,4211.673152,4.211673152,4750.939052,-0.113507223
177.506166,179409,179.404,2293,4199.167592,4.199167592,4750.939052,-0.116139453
177.601256,179459,179.454,2287,4174.280973,4.174280973,4750.939052,-0.121377705
177.606118,179509,179.504,2262,4072.340426,4.072340426,4750.939052,-0.142834631
177.656113,179559,179.554,2273,4116.849616,4.116849616,4750.939052,-0.133466127
177.744151,179609,179.604,2246,4008.54516,4.00854516,4750.939052,-0.156262559
177.756111,179659,179.654,2254,4040.304183,4.040304183,4750.939052,-0.14957777
177.844492,179709,179.704,2258,4056.287425,4.056287425,4750.939052,-0.146213542
177.856124,179759,179.754,2255,4044.293478,4.044293478,4750.939052,-0.148738084
177.943843,179809,179.804,2260,4064.305177,4.064305177,4750.939052,-0.144525928
177.956175,179859,179.854,2263,4076.364629,4.076364629,4750.939052,-0.141987598
178.038381,179909,179.904,2257,4052.285092,4.052285092,4750.939052,-0.147055972
178.056156,179959,179.954,2269,4100.60241,4.10060241,4750.939052,-0.136885916
178.106127,180009,180.004,2278,4137.259218,4.137259218,4750.939052,-0.129170218
178.230225,180059,180.054,2279,4141.354626,4.141354626,4750.939052,-0.128308198
178.358771,180109,180.104,2280,4145.454545,4.145454545,4750.939052,-0.127445227
178.467853,180159,180.154,2317,4300.393701,4.300393701,4750.939052,-0.094832905
178.549868,180209,180.204,2323,4326.128668,4.326128668,4750.939052,-0.089416088
178.550096,180259,180.254,2279,4141.354626,4.141354626,4750.939052,-0.128308198
178.550295,180309,180.304,2304,4245.226131,4.245226131,4750.939052,-0.106444835
178.550492,180359,180.354,2293,4199.167592,4.199167592,4750.939052,-0.116139453
178.550699,180409,180.404,2283,4157.781457,4.157781457,4750.939052,-0.124850601
178.556111,180459,180.454,2271,4108.717105,4.108717105,4750.939052,-0.135177896
178.60616,180509,180.504,2261,4068.320611,4.068320611,4750.939052,-0.143680741
178.705369,180559,180.554,2246,4008.54516,4.00854516,4750.939052,-0.156262559
178.707104,180609,180.604,2258,4056.287425,4.056287425,4750.939052,-0.146213542
178.795057,180659,180.654,2260,4064.305177,4.064305177,4750.939052,-0.144525928
178.806099,180709,180.704,2250,4024.390244,4.024390244,4750.939052,-0.152927411
178.856087,180759,180.754,2259,4060.294118,4.060294118,4750.939052,-0.145370195
178.944268,180809,180.804,2268,4096.551724,4.096551724,4750.939052,-0.137738523
178.95614,180859,180.854,2255,4044.293478,4.044293478,4750.939052,-0.148738084
179.045527,180909,180.904,2273,4116.849616,4.116849616,4750.939052,-0.133466127
179.056125,180959,180.954,2278,4137.259218,4.137259218,4750.939052,-0.129170218
179.106118,181009,181.004,2290,4186.703601,4.186703601,4750.939052,-0.118762932
179.18535,181059,181.054,2301,4232.608696,4.232608696,4750.939052,-0.109100612
179.206079,181109,181.104,2316,4296.121417,4.296121417,4750.939052,-0.095732155
179.256103,181159,181.154,2286,4170.149254,4.170149254,4750.939052,-0.122247369
179.350286,181209,181.204,2284,4161.899503,4.161899503,4750.939052,-0.123983815
179.35607,181259,181.254,2256,4048.287113,4.048287113,4750.939052,-0.147897486
179.406121,181309,181.304,2257,4052.285092,4.052285092,4750.939052,-0.147055972
179.49268,181359,181.354,2225,3926.470588,3.926470588,4750.939052,-0.173538001
179.506121,181409,181.404,2266,4088.463641,4.088463641,4750.939052,-0.139440941
179.587111,181459,181.454,2269,4100.60241,4.10060241,4750.939052,-0.136885916
179.606104,181509,181.504,2266,4088.463641,4.088463641,4750.939052,-0.139440941
179.656737,181559,181.554,2271,4108.717105,4.108717105,4750.939052,-0.135177896
179.774261,181609,181.604,2258,4056.287425,4.056287425,4750.939052,-0.146213542
179.883529,181659,181.654,2266,4088.463641,4.088463641,4750.939052,-0.139440941
179.977666,181709,181.704,2283,4157.781457,4.157781457,4750.939052,-0.124850601
179.9779,181759,181.754,2289,4182.55814,4.18255814,4750.939052,-0.119635488
179.978103,181809,181.804,2280,4145.454545,4.145454545,4750.939052,-0.127445227
179.978305,181859,181.854,2303,4241.015625,4.241015625,4750.939052,-0.107331082
180.006044,181909,181.904,2322,4321.827411,4.321827411,4750.939052,-0.090321437
180.095453,181959,181.954,2292,4195.008319,4.195008319,4750.939052,-0.117014916
180.106086,182009,182.004,2294,4203.331483,4.203331483,4750.939052,-0.115263017
180.194062,182059,182.054,2290,4186.703601,4.186703601,4750.939052,-0.118762932
180.206101,182109,182.104,2287,4174.280973,4.174280973,4750.939052,-0.121377705
180.285826,182159,182.154,2285,4166.022099,4.166022099,4750.939052,-0.123116072
180.306077,182209,182.204,2263,4076.364629,4.076364629,4750.939052,-0.141987598
180.356106,182259,182.254,2258,4056.287425,4.056287425,4750.939052,-0.146213542
180.450732,182309,182.304,2269,4100.60241,4.10060241,4750.939052,-0.136885916
180.456097,182359,182.354,2258,4056.287425,4.056287425,4750.939052,-0.146213542
180.50605,182409,182.404,2256,4048.287113,4.048287113,4750.939052,-0.147897486
180.595867,182459,182.454,2269,4100.60241,4.10060241,4750.939052,-0.136885916
180.606001,182509,182.504,2265,4084.42623,4.08442623,4750.939052,-0.140290754
180.655972,182559,182.554,2253,4036.319218,4.036319218,4750.939052,-0.150416544
180.747868,182609,182.604,2278,4137.259218,4.137259218,4750.939052,-0.129170218
180.756107,182659,182.654,2291,4190.853659,4.190853659,4750.939052,-0.117889408
180.840287,182709,182.704,2301,4232.608696,4.232608696,4750.939052,-0.109100612
180.856087,182759,182.754,2305,4249.441341,4.249441341,4750.939052,-0.105557597
180.90602,182809,182.804,2297,4215.850945,4.215850945,4750.939052,-0.112627862
181.006267,182859,182.854,2308,4262.115277,4.262115277,4750.939052,-0.102889928
181.100633,182909,182.904,2284,4161.899503,4.161899503,4750.939052,-0.123983815
181.100862,182959,182.954,2272,4112.78113,4.11278113,4750.939052,-0.134322481
181.106019,183009,183.004,2253,4036.319218,4.036319218,4750.939052,-0.150416544
181.156073,183059,183.054,2251,4028.362256,4.028362256,4750.939052,-0.152091363
181.237531,183109,183.104,2248,4016.459123,4.016459123,4750.939052,-0.15459679
181.256067,183159,183.154,2255,4044.293478,4.044293478,4750.939052,-0.148738084
181.306067,183209,183.204,2254,4040.304183,4.040304183,4750.939052,-0.14957777
181.393723,183259,183.254,2255,4044.293478,4.044293478,4750.939052,-0.148738084
181.406075,183309,183.304,2236,3969.230769,3.969230769,4750.939052,-0.164537637
181.503303,183359,183.354,2260,4064.305177,4.064305177,4750.939052,-0.144525928
181.505998,183409,183.404,2287,4174.280973,4.174280973,4750.939052,-0.121377705
181.556046,183459,183.454,2294,4203.331483,4.203331483,4750.939052,-0.115263017
181.646613,183509,183.504,2277,4133.168317,4.133168317,4750.939052,-0.13003129
181.655964,183559,183.554,2289,4182.55814,4.18255814,4750.939052,-0.119635488
181.706034,183609,183.604,2302,4236.809816,4.236809816,4750.939052,-0.10821634
181.797533,183659,183.654,2287,4174.280973,4.174280973,4750.939052,-0.121377705
181.806058,183709,183.704,2271,4108.717105,4.108717105,4750.939052,-0.135177896
181.896564,183759,183.754,2292,4195.008319,4.195008319,4750.939052,-0.117014916
181.906039,183809,183.804,2280,4145.454545,4.145454545,4750.939052,-0.127445227
181.956057,183859,183.854,2279,4141.354626,4.141354626,4750.939052,-0.128308198
182.039306,183909,183.904,2275,4125.0,4.125,4750.939052,-0.131750596
182.056073,183959,183.954,2265,4084.42623,4.08442623,4750.939052,-0.140290754
182.10604,184009,184.004,2264,4080.393228,4.080393228,4750.939052,-0.141139639
182.206737,184059,184.054,2255,4044.293478,4.044293478,4750.939052,-0.148738084
182.296287,184109,184.104,2245,4004.594595,4.004594595,4750.939052,-0.157094092
182.296509,184159,184.154,2268,4096.551724,4.096551724,4750.939052,-0.137738523
182.305966,184209,184.204,2276,4129.081913,4.129081913,4750.939052,-0.130891416
182.356051,184259,184.254,2261,4068.320611,4.068320611,4750.939052,-0.143680741
182.444573,184309,184.304,2276,4129.081913,4.129081913,4750.939052,-0.130891416
182.456039,184359,184.354,2280,4145.454545,4.145454545,4750.939052,-0.127445227
182.506047,184409,184.404,2294,4203.331483,4.203331483,4750.939052,-0.115263017
182.589824,184459,184.454,2299,4224.22049,4.22422049,4750.939052,-0.110866201
182.606029,184509,184.504,2284,4161.899503,4.161899503,4750.939052,-0.123983815
182.65598,184559,184.554,2284,4161.899503,4.161899503,4750.939052,-0.123983815
182.767237,184609,184.604,2273,4116.849616,4.116849616,4750.939052,-0.133466127
182.863824,184659,184.654,2264,4080.393228,4.080393228,4750.939052,-0.141139639
182.864052,184709,184.704,2264,4080.393228,4.080393228,4750.939052,-0.141139639
182.864259,184759,184.754,2254,4040.304183,4.040304183,4750.939052,-0.14957777
182.906053,184809,184.804,2258,4056.287425,4.056287425,4750.939052,-0.146213542
182.999525,184859,184.854,2258,4056.287425,4.056287425,4750.939052,-0.146213542
183.005998,184909,184.904,2257,4052.285092,4.052285092,4750.939052,-0.147055972
183.056059,184959,184.954,2269,4100.60241,4.10060241,4750.939052,-0.136885916
183.139542,185009,185.004,2260,4064.305177,4.064305177,4750.939052,-0.144525928
183.155963,185059,185.054,2264,4080.393228,4.080393228,4750.939052,-0.141139639
183.206027,185109,185.104,2264,4080.393228,4.080393228,4750.939052,-0.141139639
183.304345,185159,185.154,2309,4266.349384,4.266349384,4750.939052,-0.101998713
183.305938,185209,185.204,2286,4170.149254,4.170149254,4750.939052,-0.122247369
183.356047,185259,185.254,2290,4186.703601,4.186703601,4750.939052,-0.118762932
183.445143,185309,185.304,2319,4308.952703,4.308952703,4750.939052,-0.093031366
183.456014,185359,185.354,2311,4274.831839,4.274831839,4750.939052,-0.100213286
183.506024,185409,185.404,2284,4161.899503,4.161899503,4750.939052,-0.123983815
183.589218,185459,185.454,2288,4178.417266,4.178417266,4750.939052,-0.120507079
183.606026,185509,185.504,2293,4199.167592,4.199167592,4750.939052,-0.116139453
183.703949,185559,185.554,2301,4232.608696,4.232608696,4750.939052,-0.109100612
183.705972,185609,185.604,2286,4170.149254,4.170149254,4750.939052,-0.122247369
183.756053,185659,185.654,2268,4096.551724,4.096551724,4750.939052,-0.137738523
183.846015,185709,185.704,2268,4096.551724,4.096551724,4750.939052,-0.137738523
183.856064,185759,185.754,2291,4190.853659,4.190853659,4750.939052,-0.117889408
183.90604,185809,185.804,2252,4032.338578,4.032338578,4750.939052,-0.151254408
183.996814,185859,185.854,2268,4096.551724,4.096551724,4750.939052,-0.137738523
184.00597,185909,185.904,2269,4100.60241,4.10060241,4750.939052,-0.136885916
184.056069,185959,185.954,2276,4129.081913,4.129081913,4750.939052,-0.130891416
184.143997,186009,186.004,2268,4096.551724,4.096551724,4750.939052,-0.137738523
184.156009,186059,186.054,2275,4125.0,4.125,4750.939052,-0.131750596
184.206031,186109,186.104,2295,4207.5,4.2075,4750.939052,-0.114385608
184.30536,186159,186.154,2291,4190.853659,4.190853659,4750.939052,-0.117889408
184.306084,186209,186.204,2296,4211.673152,4.211673152,4750.939052,-0.113507223
184.395695,186259,186.254,2286,4170.149254,4.170149254,4750.939052,-0.122247369
184.406058,186309,186.304,2283,4157.781457,4.157781457,4750.939052,-0.124850601
184.456046,186359,186.354,2249,4020.422535,4.020422535,4750.939052,-0.153762553
184.544506,186409,186.404,2257,4052.285092,4.052285092,4750.939052,-0.147055972
184.556028,186459,186.454,2253,4036.319218,4.036319218,4750.939052,-0.150416544
184.606056,186509,186.504,2255,4044.293478,4.044293478,4750.939052,-0.148738084
184.691375,186559,186.554,2255,4044.293478,4.044293478,4750.939052,-0.148738084
184.706102,186609,186.604,2268,4096.551724,4.096551724,4750.939052,-0.137738523
184.803984,186659,186.654,2264,4080.393228,4.080393228,4750.939052,-0.141139639
184.806042,186709,186.704,2258,4056.287425,4.056287425,4750.939052,-0.146213542
184.85603,186759,186.754,2256,4048.287113,4.048287113,4750.939052,-0.147897486
184.944242,186809,186.804,2272,4112.78113,4.11278113,4750.939052,-0.134322481
184.956051,186859,186.854,2290,4186.703601,4.186703601,4750.939052,-0.118762932
185.046823,186909,186.904,2303,4241.015625,4.241015625,4750.939052,-0.107331082
185.056025,186959,186.954,2282,4153.667954,4.153667954,4750.939052,-0.12571643
185.10603,187009,187.004,2311,4274.831839,4.274831839,4750.939052,-0.100213286
185.194241,187059,187.054,2308,4262.115277,4.262115277,4750.939052,-0.102889928
185.206041,187109,187.104,2273,4116.849616,4.116849616,4750.939052,-0.133466127
185.286911,187159,187.154,2277,4133.168317,4.133168317,4750.939052,-0.13003129
185.306055,187209,187.204,2284,4161.899503,4.161899503,4750.939052,-0.123983815
185.400301,187259,187.254,2276,4129.081913,4.129081913,4750.939052,-0.130891416
185.406004,187309,187.304,2264,4080.393228,4.080393228,4750.939052,-0.141139639
185.456008,187359,187.354,2276,4129.081913,4.129081913,4750.939052,-0.130891416
185.546003,187409,187.404,2247,4012.5,4.0125,4750.939052,-0.155430125
185.556072,187459,187.454,2261,4068.320611,4.068320611,4750.939052,-0.143680741
185.645088,187509,187.504,2266,4088.463641,4.088463641,4750.939052,-0.139440941
185.656033,187559,187.554,2257,4052.285092,4.052285092,4750.939052,-0.147055972
185.705994,187609,187.604,2258,4056.287425,4.056287425,4750.939052,-0.146213542
185.788362,187659,187.654,2265,4084.42623,4.08442623,4750.939052,-0.140290754
185.806016,187709,187.704,2271,4108.717105,4.108717105,4750.939052,-0.135177896
185.903554,187759,187.754,2285,4166.022099,4.166022099,4750.939052,-0.123116072
185.905939,187809,187.804,2285,4166.022099,4.166022099,4750.939052,-0.123116072
185.956013,187859,187.854,2285,4166.022099,4.166022099,4750.939052,-0.123116072
186.046739,187909,187.904,2279,4141.354626,4.141354626,4750.939052,-0.128308198
186.056041,187959,187.954,2280,4145.454545,4.145454545,4750.939052,-0.127445227
186.106054,188009,188.004,2276,4129.081913,4.129081913,4750.939052,-0.130891416
186.193815,188059,188.054,2275,4125.0,4.125,4750.939052,-0.131750596
186.206014,188109,188.104,2275,4125.0,4.125,4750.939052,-0.131750596
186.256012,188159,188.154,2259,4060.294118,4.060294118,4750.939052,-0.145370195
186.339323,188209,188.204,2251,4028.362256,4.028362256,4750.939052,-0.152091363
186.35601,188259,188.254,2249,4020.422535,4.020422535,4750.939052,-0.153762553
186.446178,188309,188.304,2259,4060.294118,4.060294118,4750.939052,-0.145370195
186.456069,188359,188.354,2261,4068.320611,4.068320611,4750.939052,-0.143680741
186.558253,188409,188.404,2270,4104.657534,4.104657534,4750.939052,-0.136032374
186.651509,188459,188.454,2285,4166.022099,4.166022099,4750.939052,-0.123116072
186.651737,188509,188.504,2279,4141.354626,4.141354626,4750.939052,-0.128308198
186.656022,188559,188.554,2277,4133.168317,4.133168317,4750.939052,-0.13003129
186.705958,188609,188.604,2291,4190.853659,4.190853659,4750.939052,-0.117889408
186.802435,188659,188.654,2279,4141.354626,4.141354626,4750.939052,-0.128308198
186.806016,188709,188.704,2303,4241.015625,4.241015625,4750.939052,-0.107331082
186.892124,188759,188.754,2311,4274.831839,4.274831839,4750.939052,-0.100213286
186.906095,188809,188.804,2288,4178.417266,4.178417266,4750.939052,-0.120507079
187.006854,188859,188.854,2280,4145.454545,4.145454545,4750.939052,-0.127445227
187.101188,188909,188.904,2291,4190.853659,4.190853659,4750.939052,-0.117889408
187.101414,188959,188.954,2291,4190.853659,4.190853659,4750.939052,-0.117889408
187.105936,189009,189.004,2283,4157.781457,4.157781457,4750.939052,-0.124850601
187.155985,189059,189.054,2272,4112.78113,4.11278113,4750.939052,-0.134322481
187.24914,189109,189.104,2258,4056.287425,4.056287425,4750.939052,-0.146213542
187.255971,189159,189.154,2260,4064.305177,4.064305177,4750.939052,-0.144525928
187.306109,189209,189.204,2261,4068.320611,4.068320611,4750.939052,-0.143680741
187.392261,189259,189.254,2265,4084.42623,4.08442623,4750.939052,-0.140290754
187.406004,189309,189.304,2264,4080.393228,4.080393228,4750.939052,-0.141139639
187.45608,189359,189.354,2257,4052.285092,4.052285092,4750.939052,-0.147055972
187.676012,189409,189.404,2300,4228.412256,4.228412256,4750.939052,-0.109983898
187.779281,189459,189.454,2281,4149.558986,4.149558986,4750.939052,-0.126581305
187.922137,189509,189.504,2260,4064.305177,4.064305177,4750.939052,-0.144525928
188.043999,189559,189.554,2276,4129.081913,4.129081913,4750.939052,-0.130891416
188.168409,189609,189.604,2284,4161.899503,4.161899503,4750.939052,-0.123983815
188.269012,189659,189.654,2294,4203.331483,4.203331483,4750.939052,-0.115263017
188.361972,189709,189.704,2286,4170.149254,4.170149254,4750.939052,-0.122247369
188.362199,189759,189.754,2285,4166.022099,4.166022099,4750.939052,-0.123116072
188.3624,189809,189.804,2275,4125.0,4.125,4750.939052,-0.131750596
188.3626,189859,189.854,2273,4116.849616,4.116849616,4750.939052,-0.133466127
188.362876,189909,189.904,2257,4052.285092,4.052285092,4750.939052,-0.147055972
188.363074,189959,189.954,2266,4088.463641,4.088463641,4750.939052,-0.139440941
188.36327,190009,190.004,2255,4044.293478,4.044293478,4750.939052,-0.148738084
188.363465,190059,190.054,2234,3961.418592,3.961418592,4750.939052,-0.16618198
188.36366,190109,190.104,2268,4096.551724,4.096551724,4750.939052,-0.137738523
188.363855,190159,190.154,2278,4137.259218,4.137259218,4750.939052,-0.129170218
188.364049,190209,190.204,2273,4116.849616,4.116849616,4750.939052,-0.133466127
188.364244,190259,190.254,2278,4137.259218,4.137259218,4750.939052,-0.129170218
188.406018,190309,190.304,2286,4170.149254,4.170149254,4750.939052,-0.122247369
188.498757,190359,190.354,2285,4166.022099,4.166022099,4750.939052,-0.123116072
188.505974,190409,190.404,2298,4220.033389,4.220033389,4750.939052,-0.111747521
188.55606,190459,190.454,2321,4317.531003,4.317531003,4750.939052,-0.091225765
188.640413,190509,190.504,2326,4339.061617,4.339061617,4750.939052,-0.0866939
188.655946,190559,190.554,2294,4203.331483,4.203331483,4750.939052,-0.115263017
188.706024,190609,190.604,2294,4203.331483,4.203331483,4750.939052,-0.115263017
188.808481,190659,190.654,2297,4215.850945,4.215850945,4750.939052,-0.112627862
188.902431,190709,190.704,2288,4178.417266,4.178417266,4750.939052,-0.120507079
188.902656,190759,190.754,2283,4157.781457,4.157781457,4750.939052,-0.124850601
188.906039,190809,190.804,2266,4088.463641,4.088463641,4750.939052,-0.139440941
188.955991,190859,190.854,2264,4080.393228,4.080393228,4750.939052,-0.141139639
189.053013,190909,190.904,2261,4068.320611,4.068320611,4750.939052,-0.143680741
189.05598,190959,190.954,2266,4088.463641,4.088463641,4750.939052,-0.139440941
189.106049,191009,191.004,2265,4084.42623,4.08442623,4750.939052,-0.140290754
189.191464,191059,191.054,2256,4048.287113,4.048287113,4750.939052,-0.147897486
189.206024,191109,191.104,2272,4112.78113,4.11278113,4750.939052,-0.134322481
189.256022,191159,191.154,2261,4068.320611,4.068320611,4750.939052,-0.143680741
189.359061,191209,191.204,2274,4120.92257,4.12092257,4750.939052,-0.132608833
189.451598,191259,191.254,2277,4133.168317,4.133168317,4750.939052,-0.13003129
189.451821,191309,191.304,2258,4056.287425,4.056287425,4750.939052,-0.146213542
189.456038,191359,191.354,2286,4170.149254,4.170149254,4750.939052,-0.122247369
189.506005,191409,191.404,2287,4174.280973,4.174280973,4750.939052,-0.121377705
189.598193,191459,191.454,2275,4125.0,4.125,4750.939052,-0.131750596
189.606041,191509,191.504,2268,4096.551724,4.096551724,4750.939052,-0.137738523
189.692254,191559,191.554,2257,4052.285092,4.052285092,4750.939052,-0.147055972
189.706058,191609,191.604,2253,4036.319218,4.036319218,4750.939052,-0.150416544
189.79821,191659,191.654,2275,4125.0,4.125,4750.939052,-0.131750596
189.806009,191709,191.704,2246,4008.54516,4.00854516,4750.939052,-0.156262559
189.855961,191759,191.754,2255,4044.293478,4.044293478,4750.939052,-0.148738084
189.955529,191809,191.804,2260,4064.305177,4.064305177,4750.939052,-0.144525928
189.955926,191859,191.854,2272,4112.78113,4.11278113,4750.939052,-0.134322481
190.050123,191909,191.904,2261,4068.320611,4.068320611,4750.939052,-0.143680741
190.056,191959,191.954,2273,4116.849616,4.116849616,4750.939052,-0.133466127
190.106017,192009,192.004,2288,4178.417266,4.178417266,4750.939052,-0.120507079
190.191248,192059,192.054,2285,4166.022099,4.166022099,4750.939052,-0.123116072
190.20605,192109,192.104,2286,4170.149254,4.170149254,4750.939052,-0.122247369
190.305226,192159,192.154,2312,4279.080202,4.279080202,4750.939052,-0.09931907
190.305924,192209,192.204,2325,4334.745763,4.334745763,4750.939052,-0.087602321
190.355994,192259,192.254,2307,4257.885906,4.257885906,4750.939052,-0.103780146
190.44734,192309,192.304,2287,4174.280973,4.174280973,4750.939052,-0.121377705
190.455978,192359,192.354,2299,4224.22049,4.22422049,4750.939052,-0.110866201
190.506011,192409,192.404,2291,4190.853659,4.190853659,4750.939052,-0.117889408
190.600409,192459,192.454,2275,4125.0,4.125,4750.939052,-0.131750596
190.606016,192509,192.504,2271,4108.717105,4.108717105,4750.939052,-0.135177896
190.65596,192559,192.554,2260,4064.305177,4.064305177,4750.939052,-0.144525928
190.742446,192609,192.604,2255,4044.293478,4.044293478,4750.939052,-0.148738084
190.756016,192659,192.654,2266,4088.463641,4.088463641,4750.939052,-0.139440941
190.857817,192709,192.704,2252,4032.338578,4.032338578,4750.939052,-0.151254408
190.952535,192759,192.754,2272,4112.78113,4.11278113,4750.939052,-0.134322481
190.952756,192809,192.804,2272,4112.78113,4.11278113,4750.939052,-0.134322481
190.955946,192859,192.854,2265,4084.42623,4.08442623,4750.939052,-0.140290754
191.005982,192909,192.904,2283,4157.781457,4.157781457,4750.939052,-0.124850601
191.098117,192959,192.954,2267,4092.50547,4.09250547,4750.939052,-0.138590198
191.105991,193009,193.004,2275,4125.0,4.125,4750.939052,-0.131750596
191.155984,193059,193.054,2284,4161.899503,4.161899503,4750.939052,-0.123983815
191.247877,193109,193.104,2286,4170.149254,4.170149254,4750.939052,-0.122247369
191.256043,193159,193.154,2270,4104.657534,4.104657534,4750.939052,-0.136032374
191.340683,193209,193.204,2266,4088.463641,4.088463641,4750.939052,-0.139440941
191.356052,193259,193.254,2263,4076.364629,4.076364629,4750.939052,-0.141987598
191.455194,193309,193.304,2256,4048.287113,4.048287113,4750.939052,-0.147897486
191.456015,193359,193.354,2251,4028.362256,4.028362256,4750.939052,-0.152091363
191.50606,193409,193.404,2228,3938.082485,3.938082485,4750.939052,-0.171093874
191.593148,193459,193.454,2248,4016.459123,4.016459123,4750.939052,-0.15459679
191.606014,193509,193.504,2247,4012.5,4.0125,4750.939052,-0.155430125
191.656065,193559,193.554,2253,4036.319218,4.036319218,4750.939052,-0.150416544
191.757429,193609,193.604,2269,4100.60241,4.10060241,4750.939052,-0.136885916
191.844378,193659,193.654,2267,4092.50547,4.09250547,4750.939052,-0.138590198
191.844606,193709,193.704,2288,4178.417266,4.178417266,4750.939052,-0.120507079
191.856048,193759,193.754,2292,4195.008319,4.195008319,4750.939052,-0.117014916
191.906035,193809,193.804,2282,4153.667954,4.153667954,4750.939052,-0.12571643
192.007628,193859,193.854,2292,4195.008319,4.195008319,4750.939052,-0.117014916
192.102922,193909,193.904,2321,4317.531003,4.317531003,4750.939052,-0.091225765
192.103153,193959,193.954,2295,4207.5,4.2075,4750.939052,-0.114385608
192.105968,194009,194.004,2258,4056.287425,4.056287425,4750.939052,-0.146213542
192.156022,194059,194.054,2290,4186.703601,4.186703601,4750.939052,-0.118762932
192.248967,194109,194.104,2296,4211.673152,4.211673152,4750.939052,-0.113507223
192.255988,194159,194.154,2269,4100.60241,4.10060241,4750.939052,-0.136885916
192.306033,194209,194.204,2256,4048.287113,4.048287113,4750.939052,-0.147897486
192.391174,194259,194.254,2256,4048.287113,4.048287113,4750.939052,-0.147897486
192.406011,194309,194.304,2258,4056.287425,4.056287425,4750.939052,-0.146213542
192.455979,194359,194.354,2265,4084.42623,4.08442623,4750.939052,-0.140290754
192.556893,194409,194.404,2249,4020.422535,4.020422535,4750.939052,-0.153762553
192.651404,194459,194.454,2254,4040.304183,4.040304183,4750.939052,-0.14957777
192.651629,194509,194.504,2258,4056.287425,4.056287425,4750.939052,-0.146213542
192.656037,194559,194.554,2276,4129.081913,4.129081913,4750.939052,-0.130891416
192.706045,194609,194.604,2259,4060.294118,4.060294118,4750.939052,-0.145370195
192.80041,194659,194.654,2270,4104.657534,4.104657534,4750.939052,-0.136032374
192.806025,194709,194.704,2281,4149.558986,4.149558986,4750.939052,-0.126581305
192.856031,194759,194.754,2276,4129.081913,4.129081913,4750.939052,-0.130891416
192.94307,194809,194.804,2286,4170.149254,4.170149254,4750.939052,-0.122247369
192.956021,194859,194.854,2276,4129.081913,4.129081913,4750.939052,-0.130891416
193.058904,194909,194.904,2277,4133.168317,4.133168317,4750.939052,-0.13003129
193.152078,194959,194.954,2266,4088.463641,4.088463641,4750.939052,-0.139440941
193.1523,195009,195.004,2253,4036.319218,4.036319218,4750.939052,-0.150416544
193.155992,195059,195.054,2261,4068.320611,4.068320611,4750.939052,-0.143680741
193.206024,195109,195.104,2255,4044.293478,4.044293478,4750.939052,-0.148738084
193.29834,195159,195.154,2256,4048.287113,4.048287113,4750.939052,-0.147897486
193.306008,195209,195.204,2258,4056.287425,4.056287425,4750.939052,-0.146213542
193.355957,195259,195.254,2254,4040.304183,4.040304183,4750.939052,-0.14957777
193.447566,195309,195.304,2271,4108.717105,4.108717105,4750.939052,-0.135177896
193.455989,195359,195.354,2278,4137.259218,4.137259218,4750.939052,-0.129170218
193.543596,195409,195.404,2281,4149.558986,4.149558986,4750.939052,-0.126581305
193.555944,195459,195.454,2284,4161.899503,4.161899503,4750.939052,-0.123983815
193.606011,195509,195.504,2280,4145.454545,4.145454545,4750.939052,-0.127445227
193.707515,195559,195.554,2304,4245.226131,4.245226131,4750.939052,-0.106444835
193.801761,195609,195.604,2322,4321.827411,4.321827411,4750.939052,-0.090321437
193.801991,195659,195.654,2276,4129.081913,4.129081913,4750.939052,-0.130891416
193.805955,195709,195.704,2297,4215.850945,4.215850945,4750.939052,-0.112627862
193.856015,195759,195.754,2293,4199.167592,4.199167592,4750.939052,-0.116139453
193.950282,195809,195.804,2288,4178.417266,4.178417266,4750.939052,-0.120507079
193.955908,195859,195.854,2281,4149.558986,4.149558986,4750.939052,-0.126581305
194.005989,195909,195.904,2252,4032.338578,4.032338578,4750.939052,-0.151254408
194.093237,195959,195.954,2252,4032.338578,4.032338578,4750.939052,-0.151254408
194.105981,196009,196.004,2253,4036.319218,4.036319218,4750.939052,-0.150416544
194.156005,196059,196.054,2266,4088.463641,4.088463641,4750.939052,-0.139440941
194.256036,196109,196.104,2267,4092.50547,4.09250547,4750.939052,-0.138590198
194.347691,196159,196.154,2254,4040.304183,4.040304183,4750.939052,-0.14957777
194.347912,196209,196.204,2244,4000.648298,4.000648298,4750.939052,-0.157924727
194.355978,196259,196.254,2257,4052.285092,4.052285092,4750.939052,-0.147055972
194.40596,196309,196.304,2251,4028.362256,4.028362256,4750.939052,-0.152091363
194.498992,196359,196.354,2275,4125.0,4.125,4750.939052,-0.131750596
194.505025,196409,196.404,2267,4092.50547,4.09250547,4750.939052,-0.138590198
194.555048,196459,196.454,2259,4060.294118,4.060294118,4750.939052,-0.145370195
194.642228,196509,196.504,2279,4141.354626,4.141354626,4750.939052,-0.128308198
194.654973,196559,196.554,2263,4076.364629,4.076364629,4750.939052,-0.141987598
194.704973,196609,196.604,2261,4068.320611,4.068320611,4750.939052,-0.143680741
194.80668,196659,196.654,2263,4076.364629,4.076364629,4750.939052,-0.141987598
194.900869,196709,196.704,2272,4112.78113,4.11278113,4750.939052,-0.134322481
194.901098,196759,196.754,2247,4012.5,4.0125,4750.939052,-0.155430125
194.905073,196809,196.804,2246,4008.54516,4.00854516,4750.939052,-0.156262559
194.956014,196859,196.854,2249,4020.422535,4.020422535,4750.939052,-0.153762553
195.044613,196909,196.904,2245,4004.594595,4.004594595,4750.939052,-0.157094092
195.055046,196959,196.954,2263,4076.364629,4.076364629,4750.939052,-0.141987598
195.106006,197009,197.004,2262,4072.340426,4.072340426,4750.939052,-0.142834631
195.200592,197059,197.054,2282,4153.667954,4.153667954,4750.939052,-0.12571643
195.204969,197109,197.104,2279,4141.354626,4.141354626,4750.939052,-0.128308198
195.255044,197159,197.154,2277,4133.168317,4.133168317,4750.939052,-0.13003129
195.356737,197209,197.204,2279,4141.354626,4.141354626,4750.939052,-0.128308198
195.448677,197259,197.254,2283,4157.781457,4.157781457,4750.939052,-0.124850601
195.448901,197309,197.304,2318,4304.670793,4.304670793,4750.939052,-0.093932642
195.455053,197359,197.354,2325,4334.745763,4.334745763,4750.939052,-0.087602321
195.505004,197409,197.404,2298,4220.033389,4.220033389,4750.939052,-0.111747521
195.599345,197459,197.454,2282,4153.667954,4.153667954,4750.939052,-0.12571643
195.605056,197509,197.504,2262,4072.340426,4.072340426,4750.939052,-0.142834631
195.699208,197559,197.554,2272,4112.78113,4.11278113,4750.939052,-0.134322481
195.705018,197609,197.604,2267,4092.50547,4.09250547,4750.939052,-0.138590198
195.754917,197659,197.654,2258,4056.287425,4.056287425,4750.939052,-0.146213542
195.841809,197709,197.704,2256,4048.287113,4.048287113,4750.939052,-0.147897486
195.85506,197759,197.754,2258,4056.287425,4.056287425,4750.939052,-0.146213542
195.956647,197809,197.804,2256,4048.287113,4.048287113,4750.939052,-0.147897486
196.052317,197859,197.854,2254,4040.304183,4.040304183,4750.939052,-0.14957777
196.052634,197909,197.904,2247,4012.5,4.0125,4750.939052,-0.155430125
196.054919,197959,197.954,2258,4056.287425,4.056287425,4750.939052,-0.146213542
196.104998,198009,198.004,2254,4040.304183,4.040304183,4750.939052,-0.14957777
196.200368,198059,198.054,2241,3988.834951,3.988834951,4750.939052,-0.160411256
196.204921,198109,198.104,2254,4040.304183,4.040304183,4750.939052,-0.14957777
196.255043,198159,198.154,2245,4004.594595,4.004594595,4750.939052,-0.157094092
196.341256,198209,198.204,2261,4068.320611,4.068320611,4750.939052,-0.143680741
196.354936,198259,198.254,2247,4012.5,4.0125,4750.939052,-0.155430125
196.405077,198309,198.304,2242,3992.768484,3.992768484,4750.939052,-0.159583308
196.507732,198359,198.354,2250,4024.390244,4.024390244,4750.939052,-0.152927411
196.600748,198409,198.404,2250,4024.390244,4.024390244,4750.939052,-0.152927411
196.600978,198459,198.454,2258,4056.287425,4.056287425,4750.939052,-0.146213542
196.604962,198509,198.504,2245,4004.594595,4.004594595,4750.939052,-0.157094092
196.654971,198559,198.554,2252,4032.338578,4.032338578,4750.939052,-0.151254408
196.744191,198609,198.604,2248,4016.459123,4.016459123,4750.939052,-0.15459679
196.754991,198659,198.654,2246,4008.54516,4.00854516,4750.939052,-0.156262559
196.805016,198709,198.704,2254,4040.304183,4.040304183,4750.939052,-0.14957777
196.900879,198759,198.754,2248,4016.459123,4.016459123,4750.939052,-0.15459679
196.90502,198809,198.804,2252,4032.338578,4.032338578,4750.939052,-0.151254408
196.955053,198859,198.854,2269,4100.60241,4.10060241,4750.939052,-0.136885916
197.058467,198909,198.904,2258,4056.287425,4.056287425,4750.939052,-0.146213542
197.15158,198959,198.954,2255,4044.293478,4.044293478,4750.939052,-0.148738084
197.151804,199009,199.004,2259,4060.294118,4.060294118,4750.939052,-0.145370195
197.154919,199059,199.054,2246,4008.54516,4.00854516,4750.939052,-0.156262559
197.204891,199109,199.104,2273,4116.849616,4.116849616,4750.939052,-0.133466127
197.303292,199159,199.154,2257,4052.285092,4.052285092,4750.939052,-0.147055972
197.304891,199209,199.204,2255,4044.293478,4.044293478,4750.939052,-0.148738084
197.354981,199259,199.254,2268,4096.551724,4.096551724,4750.939052,-0.137738523
197.439594,199309,199.304,2258,4056.287425,4.056287425,4750.939052,-0.146213542
197.454985,199359,199.354,2259,4060.294118,4.060294118,4750.939052,-0.145370195
197.505009,199409,199.404,2259,4060.294118,4.060294118,4750.939052,-0.145370195
197.606396,199459,199.454,2257,4052.285092,4.052285092,4750.939052,-0.147055972
197.700807,199509,199.504,2264,4080.393228,4.080393228,4750.939052,-0.141139639
197.701039,199559,199.554,2264,4080.393228,4.080393228,4750.939052,-0.141139639
197.704966,199609,199.604,2269,4100.60241,4.10060241,4750.939052,-0.136885916
197.754927,199659,199.654,2263,4076.364629,4.076364629,4750.939052,-0.141987598
197.860697,199709,199.704,2252,4032.338578,4.032338578,4750.939052,-0.151254408
197.949234,199759,199.754,2271,4108.717105,4.108717105,4750.939052,-0.135177896
197.949448,199809,199.804,2273,4116.849616,4.116849616,4750.939052,-0.133466127
197.955009,199859,199.854,2272,4112.78113,4.11278113,4750.939052,-0.134322481
198.00501,199909,199.904,2269,4100.60241,4.10060241,4750.939052,-0.136885916
198.106527,199959,199.954,2262,4072.340426,4.072340426,4750.939052,-0.142834631
198.201086,200009,200.004,2273,4116.849616,4.116849616,4750.939052,-0.133466127
198.20131,200059,200.054,2261,4068.320611,4.068320611,4750.939052,-0.143680741
198.204979,200109,200.104,2259,4060.294118,4.060294118,4750.939052,-0.145370195
198.255008,200159,200.154,2276,4129.081913,4.129081913,4750.939052,-0.130891416
198.347541,200209,200.204,2263,4076.364629,4.076364629,4750.939052,-0.141987598
198.354956,200259,200.254,2263,4076.364629,4.076364629,4750.939052,-0.141987598
198.404972,200309,200.304,2268,4096.551724,4.096551724,4750.939052,-0.137738523
198.490385,200359,200.354,2269,4100.60241,4.10060241,4750.939052,-0.136885916
198.504863,200409,200.404,2265,4084.42623,4.08442623,4750.939052,-0.140290754
198.554961,200459,200.454,2260,4064.305177,4.064305177,4750.939052,-0.144525928
198.656309,200509,200.504,2261,4068.320611,4.068320611,4750.939052,-0.143680741
198.749824,200559,200.554,2253,4036.319218,4.036319218,4750.939052,-0.150416544
198.750048,200609,200.604,2265,4084.42623,4.08442623,4750.939052,-0.140290754
198.75502,200659,200.654,2257,4052.285092,4.052285092,4750.939052,-0.147055972
198.804964,200709,200.704,2255,4044.293478,4.044293478,4750.939052,-0.148738084
198.898577,200759,200.754,2257,4052.285092,4.052285092,4750.939052,-0.147055972
198.905035,200809,200.804,2263,4076.364629,4.076364629,4750.939052,-0.141987598
198.999718,200859,200.854,2256,4048.287113,4.048287113,4750.939052,-0.147897486
199.004972,200909,200.904,2259,4060.294118,4.060294118,4750.939052,-0.145370195
199.054892,200959,200.954,2261,4068.320611,4.068320611,4750.939052,-0.143680741
199.159024,201009,201.004,2261,4068.320611,4.068320611,4750.939052,-0.143680741
199.258973,201059,201.054,2262,4072.340426,4.072340426,4750.939052,-0.142834631
199.259197,201109,201.104,2267,4092.50547,4.09250547,4750.939052,-0.138590198
199.35188,201159,201.154,2282,4153.667954,4.153667954,4750.939052,-0.12571643
199.352107,201209,201.204,2268,4096.551724,4.096551724,4750.939052,-0.137738523
199.354899,201259,201.254,2255,4044.293478,4.044293478,4750.939052,-0.148738084
199.404943,201309,201.304,2263,4076.364629,4.076364629,4750.939052,-0.141987598
199.496361,201359,201.354,2266,4088.463641,4.088463641,4750.939052,-0.139440941
199.504967,201409,201.404,2260,4064.305177,4.064305177,4750.939052,-0.144525928
199.590469,201459,201.454,2261,4068.320611,4.068320611,4750.939052,-0.143680741
199.604998,201509,201.504,2266,4088.463641,4.088463641,4750.939052,-0.139440941
199.705993,201559,201.554,2272,4112.78113,4.11278113,4750.939052,-0.134322481
199.799531,201609,201.604,2265,4084.42623,4.08442623,4750.939052,-0.140290754
199.799755,201659,201.654,2255,4044.293478,4.044293478,4750.939052,-0.148738084
199.804927,201709,201.704,2262,4072.340426,4.072340426,4750.939052,-0.142834631
199.854938,201759,201.754,2266,4088.463641,4.088463641,4750.939052,-0.139440941
199.947874,201809,201.804,2287,4174.280973,4.174280973,4750.939052,-0.121377705
199.955013,201859,201.854,2260,4064.305177,4.064305177,4750.939052,-0.144525928
200.05005,201909,201.904,2284,4161.899503,4.161899503,4750.939052,-0.123983815
200.054949,201959,201.954,2266,4088.463641,4.088463641,4750.939052,-0.139440941
200.105,202009,202.004,2262,4072.340426,4.072340426,4750.939052,-0.142834631
200.190507,202059,202.054,2261,4068.320611,4.068320611,4750.939052,-0.143680741
200.204973,202109,202.104,2264,4080.393228,4.080393228,4750.939052,-0.141139639
200.254986,202159,202.154,2260,4064.305177,4.064305177,4750.939052,-0.144525928
200.35397,202209,202.204,2259,4060.294118,4.060294118,4750.939052,-0.145370195
200.354978,202259,202.254,2261,4068.320611,4.068320611,4750.939052,-0.143680741
200.405012,202309,202.304,2259,4060.294118,4.060294118,4750.939052,-0.145370195
200.497688,202359,202.354,2262,4072.340426,4.072340426,4750.939052,-0.142834631
200.504982,202409,202.404,2261,4068.320611,4.068320611,4750.939052,-0.143680741
200.554979,202459,202.454,2259,4060.294118,4.060294118,4750.939052,-0.145370195
200.648222,202509,202.504,2260,4064.305177,4.064305177,4750.939052,-0.144525928
200.654982,202559,202.554,2268,4096.551724,4.096551724,4750.939052,-0.137738523
200.741415,202609,202.604,2262,4072.340426,4.072340426,4750.939052,-0.142834631
200.754991,202659,202.654,2262,4072.340426,4.072340426,4750.939052,-0.142834631
200.854991,202709,202.704,2264,4080.393228,4.080393228,4750.939052,-0.141139639
200.948682,202759,202.754,2265,4084.42623,4.08442623,4750.939052,-0.140290754
200.948907,202809,202.804,2261,4068.320611,4.068320611,4750.939052,-0.143680741
200.954972,202859,202.854,2269,4100.60241,4.10060241,4750.939052,-0.136885916
201.049242,202909,202.904,2265,4084.42623,4.08442623,4750.939052,-0.140290754
201.05493,202959,202.954,2262,4072.340426,4.072340426,4750.939052,-0.142834631
201.104953,203009,203.004,2257,4052.285092,4.052285092,4750.939052,-0.147055972
201.197051,203059,203.054,2267,4092.50547,4.09250547,4750.939052,-0.138590198
201.204971,203109,203.104,2270,4104.657534,4.104657534,4750.939052,-0.136032374
201.289084,203159,203.154,2268,4096.551724,4.096551724,4750.939052,-0.137738523
201.304948,203209,203.204,2265,4084.42623,4.08442623,4750.939052,-0.140290754
201.354972,203259,203.254,2267,4092.50547,4.09250547,4750.939052,-0.138590198
201.452841,203309,203.304,2265,4084.42623,4.08442623,4750.939052,-0.140290754
201.454901,203359,203.354,2266,4088.463641,4.088463641,4750.939052,-0.139440941
201.50499,203409,203.404,2264,4080.393228,4.080393228,4750.939052,-0.141139639
201.598679,203459,203.454,2258,4056.287425,4.056287425,4750.939052,-0.146213542
201.605003,203509,203.504,2262,4072.340426,4.072340426,4750.939052,-0.142834631
201.698705,203559,203.554,2266,4088.463641,4.088463641,4750.939052,-0.139440941
201.704986,203609,203.604,2272,4112.78113,4.11278113,4750.939052,-0.134322481
201.75493,203659,203.654,2267,4092.50547,4.09250547,4750.939052,-0.138590198
201.841268,203709,203.704,2277,4133.168317,4.133168317,4750.939052,-0.13003129
201.854949,203759,203.754,2261,4068.320611,4.068320611,4750.939052,-0.143680741
201.955302,203809,203.804,2266,4088.463641,4.088463641,4750.939052,-0.139440941
202.049015,203859,203.854,2266,4088.463641,4.088463641,4750.939052,-0.139440941
202.049328,203909,203.904,2269,4100.60241,4.10060241,4750.939052,-0.136885916
202.054923,203959,203.954,2264,4080.393228,4.080393228,4750.939052,-0.141139639
202.104993,204009,204.004,2271,4108.717105,4.108717105,4750.939052,-0.135177896
202.191248,204059,204.054,2281,4149.558986,4.149558986,4750.939052,-0.126581305
202.204919,204109,204.104,2277,4133.168317,4.133168317,4750.939052,-0.13003129
202.254943,204159,204.154,2283,4157.781457,4.157781457,4750.939052,-0.124850601
202.347048,204209,204.204,2269,4100.60241,4.10060241,4750.939052,-0.136885916
202.354997,204259,204.254,2258,4056.287425,4.056287425,4750.939052,-0.146213542
202.453383,204309,204.304,2264,4080.393228,4.080393228,4750.939052,-0.141139639
202.454869,204359,204.354,2263,4076.364629,4.076364629,4750.939052,-0.141987598
202.504951,204409,204.404,2260,4064.305177,4.064305177,4750.939052,-0.144525928
202.595983,204459,204.454,2281,4149.558986,4.149558986,4750.939052,-0.126581305
202.604898,204509,204.504,2268,4096.551724,4.096551724,4750.939052,-0.137738523
202.654974,204559,204.554,2252,4032.338578,4.032338578,4750.939052,-0.151254408
202.748947,204609,204.604,2256,4048.287113,4.048287113,4750.939052,-0.147897486
202.75493,204659,204.654,2254,4040.304183,4.040304183,4750.939052,-0.14957777
202.804985,204709,204.704,2255,4044.293478,4.044293478,4750.939052,-0.148738084
202.891295,204759,204.754,2257,4052.285092,4.052285092,4750.939052,-0.147055972
202.904946,204809,204.804,2256,4048.287113,4.048287113,4750.939052,-0.147897486
202.954941,204859,204.854,2251,4028.362256,4.028362256,4750.939052,-0.152091363
203.055835,204909,204.904,2252,4032.338578,4.032338578,4750.939052,-0.151254408
203.148135,204959,204.954,2254,4040.304183,4.040304183,4750.939052,-0.14957777
203.148358,205009,205.004,2253,4036.319218,4.036319218,4750.939052,-0.150416544
203.154966,205059,205.054,2231,3949.73176,3.94973176,4750.939052,-0.16864188
203.205003,205109,205.104,2255,4044.293478,4.044293478,4750.939052,-0.148738084
203.296932,205159,205.154,2256,4048.287113,4.048287113,4750.939052,-0.147897486
203.304954,205209,205.204,2263,4076.364629,4.076364629,4750.939052,-0.141987598
203.354981,205259,205.254,2250,4024.390244,4.024390244,4750.939052,-0.152927411
203.438861,205309,205.304,2246,4008.54516,4.00854516,4750.939052,-0.156262559
203.454962,205359,205.354,2250,4024.390244,4.024390244,4750.939052,-0.152927411
203.504935,205409,205.404,2248,4016.459123,4.016459123,4750.939052,-0.15459679
203.605435,205459,205.454,2251,4028.362256,4.028362256,4750.939052,-0.152091363
203.698221,205509,205.504,2253,4036.319218,4.036319218,4750.939052,-0.150416544
203.698447,205559,205.554,2246,4008.54516,4.00854516,4750.939052,-0.156262559
203.704945,205609,205.604,2250,4024.390244,4.024390244,4750.939052,-0.152927411
203.754954,205659,205.654,2250,4024.390244,4.024390244,4750.939052,-0.152927411
203.847518,205709,205.704,2253,4036.319218,4.036319218,4750.939052,-0.150416544
203.854932,205759,205.754,2257,4052.285092,4.052285092,4750.939052,-0.147055972
203.904967,205809,205.804,2241,3988.834951,3.988834951,4750.939052,-0.160411256
203.990765,205859,205.854,2249,4020.422535,4.020422535,4750.939052,-0.153762553
204.004876,205909,205.904,2251,4028.362256,4.028362256,4750.939052,-0.152091363
204.054962,205959,205.954,2244,4000.648298,4.000648298,4750.939052,-0.157924727
204.156688,206009,206.004,2249,4020.422535,4.020422535,4750.939052,-0.153762553
204.258235,206059,206.054,2253,4036.319218,4.036319218,4750.939052,-0.150416544
204.345729,206109,206.104,2256,4048.287113,4.048287113,4750.939052,-0.147897486
204.345948,206159,206.154,2265,4084.42623,4.08442623,4750.939052,-0.140290754
204.346154,206209,206.204,2265,4084.42623,4.08442623,4750.939052,-0.140290754
204.354972,206259,206.254,2257,4052.285092,4.052285092,4750.939052,-0.147055972
204.40495,206309,206.304,2254,4040.304183,4.040304183,4750.939052,-0.14957777
204.50424,206359,206.354,2240,3984.90566,3.98490566,4750.939052,-0.161238312
204.504875,206409,206.404,2255,4044.293478,4.044293478,4750.939052,-0.148738084
204.554939,206459,206.454,2248,4016.459123,4.016459123,4750.939052,-0.15459679
204.641445,206509,206.504,2245,4004.594595,4.004594595,4750.939052,-0.157094092
204.654922,206559,206.554,2250,4024.390244,4.024390244,4750.939052,-0.152927411
204.704858,206609,206.604,2246,4008.54516,4.00854516,4750.939052,-0.156262559
204.804942,206659,206.654,2249,4020.422535,4.020422535,4750.939052,-0.153762553
204.897955,206709,206.704,2248,4016.459123,4.016459123,4750.939052,-0.15459679
204.898183,206759,206.754,2249,4020.422535,4.020422535,4750.939052,-0.153762553
204.904868,206809,206.804,2245,4004.594595,4.004594595,4750.939052,-0.157094092
204.954953,206859,206.854,2245,4004.594595,4.004594595,4750.939052,-0.157094092
205.053328,206909,206.904,2252,4032.338578,4.032338578,4750.939052,-0.151254408
205.054908,206959,206.954,2249,4020.422535,4.020422535,4750.939052,-0.153762553
205.104869,207009,207.004,2254,4040.304183,4.040304183,4750.939052,-0.14957777
205.20435,207059,207.054,2253,4036.319218,4.036319218,4750.939052,-0.150416544
205.204877,207109,207.104,2254,4040.304183,4.040304183,4750.939052,-0.14957777
205.254945,207159,207.154,2235,3965.322581,3.965322581,4750.939052,-0.16536025
205.348037,207209,207.204,2248,4016.459123,4.016459123,4750.939052,-0.15459679
205.354894,207259,207.254,2255,4044.293478,4.044293478,4750.939052,-0.148738084
205.404936,207309,207.304,2242,3992.768484,3.992768484,4750.939052,-0.159583308
205.49944,207359,207.354,2251,4028.362256,4.028362256,4750.939052,-0.152091363
205.504861,207409,207.404,2249,4020.422535,4.020422535,4750.939052,-0.153762553
205.554879,207459,207.454,2248,4016.459123,4.016459123,4750.939052,-0.15459679
205.641107,207509,207.504,2246,4008.54516,4.00854516,4750.939052,-0.156262559
205.654882,207559,207.554,2245,4004.594595,4.004594595,4750.939052,-0.157094092
205.747883,207609,207.604,2242,3992.768484,3.992768484,4750.939052,-0.159583308
205.754843,207659,207.654,2247,4012.5,4.0125,4750.939052,-0.155430125
205.804963,207709,207.704,2265,4084.42623,4.08442623,4750.939052,-0.140290754
205.908186,207759,207.754,2255,4044.293478,4.044293478,4750.939052,-0.148738084
206.00108,207809,207.804,2249,4020.422535,4.020422535,4750.939052,-0.153762553
206.00131,207859,207.854,2253,4036.319218,4.036319218,4750.939052,-0.150416544
206.004872,207909,207.904,2240,3984.90566,3.98490566,4750.939052,-0.161238312
206.054897,207959,207.954,2242,3992.768484,3.992768484,4750.939052,-0.159583308
206.14895,208009,208.004,2239,3980.980603,3.980980603,4750.939052,-0.162064476
206.154905,208059,208.054,2245,4004.594595,4.004594595,4750.939052,-0.157094092
206.204894,208109,208.104,2242,3992.768484,3.992768484,4750.939052,-0.159583308
206.289183,208159,208.154,2247,4012.5,4.0125,4750.939052,-0.155430125
206.304871,208209,208.204,2250,4024.390244,4.024390244,4750.939052,-0.152927411
206.35486,208259,208.254,2249,4020.422535,4.020422535,4750.939052,-0.153762553
206.455766,208309,208.304,2242,3992.768484,3.992768484,4750.939052,-0.159583308
