host_elapsed_s,esp32_ms,elapsed_s,adc1,R_ohm,R_kOhm,R0_ohm,dR_R0
0.262735,5,0.0,4095,,,4738.964902,
0.528412,1959,1.954,2415,4743.75,4.74375,4738.964902,0.001009735
0.619098,2009,2.004,2417,4753.337306,4.753337306,4738.964902,0.003032815
0.619292,2059,2.054,2419,4762.947494,4.762947494,4738.964902,0.005060724
0.619482,2109,2.104,2408,4710.373444,4.710373444,4738.964902,-0.006033271
0.619668,2159,2.154,2416,4748.540798,4.748540798,4738.964902,0.002020673
0.619854,2209,2.204,2407,4705.627962,4.705627962,4738.964902,-0.007034646
0.620041,2259,2.254,2412,4729.411765,4.729411765,4738.964902,-0.00201587
0.620231,2309,2.304,2413,4734.185493,4.734185493,4738.964902,-0.001008534
0.620422,2359,2.354,2419,4762.947494,4.762947494,4738.964902,0.005060724
0.620611,2409,2.404,2415,4743.75,4.74375,4738.964902,0.001009735
0.620803,2459,2.454,2411,4724.643705,4.724643705,4738.964902,-0.003022009
0.620993,2509,2.504,2443,4880.084746,4.880084746,4738.964902,0.029778622
0.657239,2559,2.554,2415,4743.75,4.74375,4738.964902,0.001009735
0.720023,2609,2.604,2415,4743.75,4.74375,4738.964902,0.001009735
0.757224,2659,2.654,2410,4719.881306,4.719881306,4738.964902,-0.004026955
0.807203,2709,2.704,2418,4758.139535,4.758139535,4738.964902,0.004046165
0.857266,2759,2.754,2416,4748.540798,4.748540798,4738.964902,0.002020673
0.909174,2809,2.804,2419,4762.947494,4.762947494,4738.964902,0.005060724
1.013561,2859,2.854,2414,4738.964902,4.738964902,4738.964902,0.0
1.050955,2909,2.904,2405,4696.153846,4.696153846,4738.964902,-0.009033841
1.057292,2959,2.954,2412,4729.411765,4.729411765,4738.964902,-0.00201587
1.107343,3009,3.004,2415,4743.75,4.74375,4738.964902,0.001009735
1.157246,3059,3.054,2414,4738.964902,4.738964902,4738.964902,0.0
1.207213,3109,3.104,2417,4753.337306,4.753337306,4738.964902,0.003032815
1.25721,3159,3.154,2412,4729.411765,4.729411765,4738.964902,-0.00201587
1.307205,3209,3.204,2412,4729.411765,4.729411765,4738.964902,-0.00201587
1.359052,3259,3.254,2415,4743.75,4.74375,4738.964902,0.001009735
1.407179,3309,3.304,2413,4734.185493,4.734185493,4738.964902,-0.001008534
1.457215,3359,3.354,2419,4762.947494,4.762947494,4738.964902,0.005060724
1.50723,3409,3.404,2415,4743.75,4.74375,4738.964902,0.001009735
1.557217,3459,3.454,2412,4729.411765,4.729411765,4738.964902,-0.00201587
1.607202,3509,3.504,2417,4753.337306,4.753337306,4738.964902,0.003032815
1.657225,3559,3.554,2413,4734.185493,4.734185493,4738.964902,-0.001008534
1.707242,3609,3.604,2410,4719.881306,4.719881306,4738.964902,-0.004026955
1.757215,3659,3.654,2412,4729.411765,4.729411765,4738.964902,-0.00201587
1.807246,3709,3.704,2415,4743.75,4.74375,4738.964902,0.001009735
1.85722,3759,3.754,2423,4782.236842,4.782236842,4738.964902,0.009131095
1.907273,3809,3.804,2402,4681.984643,4.681984643,4738.964902,-0.012023777
1.965784,3859,3.854,2409,4715.124555,4.715124555,4738.964902,-0.005030708
2.007194,3909,3.904,2410,4719.881306,4.719881306,4738.964902,-0.004026955
2.057243,3959,3.954,2412,4729.411765,4.729411765,4738.964902,-0.00201587
2.107187,4009,4.004,2410,4719.881306,4.719881306,4738.964902,-0.004026955
2.15717,4059,4.054,2416,4748.540798,4.748540798,4738.964902,0.002020673
2.207205,4109,4.104,2408,4710.373444,4.710373444,4738.964902,-0.006033271
2.260581,4159,4.154,2413,4734.185493,4.734185493,4738.964902,-0.001008534
2.307173,4209,4.204,2414,4738.964902,4.738964902,4738.964902,0.0
2.357208,4259,4.254,2417,4753.337306,4.753337306,4738.964902,0.003032815
2.407225,4309,4.304,2415,4743.75,4.74375,4738.964902,0.001009735
2.457161,4359,4.354,2414,4738.964902,4.738964902,4738.964902,0.0
2.507208,4409,4.404,2434,4835.761589,4.835761589,4738.964902,0.020425703
2.561647,4459,4.454,2415,4743.75,4.74375,4738.964902,0.001009735
2.607169,4509,4.504,2420,4767.761194,4.767761194,4738.964902,0.006076494
2.657212,4559,4.554,2408,4710.373444,4.710373444,4738.964902,-0.006033271
2.707192,4609,4.604,2413,4734.185493,4.734185493,4738.964902,-0.001008534
2.757227,4659,4.654,2415,4743.75,4.74375,4738.964902,0.001009735
2.807173,4709,4.704,2413,4734.185493,4.734185493,4738.964902,-0.001008534
2.857179,4759,4.754,2417,4753.337306,4.753337306,4738.964902,0.003032815
2.907203,4809,4.804,2413,4734.185493,4.734185493,4738.964902,-0.001008534
2.957194,4859,4.854,2416,4748.540798,4.748540798,4738.964902,0.002020673
3.007197,4909,4.904,2414,4738.964902,4.738964902,4738.964902,0.0
3.057189,4959,4.954,2426,4796.76453,4.79676453,4738.964902,0.012196678
3.107958,5009,5.004,2406,4700.888099,4.700888099,4738.964902,-0.008034835
3.157178,5059,5.054,2415,4743.75,4.74375,4738.964902,0.001009735
3.207192,5109,5.104,2421,4772.580645,4.772580645,4738.964902,0.007093478
3.257203,5159,5.154,2434,4835.761589,4.835761589,4738.964902,0.020425703
3.307192,5209,5.204,2413,4734.185493,4.734185493,4738.964902,-0.001008534
3.357173,5259,5.254,2416,4748.540798,4.748540798,4738.964902,0.002020673
3.407194,5309,5.304,2413,4734.185493,4.734185493,4738.964902,-0.001008534
3.462003,5359,5.354,2410,4719.881306,4.719881306,4738.964902,-0.004026955
3.507212,5409,5.404,2415,4743.75,4.74375,4738.964902,0.001009735
3.557211,5459,5.454,2415,4743.75,4.74375,4738.964902,0.001009735
3.607224,5509,5.504,2427,4801.618705,4.801618705,4738.964902,0.013220989
3.659039,5559,5.554,2399,4667.865566,4.667865566,4738.964902,-0.015003136
3.707284,5609,5.604,2411,4724.643705,4.724643705,4738.964902,-0.003022009
3.757203,5659,5.654,2415,4743.75,4.74375,4738.964902,0.001009735
3.807198,5709,5.704,2405,4696.153846,4.696153846,4738.964902,-0.009033841
3.857194,5759,5.754,2411,4724.643705,4.724643705,4738.964902,-0.003022009
3.91219,5809,5.804,2410,4719.881306,4.719881306,4738.964902,-0.004026955
3.957212,5859,5.854,2417,4753.337306,4.753337306,4738.964902,0.003032815
4.007189,5909,5.904,2415,4743.75,4.74375,4738.964902,0.001009735
4.057182,5959,5.954,2413,4734.185493,4.734185493,4738.964902,-0.001008534
4.107176,6009,6.004,2411,4724.643705,4.724643705,4738.964902,-0.003022009
4.15716,6059,6.054,2411,4724.643705,4.724643705,4738.964902,-0.003022009
4.207134,6109,6.104,2409,4715.124555,4.715124555,4738.964902,-0.005030708
4.257187,6159,6.154,2425,4791.916168,4.791916168,4738.964902,0.011173593
4.311273,6209,6.204,2420,4767.761194,4.767761194,4738.964902,0.006076494
4.357155,6259,6.254,2421,4772.580645,4.772580645,4738.964902,0.007093478
4.407179,6309,6.304,2405,4696.153846,4.696153846,4738.964902,-0.009033841
4.457178,6359,6.354,2409,4715.124555,4.715124555,4738.964902,-0.005030708
4.507198,6409,6.404,2414,4738.964902,4.738964902,4738.964902,0.0
4.557177,6459,6.454,2416,4748.540798,4.748540798,4738.964902,0.002020673
4.607214,6509,6.504,2413,4734.185493,4.734185493,4738.964902,-0.001008534
4.661738,6559,6.554,2413,4734.185493,4.734185493,4738.964902,-0.001008534
4.707196,6609,6.604,2415,4743.75,4.74375,4738.964902,0.001009735
4.757174,6659,6.654,2400,4672.566372,4.672566372,4738.964902,-0.014011188
4.807166,6709,6.704,2409,4715.124555,4.715124555,4738.964902,-0.005030708
4.857185,6759,6.754,2427,4801.618705,4.801618705,4738.964902,0.013220989
4.912328,6809,6.804,2407,4705.627962,4.705627962,4738.964902,-0.007034646
4.957165,6859,6.854,2413,4734.185493,4.734185493,4738.964902,-0.001008534
5.007172,6909,6.904,2411,4724.643705,4.724643705,4738.964902,-0.003022009
5.057175,6959,6.954,2427,4801.618705,4.801618705,4738.964902,0.013220989
5.107171,7009,7.004,2415,4743.75,4.74375,4738.964902,0.001009735
5.164472,7059,7.054,2414,4738.964902,4.738964902,4738.964902,0.0
5.207201,7109,7.104,2408,4710.373444,4.710373444,4738.964902,-0.006033271
5.257169,7159,7.154,2409,4715.124555,4.715124555,4738.964902,-0.005030708
5.307194,7209,7.204,2407,4705.627962,4.705627962,4738.964902,-0.007034646
5.357175,7259,7.254,2429,4811.344538,4.811344538,4738.964902,0.015273301
5.413188,7309,7.304,2410,4719.881306,4.719881306,4738.964902,-0.004026955
5.457185,7359,7.354,2418,4758.139535,4.758139535,4738.964902,0.004046165
5.507157,7409,7.404,2410,4719.881306,4.719881306,4738.964902,-0.004026955
5.557163,7459,7.454,2403,4686.702128,4.686702128,4738.964902,-0.01102831
5.607142,7509,7.504,2403,4686.702128,4.686702128,4738.964902,-0.01102831
5.664351,7559,7.554,2407,4705.627962,4.705627962,4738.964902,-0.007034646
5.707175,7609,7.604,2407,4705.627962,4.705627962,4738.964902,-0.007034646
5.757295,7659,7.654,2410,4719.881306,4.719881306,4738.964902,-0.004026955
5.807247,7709,7.704,2410,4719.881306,4.719881306,4738.964902,-0.004026955
5.857214,7759,7.754,2404,4691.425192,4.691425192,4738.964902,-0.010031665
5.907177,7809,7.804,2410,4719.881306,4.719881306,4738.964902,-0.004026955
5.957185,7859,7.854,2409,4715.124555,4.715124555,4738.964902,-0.005030708
6.014429,7909,7.904,2402,4681.984643,4.681984643,4738.964902,-0.012023777
6.057171,7959,7.954,2416,4748.540798,4.748540798,4738.964902,0.002020673
6.107181,8009,8.004,2407,4705.627962,4.705627962,4738.964902,-0.007034646
6.157151,8059,8.054,2406,4700.888099,4.700888099,4738.964902,-0.008034835
6.207168,8109,8.104,2405,4696.153846,4.696153846,4738.964902,-0.009033841
6.257219,8159,8.154,2407,4705.627962,4.705627962,4738.964902,-0.007034646
6.30768,8209,8.204,2394,4644.444444,4.644444444,4738.964902,-0.01994538
6.357228,8259,8.254,2402,4681.984643,4.681984643,4738.964902,-0.012023777
6.407216,8309,8.304,2401,4677.272727,4.677272727,4738.964902,-0.01301807
6.45717,8359,8.354,2412,4729.411765,4.729411765,4738.964902,-0.00201587
6.507192,8409,8.404,2402,4681.984643,4.681984643,4738.964902,-0.012023777
6.564862,8459,8.454,2402,4681.984643,4.681984643,4738.964902,-0.012023777
6.607178,8509,8.504,2412,4729.411765,4.729411765,4738.964902,-0.00201587
6.657157,8559,8.554,2406,4700.888099,4.700888099,4738.964902,-0.008034835
6.707191,8609,8.604,2399,4667.865566,4.667865566,4738.964902,-0.015003136
6.7572,8659,8.654,2401,4677.272727,4.677272727,4738.964902,-0.01301807
6.807204,8709,8.704,2405,4696.153846,4.696153846,4738.964902,-0.009033841
6.857203,8759,8.754,2402,4681.984643,4.681984643,4738.964902,-0.012023777
6.912861,8809,8.804,2400,4672.566372,4.672566372,4738.964902,-0.014011188
6.957188,8859,8.854,2400,4672.566372,4.672566372,4738.964902,-0.014011188
7.007198,8909,8.904,2400,4672.566372,4.672566372,4738.964902,-0.014011188
7.057197,8959,8.954,2405,4696.153846,4.696153846,4738.964902,-0.009033841
7.107162,9009,9.004,2402,4681.984643,4.681984643,4738.964902,-0.012023777
7.161529,9059,9.054,2414,4738.964902,4.738964902,4738.964902,0.0
7.20714,9109,9.104,2420,4767.761194,4.767761194,4738.964902,0.006076494
7.257185,9159,9.154,2404,4691.425192,4.691425192,4738.964902,-0.010031665
7.307192,9209,9.204,2397,4658.480565,4.658480565,4738.964902,-0.016983527
7.357232,9259,9.254,2398,4663.170301,4.663170301,4738.964902,-0.015993915
7.409962,9309,9.304,2399,4667.865566,4.667865566,4738.964902,-0.015003136
7.457159,9359,9.354,2399,4667.865566,4.667865566,4738.964902,-0.015003136
7.507186,9409,9.404,2396,4653.796351,4.653796351,4738.964902,-0.017971973
7.557178,9459,9.454,2400,4672.566372,4.672566372,4738.964902,-0.014011188
7.607135,9509,9.504,2398,4663.170301,4.663170301,4738.964902,-0.015993915
7.65716,9559,9.554,2396,4653.796351,4.653796351,4738.964902,-0.017971973
7.713812,9609,9.604,2391,4630.457746,4.630457746,4738.964902,-0.022896805
7.757188,9659,9.654,2403,4686.702128,4.686702128,4738.964902,-0.01102831
7.80721,9709,9.704,2390,4625.806452,4.625806452,4738.964902,-0.023878305
7.857168,9759,9.754,2397,4658.480565,4.658480565,4738.964902,-0.016983527
7.907174,9809,9.804,2401,4677.272727,4.677272727,4738.964902,-0.01301807
7.963311,9859,9.854,2402,4681.984643,4.681984643,4738.964902,-0.012023777
8.007173,9909,9.904,2403,4686.702128,4.686702128,4738.964902,-0.01102831
8.057151,9959,9.954,2403,4686.702128,4.686702128,4738.964902,-0.01102831
8.107163,10009,10.004,2401,4677.272727,4.677272727,4738.964902,-0.01301807
8.157264,10059,10.054,2389,4621.16061,4.62116061,4738.964902,-0.024858655
8.207176,10109,10.104,2386,4607.255705,4.607255705,4738.964902,-0.02779282
8.257194,10159,10.154,2355,4466.37931,4.46637931,4738.964902,-0.05752007
8.307248,10209,10.204,2392,4635.114504,4.635114504,4738.964902,-0.021914152
8.361957,10259,10.254,2399,4667.865566,4.667865566,4738.964902,-0.015003136
8.407197,10309,10.304,2397,4658.480565,4.658480565,4738.964902,-0.016983527
8.457186,10359,10.354,2400,4672.566372,4.672566372,4738.964902,-0.014011188
8.507212,10409,10.404,2398,4663.170301,4.663170301,4738.964902,-0.015993915
8.557159,10459,10.454,2393,4639.776733,4.639776733,4738.964902,-0.020930345
8.607155,10509,10.504,2396,4653.796351,4.653796351,4738.964902,-0.017971973
8.657185,10559,10.554,2394,4644.444444,4.644444444,4738.964902,-0.01994538
8.707199,10609,10.604,2392,4635.114504,4.635114504,4738.964902,-0.021914152
8.757181,10659,10.654,2398,4663.170301,4.663170301,4738.964902,-0.015993915
8.807152,10709,10.704,2399,4667.865566,4.667865566,4738.964902,-0.015003136
8.857251,10759,10.754,2401,4677.272727,4.677272727,4738.964902,-0.01301807
8.911166,10809,10.804,2398,4663.170301,4.663170301,4738.964902,-0.015993915
8.957166,10859,10.854,2398,4663.170301,4.663170301,4738.964902,-0.015993915
9.007137,10909,10.904,2396,4653.796351,4.653796351,4738.964902,-0.017971973
9.057152,10959,10.954,2399,4667.865566,4.667865566,4738.964902,-0.015003136
9.107195,11009,11.004,2406,4700.888099,4.700888099,4738.964902,-0.008034835
9.16352,11059,11.054,2403,4686.702128,4.686702128,4738.964902,-0.01102831
9.207144,11109,11.104,2403,4686.702128,4.686702128,4738.964902,-0.01102831
9.257142,11159,11.154,2405,4696.153846,4.696153846,4738.964902,-0.009033841
9.307161,11209,11.204,2405,4696.153846,4.696153846,4738.964902,-0.009033841
9.357154,11259,11.254,2405,4696.153846,4.696153846,4738.964902,-0.009033841
9.411153,11309,11.304,2393,4639.776733,4.639776733,4738.964902,-0.020930345
9.457173,11359,11.354,2413,4734.185493,4.734185493,4738.964902,-0.001008534
9.507147,11409,11.404,2397,4658.480565,4.658480565,4738.964902,-0.016983527
9.557147,11459,11.454,2409,4715.124555,4.715124555,4738.964902,-0.005030708
9.607148,11509,11.504,2410,4719.881306,4.719881306,4738.964902,-0.004026955
9.664567,11559,11.554,2407,4705.627962,4.705627962,4738.964902,-0.007034646
9.707204,11609,11.604,2400,4672.566372,4.672566372,4738.964902,-0.014011188
9.757182,11659,11.654,2406,4700.888099,4.700888099,4738.964902,-0.008034835
9.80718,11709,11.704,2390,4625.806452,4.625806452,4738.964902,-0.023878305
9.857137,11759,11.754,2401,4677.272727,4.677272727,4738.964902,-0.01301807
9.907181,11809,11.804,2397,4658.480565,4.658480565,4738.964902,-0.016983527
9.957187,11859,11.854,2411,4724.643705,4.724643705,4738.964902,-0.003022009
10.012552,11909,11.904,2385,4602.631579,4.602631579,4738.964902,-0.028768587
10.057177,11959,11.954,2400,4672.566372,4.672566372,4738.964902,-0.014011188
10.107175,12009,12.004,2402,4681.984643,4.681984643,4738.964902,-0.012023777
10.157121,12059,12.054,2405,4696.153846,4.696153846,4738.964902,-0.009033841
10.207171,12109,12.104,2402,4681.984643,4.681984643,4738.964902,-0.012023777
10.257179,12159,12.154,2404,4691.425192,4.691425192,4738.964902,-0.010031665
10.308305,12209,12.204,2398,4663.170301,4.663170301,4738.964902,-0.015993915
10.357235,12259,12.254,2399,4667.865566,4.667865566,4738.964902,-0.015003136
10.412324,12309,12.304,2390,4625.806452,4.625806452,4738.964902,-0.023878305
10.45715,12359,12.354,2383,4593.399533,4.593399533,4738.964902,-0.030716701
10.507195,12409,12.404,2394,4644.444444,4.644444444,4738.964902,-0.01994538
10.557149,12459,12.454,2399,4667.865566,4.667865566,4738.964902,-0.015003136
10.607158,12509,12.504,2396,4653.796351,4.653796351,4738.964902,-0.017971973
10.657187,12559,12.554,2389,4621.16061,4.62116061,4738.964902,-0.024858655
10.712116,12609,12.604,2402,4681.984643,4.681984643,4738.964902,-0.012023777
10.757159,12659,12.654,2402,4681.984643,4.681984643,4738.964902,-0.012023777
10.807162,12709,12.704,2392,4635.114504,4.635114504,4738.964902,-0.021914152
10.857149,12759,12.754,2393,4639.776733,4.639776733,4738.964902,-0.020930345
10.907181,12809,12.804,2393,4639.776733,4.639776733,4738.964902,-0.020930345
10.959113,12859,12.854,2395,4649.117647,4.649117647,4738.964902,-0.018959257
11.007119,12909,12.904,2388,4616.520211,4.616520211,4738.964902,-0.025837856
11.057145,12959,12.954,2392,4635.114504,4.635114504,4738.964902,-0.021914152
11.10716,13009,13.004,2390,4625.806452,4.625806452,4738.964902,-0.023878305
11.157137,13059,13.054,2403,4686.702128,4.686702128,4738.964902,-0.01102831
11.207173,13109,13.104,2405,4696.153846,4.696153846,4738.964902,-0.009033841
11.262486,13159,13.154,2404,4691.425192,4.691425192,4738.964902,-0.010031665
11.307092,13209,13.204,2393,4639.776733,4.639776733,4738.964902,-0.020930345
11.357143,13259,13.254,2400,4672.566372,4.672566372,4738.964902,-0.014011188
11.407154,13309,13.304,2402,4681.984643,4.681984643,4738.964902,-0.012023777
11.457129,13359,13.354,2401,4677.272727,4.677272727,4738.964902,-0.01301807
11.507131,13409,13.404,2394,4644.444444,4.644444444,4738.964902,-0.01994538
11.557143,13459,13.454,2395,4649.117647,4.649117647,4738.964902,-0.018959257
11.60712,13509,13.504,2386,4607.255705,4.607255705,4738.964902,-0.02779282
11.657161,13559,13.554,2429,4811.344538,4.811344538,4738.964902,0.015273301
11.712289,13609,13.604,2471,5021.12069,5.02112069,4738.964902,0.059539539
11.757143,13659,13.654,2491,5124.875312,5.124875312,4738.964902,0.081433481
11.807147,13709,13.704,2527,5318.303571,5.318303571,4738.964902,0.122250044
11.857154,13759,13.754,2521,5285.45108,5.28545108,4738.964902,0.115317625
11.907124,13809,13.804,2512,5236.639292,5.236639292,4738.964902,0.10501753
11.957126,13859,13.854,2513,5242.035398,5.242035398,4738.964902,0.106156198
12.009748,13909,13.904,2536,5368.056446,5.368056446,4738.964902,0.132748724
12.057137,13959,13.954,2524,5301.845958,5.301845958,4738.964902,0.118777216
12.107143,14009,14.004,2529,5329.310345,5.329310345,4738.964902,0.124572656
12.157157,14059,14.054,2541,5395.945946,5.395945946,4738.964902,0.13863387
12.207217,14109,14.104,2531,5340.345269,5.340345269,4738.964902,0.126901207
12.260085,14159,14.154,2540,5390.353698,5.390353698,4738.964902,0.137453813
12.307112,14209,14.204,2547,5429.651163,5.429651163,4738.964902,0.145746228
12.357141,14259,14.254,2539,5384.768638,5.384768638,4738.964902,0.136275273
12.407185,14309,14.304,2543,5407.152062,5.407152062,4738.964902,0.140998546
12.457143,14359,14.354,2533,5351.408451,5.351408451,4738.964902,0.129235722
12.507235,14409,14.404,2534,5356.950673,5.356950673,4738.964902,0.130405222
12.55714,14459,14.454,2523,5296.374046,5.296374046,4738.964902,0.117622552
12.607163,14509,14.504,2530,5334.824281,5.334824281,4738.964902,0.125736187
12.657173,14559,14.554,2522,5290.909091,5.290909091,4738.964902,0.116469356
12.707193,14609,14.604,2515,5252.848101,5.252848101,4738.964902,0.108437857
12.757182,14659,14.654,2527,5318.303571,5.318303571,4738.964902,0.122250044
12.807143,14709,14.704,2500,5172.413793,5.172413793,4738.964902,0.091464887
12.857144,14759,14.754,2499,5167.105263,5.167105263,4738.964902,0.0903447
12.911631,14809,14.804,2505,5199.056604,5.199056604,4738.964902,0.097086961
12.957153,14859,14.854,2494,5140.662086,5.140662086,4738.964902,0.084764752
13.007159,14909,14.904,2499,5167.105263,5.167105263,4738.964902,0.0903447
13.057147,14959,14.954,2511,5231.25,5.23125,4738.964902,0.103880301
13.107151,15009,15.004,2508,5215.122873,5.215122873,4738.964902,0.10047721
13.161411,15059,15.054,2522,5290.909091,5.290909091,4738.964902,0.116469356
13.207165,15109,15.104,2530,5334.824281,5.334824281,4738.964902,0.125736187
13.25714,15159,15.154,2519,5274.555838,5.274555838,4738.964902,0.113018549
13.30715,15209,15.204,2519,5274.555838,5.274555838,4738.964902,0.113018549
13.357146,15259,15.254,2533,5351.408451,5.351408451,4738.964902,0.129235722
13.412185,15309,15.304,2507,5209.760705,5.209760705,4738.964902,0.099345704
13.457189,15359,15.354,2507,5209.760705,5.209760705,4738.964902,0.099345704
13.507146,15409,15.404,2477,5051.97775,5.05197775,4738.964902,0.06605089
13.557138,15459,15.454,2491,5124.875312,5.124875312,4738.964902,0.081433481
13.607171,15509,15.504,2505,5199.056604,5.199056604,4738.964902,0.097086961
13.664172,15559,15.554,2512,5236.639292,5.236639292,4738.964902,0.10501753
13.707132,15609,15.604,2511,5231.25,5.23125,4738.964902,0.103880301
13.75715,15659,15.654,2530,5334.824281,5.334824281,4738.964902,0.125736187
13.807136,15709,15.704,2509,5220.491803,5.220491803,4738.964902,0.101610143
13.857148,15759,15.754,2516,5258.264725,5.258264725,4738.964902,0.109580854
13.907144,15809,15.804,2509,5220.491803,5.220491803,4738.964902,0.101610143
13.963412,15859,15.854,2507,5209.760705,5.209760705,4738.964902,0.099345704
14.007102,15909,15.904,2498,5161.803381,5.161803381,4738.964902,0.089225915
14.05714,15959,15.954,2507,5209.760705,5.209760705,4738.964902,0.099345704
14.107152,16009,16.004,2512,5236.639292,5.236639292,4738.964902,0.10501753
14.157156,16059,16.054,2507,5209.760705,5.209760705,4738.964902,0.099345704
14.211872,16109,16.104,2507,5209.760705,5.209760705,4738.964902,0.099345704
14.257079,16159,16.154,2501,5177.728984,5.177728984,4738.964902,0.092586481
14.307157,16209,16.204,2496,5151.219512,5.151219512,4738.964902,0.086992543
14.357161,16259,16.254,2493,5135.393258,5.135393258,4738.964902,0.083652942
14.407113,16309,16.304,2472,5026.247689,5.026247689,4738.964902,0.060621421
14.457084,16359,16.354,2497,5156.508135,5.156508135,4738.964902,0.08810853
14.513825,16409,16.404,2499,5167.105263,5.167105263,4738.964902,0.0903447
14.557086,16459,16.454,2496,5151.219512,5.151219512,4738.964902,0.086992543
14.607132,16509,16.504,2494,5140.662086,5.140662086,4738.964902,0.084764752
14.657132,16559,16.554,2497,5156.508135,5.156508135,4738.964902,0.08810853
14.710592,16609,16.604,2490,5119.626168,5.119626168,4738.964902,0.080325825
14.757132,16659,16.654,2500,5172.413793,5.172413793,4738.964902,0.091464887
14.807173,16709,16.704,2500,5172.413793,5.172413793,4738.964902,0.091464887
14.857131,16759,16.754,2512,5236.639292,5.236639292,4738.964902,0.10501753
14.907114,16809,16.804,2548,5435.294118,5.435294118,4738.964902,0.146936985
14.963628,16859,16.854,2533,5351.408451,5.351408451,4738.964902,0.129235722
15.007122,16909,16.904,2511,5231.25,5.23125,4738.964902,0.103880301
15.057128,16959,16.954,2526,5312.810707,5.312810707,4738.964902,0.121090959
15.107177,17009,17.004,2526,5312.810707,5.312810707,4738.964902,0.121090959
15.161196,17059,17.054,2566,5538.129496,5.538129496,4738.964902,0.168636952
15.207117,17109,17.104,2575,5590.460526,5.590460526,4738.964902,0.179679665
15.257119,17159,17.154,2559,5497.851562,5.497851563,4738.964902,0.160137641
15.307136,17209,17.204,2563,5520.822454,5.520822454,4738.964902,0.164984879
15.357117,17259,17.254,2555,5475.0,5.475,4738.964902,0.155315583
15.407106,17309,17.304,2558,5492.127521,5.492127521,4738.964902,0.158929774
15.457119,17359,17.354,2551,5452.266839,5.452266839,4738.964902,0.15051851
15.50714,17409,17.404,2551,5452.266839,5.452266839,4738.964902,0.15051851
15.560584,17459,17.454,2585,5649.337748,5.649337748,4738.964902,0.192103733
15.607095,17509,17.504,2572,5572.948129,5.572948129,4738.964902,0.175984259
15.65712,17559,17.554,2598,5727.054108,5.727054108,4738.964902,0.20850317
15.707133,17609,17.604,2601,5745.180723,5.745180723,4738.964902,0.212328186
15.757125,17659,17.654,2609,5793.876178,5.793876178,4738.964902,0.222603733
15.807151,17709,17.704,2580,5619.80198,5.61980198,4738.964902,0.185871197
15.86046,17759,17.754,2620,5861.694915,5.861694915,4738.964902,0.236914608
15.907096,17809,17.804,2627,5905.381471,5.905381471,4738.964902,0.246133194
15.957119,17859,17.854,2618,5849.2891,5.8492891,4738.964902,0.234296776
16.007105,17909,17.904,2581,5625.693527,5.625693527,4738.964902,0.187114411
16.057123,17959,17.954,2559,5497.851562,5.497851563,4738.964902,0.160137641
16.107129,18009,18.004,2562,5515.068493,5.515068493,4738.964902,0.163770698
16.161146,18059,18.054,2559,5497.851562,5.497851563,4738.964902,0.160137641
16.207108,18109,18.104,2555,5475.0,5.475,4738.964902,0.155315583
16.257128,18159,18.154,2547,5429.651163,5.429651163,4738.964902,0.145746228
16.307135,18209,18.204,2547,5429.651163,5.429651163,4738.964902,0.145746228
16.357118,18259,18.254,2547,5429.651163,5.429651163,4738.964902,0.145746228
16.407113,18309,18.304,2549,5440.944373,5.440944373,4738.964902,0.148129283
16.457106,18359,18.354,2552,5457.93908,5.45793908,4738.964902,0.151715447
16.507133,18409,18.404,2561,5509.322034,5.509322034,4738.964902,0.1625581
16.557107,18459,18.454,2544,5412.765957,5.412765957,4738.964902,0.142183171
16.607128,18509,18.504,2537,5373.620026,5.373620026,4738.964902,0.133922731
16.65711,18559,18.554,2537,5373.620026,5.373620026,4738.964902,0.133922731
16.709776,18609,18.604,2541,5395.945946,5.395945946,4738.964902,0.13863387
16.75714,18659,18.654,2505,5199.056604,5.199056604,4738.964902,0.097086961
16.807162,18709,18.704,2535,5362.5,5.3625,4738.964902,0.131576222
16.857092,18759,18.754,2542,5401.545396,5.401545396,4738.964902,0.139815447
16.907098,18809,18.804,2538,5379.190751,5.379190751,4738.964902,0.135098247
16.960361,18859,18.854,2539,5384.768638,5.384768638,4738.964902,0.136275273
17.007139,18909,18.904,2528,5323.803446,5.323803446,4738.964902,0.123410609
17.057107,18959,18.954,2515,5252.848101,5.252848101,4738.964902,0.108437857
17.107094,19009,19.004,2500,5172.413793,5.172413793,4738.964902,0.091464887
17.15712,19059,19.054,2521,5285.45108,5.28545108,4738.964902,0.115317625
17.207132,19109,19.104,2532,5345.873321,5.345873321,4738.964902,0.128067718
17.257105,19159,19.154,2528,5323.803446,5.323803446,4738.964902,0.123410609
17.307116,19209,19.204,2530,5334.824281,5.334824281,4738.964902,0.125736187
17.357097,19259,19.254,2529,5329.310345,5.329310345,4738.964902,0.124572656
17.407181,19309,19.304,2532,5345.873321,5.345873321,4738.964902,0.128067718
17.464508,19359,19.354,2528,5323.803446,5.323803446,4738.964902,0.123410609
17.507109,19409,19.404,2529,5329.310345,5.329310345,4738.964902,0.124572656
17.557103,19459,19.454,2524,5301.845958,5.301845958,4738.964902,0.118777216
17.607163,19509,19.504,2523,5296.374046,5.296374046,4738.964902,0.117622552
17.657123,19559,19.554,2517,5263.688213,5.263688213,4738.964902,0.1107253
17.7071,19609,19.604,2521,5285.45108,5.28545108,4738.964902,0.115317625
17.75716,19659,19.654,2534,5356.950673,5.356950673,4738.964902,0.130405222
17.807067,19709,19.704,2526,5312.810707,5.312810707,4738.964902,0.121090959
17.857135,19759,19.754,2511,5231.25,5.23125,4738.964902,0.103880301
17.907147,19809,19.804,2504,5193.714645,5.193714645,4738.964902,0.09595972
17.960972,19859,19.854,2506,5204.405286,5.204405286,4738.964902,0.098215622
18.007127,19909,19.904,2508,5215.122873,5.215122873,4738.964902,0.10047721
18.057087,19959,19.954,2508,5215.122873,5.215122873,4738.964902,0.10047721
18.107083,20009,20.004,2507,5209.760705,5.209760705,4738.964902,0.099345704
18.157125,20059,20.054,2507,5209.760705,5.209760705,4738.964902,0.099345704
18.208004,20109,20.104,2516,5258.264725,5.258264725,4738.964902,0.109580854
18.257161,20159,20.154,2518,5269.11858,5.26911858,4738.964902,0.111871197
18.307107,20209,20.204,2522,5290.909091,5.290909091,4738.964902,0.116469356
18.357085,20259,20.254,2530,5334.824281,5.334824281,4738.964902,0.125736187
18.407092,20309,20.304,2536,5368.056446,5.368056446,4738.964902,0.132748724
18.457066,20359,20.354,2515,5252.848101,5.252848101,4738.964902,0.108437857
18.507103,20409,20.404,2517,5263.688213,5.263688213,4738.964902,0.1107253
18.558585,20459,20.454,2499,5167.105263,5.167105263,4738.964902,0.0903447
18.607126,20509,20.504,2511,5231.25,5.23125,4738.964902,0.103880301
18.657109,20559,20.554,2501,5177.728984,5.177728984,4738.964902,0.092586481
18.707092,20609,20.604,2495,5145.9375,5.1459375,4738.964902,0.085877952
18.757127,20659,20.654,2507,5209.760705,5.209760705,4738.964902,0.099345704
18.810804,20709,20.704,2498,5161.803381,5.161803381,4738.964902,0.089225915
18.857163,20759,20.754,2473,5031.381011,5.031381011,4738.964902,0.061704637
18.907121,20809,20.804,2498,5161.803381,5.161803381,4738.964902,0.089225915
18.957066,20859,20.854,2497,5156.508135,5.156508135,4738.964902,0.08810853
19.007122,20909,20.904,2499,5167.105263,5.167105263,4738.964902,0.0903447
19.057148,20959,20.954,2511,5231.25,5.23125,4738.964902,0.103880301
19.107119,21009,21.004,2514,5247.43833,5.24743833,4738.964902,0.107296306
19.157125,21059,21.054,2506,5204.405286,5.204405286,4738.964902,0.098215622
19.21154,21109,21.104,2513,5242.035398,5.242035398,4738.964902,0.106156198
19.257119,21159,21.154,2515,5252.848101,5.252848101,4738.964902,0.108437857
19.307119,21209,21.204,2521,5285.45108,5.28545108,4738.964902,0.115317625
19.357086,21259,21.254,2514,5247.43833,5.24743833,4738.964902,0.107296306
19.407074,21309,21.304,2512,5236.639292,5.236639292,4738.964902,0.10501753
19.456143,21359,21.354,2514,5247.43833,5.24743833,4738.964902,0.107296306
19.507099,21409,21.404,2490,5119.626168,5.119626168,4738.964902,0.080325825
19.55613,21459,21.454,2507,5209.760705,5.209760705,4738.964902,0.099345704
19.607059,21509,21.504,2499,5167.105263,5.167105263,4738.964902,0.0903447
19.656085,21559,21.554,2514,5247.43833,5.24743833,4738.964902,0.107296306
19.707128,21609,21.604,2505,5199.056604,5.199056604,4738.964902,0.097086961
19.760022,21659,21.654,2499,5167.105263,5.167105263,4738.964902,0.0903447
19.806191,21709,21.704,2497,5156.508135,5.156508135,4738.964902,0.08810853
19.856098,21759,21.754,2504,5193.714645,5.193714645,4738.964902,0.09595972
19.906113,21809,21.804,2507,5209.760705,5.209760705,4738.964902,0.099345704
19.95611,21859,21.854,2489,5114.383562,5.114383562,4738.964902,0.079219548
20.008373,21909,21.904,2507,5209.760705,5.209760705,4738.964902,0.099345704
20.056109,21959,21.954,2518,5269.11858,5.26911858,4738.964902,0.111871197
20.106161,22009,22.004,2510,5225.867508,5.225867508,4738.964902,0.102744506
20.15612,22059,22.054,2513,5242.035398,5.242035398,4738.964902,0.106156198
20.207087,22109,22.104,2529,5329.310345,5.329310345,4738.964902,0.124572656
20.25611,22159,22.154,2504,5193.714645,5.193714645,4738.964902,0.09595972
20.306133,22209,22.204,2513,5242.035398,5.242035398,4738.964902,0.106156198
20.356133,22259,22.254,2504,5193.714645,5.193714645,4738.964902,0.09595972
20.410459,22309,22.304,2503,5188.379397,5.188379397,4738.964902,0.094833894
20.456126,22359,22.354,2492,5130.131004,5.130131004,4738.964902,0.082542519
20.506145,22409,22.404,2479,5062.314356,5.062314356,4738.964902,0.068232085
20.556171,22459,22.454,2489,5114.383562,5.114383562,4738.964902,0.079219548
20.606151,22509,22.504,2475,5041.666667,5.041666667,4738.964902,0.063875081
20.656153,22559,22.554,2496,5151.219512,5.151219512,4738.964902,0.086992543
20.706154,22609,22.604,2486,5098.694842,5.098694842,4738.964902,0.075908969
20.756175,22659,22.654,2486,5098.694842,5.098694842,4738.964902,0.075908969
20.807134,22709,22.704,2496,5151.219512,5.151219512,4738.964902,0.086992543
20.856115,22759,22.754,2492,5130.131004,5.130131004,4738.964902,0.082542519
20.907126,22809,22.804,2504,5193.714645,5.193714645,4738.964902,0.09595972
20.956137,22859,22.854,2502,5183.050847,5.183050847,4738.964902,0.093709482
21.007105,22909,22.904,2492,5130.131004,5.130131004,4738.964902,0.082542519
21.056106,22959,22.954,2494,5140.662086,5.140662086,4738.964902,0.084764752
21.106093,23009,23.004,2495,5145.9375,5.1459375,4738.964902,0.085877952
21.156092,23059,23.054,2485,5093.478261,5.093478261,4738.964902,0.074808184
21.206114,23109,23.104,2485,5093.478261,5.093478261,4738.964902,0.074808184
21.256113,23159,23.154,2496,5151.219512,5.151219512,4738.964902,0.086992543
21.306112,23209,23.204,2489,5114.383562,5.114383562,4738.964902,0.079219548
21.356108,23259,23.254,2484,5088.268156,5.088268156,4738.964902,0.073708766
21.411202,23309,23.304,2478,5057.142857,5.057142857,4738.964902,0.067140813
21.456111,23359,23.354,2485,5093.478261,5.093478261,4738.964902,0.074808184
21.506123,23409,23.404,2490,5119.626168,5.119626168,4738.964902,0.080325825
21.556088,23459,23.454,2494,5140.662086,5.140662086,4738.964902,0.084764752
21.60613,23509,23.504,2489,5114.383562,5.114383562,4738.964902,0.079219548
21.6574,23559,23.554,2500,5172.413793,5.172413793,4738.964902,0.091464887
21.7061,23609,23.604,2497,5156.508135,5.156508135,4738.964902,0.08810853
21.756153,23659,23.654,2509,5220.491803,5.220491803,4738.964902,0.101610143
21.80614,23709,23.704,2520,5280.0,5.28,4738.964902,0.114167357
21.856128,23759,23.754,2518,5269.11858,5.26911858,4738.964902,0.111871197
21.90616,23809,23.804,2522,5290.909091,5.290909091,4738.964902,0.116469356
21.959158,23859,23.854,2502,5183.050847,5.183050847,4738.964902,0.093709482
22.006159,23909,23.904,2510,5225.867508,5.225867508,4738.964902,0.102744506
22.056152,23959,23.954,2497,5156.508135,5.156508135,4738.964902,0.08810853
22.106112,24009,24.004,2494,5140.662086,5.140662086,4738.964902,0.084764752
22.156142,24059,24.054,2493,5135.393258,5.135393258,4738.964902,0.083652942
22.207919,24109,24.104,2497,5156.508135,5.156508135,4738.964902,0.08810853
22.256147,24159,24.154,2487,5103.91791,5.10391791,4738.964902,0.077011123
22.306118,24209,24.204,2485,5093.478261,5.093478261,4738.964902,0.074808184
22.356169,24259,24.254,2462,4975.260257,4.975260257,4738.964902,0.049862229
22.406142,24309,24.304,2511,5231.25,5.23125,4738.964902,0.103880301
22.456111,24359,24.354,2487,5103.91791,5.10391791,4738.964902,0.077011123
22.506116,24409,24.404,2490,5119.626168,5.119626168,4738.964902,0.080325825
22.557932,24459,24.454,2491,5124.875312,5.124875312,4738.964902,0.081433481
22.606094,24509,24.504,2496,5151.219512,5.151219512,4738.964902,0.086992543
22.656092,24559,24.554,2502,5183.050847,5.183050847,4738.964902,0.093709482
22.706109,24609,24.604,2519,5274.555838,5.274555838,4738.964902,0.113018549
22.756133,24659,24.654,2501,5177.728984,5.177728984,4738.964902,0.092586481
22.806156,24709,24.704,2492,5130.131004,5.130131004,4738.964902,0.082542519
22.856099,24759,24.754,2487,5103.91791,5.10391791,4738.964902,0.077011123
22.906125,24809,24.804,2478,5057.142857,5.057142857,4738.964902,0.067140813
22.985588,24859,24.854,2470,5016.0,5.016,4738.964902,0.058458989
23.006233,24909,24.904,2479,5062.314356,5.062314356,4738.964902,0.068232085
23.065686,24959,24.954,2491,5124.875312,5.124875312,4738.964902,0.081433481
23.106105,25009,25.004,2486,5098.694842,5.098694842,4738.964902,0.075908969
23.156117,25059,25.054,2483,5083.064516,5.083064516,4738.964902,0.072610712
23.273002,25109,25.104,2484,5088.268156,5.088268156,4738.964902,0.073708766
23.385489,25159,25.154,2485,5093.478261,5.093478261,4738.964902,0.074808184
23.479406,25209,25.204,2493,5135.393258,5.135393258,4738.964902,0.083652942
23.479826,25259,25.254,2496,5151.219512,5.151219512,4738.964902,0.086992543
23.480214,25309,25.304,2480,5067.49226,5.06749226,4738.964902,0.069324708
23.480596,25359,25.354,2498,5161.803381,5.161803381,4738.964902,0.089225915
23.506137,25409,25.404,2504,5193.714645,5.193714645,4738.964902,0.09595972
23.559067,25459,25.454,2500,5172.413793,5.172413793,4738.964902,0.091464887
23.606174,25509,25.504,2507,5209.760705,5.209760705,4738.964902,0.099345704
23.667857,25559,25.554,2509,5220.491803,5.220491803,4738.964902,0.101610143
23.706117,25609,25.604,2502,5183.050847,5.183050847,4738.964902,0.093709482
23.756132,25659,25.654,2487,5103.91791,5.10391791,4738.964902,0.077011123
23.806118,25709,25.704,2488,5109.14748,5.10914748,4738.964902,0.078114649
23.856062,25759,25.754,2485,5093.478261,5.093478261,4738.964902,0.074808184
23.906061,25809,25.804,2486,5098.694842,5.098694842,4738.964902,0.075908969
23.956075,25859,25.854,2480,5067.49226,5.06749226,4738.964902,0.069324708
24.006092,25909,25.904,2472,5026.247689,5.026247689,4738.964902,0.060621421
24.056045,25959,25.954,2494,5140.662086,5.140662086,4738.964902,0.084764752
24.106055,26009,26.004,2497,5156.508135,5.156508135,4738.964902,0.08810853
24.156107,26059,26.054,2490,5119.626168,5.119626168,4738.964902,0.080325825
24.206074,26109,26.104,2490,5119.626168,5.119626168,4738.964902,0.080325825
24.256055,26159,26.154,2492,5130.131004,5.130131004,4738.964902,0.082542519
24.30606,26209,26.204,2491,5124.875312,5.124875312,4738.964902,0.081433481
24.356075,26259,26.254,2494,5140.662086,5.140662086,4738.964902,0.084764752
24.406104,26309,26.304,2492,5130.131004,5.130131004,4738.964902,0.082542519
24.457581,26359,26.354,2501,5177.728984,5.177728984,4738.964902,0.092586481
24.50609,26409,26.404,2492,5130.131004,5.130131004,4738.964902,0.082542519
24.55607,26459,26.454,2506,5204.405286,5.204405286,4738.964902,0.098215622
24.6061,26509,26.504,2484,5088.268156,5.088268156,4738.964902,0.073708766
24.656061,26559,26.554,2481,5072.67658,5.07267658,4738.964902,0.070418685
24.706068,26609,26.604,2475,5041.666667,5.041666667,4738.964902,0.063875081
24.756084,26659,26.654,2477,5051.97775,5.05197775,4738.964902,0.06605089
24.806129,26709,26.704,2478,5057.142857,5.057142857,4738.964902,0.067140813
24.858133,26759,26.754,2483,5083.064516,5.083064516,4738.964902,0.072610712
24.906034,26809,26.804,2480,5067.49226,5.06749226,4738.964902,0.069324708
24.956078,26859,26.854,2487,5103.91791,5.10391791,4738.964902,0.077011123
25.006072,26909,26.904,2486,5098.694842,5.098694842,4738.964902,0.075908969
25.056052,26959,26.954,2498,5161.803381,5.161803381,4738.964902,0.089225915
25.106057,27009,27.004,2498,5161.803381,5.161803381,4738.964902,0.089225915
25.156089,27059,27.054,2485,5093.478261,5.093478261,4738.964902,0.074808184
25.206054,27109,27.104,2514,5247.43833,5.24743833,4738.964902,0.107296306
25.256057,27159,27.154,2511,5231.25,5.23125,4738.964902,0.103880301
25.306078,27209,27.204,2493,5135.393258,5.135393258,4738.964902,0.083652942
25.356846,27259,27.254,2503,5188.379397,5.188379397,4738.964902,0.094833894
25.406034,27309,27.304,2498,5161.803381,5.161803381,4738.964902,0.089225915
25.456096,27359,27.354,2482,5077.867328,5.077867328,4738.964902,0.071514019
25.506105,27409,27.404,2483,5083.064516,5.083064516,4738.964902,0.072610712
25.556078,27459,27.454,2471,5021.12069,5.02112069,4738.964902,0.059539539
25.6061,27509,27.504,2478,5057.142857,5.057142857,4738.964902,0.067140813
25.656089,27559,27.554,2469,5010.885609,5.010885609,4738.964902,0.057379768
25.706106,27609,27.604,2471,5021.12069,5.02112069,4738.964902,0.059539539
25.756102,27659,27.654,2481,5072.67658,5.07267658,4738.964902,0.070418685
25.80609,27709,27.704,2486,5098.694842,5.098694842,4738.964902,0.075908969
25.856062,27759,27.754,2490,5119.626168,5.119626168,4738.964902,0.080325825
25.908696,27809,27.804,2490,5119.626168,5.119626168,4738.964902,0.080325825
25.956056,27859,27.854,2495,5145.9375,5.1459375,4738.964902,0.085877952
26.00607,27909,27.904,2491,5124.875312,5.124875312,4738.964902,0.081433481
26.056042,27959,27.954,2491,5124.875312,5.124875312,4738.964902,0.081433481
26.106081,28009,28.004,2497,5156.508135,5.156508135,4738.964902,0.08810853
26.159003,28059,28.054,2493,5135.393258,5.135393258,4738.964902,0.083652942
26.206099,28109,28.104,2502,5183.050847,5.183050847,4738.964902,0.093709482
26.256069,28159,28.154,2502,5183.050847,5.183050847,4738.964902,0.093709482
26.306105,28209,28.204,2479,5062.314356,5.062314356,4738.964902,0.068232085
26.356117,28259,28.254,2473,5031.381011,5.031381011,4738.964902,0.061704637
26.406088,28309,28.304,2466,4995.58011,4.99558011,4738.964902,0.054150055
26.456088,28359,28.354,2474,5036.520666,5.036520666,4738.964902,0.062789189
26.506095,28409,28.404,2472,5026.247689,5.026247689,4738.964902,0.060621421
26.556064,28459,28.454,2474,5036.520666,5.036520666,4738.964902,0.062789189
26.606073,28509,28.504,2482,5077.867328,5.077867328,4738.964902,0.071514019
26.656071,28559,28.554,2479,5062.314356,5.062314356,4738.964902,0.068232085
26.706079,28609,28.604,2478,5057.142857,5.057142857,4738.964902,0.067140813
26.756132,28659,28.654,2478,5057.142857,5.057142857,4738.964902,0.067140813
26.806146,28709,28.704,2493,5135.393258,5.135393258,4738.964902,0.083652942
26.856051,28759,28.754,2513,5242.035398,5.242035398,4738.964902,0.106156198
26.906089,28809,28.804,2488,5109.14748,5.10914748,4738.964902,0.078114649
26.961012,28859,28.854,2488,5109.14748,5.10914748,4738.964902,0.078114649
27.006059,28909,28.904,2489,5114.383562,5.114383562,4738.964902,0.079219548
27.056069,28959,28.954,2506,5204.405286,5.204405286,4738.964902,0.098215622
27.106075,29009,29.004,2502,5183.050847,5.183050847,4738.964902,0.093709482
27.156057,29059,29.054,2481,5072.67658,5.07267658,4738.964902,0.070418685
27.206106,29109,29.104,2482,5077.867328,5.077867328,4738.964902,0.071514019
27.256097,29159,29.154,2491,5124.875312,5.124875312,4738.964902,0.081433481
27.306079,29209,29.204,2482,5077.867328,5.077867328,4738.964902,0.071514019
27.356073,29259,29.254,2499,5167.105263,5.167105263,4738.964902,0.0903447
27.40608,29309,29.304,2468,5005.777505,5.005777505,4738.964902,0.056301874
27.456088,29359,29.354,2465,4990.490798,4.990490798,4738.964902,0.053076125
27.507265,29409,29.404,2497,5156.508135,5.156508135,4738.964902,0.08810853
27.556066,29459,29.454,2478,5057.142857,5.057142857,4738.964902,0.067140813
27.606139,29509,29.504,2477,5051.97775,5.05197775,4738.964902,0.06605089
27.656084,29559,29.554,2479,5062.314356,5.062314356,4738.964902,0.068232085
27.706057,29609,29.604,2471,5021.12069,5.02112069,4738.964902,0.059539539
27.756107,29659,29.654,2487,5103.91791,5.10391791,4738.964902,0.077011123
27.806094,29709,29.704,2483,5083.064516,5.083064516,4738.964902,0.072610712
27.856066,29759,29.754,2485,5093.478261,5.093478261,4738.964902,0.074808184
27.906088,29809,29.804,2480,5067.49226,5.06749226,4738.964902,0.069324708
27.956098,29859,29.854,2502,5183.050847,5.183050847,4738.964902,0.093709482
28.006075,29909,29.904,2473,5031.381011,5.031381011,4738.964902,0.061704637
28.056075,29959,29.954,2481,5072.67658,5.07267658,4738.964902,0.070418685
28.109457,30009,30.004,2466,4995.58011,4.99558011,4738.964902,0.054150055
28.156068,30059,30.054,2455,4939.939024,4.939939024,4738.964902,0.042408865
28.206064,30109,30.104,2464,4985.407725,4.985407725,4738.964902,0.052003513
28.256087,30159,30.154,2446,4894.966646,4.894966646,4738.964902,0.032918949
28.306082,30209,30.204,2473,5031.381011,5.031381011,4738.964902,0.061704637
28.356081,30259,30.254,2470,5016.0,5.016,4738.964902,0.058458989
28.406072,30309,30.304,2474,5036.520666,5.036520666,4738.964902,0.062789189
28.456091,30359,30.354,2481,5072.67658,5.07267658,4738.964902,0.070418685
28.506048,30409,30.404,2478,5057.142857,5.057142857,4738.964902,0.067140813
28.556066,30459,30.454,2484,5088.268156,5.088268156,4738.964902,0.073708766
28.606099,30509,30.504,2491,5124.875312,5.124875312,4738.964902,0.081433481
28.660306,30559,30.554,2481,5072.67658,5.07267658,4738.964902,0.070418685
28.706107,30609,30.604,2497,5156.508135,5.156508135,4738.964902,0.08810853
28.756049,30659,30.654,2488,5109.14748,5.10914748,4738.964902,0.078114649
28.806078,30709,30.704,2493,5135.393258,5.135393258,4738.964902,0.083652942
28.856059,30759,30.754,2490,5119.626168,5.119626168,4738.964902,0.080325825
28.906037,30809,30.804,2470,5016.0,5.016,4738.964902,0.058458989
28.956036,30859,30.854,2472,5026.247689,5.026247689,4738.964902,0.060621421
29.006043,30909,30.904,2483,5083.064516,5.083064516,4738.964902,0.072610712
29.056073,30959,30.954,2473,5031.381011,5.031381011,4738.964902,0.061704637
29.10608,31009,31.004,2493,5135.393258,5.135393258,4738.964902,0.083652942
29.156075,31059,31.054,2467,5000.675676,5.000675676,4738.964902,0.055225303
29.206065,31109,31.104,2498,5161.803381,5.161803381,4738.964902,0.089225915
29.256063,31159,31.154,2478,5057.142857,5.057142857,4738.964902,0.067140813
29.311481,31209,31.204,2506,5204.405286,5.204405286,4738.964902,0.098215622
29.356073,31259,31.254,2485,5093.478261,5.093478261,4738.964902,0.074808184
29.406079,31309,31.304,2474,5036.520666,5.036520666,4738.964902,0.062789189
29.456094,31359,31.354,2477,5051.97775,5.05197775,4738.964902,0.06605089
29.50609,31409,31.404,2482,5077.867328,5.077867328,4738.964902,0.071514019
29.556092,31459,31.454,2483,5083.064516,5.083064516,4738.964902,0.072610712
29.606067,31509,31.504,2476,5046.819024,5.046819024,4738.964902,0.064962313
29.656078,31559,31.554,2470,5016.0,5.016,4738.964902,0.058458989
29.706049,31609,31.604,2467,5000.675676,5.000675676,4738.964902,0.055225303
29.758652,31659,31.654,2471,5021.12069,5.02112069,4738.964902,0.059539539
29.806067,31709,31.704,2463,4980.330882,4.980330882,4738.964902,0.050932215
29.8561,31759,31.754,2471,5021.12069,5.02112069,4738.964902,0.059539539
29.906061,31809,31.804,2464,4985.407725,4.985407725,4738.964902,0.052003513
29.956087,31859,31.854,2466,4995.58011,4.99558011,4738.964902,0.054150055
30.009879,31909,31.904,2474,5036.520666,5.036520666,4738.964902,0.062789189
30.0561,31959,31.954,2472,5026.247689,5.026247689,4738.964902,0.060621421
30.106056,32009,32.004,2471,5021.12069,5.02112069,4738.964902,0.059539539
30.156051,32059,32.054,2472,5026.247689,5.026247689,4738.964902,0.060621421
30.20607,32109,32.104,2477,5051.97775,5.05197775,4738.964902,0.06605089
30.256065,32159,32.154,2485,5093.478261,5.093478261,4738.964902,0.074808184
30.306071,32209,32.204,2471,5021.12069,5.02112069,4738.964902,0.059539539
30.356102,32259,32.254,2489,5114.383562,5.114383562,4738.964902,0.079219548
30.408256,32309,32.304,2496,5151.219512,5.151219512,4738.964902,0.086992543
30.456073,32359,32.354,2495,5145.9375,5.1459375,4738.964902,0.085877952
30.506055,32409,32.404,2492,5130.131004,5.130131004,4738.964902,0.082542519
30.556278,32459,32.454,2481,5072.67658,5.07267658,4738.964902,0.070418685
30.606099,32509,32.504,2480,5067.49226,5.06749226,4738.964902,0.069324708
30.656109,32559,32.554,2487,5103.91791,5.10391791,4738.964902,0.077011123
30.706068,32609,32.604,2479,5062.314356,5.062314356,4738.964902,0.068232085
30.75604,32659,32.654,2486,5098.694842,5.098694842,4738.964902,0.075908969
30.812303,32709,32.704,2476,5046.819024,5.046819024,4738.964902,0.064962313
30.856087,32759,32.754,2468,5005.777505,5.005777505,4738.964902,0.056301874
30.906054,32809,32.804,2485,5093.478261,5.093478261,4738.964902,0.074808184
30.956064,32859,32.854,2456,4944.966443,4.944966443,4738.964902,0.043469733
31.010378,32909,32.904,2484,5088.268156,5.088268156,4738.964902,0.073708766
31.056074,32959,32.954,2490,5119.626168,5.119626168,4738.964902,0.080325825
31.10604,33009,33.004,2481,5072.67658,5.07267658,4738.964902,0.070418685
31.156037,33059,33.054,2484,5088.268156,5.088268156,4738.964902,0.073708766
31.206079,33109,33.104,2485,5093.478261,5.093478261,4738.964902,0.074808184
31.259675,33159,33.154,2468,5005.777505,5.005777505,4738.964902,0.056301874
31.306066,33209,33.204,2467,5000.675676,5.000675676,4738.964902,0.055225303
31.356041,33259,33.254,2472,5026.247689,5.026247689,4738.964902,0.060621421
31.406063,33309,33.304,2463,4980.330882,4.980330882,4738.964902,0.050932215
31.456048,33359,33.354,2473,5031.381011,5.031381011,4738.964902,0.061704637
31.531123,33409,33.404,2483,5083.064516,5.083064516,4738.964902,0.072610712
31.556078,33459,33.454,2466,4995.58011,4.99558011,4738.964902,0.054150055
31.610094,33509,33.504,2461,4970.195838,4.970195838,4738.964902,0.048793553
31.656057,33559,33.554,2457,4950.0,4.95,4738.964902,0.044531897
31.706031,33609,33.604,2463,4980.330882,4.980330882,4738.964902,0.050932215
31.756087,33659,33.654,2462,4975.260257,4.975260257,4738.964902,0.049862229
31.806078,33709,33.704,2470,5016.0,5.016,4738.964902,0.058458989
31.85975,33759,33.754,2470,5016.0,5.016,4738.964902,0.058458989
31.906065,33809,33.804,2478,5057.142857,5.057142857,4738.964902,0.067140813
31.95608,33859,33.854,2469,5010.885609,5.010885609,4738.964902,0.057379768
32.006049,33909,33.904,2496,5151.219512,5.151219512,4738.964902,0.086992543
32.056046,33959,33.954,2491,5124.875312,5.124875312,4738.964902,0.081433481
32.106053,34009,34.004,2489,5114.383562,5.114383562,4738.964902,0.079219548
32.156016,34059,34.054,2493,5135.393258,5.135393258,4738.964902,0.083652942
32.20607,34109,34.104,2478,5057.142857,5.057142857,4738.964902,0.067140813
32.256053,34159,34.154,2477,5051.97775,5.05197775,4738.964902,0.06605089
32.306028,34209,34.204,2493,5135.393258,5.135393258,4738.964902,0.083652942
32.356082,34259,34.254,2483,5083.064516,5.083064516,4738.964902,0.072610712
32.412685,34309,34.304,2471,5021.12069,5.02112069,4738.964902,0.059539539
32.456064,34359,34.354,2475,5041.666667,5.041666667,4738.964902,0.063875081
32.506081,34409,34.404,2465,4990.490798,4.990490798,4738.964902,0.053076125
32.55604,34459,34.454,2467,5000.675676,5.000675676,4738.964902,0.055225303
32.606072,34509,34.504,2464,4985.407725,4.985407725,4738.964902,0.052003513
32.656061,34559,34.554,2469,5010.885609,5.010885609,4738.964902,0.057379768
32.706033,34609,34.604,2488,5109.14748,5.10914748,4738.964902,0.078114649
32.756086,34659,34.654,2477,5051.97775,5.05197775,4738.964902,0.06605089
32.81035,34709,34.704,2483,5083.064516,5.083064516,4738.964902,0.072610712
32.85612,34759,34.754,2472,5026.247689,5.026247689,4738.964902,0.060621421
32.906056,34809,34.804,2497,5156.508135,5.156508135,4738.964902,0.08810853
32.95604,34859,34.854,2473,5031.381011,5.031381011,4738.964902,0.061704637
33.006102,34909,34.904,2480,5067.49226,5.06749226,4738.964902,0.069324708
33.061675,34959,34.954,2468,5005.777505,5.005777505,4738.964902,0.056301874
33.106025,35009,35.004,2462,4975.260257,4.975260257,4738.964902,0.049862229
33.15604,35059,35.054,2466,4995.58011,4.99558011,4738.964902,0.054150055
33.206025,35109,35.104,2460,4965.137615,4.965137615,4738.964902,0.047726184
33.256051,35159,35.154,2461,4970.195838,4.970195838,4738.964902,0.048793553
33.317846,35209,35.204,2469,5010.885609,5.010885609,4738.964902,0.057379768
33.356078,35259,35.254,2473,5031.381011,5.031381011,4738.964902,0.061704637
33.415444,35309,35.304,2469,5010.885609,5.010885609,4738.964902,0.057379768
33.456056,35359,35.354,2468,5005.777505,5.005777505,4738.964902,0.056301874
33.506063,35409,35.404,2466,4995.58011,4.99558011,4738.964902,0.054150055
33.556048,35459,35.454,2483,5083.064516,5.083064516,4738.964902,0.072610712
33.606073,35509,35.504,2482,5077.867328,5.077867328,4738.964902,0.071514019
33.656091,35559,35.554,2478,5057.142857,5.057142857,4738.964902,0.067140813
33.70607,35609,35.604,2461,4970.195838,4.970195838,4738.964902,0.048793553
33.756062,35659,35.654,2488,5109.14748,5.10914748,4738.964902,0.078114649
33.807861,35709,35.704,2484,5088.268156,5.088268156,4738.964902,0.073708766
33.856026,35759,35.754,2477,5051.97775,5.05197775,4738.964902,0.06605089
33.90606,35809,35.804,2497,5156.508135,5.156508135,4738.964902,0.08810853
33.963316,35859,35.854,2481,5072.67658,5.07267658,4738.964902,0.070418685
34.006049,35909,35.904,2479,5062.314356,5.062314356,4738.964902,0.068232085
34.05606,35959,35.954,2490,5119.626168,5.119626168,4738.964902,0.080325825
34.106032,36009,36.004,2473,5031.381011,5.031381011,4738.964902,0.061704637
34.156031,36059,36.054,2481,5072.67658,5.07267658,4738.964902,0.070418685
34.206113,36109,36.104,2435,4840.662651,4.840662651,4738.964902,0.021459908
34.256063,36159,36.154,2467,5000.675676,5.000675676,4738.964902,0.055225303
34.306004,36209,36.204,2470,5016.0,5.016,4738.964902,0.058458989
34.356013,36259,36.254,2474,5036.520666,5.036520666,4738.964902,0.062789189
34.406032,36309,36.304,2479,5062.314356,5.062314356,4738.964902,0.068232085
34.456053,36359,36.354,2483,5083.064516,5.083064516,4738.964902,0.072610712
34.519088,36409,36.404,2485,5093.478261,5.093478261,4738.964902,0.074808184
34.55603,36459,36.454,2479,5062.314356,5.062314356,4738.964902,0.068232085
34.606083,36509,36.504,2475,5041.666667,5.041666667,4738.964902,0.063875081
34.656017,36559,36.554,2474,5036.520666,5.036520666,4738.964902,0.062789189
34.706051,36609,36.604,2488,5109.14748,5.10914748,4738.964902,0.078114649
34.756079,36659,36.654,2489,5114.383562,5.114383562,4738.964902,0.079219548
34.806023,36709,36.704,2469,5010.885609,5.010885609,4738.964902,0.057379768
34.856055,36759,36.754,2457,4950.0,4.95,4738.964902,0.044531897
34.906073,36809,36.804,2458,4955.039707,4.955039707,4738.964902,0.045595359
34.956049,36859,36.854,2459,4960.085575,4.960085575,4738.964902,0.04666012
35.006073,36909,36.904,2454,4934.917733,4.934917733,4738.964902,0.041349289
35.056044,36959,36.954,2457,4950.0,4.95,4738.964902,0.044531897
35.106158,37009,37.004,2474,5036.520666,5.036520666,4738.964902,0.062789189
35.156013,37059,37.054,2468,5005.777505,5.005777505,4738.964902,0.056301874
35.206034,37109,37.104,2470,5016.0,5.016,4738.964902,0.058458989
35.263403,37159,37.154,2467,5000.675676,5.000675676,4738.964902,0.055225303
35.306014,37209,37.204,2470,5016.0,5.016,4738.964902,0.058458989
35.356,37259,37.254,2473,5031.381011,5.031381011,4738.964902,0.061704637
35.406057,37309,37.304,2492,5130.131004,5.130131004,4738.964902,0.082542519
35.456032,37359,37.354,2487,5103.91791,5.10391791,4738.964902,0.077011123
35.506028,37409,37.404,2496,5151.219512,5.151219512,4738.964902,0.086992543
35.556047,37459,37.454,2492,5130.131004,5.130131004,4738.964902,0.082542519
35.614127,37509,37.504,2481,5072.67658,5.07267658,4738.964902,0.070418685
35.656088,37559,37.554,2494,5140.662086,5.140662086,4738.964902,0.084764752
35.706019,37609,37.604,2492,5130.131004,5.130131004,4738.964902,0.082542519
35.756089,37659,37.654,2472,5026.247689,5.026247689,4738.964902,0.060621421
35.806076,37709,37.704,2476,5046.819024,5.046819024,4738.964902,0.064962313
35.856038,37759,37.754,2483,5083.064516,5.083064516,4738.964902,0.072610712
35.90604,37809,37.804,2467,5000.675676,5.000675676,4738.964902,0.055225303
35.956149,37859,37.854,2480,5067.49226,5.06749226,4738.964902,0.069324708
36.006017,37909,37.904,2473,5031.381011,5.031381011,4738.964902,0.061704637
36.056066,37959,37.954,2491,5124.875312,5.124875312,4738.964902,0.081433481
36.106077,38009,38.004,2495,5145.9375,5.1459375,4738.964902,0.085877952
36.156002,38059,38.054,2481,5072.67658,5.07267658,4738.964902,0.070418685
36.206029,38109,38.104,2475,5041.666667,5.041666667,4738.964902,0.063875081
36.256143,38159,38.154,2470,5016.0,5.016,4738.964902,0.058458989
36.326258,38209,38.204,2471,5021.12069,5.02112069,4738.964902,0.059539539
36.356101,38259,38.254,2472,5026.247689,5.026247689,4738.964902,0.060621421
36.406148,38309,38.304,2482,5077.867328,5.077867328,4738.964902,0.071514019
36.456073,38359,38.354,2466,4995.58011,4.99558011,4738.964902,0.054150055
36.506023,38409,38.404,2469,5010.885609,5.010885609,4738.964902,0.057379768
36.556027,38459,38.454,2471,5021.12069,5.02112069,4738.964902,0.059539539
36.606002,38509,38.504,2463,4980.330882,4.980330882,4738.964902,0.050932215
36.656016,38559,38.554,2458,4955.039707,4.955039707,4738.964902,0.045595359
36.706032,38609,38.604,2464,4985.407725,4.985407725,4738.964902,0.052003513
36.756261,38659,38.654,2461,4970.195838,4.970195838,4738.964902,0.048793553
36.806011,38709,38.704,2468,5005.777505,5.005777505,4738.964902,0.056301874
36.856038,38759,38.754,2470,5016.0,5.016,4738.964902,0.058458989
36.912277,38809,38.804,2467,5000.675676,5.000675676,4738.964902,0.055225303
36.955973,38859,38.854,2462,4975.260257,4.975260257,4738.964902,0.049862229
37.006004,38909,38.904,2461,4970.195838,4.970195838,4738.964902,0.048793553
37.056026,38959,38.954,2453,4929.902558,4.929902558,4738.964902,0.040291004
37.106033,39009,39.004,2478,5057.142857,5.057142857,4738.964902,0.067140813
37.156021,39059,39.054,2483,5083.064516,5.083064516,4738.964902,0.072610712
37.206079,39109,39.104,2480,5067.49226,5.06749226,4738.964902,0.069324708
37.256038,39159,39.154,2499,5167.105263,5.167105263,4738.964902,0.0903447
37.306038,39209,39.204,2483,5083.064516,5.083064516,4738.964902,0.072610712
37.356057,39259,39.254,2498,5161.803381,5.161803381,4738.964902,0.089225915
37.409557,39309,39.304,2482,5077.867328,5.077867328,4738.964902,0.071514019
37.45603,39359,39.354,2477,5051.97775,5.05197775,4738.964902,0.06605089
37.505987,39409,39.404,2475,5041.666667,5.041666667,4738.964902,0.063875081
37.563807,39459,39.454,2466,4995.58011,4.99558011,4738.964902,0.054150055
37.605986,39509,39.504,2480,5067.49226,5.06749226,4738.964902,0.069324708
37.656011,39559,39.554,2458,4955.039707,4.955039707,4738.964902,0.045595359
37.758333,39609,39.604,2466,4995.58011,4.99558011,4738.964902,0.054150055
37.840062,39659,39.654,2475,5041.666667,5.041666667,4738.964902,0.063875081
37.84041,39709,39.704,2482,5077.867328,5.077867328,4738.964902,0.071514019
37.856113,39759,39.754,2476,5046.819024,5.046819024,4738.964902,0.064962313
37.905984,39809,39.804,2484,5088.268156,5.088268156,4738.964902,0.073708766
37.96339,39859,39.854,2477,5051.97775,5.05197775,4738.964902,0.06605089
38.006037,39909,39.904,2469,5010.885609,5.010885609,4738.964902,0.057379768
38.064766,39959,39.954,2465,4990.490798,4.990490798,4738.964902,0.053076125
38.106008,40009,40.004,2479,5062.314356,5.062314356,4738.964902,0.068232085
38.156023,40059,40.054,2495,5145.9375,5.1459375,4738.964902,0.085877952
38.205991,40109,40.104,2462,4975.260257,4.975260257,4738.964902,0.049862229
38.255994,40159,40.154,2483,5083.064516,5.083064516,4738.964902,0.072610712
38.306022,40209,40.204,2461,4970.195838,4.970195838,4738.964902,0.048793553
38.356042,40259,40.254,2463,4980.330882,4.980330882,4738.964902,0.050932215
38.406043,40309,40.304,2458,4955.039707,4.955039707,4738.964902,0.045595359
38.456,40359,40.354,2454,4934.917733,4.934917733,4738.964902,0.041349289
38.506024,40409,40.404,2453,4929.902558,4.929902558,4738.964902,0.040291004
38.555994,40459,40.454,2457,4950.0,4.95,4738.964902,0.044531897
38.606024,40509,40.504,2464,4985.407725,4.985407725,4738.964902,0.052003513
38.65603,40559,40.554,2467,5000.675676,5.000675676,4738.964902,0.055225303
38.713736,40609,40.604,2461,4970.195838,4.970195838,4738.964902,0.048793553
38.756061,40659,40.654,2494,5140.662086,5.140662086,4738.964902,0.084764752
38.806039,40709,40.704,2469,5010.885609,5.010885609,4738.964902,0.057379768
38.856002,40759,40.754,2478,5057.142857,5.057142857,4738.964902,0.067140813
38.906032,40809,40.804,2494,5140.662086,5.140662086,4738.964902,0.084764752
38.957372,40859,40.854,2496,5151.219512,5.151219512,4738.964902,0.086992543
39.006001,40909,40.904,2487,5103.91791,5.10391791,4738.964902,0.077011123
39.056035,40959,40.954,2481,5072.67658,5.07267658,4738.964902,0.070418685
39.10602,41009,41.004,2480,5067.49226,5.06749226,4738.964902,0.069324708
39.156093,41059,41.054,2470,5016.0,5.016,4738.964902,0.058458989
39.211852,41109,41.104,2477,5051.97775,5.05197775,4738.964902,0.06605089
39.256023,41159,41.154,2468,5005.777505,5.005777505,4738.964902,0.056301874
39.306007,41209,41.204,2469,5010.885609,5.010885609,4738.964902,0.057379768
39.356007,41259,41.254,2477,5051.97775,5.05197775,4738.964902,0.06605089
39.406028,41309,41.304,2461,4970.195838,4.970195838,4738.964902,0.048793553
39.456008,41359,41.354,2463,4980.330882,4.980330882,4738.964902,0.050932215
39.506043,41409,41.404,2476,5046.819024,5.046819024,4738.964902,0.064962313
39.556036,41459,41.454,2474,5036.520666,5.036520666,4738.964902,0.062789189
39.606038,41509,41.504,2476,5046.819024,5.046819024,4738.964902,0.064962313
39.655996,41559,41.554,2472,5026.247689,5.026247689,4738.964902,0.060621421
39.713075,41609,41.604,2477,5051.97775,5.05197775,4738.964902,0.06605089
39.756025,41659,41.654,2477,5051.97775,5.05197775,4738.964902,0.06605089
39.806005,41709,41.704,2477,5051.97775,5.05197775,4738.964902,0.06605089
39.856045,41759,41.754,2478,5057.142857,5.057142857,4738.964902,0.067140813
39.906035,41809,41.804,2460,4965.137615,4.965137615,4738.964902,0.047726184
39.955991,41859,41.854,2448,4904.918033,4.904918033,4738.964902,0.035018856
40.006025,41909,41.904,2463,4980.330882,4.980330882,4738.964902,0.050932215
40.056025,41959,41.954,2458,4955.039707,4.955039707,4738.964902,0.045595359
40.105999,42009,42.004,2461,4970.195838,4.970195838,4738.964902,0.048793553
40.155998,42059,42.054,2458,4955.039707,4.955039707,4738.964902,0.045595359
40.205991,42109,42.104,2446,4894.966646,4.894966646,4738.964902,0.032918949
40.255985,42159,42.154,2455,4939.939024,4.939939024,4738.964902,0.042408865
40.31381,42209,42.204,2455,4939.939024,4.939939024,4738.964902,0.042408865
40.356039,42259,42.254,2454,4934.917733,4.934917733,4738.964902,0.041349289
40.406623,42309,42.304,2455,4939.939024,4.939939024,4738.964902,0.042408865
40.455992,42359,42.354,2477,5051.97775,5.05197775,4738.964902,0.06605089
40.506032,42409,42.404,2462,4975.260257,4.975260257,4738.964902,0.049862229
40.556198,42459,42.454,2498,5161.803381,5.161803381,4738.964902,0.089225915
40.606046,42509,42.504,2479,5062.314356,5.062314356,4738.964902,0.068232085
40.656013,42559,42.554,2488,5109.14748,5.10914748,4738.964902,0.078114649
40.706007,42609,42.604,2487,5103.91791,5.10391791,4738.964902,0.077011123
40.756047,42659,42.654,2480,5067.49226,5.06749226,4738.964902,0.069324708
40.806068,42709,42.704,2505,5199.056604,5.199056604,4738.964902,0.097086961
40.856006,42759,42.754,2465,4990.490798,4.990490798,4738.964902,0.053076125
40.905991,42809,42.804,2467,5000.675676,5.000675676,4738.964902,0.055225303
40.964287,42859,42.854,2462,4975.260257,4.975260257,4738.964902,0.049862229
41.006002,42909,42.904,2459,4960.085575,4.960085575,4738.964902,0.04666012
41.056034,42959,42.954,2453,4929.902558,4.929902558,4738.964902,0.040291004
41.106005,43009,43.004,2463,4980.330882,4.980330882,4738.964902,0.050932215
41.156003,43059,43.054,2464,4985.407725,4.985407725,4738.964902,0.052003513
41.206003,43109,43.104,2466,4995.58011,4.99558011,4738.964902,0.054150055
41.256017,43159,43.154,2468,5005.777505,5.005777505,4738.964902,0.056301874
41.31166,43209,43.204,2469,5010.885609,5.010885609,4738.964902,0.057379768
41.356024,43259,43.254,2467,5000.675676,5.000675676,4738.964902,0.055225303
41.405993,43309,43.304,2472,5026.247689,5.026247689,4738.964902,0.060621421
41.455995,43359,43.354,2461,4970.195838,4.970195838,4738.964902,0.048793553
41.506045,43409,43.404,2458,4955.039707,4.955039707,4738.964902,0.045595359
41.556519,43459,43.454,2465,4990.490798,4.990490798,4738.964902,0.053076125
41.606025,43509,43.504,2454,4934.917733,4.934917733,4738.964902,0.041349289
41.656064,43559,43.554,2448,4904.918033,4.904918033,4738.964902,0.035018856
41.707802,43609,43.604,2466,4995.58011,4.99558011,4738.964902,0.054150055
41.756004,43659,43.654,2466,4995.58011,4.99558011,4738.964902,0.054150055
41.806063,43709,43.704,2463,4980.330882,4.980330882,4738.964902,0.050932215
41.856032,43759,43.754,2464,4985.407725,4.985407725,4738.964902,0.052003513
41.906045,43809,43.804,2452,4924.893488,4.924893488,4738.964902,0.039234008
41.956,43859,43.854,2460,4965.137615,4.965137615,4738.964902,0.047726184
42.014724,43909,43.904,2460,4965.137615,4.965137615,4738.964902,0.047726184
42.056053,43959,43.954,2449,4909.902795,4.909902795,4738.964902,0.036070724
42.105987,44009,44.004,2451,4919.890511,4.919890511,4738.964902,0.038178297
42.156224,44059,44.054,2469,5010.885609,5.010885609,4738.964902,0.057379768
42.205973,44109,44.104,2460,4965.137615,4.965137615,4738.964902,0.047726184
42.255965,44159,44.154,2484,5088.268156,5.088268156,4738.964902,0.073708766
42.306028,44209,44.204,2480,5067.49226,5.06749226,4738.964902,0.069324708
42.356025,44259,44.254,2487,5103.91791,5.10391791,4738.964902,0.077011123
42.411995,44309,44.304,2490,5119.626168,5.119626168,4738.964902,0.080325825
42.455962,44359,44.354,2479,5062.314356,5.062314356,4738.964902,0.068232085
42.506045,44409,44.404,2473,5031.381011,5.031381011,4738.964902,0.061704637
42.555978,44459,44.454,2465,4990.490798,4.990490798,4738.964902,0.053076125
42.605954,44509,44.504,2472,5026.247689,5.026247689,4738.964902,0.060621421
42.655994,44559,44.554,2450,4914.893617,4.914893617,4738.964902,0.03712387
42.70739,44609,44.604,2487,5103.91791,5.10391791,4738.964902,0.077011123
42.756029,44659,44.654,2461,4970.195838,4.970195838,4738.964902,0.048793553
42.80603,44709,44.704,2458,4955.039707,4.955039707,4738.964902,0.045595359
42.856049,44759,44.754,2465,4990.490798,4.990490798,4738.964902,0.053076125
42.906035,44809,44.804,2466,4995.58011,4.99558011,4738.964902,0.054150055
42.956036,44859,44.854,2480,5067.49226,5.06749226,4738.964902,0.069324708
43.01253,44909,44.904,2477,5051.97775,5.05197775,4738.964902,0.06605089
43.056012,44959,44.954,2480,5067.49226,5.06749226,4738.964902,0.069324708
43.106007,45009,45.004,2467,5000.675676,5.000675676,4738.964902,0.055225303
43.156061,45059,45.054,2480,5067.49226,5.06749226,4738.964902,0.069324708
43.206041,45109,45.104,2467,5000.675676,5.000675676,4738.964902,0.055225303
43.25606,45159,45.154,2487,5103.91791,5.10391791,4738.964902,0.077011123
43.306,45209,45.204,2446,4894.966646,4.894966646,4738.964902,0.032918949
43.356022,45259,45.254,2458,4955.039707,4.955039707,4738.964902,0.045595359
43.40597,45309,45.304,2458,4955.039707,4.955039707,4738.964902,0.045595359
43.455981,45359,45.354,2464,4985.407725,4.985407725,4738.964902,0.052003513
43.506039,45409,45.404,2469,5010.885609,5.010885609,4738.964902,0.057379768
43.564317,45459,45.454,2467,5000.675676,5.000675676,4738.964902,0.055225303
43.606026,45509,45.504,2460,4965.137615,4.965137615,4738.964902,0.047726184
43.655961,45559,45.554,2460,4965.137615,4.965137615,4738.964902,0.047726184
43.705997,45609,45.604,2446,4894.966646,4.894966646,4738.964902,0.032918949
43.755967,45659,45.654,2450,4914.893617,4.914893617,4738.964902,0.03712387
43.806039,45709,45.704,2472,5026.247689,5.026247689,4738.964902,0.060621421
43.85597,45759,45.754,2457,4950.0,4.95,4738.964902,0.044531897
43.905996,45809,45.804,2468,5005.777505,5.005777505,4738.964902,0.056301874
43.956025,45859,45.854,2486,5098.694842,5.098694842,4738.964902,0.075908969
44.005993,45909,45.904,2482,5077.867328,5.077867328,4738.964902,0.071514019
44.05602,45959,45.954,2483,5083.064516,5.083064516,4738.964902,0.072610712
44.106009,46009,46.004,2477,5051.97775,5.05197775,4738.964902,0.06605089
44.162796,46059,46.054,2481,5072.67658,5.07267658,4738.964902,0.070418685
44.205988,46109,46.104,2470,5016.0,5.016,4738.964902,0.058458989
44.255991,46159,46.154,2480,5067.49226,5.06749226,4738.964902,0.069324708
44.305995,46209,46.204,2467,5000.675676,5.000675676,4738.964902,0.055225303
44.356011,46259,46.254,2455,4939.939024,4.939939024,4738.964902,0.042408865
44.405964,46309,46.304,2471,5021.12069,5.02112069,4738.964902,0.059539539
44.455983,46359,46.354,2473,5031.381011,5.031381011,4738.964902,0.061704637
44.506008,46409,46.404,2463,4980.330882,4.980330882,4738.964902,0.050932215
44.555974,46459,46.454,2467,5000.675676,5.000675676,4738.964902,0.055225303
44.606036,46509,46.504,2466,4995.58011,4.99558011,4738.964902,0.054150055
44.661176,46559,46.554,2471,5021.12069,5.02112069,4738.964902,0.059539539
44.705987,46609,46.604,2482,5077.867328,5.077867328,4738.964902,0.071514019
44.756004,46659,46.654,2482,5077.867328,5.077867328,4738.964902,0.071514019
44.805995,46709,46.704,2469,5010.885609,5.010885609,4738.964902,0.057379768
44.855984,46759,46.754,2461,4970.195838,4.970195838,4738.964902,0.048793553
44.906049,46809,46.804,2468,5005.777505,5.005777505,4738.964902,0.056301874
44.956001,46859,46.854,2492,5130.131004,5.130131004,4738.964902,0.082542519
45.005973,46909,46.904,2468,5005.777505,5.005777505,4738.964902,0.056301874
45.055998,46959,46.954,2468,5005.777505,5.005777505,4738.964902,0.056301874
45.105964,47009,47.004,2464,4985.407725,4.985407725,4738.964902,0.052003513
45.155992,47059,47.054,2463,4980.330882,4.980330882,4738.964902,0.050932215
45.206028,47109,47.104,2462,4975.260257,4.975260257,4738.964902,0.049862229
45.264292,47159,47.154,2461,4970.195838,4.970195838,4738.964902,0.048793553
45.305965,47209,47.204,2454,4934.917733,4.934917733,4738.964902,0.041349289
45.355998,47259,47.254,2465,4990.490798,4.990490798,4738.964902,0.053076125
45.406054,47309,47.304,2468,5005.777505,5.005777505,4738.964902,0.056301874
45.455958,47359,47.354,2445,4890.0,4.89,4738.964902,0.031870905
45.506074,47409,47.404,2458,4955.039707,4.955039707,4738.964902,0.045595359
45.556006,47459,47.454,2451,4919.890511,4.919890511,4738.964902,0.038178297
45.605978,47509,47.504,2465,4990.490798,4.990490798,4738.964902,0.053076125
45.655993,47559,47.554,2476,5046.819024,5.046819024,4738.964902,0.064962313
45.705989,47609,47.604,2475,5041.666667,5.041666667,4738.964902,0.063875081
45.756039,47659,47.654,2493,5135.393258,5.135393258,4738.964902,0.083652942
45.813068,47709,47.704,2480,5067.49226,5.06749226,4738.964902,0.069324708
45.855993,47759,47.754,2481,5072.67658,5.07267658,4738.964902,0.070418685
45.905986,47809,47.804,2477,5051.97775,5.05197775,4738.964902,0.06605089
45.955947,47859,47.854,2457,4950.0,4.95,4738.964902,0.044531897
46.005984,47909,47.904,2488,5109.14748,5.10914748,4738.964902,0.078114649
46.055961,47959,47.954,2475,5041.666667,5.041666667,4738.964902,0.063875081
46.105976,48009,48.004,2476,5046.819024,5.046819024,4738.964902,0.064962313
46.155983,48059,48.054,2478,5057.142857,5.057142857,4738.964902,0.067140813
46.20597,48109,48.104,2458,4955.039707,4.955039707,4738.964902,0.045595359
46.256021,48159,48.154,2466,4995.58011,4.99558011,4738.964902,0.054150055
46.310291,48209,48.204,2471,5021.12069,5.02112069,4738.964902,0.059539539
46.355945,48259,48.254,2476,5046.819024,5.046819024,4738.964902,0.064962313
46.405955,48309,48.304,2485,5093.478261,5.093478261,4738.964902,0.074808184
46.460393,48359,48.354,2480,5067.49226,5.06749226,4738.964902,0.069324708
46.506003,48409,48.404,2473,5031.381011,5.031381011,4738.964902,0.061704637
46.55598,48459,48.454,2478,5057.142857,5.057142857,4738.964902,0.067140813
46.605983,48509,48.504,2483,5083.064516,5.083064516,4738.964902,0.072610712
46.655967,48559,48.554,2484,5088.268156,5.088268156,4738.964902,0.073708766
46.705987,48609,48.604,2479,5062.314356,5.062314356,4738.964902,0.068232085
46.75597,48659,48.654,2468,5005.777505,5.005777505,4738.964902,0.056301874
46.805972,48709,48.704,2475,5041.666667,5.041666667,4738.964902,0.063875081
46.855989,48759,48.754,2479,5062.314356,5.062314356,4738.964902,0.068232085
46.909615,48809,48.804,2476,5046.819024,5.046819024,4738.964902,0.064962313
46.956008,48859,48.854,2473,5031.381011,5.031381011,4738.964902,0.061704637
47.005988,48909,48.904,2466,4995.58011,4.99558011,4738.964902,0.054150055
47.055984,48959,48.954,2463,4980.330882,4.980330882,4738.964902,0.050932215
47.105994,49009,49.004,2461,4970.195838,4.970195838,4738.964902,0.048793553
47.155967,49059,49.054,2461,4970.195838,4.970195838,4738.964902,0.048793553
47.205971,49109,49.104,2472,5026.247689,5.026247689,4738.964902,0.060621421
47.255972,49159,49.154,2463,4980.330882,4.980330882,4738.964902,0.050932215
47.312494,49209,49.204,2471,5021.12069,5.02112069,4738.964902,0.059539539
47.355938,49259,49.254,2468,5005.777505,5.005777505,4738.964902,0.056301874
47.405972,49309,49.304,2478,5057.142857,5.057142857,4738.964902,0.067140813
47.455978,49359,49.354,2493,5135.393258,5.135393258,4738.964902,0.083652942
47.505972,49409,49.404,2476,5046.819024,5.046819024,4738.964902,0.064962313
47.559865,49459,49.454,2478,5057.142857,5.057142857,4738.964902,0.067140813
47.605958,49509,49.504,2468,5005.777505,5.005777505,4738.964902,0.056301874
47.655955,49559,49.554,2468,5005.777505,5.005777505,4738.964902,0.056301874
47.705988,49609,49.604,2486,5098.694842,5.098694842,4738.964902,0.075908969
47.755981,49659,49.654,2478,5057.142857,5.057142857,4738.964902,0.067140813
47.805962,49709,49.704,2472,5026.247689,5.026247689,4738.964902,0.060621421
47.855987,49759,49.754,2476,5046.819024,5.046819024,4738.964902,0.064962313
47.905948,49809,49.804,2472,5026.247689,5.026247689,4738.964902,0.060621421
47.956002,49859,49.854,2459,4960.085575,4.960085575,4738.964902,0.04666012
48.006068,49909,49.904,2474,5036.520666,5.036520666,4738.964902,0.062789189
48.078784,49959,49.954,2477,5051.97775,5.05197775,4738.964902,0.06605089
48.106013,50009,50.004,2505,5199.056604,5.199056604,4738.964902,0.097086961
48.155934,50059,50.054,2506,5204.405286,5.204405286,4738.964902,0.098215622
48.229669,50109,50.104,2463,4980.330882,4.980330882,4738.964902,0.050932215
48.25607,50159,50.154,2481,5072.67658,5.07267658,4738.964902,0.070418685
48.316178,50209,50.204,2476,5046.819024,5.046819024,4738.964902,0.064962313
48.356027,50259,50.254,2462,4975.260257,4.975260257,4738.964902,0.049862229
48.406012,50309,50.304,2479,5062.314356,5.062314356,4738.964902,0.068232085
48.455949,50359,50.354,2469,5010.885609,5.010885609,4738.964902,0.057379768
48.505962,50409,50.404,2482,5077.867328,5.077867328,4738.964902,0.071514019
48.556001,50459,50.454,2458,4955.039707,4.955039707,4738.964902,0.045595359
48.605976,50509,50.504,2469,5010.885609,5.010885609,4738.964902,0.057379768
48.655949,50559,50.554,2469,5010.885609,5.010885609,4738.964902,0.057379768
48.705977,50609,50.604,2469,5010.885609,5.010885609,4738.964902,0.057379768
48.764866,50659,50.654,2466,4995.58011,4.99558011,4738.964902,0.054150055
48.80592,50709,50.704,2461,4970.195838,4.970195838,4738.964902,0.048793553
48.856003,50759,50.754,2477,5051.97775,5.05197775,4738.964902,0.06605089
48.905937,50809,50.804,2453,4929.902558,4.929902558,4738.964902,0.040291004
48.955974,50859,50.854,2466,4995.58011,4.99558011,4738.964902,0.054150055
49.005967,50909,50.904,2462,4975.260257,4.975260257,4738.964902,0.049862229
49.055962,50959,50.954,2467,5000.675676,5.000675676,4738.964902,0.055225303
49.105965,51009,51.004,2470,5016.0,5.016,4738.964902,0.058458989
49.161819,51059,51.054,2479,5062.314356,5.062314356,4738.964902,0.068232085
49.205958,51109,51.104,2485,5093.478261,5.093478261,4738.964902,0.074808184
49.255993,51159,51.154,2477,5051.97775,5.05197775,4738.964902,0.06605089
49.305968,51209,51.204,2473,5031.381011,5.031381011,4738.964902,0.061704637
49.355929,51259,51.254,2473,5031.381011,5.031381011,4738.964902,0.061704637
49.40596,51309,51.304,2483,5083.064516,5.083064516,4738.964902,0.072610712
49.456026,51359,51.354,2481,5072.67658,5.07267658,4738.964902,0.070418685
49.505956,51409,51.404,2487,5103.91791,5.10391791,4738.964902,0.077011123
49.55595,51459,51.454,2474,5036.520666,5.036520666,4738.964902,0.062789189
49.605939,51509,51.504,2467,5000.675676,5.000675676,4738.964902,0.055225303
49.65594,51559,51.554,2454,4934.917733,4.934917733,4738.964902,0.041349289
49.71361,51609,51.604,2459,4960.085575,4.960085575,4738.964902,0.04666012
49.755947,51659,51.654,2467,5000.675676,5.000675676,4738.964902,0.055225303
49.805973,51709,51.704,2469,5010.885609,5.010885609,4738.964902,0.057379768
49.85601,51759,51.754,2477,5051.97775,5.05197775,4738.964902,0.06605089
49.905959,51809,51.804,2470,5016.0,5.016,4738.964902,0.058458989
49.955954,51859,51.854,2485,5093.478261,5.093478261,4738.964902,0.074808184
50.005989,51909,51.904,2489,5114.383562,5.114383562,4738.964902,0.079219548
50.055928,51959,51.954,2457,4950.0,4.95,4738.964902,0.044531897
50.10597,52009,52.004,2472,5026.247689,5.026247689,4738.964902,0.060621421
50.155926,52059,52.054,2462,4975.260257,4.975260257,4738.964902,0.049862229
50.205945,52109,52.104,2459,4960.085575,4.960085575,4738.964902,0.04666012
50.256005,52159,52.154,2460,4965.137615,4.965137615,4738.964902,0.047726184
50.313615,52209,52.204,2465,4990.490798,4.990490798,4738.964902,0.053076125
50.355995,52259,52.254,2466,4995.58011,4.99558011,4738.964902,0.054150055
50.405984,52309,52.304,2457,4950.0,4.95,4738.964902,0.044531897
50.456002,52359,52.354,2462,4975.260257,4.975260257,4738.964902,0.049862229
50.505944,52409,52.404,2464,4985.407725,4.985407725,4738.964902,0.052003513
50.555968,52459,52.454,2482,5077.867328,5.077867328,4738.964902,0.071514019
50.605937,52509,52.504,2462,4975.260257,4.975260257,4738.964902,0.049862229
50.655937,52559,52.554,2467,5000.675676,5.000675676,4738.964902,0.055225303
50.705956,52609,52.604,2453,4929.902558,4.929902558,4738.964902,0.040291004
50.755958,52659,52.654,2458,4955.039707,4.955039707,4738.964902,0.045595359
50.805967,52709,52.704,2472,5026.247689,5.026247689,4738.964902,0.060621421
50.860944,52759,52.754,2480,5067.49226,5.06749226,4738.964902,0.069324708
50.905948,52809,52.804,2482,5077.867328,5.077867328,4738.964902,0.071514019
50.955967,52859,52.854,2482,5077.867328,5.077867328,4738.964902,0.071514019
51.007111,52909,52.904,2464,4985.407725,4.985407725,4738.964902,0.052003513
51.055924,52959,52.954,2454,4934.917733,4.934917733,4738.964902,0.041349289
51.105944,53009,53.004,2480,5067.49226,5.06749226,4738.964902,0.069324708
51.155972,53059,53.054,2455,4939.939024,4.939939024,4738.964902,0.042408865
51.205958,53109,53.104,2463,4980.330882,4.980330882,4738.964902,0.050932215
51.255943,53159,53.154,2461,4970.195838,4.970195838,4738.964902,0.048793553
51.305938,53209,53.204,2470,5016.0,5.016,4738.964902,0.058458989
51.355919,53259,53.254,2460,4965.137615,4.965137615,4738.964902,0.047726184
51.405954,53309,53.304,2455,4939.939024,4.939939024,4738.964902,0.042408865
51.455962,53359,53.354,2462,4975.260257,4.975260257,4738.964902,0.049862229
51.505959,53409,53.404,2439,4860.326087,4.860326087,4738.964902,0.025609218
51.555928,53459,53.454,2464,4985.407725,4.985407725,4738.964902,0.052003513
51.605949,53509,53.504,2464,4985.407725,4.985407725,4738.964902,0.052003513
51.662623,53559,53.554,2483,5083.064516,5.083064516,4738.964902,0.072610712
51.706013,53609,53.604,2464,4985.407725,4.985407725,4738.964902,0.052003513
51.755943,53659,53.654,2467,5000.675676,5.000675676,4738.964902,0.055225303
51.805994,53709,53.704,2461,4970.195838,4.970195838,4738.964902,0.048793553
51.855969,53759,53.754,2470,5016.0,5.016,4738.964902,0.058458989
51.905943,53809,53.804,2455,4939.939024,4.939939024,4738.964902,0.042408865
51.955942,53859,53.854,2454,4934.917733,4.934917733,4738.964902,0.041349289
52.011474,53909,53.904,2462,4975.260257,4.975260257,4738.964902,0.049862229
52.055959,53959,53.954,2463,4980.330882,4.980330882,4738.964902,0.050932215
52.105974,54009,54.004,2453,4929.902558,4.929902558,4738.964902,0.040291004
52.155986,54059,54.054,2460,4965.137615,4.965137615,4738.964902,0.047726184
52.206017,54109,54.104,2467,5000.675676,5.000675676,4738.964902,0.055225303
52.255974,54159,54.154,2447,4899.93932,4.89993932,4738.964902,0.033968266
52.306016,54209,54.204,2472,5026.247689,5.026247689,4738.964902,0.060621421
52.355924,54259,54.254,2467,5000.675676,5.000675676,4738.964902,0.055225303
52.412042,54309,54.304,2451,4919.890511,4.919890511,4738.964902,0.038178297
52.455966,54359,54.354,2465,4990.490798,4.990490798,4738.964902,0.053076125
52.505951,54409,54.404,2468,5005.777505,5.005777505,4738.964902,0.056301874
52.555943,54459,54.454,2473,5031.381011,5.031381011,4738.964902,0.061704637
52.605937,54509,54.504,2489,5114.383562,5.114383562,4738.964902,0.079219548
52.663919,54559,54.554,2483,5083.064516,5.083064516,4738.964902,0.072610712
52.70593,54609,54.604,2492,5130.131004,5.130131004,4738.964902,0.082542519
52.755977,54659,54.654,2476,5046.819024,5.046819024,4738.964902,0.064962313
52.805954,54709,54.704,2476,5046.819024,5.046819024,4738.964902,0.064962313
52.855927,54759,54.754,2469,5010.885609,5.010885609,4738.964902,0.057379768
52.905938,54809,54.804,2470,5016.0,5.016,4738.964902,0.058458989
52.956283,54859,54.854,2467,5000.675676,5.000675676,4738.964902,0.055225303
53.005957,54909,54.904,2461,4970.195838,4.970195838,4738.964902,0.048793553
53.055974,54959,54.954,2461,4970.195838,4.970195838,4738.964902,0.048793553
53.105983,55009,55.004,2448,4904.918033,4.904918033,4738.964902,0.035018856
53.161807,55059,55.054,2462,4975.260257,4.975260257,4738.964902,0.049862229
53.205914,55109,55.104,2463,4980.330882,4.980330882,4738.964902,0.050932215
53.255916,55159,55.154,2469,5010.885609,5.010885609,4738.964902,0.057379768
53.305964,55209,55.204,2478,5057.142857,5.057142857,4738.964902,0.067140813
53.355918,55259,55.254,2476,5046.819024,5.046819024,4738.964902,0.064962313
53.405977,55309,55.304,2482,5077.867328,5.077867328,4738.964902,0.071514019
53.456093,55359,55.354,2483,5083.064516,5.083064516,4738.964902,0.072610712
53.505983,55409,55.404,2461,4970.195838,4.970195838,4738.964902,0.048793553
53.555891,55459,55.454,2465,4990.490798,4.990490798,4738.964902,0.053076125
53.605974,55509,55.504,2471,5021.12069,5.02112069,4738.964902,0.059539539
53.655943,55559,55.554,2449,4909.902795,4.909902795,4738.964902,0.036070724
53.714884,55609,55.604,2458,4955.039707,4.955039707,4738.964902,0.045595359
53.756016,55659,55.654,2465,4990.490798,4.990490798,4738.964902,0.053076125
53.80604,55709,55.704,2460,4965.137615,4.965137615,4738.964902,0.047726184
53.855985,55759,55.754,2467,5000.675676,5.000675676,4738.964902,0.055225303
53.905894,55809,55.804,2454,4934.917733,4.934917733,4738.964902,0.041349289
53.955922,55859,55.854,2461,4970.195838,4.970195838,4738.964902,0.048793553
54.005922,55909,55.904,2472,5026.247689,5.026247689,4738.964902,0.060621421
54.055972,55959,55.954,2468,5005.777505,5.005777505,4738.964902,0.056301874
54.105942,56009,56.004,2464,4985.407725,4.985407725,4738.964902,0.052003513
54.155981,56059,56.054,2463,4980.330882,4.980330882,4738.964902,0.050932215
54.205987,56109,56.104,2465,4990.490798,4.990490798,4738.964902,0.053076125
54.261649,56159,56.154,2467,5000.675676,5.000675676,4738.964902,0.055225303
54.305956,56209,56.204,2480,5067.49226,5.06749226,4738.964902,0.069324708
54.355951,56259,56.254,2474,5036.520666,5.036520666,4738.964902,0.062789189
54.405979,56309,56.304,2482,5077.867328,5.077867328,4738.964902,0.071514019
54.455956,56359,56.354,2478,5057.142857,5.057142857,4738.964902,0.067140813
54.50593,56409,56.404,2461,4970.195838,4.970195838,4738.964902,0.048793553
54.555948,56459,56.454,2480,5067.49226,5.06749226,4738.964902,0.069324708
54.605946,56509,56.504,2473,5031.381011,5.031381011,4738.964902,0.061704637
54.655941,56559,56.554,2470,5016.0,5.016,4738.964902,0.058458989
54.705965,56609,56.604,2475,5041.666667,5.041666667,4738.964902,0.063875081
54.762274,56659,56.654,2478,5057.142857,5.057142857,4738.964902,0.067140813
54.805933,56709,56.704,2465,4990.490798,4.990490798,4738.964902,0.053076125
54.855976,56759,56.754,2472,5026.247689,5.026247689,4738.964902,0.060621421
54.905882,56809,56.804,2463,4980.330882,4.980330882,4738.964902,0.050932215
54.95593,56859,56.854,2474,5036.520666,5.036520666,4738.964902,0.062789189
55.005997,56909,56.904,2453,4929.902558,4.929902558,4738.964902,0.040291004
55.055932,56959,56.954,2466,4995.58011,4.99558011,4738.964902,0.054150055
55.105956,57009,57.004,2473,5031.381011,5.031381011,4738.964902,0.061704637
55.156134,57059,57.054,2464,4985.407725,4.985407725,4738.964902,0.052003513
55.205942,57109,57.104,2476,5046.819024,5.046819024,4738.964902,0.064962313
55.255958,57159,57.154,2474,5036.520666,5.036520666,4738.964902,0.062789189
55.3059,57209,57.204,2465,4990.490798,4.990490798,4738.964902,0.053076125
55.355954,57259,57.254,2467,5000.675676,5.000675676,4738.964902,0.055225303
55.411922,57309,57.304,2463,4980.330882,4.980330882,4738.964902,0.050932215
55.455935,57359,57.354,2474,5036.520666,5.036520666,4738.964902,0.062789189
55.505989,57409,57.404,2461,4970.195838,4.970195838,4738.964902,0.048793553
55.555924,57459,57.454,2463,4980.330882,4.980330882,4738.964902,0.050932215
55.605958,57509,57.504,2464,4985.407725,4.985407725,4738.964902,0.052003513
55.655952,57559,57.554,2453,4929.902558,4.929902558,4738.964902,0.040291004
55.705929,57609,57.604,2460,4965.137615,4.965137615,4738.964902,0.047726184
55.755908,57659,57.654,2463,4980.330882,4.980330882,4738.964902,0.050932215
55.806003,57709,57.704,2454,4934.917733,4.934917733,4738.964902,0.041349289
55.864695,57759,57.754,2463,4980.330882,4.980330882,4738.964902,0.050932215
55.905957,57809,57.804,2461,4970.195838,4.970195838,4738.964902,0.048793553
55.955916,57859,57.854,2480,5067.49226,5.06749226,4738.964902,0.069324708
56.006412,57909,57.904,2495,5145.9375,5.1459375,4738.964902,0.085877952
56.055904,57959,57.954,2487,5103.91791,5.10391791,4738.964902,0.077011123
56.105924,58009,58.004,2505,5199.056604,5.199056604,4738.964902,0.097086961
56.156623,58059,58.054,2474,5036.520666,5.036520666,4738.964902,0.062789189
56.205937,58109,58.104,2478,5057.142857,5.057142857,4738.964902,0.067140813
56.255908,58159,58.154,2458,4955.039707,4.955039707,4738.964902,0.045595359
56.306037,58209,58.204,2463,4980.330882,4.980330882,4738.964902,0.050932215
56.361645,58259,58.254,2464,4985.407725,4.985407725,4738.964902,0.052003513
56.405953,58309,58.304,2462,4975.260257,4.975260257,4738.964902,0.049862229
56.455933,58359,58.354,2468,5005.777505,5.005777505,4738.964902,0.056301874
56.507067,58409,58.404,2461,4970.195838,4.970195838,4738.964902,0.048793553
56.555898,58459,58.454,2470,5016.0,5.016,4738.964902,0.058458989
56.605928,58509,58.504,2459,4960.085575,4.960085575,4738.964902,0.04666012
56.657228,58559,58.554,2474,5036.520666,5.036520666,4738.964902,0.062789189
56.705918,58609,58.604,2464,4985.407725,4.985407725,4738.964902,0.052003513
56.75595,58659,58.654,2474,5036.520666,5.036520666,4738.964902,0.062789189
56.805919,58709,58.704,2468,5005.777505,5.005777505,4738.964902,0.056301874
56.855915,58759,58.754,2471,5021.12069,5.02112069,4738.964902,0.059539539
56.905921,58809,58.804,2475,5041.666667,5.041666667,4738.964902,0.063875081
56.96538,58859,58.854,2501,5177.728984,5.177728984,4738.964902,0.092586481
57.005919,58909,58.904,2472,5026.247689,5.026247689,4738.964902,0.060621421
57.055972,58959,58.954,2469,5010.885609,5.010885609,4738.964902,0.057379768
57.105945,59009,59.004,2453,4929.902558,4.929902558,4738.964902,0.040291004
57.155982,59059,59.054,2458,4955.039707,4.955039707,4738.964902,0.045595359
57.205978,59109,59.104,2471,5021.12069,5.02112069,4738.964902,0.059539539
57.255913,59159,59.154,2457,4950.0,4.95,4738.964902,0.044531897
57.305933,59209,59.204,2427,4801.618705,4.801618705,4738.964902,0.013220989
57.355924,59259,59.254,2494,5140.662086,5.140662086,4738.964902,0.084764752
57.407964,59309,59.304,2445,4890.0,4.89,4738.964902,0.031870905
57.455935,59359,59.354,2457,4950.0,4.95,4738.964902,0.044531897
57.513514,59409,59.404,2456,4944.966443,4.944966443,4738.964902,0.043469733
57.555942,59459,59.454,2471,5021.12069,5.02112069,4738.964902,0.059539539
57.605959,59509,59.504,2466,4995.58011,4.99558011,4738.964902,0.054150055
57.6559,59559,59.554,2464,4985.407725,4.985407725,4738.964902,0.052003513
57.705903,59609,59.604,2509,5220.491803,5.220491803,4738.964902,0.101610143
57.756263,59659,59.654,2485,5093.478261,5.093478261,4738.964902,0.074808184
57.805954,59709,59.704,2471,5021.12069,5.02112069,4738.964902,0.059539539
57.855925,59759,59.754,2477,5051.97775,5.05197775,4738.964902,0.06605089
57.90591,59809,59.804,2472,5026.247689,5.026247689,4738.964902,0.060621421
57.955907,59859,59.854,2463,4980.330882,4.980330882,4738.964902,0.050932215
58.005893,59909,59.904,2469,5010.885609,5.010885609,4738.964902,0.057379768
58.055961,59959,59.954,2456,4944.966443,4.944966443,4738.964902,0.043469733
58.105991,60009,60.004,2464,4985.407725,4.985407725,4738.964902,0.052003513
58.166026,60059,60.054,2461,4970.195838,4.970195838,4738.964902,0.048793553
58.205937,60109,60.104,2452,4924.893488,4.924893488,4738.964902,0.039234008
58.255906,60159,60.154,2458,4955.039707,4.955039707,4738.964902,0.045595359
58.307192,60209,60.204,2465,4990.490798,4.990490798,4738.964902,0.053076125
58.355904,60259,60.254,2472,5026.247689,5.026247689,4738.964902,0.060621421
58.405966,60309,60.304,2464,4985.407725,4.985407725,4738.964902,0.052003513
58.457605,60359,60.354,2480,5067.49226,5.06749226,4738.964902,0.069324708
58.505964,60409,60.404,2479,5062.314356,5.062314356,4738.964902,0.068232085
58.555885,60459,60.454,2464,4985.407725,4.985407725,4738.964902,0.052003513
58.605899,60509,60.504,2463,4980.330882,4.980330882,4738.964902,0.050932215
58.655909,60559,60.554,2470,5016.0,5.016,4738.964902,0.058458989
58.715789,60609,60.604,2466,4995.58011,4.99558011,4738.964902,0.054150055
58.755912,60659,60.654,2467,5000.675676,5.000675676,4738.964902,0.055225303
58.80662,60709,60.704,2457,4950.0,4.95,4738.964902,0.044531897
58.855887,60759,60.754,2469,5010.885609,5.010885609,4738.964902,0.057379768
58.905876,60809,60.804,2465,4990.490798,4.990490798,4738.964902,0.053076125
58.958483,60859,60.854,2454,4934.917733,4.934917733,4738.964902,0.041349289
59.005898,60909,60.904,2452,4924.893488,4.924893488,4738.964902,0.039234008
59.057453,60959,60.954,2462,4975.260257,4.975260257,4738.964902,0.049862229
59.105894,61009,61.004,2460,4965.137615,4.965137615,4738.964902,0.047726184
59.155933,61059,61.054,2452,4924.893488,4.924893488,4738.964902,0.039234008
59.2059,61109,61.104,2452,4924.893488,4.924893488,4738.964902,0.039234008
59.255949,61159,61.154,2453,4929.902558,4.929902558,4738.964902,0.040291004
59.313648,61209,61.204,2456,4944.966443,4.944966443,4738.964902,0.043469733
59.355881,61259,61.254,2455,4939.939024,4.939939024,4738.964902,0.042408865
59.405914,61309,61.304,2487,5103.91791,5.10391791,4738.964902,0.077011123
59.457343,61359,61.354,2500,5172.413793,5.172413793,4738.964902,0.091464887
59.50588,61409,61.404,2479,5062.314356,5.062314356,4738.964902,0.068232085
59.555916,61459,61.454,2450,4914.893617,4.914893617,4738.964902,0.03712387
59.605921,61509,61.504,2475,5041.666667,5.041666667,4738.964902,0.063875081
59.655875,61559,61.554,2471,5021.12069,5.02112069,4738.964902,0.059539539
59.70592,61609,61.604,2462,4975.260257,4.975260257,4738.964902,0.049862229
59.766466,61659,61.654,2466,4995.58011,4.99558011,4738.964902,0.054150055
59.80594,61709,61.704,2459,4960.085575,4.960085575,4738.964902,0.04666012
59.857076,61759,61.754,2470,5016.0,5.016,4738.964902,0.058458989
59.905897,61809,61.804,2459,4960.085575,4.960085575,4738.964902,0.04666012
59.955919,61859,61.854,2454,4934.917733,4.934917733,4738.964902,0.041349289
60.009694,61909,61.904,2468,5005.777505,5.005777505,4738.964902,0.056301874
60.055906,61959,61.954,2466,4995.58011,4.99558011,4738.964902,0.054150055
60.105892,62009,62.004,2448,4904.918033,4.904918033,4738.964902,0.035018856
60.155876,62059,62.054,2455,4939.939024,4.939939024,4738.964902,0.042408865
60.205929,62109,62.104,2463,4980.330882,4.980330882,4738.964902,0.050932215
60.264413,62159,62.154,2463,4980.330882,4.980330882,4738.964902,0.050932215
60.305882,62209,62.204,2465,4990.490798,4.990490798,4738.964902,0.053076125
60.35588,62259,62.254,2459,4960.085575,4.960085575,4738.964902,0.04666012
60.407809,62309,62.304,2466,4995.58011,4.99558011,4738.964902,0.054150055
60.455887,62359,62.354,2460,4965.137615,4.965137615,4738.964902,0.047726184
60.508048,62409,62.404,2452,4924.893488,4.924893488,4738.964902,0.039234008
60.555896,62459,62.454,2451,4919.890511,4.919890511,4738.964902,0.038178297
60.607281,62509,62.504,2452,4924.893488,4.924893488,4738.964902,0.039234008
60.655902,62559,62.554,2454,4934.917733,4.934917733,4738.964902,0.041349289
60.705924,62609,62.604,2456,4944.966443,4.944966443,4738.964902,0.043469733
60.755892,62659,62.654,2453,4929.902558,4.929902558,4738.964902,0.040291004
60.805907,62709,62.704,2452,4924.893488,4.924893488,4738.964902,0.039234008
60.867628,62759,62.754,2450,4914.893617,4.914893617,4738.964902,0.03712387
60.905855,62809,62.804,2455,4939.939024,4.939939024,4738.964902,0.042408865
60.9559,62859,62.854,2451,4919.890511,4.919890511,4738.964902,0.038178297
61.011642,62909,62.904,2455,4939.939024,4.939939024,4738.964902,0.042408865
61.055881,62959,62.954,2468,5005.777505,5.005777505,4738.964902,0.056301874
61.105935,63009,63.004,2478,5057.142857,5.057142857,4738.964902,0.067140813
61.158457,63059,63.054,2499,5167.105263,5.167105263,4738.964902,0.0903447
61.205889,63109,63.104,2482,5077.867328,5.077867328,4738.964902,0.071514019
61.255914,63159,63.154,2472,5026.247689,5.026247689,4738.964902,0.060621421
61.305848,63209,63.204,2456,4944.966443,4.944966443,4738.964902,0.043469733
61.355898,63259,63.254,2473,5031.381011,5.031381011,4738.964902,0.061704637
61.405905,63309,63.304,2467,5000.675676,5.000675676,4738.964902,0.055225303
61.467752,63359,63.354,2468,5005.777505,5.005777505,4738.964902,0.056301874
61.505855,63409,63.404,2460,4965.137615,4.965137615,4738.964902,0.047726184
61.555851,63459,63.454,2460,4965.137615,4.965137615,4738.964902,0.047726184
61.609244,63509,63.504,2461,4970.195838,4.970195838,4738.964902,0.048793553
61.655891,63559,63.554,2458,4955.039707,4.955039707,4738.964902,0.045595359
61.707806,63609,63.604,2449,4909.902795,4.909902795,4738.964902,0.036070724
61.755915,63659,63.654,2454,4934.917733,4.934917733,4738.964902,0.041349289
61.807683,63709,63.704,2463,4980.330882,4.980330882,4738.964902,0.050932215
61.855827,63759,63.754,2480,5067.49226,5.06749226,4738.964902,0.069324708
61.90586,63809,63.804,2459,4960.085575,4.960085575,4738.964902,0.04666012
61.955898,63859,63.854,2462,4975.260257,4.975260257,4738.964902,0.049862229
62.005929,63909,63.904,2469,5010.885609,5.010885609,4738.964902,0.057379768
62.063503,63959,63.954,2460,4965.137615,4.965137615,4738.964902,0.047726184
62.105963,64009,64.004,2455,4939.939024,4.939939024,4738.964902,0.042408865
62.157561,64059,64.054,2452,4924.893488,4.924893488,4738.964902,0.039234008
62.205942,64109,64.104,2444,4885.03937,4.88503937,4738.964902,0.03082413
62.255875,64159,64.154,2465,4990.490798,4.990490798,4738.964902,0.053076125
62.31276,64209,64.204,2466,4995.58011,4.99558011,4738.964902,0.054150055
62.355891,64259,64.254,2462,4975.260257,4.975260257,4738.964902,0.049862229
62.4072,64309,64.304,2447,4899.93932,4.89993932,4738.964902,0.033968266
62.455853,64359,64.354,2460,4965.137615,4.965137615,4738.964902,0.047726184
62.505856,64409,64.404,2458,4955.039707,4.955039707,4738.964902,0.045595359
62.555859,64459,64.454,2448,4904.918033,4.904918033,4738.964902,0.035018856
62.605889,64509,64.504,2460,4965.137615,4.965137615,4738.964902,0.047726184
62.665722,64559,64.554,2460,4965.137615,4.965137615,4738.964902,0.047726184
62.705847,64609,64.604,2478,5057.142857,5.057142857,4738.964902,0.067140813
62.755859,64659,64.654,2461,4970.195838,4.970195838,4738.964902,0.048793553
62.809355,64709,64.704,2471,5021.12069,5.02112069,4738.964902,0.059539539
62.855844,64759,64.754,2468,5005.777505,5.005777505,4738.964902,0.056301874
62.905849,64809,64.804,2480,5067.49226,5.06749226,4738.964902,0.069324708
62.958247,64859,64.854,2468,5005.777505,5.005777505,4738.964902,0.056301874
63.005871,64909,64.904,2463,4980.330882,4.980330882,4738.964902,0.050932215
63.058238,64959,64.954,2467,5000.675676,5.000675676,4738.964902,0.055225303
63.105878,65009,65.004,2472,5026.247689,5.026247689,4738.964902,0.060621421
63.155893,65059,65.054,2463,4980.330882,4.980330882,4738.964902,0.050932215
63.205921,65109,65.104,2451,4919.890511,4.919890511,4738.964902,0.038178297
63.264653,65159,65.154,2459,4960.085575,4.960085575,4738.964902,0.04666012
63.305887,65209,65.204,2465,4990.490798,4.990490798,4738.964902,0.053076125
63.355902,65259,65.254,2457,4950.0,4.95,4738.964902,0.044531897
63.408634,65309,65.304,2459,4960.085575,4.960085575,4738.964902,0.04666012
63.455847,65359,65.354,2458,4955.039707,4.955039707,4738.964902,0.045595359
63.505907,65409,65.404,2457,4950.0,4.95,4738.964902,0.044531897
63.563205,65459,65.454,2476,5046.819024,5.046819024,4738.964902,0.064962313
63.605838,65509,65.504,2467,5000.675676,5.000675676,4738.964902,0.055225303
63.655884,65559,65.554,2460,4965.137615,4.965137615,4738.964902,0.047726184
63.705871,65609,65.604,2464,4985.407725,4.985407725,4738.964902,0.052003513
63.755875,65659,65.654,2462,4975.260257,4.975260257,4738.964902,0.049862229
63.805841,65709,65.704,2456,4944.966443,4.944966443,4738.964902,0.043469733
63.867187,65759,65.754,2469,5010.885609,5.010885609,4738.964902,0.057379768
63.905855,65809,65.804,2451,4919.890511,4.919890511,4738.964902,0.038178297
63.958243,65859,65.854,2458,4955.039707,4.955039707,4738.964902,0.045595359
64.005829,65909,65.904,2459,4960.085575,4.960085575,4738.964902,0.04666012
64.055844,65959,65.954,2459,4960.085575,4.960085575,4738.964902,0.04666012
64.109549,66009,66.004,2454,4934.917733,4.934917733,4738.964902,0.041349289
64.155847,66059,66.054,2459,4960.085575,4.960085575,4738.964902,0.04666012
64.205873,66109,66.104,2458,4955.039707,4.955039707,4738.964902,0.045595359
64.255857,66159,66.154,2456,4944.966443,4.944966443,4738.964902,0.043469733
64.305888,66209,66.204,2462,4975.260257,4.975260257,4738.964902,0.049862229
64.365927,66259,66.254,2449,4909.902795,4.909902795,4738.964902,0.036070724
64.405838,66309,66.304,2443,4880.084746,4.880084746,4738.964902,0.029778622
64.45593,66359,66.354,2453,4929.902558,4.929902558,4738.964902,0.040291004
64.508907,66409,66.404,2474,5036.520666,5.036520666,4738.964902,0.062789189
64.555818,66459,66.454,2469,5010.885609,5.010885609,4738.964902,0.057379768
64.605869,66509,66.504,2501,5177.728984,5.177728984,4738.964902,0.092586481
64.659927,66559,66.554,2475,5041.666667,5.041666667,4738.964902,0.063875081
64.705879,66609,66.604,2472,5026.247689,5.026247689,4738.964902,0.060621421
64.755916,66659,66.654,2468,5005.777505,5.005777505,4738.964902,0.056301874
64.805881,66709,66.704,2467,5000.675676,5.000675676,4738.964902,0.055225303
64.85585,66759,66.754,2456,4944.966443,4.944966443,4738.964902,0.043469733
64.905896,66809,66.804,2458,4955.039707,4.955039707,4738.964902,0.045595359
64.969078,66859,66.854,2464,4985.407725,4.985407725,4738.964902,0.052003513
65.005841,66909,66.904,2465,4990.490798,4.990490798,4738.964902,0.053076125
65.055854,66959,66.954,2453,4929.902558,4.929902558,4738.964902,0.040291004
65.109097,67009,67.004,2451,4919.890511,4.919890511,4738.964902,0.038178297
65.155843,67059,67.054,2460,4965.137615,4.965137615,4738.964902,0.047726184
65.205924,67109,67.104,2445,4890.0,4.89,4738.964902,0.031870905
65.255837,67159,67.154,2477,5051.97775,5.05197775,4738.964902,0.06605089
65.305857,67209,67.204,2459,4960.085575,4.960085575,4738.964902,0.04666012
65.355823,67259,67.254,2468,5005.777505,5.005777505,4738.964902,0.056301874
65.417519,67309,67.304,2463,4980.330882,4.980330882,4738.964902,0.050932215
65.455876,67359,67.354,2468,5005.777505,5.005777505,4738.964902,0.056301874
65.508763,67409,67.404,2457,4950.0,4.95,4738.964902,0.044531897
65.555828,67459,67.454,2456,4944.966443,4.944966443,4738.964902,0.043469733
65.605891,67509,67.504,2452,4924.893488,4.924893488,4738.964902,0.039234008
65.659858,67559,67.554,2468,5005.777505,5.005777505,4738.964902,0.056301874
65.706075,67609,67.604,2462,4975.260257,4.975260257,4738.964902,0.049862229
65.759345,67659,67.654,2451,4919.890511,4.919890511,4738.964902,0.038178297
65.805848,67709,67.704,2449,4909.902795,4.909902795,4738.964902,0.036070724
65.855894,67759,67.754,2455,4939.939024,4.939939024,4738.964902,0.042408865
65.905862,67809,67.804,2457,4950.0,4.95,4738.964902,0.044531897
65.955847,67859,67.854,2453,4929.902558,4.929902558,4738.964902,0.040291004
66.016699,67909,67.904,2452,4924.893488,4.924893488,4738.964902,0.039234008
66.055871,67959,67.954,2446,4894.966646,4.894966646,4738.964902,0.032918949
66.105878,68009,68.004,2441,4870.19347,4.87019347,4738.964902,0.027691399
66.159695,68059,68.054,2451,4919.890511,4.919890511,4738.964902,0.038178297
66.205859,68109,68.104,2478,5057.142857,5.057142857,4738.964902,0.067140813
66.255867,68159,68.154,2464,4985.407725,4.985407725,4738.964902,0.052003513
66.310625,68209,68.204,2473,5031.381011,5.031381011,4738.964902,0.061704637
66.355847,68259,68.254,2470,5016.0,5.016,4738.964902,0.058458989
66.405858,68309,68.304,2478,5057.142857,5.057142857,4738.964902,0.067140813
66.455901,68359,68.354,2470,5016.0,5.016,4738.964902,0.058458989
66.505859,68409,68.404,2464,4985.407725,4.985407725,4738.964902,0.052003513
66.566243,68459,68.454,2477,5051.97775,5.05197775,4738.964902,0.06605089
66.605861,68509,68.504,2451,4919.890511,4.919890511,4738.964902,0.038178297
66.655849,68559,68.554,2460,4965.137615,4.965137615,4738.964902,0.047726184
66.709448,68609,68.604,2479,5062.314356,5.062314356,4738.964902,0.068232085
66.755843,68659,68.654,2461,4970.195838,4.970195838,4738.964902,0.048793553
66.805838,68709,68.704,2474,5036.520666,5.036520666,4738.964902,0.062789189
66.859978,68759,68.754,2473,5031.381011,5.031381011,4738.964902,0.061704637
66.905881,68809,68.804,2456,4944.966443,4.944966443,4738.964902,0.043469733
66.955871,68859,68.854,2462,4975.260257,4.975260257,4738.964902,0.049862229
67.005858,68909,68.904,2472,5026.247689,5.026247689,4738.964902,0.060621421
67.055871,68959,68.954,2467,5000.675676,5.000675676,4738.964902,0.055225303
67.110737,69009,69.004,2463,4980.330882,4.980330882,4738.964902,0.050932215
67.155875,69059,69.054,2465,4990.490798,4.990490798,4738.964902,0.053076125
67.205852,69109,69.104,2464,4985.407725,4.985407725,4738.964902,0.052003513
67.267698,69159,69.154,2462,4975.260257,4.975260257,4738.964902,0.049862229
67.305846,69209,69.204,2473,5031.381011,5.031381011,4738.964902,0.061704637
67.358801,69259,69.254,2452,4924.893488,4.924893488,4738.964902,0.039234008
67.405823,69309,69.304,2498,5161.803381,5.161803381,4738.964902,0.089225915
67.45587,69359,69.354,2457,4950.0,4.95,4738.964902,0.044531897
67.505879,69409,69.404,2481,5072.67658,5.07267658,4738.964902,0.070418685
67.555828,69459,69.454,2456,4944.966443,4.944966443,4738.964902,0.043469733
67.605855,69509,69.504,2454,4934.917733,4.934917733,4738.964902,0.041349289
67.661959,69559,69.554,2459,4960.085575,4.960085575,4738.964902,0.04666012
67.705851,69609,69.604,2457,4950.0,4.95,4738.964902,0.044531897
67.767047,69659,69.654,2456,4944.966443,4.944966443,4738.964902,0.043469733
67.80585,69709,69.704,2454,4934.917733,4.934917733,4738.964902,0.041349289
67.855861,69759,69.754,2455,4939.939024,4.939939024,4738.964902,0.042408865
67.91021,69809,69.804,2461,4970.195838,4.970195838,4738.964902,0.048793553
67.955822,69859,69.854,2470,5016.0,5.016,4738.964902,0.058458989
68.009814,69909,69.904,2464,4985.407725,4.985407725,4738.964902,0.052003513
68.055874,69959,69.954,2483,5083.064516,5.083064516,4738.964902,0.072610712
68.105836,70009,70.004,2487,5103.91791,5.10391791,4738.964902,0.077011123
68.155862,70059,70.054,2459,4960.085575,4.960085575,4738.964902,0.04666012
68.20581,70109,70.104,2465,4990.490798,4.990490798,4738.964902,0.053076125
68.255839,70159,70.154,2464,4985.407725,4.985407725,4738.964902,0.052003513
68.319431,70209,70.204,2455,4939.939024,4.939939024,4738.964902,0.042408865
68.355831,70259,70.254,2462,4975.260257,4.975260257,4738.964902,0.049862229
68.405867,70309,70.304,2463,4980.330882,4.980330882,4738.964902,0.050932215
68.460841,70359,70.354,2460,4965.137615,4.965137615,4738.964902,0.047726184
68.505825,70409,70.404,2452,4924.893488,4.924893488,4738.964902,0.039234008
68.555854,70459,70.454,2450,4914.893617,4.914893617,4738.964902,0.03712387
68.605853,70509,70.504,2464,4985.407725,4.985407725,4738.964902,0.052003513
68.655812,70559,70.554,2462,4975.260257,4.975260257,4738.964902,0.049862229
68.705857,70609,70.604,2443,4880.084746,4.880084746,4738.964902,0.029778622
68.769375,70659,70.654,2468,5005.777505,5.005777505,4738.964902,0.056301874
68.805895,70709,70.704,2467,5000.675676,5.000675676,4738.964902,0.055225303
68.860317,70759,70.754,2464,4985.407725,4.985407725,4738.964902,0.052003513
68.905805,70809,70.804,2463,4980.330882,4.980330882,4738.964902,0.050932215
68.955834,70859,70.854,2459,4960.085575,4.960085575,4738.964902,0.04666012
69.012491,70909,70.904,2460,4965.137615,4.965137615,4738.964902,0.047726184
69.055791,70959,70.954,2485,5093.478261,5.093478261,4738.964902,0.074808184
69.105863,71009,71.004,2459,4960.085575,4.960085575,4738.964902,0.04666012
69.155839,71059,71.054,2448,4904.918033,4.904918033,4738.964902,0.035018856
69.205811,71109,71.104,2450,4914.893617,4.914893617,4738.964902,0.03712387
69.25584,71159,71.154,2448,4904.918033,4.904918033,4738.964902,0.035018856
69.319063,71209,71.204,2448,4904.918033,4.904918033,4738.964902,0.035018856
69.355831,71259,71.254,2450,4914.893617,4.914893617,4738.964902,0.03712387
69.405832,71309,71.304,2448,4904.918033,4.904918033,4738.964902,0.035018856
69.461183,71359,71.354,2442,4875.136116,4.875136116,4738.964902,0.028734379
69.505816,71409,71.404,2453,4929.902558,4.929902558,4738.964902,0.040291004
69.555833,71459,71.454,2436,4845.56962,4.84556962,4738.964902,0.022495359
69.61194,71509,71.504,2450,4914.893617,4.914893617,4738.964902,0.03712387
69.655825,71559,71.554,2460,4965.137615,4.965137615,4738.964902,0.047726184
69.705865,71609,71.604,2453,4929.902558,4.929902558,4738.964902,0.040291004
69.755858,71659,71.654,2486,5098.694842,5.098694842,4738.964902,0.075908969
69.817614,71709,71.704,2474,5036.520666,5.036520666,4738.964902,0.062789189
69.855834,71759,71.754,2469,5010.885609,5.010885609,4738.964902,0.057379768
69.90583,71809,71.804,2461,4970.195838,4.970195838,4738.964902,0.048793553
69.96111,71859,71.854,2454,4934.917733,4.934917733,4738.964902,0.041349289
70.005815,71909,71.904,2461,4970.195838,4.970195838,4738.964902,0.048793553
70.055868,71959,71.954,2448,4904.918033,4.904918033,4738.964902,0.035018856
70.111668,72009,72.004,2472,5026.247689,5.026247689,4738.964902,0.060621421
70.155808,72059,72.054,2458,4955.039707,4.955039707,4738.964902,0.045595359
70.205805,72109,72.104,2453,4929.902558,4.929902558,4738.964902,0.040291004
70.255832,72159,72.154,2449,4909.902795,4.909902795,4738.964902,0.036070724
70.305837,72209,72.204,2474,5036.520666,5.036520666,4738.964902,0.062789189
70.36766,72259,72.254,2449,4909.902795,4.909902795,4738.964902,0.036070724
70.405801,72309,72.304,2468,5005.777505,5.005777505,4738.964902,0.056301874
70.455793,72359,72.354,2473,5031.381011,5.031381011,4738.964902,0.061704637
70.51208,72409,72.404,2466,4995.58011,4.99558011,4738.964902,0.054150055
70.55584,72459,72.454,2480,5067.49226,5.06749226,4738.964902,0.069324708
70.611572,72509,72.504,2473,5031.381011,5.031381011,4738.964902,0.061704637
70.655803,72559,72.554,2460,4965.137615,4.965137615,4738.964902,0.047726184
70.705801,72609,72.604,2459,4960.085575,4.960085575,4738.964902,0.04666012
70.762543,72659,72.654,2459,4960.085575,4.960085575,4738.964902,0.04666012
70.805864,72709,72.704,2457,4950.0,4.95,4738.964902,0.044531897
70.855851,72759,72.754,2455,4939.939024,4.939939024,4738.964902,0.042408865
70.905807,72809,72.804,2446,4894.966646,4.894966646,4738.964902,0.032918949
70.955884,72859,72.854,2451,4919.890511,4.919890511,4738.964902,0.038178297
71.020981,72909,72.904,2464,4985.407725,4.985407725,4738.964902,0.052003513
71.055844,72959,72.954,2454,4934.917733,4.934917733,4738.964902,0.041349289
71.105839,73009,73.004,2450,4914.893617,4.914893617,4738.964902,0.03712387
71.161799,73059,73.054,2449,4909.902795,4.909902795,4738.964902,0.036070724
71.205816,73109,73.104,2448,4904.918033,4.904918033,4738.964902,0.035018856
71.255801,73159,73.154,2448,4904.918033,4.904918033,4738.964902,0.035018856
71.312027,73209,73.204,2451,4919.890511,4.919890511,4738.964902,0.038178297
71.355855,73259,73.254,2452,4924.893488,4.924893488,4738.964902,0.039234008
71.405812,73309,73.304,2476,5046.819024,5.046819024,4738.964902,0.064962313
71.455789,73359,73.354,2490,5119.626168,5.119626168,4738.964902,0.080325825
71.505835,73409,73.404,2478,5057.142857,5.057142857,4738.964902,0.067140813
71.570503,73459,73.454,2469,5010.885609,5.010885609,4738.964902,0.057379768
71.605774,73509,73.504,2459,4960.085575,4.960085575,4738.964902,0.04666012
71.655817,73559,73.554,2462,4975.260257,4.975260257,4738.964902,0.049862229
71.712701,73609,73.604,2459,4960.085575,4.960085575,4738.964902,0.04666012
71.755828,73659,73.654,2449,4909.902795,4.909902795,4738.964902,0.036070724
71.805802,73709,73.704,2448,4904.918033,4.904918033,4738.964902,0.035018856
71.862526,73759,73.754,2471,5021.12069,5.02112069,4738.964902,0.059539539
71.90582,73809,73.804,2459,4960.085575,4.960085575,4738.964902,0.04666012
71.955828,73859,73.854,2464,4985.407725,4.985407725,4738.964902,0.052003513
72.005858,73909,73.904,2466,4995.58011,4.99558011,4738.964902,0.054150055
72.075112,73959,73.954,2463,4980.330882,4.980330882,4738.964902,0.050932215
72.105836,74009,74.004,2461,4970.195838,4.970195838,4738.964902,0.048793553
72.155819,74059,74.054,2457,4950.0,4.95,4738.964902,0.044531897
72.21211,74109,74.104,2465,4990.490798,4.990490798,4738.964902,0.053076125
72.255801,74159,74.154,2466,4995.58011,4.99558011,4738.964902,0.054150055
72.30589,74209,74.204,2458,4955.039707,4.955039707,4738.964902,0.045595359
72.355813,74259,74.254,2456,4944.966443,4.944966443,4738.964902,0.043469733
72.405848,74309,74.304,2446,4894.966646,4.894966646,4738.964902,0.032918949
72.455818,74359,74.354,2456,4944.966443,4.944966443,4738.964902,0.043469733
72.513331,74409,74.404,2448,4904.918033,4.904918033,4738.964902,0.035018856
72.555825,74459,74.454,2446,4894.966646,4.894966646,4738.964902,0.032918949
72.619541,74509,74.504,2449,4909.902795,4.909902795,4738.964902,0.036070724
72.65579,74559,74.554,2438,4855.401328,4.855401328,4738.964902,0.024570012
72.705782,74609,74.604,2446,4894.966646,4.894966646,4738.964902,0.032918949
72.762812,74659,74.654,2449,4909.902795,4.909902795,4738.964902,0.036070724
72.805833,74709,74.704,2472,5026.247689,5.026247689,4738.964902,0.060621421
72.855834,74759,74.754,2446,4894.966646,4.894966646,4738.964902,0.032918949
72.905835,74809,74.804,2448,4904.918033,4.904918033,4738.964902,0.035018856
72.955837,74859,74.854,2452,4924.893488,4.924893488,4738.964902,0.039234008
73.023231,74909,74.904,2449,4909.902795,4.909902795,4738.964902,0.036070724
73.055799,74959,74.954,2459,4960.085575,4.960085575,4738.964902,0.04666012
73.105855,75009,75.004,2472,5026.247689,5.026247689,4738.964902,0.060621421
73.155826,75059,75.054,2477,5051.97775,5.05197775,4738.964902,0.06605089
73.20581,75109,75.104,2471,5021.12069,5.02112069,4738.964902,0.059539539
73.255784,75159,75.154,2460,4965.137615,4.965137615,4738.964902,0.047726184
73.321722,75209,75.204,2466,4995.58011,4.99558011,4738.964902,0.054150055
73.355785,75259,75.254,2460,4965.137615,4.965137615,4738.964902,0.047726184
73.405825,75309,75.304,2456,4944.966443,4.944966443,4738.964902,0.043469733
73.46317,75359,75.354,2447,4899.93932,4.89993932,4738.964902,0.033968266
73.50581,75409,75.404,2457,4950.0,4.95,4738.964902,0.044531897
73.555848,75459,75.454,2455,4939.939024,4.939939024,4738.964902,0.042408865
73.606551,75509,75.504,2440,4865.256798,4.865256798,4738.964902,0.026649679
73.655807,75559,75.554,2461,4970.195838,4.970195838,4738.964902,0.048793553
73.705787,75609,75.604,2443,4880.084746,4.880084746,4738.964902,0.029778622
73.771058,75659,75.654,2447,4899.93932,4.89993932,4738.964902,0.033968266
73.805801,75709,75.704,2462,4975.260257,4.975260257,4738.964902,0.049862229
73.862122,75759,75.754,2456,4944.966443,4.944966443,4738.964902,0.043469733
73.905781,75809,75.804,2472,5026.247689,5.026247689,4738.964902,0.060621421
73.95582,75859,75.854,2466,4995.58011,4.99558011,4738.964902,0.054150055
74.014596,75909,75.904,2464,4985.407725,4.985407725,4738.964902,0.052003513
74.055766,75959,75.954,2437,4850.482509,4.850482509,4738.964902,0.02353206
74.105791,76009,76.004,2455,4939.939024,4.939939024,4738.964902,0.042408865
74.156295,76059,76.054,2426,4796.76453,4.79676453,4738.964902,0.012196678
74.205785,76109,76.104,2418,4758.139535,4.758139535,4738.964902,0.004046165
74.255808,76159,76.154,2439,4860.326087,4.860326087,4738.964902,0.025609218
74.320695,76209,76.204,2446,4894.966646,4.894966646,4738.964902,0.032918949
74.355799,76259,76.254,2433,4830.866426,4.830866426,4738.964902,0.019392742
74.405802,76309,76.304,2445,4890.0,4.89,4738.964902,0.031870905
74.463002,76359,76.354,2440,4865.256798,4.865256798,4738.964902,0.026649679
74.505794,76409,76.404,2443,4880.084746,4.880084746,4738.964902,0.029778622
74.562518,76459,76.454,2442,4875.136116,4.875136116,4738.964902,0.028734379
74.605782,76509,76.504,2443,4880.084746,4.880084746,4738.964902,0.029778622
74.655779,76559,76.554,2443,4880.084746,4.880084746,4738.964902,0.029778622
74.706844,76609,76.604,2445,4890.0,4.89,4738.964902,0.031870905
74.755792,76659,76.654,2459,4960.085575,4.960085575,4738.964902,0.04666012
74.819046,76709,76.704,2448,4904.918033,4.904918033,4738.964902,0.035018856
74.8558,76759,76.754,2461,4970.195838,4.970195838,4738.964902,0.048793553
74.912541,76809,76.804,2466,4995.58011,4.99558011,4738.964902,0.054150055
74.955786,76859,76.854,2462,4975.260257,4.975260257,4738.964902,0.049862229
75.013487,76909,76.904,2457,4950.0,4.95,4738.964902,0.044531897
75.055811,76959,76.954,2457,4950.0,4.95,4738.964902,0.044531897
75.1058,77009,77.004,2458,4955.039707,4.955039707,4738.964902,0.045595359
75.163758,77059,77.054,2455,4939.939024,4.939939024,4738.964902,0.042408865
75.205832,77109,77.104,2453,4929.902558,4.929902558,4738.964902,0.040291004
75.255827,77159,77.154,2458,4955.039707,4.955039707,4738.964902,0.045595359
75.305828,77209,77.204,2454,4934.917733,4.934917733,4738.964902,0.041349289
75.355796,77259,77.254,2447,4899.93932,4.89993932,4738.964902,0.033968266
75.42025,77309,77.304,2450,4914.893617,4.914893617,4738.964902,0.03712387
75.455778,77359,77.354,2456,4944.966443,4.944966443,4738.964902,0.043469733
75.505776,77409,77.404,2451,4919.890511,4.919890511,4738.964902,0.038178297
75.56308,77459,77.454,2448,4904.918033,4.904918033,4738.964902,0.035018856
75.605792,77509,77.504,2470,5016.0,5.016,4738.964902,0.058458989
75.66341,77559,77.554,2463,4980.330882,4.980330882,4738.964902,0.050932215
75.705781,77609,77.604,2470,5016.0,5.016,4738.964902,0.058458989
75.755785,77659,77.654,2474,5036.520666,5.036520666,4738.964902,0.062789189
75.806818,77709,77.704,2461,4970.195838,4.970195838,4738.964902,0.048793553
75.855802,77759,77.754,2476,5046.819024,5.046819024,4738.964902,0.064962313
75.912528,77809,77.804,2474,5036.520666,5.036520666,4738.964902,0.062789189
75.955811,77859,77.854,2443,4880.084746,4.880084746,4738.964902,0.029778622
76.023211,77909,77.904,2441,4870.19347,4.87019347,4738.964902,0.027691399
76.055818,77959,77.954,2446,4894.966646,4.894966646,4738.964902,0.032918949
76.105812,78009,78.004,2448,4904.918033,4.904918033,4738.964902,0.035018856
76.16354,78059,78.054,2447,4899.93932,4.89993932,4738.964902,0.033968266
76.205763,78109,78.104,2437,4850.482509,4.850482509,4738.964902,0.02353206
76.255795,78159,78.154,2427,4801.618705,4.801618705,4738.964902,0.013220989
76.314464,78209,78.204,2424,4787.073609,4.787073609,4738.964902,0.010151733
76.355746,78259,78.254,2447,4899.93932,4.89993932,4738.964902,0.033968266
76.405824,78309,78.304,2458,4955.039707,4.955039707,4738.964902,0.045595359
76.456457,78359,78.354,2434,4835.761589,4.835761589,4738.964902,0.020425703
76.505836,78409,78.404,2452,4924.893488,4.924893488,4738.964902,0.039234008
76.570499,78459,78.454,2465,4990.490798,4.990490798,4738.964902,0.053076125
76.605817,78509,78.504,2473,5031.381011,5.031381011,4738.964902,0.061704637
76.655807,78559,78.554,2469,5010.885609,5.010885609,4738.964902,0.057379768
76.713671,78609,78.604,2451,4919.890511,4.919890511,4738.964902,0.038178297
76.755769,78659,78.654,2462,4975.260257,4.975260257,4738.964902,0.049862229
76.805817,78709,78.704,2460,4965.137615,4.965137615,4738.964902,0.047726184
76.865295,78759,78.754,2461,4970.195838,4.970195838,4738.964902,0.048793553
76.905776,78809,78.804,2439,4860.326087,4.860326087,4738.964902,0.025609218
76.955782,78859,78.854,2453,4929.902558,4.929902558,4738.964902,0.040291004
77.007886,78909,78.904,2473,5031.381011,5.031381011,4738.964902,0.061704637
77.055767,78959,78.954,2452,4924.893488,4.924893488,4738.964902,0.039234008
77.105765,79009,79.004,2462,4975.260257,4.975260257,4738.964902,0.049862229
77.172569,79059,79.054,2458,4955.039707,4.955039707,4738.964902,0.045595359
77.205734,79109,79.104,2444,4885.03937,4.88503937,4738.964902,0.03082413
77.255829,79159,79.154,2457,4950.0,4.95,4738.964902,0.044531897
77.314402,79209,79.204,2465,4990.490798,4.990490798,4738.964902,0.053076125
77.355788,79259,79.254,2462,4975.260257,4.975260257,4738.964902,0.049862229
77.405809,79309,79.304,2471,5021.12069,5.02112069,4738.964902,0.059539539
77.457771,79359,79.354,2446,4894.966646,4.894966646,4738.964902,0.032918949
77.505805,79409,79.404,2453,4929.902558,4.929902558,4738.964902,0.040291004
77.571256,79459,79.454,2426,4796.76453,4.79676453,4738.964902,0.012196678
77.604827,79509,79.504,2436,4845.56962,4.84556962,4738.964902,0.022495359
77.655762,79559,79.554,2454,4934.917733,4.934917733,4738.964902,0.041349289
77.714873,79609,79.604,2432,4825.97715,4.82597715,4738.964902,0.018361024
77.755762,79659,79.654,2444,4885.03937,4.88503937,4738.964902,0.03082413
77.814799,79709,79.704,2441,4870.19347,4.87019347,4738.964902,0.027691399
77.855791,79759,79.754,2448,4904.918033,4.904918033,4738.964902,0.035018856
77.907267,79809,79.804,2436,4845.56962,4.84556962,4738.964902,0.022495359
77.955786,79859,79.854,2447,4899.93932,4.89993932,4738.964902,0.033968266
78.014192,79909,79.904,2440,4865.256798,4.865256798,4738.964902,0.026649679
78.054792,79959,79.954,2452,4924.893488,4.924893488,4738.964902,0.039234008
78.105778,80009,80.004,2449,4909.902795,4.909902795,4738.964902,0.036070724
78.166634,80059,80.054,2451,4919.890511,4.919890511,4738.964902,0.038178297
78.20581,80109,80.104,2462,4975.260257,4.975260257,4738.964902,0.049862229
78.272582,80159,80.154,2453,4929.902558,4.929902558,4738.964902,0.040291004
78.304779,80209,80.204,2465,4990.490798,4.990490798,4738.964902,0.053076125
78.355768,80259,80.254,2469,5010.885609,5.010885609,4738.964902,0.057379768
78.416044,80309,80.304,2465,4990.490798,4.990490798,4738.964902,0.053076125
78.455751,80359,80.354,2449,4909.902795,4.909902795,4738.964902,0.036070724
78.504824,80409,80.404,2451,4919.890511,4.919890511,4738.964902,0.038178297
78.557662,80459,80.454,2452,4924.893488,4.924893488,4738.964902,0.039234008
78.604786,80509,80.504,2450,4914.893617,4.914893617,4738.964902,0.03712387
78.654805,80559,80.554,2449,4909.902795,4.909902795,4738.964902,0.036070724
78.722198,80609,80.604,2461,4970.195838,4.970195838,4738.964902,0.048793553
78.754805,80659,80.654,2452,4924.893488,4.924893488,4738.964902,0.039234008
78.814446,80709,80.704,2436,4845.56962,4.84556962,4738.964902,0.022495359
78.854829,80759,80.754,2450,4914.893617,4.914893617,4738.964902,0.03712387
78.914472,80809,80.804,2450,4914.893617,4.914893617,4738.964902,0.03712387
78.954821,80859,80.854,2448,4904.918033,4.904918033,4738.964902,0.035018856
79.014728,80909,80.904,2440,4865.256798,4.865256798,4738.964902,0.026649679
79.055785,80959,80.954,2452,4924.893488,4.924893488,4738.964902,0.039234008
79.110474,81009,81.004,2458,4955.039707,4.955039707,4738.964902,0.045595359
79.154826,81059,81.054,2445,4890.0,4.89,4738.964902,0.031870905
79.204815,81109,81.104,2442,4875.136116,4.875136116,4738.964902,0.028734379
79.275064,81159,81.154,2468,5005.777505,5.005777505,4738.964902,0.056301874
79.304789,81209,81.204,2440,4865.256798,4.865256798,4738.964902,0.026649679
79.354848,81259,81.254,2446,4894.966646,4.894966646,4738.964902,0.032918949
79.417259,81309,81.304,2436,4845.56962,4.84556962,4738.964902,0.022495359
79.455774,81359,81.354,2437,4850.482509,4.850482509,4738.964902,0.02353206
79.517684,81409,81.404,2428,4806.478704,4.806478704,4738.964902,0.014246529
79.55479,81459,81.454,2435,4840.662651,4.840662651,4738.964902,0.021459908
79.604777,81509,81.504,2450,4914.893617,4.914893617,4738.964902,0.03712387
79.660508,81559,81.554,2441,4870.19347,4.87019347,4738.964902,0.027691399
79.704818,81609,81.604,2435,4840.662651,4.840662651,4738.964902,0.021459908
79.774627,81659,81.654,2438,4855.401328,4.855401328,4738.964902,0.024570012
79.804765,81709,81.704,2443,4880.084746,4.880084746,4738.964902,0.029778622
79.854786,81759,81.754,2442,4875.136116,4.875136116,4738.964902,0.028734379
79.918182,81809,81.804,2451,4919.890511,4.919890511,4738.964902,0.038178297
79.954772,81859,81.854,2445,4890.0,4.89,4738.964902,0.031870905
80.016862,81909,81.904,2466,4995.58011,4.99558011,4738.964902,0.054150055
80.054749,81959,81.954,2460,4965.137615,4.965137615,4738.964902,0.047726184
80.104746,82009,82.004,2466,4995.58011,4.99558011,4738.964902,0.054150055
80.160235,82059,82.054,2460,4965.137615,4.965137615,4738.964902,0.047726184
80.204776,82109,82.104,2459,4960.085575,4.960085575,4738.964902,0.04666012
80.274244,82159,82.154,2445,4890.0,4.89,4738.964902,0.031870905
80.304742,82209,82.204,2447,4899.93932,4.89993932,4738.964902,0.033968266
80.354763,82259,82.254,2447,4899.93932,4.89993932,4738.964902,0.033968266
80.416566,82309,82.304,2443,4880.084746,4.880084746,4738.964902,0.029778622
80.454764,82359,82.354,2452,4924.893488,4.924893488,4738.964902,0.039234008
80.51662,82409,82.404,2455,4939.939024,4.939939024,4738.964902,0.042408865
80.554765,82459,82.454,2451,4919.890511,4.919890511,4738.964902,0.038178297
80.604856,82509,82.504,2451,4919.890511,4.919890511,4738.964902,0.038178297
80.668203,82559,82.554,2446,4894.966646,4.894966646,4738.964902,0.032918949
80.704767,82609,82.604,2442,4875.136116,4.875136116,4738.964902,0.028734379
80.754796,82659,82.654,2450,4914.893617,4.914893617,4738.964902,0.03712387
80.810257,82709,82.704,2466,4995.58011,4.99558011,4738.964902,0.054150055
80.854769,82759,82.754,2445,4890.0,4.89,4738.964902,0.031870905
80.904802,82809,82.804,2446,4894.966646,4.894966646,4738.964902,0.032918949
80.975391,82859,82.854,2462,4975.260257,4.975260257,4738.964902,0.049862229
81.004776,82909,82.904,2451,4919.890511,4.919890511,4738.964902,0.038178297
81.054747,82959,82.954,2440,4865.256798,4.865256798,4738.964902,0.026649679
81.11729,83009,83.004,2434,4835.761589,4.835761589,4738.964902,0.020425703
81.154754,83059,83.054,2441,4870.19347,4.87019347,4738.964902,0.027691399
81.204775,83109,83.104,2450,4914.893617,4.914893617,4738.964902,0.03712387
81.260281,83159,83.154,2434,4835.761589,4.835761589,4738.964902,0.020425703
81.30478,83209,83.204,2447,4899.93932,4.89993932,4738.964902,0.033968266
81.373079,83259,83.254,2446,4894.966646,4.894966646,4738.964902,0.032918949
81.404747,83309,83.304,2461,4970.195838,4.970195838,4738.964902,0.048793553
81.454794,83359,83.354,2454,4934.917733,4.934917733,4738.964902,0.041349289
81.517456,83409,83.404,2436,4845.56962,4.84556962,4738.964902,0.022495359
81.554798,83459,83.454,2449,4909.902795,4.909902795,4738.964902,0.036070724
81.617538,83509,83.504,2447,4899.93932,4.89993932,4738.964902,0.033968266
81.654791,83559,83.554,2468,5005.777505,5.005777505,4738.964902,0.056301874
81.704798,83609,83.604,2458,4955.039707,4.955039707,4738.964902,0.045595359
81.767806,83659,83.654,2466,4995.58011,4.99558011,4738.964902,0.054150055
81.80478,83709,83.704,2463,4980.330882,4.980330882,4738.964902,0.050932215
81.854751,83759,83.754,2456,4944.966443,4.944966443,4738.964902,0.043469733
81.910646,83809,83.804,2452,4924.893488,4.924893488,4738.964902,0.039234008
81.954726,83859,83.854,2462,4975.260257,4.975260257,4738.964902,0.049862229
82.02526,83909,83.904,2443,4880.084746,4.880084746,4738.964902,0.029778622
82.054745,83959,83.954,2439,4860.326087,4.860326087,4738.964902,0.025609218
82.104742,84009,84.004,2457,4950.0,4.95,4738.964902,0.044531897
82.168119,84059,84.054,2446,4894.966646,4.894966646,4738.964902,0.032918949
82.204732,84109,84.104,2448,4904.918033,4.904918033,4738.964902,0.035018856
82.254756,84159,84.154,2449,4909.902795,4.909902795,4738.964902,0.036070724
82.317633,84209,84.204,2452,4924.893488,4.924893488,4738.964902,0.039234008
82.354751,84259,84.254,2443,4880.084746,4.880084746,4738.964902,0.029778622
82.40476,84309,84.304,2450,4914.893617,4.914893617,4738.964902,0.03712387
82.460526,84359,84.354,2458,4955.039707,4.955039707,4738.964902,0.045595359
82.504743,84409,84.404,2453,4929.902558,4.929902558,4738.964902,0.040291004
82.554773,84459,84.454,2475,5041.666667,5.041666667,4738.964902,0.063875081
82.619049,84509,84.504,2442,4875.136116,4.875136116,4738.964902,0.028734379
82.654774,84559,84.554,2451,4919.890511,4.919890511,4738.964902,0.038178297
82.704741,84609,84.604,2456,4944.966443,4.944966443,4738.964902,0.043469733
82.775424,84659,84.654,2436,4845.56962,4.84556962,4738.964902,0.022495359
82.804759,84709,84.704,2445,4890.0,4.89,4738.964902,0.031870905
82.879607,84759,84.754,2435,4840.662651,4.840662651,4738.964902,0.021459908
82.904737,84809,84.804,2457,4950.0,4.95,4738.964902,0.044531897
82.954784,84859,84.854,2432,4825.97715,4.82597715,4738.964902,0.018361024
83.023912,84909,84.904,2437,4850.482509,4.850482509,4738.964902,0.02353206
83.054732,84959,84.954,2450,4914.893617,4.914893617,4738.964902,0.03712387
83.10474,85009,85.004,2432,4825.97715,4.82597715,4738.964902,0.018361024
83.181267,85059,85.054,2442,4875.136116,4.875136116,4738.964902,0.028734379
83.204751,85109,85.104,2427,4801.618705,4.801618705,4738.964902,0.013220989
83.266991,85159,85.154,2430,4816.216216,4.816216216,4738.964902,0.016301305
83.304758,85209,85.204,2431,4821.09375,4.82109375,4738.964902,0.017330546
83.354805,85259,85.254,2448,4904.918033,4.904918033,4738.964902,0.035018856
83.41788,85309,85.304,2446,4894.966646,4.894966646,4738.964902,0.032918949
83.454728,85359,85.354,2466,4995.58011,4.99558011,4738.964902,0.054150055
83.504723,85409,85.404,2468,5005.777505,5.005777505,4738.964902,0.056301874
83.560932,85459,85.454,2450,4914.893617,4.914893617,4738.964902,0.03712387
83.604752,85509,85.504,2464,4985.407725,4.985407725,4738.964902,0.052003513
83.67854,85559,85.554,2457,4950.0,4.95,4738.964902,0.044531897
83.704759,85609,85.604,2466,4995.58011,4.99558011,4738.964902,0.054150055
83.767706,85659,85.654,2441,4870.19347,4.87019347,4738.964902,0.027691399
83.804805,85709,85.704,2442,4875.136116,4.875136116,4738.964902,0.028734379
83.867234,85759,85.754,2422,4777.405858,4.777405858,4738.964902,0.008111678
83.904765,85809,85.804,2440,4865.256798,4.865256798,4738.964902,0.026649679
83.954775,85859,85.854,2441,4870.19347,4.87019347,4738.964902,0.027691399
84.011953,85909,85.904,2444,4885.03937,4.88503937,4738.964902,0.03082413
84.054767,85959,85.954,2445,4890.0,4.89,4738.964902,0.031870905
84.104715,86009,86.004,2449,4909.902795,4.909902795,4738.964902,0.036070724
84.176187,86059,86.054,2458,4955.039707,4.955039707,4738.964902,0.045595359
84.204765,86109,86.104,2450,4914.893617,4.914893617,4738.964902,0.03712387
84.266909,86159,86.154,2453,4929.902558,4.929902558,4738.964902,0.040291004
84.304789,86209,86.204,2455,4939.939024,4.939939024,4738.964902,0.042408865
84.367131,86259,86.254,2450,4914.893617,4.914893617,4738.964902,0.03712387
84.404775,86309,86.304,2451,4919.890511,4.919890511,4738.964902,0.038178297
84.454794,86359,86.354,2433,4830.866426,4.830866426,4738.964902,0.019392742
84.518739,86409,86.404,2436,4845.56962,4.84556962,4738.964902,0.022495359
84.554744,86459,86.454,2426,4796.76453,4.79676453,4738.964902,0.012196678
84.604761,86509,86.504,2426,4796.76453,4.79676453,4738.964902,0.012196678
84.661612,86559,86.554,2427,4801.618705,4.801618705,4738.964902,0.013220989
84.704785,86609,86.604,2437,4850.482509,4.850482509,4738.964902,0.02353206
84.775091,86659,86.654,2430,4816.216216,4.816216216,4738.964902,0.016301305
84.804772,86709,86.704,2441,4870.19347,4.87019347,4738.964902,0.027691399
84.854775,86759,86.754,2428,4806.478704,4.806478704,4738.964902,0.014246529
84.918303,86809,86.804,2432,4825.97715,4.82597715,4738.964902,0.018361024
84.954754,86859,86.854,2430,4816.216216,4.816216216,4738.964902,0.016301305
85.018549,86909,86.904,2437,4850.482509,4.850482509,4738.964902,0.02353206
85.05474,86959,86.954,2442,4875.136116,4.875136116,4738.964902,0.028734379
85.104744,87009,87.004,2446,4894.966646,4.894966646,4738.964902,0.032918949
85.161536,87059,87.054,2461,4970.195838,4.970195838,4738.964902,0.048793553
85.204749,87109,87.104,2460,4965.137615,4.965137615,4738.964902,0.047726184
85.254765,87159,87.154,2450,4914.893617,4.914893617,4738.964902,0.03712387
85.325786,87209,87.204,2466,4995.58011,4.99558011,4738.964902,0.054150055
85.35472,87259,87.254,2464,4985.407725,4.985407725,4738.964902,0.052003513
85.404754,87309,87.304,2453,4929.902558,4.929902558,4738.964902,0.040291004
85.46809,87359,87.354,2449,4909.902795,4.909902795,4738.964902,0.036070724
85.504766,87409,87.404,2442,4875.136116,4.875136116,4738.964902,0.028734379
85.568599,87459,87.454,2443,4880.084746,4.880084746,4738.964902,0.029778622
85.604743,87509,87.504,2434,4835.761589,4.835761589,4738.964902,0.020425703
85.654759,87559,87.554,2435,4840.662651,4.840662651,4738.964902,0.021459908
85.711907,87609,87.604,2450,4914.893617,4.914893617,4738.964902,0.03712387
85.754784,87659,87.654,2441,4870.19347,4.87019347,4738.964902,0.027691399
85.824876,87709,87.704,2448,4904.918033,4.904918033,4738.964902,0.035018856
85.85473,87759,87.754,2443,4880.084746,4.880084746,4738.964902,0.029778622
85.904706,87809,87.804,2458,4955.039707,4.955039707,4738.964902,0.045595359
85.968004,87859,87.854,2451,4919.890511,4.919890511,4738.964902,0.038178297
86.004739,87909,87.904,2441,4870.19347,4.87019347,4738.964902,0.027691399
86.068552,87959,87.954,2444,4885.03937,4.88503937,4738.964902,0.03082413
86.10475,88009,88.004,2445,4890.0,4.89,4738.964902,0.031870905
86.168458,88059,88.054,2448,4904.918033,4.904918033,4738.964902,0.035018856
86.204737,88109,88.104,2440,4865.256798,4.865256798,4738.964902,0.026649679
86.254783,88159,88.154,2439,4860.326087,4.860326087,4738.964902,0.025609218
86.311748,88209,88.204,2437,4850.482509,4.850482509,4738.964902,0.02353206
86.354724,88259,88.254,2453,4929.902558,4.929902558,4738.964902,0.040291004
86.404778,88309,88.304,2425,4791.916168,4.791916168,4738.964902,0.011173593
86.475603,88359,88.354,2442,4875.136116,4.875136116,4738.964902,0.028734379
86.50471,88409,88.404,2430,4816.216216,4.816216216,4738.964902,0.016301305
86.554714,88459,88.454,2433,4830.866426,4.830866426,4738.964902,0.019392742
86.618776,88509,88.504,2444,4885.03937,4.88503937,4738.964902,0.03082413
86.654728,88559,88.554,2431,4821.09375,4.82109375,4738.964902,0.017330546
86.718029,88609,88.604,2430,4816.216216,4.816216216,4738.964902,0.016301305
86.754783,88659,88.654,2435,4840.662651,4.840662651,4738.964902,0.021459908
86.811442,88709,88.704,2439,4860.326087,4.860326087,4738.964902,0.025609218
86.854769,88759,88.754,2451,4919.890511,4.919890511,4738.964902,0.038178297
86.90474,88809,88.804,2448,4904.918033,4.904918033,4738.964902,0.035018856
86.976372,88859,88.854,2456,4944.966443,4.944966443,4738.964902,0.043469733
87.004709,88909,88.904,2460,4965.137615,4.965137615,4738.964902,0.047726184
87.054712,88959,88.954,2461,4970.195838,4.970195838,4738.964902,0.048793553
87.118562,89009,89.004,2443,4880.084746,4.880084746,4738.964902,0.029778622
87.154732,89059,89.054,2421,4772.580645,4.772580645,4738.964902,0.007093478
87.218503,89109,89.104,2438,4855.401328,4.855401328,4738.964902,0.024570012
87.254722,89159,89.154,2442,4875.136116,4.875136116,4738.964902,0.028734379
87.304774,89209,89.204,2428,4806.478704,4.806478704,4738.964902,0.014246529
87.360988,89259,89.254,2434,4835.761589,4.835761589,4738.964902,0.020425703
87.404696,89309,89.304,2434,4835.761589,4.835761589,4738.964902,0.020425703
87.454729,89359,89.354,2444,4885.03937,4.88503937,4738.964902,0.03082413
87.526804,89409,89.404,2445,4890.0,4.89,4738.964902,0.031870905
87.554733,89459,89.454,2466,4995.58011,4.99558011,4738.964902,0.054150055
87.618734,89509,89.504,2468,5005.777505,5.005777505,4738.964902,0.056301874
87.654732,89559,89.554,2445,4890.0,4.89,4738.964902,0.031870905
87.720016,89609,89.604,2442,4875.136116,4.875136116,4738.964902,0.028734379
87.754757,89659,89.654,2445,4890.0,4.89,4738.964902,0.031870905
87.81126,89709,89.704,2440,4865.256798,4.865256798,4738.964902,0.026649679
87.854707,89759,89.754,2451,4919.890511,4.919890511,4738.964902,0.038178297
87.904728,89809,89.804,2436,4845.56962,4.84556962,4738.964902,0.022495359
87.969879,89859,89.854,2431,4821.09375,4.82109375,4738.964902,0.017330546
88.004711,89909,89.904,2430,4816.216216,4.816216216,4738.964902,0.016301305
88.054735,89959,89.954,2449,4909.902795,4.909902795,4738.964902,0.036070724
88.126142,90009,90.004,2421,4772.580645,4.772580645,4738.964902,0.007093478
88.15474,90059,90.054,2430,4816.216216,4.816216216,4738.964902,0.016301305
88.208701,90109,90.104,2432,4825.97715,4.82597715,4738.964902,0.018361024
88.254691,90159,90.154,2429,4811.344538,4.811344538,4738.964902,0.015273301
88.304736,90209,90.204,2426,4796.76453,4.79676453,4738.964902,0.012196678
88.373772,90259,90.254,2432,4825.97715,4.82597715,4738.964902,0.018361024
88.404734,90309,90.304,2428,4806.478704,4.806478704,4738.964902,0.014246529
88.465671,90359,90.354,2423,4782.236842,4.782236842,4738.964902,0.009131095
88.504714,90409,90.404,2428,4806.478704,4.806478704,4738.964902,0.014246529
88.554755,90459,90.454,2431,4821.09375,4.82109375,4738.964902,0.017330546
88.609167,90509,90.504,2454,4934.917733,4.934917733,4738.964902,0.041349289
88.654748,90559,90.554,2453,4929.902558,4.929902558,4738.964902,0.040291004
88.704709,90609,90.604,2453,4929.902558,4.929902558,4738.964902,0.040291004
88.774317,90659,90.654,2425,4791.916168,4.791916168,4738.964902,0.011173593
88.804713,90709,90.704,2433,4830.866426,4.830866426,4738.964902,0.019392742
88.865449,90759,90.754,2430,4816.216216,4.816216216,4738.964902,0.016301305
88.904696,90809,90.804,2433,4830.866426,4.830866426,4738.964902,0.019392742
88.954737,90859,90.854,2430,4816.216216,4.816216216,4738.964902,0.016301305
89.017638,90909,90.904,2420,4767.761194,4.767761194,4738.964902,0.006076494
89.054703,90959,90.954,2430,4816.216216,4.816216216,4738.964902,0.016301305
89.104775,91009,91.004,2430,4816.216216,4.816216216,4738.964902,0.016301305
89.159438,91059,91.054,2411,4724.643705,4.724643705,4738.964902,-0.003022009
89.204757,91109,91.104,2467,5000.675676,5.000675676,4738.964902,0.055225303
89.254741,91159,91.154,2446,4894.966646,4.894966646,4738.964902,0.032918949
89.323876,91209,91.204,2432,4825.97715,4.82597715,4738.964902,0.018361024
89.354738,91259,91.254,2447,4899.93932,4.89993932,4738.964902,0.033968266
89.40475,91309,91.304,2467,5000.675676,5.000675676,4738.964902,0.055225303
89.466451,91359,91.354,2442,4875.136116,4.875136116,4738.964902,0.028734379
89.504709,91409,91.404,2443,4880.084746,4.880084746,4738.964902,0.029778622
89.554721,91459,91.454,2442,4875.136116,4.875136116,4738.964902,0.028734379
89.609998,91509,91.504,2431,4821.09375,4.82109375,4738.964902,0.017330546
89.65475,91559,91.554,2437,4850.482509,4.850482509,4738.964902,0.02353206
89.724153,91609,91.604,2431,4821.09375,4.82109375,4738.964902,0.017330546
89.75472,91659,91.654,2431,4821.09375,4.82109375,4738.964902,0.017330546
89.804747,91709,91.704,2416,4748.540798,4.748540798,4738.964902,0.002020673
89.866313,91759,91.754,2434,4835.761589,4.835761589,4738.964902,0.020425703
89.904716,91809,91.804,2450,4914.893617,4.914893617,4738.964902,0.03712387
89.954747,91859,91.854,2427,4801.618705,4.801618705,4738.964902,0.013220989
90.017768,91909,91.904,2432,4825.97715,4.82597715,4738.964902,0.018361024
90.054723,91959,91.954,2433,4830.866426,4.830866426,4738.964902,0.019392742
90.104737,92009,92.004,2422,4777.405858,4.777405858,4738.964902,0.008111678
90.159848,92059,92.054,2421,4772.580645,4.772580645,4738.964902,0.007093478
90.20472,92109,92.104,2420,4767.761194,4.767761194,4738.964902,0.006076494
90.254712,92159,92.154,2402,4681.984643,4.681984643,4738.964902,-0.012023777
90.324667,92209,92.204,2455,4939.939024,4.939939024,4738.964902,0.042408865
90.354701,92259,92.254,2428,4806.478704,4.806478704,4738.964902,0.014246529
90.404737,92309,92.304,2454,4934.917733,4.934917733,4738.964902,0.041349289
90.466884,92359,92.354,2452,4924.893488,4.924893488,4738.964902,0.039234008
90.50471,92409,92.404,2452,4924.893488,4.924893488,4738.964902,0.039234008
90.554747,92459,92.454,2452,4924.893488,4.924893488,4738.964902,0.039234008
90.617013,92509,92.504,2444,4885.03937,4.88503937,4738.964902,0.03082413
90.654716,92559,92.554,2437,4850.482509,4.850482509,4738.964902,0.02353206
90.7047,92609,92.604,2434,4835.761589,4.835761589,4738.964902,0.020425703
90.759648,92659,92.654,2434,4835.761589,4.835761589,4738.964902,0.020425703
90.804791,92709,92.704,2445,4890.0,4.89,4738.964902,0.031870905
90.873182,92759,92.754,2448,4904.918033,4.904918033,4738.964902,0.035018856
90.904693,92809,92.804,2442,4875.136116,4.875136116,4738.964902,0.028734379
90.954757,92859,92.854,2441,4870.19347,4.87019347,4738.964902,0.027691399
91.017028,92909,92.904,2444,4885.03937,4.88503937,4738.964902,0.03082413
91.054786,92959,92.954,2450,4914.893617,4.914893617,4738.964902,0.03712387
91.104713,93009,93.004,2450,4914.893617,4.914893617,4738.964902,0.03712387
91.168043,93059,93.054,2453,4929.902558,4.929902558,4738.964902,0.040291004
91.204736,93109,93.104,2442,4875.136116,4.875136116,4738.964902,0.028734379
91.258969,93159,93.154,2440,4865.256798,4.865256798,4738.964902,0.026649679
91.304736,93209,93.204,2437,4850.482509,4.850482509,4738.964902,0.02353206
91.373612,93259,93.254,2440,4865.256798,4.865256798,4738.964902,0.026649679
91.404708,93309,93.304,2433,4830.866426,4.830866426,4738.964902,0.019392742
91.45473,93359,93.354,2431,4821.09375,4.82109375,4738.964902,0.017330546
91.516317,93409,93.404,2433,4830.866426,4.830866426,4738.964902,0.019392742
91.554739,93459,93.454,2431,4821.09375,4.82109375,4738.964902,0.017330546
91.616839,93509,93.504,2440,4865.256798,4.865256798,4738.964902,0.026649679
91.654705,93559,93.554,2439,4860.326087,4.860326087,4738.964902,0.025609218
91.704728,93609,93.604,2431,4821.09375,4.82109375,4738.964902,0.017330546
91.759856,93659,93.654,2428,4806.478704,4.806478704,4738.964902,0.014246529
91.804719,93709,93.704,2428,4806.478704,4.806478704,4738.964902,0.014246529
91.854729,93759,93.754,2423,4782.236842,4.782236842,4738.964902,0.009131095
91.924993,93809,93.804,2431,4821.09375,4.82109375,4738.964902,0.017330546
91.954707,93859,93.854,2440,4865.256798,4.865256798,4738.964902,0.026649679
92.016938,93909,93.904,2450,4914.893617,4.914893617,4738.964902,0.03712387
92.054781,93959,93.954,2446,4894.966646,4.894966646,4738.964902,0.032918949
92.104729,94009,94.004,2451,4919.890511,4.919890511,4738.964902,0.038178297
92.167113,94059,94.054,2431,4821.09375,4.82109375,4738.964902,0.017330546
92.204817,94109,94.104,2445,4890.0,4.89,4738.964902,0.031870905
92.264882,94159,94.154,2428,4806.478704,4.806478704,4738.964902,0.014246529
92.304663,94209,94.204,2441,4870.19347,4.87019347,4738.964902,0.027691399
92.354754,94259,94.254,2432,4825.97715,4.82597715,4738.964902,0.018361024
92.409546,94309,94.304,2428,4806.478704,4.806478704,4738.964902,0.014246529
92.454683,94359,94.354,2421,4772.580645,4.772580645,4738.964902,0.007093478
92.504739,94409,94.404,2435,4840.662651,4.840662651,4738.964902,0.021459908
92.592749,94459,94.454,2441,4870.19347,4.87019347,4738.964902,0.027691399
92.604728,94509,94.504,2436,4845.56962,4.84556962,4738.964902,0.022495359
92.654699,94559,94.554,2441,4870.19347,4.87019347,4738.964902,0.027691399
92.718146,94609,94.604,2446,4894.966646,4.894966646,4738.964902,0.032918949
92.754718,94659,94.654,2448,4904.918033,4.904918033,4738.964902,0.035018856
92.816832,94709,94.704,2443,4880.084746,4.880084746,4738.964902,0.029778622
92.854711,94759,94.754,2448,4904.918033,4.904918033,4738.964902,0.035018856
92.904703,94809,94.804,2446,4894.966646,4.894966646,4738.964902,0.032918949
92.960926,94859,94.854,2448,4904.918033,4.904918033,4738.964902,0.035018856
93.00471,94909,94.904,2451,4919.890511,4.919890511,4738.964902,0.038178297
93.074398,94959,94.954,2445,4890.0,4.89,4738.964902,0.031870905
93.104683,95009,95.004,2431,4821.09375,4.82109375,4738.964902,0.017330546
93.154752,95059,95.054,2441,4870.19347,4.87019347,4738.964902,0.027691399
93.217601,95109,95.104,2436,4845.56962,4.84556962,4738.964902,0.022495359
93.254706,95159,95.154,2421,4772.580645,4.772580645,4738.964902,0.007093478
93.304751,95209,95.204,2435,4840.662651,4.840662651,4738.964902,0.021459908
93.359843,95259,95.254,2425,4791.916168,4.791916168,4738.964902,0.011173593
93.40469,95309,95.304,2436,4845.56962,4.84556962,4738.964902,0.022495359
93.454727,95359,95.354,2422,4777.405858,4.777405858,4738.964902,0.008111678
93.51957,95409,95.404,2432,4825.97715,4.82597715,4738.964902,0.018361024
93.554731,95459,95.454,2431,4821.09375,4.82109375,4738.964902,0.017330546
93.623742,95509,95.504,2426,4796.76453,4.79676453,4738.964902,0.012196678
93.654732,95559,95.554,2440,4865.256798,4.865256798,4738.964902,0.026649679
93.717175,95609,95.604,2452,4924.893488,4.924893488,4738.964902,0.039234008
93.754756,95659,95.654,2459,4960.085575,4.960085575,4738.964902,0.04666012
93.816919,95709,95.704,2460,4965.137615,4.965137615,4738.964902,0.047726184
93.854729,95759,95.754,2432,4825.97715,4.82597715,4738.964902,0.018361024
93.904706,95809,95.804,2453,4929.902558,4.929902558,4738.964902,0.040291004
93.96771,95859,95.854,2441,4870.19347,4.87019347,4738.964902,0.027691399
94.004704,95909,95.904,2427,4801.618705,4.801618705,4738.964902,0.013220989
94.06017,95959,95.954,2436,4845.56962,4.84556962,4738.964902,0.022495359
94.104686,96009,96.004,2436,4845.56962,4.84556962,4738.964902,0.022495359
94.154697,96059,96.054,2413,4734.185493,4.734185493,4738.964902,-0.001008534
94.227637,96109,96.104,2422,4777.405858,4.777405858,4738.964902,0.008111678
94.254673,96159,96.154,2428,4806.478704,4.806478704,4738.964902,0.014246529
94.304634,96209,96.204,2433,4830.866426,4.830866426,4738.964902,0.019392742
94.366171,96259,96.254,2431,4821.09375,4.82109375,4738.964902,0.017330546
94.404731,96309,96.304,2459,4960.085575,4.960085575,4738.964902,0.04666012
94.467224,96359,96.354,2450,4914.893617,4.914893617,4738.964902,0.03712387
94.504746,96409,96.404,2426,4796.76453,4.79676453,4738.964902,0.012196678
94.560415,96459,96.454,2450,4914.893617,4.914893617,4738.964902,0.03712387
94.60473,96509,96.504,2449,4909.902795,4.909902795,4738.964902,0.036070724
94.654709,96559,96.554,2444,4885.03937,4.88503937,4738.964902,0.03082413
94.726035,96609,96.604,2447,4899.93932,4.89993932,4738.964902,0.033968266
94.754803,96659,96.654,2436,4845.56962,4.84556962,4738.964902,0.022495359
94.817953,96709,96.704,2434,4835.761589,4.835761589,4738.964902,0.020425703
94.854724,96759,96.754,2435,4840.662651,4.840662651,4738.964902,0.021459908
94.904738,96809,96.804,2430,4816.216216,4.816216216,4738.964902,0.016301305
94.968357,96859,96.854,2428,4806.478704,4.806478704,4738.964902,0.014246529
95.004714,96909,96.904,2432,4825.97715,4.82597715,4738.964902,0.018361024
95.054684,96959,96.954,2430,4816.216216,4.816216216,4738.964902,0.016301305
95.117535,97009,97.004,2440,4865.256798,4.865256798,4738.964902,0.026649679
95.154681,97059,97.054,2430,4816.216216,4.816216216,4738.964902,0.016301305
95.204674,97109,97.104,2428,4806.478704,4.806478704,4738.964902,0.014246529
95.275256,97159,97.154,2423,4782.236842,4.782236842,4738.964902,0.009131095
95.304678,97209,97.204,2428,4806.478704,4.806478704,4738.964902,0.014246529
95.367113,97259,97.254,2429,4811.344538,4.811344538,4738.964902,0.015273301
95.404677,97309,97.304,2442,4875.136116,4.875136116,4738.964902,0.028734379
95.468022,97359,97.354,2436,4845.56962,4.84556962,4738.964902,0.022495359
95.504689,97409,97.404,2444,4885.03937,4.88503937,4738.964902,0.03082413
95.56722,97459,97.454,2425,4791.916168,4.791916168,4738.964902,0.011173593
95.604695,97509,97.504,2448,4904.918033,4.904918033,4738.964902,0.035018856
95.654707,97559,97.554,2443,4880.084746,4.880084746,4738.964902,0.029778622
95.710479,97609,97.604,2438,4855.401328,4.855401328,4738.964902,0.024570012
95.754689,97659,97.654,2437,4850.482509,4.850482509,4738.964902,0.02353206
95.804677,97709,97.704,2422,4777.405858,4.777405858,4738.964902,0.008111678
95.876759,97759,97.754,2425,4791.916168,4.791916168,4738.964902,0.011173593
95.904699,97809,97.804,2427,4801.618705,4.801618705,4738.964902,0.013220989
95.96767,97859,97.854,2434,4835.761589,4.835761589,4738.964902,0.020425703
96.004669,97909,97.904,2430,4816.216216,4.816216216,4738.964902,0.016301305
96.05468,97959,97.954,2472,5026.247689,5.026247689,4738.964902,0.060621421
96.117312,98009,98.004,2425,4791.916168,4.791916168,4738.964902,0.011173593
96.154687,98059,98.054,2438,4855.401328,4.855401328,4738.964902,0.024570012
96.20466,98109,98.104,2449,4909.902795,4.909902795,4738.964902,0.036070724
96.260042,98159,98.154,2448,4904.918033,4.904918033,4738.964902,0.035018856
96.304682,98209,98.204,2457,4950.0,4.95,4738.964902,0.044531897
96.373758,98259,98.254,2447,4899.93932,4.89993932,4738.964902,0.033968266
96.404667,98309,98.304,2443,4880.084746,4.880084746,4738.964902,0.029778622
96.45468,98359,98.354,2437,4850.482509,4.850482509,4738.964902,0.02353206
96.517405,98409,98.404,2439,4860.326087,4.860326087,4738.964902,0.025609218
96.55468,98459,98.454,2432,4825.97715,4.82597715,4738.964902,0.018361024
96.617275,98509,98.504,2427,4801.618705,4.801618705,4738.964902,0.013220989
96.654667,98559,98.554,2438,4855.401328,4.855401328,4738.964902,0.024570012
96.704714,98609,98.604,2427,4801.618705,4.801618705,4738.964902,0.013220989
96.76072,98659,98.654,2426,4796.76453,4.79676453,4738.964902,0.012196678
96.804701,98709,98.704,2425,4791.916168,4.791916168,4738.964902,0.011173593
96.854692,98759,98.754,2424,4787.073609,4.787073609,4738.964902,0.010151733
96.92622,98809,98.804,2417,4753.337306,4.753337306,4738.964902,0.003032815
96.954687,98859,98.854,2425,4791.916168,4.791916168,4738.964902,0.011173593
97.018101,98909,98.904,2428,4806.478704,4.806478704,4738.964902,0.014246529
97.054678,98959,98.954,2424,4787.073609,4.787073609,4738.964902,0.010151733
97.104661,99009,99.004,2441,4870.19347,4.87019347,4738.964902,0.027691399
97.168484,99059,99.054,2441,4870.19347,4.87019347,4738.964902,0.027691399
97.204686,99109,99.104,2465,4990.490798,4.990490798,4738.964902,0.053076125
97.266925,99159,99.154,2445,4890.0,4.89,4738.964902,0.031870905
97.304676,99209,99.204,2450,4914.893617,4.914893617,4738.964902,0.03712387
97.354684,99259,99.254,2443,4880.084746,4.880084746,4738.964902,0.029778622
97.409999,99309,99.304,2442,4875.136116,4.875136116,4738.964902,0.028734379
97.454717,99359,99.354,2434,4835.761589,4.835761589,4738.964902,0.020425703
97.526649,99409,99.404,2435,4840.662651,4.840662651,4738.964902,0.021459908
97.554721,99459,99.454,2430,4816.216216,4.816216216,4738.964902,0.016301305
97.619088,99509,99.504,2423,4782.236842,4.782236842,4738.964902,0.009131095
97.654685,99559,99.554,2421,4772.580645,4.772580645,4738.964902,0.007093478
97.70466,99609,99.604,2451,4919.890511,4.919890511,4738.964902,0.038178297
97.768911,99659,99.654,2439,4860.326087,4.860326087,4738.964902,0.025609218
97.804715,99709,99.704,2435,4840.662651,4.840662651,4738.964902,0.021459908
97.861061,99759,99.754,2439,4860.326087,4.860326087,4738.964902,0.025609218
97.904625,99809,99.804,2449,4909.902795,4.909902795,4738.964902,0.036070724
97.954692,99859,99.854,2449,4909.902795,4.909902795,4738.964902,0.036070724
98.01926,99909,99.904,2462,4975.260257,4.975260257,4738.964902,0.049862229
98.054714,99959,99.954,2455,4939.939024,4.939939024,4738.964902,0.042408865
98.104683,100009,100.004,2460,4965.137615,4.965137615,4738.964902,0.047726184
98.177121,100059,100.054,2447,4899.93932,4.89993932,4738.964902,0.033968266
98.204691,100109,100.104,2426,4796.76453,4.79676453,4738.964902,0.012196678
98.268764,100159,100.154,2422,4777.405858,4.777405858,4738.964902,0.008111678
98.304691,100209,100.204,2429,4811.344538,4.811344538,4738.964902,0.015273301
98.354729,100259,100.254,2434,4835.761589,4.835761589,4738.964902,0.020425703
98.412209,100309,100.304,2431,4821.09375,4.82109375,4738.964902,0.017330546
98.454651,100359,100.354,2432,4825.97715,4.82597715,4738.964902,0.018361024
98.504722,100409,100.404,2423,4782.236842,4.782236842,4738.964902,0.009131095
98.578744,100459,100.454,2420,4767.761194,4.767761194,4738.964902,0.006076494
98.604674,100509,100.504,2423,4782.236842,4.782236842,4738.964902,0.009131095
98.654716,100559,100.554,2417,4753.337306,4.753337306,4738.964902,0.003032815
98.719246,100609,100.604,2423,4782.236842,4.782236842,4738.964902,0.009131095
98.754702,100659,100.654,2434,4835.761589,4.835761589,4738.964902,0.020425703
98.804724,100709,100.704,2448,4904.918033,4.904918033,4738.964902,0.035018856
98.869725,100759,100.754,2445,4890.0,4.89,4738.964902,0.031870905
98.904672,100809,100.804,2442,4875.136116,4.875136116,4738.964902,0.028734379
98.954682,100859,100.854,2457,4950.0,4.95,4738.964902,0.044531897
99.013601,100909,100.904,2443,4880.084746,4.880084746,4738.964902,0.029778622
99.054702,100959,100.954,2455,4939.939024,4.939939024,4738.964902,0.042408865
99.104714,101009,101.004,2440,4865.256798,4.865256798,4738.964902,0.026649679
99.177967,101059,101.054,2434,4835.761589,4.835761589,4738.964902,0.020425703
99.204715,101109,101.104,2436,4845.56962,4.84556962,4738.964902,0.022495359
99.270491,101159,101.154,2432,4825.97715,4.82597715,4738.964902,0.018361024
99.304684,101209,101.204,2425,4791.916168,4.791916168,4738.964902,0.011173593
99.35468,101259,101.254,2423,4782.236842,4.782236842,4738.964902,0.009131095
99.419452,101309,101.304,2426,4796.76453,4.79676453,4738.964902,0.012196678
99.454685,101359,101.354,2420,4767.761194,4.767761194,4738.964902,0.006076494
99.51265,101409,101.404,2429,4811.344538,4.811344538,4738.964902,0.015273301
99.554671,101459,101.454,2450,4914.893617,4.914893617,4738.964902,0.03712387
99.604696,101509,101.504,2446,4894.966646,4.894966646,4738.964902,0.032918949
99.677997,101559,101.554,2449,4909.902795,4.909902795,4738.964902,0.036070724
99.704668,101609,101.604,2443,4880.084746,4.880084746,4738.964902,0.029778622
99.754721,101659,101.654,2449,4909.902795,4.909902795,4738.964902,0.036070724
99.819307,101709,101.704,2449,4909.902795,4.909902795,4738.964902,0.036070724
99.854667,101759,101.754,2433,4830.866426,4.830866426,4738.964902,0.019392742
99.904704,101809,101.804,2425,4791.916168,4.791916168,4738.964902,0.011173593
99.9708,101859,101.854,2429,4811.344538,4.811344538,4738.964902,0.015273301
100.00467,101909,101.904,2402,4681.984643,4.681984643,4738.964902,-0.012023777
100.054664,101959,101.954,2436,4845.56962,4.84556962,4738.964902,0.022495359
100.112729,102009,102.004,2434,4835.761589,4.835761589,4738.964902,0.020425703
100.154658,102059,102.054,2435,4840.662651,4.840662651,4738.964902,0.021459908
100.204695,102109,102.104,2424,4787.073609,4.787073609,4738.964902,0.010151733
100.277659,102159,102.154,2414,4738.964902,4.738964902,4738.964902,0.0
100.304675,102209,102.204,2421,4772.580645,4.772580645,4738.964902,0.007093478
100.354681,102259,102.254,2424,4787.073609,4.787073609,4738.964902,0.010151733
100.418962,102309,102.304,2420,4767.761194,4.767761194,4738.964902,0.006076494
100.454649,102359,102.354,2419,4762.947494,4.762947494,4738.964902,0.005060724
100.504673,102409,102.404,2433,4830.866426,4.830866426,4738.964902,0.019392742
100.563411,102459,102.454,2444,4885.03937,4.88503937,4738.964902,0.03082413
100.604646,102509,102.504,2447,4899.93932,4.89993932,4738.964902,0.033968266
100.654634,102559,102.554,2431,4821.09375,4.82109375,4738.964902,0.017330546
100.728123,102609,102.604,2436,4845.56962,4.84556962,4738.964902,0.022495359
100.754652,102659,102.654,2450,4914.893617,4.914893617,4738.964902,0.03712387
100.819362,102709,102.704,2439,4860.326087,4.860326087,4738.964902,0.025609218
100.854688,102759,102.754,2434,4835.761589,4.835761589,4738.964902,0.020425703
100.919969,102809,102.804,2430,4816.216216,4.816216216,4738.964902,0.016301305
100.954674,102859,102.854,2425,4791.916168,4.791916168,4738.964902,0.011173593
101.020597,102909,102.904,2434,4835.761589,4.835761589,4738.964902,0.020425703
101.054651,102959,102.954,2431,4821.09375,4.82109375,4738.964902,0.017330546
101.104657,103009,103.004,2418,4758.139535,4.758139535,4738.964902,0.004046165
101.162754,103059,103.054,2438,4855.401328,4.855401328,4738.964902,0.024570012
101.204642,103109,103.104,2435,4840.662651,4.840662651,4738.964902,0.021459908
101.254667,103159,103.154,2439,4860.326087,4.860326087,4738.964902,0.025609218
101.327378,103209,103.204,2444,4885.03937,4.88503937,4738.964902,0.03082413
101.354675,103259,103.254,2440,4865.256798,4.865256798,4738.964902,0.026649679
101.419024,103309,103.304,2459,4960.085575,4.960085575,4738.964902,0.04666012
101.454669,103359,103.354,2449,4909.902795,4.909902795,4738.964902,0.036070724
101.504632,103409,103.404,2452,4924.893488,4.924893488,4738.964902,0.039234008
101.570576,103459,103.454,2448,4904.918033,4.904918033,4738.964902,0.035018856
101.604688,103509,103.504,2430,4816.216216,4.816216216,4738.964902,0.016301305
101.66273,103559,103.554,2431,4821.09375,4.82109375,4738.964902,0.017330546
101.704645,103609,103.604,2431,4821.09375,4.82109375,4738.964902,0.017330546
101.754694,103659,103.654,2423,4782.236842,4.782236842,4738.964902,0.009131095
101.82854,103709,103.704,2426,4796.76453,4.79676453,4738.964902,0.012196678
101.854683,103759,103.754,2420,4767.761194,4.767761194,4738.964902,0.006076494
101.904672,103809,103.804,2434,4835.761589,4.835761589,4738.964902,0.020425703
101.970349,103859,103.854,2418,4758.139535,4.758139535,4738.964902,0.004046165
102.004696,103909,103.904,2424,4787.073609,4.787073609,4738.964902,0.010151733
102.070271,103959,103.954,2430,4816.216216,4.816216216,4738.964902,0.016301305
102.104687,104009,104.004,2421,4772.580645,4.772580645,4738.964902,0.007093478
102.154661,104059,104.054,2417,4753.337306,4.753337306,4738.964902,0.003032815
102.213171,104109,104.104,2431,4821.09375,4.82109375,4738.964902,0.017330546
102.254635,104159,104.154,2439,4860.326087,4.860326087,4738.964902,0.025609218
102.304673,104209,104.204,2449,4909.902795,4.909902795,4738.964902,0.036070724
102.377787,104259,104.254,2438,4855.401328,4.855401328,4738.964902,0.024570012
102.404656,104309,104.304,2422,4777.405858,4.777405858,4738.964902,0.008111678
102.454703,104359,104.354,2446,4894.966646,4.894966646,4738.964902,0.032918949
102.520315,104409,104.404,2444,4885.03937,4.88503937,4738.964902,0.03082413
102.554678,104459,104.454,2435,4840.662651,4.840662651,4738.964902,0.021459908
102.604634,104509,104.504,2430,4816.216216,4.816216216,4738.964902,0.016301305
102.670622,104559,104.554,2422,4777.405858,4.777405858,4738.964902,0.008111678
102.704658,104609,104.604,2423,4782.236842,4.782236842,4738.964902,0.009131095
102.763587,104659,104.654,2426,4796.76453,4.79676453,4738.964902,0.012196678
102.804658,104709,104.704,2420,4767.761194,4.767761194,4738.964902,0.006076494
102.854658,104759,104.754,2432,4825.97715,4.82597715,4738.964902,0.018361024
102.928657,104809,104.804,2433,4830.866426,4.830866426,4738.964902,0.019392742
102.954631,104859,104.854,2426,4796.76453,4.79676453,4738.964902,0.012196678
103.020971,104909,104.904,2440,4865.256798,4.865256798,4738.964902,0.026649679
103.054631,104959,104.954,2428,4806.478704,4.806478704,4738.964902,0.014246529
103.104674,105009,105.004,2437,4850.482509,4.850482509,4738.964902,0.02353206
103.170654,105059,105.054,2445,4890.0,4.89,4738.964902,0.031870905
103.20463,105109,105.104,2452,4924.893488,4.924893488,4738.964902,0.039234008
103.2546,105159,105.154,2443,4880.084746,4.880084746,4738.964902,0.029778622
103.313865,105209,105.204,2446,4894.966646,4.894966646,4738.964902,0.032918949
103.354628,105259,105.254,2417,4753.337306,4.753337306,4738.964902,0.003032815
103.427034,105309,105.304,2436,4845.56962,4.84556962,4738.964902,0.022495359
103.454621,105359,105.354,2425,4791.916168,4.791916168,4738.964902,0.011173593
103.504612,105409,105.404,2420,4767.761194,4.767761194,4738.964902,0.006076494
103.570275,105459,105.454,2430,4816.216216,4.816216216,4738.964902,0.016301305
103.604688,105509,105.504,2419,4762.947494,4.762947494,4738.964902,0.005060724
103.663076,105559,105.554,2417,4753.337306,4.753337306,4738.964902,0.003032815
103.704628,105609,105.604,2414,4738.964902,4.738964902,4738.964902,0.0
103.754722,105659,105.654,2422,4777.405858,4.777405858,4738.964902,0.008111678
103.829057,105709,105.704,2412,4729.411765,4.729411765,4738.964902,-0.00201587
103.854697,105759,105.754,2409,4715.124555,4.715124555,4738.964902,-0.005030708
103.904656,105809,105.804,2425,4791.916168,4.791916168,4738.964902,0.011173593
103.963335,105859,105.854,2425,4791.916168,4.791916168,4738.964902,0.011173593
104.004633,105909,105.904,2435,4840.662651,4.840662651,4738.964902,0.021459908
104.054644,105959,105.954,2443,4880.084746,4.880084746,4738.964902,0.029778622
104.12781,106009,106.004,2438,4855.401328,4.855401328,4738.964902,0.024570012
104.15465,106059,106.054,2439,4860.326087,4.860326087,4738.964902,0.025609218
104.220146,106109,106.104,2439,4860.326087,4.860326087,4738.964902,0.025609218
104.254669,106159,106.154,2433,4830.866426,4.830866426,4738.964902,0.019392742
104.320143,106209,106.204,2417,4753.337306,4.753337306,4738.964902,0.003032815
104.354641,106259,106.254,2427,4801.618705,4.801618705,4738.964902,0.013220989
104.404683,106309,106.304,2421,4772.580645,4.772580645,4738.964902,0.007093478
104.463542,106359,106.354,2435,4840.662651,4.840662651,4738.964902,0.021459908
104.50469,106409,106.404,2427,4801.618705,4.801618705,4738.964902,0.013220989
104.577906,106459,106.454,2419,4762.947494,4.762947494,4738.964902,0.005060724
104.604642,106509,106.504,2430,4816.216216,4.816216216,4738.964902,0.016301305
104.654646,106559,106.554,2431,4821.09375,4.82109375,4738.964902,0.017330546
104.720961,106609,106.604,2436,4845.56962,4.84556962,4738.964902,0.022495359
104.754666,106659,106.654,2441,4870.19347,4.87019347,4738.964902,0.027691399
104.820052,106709,106.704,2435,4840.662651,4.840662651,4738.964902,0.021459908
104.854656,106759,106.754,2454,4934.917733,4.934917733,4738.964902,0.041349289
104.904644,106809,106.804,2423,4782.236842,4.782236842,4738.964902,0.009131095
104.971842,106859,106.854,2445,4890.0,4.89,4738.964902,0.031870905
105.00463,106909,106.904,2429,4811.344538,4.811344538,4738.964902,0.015273301
105.054632,106959,106.954,2425,4791.916168,4.791916168,4738.964902,0.011173593
105.113986,107009,107.004,2429,4811.344538,4.811344538,4738.964902,0.015273301
105.154648,107059,107.054,2432,4825.97715,4.82597715,4738.964902,0.018361024
105.227291,107109,107.104,2417,4753.337306,4.753337306,4738.964902,0.003032815
105.25464,107159,107.154,2421,4772.580645,4.772580645,4738.964902,0.007093478
105.304624,107209,107.204,2431,4821.09375,4.82109375,4738.964902,0.017330546
105.369783,107259,107.254,2419,4762.947494,4.762947494,4738.964902,0.005060724
105.404601,107309,107.304,2415,4743.75,4.74375,4738.964902,0.001009735
105.454597,107359,107.354,2416,4748.540798,4.748540798,4738.964902,0.002020673
105.521907,107409,107.404,2405,4696.153846,4.696153846,4738.964902,-0.009033841
105.554601,107459,107.454,2412,4729.411765,4.729411765,4738.964902,-0.00201587
105.613055,107509,107.504,2422,4777.405858,4.777405858,4738.964902,0.008111678
105.654648,107559,107.554,2429,4811.344538,4.811344538,4738.964902,0.015273301
105.727813,107609,107.604,2444,4885.03937,4.88503937,4738.964902,0.03082413
105.754645,107659,107.654,2421,4772.580645,4.772580645,4738.964902,0.007093478
105.804673,107709,107.704,2450,4914.893617,4.914893617,4738.964902,0.03712387
105.871212,107759,107.754,2435,4840.662651,4.840662651,4738.964902,0.021459908
105.904607,107809,107.804,2447,4899.93932,4.89993932,4738.964902,0.033968266
105.954609,107859,107.854,2447,4899.93932,4.89993932,4738.964902,0.033968266
106.021711,107909,107.904,2425,4791.916168,4.791916168,4738.964902,0.011173593
106.054601,107959,107.954,2424,4787.073609,4.787073609,4738.964902,0.010151733
106.10462,108009,108.004,2441,4870.19347,4.87019347,4738.964902,0.027691399
106.164042,108059,108.054,2426,4796.76453,4.79676453,4738.964902,0.012196678
106.204633,108109,108.104,2405,4696.153846,4.696153846,4738.964902,-0.009033841
106.270878,108159,108.154,2424,4787.073609,4.787073609,4738.964902,0.010151733
106.30461,108209,108.204,2422,4777.405858,4.777405858,4738.964902,0.008111678
106.354631,108259,108.254,2427,4801.618705,4.801618705,4738.964902,0.013220989
106.427672,108309,108.304,2421,4772.580645,4.772580645,4738.964902,0.007093478
106.454638,108359,108.354,2429,4811.344538,4.811344538,4738.964902,0.015273301
106.522708,108409,108.404,2437,4850.482509,4.850482509,4738.964902,0.02353206
106.554606,108459,108.454,2440,4865.256798,4.865256798,4738.964902,0.026649679
106.604675,108509,108.504,2440,4865.256798,4.865256798,4738.964902,0.026649679
106.671427,108559,108.554,2444,4885.03937,4.88503937,4738.964902,0.03082413
106.704612,108609,108.604,2427,4801.618705,4.801618705,4738.964902,0.013220989
106.754691,108659,108.654,2427,4801.618705,4.801618705,4738.964902,0.013220989
106.814235,108709,108.704,2420,4767.761194,4.767761194,4738.964902,0.006076494
106.854617,108759,108.754,2424,4787.073609,4.787073609,4738.964902,0.010151733
106.904637,108809,108.804,2417,4753.337306,4.753337306,4738.964902,0.003032815
106.979375,108859,108.854,2420,4767.761194,4.767761194,4738.964902,0.006076494
107.004643,108909,108.904,2423,4782.236842,4.782236842,4738.964902,0.009131095
107.071667,108959,108.954,2416,4748.540798,4.748540798,4738.964902,0.002020673
107.104671,109009,109.004,2408,4710.373444,4.710373444,4738.964902,-0.006033271
107.171126,109059,109.054,2411,4724.643705,4.724643705,4738.964902,-0.003022009
107.204671,109109,109.104,2410,4719.881306,4.719881306,4738.964902,-0.004026955
107.254611,109159,109.154,2420,4767.761194,4.767761194,4738.964902,0.006076494
107.314091,109209,109.204,2402,4681.984643,4.681984643,4738.964902,-0.012023777
107.354646,109259,109.254,2430,4816.216216,4.816216216,4738.964902,0.016301305
107.427385,109309,109.304,2432,4825.97715,4.82597715,4738.964902,0.018361024
107.454625,109359,109.354,2439,4860.326087,4.860326087,4738.964902,0.025609218
107.504615,109409,109.404,2437,4850.482509,4.850482509,4738.964902,0.02353206
107.570976,109459,109.454,2428,4806.478704,4.806478704,4738.964902,0.014246529
107.604608,109509,109.504,2438,4855.401328,4.855401328,4738.964902,0.024570012
107.654663,109559,109.554,2443,4880.084746,4.880084746,4738.964902,0.029778622
107.723248,109609,109.604,2433,4830.866426,4.830866426,4738.964902,0.019392742
107.754721,109659,109.654,2398,4663.170301,4.663170301,4738.964902,-0.015993915
107.821715,109709,109.704,2429,4811.344538,4.811344538,4738.964902,0.015273301
107.854664,109759,109.754,2425,4791.916168,4.791916168,4738.964902,0.011173593
107.904634,109809,109.804,2425,4791.916168,4.791916168,4738.964902,0.011173593
107.96427,109859,109.854,2420,4767.761194,4.767761194,4738.964902,0.006076494
108.00458,109909,109.904,2429,4811.344538,4.811344538,4738.964902,0.015273301
108.054582,109959,109.954,2420,4767.761194,4.767761194,4738.964902,0.006076494
108.128259,110009,110.004,2419,4762.947494,4.762947494,4738.964902,0.005060724
108.15464,110059,110.054,2437,4850.482509,4.850482509,4738.964902,0.02353206
108.220894,110109,110.104,2436,4845.56962,4.84556962,4738.964902,0.022495359
108.254627,110159,110.154,2416,4748.540798,4.748540798,4738.964902,0.002020673
108.304669,110209,110.204,2442,4875.136116,4.875136116,4738.964902,0.028734379
108.364295,110259,110.254,2430,4816.216216,4.816216216,4738.964902,0.016301305
108.404632,110309,110.304,2435,4840.662651,4.840662651,4738.964902,0.021459908
108.454628,110359,110.354,2415,4743.75,4.74375,4738.964902,0.001009735
108.522842,110409,110.404,2421,4772.580645,4.772580645,4738.964902,0.007093478
108.554625,110459,110.454,2430,4816.216216,4.816216216,4738.964902,0.016301305
108.628752,110509,110.504,2411,4724.643705,4.724643705,4738.964902,-0.003022009
108.65459,110559,110.554,2411,4724.643705,4.724643705,4738.964902,-0.003022009
108.704608,110609,110.604,2428,4806.478704,4.806478704,4738.964902,0.014246529
108.764144,110659,110.654,2419,4762.947494,4.762947494,4738.964902,0.005060724
108.804629,110709,110.704,2415,4743.75,4.74375,4738.964902,0.001009735
108.878571,110759,110.754,2420,4767.761194,4.767761194,4738.964902,0.006076494
108.904641,110809,110.804,2408,4710.373444,4.710373444,4738.964902,-0.006033271
108.972064,110859,110.854,2414,4738.964902,4.738964902,4738.964902,0.0
109.004647,110909,110.904,2405,4696.153846,4.696153846,4738.964902,-0.009033841
109.064742,110959,110.954,2410,4719.881306,4.719881306,4738.964902,-0.004026955
109.104634,111009,111.004,2423,4782.236842,4.782236842,4738.964902,0.009131095
109.154628,111059,111.054,2436,4845.56962,4.84556962,4738.964902,0.022495359
109.230058,111109,111.104,2436,4845.56962,4.84556962,4738.964902,0.022495359
109.25458,111159,111.154,2435,4840.662651,4.840662651,4738.964902,0.021459908
109.304694,111209,111.204,2439,4860.326087,4.860326087,4738.964902,0.025609218
109.37099,111259,111.254,2442,4875.136116,4.875136116,4738.964902,0.028734379
109.404634,111309,111.304,2426,4796.76453,4.79676453,4738.964902,0.012196678
109.454627,111359,111.354,2434,4835.761589,4.835761589,4738.964902,0.020425703
109.523324,111409,111.404,2428,4806.478704,4.806478704,4738.964902,0.014246529
109.554601,111459,111.454,2413,4734.185493,4.734185493,4738.964902,-0.001008534
109.604606,111509,111.504,2412,4729.411765,4.729411765,4738.964902,-0.00201587
109.66452,111559,111.554,2429,4811.344538,4.811344538,4738.964902,0.015273301
109.704665,111609,111.604,2421,4772.580645,4.772580645,4738.964902,0.007093478
109.77882,111659,111.654,2420,4767.761194,4.767761194,4738.964902,0.006076494
109.80466,111709,111.704,2418,4758.139535,4.758139535,4738.964902,0.004046165
109.85462,111759,111.754,2433,4830.866426,4.830866426,4738.964902,0.019392742
109.921942,111809,111.804,2428,4806.478704,4.806478704,4738.964902,0.014246529
109.954633,111859,111.854,2435,4840.662651,4.840662651,4738.964902,0.021459908
110.022594,111909,111.904,2446,4894.966646,4.894966646,4738.964902,0.032918949
110.054609,111959,111.954,2435,4840.662651,4.840662651,4738.964902,0.021459908
110.104673,112009,112.004,2439,4860.326087,4.860326087,4738.964902,0.025609218
110.164484,112059,112.054,2417,4753.337306,4.753337306,4738.964902,0.003032815
110.204657,112109,112.104,2419,4762.947494,4.762947494,4738.964902,0.005060724
110.254635,112159,112.154,2415,4743.75,4.74375,4738.964902,0.001009735
110.329529,112209,112.204,2415,4743.75,4.74375,4738.964902,0.001009735
110.354631,112259,112.254,2415,4743.75,4.74375,4738.964902,0.001009735
110.40464,112309,112.304,2417,4753.337306,4.753337306,4738.964902,0.003032815
110.471604,112359,112.354,2421,4772.580645,4.772580645,4738.964902,0.007093478
110.504664,112409,112.404,2415,4743.75,4.74375,4738.964902,0.001009735
110.571901,112459,112.454,2409,4715.124555,4.715124555,4738.964902,-0.005030708
110.604622,112509,112.504,2409,4715.124555,4.715124555,4738.964902,-0.005030708
110.654609,112559,112.554,2408,4710.373444,4.710373444,4738.964902,-0.006033271
110.715618,112609,112.604,2401,4677.272727,4.677272727,4738.964902,-0.01301807
110.754631,112659,112.654,2414,4738.964902,4.738964902,4738.964902,0.0
110.82906,112709,112.704,2412,4729.411765,4.729411765,4738.964902,-0.00201587
110.854591,112759,112.754,2449,4909.902795,4.909902795,4738.964902,0.036070724
110.904664,112809,112.804,2440,4865.256798,4.865256798,4738.964902,0.026649679
110.972116,112859,112.854,2434,4835.761589,4.835761589,4738.964902,0.020425703
111.004603,112909,112.904,2432,4825.97715,4.82597715,4738.964902,0.018361024
111.054619,112959,112.954,2442,4875.136116,4.875136116,4738.964902,0.028734379
111.122453,113009,113.004,2435,4840.662651,4.840662651,4738.964902,0.021459908
111.154597,113059,113.054,2425,4791.916168,4.791916168,4738.964902,0.011173593
111.204626,113109,113.104,2429,4811.344538,4.811344538,4738.964902,0.015273301
111.264549,113159,113.154,2419,4762.947494,4.762947494,4738.964902,0.005060724
111.304569,113209,113.204,2404,4691.425192,4.691425192,4738.964902,-0.010031665
111.354614,113259,113.254,2405,4696.153846,4.696153846,4738.964902,-0.009033841
111.429354,113309,113.304,2410,4719.881306,4.719881306,4738.964902,-0.004026955
111.454599,113359,113.354,2438,4855.401328,4.855401328,4738.964902,0.024570012
111.504595,113409,113.404,2415,4743.75,4.74375,4738.964902,0.001009735
111.572315,113459,113.454,2421,4772.580645,4.772580645,4738.964902,0.007093478
111.604601,113509,113.504,2426,4796.76453,4.79676453,4738.964902,0.012196678
111.654613,113559,113.554,2435,4840.662651,4.840662651,4738.964902,0.021459908
111.722011,113609,113.604,2436,4845.56962,4.84556962,4738.964902,0.022495359
111.75464,113659,113.654,2445,4890.0,4.89,4738.964902,0.031870905
111.814665,113709,113.704,2447,4899.93932,4.89993932,4738.964902,0.033968266
111.854638,113759,113.754,2423,4782.236842,4.782236842,4738.964902,0.009131095
111.904614,113809,113.804,2406,4700.888099,4.700888099,4738.964902,-0.008034835
111.98043,113859,113.854,2412,4729.411765,4.729411765,4738.964902,-0.00201587
112.004669,113909,113.904,2416,4748.540798,4.748540798,4738.964902,0.002020673
112.072452,113959,113.954,2400,4672.566372,4.672566372,4738.964902,-0.014011188
112.104625,114009,114.004,2410,4719.881306,4.719881306,4738.964902,-0.004026955
112.154619,114059,114.054,2417,4753.337306,4.753337306,4738.964902,0.003032815
112.222522,114109,114.104,2409,4715.124555,4.715124555,4738.964902,-0.005030708
112.254568,114159,114.154,2398,4663.170301,4.663170301,4738.964902,-0.015993915
112.304616,114209,114.204,2415,4743.75,4.74375,4738.964902,0.001009735
112.364747,114259,114.254,2418,4758.139535,4.758139535,4738.964902,0.004046165
112.404603,114309,114.304,2422,4777.405858,4.777405858,4738.964902,0.008111678
112.454606,114359,114.354,2400,4672.566372,4.672566372,4738.964902,-0.014011188
112.531219,114409,114.404,2419,4762.947494,4.762947494,4738.964902,0.005060724
112.554628,114459,114.454,2424,4787.073609,4.787073609,4738.964902,0.010151733
112.621902,114509,114.504,2428,4806.478704,4.806478704,4738.964902,0.014246529
112.654669,114559,114.554,2431,4821.09375,4.82109375,4738.964902,0.017330546
112.72249,114609,114.604,2421,4772.580645,4.772580645,4738.964902,0.007093478
112.754671,114659,114.654,2444,4885.03937,4.88503937,4738.964902,0.03082413
112.82222,114709,114.704,2445,4890.0,4.89,4738.964902,0.031870905
112.854669,114759,114.754,2419,4762.947494,4.762947494,4738.964902,0.005060724
112.9046,114809,114.804,2425,4791.916168,4.791916168,4738.964902,0.011173593
112.965728,114859,114.854,2436,4845.56962,4.84556962,4738.964902,0.022495359
113.004613,114909,114.904,2416,4748.540798,4.748540798,4738.964902,0.002020673
113.0796,114959,114.954,2411,4724.643705,4.724643705,4738.964902,-0.003022009
113.104625,115009,115.004,2407,4705.627962,4.705627962,4738.964902,-0.007034646
113.171872,115059,115.054,2423,4782.236842,4.782236842,4738.964902,0.009131095
113.204605,115109,115.104,2418,4758.139535,4.758139535,4738.964902,0.004046165
113.254584,115159,115.154,2420,4767.761194,4.767761194,4738.964902,0.006076494
113.323072,115209,115.204,2425,4791.916168,4.791916168,4738.964902,0.011173593
113.354633,115259,115.254,2425,4791.916168,4.791916168,4738.964902,0.011173593
113.414593,115309,115.304,2436,4845.56962,4.84556962,4738.964902,0.022495359
113.454639,115359,115.354,2444,4885.03937,4.88503937,4738.964902,0.03082413
113.529261,115409,115.404,2441,4870.19347,4.87019347,4738.964902,0.027691399
113.554566,115459,115.454,2428,4806.478704,4.806478704,4738.964902,0.014246529
113.604583,115509,115.504,2415,4743.75,4.74375,4738.964902,0.001009735
113.665583,115559,115.554,2422,4777.405858,4.777405858,4738.964902,0.008111678
113.704561,115609,115.604,2412,4729.411765,4.729411765,4738.964902,-0.00201587
113.754572,115659,115.654,2405,4696.153846,4.696153846,4738.964902,-0.009033841
113.824095,115709,115.704,2407,4705.627962,4.705627962,4738.964902,-0.007034646
113.854551,115759,115.754,2419,4762.947494,4.762947494,4738.964902,0.005060724
113.904631,115809,115.804,2399,4667.865566,4.667865566,4738.964902,-0.015003136
113.973229,115859,115.854,2410,4719.881306,4.719881306,4738.964902,-0.004026955
114.004571,115909,115.904,2379,4575.0,4.575,4738.964902,-0.034599307
114.054605,115959,115.954,2399,4667.865566,4.667865566,4738.964902,-0.015003136
114.130949,116009,116.004,2409,4715.124555,4.715124555,4738.964902,-0.005030708
114.154554,116059,116.054,2420,4767.761194,4.767761194,4738.964902,0.006076494
114.204628,116109,116.104,2417,4753.337306,4.753337306,4738.964902,0.003032815
114.27262,116159,116.154,2419,4762.947494,4.762947494,4738.964902,0.005060724
114.304635,116209,116.204,2427,4801.618705,4.801618705,4738.964902,0.013220989
114.372231,116259,116.254,2429,4811.344538,4.811344538,4738.964902,0.015273301
114.404589,116309,116.304,2429,4811.344538,4.811344538,4738.964902,0.015273301
114.454634,116359,116.354,2436,4845.56962,4.84556962,4738.964902,0.022495359
114.515962,116409,116.404,2430,4816.216216,4.816216216,4738.964902,0.016301305
114.554568,116459,116.454,2423,4782.236842,4.782236842,4738.964902,0.009131095
114.604616,116509,116.504,2423,4782.236842,4.782236842,4738.964902,0.009131095
114.681098,116559,116.554,2421,4772.580645,4.772580645,4738.964902,0.007093478
114.704581,116609,116.604,2419,4762.947494,4.762947494,4738.964902,0.005060724
114.754576,116659,116.654,2421,4772.580645,4.772580645,4738.964902,0.007093478
114.822427,116709,116.704,2412,4729.411765,4.729411765,4738.964902,-0.00201587
114.854629,116759,116.754,2418,4758.139535,4.758139535,4738.964902,0.004046165
114.922625,116809,116.804,2411,4724.643705,4.724643705,4738.964902,-0.003022009
114.954576,116859,116.854,2406,4700.888099,4.700888099,4738.964902,-0.008034835
115.023018,116909,116.904,2419,4762.947494,4.762947494,4738.964902,0.005060724
115.054595,116959,116.954,2424,4787.073609,4.787073609,4738.964902,0.010151733
115.104645,117009,117.004,2439,4860.326087,4.860326087,4738.964902,0.025609218
115.166321,117059,117.054,2429,4811.344538,4.811344538,4738.964902,0.015273301
115.20463,117109,117.104,2428,4806.478704,4.806478704,4738.964902,0.014246529
115.254585,117159,117.154,2428,4806.478704,4.806478704,4738.964902,0.014246529
115.330439,117209,117.204,2413,4734.185493,4.734185493,4738.964902,-0.001008534
115.354589,117259,117.254,2409,4715.124555,4.715124555,4738.964902,-0.005030708
115.42196,117309,117.304,2413,4734.185493,4.734185493,4738.964902,-0.001008534
115.454599,117359,117.354,2409,4715.124555,4.715124555,4738.964902,-0.005030708
115.52231,117409,117.404,2391,4630.457746,4.630457746,4738.964902,-0.022896805
115.554595,117459,117.454,2409,4715.124555,4.715124555,4738.964902,-0.005030708
115.604559,117509,117.504,2400,4672.566372,4.672566372,4738.964902,-0.014011188
115.665885,117559,117.554,2399,4667.865566,4.667865566,4738.964902,-0.015003136
115.70458,117609,117.604,2405,4696.153846,4.696153846,4738.964902,-0.009033841
115.780517,117659,117.654,2400,4672.566372,4.672566372,4738.964902,-0.014011188
115.804596,117709,117.704,2400,4672.566372,4.672566372,4738.964902,-0.014011188
115.872215,117759,117.754,2398,4663.170301,4.663170301,4738.964902,-0.015993915
115.904608,117809,117.804,2411,4724.643705,4.724643705,4738.964902,-0.003022009
115.972659,117859,117.854,2413,4734.185493,4.734185493,4738.964902,-0.001008534
116.004572,117909,117.904,2433,4830.866426,4.830866426,4738.964902,0.019392742
116.054595,117959,117.954,2437,4850.482509,4.850482509,4738.964902,0.02353206
116.122778,118009,118.004,2429,4811.344538,4.811344538,4738.964902,0.015273301
116.15461,118059,118.054,2434,4835.761589,4.835761589,4738.964902,0.020425703
116.215023,118109,118.104,2425,4791.916168,4.791916168,4738.964902,0.011173593
116.25461,118159,118.154,2418,4758.139535,4.758139535,4738.964902,0.004046165
116.304606,118209,118.204,2416,4748.540798,4.748540798,4738.964902,0.002020673
116.379904,118259,118.254,2408,4710.373444,4.710373444,4738.964902,-0.006033271
116.404584,118309,118.304,2393,4639.776733,4.639776733,4738.964902,-0.020930345
116.454591,118359,118.354,2415,4743.75,4.74375,4738.964902,0.001009735
116.52523,118409,118.404,2417,4753.337306,4.753337306,4738.964902,0.003032815
116.554557,118459,118.454,2418,4758.139535,4.758139535,4738.964902,0.004046165
116.604585,118509,118.504,2417,4753.337306,4.753337306,4738.964902,0.003032815
116.672994,118559,118.554,2412,4729.411765,4.729411765,4738.964902,-0.00201587
116.704595,118609,118.604,2416,4748.540798,4.748540798,4738.964902,0.002020673
116.765901,118659,118.654,2421,4772.580645,4.772580645,4738.964902,0.007093478
116.804628,118709,118.704,2427,4801.618705,4.801618705,4738.964902,0.013220989
116.880423,118759,118.754,2431,4821.09375,4.82109375,4738.964902,0.017330546
116.904542,118809,118.804,2437,4850.482509,4.850482509,4738.964902,0.02353206
116.954621,118859,118.854,2443,4880.084746,4.880084746,4738.964902,0.029778622
117.024184,118909,118.904,2419,4762.947494,4.762947494,4738.964902,0.005060724
117.054604,118959,118.954,2411,4724.643705,4.724643705,4738.964902,-0.003022009
117.104533,119009,119.004,2414,4738.964902,4.738964902,4738.964902,0.0
117.172943,119059,119.054,2413,4734.185493,4.734185493,4738.964902,-0.001008534
117.204551,119109,119.104,2393,4639.776733,4.639776733,4738.964902,-0.020930345
117.265673,119159,119.154,2402,4681.984643,4.681984643,4738.964902,-0.012023777
117.304548,119209,119.204,2407,4705.627962,4.705627962,4738.964902,-0.007034646
117.354584,119259,119.254,2407,4705.627962,4.705627962,4738.964902,-0.007034646
117.430503,119309,119.304,2401,4677.272727,4.677272727,4738.964902,-0.01301807
117.454566,119359,119.354,2403,4686.702128,4.686702128,4738.964902,-0.01102831
117.504584,119409,119.404,2395,4649.117647,4.649117647,4738.964902,-0.018959257
117.572975,119459,119.454,2407,4705.627962,4.705627962,4738.964902,-0.007034646
117.604582,119509,119.504,2407,4705.627962,4.705627962,4738.964902,-0.007034646
117.654593,119559,119.554,2406,4700.888099,4.700888099,4738.964902,-0.008034835
117.723967,119609,119.604,2431,4821.09375,4.82109375,4738.964902,0.017330546
117.7546,119659,119.654,2433,4830.866426,4.830866426,4738.964902,0.019392742
117.81616,119709,119.704,2440,4865.256798,4.865256798,4738.964902,0.026649679
117.854551,119759,119.754,2415,4743.75,4.74375,4738.964902,0.001009735
117.904562,119809,119.804,2433,4830.866426,4.830866426,4738.964902,0.019392742
117.985674,119859,119.854,2422,4777.405858,4.777405858,4738.964902,0.008111678
118.004566,119909,119.904,2422,4777.405858,4.777405858,4738.964902,0.008111678
118.087434,119959,119.954,2409,4715.124555,4.715124555,4738.964902,-0.005030708
118.104581,120009,120.004,2409,4715.124555,4.715124555,4738.964902,-0.005030708
118.182074,120059,120.054,2410,4719.881306,4.719881306,4738.964902,-0.004026955
118.20455,120109,120.104,2407,4705.627962,4.705627962,4738.964902,-0.007034646
118.254553,120159,120.154,2408,4710.373444,4.710373444,4738.964902,-0.006033271
118.316738,120209,120.204,2437,4850.482509,4.850482509,4738.964902,0.02353206
118.354614,120259,120.254,2419,4762.947494,4.762947494,4738.964902,0.005060724
118.431316,120309,120.304,2433,4830.866426,4.830866426,4738.964902,0.019392742
118.454527,120359,120.354,2414,4738.964902,4.738964902,4738.964902,0.0
118.504505,120409,120.404,2436,4845.56962,4.84556962,4738.964902,0.022495359
118.573889,120459,120.454,2423,4782.236842,4.782236842,4738.964902,0.009131095
118.604617,120509,120.504,2425,4791.916168,4.791916168,4738.964902,0.011173593
118.673357,120559,120.554,2430,4816.216216,4.816216216,4738.964902,0.016301305
118.704616,120609,120.604,2418,4758.139535,4.758139535,4738.964902,0.004046165
118.766228,120659,120.654,2413,4734.185493,4.734185493,4738.964902,-0.001008534
118.804631,120709,120.704,2411,4724.643705,4.724643705,4738.964902,-0.003022009
118.874712,120759,120.754,2404,4691.425192,4.691425192,4738.964902,-0.010031665
118.904553,120809,120.804,2398,4663.170301,4.663170301,4738.964902,-0.015993915
118.954535,120859,120.854,2400,4672.566372,4.672566372,4738.964902,-0.014011188
119.028728,120909,120.904,2413,4734.185493,4.734185493,4738.964902,-0.001008534
119.054527,120959,120.954,2403,4686.702128,4.686702128,4738.964902,-0.01102831
119.10459,121009,121.004,2416,4748.540798,4.748540798,4738.964902,0.002020673
119.182322,121059,121.054,2411,4724.643705,4.724643705,4738.964902,-0.003022009
119.204516,121109,121.104,2419,4762.947494,4.762947494,4738.964902,0.005060724
119.254619,121159,121.154,2414,4738.964902,4.738964902,4738.964902,0.0
119.324043,121209,121.204,2404,4691.425192,4.691425192,4738.964902,-0.010031665
119.354516,121259,121.254,2405,4696.153846,4.696153846,4738.964902,-0.009033841
119.404532,121309,121.304,2427,4801.618705,4.801618705,4738.964902,0.013220989
119.467793,121359,121.354,2436,4845.56962,4.84556962,4738.964902,0.022495359
119.50456,121409,121.404,2439,4860.326087,4.860326087,4738.964902,0.025609218
119.586318,121459,121.454,2434,4835.761589,4.835761589,4738.964902,0.020425703
119.604594,121509,121.504,2426,4796.76453,4.79676453,4738.964902,0.012196678
119.673616,121559,121.554,2424,4787.073609,4.787073609,4738.964902,0.010151733
119.704604,121609,121.604,2411,4724.643705,4.724643705,4738.964902,-0.003022009
119.754637,121659,121.654,2404,4691.425192,4.691425192,4738.964902,-0.010031665
119.825526,121709,121.704,2402,4681.984643,4.681984643,4738.964902,-0.012023777
119.85459,121759,121.754,2419,4762.947494,4.762947494,4738.964902,0.005060724
119.904503,121809,121.804,2412,4729.411765,4.729411765,4738.964902,-0.00201587
119.967109,121859,121.854,2413,4734.185493,4.734185493,4738.964902,-0.001008534
120.004613,121909,121.904,2414,4738.964902,4.738964902,4738.964902,0.0
120.08182,121959,121.954,2396,4653.796351,4.653796351,4738.964902,-0.017971973
120.104572,122009,122.004,2408,4710.373444,4.710373444,4738.964902,-0.006033271
120.154587,122059,122.054,2451,4919.890511,4.919890511,4738.964902,0.038178297
120.22378,122109,122.104,2414,4738.964902,4.738964902,4738.964902,0.0
120.2545,122159,122.154,2436,4845.56962,4.84556962,4738.964902,0.022495359
120.304486,122209,122.204,2436,4845.56962,4.84556962,4738.964902,0.022495359
120.374873,122259,122.254,2441,4870.19347,4.87019347,4738.964902,0.027691399
120.404505,122309,122.304,2422,4777.405858,4.777405858,4738.964902,0.008111678
120.469624,122359,122.354,2416,4748.540798,4.748540798,4738.964902,0.002020673
120.504557,122409,122.404,2411,4724.643705,4.724643705,4738.964902,-0.003022009
120.584214,122459,122.454,2383,4593.399533,4.593399533,4738.964902,-0.030716701
120.604557,122509,122.504,2404,4691.425192,4.691425192,4738.964902,-0.010031665
120.674941,122559,122.554,2382,4588.791594,4.588791594,4738.964902,-0.031689053
120.704523,122609,122.604,2409,4715.124555,4.715124555,4738.964902,-0.005030708
120.754567,122659,122.654,2398,4663.170301,4.663170301,4738.964902,-0.015993915
120.825322,122709,122.704,2382,4588.791594,4.588791594,4738.964902,-0.031689053
120.854635,122759,122.754,2389,4621.16061,4.62116061,4738.964902,-0.024858655
120.922923,122809,122.804,2396,4653.796351,4.653796351,4738.964902,-0.017971973
120.954635,122859,122.854,2398,4663.170301,4.663170301,4738.964902,-0.015993915
121.018111,122909,122.904,2411,4724.643705,4.724643705,4738.964902,-0.003022009
121.054677,122959,122.954,2400,4672.566372,4.672566372,4738.964902,-0.014011188
121.104581,123009,123.004,2418,4758.139535,4.758139535,4738.964902,0.004046165
121.181792,123059,123.054,2428,4806.478704,4.806478704,4738.964902,0.014246529
121.204589,123109,123.104,2432,4825.97715,4.82597715,4738.964902,0.018361024
121.274249,123159,123.154,2416,4748.540798,4.748540798,4738.964902,0.002020673
121.304544,123209,123.204,2438,4855.401328,4.855401328,4738.964902,0.024570012
121.354529,123259,123.254,2427,4801.618705,4.801618705,4738.964902,0.013220989
121.425729,123309,123.304,2417,4753.337306,4.753337306,4738.964902,0.003032815
121.454495,123359,123.354,2407,4705.627962,4.705627962,4738.964902,-0.007034646
121.50451,123409,123.404,2412,4729.411765,4.729411765,4738.964902,-0.00201587
121.568839,123459,123.454,2407,4705.627962,4.705627962,4738.964902,-0.007034646
121.604577,123509,123.504,2413,4734.185493,4.734185493,4738.964902,-0.001008534
121.68961,123559,123.554,2408,4710.373444,4.710373444,4738.964902,-0.006033271
121.704538,123609,123.604,2408,4710.373444,4.710373444,4738.964902,-0.006033271
121.75457,123659,123.654,2407,4705.627962,4.705627962,4738.964902,-0.007034646
121.825298,123709,123.704,2401,4677.272727,4.677272727,4738.964902,-0.01301807
121.854573,123759,123.754,2436,4845.56962,4.84556962,4738.964902,0.022495359
121.925141,123809,123.804,2421,4772.580645,4.772580645,4738.964902,0.007093478
121.954612,123859,123.854,2431,4821.09375,4.82109375,4738.964902,0.017330546
122.020811,123909,123.904,2425,4791.916168,4.791916168,4738.964902,0.011173593
122.054532,123959,123.954,2425,4791.916168,4.791916168,4738.964902,0.011173593
122.104492,124009,124.004,2419,4762.947494,4.762947494,4738.964902,0.005060724
122.184853,124059,124.054,2414,4738.964902,4.738964902,4738.964902,0.0
122.204541,124109,124.104,2404,4691.425192,4.691425192,4738.964902,-0.010031665
122.273967,124159,124.154,2400,4672.566372,4.672566372,4738.964902,-0.014011188
122.304536,124209,124.204,2385,4602.631579,4.602631579,4738.964902,-0.028768587
122.354602,124259,124.254,2408,4710.373444,4.710373444,4738.964902,-0.006033271
122.423529,124309,124.304,2394,4644.444444,4.644444444,4738.964902,-0.01994538
122.454512,124359,124.354,2397,4658.480565,4.658480565,4738.964902,-0.016983527
122.50457,124409,124.404,2389,4621.16061,4.62116061,4738.964902,-0.024858655
122.568058,124459,124.454,2392,4635.114504,4.635114504,4738.964902,-0.021914152
122.604505,124509,124.504,2404,4691.425192,4.691425192,4738.964902,-0.010031665
122.654512,124559,124.554,2402,4681.984643,4.681984643,4738.964902,-0.012023777
122.740695,124609,124.604,2391,4630.457746,4.630457746,4738.964902,-0.022896805
122.754477,124659,124.654,2397,4658.480565,4.658480565,4738.964902,-0.016983527
122.804574,124709,124.704,2410,4719.881306,4.719881306,4738.964902,-0.004026955
122.874221,124759,124.754,2416,4748.540798,4.748540798,4738.964902,0.002020673
122.904595,124809,124.804,2435,4840.662651,4.840662651,4738.964902,0.021459908
122.972991,124859,124.854,2440,4865.256798,4.865256798,4738.964902,0.026649679
123.004531,124909,124.904,2433,4830.866426,4.830866426,4738.964902,0.019392742
123.054525,124959,124.954,2437,4850.482509,4.850482509,4738.964902,0.02353206
123.116275,125009,125.004,2411,4724.643705,4.724643705,4738.964902,-0.003022009
123.154582,125059,125.054,2400,4672.566372,4.672566372,4738.964902,-0.014011188
123.230627,125109,125.104,2403,4686.702128,4.686702128,4738.964902,-0.01102831
123.254495,125159,125.154,2405,4696.153846,4.696153846,4738.964902,-0.009033841
123.304562,125209,125.204,2412,4729.411765,4.729411765,4738.964902,-0.00201587
123.373054,125259,125.254,2404,4691.425192,4.691425192,4738.964902,-0.010031665
123.40452,125309,125.304,2396,4653.796351,4.653796351,4738.964902,-0.017971973
123.454576,125359,125.354,2399,4667.865566,4.667865566,4738.964902,-0.015003136
123.525475,125409,125.404,2414,4738.964902,4.738964902,4738.964902,0.0
123.55448,125459,125.454,2424,4787.073609,4.787073609,4738.964902,0.010151733
123.604506,125509,125.504,2406,4700.888099,4.700888099,4738.964902,-0.008034835
123.667688,125559,125.554,2418,4758.139535,4.758139535,4738.964902,0.004046165
123.704501,125609,125.604,2422,4777.405858,4.777405858,4738.964902,0.008111678
123.754568,125659,125.654,2423,4782.236842,4.782236842,4738.964902,0.009131095
123.825073,125709,125.704,2422,4777.405858,4.777405858,4738.964902,0.008111678
123.854539,125759,125.754,2423,4782.236842,4.782236842,4738.964902,0.009131095
123.904571,125809,125.804,2409,4715.124555,4.715124555,4738.964902,-0.005030708
123.981557,125859,125.854,2406,4700.888099,4.700888099,4738.964902,-0.008034835
124.004562,125909,125.904,2394,4644.444444,4.644444444,4738.964902,-0.01994538
124.054517,125959,125.954,2396,4653.796351,4.653796351,4738.964902,-0.017971973
124.124169,126009,126.004,2388,4616.520211,4.616520211,4738.964902,-0.025837856
124.154516,126059,126.054,2397,4658.480565,4.658480565,4738.964902,-0.016983527
124.204477,126109,126.104,2393,4639.776733,4.639776733,4738.964902,-0.020930345
124.2662,126159,126.154,2395,4649.117647,4.649117647,4738.964902,-0.018959257
124.304554,126209,126.204,2398,4663.170301,4.663170301,4738.964902,-0.015993915
124.38099,126259,126.254,2401,4677.272727,4.677272727,4738.964902,-0.01301807
124.404529,126309,126.304,2401,4677.272727,4.677272727,4738.964902,-0.01301807
124.454545,126359,126.354,2401,4677.272727,4.677272727,4738.964902,-0.01301807
124.523956,126409,126.404,2402,4681.984643,4.681984643,4738.964902,-0.012023777
124.554503,126459,126.454,2431,4821.09375,4.82109375,4738.964902,0.017330546
124.604533,126509,126.504,2415,4743.75,4.74375,4738.964902,0.001009735
124.67379,126559,126.554,2438,4855.401328,4.855401328,4738.964902,0.024570012
124.704531,126609,126.604,2407,4705.627962,4.705627962,4738.964902,-0.007034646
124.754513,126659,126.654,2418,4758.139535,4.758139535,4738.964902,0.004046165
124.81706,126709,126.704,2408,4710.373444,4.710373444,4738.964902,-0.006033271
124.854493,126759,126.754,2412,4729.411765,4.729411765,4738.964902,-0.00201587
124.904531,126809,126.804,2405,4696.153846,4.696153846,4738.964902,-0.009033841
124.982393,126859,126.854,2415,4743.75,4.74375,4738.964902,0.001009735
125.004582,126909,126.904,2403,4686.702128,4.686702128,4738.964902,-0.01102831
125.074241,126959,126.954,2400,4672.566372,4.672566372,4738.964902,-0.014011188
125.104512,127009,127.004,2398,4663.170301,4.663170301,4738.964902,-0.015993915
125.154542,127059,127.054,2396,4653.796351,4.653796351,4738.964902,-0.017971973
125.224186,127109,127.104,2408,4710.373444,4.710373444,4738.964902,-0.006033271
125.254505,127159,127.154,2406,4700.888099,4.700888099,4738.964902,-0.008034835
125.304575,127209,127.204,2412,4729.411765,4.729411765,4738.964902,-0.00201587
125.367111,127259,127.254,2418,4758.139535,4.758139535,4738.964902,0.004046165
125.404536,127309,127.304,2420,4767.761194,4.767761194,4738.964902,0.006076494
125.454534,127359,127.354,2416,4748.540798,4.748540798,4738.964902,0.002020673
125.532355,127409,127.404,2430,4816.216216,4.816216216,4738.964902,0.016301305
125.554512,127459,127.454,2417,4753.337306,4.753337306,4738.964902,0.003032815
125.604524,127509,127.504,2404,4691.425192,4.691425192,4738.964902,-0.010031665
125.673743,127559,127.554,2401,4677.272727,4.677272727,4738.964902,-0.01301807
125.70453,127609,127.604,2397,4658.480565,4.658480565,4738.964902,-0.016983527
125.773815,127659,127.654,2403,4686.702128,4.686702128,4738.964902,-0.01102831
125.80453,127709,127.704,2405,4696.153846,4.696153846,4738.964902,-0.009033841
125.854517,127759,127.754,2391,4630.457746,4.630457746,4738.964902,-0.022896805
125.917834,127809,127.804,2371,4538.457077,4.538457077,4738.964902,-0.042310469
125.954546,127859,127.854,2391,4630.457746,4.630457746,4738.964902,-0.022896805
126.032824,127909,127.904,2397,4658.480565,4.658480565,4738.964902,-0.016983527
126.05446,127959,127.954,2402,4681.984643,4.681984643,4738.964902,-0.012023777
126.104488,128009,128.004,2405,4696.153846,4.696153846,4738.964902,-0.009033841
126.17363,128059,128.054,2399,4667.865566,4.667865566,4738.964902,-0.015003136
126.204456,128109,128.104,2400,4672.566372,4.672566372,4738.964902,-0.014011188
126.254549,128159,128.154,2408,4710.373444,4.710373444,4738.964902,-0.006033271
126.324297,128209,128.204,2431,4821.09375,4.82109375,4738.964902,0.017330546
126.354474,128259,128.254,2425,4791.916168,4.791916168,4738.964902,0.011173593
126.404484,128309,128.304,2406,4700.888099,4.700888099,4738.964902,-0.008034835
126.466703,128359,128.354,2423,4782.236842,4.782236842,4738.964902,0.009131095
126.504492,128409,128.404,2420,4767.761194,4.767761194,4738.964902,0.006076494
126.581255,128459,128.454,2409,4715.124555,4.715124555,4738.964902,-0.005030708
126.604523,128509,128.504,2408,4710.373444,4.710373444,4738.964902,-0.006033271
126.674086,128559,128.554,2408,4710.373444,4.710373444,4738.964902,-0.006033271
126.704564,128609,128.604,2400,4672.566372,4.672566372,4738.964902,-0.014011188
126.773994,128659,128.654,2407,4705.627962,4.705627962,4738.964902,-0.007034646
126.804493,128709,128.704,2410,4719.881306,4.719881306,4738.964902,-0.004026955
126.854419,128759,128.754,2402,4681.984643,4.681984643,4738.964902,-0.012023777
126.924722,128809,128.804,2395,4649.117647,4.649117647,4738.964902,-0.018959257
126.954493,128859,128.854,2411,4724.643705,4.724643705,4738.964902,-0.003022009
127.017148,128909,128.904,2407,4705.627962,4.705627962,4738.964902,-0.007034646
127.05449,128959,128.954,2420,4767.761194,4.767761194,4738.964902,0.006076494
127.10449,129009,129.004,2422,4777.405858,4.777405858,4738.964902,0.008111678
127.181926,129059,129.054,2420,4767.761194,4.767761194,4738.964902,0.006076494
127.204488,129109,129.104,2415,4743.75,4.74375,4738.964902,0.001009735
127.254463,129159,129.154,2415,4743.75,4.74375,4738.964902,0.001009735
127.323465,129209,129.204,2397,4658.480565,4.658480565,4738.964902,-0.016983527
127.354514,129259,129.254,2391,4630.457746,4.630457746,4738.964902,-0.022896805
127.422962,129309,129.304,2396,4653.796351,4.653796351,4738.964902,-0.017971973
127.454475,129359,129.354,2399,4667.865566,4.667865566,4738.964902,-0.015003136
127.504547,129409,129.404,2378,4570.413512,4.570413512,4738.964902,-0.035567132
127.566966,129459,129.454,2394,4644.444444,4.644444444,4738.964902,-0.01994538
127.604506,129509,129.504,2373,4547.560976,4.547560976,4738.964902,-0.040389395
127.654527,129559,129.554,2379,4575.0,4.575,4738.964902,-0.034599307
127.736094,129609,129.604,2387,4611.885246,4.611885246,4738.964902,-0.02681591
127.754486,129659,129.654,2390,4625.806452,4.625806452,4738.964902,-0.023878305
127.804503,129709,129.704,2388,4616.520211,4.616520211,4738.964902,-0.025837856
127.874292,129759,129.754,2393,4639.776733,4.639776733,4738.964902,-0.020930345
127.904569,129809,129.804,2384,4598.012858,4.598012858,4738.964902,-0.029743213
127.973859,129859,129.854,2405,4696.153846,4.696153846,4738.964902,-0.009033841
128.00456,129909,129.904,2423,4782.236842,4.782236842,4738.964902,0.009131095
128.074582,129959,129.954,2419,4762.947494,4.762947494,4738.964902,0.005060724
128.104492,130009,130.004,2413,4734.185493,4.734185493,4738.964902,-0.001008534
128.154472,130059,130.054,2423,4782.236842,4.782236842,4738.964902,0.009131095
128.216818,130109,130.104,2419,4762.947494,4.762947494,4738.964902,0.005060724
128.254488,130159,130.154,2409,4715.124555,4.715124555,4738.964902,-0.005030708
128.330387,130209,130.204,2410,4719.881306,4.719881306,4738.964902,-0.004026955
128.354494,130259,130.254,2392,4635.114504,4.635114504,4738.964902,-0.021914152
128.423012,130309,130.304,2411,4724.643705,4.724643705,4738.964902,-0.003022009
128.454447,130359,130.354,2401,4677.272727,4.677272727,4738.964902,-0.01301807
128.504487,130409,130.404,2394,4644.444444,4.644444444,4738.964902,-0.01994538
128.573917,130459,130.454,2409,4715.124555,4.715124555,4738.964902,-0.005030708
128.604518,130509,130.504,2393,4639.776733,4.639776733,4738.964902,-0.020930345
128.666838,130559,130.554,2407,4705.627962,4.705627962,4738.964902,-0.007034646
128.704539,130609,130.604,2413,4734.185493,4.734185493,4738.964902,-0.001008534
128.781439,130659,130.654,2406,4700.888099,4.700888099,4738.964902,-0.008034835
128.804474,130709,130.704,2415,4743.75,4.74375,4738.964902,0.001009735
128.854504,130759,130.754,2418,4758.139535,4.758139535,4738.964902,0.004046165
128.924276,130809,130.804,2421,4772.580645,4.772580645,4738.964902,0.007093478
128.954493,130859,130.854,2415,4743.75,4.74375,4738.964902,0.001009735
129.017332,130909,130.904,2413,4734.185493,4.734185493,4738.964902,-0.001008534
129.05444,130959,130.954,2402,4681.984643,4.681984643,4738.964902,-0.012023777
129.104478,131009,131.004,2398,4663.170301,4.663170301,4738.964902,-0.015993915
129.181961,131059,131.054,2385,4602.631579,4.602631579,4738.964902,-0.028768587
129.204453,131109,131.104,2383,4593.399533,4.593399533,4738.964902,-0.030716701
129.254481,131159,131.154,2389,4621.16061,4.62116061,4738.964902,-0.024858655
129.316861,131209,131.204,2393,4639.776733,4.639776733,4738.964902,-0.020930345
129.354482,131259,131.254,2393,4639.776733,4.639776733,4738.964902,-0.020930345
129.423265,131309,131.304,2387,4611.885246,4.611885246,4738.964902,-0.02681591
129.454466,131359,131.354,2396,4653.796351,4.653796351,4738.964902,-0.017971973
129.504489,131409,131.404,2396,4653.796351,4.653796351,4738.964902,-0.017971973
129.581706,131459,131.454,2403,4686.702128,4.686702128,4738.964902,-0.01102831
129.604471,131509,131.504,2411,4724.643705,4.724643705,4738.964902,-0.003022009
129.654521,131559,131.554,2403,4686.702128,4.686702128,4738.964902,-0.01102831
129.724099,131609,131.604,2414,4738.964902,4.738964902,4738.964902,0.0
129.754505,131659,131.654,2423,4782.236842,4.782236842,4738.964902,0.009131095
129.80453,131709,131.704,2411,4724.643705,4.724643705,4738.964902,-0.003022009
129.8673,131759,131.754,2413,4734.185493,4.734185493,4738.964902,-0.001008534
129.904449,131809,131.804,2416,4748.540798,4.748540798,4738.964902,0.002020673
129.954507,131859,131.854,2412,4729.411765,4.729411765,4738.964902,-0.00201587
130.032933,131909,131.904,2401,4677.272727,4.677272727,4738.964902,-0.01301807
130.054531,131959,131.954,2397,4658.480565,4.658480565,4738.964902,-0.016983527
130.104438,132009,132.004,2400,4672.566372,4.672566372,4738.964902,-0.014011188
130.174323,132059,132.054,2408,4710.373444,4.710373444,4738.964902,-0.006033271
130.204471,132109,132.104,2413,4734.185493,4.734185493,4738.964902,-0.001008534
130.273535,132159,132.154,2417,4753.337306,4.753337306,4738.964902,0.003032815
130.304473,132209,132.204,2383,4593.399533,4.593399533,4738.964902,-0.030716701
130.366357,132259,132.254,2424,4787.073609,4.787073609,4738.964902,0.010151733
130.40453,132309,132.304,2410,4719.881306,4.719881306,4738.964902,-0.004026955
130.480538,132359,132.354,2411,4724.643705,4.724643705,4738.964902,-0.003022009
130.504495,132409,132.404,2405,4696.153846,4.696153846,4738.964902,-0.009033841
130.554468,132459,132.454,2410,4719.881306,4.719881306,4738.964902,-0.004026955
130.62412,132509,132.504,2418,4758.139535,4.758139535,4738.964902,0.004046165
130.654508,132559,132.554,2413,4734.185493,4.734185493,4738.964902,-0.001008534
130.723766,132609,132.604,2416,4748.540798,4.748540798,4738.964902,0.002020673
130.754475,132659,132.654,2396,4653.796351,4.653796351,4738.964902,-0.017971973
130.804518,132709,132.704,2395,4649.117647,4.649117647,4738.964902,-0.018959257
130.866803,132759,132.754,2402,4681.984643,4.681984643,4738.964902,-0.012023777
130.904431,132809,132.804,2375,4556.686047,4.556686047,4738.964902,-0.038463854
130.954496,132859,132.854,2392,4635.114504,4.635114504,4738.964902,-0.021914152
131.032951,132909,132.904,2400,4672.566372,4.672566372,4738.964902,-0.014011188
131.054482,132959,132.954,2392,4635.114504,4.635114504,4738.964902,-0.021914152
131.104437,133009,133.004,2387,4611.885246,4.611885246,4738.964902,-0.02681591
131.174312,133059,133.054,2394,4644.444444,4.644444444,4738.964902,-0.01994538
131.2045,133109,133.104,2408,4710.373444,4.710373444,4738.964902,-0.006033271
131.274936,133159,133.154,2398,4663.170301,4.663170301,4738.964902,-0.015993915
131.304425,133209,133.204,2382,4588.791594,4.588791594,4738.964902,-0.031689053
131.354494,133259,133.254,2415,4743.75,4.74375,4738.964902,0.001009735
131.416708,133309,133.304,2412,4729.411765,4.729411765,4738.964902,-0.00201587
131.454439,133359,133.354,2426,4796.76453,4.79676453,4738.964902,0.012196678
131.504499,133409,133.404,2415,4743.75,4.74375,4738.964902,0.001009735
131.583086,133459,133.454,2407,4705.627962,4.705627962,4738.964902,-0.007034646
131.60449,133509,133.504,2429,4811.344538,4.811344538,4738.964902,0.015273301
131.654472,133559,133.554,2414,4738.964902,4.738964902,4738.964902,0.0
131.724279,133609,133.604,2397,4658.480565,4.658480565,4738.964902,-0.016983527
131.754438,133659,133.654,2400,4672.566372,4.672566372,4738.964902,-0.014011188
131.804465,133709,133.704,2406,4700.888099,4.700888099,4738.964902,-0.008034835
131.878894,133759,133.754,2403,4686.702128,4.686702128,4738.964902,-0.01102831
131.90444,133809,133.804,2406,4700.888099,4.700888099,4738.964902,-0.008034835
131.954492,133859,133.854,2401,4677.272727,4.677272727,4738.964902,-0.01301807
132.017803,133909,133.904,2398,4663.170301,4.663170301,4738.964902,-0.015993915
132.054468,133959,133.954,2397,4658.480565,4.658480565,4738.964902,-0.016983527
132.104452,134009,134.004,2410,4719.881306,4.719881306,4738.964902,-0.004026955
132.183341,134059,134.054,2421,4772.580645,4.772580645,4738.964902,0.007093478
132.204443,134109,134.104,2417,4753.337306,4.753337306,4738.964902,0.003032815
132.254419,134159,134.154,2424,4787.073609,4.787073609,4738.964902,0.010151733
132.324047,134209,134.204,2421,4772.580645,4.772580645,4738.964902,0.007093478
132.354451,134259,134.254,2426,4796.76453,4.79676453,4738.964902,0.012196678
132.423529,134309,134.304,2418,4758.139535,4.758139535,4738.964902,0.004046165
132.454477,134359,134.354,2407,4705.627962,4.705627962,4738.964902,-0.007034646
132.516804,134409,134.404,2394,4644.444444,4.644444444,4738.964902,-0.01994538
132.554452,134459,134.454,2405,4696.153846,4.696153846,4738.964902,-0.009033841
132.604503,134509,134.504,2395,4649.117647,4.649117647,4738.964902,-0.018959257
132.68193,134559,134.554,2388,4616.520211,4.616520211,4738.964902,-0.025837856
132.704398,134609,134.604,2396,4653.796351,4.653796351,4738.964902,-0.017971973
132.754484,134659,134.654,2381,4584.189032,4.584189032,4738.964902,-0.032660269
132.824524,134709,134.704,2391,4630.457746,4.630457746,4738.964902,-0.022896805
132.85446,134759,134.754,2388,4616.520211,4.616520211,4738.964902,-0.025837856
132.904439,134809,134.804,2386,4607.255705,4.607255705,4738.964902,-0.02779282
133.016431,134859,134.854,2397,4658.480565,4.658480565,4738.964902,-0.016983527
133.118544,134909,134.904,2392,4635.114504,4.635114504,4738.964902,-0.021914152
133.208707,134959,134.954,2399,4667.865566,4.667865566,4738.964902,-0.015003136
133.208978,135009,135.004,2407,4705.627962,4.705627962,4738.964902,-0.007034646
133.209218,135059,135.054,2427,4801.618705,4.801618705,4738.964902,0.013220989
133.209474,135109,135.104,2413,4734.185493,4.734185493,4738.964902,-0.001008534
133.254499,135159,135.154,2386,4607.255705,4.607255705,4738.964902,-0.02779282
133.324661,135209,135.204,2422,4777.405858,4.777405858,4738.964902,0.008111678
133.354413,135259,135.254,2416,4748.540798,4.748540798,4738.964902,0.002020673
133.404526,135309,135.304,2404,4691.425192,4.691425192,4738.964902,-0.010031665
133.473307,135359,135.354,2400,4672.566372,4.672566372,4738.964902,-0.014011188
133.504446,135409,135.404,2390,4625.806452,4.625806452,4738.964902,-0.023878305
133.554414,135459,135.454,2404,4691.425192,4.691425192,4738.964902,-0.010031665
133.616893,135509,135.504,2404,4691.425192,4.691425192,4738.964902,-0.010031665
133.654414,135559,135.554,2393,4639.776733,4.639776733,4738.964902,-0.020930345
133.70449,135609,135.604,2403,4686.702128,4.686702128,4738.964902,-0.01102831
133.781901,135659,135.654,2370,4533.913043,4.533913043,4738.964902,-0.043269335
133.804558,135709,135.704,2406,4700.888099,4.700888099,4738.964902,-0.008034835
133.873579,135759,135.754,2413,4734.185493,4.734185493,4738.964902,-0.001008534
133.904494,135809,135.804,2408,4710.373444,4.710373444,4738.964902,-0.006033271
133.954406,135859,135.854,2415,4743.75,4.74375,4738.964902,0.001009735
134.02392,135909,135.904,2417,4753.337306,4.753337306,4738.964902,0.003032815
134.054443,135959,135.954,2417,4753.337306,4.753337306,4738.964902,0.003032815
134.104534,136009,136.004,2416,4748.540798,4.748540798,4738.964902,0.002020673
134.166505,136059,136.054,2404,4691.425192,4.691425192,4738.964902,-0.010031665
134.204468,136109,136.104,2400,4672.566372,4.672566372,4738.964902,-0.014011188
134.254453,136159,136.154,2413,4734.185493,4.734185493,4738.964902,-0.001008534
134.331143,136209,136.204,2408,4710.373444,4.710373444,4738.964902,-0.006033271
134.354482,136259,136.254,2398,4663.170301,4.663170301,4738.964902,-0.015993915
134.422366,136309,136.304,2401,4677.272727,4.677272727,4738.964902,-0.01301807
134.454455,136359,136.354,2393,4639.776733,4.639776733,4738.964902,-0.020930345
134.504496,136409,136.404,2385,4602.631579,4.602631579,4738.964902,-0.028768587
134.566132,136459,136.454,2383,4593.399533,4.593399533,4738.964902,-0.030716701
134.604458,136509,136.504,2387,4611.885246,4.611885246,4738.964902,-0.02681591
134.654508,136559,136.554,2388,4616.520211,4.616520211,4738.964902,-0.025837856
134.72568,136609,136.604,2413,4734.185493,4.734185493,4738.964902,-0.001008534
134.754446,136659,136.654,2392,4635.114504,4.635114504,4738.964902,-0.021914152
134.804516,136709,136.704,2410,4719.881306,4.719881306,4738.964902,-0.004026955
134.881414,136759,136.754,2413,4734.185493,4.734185493,4738.964902,-0.001008534
134.904421,136809,136.804,2422,4777.405858,4.777405858,4738.964902,0.008111678
134.954416,136859,136.854,2408,4710.373444,4.710373444,4738.964902,-0.006033271
135.023904,136909,136.904,2411,4724.643705,4.724643705,4738.964902,-0.003022009
135.054429,136959,136.954,2415,4743.75,4.74375,4738.964902,0.001009735
135.104401,137009,137.004,2407,4705.627962,4.705627962,4738.964902,-0.007034646
135.173863,137059,137.054,2403,4686.702128,4.686702128,4738.964902,-0.01102831
135.204448,137109,137.104,2399,4667.865566,4.667865566,4738.964902,-0.015003136
135.266976,137159,137.154,2422,4777.405858,4.777405858,4738.964902,0.008111678
135.304496,137209,137.204,2401,4677.272727,4.677272727,4738.964902,-0.01301807
135.382464,137259,137.254,2396,4653.796351,4.653796351,4738.964902,-0.017971973
135.40445,137309,137.304,2416,4748.540798,4.748540798,4738.964902,0.002020673
135.454472,137359,137.354,2415,4743.75,4.74375,4738.964902,0.001009735
135.524689,137409,137.404,2401,4677.272727,4.677272727,4738.964902,-0.01301807
135.554444,137459,137.454,2404,4691.425192,4.691425192,4738.964902,-0.010031665
135.604427,137509,137.504,2411,4724.643705,4.724643705,4738.964902,-0.003022009
135.676188,137559,137.554,2411,4724.643705,4.724643705,4738.964902,-0.003022009
135.704424,137609,137.604,2418,4758.139535,4.758139535,4738.964902,0.004046165
135.75445,137659,137.654,2415,4743.75,4.74375,4738.964902,0.001009735
135.818661,137709,137.704,2414,4738.964902,4.738964902,4738.964902,0.0
135.854452,137759,137.754,2389,4621.16061,4.62116061,4738.964902,-0.024858655
135.933454,137809,137.804,2391,4630.457746,4.630457746,4738.964902,-0.022896805
135.954468,137859,137.854,2400,4672.566372,4.672566372,4738.964902,-0.014011188
136.026487,137909,137.904,2397,4658.480565,4.658480565,4738.964902,-0.016983527
136.054407,137959,137.954,2388,4616.520211,4.616520211,4738.964902,-0.025837856
136.104423,138009,138.004,2380,4579.591837,4.579591837,4738.964902,-0.033630354
136.175801,138059,138.054,2383,4593.399533,4.593399533,4738.964902,-0.030716701
136.204412,138109,138.104,2387,4611.885246,4.611885246,4738.964902,-0.02681591
136.254401,138159,138.154,2386,4607.255705,4.607255705,4738.964902,-0.02779282
136.318459,138209,138.204,2393,4639.776733,4.639776733,4738.964902,-0.020930345
136.353502,138259,138.254,2378,4570.413512,4.570413512,4738.964902,-0.035567132
136.404483,138309,138.304,2394,4644.444444,4.644444444,4738.964902,-0.01994538
136.483136,138359,138.354,2394,4644.444444,4.644444444,4738.964902,-0.01994538
136.504409,138409,138.404,2391,4630.457746,4.630457746,4738.964902,-0.022896805
136.553444,138459,138.454,2423,4782.236842,4.782236842,4738.964902,0.009131095
136.624172,138509,138.504,2430,4816.216216,4.816216216,4738.964902,0.016301305
136.654413,138559,138.554,2407,4705.627962,4.705627962,4738.964902,-0.007034646
136.724635,138609,138.604,2412,4729.411765,4.729411765,4738.964902,-0.00201587
136.753449,138659,138.654,2419,4762.947494,4.762947494,4738.964902,0.005060724
136.803438,138709,138.704,2409,4715.124555,4.715124555,4738.964902,-0.005030708
136.866481,138759,138.754,2412,4729.411765,4.729411765,4738.964902,-0.00201587
136.903432,138809,138.804,2400,4672.566372,4.672566372,4738.964902,-0.014011188
136.953444,138859,138.854,2406,4700.888099,4.700888099,4738.964902,-0.008034835
137.034007,138909,138.904,2402,4681.984643,4.681984643,4738.964902,-0.012023777
137.053436,138959,138.954,2412,4729.411765,4.729411765,4738.964902,-0.00201587
137.103429,139009,139.004,2415,4743.75,4.74375,4738.964902,0.001009735
137.174641,139059,139.054,2407,4705.627962,4.705627962,4738.964902,-0.007034646
137.203427,139109,139.104,2401,4677.272727,4.677272727,4738.964902,-0.01301807
137.253441,139159,139.154,2405,4696.153846,4.696153846,4738.964902,-0.009033841
137.324362,139209,139.204,2391,4630.457746,4.630457746,4738.964902,-0.022896805
137.354463,139259,139.254,2413,4734.185493,4.734185493,4738.964902,-0.001008534
137.418174,139309,139.304,2406,4700.888099,4.700888099,4738.964902,-0.008034835
137.454461,139359,139.354,2412,4729.411765,4.729411765,4738.964902,-0.00201587
137.503453,139409,139.404,2411,4724.643705,4.724643705,4738.964902,-0.003022009
137.583108,139459,139.454,2408,4710.373444,4.710373444,4738.964902,-0.006033271
137.603442,139509,139.504,2401,4677.272727,4.677272727,4738.964902,-0.01301807
137.653414,139559,139.554,2392,4635.114504,4.635114504,4738.964902,-0.021914152
137.725872,139609,139.604,2402,4681.984643,4.681984643,4738.964902,-0.012023777
137.753437,139659,139.654,2385,4602.631579,4.602631579,4738.964902,-0.028768587
137.825713,139709,139.704,2385,4602.631579,4.602631579,4738.964902,-0.028768587
137.853438,139759,139.754,2386,4607.255705,4.607255705,4738.964902,-0.02779282
137.904399,139809,139.804,2378,4570.413512,4.570413512,4738.964902,-0.035567132
137.968741,139859,139.854,2384,4598.012858,4.598012858,4738.964902,-0.029743213
138.004448,139909,139.904,2380,4579.591837,4.579591837,4738.964902,-0.033630354
138.084276,139959,139.954,2375,4556.686047,4.556686047,4738.964902,-0.038463854
138.103398,140009,140.004,2384,4598.012858,4.598012858,4738.964902,-0.029743213
138.153459,140059,140.054,2409,4715.124555,4.715124555,4738.964902,-0.005030708
138.225263,140109,140.104,2372,4543.006384,4.543006384,4738.964902,-0.041350489
138.253425,140159,140.154,2431,4821.09375,4.82109375,4738.964902,0.017330546
138.303402,140209,140.204,2421,4772.580645,4.772580645,4738.964902,0.007093478
138.373945,140259,140.254,2422,4777.405858,4.777405858,4738.964902,0.008111678
138.403416,140309,140.304,2403,4686.702128,4.686702128,4738.964902,-0.01102831
138.467486,140359,140.354,2414,4738.964902,4.738964902,4738.964902,0.0
138.503403,140409,140.404,2417,4753.337306,4.753337306,4738.964902,0.003032815
138.55344,140459,140.454,2403,4686.702128,4.686702128,4738.964902,-0.01102831
138.634568,140509,140.504,2395,4649.117647,4.649117647,4738.964902,-0.018959257
138.653422,140559,140.554,2383,4593.399533,4.593399533,4738.964902,-0.030716701
138.703443,140609,140.604,2394,4644.444444,4.644444444,4738.964902,-0.01994538
138.775433,140659,140.654,2398,4663.170301,4.663170301,4738.964902,-0.015993915
138.803469,140709,140.704,2399,4667.865566,4.667865566,4738.964902,-0.015003136
138.875782,140759,140.754,2392,4635.114504,4.635114504,4738.964902,-0.021914152
138.903434,140809,140.804,2395,4649.117647,4.649117647,4738.964902,-0.018959257
138.953431,140859,140.854,2416,4748.540798,4.748540798,4738.964902,0.002020673
139.019008,140909,140.904,2412,4729.411765,4.729411765,4738.964902,-0.00201587
139.053451,140959,140.954,2413,4734.185493,4.734185493,4738.964902,-0.001008534
139.103431,141009,141.004,2410,4719.881306,4.719881306,4738.964902,-0.004026955
139.183919,141059,141.054,2415,4743.75,4.74375,4738.964902,0.001009735
139.203405,141109,141.104,2416,4748.540798,4.748540798,4738.964902,0.002020673
139.253363,141159,141.154,2396,4653.796351,4.653796351,4738.964902,-0.017971973
139.317634,141209,141.204,2383,4593.399533,4.593399533,4738.964902,-0.030716701
139.353429,141259,141.254,2379,4575.0,4.575,4738.964902,-0.034599307
139.432931,141309,141.304,2394,4644.444444,4.644444444,4738.964902,-0.01994538
139.453438,141359,141.354,2392,4635.114504,4.635114504,4738.964902,-0.021914152
139.51849,141409,141.404,2384,4598.012858,4.598012858,4738.964902,-0.029743213
139.553492,141459,141.454,2381,4584.189032,4.584189032,4738.964902,-0.032660269
139.626557,141509,141.504,2373,4547.560976,4.547560976,4738.964902,-0.040389395
139.65342,141559,141.554,2382,4588.791594,4.588791594,4738.964902,-0.031689053
139.703421,141609,141.604,2379,4575.0,4.575,4738.964902,-0.034599307
139.785148,141659,141.654,2372,4543.006384,4.543006384,4738.964902,-0.041350489
139.803416,141709,141.704,2380,4579.591837,4.579591837,4738.964902,-0.033630354
139.853404,141759,141.754,2390,4625.806452,4.625806452,4738.964902,-0.023878305
139.917526,141809,141.804,2386,4607.255705,4.607255705,4738.964902,-0.02779282
139.953421,141859,141.854,2403,4686.702128,4.686702128,4738.964902,-0.01102831
140.027856,141909,141.904,2417,4753.337306,4.753337306,4738.964902,0.003032815
140.053401,141959,141.954,2421,4772.580645,4.772580645,4738.964902,0.007093478
140.103392,142009,142.004,2394,4644.444444,4.644444444,4738.964902,-0.01994538
140.18575,142059,142.054,2423,4782.236842,4.782236842,4738.964902,0.009131095
140.203421,142109,142.104,2418,4758.139535,4.758139535,4738.964902,0.004046165
140.275881,142159,142.154,2401,4677.272727,4.677272727,4738.964902,-0.01301807
140.303413,142209,142.204,2426,4796.76453,4.79676453,4738.964902,0.012196678
140.353419,142259,142.254,2396,4653.796351,4.653796351,4738.964902,-0.017971973
140.425615,142309,142.304,2394,4644.444444,4.644444444,4738.964902,-0.01994538
140.453414,142359,142.354,2392,4635.114504,4.635114504,4738.964902,-0.021914152
140.525529,142409,142.404,2408,4710.373444,4.710373444,4738.964902,-0.006033271
140.553399,142459,142.454,2403,4686.702128,4.686702128,4738.964902,-0.01102831
140.603397,142509,142.504,2396,4653.796351,4.653796351,4738.964902,-0.017971973
140.668641,142559,142.554,2403,4686.702128,4.686702128,4738.964902,-0.01102831
140.703399,142609,142.604,2410,4719.881306,4.719881306,4738.964902,-0.004026955
140.784077,142659,142.654,2409,4715.124555,4.715124555,4738.964902,-0.005030708
140.803392,142709,142.704,2409,4715.124555,4.715124555,4738.964902,-0.005030708
140.853379,142759,142.754,2411,4724.643705,4.724643705,4738.964902,-0.003022009
140.926045,142809,142.804,2408,4710.373444,4.710373444,4738.964902,-0.006033271
140.953401,142859,142.854,2416,4748.540798,4.748540798,4738.964902,0.002020673
141.027436,142909,142.904,2404,4691.425192,4.691425192,4738.964902,-0.010031665
141.053414,142959,142.954,2393,4639.776733,4.639776733,4738.964902,-0.020930345
141.103409,143009,143.004,2402,4681.984643,4.681984643,4738.964902,-0.012023777
141.168509,143059,143.054,2392,4635.114504,4.635114504,4738.964902,-0.021914152
141.203418,143109,143.104,2387,4611.885246,4.611885246,4738.964902,-0.02681591
141.253392,143159,143.154,2384,4598.012858,4.598012858,4738.964902,-0.029743213
141.334167,143209,143.204,2387,4611.885246,4.611885246,4738.964902,-0.02681591
141.353394,143259,143.254,2372,4543.006384,4.543006384,4738.964902,-0.041350489
141.425182,143309,143.304,2402,4681.984643,4.681984643,4738.964902,-0.012023777
141.453384,143359,143.354,2386,4607.255705,4.607255705,4738.964902,-0.02779282
141.50341,143409,143.404,2384,4598.012858,4.598012858,4738.964902,-0.029743213
141.575279,143459,143.454,2389,4621.16061,4.62116061,4738.964902,-0.024858655
141.60338,143509,143.504,2390,4625.806452,4.625806452,4738.964902,-0.023878305
141.653447,143559,143.554,2395,4649.117647,4.649117647,4738.964902,-0.018959257
141.718557,143609,143.604,2422,4777.405858,4.777405858,4738.964902,0.008111678
141.753398,143659,143.654,2418,4758.139535,4.758139535,4738.964902,0.004046165
141.803405,143709,143.704,2383,4593.399533,4.593399533,4738.964902,-0.030716701
141.883843,143759,143.754,2416,4748.540798,4.748540798,4738.964902,0.002020673
141.903397,143809,143.804,2414,4738.964902,4.738964902,4738.964902,0.0
141.953386,143859,143.854,2403,4686.702128,4.686702128,4738.964902,-0.01102831
142.025445,143909,143.904,2398,4663.170301,4.663170301,4738.964902,-0.015993915
142.053413,143959,143.954,2393,4639.776733,4.639776733,4738.964902,-0.020930345
142.103449,144009,144.004,2374,4552.12086,4.55212086,4738.964902,-0.039427184
142.16901,144059,144.054,2397,4658.480565,4.658480565,4738.964902,-0.016983527
142.203436,144109,144.104,2398,4663.170301,4.663170301,4738.964902,-0.015993915
142.253413,144159,144.154,2399,4667.865566,4.667865566,4738.964902,-0.015003136
142.333875,144209,144.204,2392,4635.114504,4.635114504,4738.964902,-0.021914152
142.353396,144259,144.254,2397,4658.480565,4.658480565,4738.964902,-0.016983527
142.403423,144309,144.304,2410,4719.881306,4.719881306,4738.964902,-0.004026955
142.475079,144359,144.354,2398,4663.170301,4.663170301,4738.964902,-0.015993915
142.503399,144409,144.404,2407,4705.627962,4.705627962,4738.964902,-0.007034646
142.553435,144459,144.454,2416,4748.540798,4.748540798,4738.964902,0.002020673
142.625397,144509,144.504,2424,4787.073609,4.787073609,4738.964902,0.010151733
142.653396,144559,144.554,2420,4767.761194,4.767761194,4738.964902,0.006076494
142.703465,144609,144.604,2432,4825.97715,4.82597715,4738.964902,0.018361024
142.769081,144659,144.654,2395,4649.117647,4.649117647,4738.964902,-0.018959257
142.80339,144709,144.704,2403,4686.702128,4.686702128,4738.964902,-0.01102831
142.853409,144759,144.754,2395,4649.117647,4.649117647,4738.964902,-0.018959257
142.950751,144809,144.804,2385,4602.631579,4.602631579,4738.964902,-0.028768587
142.953377,144859,144.854,2393,4639.776733,4.639776733,4738.964902,-0.020930345
143.03314,144909,144.904,2386,4607.255705,4.607255705,4738.964902,-0.02779282
143.053473,144959,144.954,2375,4556.686047,4.556686047,4738.964902,-0.038463854
143.126915,145009,145.004,2380,4579.591837,4.579591837,4738.964902,-0.033630354
143.153483,145059,145.054,2371,4538.457077,4.538457077,4738.964902,-0.042310469
143.219893,145109,145.104,2363,4502.251732,4.502251732,4738.964902,-0.049950395
143.253399,145159,145.154,2388,4616.520211,4.616520211,4738.964902,-0.025837856
143.303446,145209,145.204,2399,4667.865566,4.667865566,4738.964902,-0.015003136
143.385492,145259,145.254,2399,4667.865566,4.667865566,4738.964902,-0.015003136
143.403378,145309,145.304,2420,4767.761194,4.767761194,4738.964902,0.006076494
143.453392,145359,145.354,2419,4762.947494,4.762947494,4738.964902,0.005060724
143.525936,145409,145.404,2412,4729.411765,4.729411765,4738.964902,-0.00201587
143.553401,145459,145.454,2418,4758.139535,4.758139535,4738.964902,0.004046165
143.62651,145509,145.504,2428,4806.478704,4.806478704,4738.964902,0.014246529
143.653448,145559,145.554,2381,4584.189032,4.584189032,4738.964902,-0.032660269
143.719625,145609,145.604,2402,4681.984643,4.681984643,4738.964902,-0.012023777
143.753418,145659,145.654,2385,4602.631579,4.602631579,4738.964902,-0.028768587
143.803419,145709,145.704,2390,4625.806452,4.625806452,4738.964902,-0.023878305
143.877009,145759,145.754,2386,4607.255705,4.607255705,4738.964902,-0.02779282
143.903403,145809,145.804,2405,4696.153846,4.696153846,4738.964902,-0.009033841
143.953415,145859,145.854,2403,4686.702128,4.686702128,4738.964902,-0.01102831
144.035833,145909,145.904,2404,4691.425192,4.691425192,4738.964902,-0.010031665
144.053386,145959,145.954,2399,4667.865566,4.667865566,4738.964902,-0.015003136
144.10346,146009,146.004,2413,4734.185493,4.734185493,4738.964902,-0.001008534
144.175951,146059,146.054,2402,4681.984643,4.681984643,4738.964902,-0.012023777
144.203363,146109,146.104,2425,4791.916168,4.791916168,4738.964902,0.011173593
144.253354,146159,146.154,2407,4705.627962,4.705627962,4738.964902,-0.007034646
144.319052,146209,146.204,2418,4758.139535,4.758139535,4738.964902,0.004046165
144.353378,146259,146.254,2427,4801.618705,4.801618705,4738.964902,0.013220989
144.426093,146309,146.304,2412,4729.411765,4.729411765,4738.964902,-0.00201587
144.453373,146359,146.354,2405,4696.153846,4.696153846,4738.964902,-0.009033841
144.503371,146409,146.404,2390,4625.806452,4.625806452,4738.964902,-0.023878305
144.585283,146459,146.454,2406,4700.888099,4.700888099,4738.964902,-0.008034835
144.603352,146509,146.504,2387,4611.885246,4.611885246,4738.964902,-0.02681591
144.653393,146559,146.554,2389,4621.16061,4.62116061,4738.964902,-0.024858655
144.726259,146609,146.604,2388,4616.520211,4.616520211,4738.964902,-0.025837856
144.753434,146659,146.654,2388,4616.520211,4.616520211,4738.964902,-0.025837856
144.819066,146709,146.704,2389,4621.16061,4.62116061,4738.964902,-0.024858655
144.853399,146759,146.754,2382,4588.791594,4.588791594,4738.964902,-0.031689053
144.903354,146809,146.804,2383,4593.399533,4.593399533,4738.964902,-0.030716701
144.985773,146859,146.854,2399,4667.865566,4.667865566,4738.964902,-0.015003136
145.003384,146909,146.904,2407,4705.627962,4.705627962,4738.964902,-0.007034646
145.069551,146959,146.954,2394,4644.444444,4.644444444,4738.964902,-0.01994538
145.103379,147009,147.004,2405,4696.153846,4.696153846,4738.964902,-0.009033841
145.153378,147059,147.054,2427,4801.618705,4.801618705,4738.964902,0.013220989
145.234279,147109,147.104,2414,4738.964902,4.738964902,4738.964902,0.0
145.253377,147159,147.154,2402,4681.984643,4.681984643,4738.964902,-0.012023777
145.319253,147209,147.204,2421,4772.580645,4.772580645,4738.964902,0.007093478
145.353397,147259,147.254,2390,4625.806452,4.625806452,4738.964902,-0.023878305
145.433356,147309,147.304,2403,4686.702128,4.686702128,4738.964902,-0.01102831
145.453395,147359,147.354,2398,4663.170301,4.663170301,4738.964902,-0.015993915
145.52601,147409,147.404,2391,4630.457746,4.630457746,4738.964902,-0.022896805
145.55338,147459,147.454,2410,4719.881306,4.719881306,4738.964902,-0.004026955
145.60335,147509,147.504,2395,4649.117647,4.649117647,4738.964902,-0.018959257
145.676215,147559,147.554,2403,4686.702128,4.686702128,4738.964902,-0.01102831
145.703361,147609,147.604,2398,4663.170301,4.663170301,4738.964902,-0.015993915
145.77575,147659,147.654,2400,4672.566372,4.672566372,4738.964902,-0.014011188
145.803396,147709,147.704,2405,4696.153846,4.696153846,4738.964902,-0.009033841
145.868677,147759,147.754,2420,4767.761194,4.767761194,4738.964902,0.006076494
145.903407,147809,147.804,2402,4681.984643,4.681984643,4738.964902,-0.012023777
145.984415,147859,147.854,2406,4700.888099,4.700888099,4738.964902,-0.008034835
146.003414,147909,147.904,2407,4705.627962,4.705627962,4738.964902,-0.007034646
146.076392,147959,147.954,2414,4738.964902,4.738964902,4738.964902,0.0
146.103336,148009,148.004,2414,4738.964902,4.738964902,4738.964902,0.0
146.153353,148059,148.054,2410,4719.881306,4.719881306,4738.964902,-0.004026955
146.225906,148109,148.104,2392,4635.114504,4.635114504,4738.964902,-0.021914152
146.253383,148159,148.154,2398,4663.170301,4.663170301,4738.964902,-0.015993915
146.325741,148209,148.204,2395,4649.117647,4.649117647,4738.964902,-0.018959257
146.353367,148259,148.254,2399,4667.865566,4.667865566,4738.964902,-0.015003136
146.403361,148309,148.304,2407,4705.627962,4.705627962,4738.964902,-0.007034646
146.468483,148359,148.354,2388,4616.520211,4.616520211,4738.964902,-0.025837856
146.50339,148409,148.404,2384,4598.012858,4.598012858,4738.964902,-0.029743213
146.583052,148459,148.454,2383,4593.399533,4.593399533,4738.964902,-0.030716701
146.603339,148509,148.504,2379,4575.0,4.575,4738.964902,-0.034599307
146.653365,148559,148.554,2387,4611.885246,4.611885246,4738.964902,-0.02681591
146.726581,148609,148.604,2391,4630.457746,4.630457746,4738.964902,-0.022896805
146.753389,148659,148.654,2382,4588.791594,4.588791594,4738.964902,-0.031689053
146.825825,148709,148.704,2401,4677.272727,4.677272727,4738.964902,-0.01301807
146.853397,148759,148.754,2418,4758.139535,4.758139535,4738.964902,0.004046165
146.919645,148809,148.804,2411,4724.643705,4.724643705,4738.964902,-0.003022009
146.953382,148859,148.854,2405,4696.153846,4.696153846,4738.964902,-0.009033841
147.035204,148909,148.904,2429,4811.344538,4.811344538,4738.964902,0.015273301
147.053372,148959,148.954,2411,4724.643705,4.724643705,4738.964902,-0.003022009
147.103387,149009,149.004,2406,4700.888099,4.700888099,4738.964902,-0.008034835
147.176736,149059,149.054,2414,4738.964902,4.738964902,4738.964902,0.0
147.203388,149109,149.104,2407,4705.627962,4.705627962,4738.964902,-0.007034646
147.27654,149159,149.154,2402,4681.984643,4.681984643,4738.964902,-0.012023777
147.30336,149209,149.204,2392,4635.114504,4.635114504,4738.964902,-0.021914152
147.353379,149259,149.254,2398,4663.170301,4.663170301,4738.964902,-0.015993915
147.42681,149309,149.304,2394,4644.444444,4.644444444,4738.964902,-0.01994538
147.453369,149359,149.354,2398,4663.170301,4.663170301,4738.964902,-0.015993915
147.503398,149409,149.404,2389,4621.16061,4.62116061,4738.964902,-0.024858655
147.569556,149459,149.454,2401,4677.272727,4.677272727,4738.964902,-0.01301807
147.603387,149509,149.504,2420,4767.761194,4.767761194,4738.964902,0.006076494
147.65334,149559,149.554,2407,4705.627962,4.705627962,4738.964902,-0.007034646
147.736094,149609,149.604,2383,4593.399533,4.593399533,4738.964902,-0.030716701
147.753395,149659,149.654,2406,4700.888099,4.700888099,4738.964902,-0.008034835
147.827462,149709,149.704,2413,4734.185493,4.734185493,4738.964902,-0.001008534
147.853362,149759,149.754,2408,4710.373444,4.710373444,4738.964902,-0.006033271
147.903369,149809,149.804,2390,4625.806452,4.625806452,4738.964902,-0.023878305
147.97691,149859,149.854,2397,4658.480565,4.658480565,4738.964902,-0.016983527
148.003377,149909,149.904,2397,4658.480565,4.658480565,4738.964902,-0.016983527
148.069976,149959,149.954,2382,4588.791594,4.588791594,4738.964902,-0.031689053
148.103365,150009,150.004,2366,4515.789474,4.515789474,4738.964902,-0.047093708
148.153391,150059,150.054,2391,4630.457746,4.630457746,4738.964902,-0.022896805
148.236944,150109,150.104,2388,4616.520211,4.616520211,4738.964902,-0.025837856
148.253328,150159,150.154,2381,4584.189032,4.584189032,4738.964902,-0.032660269
148.303317,150209,150.204,2379,4575.0,4.575,4738.964902,-0.034599307
148.376403,150259,150.254,2390,4625.806452,4.625806452,4738.964902,-0.023878305
148.40335,150309,150.304,2391,4630.457746,4.630457746,4738.964902,-0.022896805
148.475984,150359,150.354,2390,4625.806452,4.625806452,4738.964902,-0.023878305
148.50336,150409,150.404,2395,4649.117647,4.649117647,4738.964902,-0.018959257
148.570026,150459,150.454,2426,4796.76453,4.79676453,4738.964902,0.012196678
148.603357,150509,150.504,2405,4696.153846,4.696153846,4738.964902,-0.009033841
148.653337,150559,150.554,2419,4762.947494,4.762947494,4738.964902,0.005060724
148.735091,150609,150.604,2401,4677.272727,4.677272727,4738.964902,-0.01301807
148.753366,150659,150.654,2415,4743.75,4.74375,4738.964902,0.001009735
148.827371,150709,150.704,2403,4686.702128,4.686702128,4738.964902,-0.01102831
148.853338,150759,150.754,2396,4653.796351,4.653796351,4738.964902,-0.017971973
148.903335,150809,150.804,2385,4602.631579,4.602631579,4738.964902,-0.028768587
148.976588,150859,150.854,2386,4607.255705,4.607255705,4738.964902,-0.02779282
149.003323,150909,150.904,2384,4598.012858,4.598012858,4738.964902,-0.029743213
149.053379,150959,150.954,2389,4621.16061,4.62116061,4738.964902,-0.024858655
149.120059,151009,151.004,2395,4649.117647,4.649117647,4738.964902,-0.018959257
149.153384,151059,151.054,2386,4607.255705,4.607255705,4738.964902,-0.02779282
149.203457,151109,151.104,2397,4658.480565,4.658480565,4738.964902,-0.016983527
149.285119,151159,151.154,2410,4719.881306,4.719881306,4738.964902,-0.004026955
149.303364,151209,151.204,2409,4715.124555,4.715124555,4738.964902,-0.005030708
149.353413,151259,151.254,2419,4762.947494,4.762947494,4738.964902,0.005060724
149.426571,151309,151.304,2407,4705.627962,4.705627962,4738.964902,-0.007034646
149.453347,151359,151.354,2407,4705.627962,4.705627962,4738.964902,-0.007034646
149.503359,151409,151.404,2416,4748.540798,4.748540798,4738.964902,0.002020673
149.576773,151459,151.454,2411,4724.643705,4.724643705,4738.964902,-0.003022009
149.603371,151509,151.504,2386,4607.255705,4.607255705,4738.964902,-0.02779282
149.670114,151559,151.554,2387,4611.885246,4.611885246,4738.964902,-0.02681591
149.70338,151609,151.604,2380,4579.591837,4.579591837,4738.964902,-0.033630354
149.784807,151659,151.654,2386,4607.255705,4.607255705,4738.964902,-0.02779282
149.803398,151709,151.704,2391,4630.457746,4.630457746,4738.964902,-0.022896805
149.876617,151759,151.754,2382,4588.791594,4.588791594,4738.964902,-0.031689053
149.903364,151809,151.804,2385,4602.631579,4.602631579,4738.964902,-0.028768587
149.953335,151859,151.854,2373,4547.560976,4.547560976,4738.964902,-0.040389395
150.019898,151909,151.904,2384,4598.012858,4.598012858,4738.964902,-0.029743213
150.053344,151959,151.954,2379,4575.0,4.575,4738.964902,-0.034599307
150.103382,152009,152.004,2394,4644.444444,4.644444444,4738.964902,-0.01994538
150.177633,152059,152.054,2394,4644.444444,4.644444444,4738.964902,-0.01994538
150.203331,152109,152.104,2401,4677.272727,4.677272727,4738.964902,-0.01301807
150.253426,152159,152.154,2412,4729.411765,4.729411765,4738.964902,-0.00201587
150.326251,152209,152.204,2408,4710.373444,4.710373444,4738.964902,-0.006033271
150.353358,152259,152.254,2409,4715.124555,4.715124555,4738.964902,-0.005030708
150.403388,152309,152.304,2406,4700.888099,4.700888099,4738.964902,-0.008034835
150.485466,152359,152.354,2402,4681.984643,4.681984643,4738.964902,-0.012023777
150.503325,152409,152.404,2399,4667.865566,4.667865566,4738.964902,-0.015003136
150.55335,152459,152.454,2395,4649.117647,4.649117647,4738.964902,-0.018959257
150.627734,152509,152.504,2391,4630.457746,4.630457746,4738.964902,-0.022896805
150.653349,152559,152.554,2397,4658.480565,4.658480565,4738.964902,-0.016983527
150.703363,152609,152.604,2391,4630.457746,4.630457746,4738.964902,-0.022896805
150.776617,152659,152.654,2382,4588.791594,4.588791594,4738.964902,-0.031689053
150.803365,152709,152.704,2394,4644.444444,4.644444444,4738.964902,-0.01994538
150.869775,152759,152.754,2391,4630.457746,4.630457746,4738.964902,-0.022896805
150.903324,152809,152.804,2387,4611.885246,4.611885246,4738.964902,-0.02681591
150.953341,152859,152.854,2398,4663.170301,4.663170301,4738.964902,-0.015993915
151.03708,152909,152.904,2406,4700.888099,4.700888099,4738.964902,-0.008034835
151.053344,152959,152.954,2403,4686.702128,4.686702128,4738.964902,-0.01102831
151.103324,153009,153.004,2403,4686.702128,4.686702128,4738.964902,-0.01102831
151.177256,153059,153.054,2396,4653.796351,4.653796351,4738.964902,-0.017971973
151.20331,153109,153.104,2412,4729.411765,4.729411765,4738.964902,-0.00201587
151.25331,153159,153.154,2408,4710.373444,4.710373444,4738.964902,-0.006033271
151.32695,153209,153.204,2399,4667.865566,4.667865566,4738.964902,-0.015003136
151.353335,153259,153.254,2379,4575.0,4.575,4738.964902,-0.034599307
151.41916,153309,153.304,2386,4607.255705,4.607255705,4738.964902,-0.02779282
151.453404,153359,153.354,2383,4593.399533,4.593399533,4738.964902,-0.030716701
151.534712,153409,153.404,2383,4593.399533,4.593399533,4738.964902,-0.030716701
151.553343,153459,153.454,2365,4511.271676,4.511271676,4738.964902,-0.048047038
151.603335,153509,153.504,2370,4533.913043,4.533913043,4738.964902,-0.043269335
151.677164,153559,153.554,2369,4529.374276,4.529374276,4738.964902,-0.04422709
151.703366,153609,153.604,2390,4625.806452,4.625806452,4738.964902,-0.023878305
151.776853,153659,153.654,2373,4547.560976,4.547560976,4738.964902,-0.040389395
151.803356,153709,153.704,2374,4552.12086,4.55212086,4738.964902,-0.039427184
151.853329,153759,153.754,2387,4611.885246,4.611885246,4738.964902,-0.02681591
151.919875,153809,153.804,2384,4598.012858,4.598012858,4738.964902,-0.029743213
151.953367,153859,153.854,2386,4607.255705,4.607255705,4738.964902,-0.02779282
152.036074,153909,153.904,2415,4743.75,4.74375,4738.964902,0.001009735
152.053344,153959,153.954,2384,4598.012858,4.598012858,4738.964902,-0.029743213
152.103402,154009,154.004,2389,4621.16061,4.62116061,4738.964902,-0.024858655
152.176852,154059,154.054,2414,4738.964902,4.738964902,4738.964902,0.0
152.203349,154109,154.104,2420,4767.761194,4.767761194,4738.964902,0.006076494
152.253319,154159,154.154,2411,4724.643705,4.724643705,4738.964902,-0.003022009
152.326072,154209,154.204,2368,4524.840764,4.524840764,4738.964902,-0.045183736
152.353399,154259,154.254,2389,4621.16061,4.62116061,4738.964902,-0.024858655
152.426038,154309,154.304,2388,4616.520211,4.616520211,4738.964902,-0.025837856
152.453304,154359,154.354,2396,4653.796351,4.653796351,4738.964902,-0.017971973
152.503351,154409,154.404,2396,4653.796351,4.653796351,4738.964902,-0.017971973
152.569866,154459,154.454,2384,4598.012858,4.598012858,4738.964902,-0.029743213
152.60333,154509,154.504,2387,4611.885246,4.611885246,4738.964902,-0.02681591
152.653348,154559,154.554,2387,4611.885246,4.611885246,4738.964902,-0.02681591
152.736301,154609,154.604,2424,4787.073609,4.787073609,4738.964902,0.010151733
152.75337,154659,154.654,2433,4830.866426,4.830866426,4738.964902,0.019392742
152.827192,154709,154.704,2387,4611.885246,4.611885246,4738.964902,-0.02681591
152.853353,154759,154.754,2403,4686.702128,4.686702128,4738.964902,-0.01102831
152.903334,154809,154.804,2408,4710.373444,4.710373444,4738.964902,-0.006033271
152.977554,154859,154.854,2401,4677.272727,4.677272727,4738.964902,-0.01301807
153.003337,154909,154.904,2376,4561.256545,4.561256545,4738.964902,-0.037499404
153.07048,154959,154.954,2378,4570.413512,4.570413512,4738.964902,-0.035567132
153.103364,155009,155.004,2377,4565.832363,4.565832363,4738.964902,-0.03653383
153.184091,155059,155.054,2386,4607.255705,4.607255705,4738.964902,-0.02779282
153.203325,155109,155.104,2385,4602.631579,4.602631579,4738.964902,-0.028768587
153.253413,155159,155.154,2368,4524.840764,4.524840764,4738.964902,-0.045183736
153.326622,155209,155.204,2356,4470.845313,4.470845313,4738.964902,-0.056577669
153.353349,155259,155.254,2378,4570.413512,4.570413512,4738.964902,-0.035567132
153.403312,155309,155.304,2378,4570.413512,4.570413512,4738.964902,-0.035567132
153.47697,155359,155.354,2375,4556.686047,4.556686047,4738.964902,-0.038463854
153.503287,155409,155.404,2377,4565.832363,4.565832363,4738.964902,-0.03653383
153.55337,155459,155.454,2386,4607.255705,4.607255705,4738.964902,-0.02779282
153.619969,155509,155.504,2389,4621.16061,4.62116061,4738.964902,-0.024858655
153.653355,155559,155.554,2404,4691.425192,4.691425192,4738.964902,-0.010031665
153.703398,155609,155.604,2414,4738.964902,4.738964902,4738.964902,0.0
153.784503,155659,155.654,2408,4710.373444,4.710373444,4738.964902,-0.006033271
153.803334,155709,155.704,2396,4653.796351,4.653796351,4738.964902,-0.017971973
153.853365,155759,155.754,2417,4753.337306,4.753337306,4738.964902,0.003032815
153.926179,155809,155.804,2400,4672.566372,4.672566372,4738.964902,-0.014011188
153.953317,155859,155.854,2393,4639.776733,4.639776733,4738.964902,-0.020930345
154.02792,155909,155.904,2385,4602.631579,4.602631579,4738.964902,-0.028768587
154.053385,155959,155.954,2383,4593.399533,4.593399533,4738.964902,-0.030716701
154.126126,156009,156.004,2388,4616.520211,4.616520211,4738.964902,-0.025837856
154.153336,156059,156.054,2388,4616.520211,4.616520211,4738.964902,-0.025837856
154.20339,156109,156.104,2387,4611.885246,4.611885246,4738.964902,-0.02681591
154.269141,156159,156.154,2384,4598.012858,4.598012858,4738.964902,-0.029743213
154.303366,156209,156.204,2396,4653.796351,4.653796351,4738.964902,-0.017971973
154.353322,156259,156.254,2388,4616.520211,4.616520211,4738.964902,-0.025837856
154.434293,156309,156.304,2408,4710.373444,4.710373444,4738.964902,-0.006033271
154.45332,156359,156.354,2394,4644.444444,4.644444444,4738.964902,-0.01994538
154.503332,156409,156.404,2404,4691.425192,4.691425192,4738.964902,-0.010031665
154.577635,156459,156.454,2413,4734.185493,4.734185493,4738.964902,-0.001008534
154.603322,156509,156.504,2402,4681.984643,4.681984643,4738.964902,-0.012023777
154.653329,156559,156.554,2408,4710.373444,4.710373444,4738.964902,-0.006033271
154.71982,156609,156.604,2405,4696.153846,4.696153846,4738.964902,-0.009033841
154.753372,156659,156.654,2381,4584.189032,4.584189032,4738.964902,-0.032660269
154.834383,156709,156.704,2382,4588.791594,4.588791594,4738.964902,-0.031689053
154.853291,156759,156.754,2376,4561.256545,4.561256545,4738.964902,-0.037499404
154.903348,156809,156.804,2373,4547.560976,4.547560976,4738.964902,-0.040389395
154.976502,156859,156.854,2386,4607.255705,4.607255705,4738.964902,-0.02779282
155.00333,156909,156.904,2353,4457.462687,4.457462687,4738.964902,-0.059401625
155.053379,156959,156.954,2379,4575.0,4.575,4738.964902,-0.034599307
155.126584,157009,157.004,2366,4515.789474,4.515789474,4738.964902,-0.047093708
155.153307,157059,157.054,2373,4547.560976,4.547560976,4738.964902,-0.040389395
155.203332,157109,157.104,2375,4556.686047,4.556686047,4738.964902,-0.038463854
155.269053,157159,157.154,2381,4584.189032,4.584189032,4738.964902,-0.032660269
155.30342,157209,157.204,2385,4602.631579,4.602631579,4738.964902,-0.028768587
155.376077,157259,157.254,2393,4639.776733,4.639776733,4738.964902,-0.020930345
155.403326,157309,157.304,2414,4738.964902,4.738964902,4738.964902,0.0
155.453322,157359,157.354,2401,4677.272727,4.677272727,4738.964902,-0.01301807
155.534668,157409,157.404,2403,4686.702128,4.686702128,4738.964902,-0.01102831
155.553328,157459,157.454,2411,4724.643705,4.724643705,4738.964902,-0.003022009
155.626708,157509,157.504,2416,4748.540798,4.748540798,4738.964902,0.002020673
155.653332,157559,157.554,2402,4681.984643,4.681984643,4738.964902,-0.012023777
155.726569,157609,157.604,2399,4667.865566,4.667865566,4738.964902,-0.015003136
155.753282,157659,157.654,2380,4579.591837,4.579591837,4738.964902,-0.033630354
155.803328,157709,157.704,2385,4602.631579,4.602631579,4738.964902,-0.028768587
155.87057,157759,157.754,2387,4611.885246,4.611885246,4738.964902,-0.02681591
155.9033,157809,157.804,2387,4611.885246,4.611885246,4738.964902,-0.02681591
155.95332,157859,157.854,2396,4653.796351,4.653796351,4738.964902,-0.017971973
156.036613,157909,157.904,2379,4575.0,4.575,4738.964902,-0.034599307
156.053299,157959,157.954,2397,4658.480565,4.658480565,4738.964902,-0.016983527
156.103332,158009,158.004,2399,4667.865566,4.667865566,4738.964902,-0.015003136
156.177077,158059,158.054,2382,4588.791594,4.588791594,4738.964902,-0.031689053
156.203306,158109,158.104,2402,4681.984643,4.681984643,4738.964902,-0.012023777
156.25334,158159,158.154,2411,4724.643705,4.724643705,4738.964902,-0.003022009
156.319252,158209,158.204,2400,4672.566372,4.672566372,4738.964902,-0.014011188
156.353348,158259,158.254,2408,4710.373444,4.710373444,4738.964902,-0.006033271
156.433381,158309,158.304,2401,4677.272727,4.677272727,4738.964902,-0.01301807
156.453309,158359,158.354,2384,4598.012858,4.598012858,4738.964902,-0.029743213
156.503317,158409,158.404,2377,4565.832363,4.565832363,4738.964902,-0.03653383
156.577102,158459,158.454,2379,4575.0,4.575,4738.964902,-0.034599307
156.603286,158509,158.504,2371,4538.457077,4.538457077,4738.964902,-0.042310469
156.653313,158559,158.554,2386,4607.255705,4.607255705,4738.964902,-0.02779282
156.726818,158609,158.604,2367,4520.3125,4.5203125,4738.964902,-0.046139274
156.753327,158659,158.654,2388,4616.520211,4.616520211,4738.964902,-0.025837856
156.82622,158709,158.704,2364,4506.759099,4.506759099,4738.964902,-0.048999266
156.853284,158759,158.754,2368,4524.840764,4.524840764,4738.964902,-0.045183736
156.9033,158809,158.804,2376,4561.256545,4.561256545,4738.964902,-0.037499404
156.969569,158859,158.854,2381,4584.189032,4.584189032,4738.964902,-0.032660269
157.003326,158909,158.904,2383,4593.399533,4.593399533,4738.964902,-0.030716701
157.085333,158959,158.954,2383,4593.399533,4.593399533,4738.964902,-0.030716701
157.103264,159009,159.004,2413,4734.185493,4.734185493,4738.964902,-0.001008534
157.153346,159059,159.054,2401,4677.272727,4.677272727,4738.964902,-0.01301807
157.226599,159109,159.104,2427,4801.618705,4.801618705,4738.964902,0.013220989
157.253295,159159,159.154,2407,4705.627962,4.705627962,4738.964902,-0.007034646
157.303353,159209,159.204,2407,4705.627962,4.705627962,4738.964902,-0.007034646
157.37662,159259,159.254,2393,4639.776733,4.639776733,4738.964902,-0.020930345
157.403302,159309,159.304,2398,4663.170301,4.663170301,4738.964902,-0.015993915
157.453341,159359,159.354,2390,4625.806452,4.625806452,4738.964902,-0.023878305
157.51965,159409,159.404,2396,4653.796351,4.653796351,4738.964902,-0.017971973
157.553321,159459,159.454,2390,4625.806452,4.625806452,4738.964902,-0.023878305
157.603295,159509,159.504,2390,4625.806452,4.625806452,4738.964902,-0.023878305
157.68572,159559,159.554,2397,4658.480565,4.658480565,4738.964902,-0.016983527
157.703282,159609,159.604,2393,4639.776733,4.639776733,4738.964902,-0.020930345
157.777798,159659,159.654,2420,4767.761194,4.767761194,4738.964902,0.006076494
157.803327,159709,159.704,2406,4700.888099,4.700888099,4738.964902,-0.008034835
157.87769,159759,159.754,2399,4667.865566,4.667865566,4738.964902,-0.015003136
157.903321,159809,159.804,2405,4696.153846,4.696153846,4738.964902,-0.009033841
157.953297,159859,159.854,2402,4681.984643,4.681984643,4738.964902,-0.012023777
158.020679,159909,159.904,2411,4724.643705,4.724643705,4738.964902,-0.003022009
158.053317,159959,159.954,2403,4686.702128,4.686702128,4738.964902,-0.01102831
158.103372,160009,160.004,2406,4700.888099,4.700888099,4738.964902,-0.008034835
158.185329,160059,160.054,2399,4667.865566,4.667865566,4738.964902,-0.015003136
158.203306,160109,160.104,2370,4533.913043,4.533913043,4738.964902,-0.043269335
158.253318,160159,160.154,2382,4588.791594,4.588791594,4738.964902,-0.031689053
158.32674,160209,160.204,2385,4602.631579,4.602631579,4738.964902,-0.028768587
158.353322,160259,160.254,2380,4579.591837,4.579591837,4738.964902,-0.033630354
158.426769,160309,160.304,2359,4484.274194,4.484274194,4738.964902,-0.053743953
158.453316,160359,160.354,2374,4552.12086,4.55212086,4738.964902,-0.039427184
158.503301,160409,160.404,2377,4565.832363,4.565832363,4738.964902,-0.03653383
158.570066,160459,160.454,2379,4575.0,4.575,4738.964902,-0.034599307
158.603275,160509,160.504,2377,4565.832363,4.565832363,4738.964902,-0.03653383
158.653291,160559,160.554,2370,4533.913043,4.533913043,4738.964902,-0.043269335
158.735556,160609,160.604,2381,4584.189032,4.584189032,4738.964902,-0.032660269
158.753305,160659,160.654,2381,4584.189032,4.584189032,4738.964902,-0.032660269
158.826174,160709,160.704,2403,4686.702128,4.686702128,4738.964902,-0.01102831
158.853307,160759,160.754,2423,4782.236842,4.782236842,4738.964902,0.009131095
158.926555,160809,160.804,2411,4724.643705,4.724643705,4738.964902,-0.003022009
158.953336,160859,160.854,2387,4611.885246,4.611885246,4738.964902,-0.02681591
159.020774,160909,160.904,2417,4753.337306,4.753337306,4738.964902,0.003032815
159.053389,160959,160.954,2381,4584.189032,4.584189032,4738.964902,-0.032660269
159.10332,161009,161.004,2395,4649.117647,4.649117647,4738.964902,-0.018959257
159.185854,161059,161.054,2388,4616.520211,4.616520211,4738.964902,-0.025837856
159.20329,161109,161.104,2384,4598.012858,4.598012858,4738.964902,-0.029743213
159.253344,161159,161.154,2386,4607.255705,4.607255705,4738.964902,-0.02779282
159.327263,161209,161.204,2387,4611.885246,4.611885246,4738.964902,-0.02681591
159.353294,161259,161.254,2386,4607.255705,4.607255705,4738.964902,-0.02779282
159.403395,161309,161.304,2402,4681.984643,4.681984643,4738.964902,-0.012023777
159.477148,161359,161.354,2410,4719.881306,4.719881306,4738.964902,-0.004026955
159.503308,161409,161.404,2392,4635.114504,4.635114504,4738.964902,-0.021914152
159.553263,161459,161.454,2393,4639.776733,4.639776733,4738.964902,-0.020930345
159.620277,161509,161.504,2394,4644.444444,4.644444444,4738.964902,-0.01994538
159.653302,161559,161.554,2400,4672.566372,4.672566372,4738.964902,-0.014011188
159.735123,161609,161.604,2399,4667.865566,4.667865566,4738.964902,-0.015003136
159.753286,161659,161.654,2399,4667.865566,4.667865566,4738.964902,-0.015003136
159.803282,161709,161.704,2406,4700.888099,4.700888099,4738.964902,-0.008034835
159.869777,161759,161.754,2395,4649.117647,4.649117647,4738.964902,-0.018959257
159.903258,161809,161.804,2378,4570.413512,4.570413512,4738.964902,-0.035567132
159.95329,161859,161.854,2381,4584.189032,4.584189032,4738.964902,-0.032660269
160.03647,161909,161.904,2377,4565.832363,4.565832363,4738.964902,-0.03653383
160.053307,161959,161.954,2371,4538.457077,4.538457077,4738.964902,-0.042310469
160.103347,162009,162.004,2357,4475.316456,4.475316456,4738.964902,-0.055634184
160.169688,162059,162.054,2373,4547.560976,4.547560976,4738.964902,-0.040389395
160.203378,162109,162.104,2369,4529.374276,4.529374276,4738.964902,-0.04422709
160.284487,162159,162.154,2369,4529.374276,4.529374276,4738.964902,-0.04422709
160.303299,162209,162.204,2367,4520.3125,4.5203125,4738.964902,-0.046139274
160.353358,162259,162.254,2383,4593.399533,4.593399533,4738.964902,-0.030716701
160.419027,162309,162.304,2373,4547.560976,4.547560976,4738.964902,-0.040389395
160.45334,162359,162.354,2391,4630.457746,4.630457746,4738.964902,-0.022896805
160.503296,162409,162.404,2392,4635.114504,4.635114504,4738.964902,-0.021914152
160.579355,162459,162.454,2405,4696.153846,4.696153846,4738.964902,-0.009033841
160.60327,162509,162.504,2399,4667.865566,4.667865566,4738.964902,-0.015003136
160.65329,162559,162.554,2391,4630.457746,4.630457746,4738.964902,-0.022896805
160.727372,162609,162.604,2397,4658.480565,4.658480565,4738.964902,-0.016983527
160.753324,162659,162.654,2402,4681.984643,4.681984643,4738.964902,-0.012023777
160.835187,162709,162.704,2391,4630.457746,4.630457746,4738.964902,-0.022896805
160.853333,162759,162.754,2403,4686.702128,4.686702128,4738.964902,-0.01102831
160.929022,162809,162.804,2389,4621.16061,4.62116061,4738.964902,-0.024858655
160.953302,162859,162.854,2383,4593.399533,4.593399533,4738.964902,-0.030716701
161.02726,162909,162.904,2382,4588.791594,4.588791594,4738.964902,-0.031689053
161.053272,162959,162.954,2389,4621.16061,4.62116061,4738.964902,-0.024858655
161.10328,163009,163.004,2397,4658.480565,4.658480565,4738.964902,-0.016983527
161.177175,163059,163.054,2392,4635.114504,4.635114504,4738.964902,-0.021914152
161.203273,163109,163.104,2390,4625.806452,4.625806452,4738.964902,-0.023878305
161.253344,163159,163.154,2414,4738.964902,4.738964902,4738.964902,0.0
161.319435,163209,163.204,2400,4672.566372,4.672566372,4738.964902,-0.014011188
161.353292,163259,163.254,2393,4639.776733,4.639776733,4738.964902,-0.020930345
161.403339,163309,163.304,2404,4691.425192,4.691425192,4738.964902,-0.010031665
161.485305,163359,163.354,2403,4686.702128,4.686702128,4738.964902,-0.01102831
161.503248,163409,163.404,2397,4658.480565,4.658480565,4738.964902,-0.016983527
161.553303,163459,163.454,2391,4630.457746,4.630457746,4738.964902,-0.022896805
161.626155,163509,163.504,2382,4588.791594,4.588791594,4738.964902,-0.031689053
161.653318,163559,163.554,2376,4561.256545,4.561256545,4738.964902,-0.037499404
161.727999,163609,163.604,2354,4461.918438,4.461918438,4738.964902,-0.058461388
161.753321,163659,163.654,2375,4556.686047,4.556686047,4738.964902,-0.038463854
161.819099,163709,163.704,2374,4552.12086,4.55212086,4738.964902,-0.039427184
161.853332,163759,163.754,2372,4543.006384,4.543006384,4738.964902,-0.041350489
161.934435,163809,163.804,2368,4524.840764,4.524840764,4738.964902,-0.045183736
161.95327,163859,163.854,2364,4506.759099,4.506759099,4738.964902,-0.048999266
162.003284,163909,163.904,2367,4520.3125,4.5203125,4738.964902,-0.046139274
162.076557,163959,163.954,2368,4524.840764,4.524840764,4738.964902,-0.045183736
162.103299,164009,164.004,2373,4547.560976,4.547560976,4738.964902,-0.040389395
162.17652,164059,164.054,2368,4524.840764,4.524840764,4738.964902,-0.045183736
162.20325,164109,164.104,2384,4598.012858,4.598012858,4738.964902,-0.029743213
162.25332,164159,164.154,2412,4729.411765,4.729411765,4738.964902,-0.00201587
162.318753,164209,164.204,2400,4672.566372,4.672566372,4738.964902,-0.014011188
162.353313,164259,164.254,2406,4700.888099,4.700888099,4738.964902,-0.008034835
162.403284,164309,164.304,2400,4672.566372,4.672566372,4738.964902,-0.014011188
162.484505,164359,164.354,2411,4724.643705,4.724643705,4738.964902,-0.003022009
162.503335,164409,164.404,2396,4653.796351,4.653796351,4738.964902,-0.017971973
162.576643,164459,164.454,2398,4663.170301,4.663170301,4738.964902,-0.015993915
162.603253,164509,164.504,2387,4611.885246,4.611885246,4738.964902,-0.02681591
162.653254,164559,164.554,2385,4602.631579,4.602631579,4738.964902,-0.028768587
162.72726,164609,164.604,2384,4598.012858,4.598012858,4738.964902,-0.029743213
162.753331,164659,164.654,2395,4649.117647,4.649117647,4738.964902,-0.018959257
162.82673,164709,164.704,2387,4611.885246,4.611885246,4738.964902,-0.02681591
162.853288,164759,164.754,2388,4616.520211,4.616520211,4738.964902,-0.025837856
162.903254,164809,164.804,2413,4734.185493,4.734185493,4738.964902,-0.001008534
162.9717,164859,164.854,2401,4677.272727,4.677272727,4738.964902,-0.01301807
163.003246,164909,164.904,2400,4672.566372,4.672566372,4738.964902,-0.014011188
163.084993,164959,164.954,2392,4635.114504,4.635114504,4738.964902,-0.021914152
163.103291,165009,165.004,2402,4681.984643,4.681984643,4738.964902,-0.012023777
163.17645,165059,165.054,2396,4653.796351,4.653796351,4738.964902,-0.017971973
163.203265,165109,165.104,2401,4677.272727,4.677272727,4738.964902,-0.01301807
163.253297,165159,165.154,2398,4663.170301,4.663170301,4738.964902,-0.015993915
163.326015,165209,165.204,2387,4611.885246,4.611885246,4738.964902,-0.02681591
163.35325,165259,165.254,2378,4570.413512,4.570413512,4738.964902,-0.035567132
163.403296,165309,165.304,2364,4506.759099,4.506759099,4738.964902,-0.048999266
163.469179,165359,165.354,2372,4543.006384,4.543006384,4738.964902,-0.041350489
163.503264,165409,165.404,2374,4552.12086,4.55212086,4738.964902,-0.039427184
163.553286,165459,165.454,2361,4493.252595,4.493252595,4738.964902,-0.051849362
163.635552,165509,165.504,2365,4511.271676,4.511271676,4738.964902,-0.048047038
163.653266,165559,165.554,2371,4538.457077,4.538457077,4738.964902,-0.042310469
163.703262,165609,165.604,2378,4570.413512,4.570413512,4738.964902,-0.035567132
163.77701,165659,165.654,2381,4584.189032,4.584189032,4738.964902,-0.032660269
163.803276,165709,165.704,2354,4461.918438,4.461918438,4738.964902,-0.058461388
163.876059,165759,165.754,2371,4538.457077,4.538457077,4738.964902,-0.042310469
163.903283,165809,165.804,2373,4547.560976,4.547560976,4738.964902,-0.040389395
163.976412,165859,165.854,2385,4602.631579,4.602631579,4738.964902,-0.028768587
164.003249,165909,165.904,2412,4729.411765,4.729411765,4738.964902,-0.00201587
164.053297,165959,165.954,2420,4767.761194,4.767761194,4738.964902,0.006076494
164.119837,166009,166.004,2411,4724.643705,4.724643705,4738.964902,-0.003022009
164.153356,166059,166.054,2412,4729.411765,4.729411765,4738.964902,-0.00201587
164.234634,166109,166.104,2391,4630.457746,4.630457746,4738.964902,-0.022896805
164.253237,166159,166.154,2398,4663.170301,4.663170301,4738.964902,-0.015993915
164.303262,166209,166.204,2393,4639.776733,4.639776733,4738.964902,-0.020930345
164.375989,166259,166.254,2357,4475.316456,4.475316456,4738.964902,-0.055634184
164.403269,166309,166.304,2401,4677.272727,4.677272727,4738.964902,-0.01301807
164.476369,166359,166.354,2399,4667.865566,4.667865566,4738.964902,-0.015003136
164.503293,166409,166.404,2395,4649.117647,4.649117647,4738.964902,-0.018959257
164.570556,166459,166.454,2386,4607.255705,4.607255705,4738.964902,-0.02779282
164.603275,166509,166.504,2388,4616.520211,4.616520211,4738.964902,-0.025837856
164.653246,166559,166.554,2393,4639.776733,4.639776733,4738.964902,-0.020930345
164.735716,166609,166.604,2406,4700.888099,4.700888099,4738.964902,-0.008034835
164.75328,166659,166.654,2399,4667.865566,4.667865566,4738.964902,-0.015003136
164.826783,166709,166.704,2400,4672.566372,4.672566372,4738.964902,-0.014011188
164.853243,166759,166.754,2404,4691.425192,4.691425192,4738.964902,-0.010031665
164.903326,166809,166.804,2405,4696.153846,4.696153846,4738.964902,-0.009033841
164.97851,166859,166.854,2398,4663.170301,4.663170301,4738.964902,-0.015993915
165.003315,166909,166.904,2401,4677.272727,4.677272727,4738.964902,-0.01301807
165.075047,166959,166.954,2384,4598.012858,4.598012858,4738.964902,-0.029743213
165.103274,167009,167.004,2386,4607.255705,4.607255705,4738.964902,-0.02779282
165.153291,167059,167.054,2377,4565.832363,4.565832363,4738.964902,-0.03653383
165.227607,167109,167.104,2378,4570.413512,4.570413512,4738.964902,-0.035567132
165.25324,167159,167.154,2367,4520.3125,4.5203125,4738.964902,-0.046139274
165.303307,167209,167.204,2363,4502.251732,4.502251732,4738.964902,-0.049950395
165.384326,167259,167.254,2366,4515.789474,4.515789474,4738.964902,-0.047093708
165.403238,167309,167.304,2373,4547.560976,4.547560976,4738.964902,-0.040389395
165.453285,167359,167.354,2376,4561.256545,4.561256545,4738.964902,-0.037499404
165.520007,167409,167.404,2376,4561.256545,4.561256545,4738.964902,-0.037499404
165.553246,167459,167.454,2371,4538.457077,4.538457077,4738.964902,-0.042310469
165.603266,167509,167.504,2391,4630.457746,4.630457746,4738.964902,-0.022896805
165.686731,167559,167.554,2410,4719.881306,4.719881306,4738.964902,-0.004026955
165.703277,167609,167.604,2407,4705.627962,4.705627962,4738.964902,-0.007034646
165.770203,167659,167.654,2410,4719.881306,4.719881306,4738.964902,-0.004026955
165.803308,167709,167.704,2388,4616.520211,4.616520211,4738.964902,-0.025837856
165.884411,167759,167.754,2406,4700.888099,4.700888099,4738.964902,-0.008034835
165.903293,167809,167.804,2395,4649.117647,4.649117647,4738.964902,-0.018959257
165.953233,167859,167.854,2390,4625.806452,4.625806452,4738.964902,-0.023878305
166.028121,167909,167.904,2385,4602.631579,4.602631579,4738.964902,-0.028768587
166.05321,167959,167.954,2376,4561.256545,4.561256545,4738.964902,-0.037499404
166.103239,168009,168.004,2397,4658.480565,4.658480565,4738.964902,-0.016983527
166.176929,168059,168.054,2422,4777.405858,4.777405858,4738.964902,0.008111678
166.203253,168109,168.104,2392,4635.114504,4.635114504,4738.964902,-0.021914152
166.276707,168159,168.154,2397,4658.480565,4.658480565,4738.964902,-0.016983527
166.303201,168209,168.204,2385,4602.631579,4.602631579,4738.964902,-0.028768587
166.353263,168259,168.254,2395,4649.117647,4.649117647,4738.964902,-0.018959257
166.419491,168309,168.304,2394,4644.444444,4.644444444,4738.964902,-0.01994538
166.453317,168359,168.354,2394,4644.444444,4.644444444,4738.964902,-0.01994538
166.536609,168409,168.404,2391,4630.457746,4.630457746,4738.964902,-0.022896805
166.553275,168459,168.454,2396,4653.796351,4.653796351,4738.964902,-0.017971973
166.603255,168509,168.504,2398,4663.170301,4.663170301,4738.964902,-0.015993915
166.677435,168559,168.554,2414,4738.964902,4.738964902,4738.964902,0.0
166.703225,168609,168.604,2406,4700.888099,4.700888099,4738.964902,-0.008034835
166.753302,168659,168.654,2389,4621.16061,4.62116061,4738.964902,-0.024858655
166.827457,168709,168.704,2380,4579.591837,4.579591837,4738.964902,-0.033630354
166.853263,168759,168.754,2377,4565.832363,4.565832363,4738.964902,-0.03653383
166.903285,168809,168.804,2375,4556.686047,4.556686047,4738.964902,-0.038463854
166.970217,168859,168.854,2369,4529.374276,4.529374276,4738.964902,-0.04422709
167.003253,168909,168.904,2363,4502.251732,4.502251732,4738.964902,-0.049950395
167.053241,168959,168.954,2372,4543.006384,4.543006384,4738.964902,-0.041350489
167.13615,169009,169.004,2371,4538.457077,4.538457077,4738.964902,-0.042310469
167.153264,169059,169.054,2376,4561.256545,4.561256545,4738.964902,-0.037499404
167.226158,169109,169.104,2382,4588.791594,4.588791594,4738.964902,-0.031689053
167.253349,169159,169.154,2371,4538.457077,4.538457077,4738.964902,-0.042310469
167.326439,169209,169.204,2373,4547.560976,4.547560976,4738.964902,-0.040389395
167.353287,169259,169.254,2385,4602.631579,4.602631579,4738.964902,-0.028768587
167.403294,169309,169.304,2397,4658.480565,4.658480565,4738.964902,-0.016983527
167.469167,169359,169.354,2400,4672.566372,4.672566372,4738.964902,-0.014011188
167.503253,169409,169.404,2388,4616.520211,4.616520211,4738.964902,-0.025837856
167.553228,169459,169.454,2397,4658.480565,4.658480565,4738.964902,-0.016983527
167.634693,169509,169.504,2407,4705.627962,4.705627962,4738.964902,-0.007034646
167.653261,169559,169.554,2390,4625.806452,4.625806452,4738.964902,-0.023878305
167.727887,169609,169.604,2390,4625.806452,4.625806452,4738.964902,-0.023878305
167.753245,169659,169.654,2387,4611.885246,4.611885246,4738.964902,-0.02681591
167.803279,169709,169.704,2391,4630.457746,4.630457746,4738.964902,-0.022896805
167.87651,169759,169.754,2383,4593.399533,4.593399533,4738.964902,-0.030716701
167.903266,169809,169.804,2392,4635.114504,4.635114504,4738.964902,-0.021914152
167.953255,169859,169.854,2364,4506.759099,4.506759099,4738.964902,-0.048999266
168.020017,169909,169.904,2390,4625.806452,4.625806452,4738.964902,-0.023878305
168.053274,169959,169.954,2401,4677.272727,4.677272727,4738.964902,-0.01301807
168.103283,170009,170.004,2395,4649.117647,4.649117647,4738.964902,-0.018959257
168.185269,170059,170.054,2398,4663.170301,4.663170301,4738.964902,-0.015993915
168.203254,170109,170.104,2393,4639.776733,4.639776733,4738.964902,-0.020930345
168.253256,170159,170.154,2401,4677.272727,4.677272727,4738.964902,-0.01301807
168.326297,170209,170.204,2402,4681.984643,4.681984643,4738.964902,-0.012023777
168.353296,170259,170.254,2408,4710.373444,4.710373444,4738.964902,-0.006033271
168.426666,170309,170.304,2394,4644.444444,4.644444444,4738.964902,-0.01994538
168.45326,170359,170.354,2372,4543.006384,4.543006384,4738.964902,-0.041350489
168.503219,170409,170.404,2372,4543.006384,4.543006384,4738.964902,-0.041350489
168.569437,170459,170.454,2369,4529.374276,4.529374276,4738.964902,-0.04422709
168.603244,170509,170.504,2372,4543.006384,4.543006384,4738.964902,-0.041350489
168.685052,170559,170.554,2368,4524.840764,4.524840764,4738.964902,-0.045183736
168.703298,170609,170.604,2373,4547.560976,4.547560976,4738.964902,-0.040389395
168.77627,170659,170.654,2381,4584.189032,4.584189032,4738.964902,-0.032660269
168.803277,170709,170.704,2379,4575.0,4.575,4738.964902,-0.034599307
168.853227,170759,170.754,2375,4556.686047,4.556686047,4738.964902,-0.038463854
168.926468,170809,170.804,2378,4570.413512,4.570413512,4738.964902,-0.035567132
168.9533,170859,170.854,2372,4543.006384,4.543006384,4738.964902,-0.041350489
169.027078,170909,170.904,2369,4529.374276,4.529374276,4738.964902,-0.04422709
169.053251,170959,170.954,2367,4520.3125,4.5203125,4738.964902,-0.046139274
169.103247,171009,171.004,2405,4696.153846,4.696153846,4738.964902,-0.009033841
169.168974,171059,171.054,2411,4724.643705,4.724643705,4738.964902,-0.003022009
169.203309,171109,171.104,2409,4715.124555,4.715124555,4738.964902,-0.005030708
169.28436,171159,171.154,2402,4681.984643,4.681984643,4738.964902,-0.012023777
169.303248,171209,171.204,2402,4681.984643,4.681984643,4738.964902,-0.012023777
169.353226,171259,171.254,2388,4616.520211,4.616520211,4738.964902,-0.025837856
169.425693,171309,171.304,2384,4598.012858,4.598012858,4738.964902,-0.029743213
169.453209,171359,171.354,2382,4588.791594,4.588791594,4738.964902,-0.031689053
169.503247,171409,171.404,2387,4611.885246,4.611885246,4738.964902,-0.02681591
169.57658,171459,171.454,2382,4588.791594,4.588791594,4738.964902,-0.031689053
169.60328,171509,171.504,2387,4611.885246,4.611885246,4738.964902,-0.02681591
169.669528,171559,171.554,2378,4570.413512,4.570413512,4738.964902,-0.035567132
169.703239,171609,171.604,2384,4598.012858,4.598012858,4738.964902,-0.029743213
169.753226,171659,171.654,2392,4635.114504,4.635114504,4738.964902,-0.021914152
169.835638,171709,171.704,2393,4639.776733,4.639776733,4738.964902,-0.020930345
169.853259,171759,171.754,2403,4686.702128,4.686702128,4738.964902,-0.01102831
169.926143,171809,171.804,2395,4649.117647,4.649117647,4738.964902,-0.018959257
169.953285,171859,171.854,2388,4616.520211,4.616520211,4738.964902,-0.025837856
170.027008,171909,171.904,2395,4649.117647,4.649117647,4738.964902,-0.018959257
170.053266,171959,171.954,2411,4724.643705,4.724643705,4738.964902,-0.003022009
170.103349,172009,172.004,2383,4593.399533,4.593399533,4738.964902,-0.030716701
170.169287,172059,172.054,2404,4691.425192,4.691425192,4738.964902,-0.010031665
170.203317,172109,172.104,2366,4515.789474,4.515789474,4738.964902,-0.047093708
170.253228,172159,172.154,2380,4579.591837,4.579591837,4738.964902,-0.033630354
170.334107,172209,172.204,2370,4533.913043,4.533913043,4738.964902,-0.043269335
170.353216,172259,172.254,2376,4561.256545,4.561256545,4738.964902,-0.037499404
170.403335,172309,172.304,2365,4511.271676,4.511271676,4738.964902,-0.048047038
170.476067,172359,172.354,2357,4475.316456,4.475316456,4738.964902,-0.055634184
170.503254,172409,172.404,2373,4547.560976,4.547560976,4738.964902,-0.040389395
170.553259,172459,172.454,2377,4565.832363,4.565832363,4738.964902,-0.03653383
170.619685,172509,172.504,2376,4561.256545,4.561256545,4738.964902,-0.037499404
170.653273,172559,172.554,2377,4565.832363,4.565832363,4738.964902,-0.03653383
170.727055,172609,172.604,2376,4561.256545,4.561256545,4738.964902,-0.037499404
170.753225,172659,172.654,2377,4565.832363,4.565832363,4738.964902,-0.03653383
170.803249,172709,172.704,2390,4625.806452,4.625806452,4738.964902,-0.023878305
170.877594,172759,172.754,2407,4705.627962,4.705627962,4738.964902,-0.007034646
170.903258,172809,172.804,2405,4696.153846,4.696153846,4738.964902,-0.009033841
170.985198,172859,172.854,2400,4672.566372,4.672566372,4738.964902,-0.014011188
171.00322,172909,172.904,2402,4681.984643,4.681984643,4738.964902,-0.012023777
171.053231,172959,172.954,2396,4653.796351,4.653796351,4738.964902,-0.017971973
171.126664,173009,173.004,2387,4611.885246,4.611885246,4738.964902,-0.02681591
171.153266,173059,173.054,2380,4579.591837,4.579591837,4738.964902,-0.033630354
171.226459,173109,173.104,2375,4556.686047,4.556686047,4738.964902,-0.038463854
171.253255,173159,173.154,2406,4700.888099,4.700888099,4738.964902,-0.008034835
171.303322,173209,173.204,2389,4621.16061,4.62116061,4738.964902,-0.024858655
171.369176,173259,173.254,2393,4639.776733,4.639776733,4738.964902,-0.020930345
171.403322,173309,173.304,2377,4565.832363,4.565832363,4738.964902,-0.03653383
171.483239,173359,173.354,2391,4630.457746,4.630457746,4738.964902,-0.022896805
171.5032,173409,173.404,2389,4621.16061,4.62116061,4738.964902,-0.024858655
171.553215,173459,173.454,2393,4639.776733,4.639776733,4738.964902,-0.020930345
171.626323,173509,173.504,2396,4653.796351,4.653796351,4738.964902,-0.017971973
171.653271,173559,173.554,2392,4635.114504,4.635114504,4738.964902,-0.021914152
171.727402,173609,173.604,2399,4667.865566,4.667865566,4738.964902,-0.015003136
171.753228,173659,173.654,2420,4767.761194,4.767761194,4738.964902,0.006076494
171.803285,173709,173.704,2403,4686.702128,4.686702128,4738.964902,-0.01102831
171.869948,173759,173.754,2376,4561.256545,4.561256545,4738.964902,-0.037499404
171.903214,173809,173.804,2379,4575.0,4.575,4738.964902,-0.034599307
171.953225,173859,173.854,2375,4556.686047,4.556686047,4738.964902,-0.038463854
172.036505,173909,173.904,2370,4533.913043,4.533913043,4738.964902,-0.043269335
172.0532,173959,173.954,2383,4593.399533,4.593399533,4738.964902,-0.030716701
172.103245,174009,174.004,2365,4511.271676,4.511271676,4738.964902,-0.048047038
172.175973,174059,174.054,2370,4533.913043,4.533913043,4738.964902,-0.043269335
172.203276,174109,174.104,2362,4497.749567,4.497749567,4738.964902,-0.050900426
172.275437,174159,174.154,2374,4552.12086,4.55212086,4738.964902,-0.039427184
172.303243,174209,174.204,2371,4538.457077,4.538457077,4738.964902,-0.042310469
172.353251,174259,174.254,2381,4584.189032,4.584189032,4738.964902,-0.032660269
172.418039,174309,174.304,2376,4561.256545,4.561256545,4738.964902,-0.037499404
172.453256,174359,174.354,2372,4543.006384,4.543006384,4738.964902,-0.041350489
172.533481,174409,174.404,2386,4607.255705,4.607255705,4738.964902,-0.02779282
172.55321,174459,174.454,2402,4681.984643,4.681984643,4738.964902,-0.012023777
172.603192,174509,174.504,2412,4729.411765,4.729411765,4738.964902,-0.00201587
172.675923,174559,174.554,2394,4644.444444,4.644444444,4738.964902,-0.01994538
172.703198,174609,174.604,2403,4686.702128,4.686702128,4738.964902,-0.01102831
172.776702,174659,174.654,2389,4621.16061,4.62116061,4738.964902,-0.024858655
172.803278,174709,174.704,2384,4598.012858,4.598012858,4738.964902,-0.029743213
172.875746,174759,174.754,2386,4607.255705,4.607255705,4738.964902,-0.02779282
172.903178,174809,174.804,2392,4635.114504,4.635114504,4738.964902,-0.021914152
172.953193,174859,174.854,2408,4710.373444,4.710373444,4738.964902,-0.006033271
173.019478,174909,174.904,2384,4598.012858,4.598012858,4738.964902,-0.029743213
173.053259,174959,174.954,2393,4639.776733,4.639776733,4738.964902,-0.020930345
173.134221,175009,175.004,2381,4584.189032,4.584189032,4738.964902,-0.032660269
173.153205,175059,175.054,2392,4635.114504,4.635114504,4738.964902,-0.021914152
173.203261,175109,175.104,2392,4635.114504,4.635114504,4738.964902,-0.021914152
173.275917,175159,175.154,2389,4621.16061,4.62116061,4738.964902,-0.024858655
173.303205,175209,175.204,2397,4658.480565,4.658480565,4738.964902,-0.016983527
173.353288,175259,175.254,2391,4630.457746,4.630457746,4738.964902,-0.022896805
173.425637,175309,175.304,2395,4649.117647,4.649117647,4738.964902,-0.018959257
173.453185,175359,175.354,2407,4705.627962,4.705627962,4738.964902,-0.007034646
173.503239,175409,175.404,2402,4681.984643,4.681984643,4738.964902,-0.012023777
173.569543,175459,175.454,2387,4611.885246,4.611885246,4738.964902,-0.02681591
173.603227,175509,175.504,2381,4584.189032,4.584189032,4738.964902,-0.032660269
173.653255,175559,175.554,2377,4565.832363,4.565832363,4738.964902,-0.03653383
173.733747,175609,175.604,2381,4584.189032,4.584189032,4738.964902,-0.032660269
173.753224,175659,175.654,2376,4561.256545,4.561256545,4738.964902,-0.037499404
173.803231,175709,175.704,2373,4547.560976,4.547560976,4738.964902,-0.040389395
173.876025,175759,175.754,2372,4543.006384,4.543006384,4738.964902,-0.041350489
173.903328,175809,175.804,2375,4556.686047,4.556686047,4738.964902,-0.038463854
173.975866,175859,175.854,2364,4506.759099,4.506759099,4738.964902,-0.048999266
174.003219,175909,175.904,2376,4561.256545,4.561256545,4738.964902,-0.037499404
174.05324,175959,175.954,2378,4570.413512,4.570413512,4738.964902,-0.035567132
174.119145,176009,176.004,2382,4588.791594,4.588791594,4738.964902,-0.031689053
174.153246,176059,176.054,2367,4520.3125,4.5203125,4738.964902,-0.046139274
174.233,176109,176.104,2382,4588.791594,4.588791594,4738.964902,-0.031689053
174.253194,176159,176.154,2418,4758.139535,4.758139535,4738.964902,0.004046165
174.303259,176209,176.204,2405,4696.153846,4.696153846,4738.964902,-0.009033841
174.375753,176259,176.254,2406,4700.888099,4.700888099,4738.964902,-0.008034835
174.403192,176309,176.304,2402,4681.984643,4.681984643,4738.964902,-0.012023777
174.453184,176359,176.354,2400,4672.566372,4.672566372,4738.964902,-0.014011188
174.526975,176409,176.404,2371,4538.457077,4.538457077,4738.964902,-0.042310469
174.553213,176459,176.454,2382,4588.791594,4.588791594,4738.964902,-0.031689053
174.619561,176509,176.504,2387,4611.885246,4.611885246,4738.964902,-0.02681591
174.653252,176559,176.554,2380,4579.591837,4.579591837,4738.964902,-0.033630354
174.733587,176609,176.604,2384,4598.012858,4.598012858,4738.964902,-0.029743213
174.753289,176659,176.654,2384,4598.012858,4.598012858,4738.964902,-0.029743213
174.826392,176709,176.704,2380,4579.591837,4.579591837,4738.964902,-0.033630354
174.853233,176759,176.754,2386,4607.255705,4.607255705,4738.964902,-0.02779282
174.903219,176809,176.804,2390,4625.806452,4.625806452,4738.964902,-0.023878305
174.976412,176859,176.854,2375,4556.686047,4.556686047,4738.964902,-0.038463854
175.003211,176909,176.904,2386,4607.255705,4.607255705,4738.964902,-0.02779282
175.076737,176959,176.954,2385,4602.631579,4.602631579,4738.964902,-0.028768587
175.103203,177009,177.004,2386,4607.255705,4.607255705,4738.964902,-0.02779282
175.15327,177059,177.054,2399,4667.865566,4.667865566,4738.964902,-0.015003136
175.218909,177109,177.104,2401,4677.272727,4.677272727,4738.964902,-0.01301807
175.253257,177159,177.154,2394,4644.444444,4.644444444,4738.964902,-0.01994538
175.303203,177209,177.204,2384,4598.012858,4.598012858,4738.964902,-0.029743213
175.376659,177259,177.254,2368,4524.840764,4.524840764,4738.964902,-0.045183736
175.403247,177309,177.304,2369,4529.374276,4.529374276,4738.964902,-0.04422709
175.48332,177359,177.354,2373,4547.560976,4.547560976,4738.964902,-0.040389395
175.50318,177409,177.404,2365,4511.271676,4.511271676,4738.964902,-0.048047038
175.553154,177459,177.454,2370,4533.913043,4.533913043,4738.964902,-0.043269335
175.626281,177509,177.504,2373,4547.560976,4.547560976,4738.964902,-0.040389395
175.653235,177559,177.554,2369,4529.374276,4.529374276,4738.964902,-0.04422709
175.719058,177609,177.604,2369,4529.374276,4.529374276,4738.964902,-0.04422709
175.753248,177659,177.654,2373,4547.560976,4.547560976,4738.964902,-0.040389395
175.834307,177709,177.704,2349,4439.690722,4.439690722,4738.964902,-0.063151803
175.853247,177759,177.754,2379,4575.0,4.575,4738.964902,-0.034599307
175.903174,177809,177.804,2386,4607.255705,4.607255705,4738.964902,-0.02779282
175.975779,177859,177.854,2411,4724.643705,4.724643705,4738.964902,-0.003022009
176.003162,177909,177.904,2396,4653.796351,4.653796351,4738.964902,-0.017971973
176.053281,177959,177.954,2411,4724.643705,4.724643705,4738.964902,-0.003022009
176.12542,178009,178.004,2391,4630.457746,4.630457746,4738.964902,-0.022896805
176.153208,178059,178.054,2398,4663.170301,4.663170301,4738.964902,-0.015993915
176.203267,178109,178.104,2378,4570.413512,4.570413512,4738.964902,-0.035567132
176.277146,178159,178.154,2368,4524.840764,4.524840764,4738.964902,-0.045183736
176.303236,178209,178.204,2378,4570.413512,4.570413512,4738.964902,-0.035567132
176.353266,178259,178.254,2370,4533.913043,4.533913043,4738.964902,-0.043269335
176.433129,178309,178.304,2386,4607.255705,4.607255705,4738.964902,-0.02779282
176.453164,178359,178.354,2385,4602.631579,4.602631579,4738.964902,-0.028768587
176.503159,178409,178.404,2378,4570.413512,4.570413512,4738.964902,-0.035567132
176.576498,178459,178.454,2388,4616.520211,4.616520211,4738.964902,-0.025837856
176.603181,178509,178.504,2380,4579.591837,4.579591837,4738.964902,-0.033630354
176.675976,178559,178.554,2381,4584.189032,4.584189032,4738.964902,-0.032660269
176.703216,178609,178.604,2387,4611.885246,4.611885246,4738.964902,-0.02681591
176.776425,178659,178.654,2395,4649.117647,4.649117647,4738.964902,-0.018959257
176.803217,178709,178.704,2375,4556.686047,4.556686047,4738.964902,-0.038463854
176.869261,178759,178.754,2392,4635.114504,4.635114504,4738.964902,-0.021914152
176.903232,178809,178.804,2401,4677.272727,4.677272727,4738.964902,-0.01301807
176.983608,178859,178.854,2395,4649.117647,4.649117647,4738.964902,-0.018959257
177.003158,178909,178.904,2392,4635.114504,4.635114504,4738.964902,-0.021914152
177.053229,178959,178.954,2369,4529.374276,4.529374276,4738.964902,-0.04422709
177.126496,179009,179.004,2369,4529.374276,4.529374276,4738.964902,-0.04422709
177.153176,179059,179.054,2379,4575.0,4.575,4738.964902,-0.034599307
177.203187,179109,179.104,2364,4506.759099,4.506759099,4738.964902,-0.048999266
177.276014,179159,179.154,2365,4511.271676,4.511271676,4738.964902,-0.048047038
177.303209,179209,179.204,2370,4533.913043,4.533913043,4738.964902,-0.043269335
177.368781,179259,179.254,2369,4529.374276,4.529374276,4738.964902,-0.04422709
177.403205,179309,179.304,2381,4584.189032,4.584189032,4738.964902,-0.032660269
177.483289,179359,179.354,2380,4579.591837,4.579591837,4738.964902,-0.033630354
177.503124,179409,179.404,2382,4588.791594,4.588791594,4738.964902,-0.031689053
177.553243,179459,179.454,2381,4584.189032,4.584189032,4738.964902,-0.032660269
177.626213,179509,179.504,2375,4556.686047,4.556686047,4738.964902,-0.038463854
177.653184,179559,179.554,2397,4658.480565,4.658480565,4738.964902,-0.016983527
177.703198,179609,179.604,2406,4700.888099,4.700888099,4738.964902,-0.008034835
177.777553,179659,179.654,2402,4681.984643,4.681984643,4738.964902,-0.012023777
177.803235,179709,179.704,2385,4602.631579,4.602631579,4738.964902,-0.028768587
177.876277,179759,179.754,2395,4649.117647,4.649117647,4738.964902,-0.018959257
177.903119,179809,179.804,2394,4644.444444,4.644444444,4738.964902,-0.01994538
177.953161,179859,179.854,2380,4579.591837,4.579591837,4738.964902,-0.033630354
178.020391,179909,179.904,2404,4691.425192,4.691425192,4738.964902,-0.010031665
178.053212,179959,179.954,2388,4616.520211,4.616520211,4738.964902,-0.025837856
178.103236,180009,180.004,2373,4547.560976,4.547560976,4738.964902,-0.040389395
178.184815,180059,180.054,2377,4565.832363,4.565832363,4738.964902,-0.03653383
178.20316,180109,180.104,2385,4602.631579,4.602631579,4738.964902,-0.028768587
178.25328,180159,180.154,2388,4616.520211,4.616520211,4738.964902,-0.025837856
178.326582,180209,180.204,2393,4639.776733,4.639776733,4738.964902,-0.020930345
178.353191,180259,180.254,2388,4616.520211,4.616520211,4738.964902,-0.025837856
178.403289,180309,180.304,2404,4691.425192,4.691425192,4738.964902,-0.010031665
178.469163,180359,180.354,2384,4598.012858,4.598012858,4738.964902,-0.029743213
178.503248,180409,180.404,2402,4681.984643,4.681984643,4738.964902,-0.012023777
178.553208,180459,180.454,2409,4715.124555,4.715124555,4738.964902,-0.005030708
178.637638,180509,180.504,2406,4700.888099,4.700888099,4738.964902,-0.008034835
178.653195,180559,180.554,2392,4635.114504,4.635114504,4738.964902,-0.021914152
178.703189,180609,180.604,2380,4579.591837,4.579591837,4738.964902,-0.033630354
178.777215,180659,180.654,2374,4552.12086,4.55212086,4738.964902,-0.039427184
178.803249,180709,180.704,2375,4556.686047,4.556686047,4738.964902,-0.038463854
178.876207,180759,180.754,2366,4515.789474,4.515789474,4738.964902,-0.047093708
178.903131,180809,180.804,2366,4515.789474,4.515789474,4738.964902,-0.047093708
178.953144,180859,180.854,2364,4506.759099,4.506759099,4738.964902,-0.048999266
179.020385,180909,180.904,2352,4453.012048,4.453012048,4738.964902,-0.060340783
179.053188,180959,180.954,2367,4520.3125,4.5203125,4738.964902,-0.046139274
179.1032,181009,181.004,2369,4529.374276,4.529374276,4738.964902,-0.04422709
179.184076,181059,181.054,2372,4543.006384,4.543006384,4738.964902,-0.041350489
179.203148,181109,181.104,2375,4556.686047,4.556686047,4738.964902,-0.038463854
179.253208,181159,181.154,2389,4621.16061,4.62116061,4738.964902,-0.024858655
179.326487,181209,181.204,2364,4506.759099,4.506759099,4738.964902,-0.048999266
179.3532,181259,181.254,2384,4598.012858,4.598012858,4738.964902,-0.029743213
179.403159,181309,181.304,2415,4743.75,4.74375,4738.964902,0.001009735
179.475944,181359,181.354,2401,4677.272727,4.677272727,4738.964902,-0.01301807
179.503196,181409,181.404,2394,4644.444444,4.644444444,4738.964902,-0.01994538
179.569632,181459,181.454,2404,4691.425192,4.691425192,4738.964902,-0.010031665
179.603139,181509,181.504,2406,4700.888099,4.700888099,4738.964902,-0.008034835
179.653167,181559,181.554,2365,4511.271676,4.511271676,4738.964902,-0.048047038
179.735417,181609,181.604,2371,4538.457077,4.538457077,4738.964902,-0.042310469
179.753213,181659,181.654,2377,4565.832363,4.565832363,4738.964902,-0.03653383
179.826656,181709,181.704,2386,4607.255705,4.607255705,4738.964902,-0.02779282
179.853164,181759,181.754,2377,4565.832363,4.565832363,4738.964902,-0.03653383
179.90315,181809,181.804,2371,4538.457077,4.538457077,4738.964902,-0.042310469
179.976199,181859,181.854,2387,4611.885246,4.611885246,4738.964902,-0.02681591
180.003157,181909,181.904,2396,4653.796351,4.653796351,4738.964902,-0.017971973
180.06963,181959,181.954,2392,4635.114504,4.635114504,4738.964902,-0.021914152
180.10323,182009,182.004,2404,4691.425192,4.691425192,4738.964902,-0.010031665
180.184963,182059,182.054,2415,4743.75,4.74375,4738.964902,0.001009735
180.203185,182109,182.104,2403,4686.702128,4.686702128,4738.964902,-0.01102831
180.253229,182159,182.154,2397,4658.480565,4.658480565,4738.964902,-0.016983527
180.326083,182209,182.204,2381,4584.189032,4.584189032,4738.964902,-0.032660269
180.353131,182259,182.254,2396,4653.796351,4.653796351,4738.964902,-0.017971973
180.403191,182309,182.304,2375,4556.686047,4.556686047,4738.964902,-0.038463854
180.475978,182359,182.354,2371,4538.457077,4.538457077,4738.964902,-0.042310469
180.503178,182409,182.404,2359,4484.274194,4.484274194,4738.964902,-0.053743953
180.553138,182459,182.454,2365,4511.271676,4.511271676,4738.964902,-0.048047038
180.619563,182509,182.504,2368,4524.840764,4.524840764,4738.964902,-0.045183736
180.65319,182559,182.554,2350,4444.126074,4.444126074,4738.964902,-0.062215871
180.734026,182609,182.604,2370,4533.913043,4.533913043,4738.964902,-0.043269335
180.753192,182659,182.654,2344,4417.589949,4.417589949,4738.964902,-0.067815432
180.819361,182709,182.704,2367,4520.3125,4.5203125,4738.964902,-0.046139274
180.853178,182759,182.754,2363,4502.251732,4.502251732,4738.964902,-0.049950395
180.903182,182809,182.804,2377,4565.832363,4.565832363,4738.964902,-0.03653383
180.98468,182859,182.854,2376,4561.256545,4.561256545,4738.964902,-0.037499404
181.003147,182909,182.904,2369,4529.374276,4.529374276,4738.964902,-0.04422709
181.05313,182959,182.954,2388,4616.520211,4.616520211,4738.964902,-0.025837856
181.126814,183009,183.004,2396,4653.796351,4.653796351,4738.964902,-0.017971973
181.153108,183059,183.054,2396,4653.796351,4.653796351,4738.964902,-0.017971973
181.20319,183109,183.104,2392,4635.114504,4.635114504,4738.964902,-0.021914152
181.269498,183159,183.154,2393,4639.776733,4.639776733,4738.964902,-0.020930345
181.303107,183209,183.204,2390,4625.806452,4.625806452,4738.964902,-0.023878305
181.353158,183259,183.254,2361,4493.252595,4.493252595,4738.964902,-0.051849362
181.434294,183309,183.304,2384,4598.012858,4.598012858,4738.964902,-0.029743213
181.453151,183359,183.354,2377,4565.832363,4.565832363,4738.964902,-0.03653383
181.503225,183409,183.404,2382,4588.791594,4.588791594,4738.964902,-0.031689053
181.576824,183459,183.454,2378,4570.413512,4.570413512,4738.964902,-0.035567132
181.603163,183509,183.504,2368,4524.840764,4.524840764,4738.964902,-0.045183736
181.653166,183559,183.554,2380,4579.591837,4.579591837,4738.964902,-0.033630354
181.727082,183609,183.604,2380,4579.591837,4.579591837,4738.964902,-0.033630354
181.753171,183659,183.654,2384,4598.012858,4.598012858,4738.964902,-0.029743213
181.819349,183709,183.704,2394,4644.444444,4.644444444,4738.964902,-0.01994538
181.85318,183759,183.754,2393,4639.776733,4.639776733,4738.964902,-0.020930345
181.934308,183809,183.804,2400,4672.566372,4.672566372,4738.964902,-0.014011188
181.953205,183859,183.854,2399,4667.865566,4.667865566,4738.964902,-0.015003136
182.027731,183909,183.904,2403,4686.702128,4.686702128,4738.964902,-0.01102831
182.053137,183959,183.954,2392,4635.114504,4.635114504,4738.964902,-0.021914152
182.103172,184009,184.004,2384,4598.012858,4.598012858,4738.964902,-0.029743213
182.177045,184059,184.054,2378,4570.413512,4.570413512,4738.964902,-0.035567132
182.203132,184109,184.104,2369,4529.374276,4.529374276,4738.964902,-0.04422709
182.253185,184159,184.154,2368,4524.840764,4.524840764,4738.964902,-0.045183736
182.319472,184209,184.204,2369,4529.374276,4.529374276,4738.964902,-0.04422709
182.353219,184259,184.254,2361,4493.252595,4.493252595,4738.964902,-0.051849362
182.433523,184309,184.304,2373,4547.560976,4.547560976,4738.964902,-0.040389395
182.45313,184359,184.354,2348,4435.260446,4.435260446,4738.964902,-0.064086665
182.503147,184409,184.404,2363,4502.251732,4.502251732,4738.964902,-0.049950395
182.577234,184459,184.454,2362,4497.749567,4.497749567,4738.964902,-0.050900426
182.60313,184509,184.504,2363,4502.251732,4.502251732,4738.964902,-0.049950395
182.653174,184559,184.554,2372,4543.006384,4.543006384,4738.964902,-0.041350489
182.728258,184609,184.604,2372,4543.006384,4.543006384,4738.964902,-0.041350489
182.75311,184659,184.654,2385,4602.631579,4.602631579,4738.964902,-0.028768587
182.803139,184709,184.704,2400,4672.566372,4.672566372,4738.964902,-0.014011188
182.870688,184759,184.754,2402,4681.984643,4.681984643,4738.964902,-0.012023777
182.90312,184809,184.804,2405,4696.153846,4.696153846,4738.964902,-0.009033841
182.953179,184859,184.854,2385,4602.631579,4.602631579,4738.964902,-0.028768587
183.037054,184909,184.904,2396,4653.796351,4.653796351,4738.964902,-0.017971973
183.053192,184959,184.954,2386,4607.255705,4.607255705,4738.964902,-0.02779282
183.103264,185009,185.004,2381,4584.189032,4.584189032,4738.964902,-0.032660269
183.176668,185059,185.054,2377,4565.832363,4.565832363,4738.964902,-0.03653383
183.203135,185109,185.104,2383,4593.399533,4.593399533,4738.964902,-0.030716701
183.253174,185159,185.154,2377,4565.832363,4.565832363,4738.964902,-0.03653383
183.326633,185209,185.204,2375,4556.686047,4.556686047,4738.964902,-0.038463854
183.353166,185259,185.254,2376,4561.256545,4.561256545,4738.964902,-0.037499404
183.403229,185309,185.304,2393,4639.776733,4.639776733,4738.964902,-0.020930345
183.468981,185359,185.354,2389,4621.16061,4.62116061,4738.964902,-0.024858655
183.503175,185409,185.404,2387,4611.885246,4.611885246,4738.964902,-0.02681591
183.553158,185459,185.454,2384,4598.012858,4.598012858,4738.964902,-0.029743213
183.63584,185509,185.504,2376,4561.256545,4.561256545,4738.964902,-0.037499404
183.653135,185559,185.554,2387,4611.885246,4.611885246,4738.964902,-0.02681591
183.703145,185609,185.604,2404,4691.425192,4.691425192,4738.964902,-0.010031665
183.77794,185659,185.654,2389,4621.16061,4.62116061,4738.964902,-0.024858655
183.8032,185709,185.704,2399,4667.865566,4.667865566,4738.964902,-0.015003136
183.877544,185759,185.754,2384,4598.012858,4.598012858,4738.964902,-0.029743213
183.903158,185809,185.804,2369,4529.374276,4.529374276,4738.964902,-0.04422709
183.953186,185859,185.854,2376,4561.256545,4.561256545,4738.964902,-0.037499404
184.022028,185909,185.904,2364,4506.759099,4.506759099,4738.964902,-0.048999266
184.053145,185959,185.954,2363,4502.251732,4.502251732,4738.964902,-0.049950395
184.103204,186009,186.004,2370,4533.913043,4.533913043,4738.964902,-0.043269335
184.185481,186059,186.054,2373,4547.560976,4.547560976,4738.964902,-0.040389395
184.203195,186109,186.104,2366,4515.789474,4.515789474,4738.964902,-0.047093708
184.253157,186159,186.154,2357,4475.316456,4.475316456,4738.964902,-0.055634184
184.32612,186209,186.204,2361,4493.252595,4.493252595,4738.964902,-0.051849362
184.353071,186259,186.254,2375,4556.686047,4.556686047,4738.964902,-0.038463854
184.403132,186309,186.304,2374,4552.12086,4.55212086,4738.964902,-0.039427184
184.469277,186359,186.354,2376,4561.256545,4.561256545,4738.964902,-0.037499404
184.503131,186409,186.404,2374,4552.12086,4.55212086,4738.964902,-0.039427184
184.585751,186459,186.454,2412,4729.411765,4.729411765,4738.964902,-0.00201587
184.603105,186509,186.504,2411,4724.643705,4.724643705,4738.964902,-0.003022009
184.6531,186559,186.554,2388,4616.520211,4.616520211,4738.964902,-0.025837856
184.727054,186609,186.604,2392,4635.114504,4.635114504,4738.964902,-0.021914152
184.753105,186659,186.654,2367,4520.3125,4.5203125,4738.964902,-0.046139274
184.827274,186709,186.704,2370,4533.913043,4.533913043,4738.964902,-0.043269335
184.853179,186759,186.754,2376,4561.256545,4.561256545,4738.964902,-0.037499404
184.927028,186809,186.804,2379,4575.0,4.575,4738.964902,-0.034599307
184.953155,186859,186.854,2378,4570.413512,4.570413512,4738.964902,-0.035567132
185.020833,186909,186.904,2379,4575.0,4.575,4738.964902,-0.034599307
185.053097,186959,186.954,2381,4584.189032,4.584189032,4738.964902,-0.032660269
185.103162,187009,187.004,2376,4561.256545,4.561256545,4738.964902,-0.037499404
185.185622,187059,187.054,2381,4584.189032,4.584189032,4738.964902,-0.032660269
185.203152,187109,187.104,2387,4611.885246,4.611885246,4738.964902,-0.02681591
185.253232,187159,187.154,2387,4611.885246,4.611885246,4738.964902,-0.02681591
185.327007,187209,187.204,2386,4607.255705,4.607255705,4738.964902,-0.02779282
185.353085,187259,187.254,2366,4515.789474,4.515789474,4738.964902,-0.047093708
185.403146,187309,187.304,2396,4653.796351,4.653796351,4738.964902,-0.017971973
185.476648,187359,187.354,2395,4649.117647,4.649117647,4738.964902,-0.018959257
185.503093,187409,187.404,2389,4621.16061,4.62116061,4738.964902,-0.024858655
185.553154,187459,187.454,2383,4593.399533,4.593399533,4738.964902,-0.030716701
185.621739,187509,187.504,2370,4533.913043,4.533913043,4738.964902,-0.043269335
185.65315,187559,187.554,2372,4543.006384,4.543006384,4738.964902,-0.041350489
185.703156,187609,187.604,2355,4466.37931,4.46637931,4738.964902,-0.05752007
185.778731,187659,187.654,2361,4493.252595,4.493252595,4738.964902,-0.051849362
185.803173,187709,187.704,2359,4484.274194,4.484274194,4738.964902,-0.053743953
185.880209,187759,187.754,2368,4524.840764,4.524840764,4738.964902,-0.045183736
185.903133,187809,187.804,2357,4475.316456,4.475316456,4738.964902,-0.055634184
185.953141,187859,187.854,2356,4470.845313,4.470845313,4738.964902,-0.056577669
186.035918,187909,187.904,2365,4511.271676,4.511271676,4738.964902,-0.048047038
186.053256,187959,187.954,2365,4511.271676,4.511271676,4738.964902,-0.048047038
186.103139,188009,188.004,2367,4520.3125,4.5203125,4738.964902,-0.046139274
186.169554,188059,188.054,2366,4515.789474,4.515789474,4738.964902,-0.047093708
186.203175,188109,188.104,2384,4598.012858,4.598012858,4738.964902,-0.029743213
186.284263,188159,188.154,2415,4743.75,4.74375,4738.964902,0.001009735
186.30313,188209,188.204,2390,4625.806452,4.625806452,4738.964902,-0.023878305
186.353157,188259,188.254,2382,4588.791594,4.588791594,4738.964902,-0.031689053
186.419313,188309,188.304,2405,4696.153846,4.696153846,4738.964902,-0.009033841
186.453185,188359,188.354,2400,4672.566372,4.672566372,4738.964902,-0.014011188
186.53506,188409,188.404,2383,4593.399533,4.593399533,4738.964902,-0.030716701
186.553108,188459,188.454,2371,4538.457077,4.538457077,4738.964902,-0.042310469
186.603151,188509,188.504,2384,4598.012858,4.598012858,4738.964902,-0.029743213
186.670361,188559,188.554,2380,4579.591837,4.579591837,4738.964902,-0.033630354
186.703184,188609,188.604,2380,4579.591837,4.579591837,4738.964902,-0.033630354
186.78522,188659,188.654,2372,4543.006384,4.543006384,4738.964902,-0.041350489
186.803085,188709,188.704,2380,4579.591837,4.579591837,4738.964902,-0.033630354
186.853099,188759,188.754,2385,4602.631579,4.602631579,4738.964902,-0.028768587
186.927398,188809,188.804,2371,4538.457077,4.538457077,4738.964902,-0.042310469
186.953136,188859,188.854,2391,4630.457746,4.630457746,4738.964902,-0.022896805
187.028381,188909,188.904,2387,4611.885246,4.611885246,4738.964902,-0.02681591
187.053106,188959,188.954,2394,4644.444444,4.644444444,4738.964902,-0.01994538
187.103154,189009,189.004,2396,4653.796351,4.653796351,4738.964902,-0.017971973
187.17749,189059,189.054,2397,4658.480565,4.658480565,4738.964902,-0.016983527
187.203108,189109,189.104,2392,4635.114504,4.635114504,4738.964902,-0.021914152
187.253163,189159,189.154,2382,4588.791594,4.588791594,4738.964902,-0.031689053
187.320288,189209,189.204,2360,4488.760807,4.488760807,4738.964902,-0.052797204
187.353162,189259,189.254,2361,4493.252595,4.493252595,4738.964902,-0.051849362
187.403118,189309,189.304,2366,4515.789474,4.515789474,4738.964902,-0.047093708
187.48509,189359,189.354,2373,4547.560976,4.547560976,4738.964902,-0.040389395
187.503151,189409,189.404,2347,4430.83524,4.43083524,4738.964902,-0.065020457
187.58174,189459,189.454,2371,4538.457077,4.538457077,4738.964902,-0.042310469
187.603127,189509,189.504,2370,4533.913043,4.533913043,4738.964902,-0.043269335
187.653099,189559,189.554,2362,4497.749567,4.497749567,4738.964902,-0.050900426
187.728169,189609,189.604,2366,4515.789474,4.515789474,4738.964902,-0.047093708
187.753135,189659,189.654,2369,4529.374276,4.529374276,4738.964902,-0.04422709
187.84486,189709,189.704,2376,4561.256545,4.561256545,4738.964902,-0.037499404
187.85313,189759,189.754,2367,4520.3125,4.5203125,4738.964902,-0.046139274
187.964111,189809,189.804,2384,4598.012858,4.598012858,4738.964902,-0.029743213
188.048863,189859,189.854,2396,4653.796351,4.653796351,4738.964902,-0.017971973
188.049198,189909,189.904,2393,4639.776733,4.639776733,4738.964902,-0.020930345
188.053129,189959,189.954,2397,4658.480565,4.658480565,4738.964902,-0.016983527
188.103079,190009,190.004,2385,4602.631579,4.602631579,4738.964902,-0.028768587
188.185129,190059,190.054,2389,4621.16061,4.62116061,4738.964902,-0.024858655
188.20311,190109,190.104,2382,4588.791594,4.588791594,4738.964902,-0.031689053
188.278433,190159,190.154,2372,4543.006384,4.543006384,4738.964902,-0.041350489
188.30312,190209,190.204,2383,4593.399533,4.593399533,4738.964902,-0.030716701
188.371838,190259,190.254,2377,4565.832363,4.565832363,4738.964902,-0.03653383
188.403118,190309,190.304,2377,4565.832363,4.565832363,4738.964902,-0.03653383
188.453061,190359,190.354,2372,4543.006384,4.543006384,4738.964902,-0.041350489
188.537113,190409,190.404,2392,4635.114504,4.635114504,4738.964902,-0.021914152
188.553161,190459,190.454,2376,4561.256545,4.561256545,4738.964902,-0.037499404
188.628861,190509,190.504,2377,4565.832363,4.565832363,4738.964902,-0.03653383
188.653118,190559,190.554,2383,4593.399533,4.593399533,4738.964902,-0.030716701
188.703152,190609,190.604,2378,4570.413512,4.570413512,4738.964902,-0.035567132
188.779284,190659,190.654,2378,4570.413512,4.570413512,4738.964902,-0.035567132
188.803163,190709,190.704,2401,4677.272727,4.677272727,4738.964902,-0.01301807
188.877852,190759,190.754,2390,4625.806452,4.625806452,4738.964902,-0.023878305
188.903108,190809,190.804,2393,4639.776733,4.639776733,4738.964902,-0.020930345
188.953105,190859,190.854,2391,4630.457746,4.630457746,4738.964902,-0.022896805
189.03073,190909,190.904,2366,4515.789474,4.515789474,4738.964902,-0.047093708
189.053122,190959,190.954,2356,4470.845313,4.470845313,4738.964902,-0.056577669
189.103109,191009,191.004,2371,4538.457077,4.538457077,4738.964902,-0.042310469
189.177892,191059,191.054,2359,4484.274194,4.484274194,4738.964902,-0.053743953
189.203144,191109,191.104,2359,4484.274194,4.484274194,4738.964902,-0.053743953
189.277227,191159,191.154,2374,4552.12086,4.55212086,4738.964902,-0.039427184
189.303098,191209,191.204,2371,4538.457077,4.538457077,4738.964902,-0.042310469
189.353218,191259,191.254,2370,4533.913043,4.533913043,4738.964902,-0.043269335
189.420299,191309,191.304,2357,4475.316456,4.475316456,4738.964902,-0.055634184
189.45307,191359,191.354,2366,4515.789474,4.515789474,4738.964902,-0.047093708
189.503089,191409,191.404,2368,4524.840764,4.524840764,4738.964902,-0.045183736
189.587456,191459,191.454,2367,4520.3125,4.5203125,4738.964902,-0.046139274
189.60307,191509,191.504,2373,4547.560976,4.547560976,4738.964902,-0.040389395
189.653156,191559,191.554,2396,4653.796351,4.653796351,4738.964902,-0.017971973
189.727867,191609,191.604,2413,4734.185493,4.734185493,4738.964902,-0.001008534
189.753117,191659,191.654,2409,4715.124555,4.715124555,4738.964902,-0.005030708
189.803143,191709,191.704,2381,4584.189032,4.584189032,4738.964902,-0.032660269
189.880199,191759,191.754,2402,4681.984643,4.681984643,4738.964902,-0.012023777
189.903138,191809,191.804,2382,4588.791594,4.588791594,4738.964902,-0.031689053
189.953138,191859,191.854,2376,4561.256545,4.561256545,4738.964902,-0.037499404
190.023723,191909,191.904,2378,4570.413512,4.570413512,4738.964902,-0.035567132
190.053068,191959,191.954,2381,4584.189032,4.584189032,4738.964902,-0.032660269
190.103089,192009,192.004,2384,4598.012858,4.598012858,4738.964902,-0.029743213
190.18549,192059,192.054,2371,4538.457077,4.538457077,4738.964902,-0.042310469
190.203129,192109,192.104,2402,4681.984643,4.681984643,4738.964902,-0.012023777
190.27917,192159,192.154,2377,4565.832363,4.565832363,4738.964902,-0.03653383
190.303084,192209,192.204,2380,4579.591837,4.579591837,4738.964902,-0.033630354
190.353067,192259,192.254,2388,4616.520211,4.616520211,4738.964902,-0.025837856
190.427447,192309,192.304,2371,4538.457077,4.538457077,4738.964902,-0.042310469
190.453153,192359,192.354,2385,4602.631579,4.602631579,4738.964902,-0.028768587
190.520743,192409,192.404,2380,4579.591837,4.579591837,4738.964902,-0.033630354
190.553092,192459,192.454,2398,4663.170301,4.663170301,4738.964902,-0.015993915
190.603071,192509,192.504,2393,4639.776733,4.639776733,4738.964902,-0.020930345
190.687701,192559,192.554,2393,4639.776733,4.639776733,4738.964902,-0.020930345
190.703107,192609,192.604,2382,4588.791594,4.588791594,4738.964902,-0.031689053
190.78054,192659,192.654,2371,4538.457077,4.538457077,4738.964902,-0.042310469
190.803174,192709,192.704,2373,4547.560976,4.547560976,4738.964902,-0.040389395
190.880069,192759,192.754,2362,4497.749567,4.497749567,4738.964902,-0.050900426
190.903095,192809,192.804,2357,4475.316456,4.475316456,4738.964902,-0.055634184
190.953043,192859,192.854,2354,4461.918438,4.461918438,4738.964902,-0.058461388
191.021532,192909,192.904,2358,4479.792746,4.479792746,4738.964902,-0.054689613
191.053069,192959,192.954,2359,4484.274194,4.484274194,4738.964902,-0.053743953
191.104231,193009,193.004,2358,4479.792746,4.479792746,4738.964902,-0.054689613
191.208847,193059,193.054,2359,4484.274194,4.484274194,4738.964902,-0.053743953
191.289421,193109,193.104,2379,4575.0,4.575,4738.964902,-0.034599307
191.289643,193159,193.154,2367,4520.3125,4.5203125,4738.964902,-0.046139274
191.303046,193209,193.204,2367,4520.3125,4.5203125,4738.964902,-0.046139274
191.353068,193259,193.254,2379,4575.0,4.575,4738.964902,-0.034599307
191.432268,193309,193.304,2405,4696.153846,4.696153846,4738.964902,-0.009033841
191.453049,193359,193.354,2408,4710.373444,4.710373444,4738.964902,-0.006033271
191.5031,193409,193.404,2384,4598.012858,4.598012858,4738.964902,-0.029743213
191.607334,193459,193.454,2387,4611.885246,4.611885246,4738.964902,-0.02681591
191.677395,193509,193.504,2393,4639.776733,4.639776733,4738.964902,-0.020930345
191.677608,193559,193.554,2381,4584.189032,4.584189032,4738.964902,-0.032660269
191.703089,193609,193.604,2378,4570.413512,4.570413512,4738.964902,-0.035567132
191.753099,193659,193.654,2375,4556.686047,4.556686047,4738.964902,-0.038463854
191.841515,193709,193.704,2382,4588.791594,4.588791594,4738.964902,-0.031689053
191.853131,193759,193.754,2376,4561.256545,4.561256545,4738.964902,-0.037499404
191.945648,193809,193.804,2389,4621.16061,4.62116061,4738.964902,-0.024858655
191.95302,193859,193.854,2378,4570.413512,4.570413512,4738.964902,-0.035567132
192.031327,193909,193.904,2384,4598.012858,4.598012858,4738.964902,-0.029743213
192.053115,193959,193.954,2389,4621.16061,4.62116061,4738.964902,-0.024858655
192.103045,194009,194.004,2382,4588.791594,4.588791594,4738.964902,-0.031689053
192.178345,194059,194.054,2384,4598.012858,4.598012858,4738.964902,-0.029743213
192.203068,194109,194.104,2392,4635.114504,4.635114504,4738.964902,-0.021914152
192.280033,194159,194.154,2405,4696.153846,4.696153846,4738.964902,-0.009033841
192.30308,194209,194.204,2401,4677.272727,4.677272727,4738.964902,-0.01301807
192.380545,194259,194.254,2397,4658.480565,4.658480565,4738.964902,-0.016983527
192.403048,194309,194.304,2394,4644.444444,4.644444444,4738.964902,-0.01994538
192.453128,194359,194.354,2371,4538.457077,4.538457077,4738.964902,-0.042310469
192.528076,194409,194.404,2369,4529.374276,4.529374276,4738.964902,-0.04422709
192.553121,194459,194.454,2370,4533.913043,4.533913043,4738.964902,-0.043269335
192.603081,194509,194.504,2363,4502.251732,4.502251732,4738.964902,-0.049950395
192.680479,194559,194.554,2371,4538.457077,4.538457077,4738.964902,-0.042310469
192.703151,194609,194.604,2369,4529.374276,4.529374276,4738.964902,-0.04422709
192.773736,194659,194.654,2364,4506.759099,4.506759099,4738.964902,-0.048999266
192.803108,194709,194.704,2358,4479.792746,4.479792746,4738.964902,-0.054689613
192.853127,194759,194.754,2362,4497.749567,4.497749567,4738.964902,-0.050900426
192.935649,194809,194.804,2367,4520.3125,4.5203125,4738.964902,-0.046139274
192.953032,194859,194.854,2374,4552.12086,4.55212086,4738.964902,-0.039427184
193.003072,194909,194.904,2365,4511.271676,4.511271676,4738.964902,-0.048047038
193.077552,194959,194.954,2384,4598.012858,4.598012858,4738.964902,-0.029743213
193.103043,195009,195.004,2404,4691.425192,4.691425192,4738.964902,-0.010031665
193.153123,195059,195.054,2390,4625.806452,4.625806452,4738.964902,-0.023878305
193.229059,195109,195.104,2382,4588.791594,4.588791594,4738.964902,-0.031689053
193.253132,195159,195.154,2400,4672.566372,4.672566372,4738.964902,-0.014011188
193.329062,195209,195.204,2396,4653.796351,4.653796351,4738.964902,-0.017971973
193.353137,195259,195.254,2380,4579.591837,4.579591837,4738.964902,-0.033630354
193.429192,195309,195.304,2377,4565.832363,4.565832363,4738.964902,-0.03653383
193.453094,195359,195.354,2373,4547.560976,4.547560976,4738.964902,-0.040389395
193.503057,195409,195.404,2393,4639.776733,4.639776733,4738.964902,-0.020930345
193.580256,195459,195.454,2375,4556.686047,4.556686047,4738.964902,-0.038463854
193.603032,195509,195.504,2383,4593.399533,4.593399533,4738.964902,-0.030716701
193.653021,195559,195.554,2387,4611.885246,4.611885246,4738.964902,-0.02681591
193.730884,195609,195.604,2381,4584.189032,4.584189032,4738.964902,-0.032660269
193.753135,195659,195.654,2385,4602.631579,4.602631579,4738.964902,-0.028768587
193.830373,195709,195.704,2384,4598.012858,4.598012858,4738.964902,-0.029743213
193.853042,195759,195.754,2386,4607.255705,4.607255705,4738.964902,-0.02779282
193.903022,195809,195.804,2392,4635.114504,4.635114504,4738.964902,-0.021914152
193.981058,195859,195.854,2389,4621.16061,4.62116061,4738.964902,-0.024858655
194.003048,195909,195.904,2400,4672.566372,4.672566372,4738.964902,-0.014011188
194.080006,195959,195.954,2387,4611.885246,4.611885246,4738.964902,-0.02681591
194.10303,196009,196.004,2382,4588.791594,4.588791594,4738.964902,-0.031689053
194.153031,196059,196.054,2393,4639.776733,4.639776733,4738.964902,-0.020930345
194.227899,196109,196.104,2394,4644.444444,4.644444444,4738.964902,-0.01994538
194.253112,196159,196.154,2371,4538.457077,4.538457077,4738.964902,-0.042310469
194.321961,196209,196.204,2359,4484.274194,4.484274194,4738.964902,-0.053743953
194.35318,196259,196.254,2365,4511.271676,4.511271676,4738.964902,-0.048047038
194.431264,196309,196.304,2365,4511.271676,4.511271676,4738.964902,-0.048047038
194.453024,196359,196.354,2361,4493.252595,4.493252595,4738.964902,-0.051849362
194.502999,196409,196.404,2357,4475.316456,4.475316456,4738.964902,-0.055634184
194.589161,196459,196.454,2363,4502.251732,4.502251732,4738.964902,-0.049950395
194.603029,196509,196.504,2386,4607.255705,4.607255705,4738.964902,-0.02779282
194.678454,196559,196.554,2369,4529.374276,4.529374276,4738.964902,-0.04422709
194.702085,196609,196.604,2370,4533.913043,4.533913043,4738.964902,-0.043269335
194.75307,196659,196.654,2375,4556.686047,4.556686047,4738.964902,-0.038463854
194.8327,196709,196.704,2402,4681.984643,4.681984643,4738.964902,-0.012023777
194.852103,196759,196.754,2397,4658.480565,4.658480565,4738.964902,-0.016983527
194.902083,196809,196.804,2404,4691.425192,4.691425192,4738.964902,-0.010031665
194.977371,196859,196.854,2395,4649.117647,4.649117647,4738.964902,-0.018959257
195.002066,196909,196.904,2380,4579.591837,4.579591837,4738.964902,-0.033630354
195.052079,196959,196.954,2386,4607.255705,4.607255705,4738.964902,-0.02779282
195.127764,197009,197.004,2382,4588.791594,4.588791594,4738.964902,-0.031689053
195.152111,197059,197.054,2369,4529.374276,4.529374276,4738.964902,-0.04422709
195.220152,197109,197.104,2371,4538.457077,4.538457077,4738.964902,-0.042310469
195.252076,197159,197.154,2375,4556.686047,4.556686047,4738.964902,-0.038463854
195.303086,197209,197.204,2361,4493.252595,4.493252595,4738.964902,-0.051849362
195.386258,197259,197.254,2400,4672.566372,4.672566372,4738.964902,-0.014011188
195.402106,197309,197.304,2371,4538.457077,4.538457077,4738.964902,-0.042310469
195.452119,197359,197.354,2396,4653.796351,4.653796351,4738.964902,-0.017971973
195.528432,197409,197.404,2386,4607.255705,4.607255705,4738.964902,-0.02779282
195.552057,197459,197.454,2391,4630.457746,4.630457746,4738.964902,-0.022896805
195.602094,197509,197.504,2394,4644.444444,4.644444444,4738.964902,-0.01994538
195.678122,197559,197.554,2384,4598.012858,4.598012858,4738.964902,-0.029743213
195.703115,197609,197.604,2395,4649.117647,4.649117647,4738.964902,-0.018959257
195.773665,197659,197.654,2403,4686.702128,4.686702128,4738.964902,-0.01102831
195.802133,197709,197.704,2389,4621.16061,4.62116061,4738.964902,-0.024858655
195.852091,197759,197.754,2376,4561.256545,4.561256545,4738.964902,-0.037499404
195.936551,197809,197.804,2384,4598.012858,4.598012858,4738.964902,-0.029743213
195.95209,197859,197.854,2353,4457.462687,4.457462687,4738.964902,-0.059401625
196.02861,197909,197.904,2359,4484.274194,4.484274194,4738.964902,-0.053743953
196.052082,197959,197.954,2368,4524.840764,4.524840764,4738.964902,-0.045183736
196.102056,198009,198.004,2357,4475.316456,4.475316456,4738.964902,-0.055634184
196.171331,198059,198.054,2368,4524.840764,4.524840764,4738.964902,-0.045183736
196.202086,198109,198.104,2357,4475.316456,4.475316456,4738.964902,-0.055634184
196.278613,198159,198.154,2354,4461.918438,4.461918438,4738.964902,-0.058461388
196.302098,198209,198.204,2359,4484.274194,4.484274194,4738.964902,-0.053743953
196.379252,198259,198.254,2360,4488.760807,4.488760807,4738.964902,-0.052797204
196.402085,198309,198.304,2364,4506.759099,4.506759099,4738.964902,-0.048999266
196.45202,198359,198.354,2364,4506.759099,4.506759099,4738.964902,-0.048999266
196.52827,198409,198.404,2403,4686.702128,4.686702128,4738.964902,-0.01102831
196.552056,198459,198.454,2401,4677.272727,4.677272727,4738.964902,-0.01301807
196.636373,198509,198.504,2403,4686.702128,4.686702128,4738.964902,-0.01102831
196.652084,198559,198.554,2387,4611.885246,4.611885246,4738.964902,-0.02681591
196.728187,198609,198.604,2392,4635.114504,4.635114504,4738.964902,-0.021914152
196.752083,198659,198.654,2386,4607.255705,4.607255705,4738.964902,-0.02779282
196.80205,198709,198.704,2384,4598.012858,4.598012858,4738.964902,-0.029743213
196.87159,198759,198.754,2376,4561.256545,4.561256545,4738.964902,-0.037499404
196.902073,198809,198.804,2372,4543.006384,4.543006384,4738.964902,-0.041350489
196.987284,198859,198.854,2372,4543.006384,4.543006384,4738.964902,-0.041350489
197.002067,198909,198.904,2361,4493.252595,4.493252595,4738.964902,-0.051849362
197.052111,198959,198.954,2380,4579.591837,4.579591837,4738.964902,-0.033630354
197.128416,199009,199.004,2372,4543.006384,4.543006384,4738.964902,-0.041350489
197.152097,199059,199.054,2371,4538.457077,4.538457077,4738.964902,-0.042310469
197.202072,199109,199.104,2383,4593.399533,4.593399533,4738.964902,-0.030716701
197.277682,199159,199.154,2381,4584.189032,4.584189032,4738.964902,-0.032660269
197.302102,199209,199.204,2388,4616.520211,4.616520211,4738.964902,-0.025837856
197.371842,199259,199.254,2383,4593.399533,4.593399533,4738.964902,-0.030716701
197.402106,199309,199.304,2390,4625.806452,4.625806452,4738.964902,-0.023878305
197.485809,199359,199.354,2385,4602.631579,4.602631579,4738.964902,-0.028768587
197.502097,199409,199.404,2379,4575.0,4.575,4738.964902,-0.034599307
197.578483,199459,199.454,2377,4565.832363,4.565832363,4738.964902,-0.03653383
197.602076,199509,199.504,2365,4511.271676,4.511271676,4738.964902,-0.048047038
197.652095,199559,199.554,2358,4479.792746,4.479792746,4738.964902,-0.054689613
197.728768,199609,199.604,2351,4448.566514,4.448566514,4738.964902,-0.061278864
197.752029,199659,199.654,2361,4493.252595,4.493252595,4738.964902,-0.051849362
197.802033,199709,199.704,2361,4493.252595,4.493252595,4738.964902,-0.051849362
197.872641,199759,199.754,2365,4511.271676,4.511271676,4738.964902,-0.048047038
197.902068,199809,199.804,2356,4470.845313,4.470845313,4738.964902,-0.056577669
197.987121,199859,199.854,2357,4475.316456,4.475316456,4738.964902,-0.055634184
198.002055,199909,199.904,2361,4493.252595,4.493252595,4738.964902,-0.051849362
198.052043,199959,199.954,2372,4543.006384,4.543006384,4738.964902,-0.041350489
198.129135,200009,200.004,2357,4475.316456,4.475316456,4738.964902,-0.055634184
198.152046,200059,200.054,2389,4621.16061,4.62116061,4738.964902,-0.024858655
198.202048,200109,200.104,2390,4625.806452,4.625806452,4738.964902,-0.023878305
198.278069,200159,200.154,2402,4681.984643,4.681984643,4738.964902,-0.012023777
198.302119,200209,200.204,2394,4644.444444,4.644444444,4738.964902,-0.01994538
198.377553,200259,200.254,2376,4561.256545,4.561256545,4738.964902,-0.037499404
198.402016,200309,200.304,2385,4602.631579,4.602631579,4738.964902,-0.028768587
198.452043,200359,200.354,2395,4649.117647,4.649117647,4738.964902,-0.018959257
198.524024,200409,200.404,2385,4602.631579,4.602631579,4738.964902,-0.028768587
198.552015,200459,200.454,2375,4556.686047,4.556686047,4738.964902,-0.038463854
198.602035,200509,200.504,2367,4520.3125,4.5203125,4738.964902,-0.046139274
198.687115,200559,200.554,2370,4533.913043,4.533913043,4738.964902,-0.043269335
198.702039,200609,200.604,2357,4475.316456,4.475316456,4738.964902,-0.055634184
198.778518,200659,200.654,2377,4565.832363,4.565832363,4738.964902,-0.03653383
198.802074,200709,200.704,2371,4538.457077,4.538457077,4738.964902,-0.042310469
198.878248,200759,200.754,2377,4565.832363,4.565832363,4738.964902,-0.03653383
198.902029,200809,200.804,2379,4575.0,4.575,4738.964902,-0.034599307
198.951996,200859,200.854,2381,4584.189032,4.584189032,4738.964902,-0.032660269
199.021171,200909,200.904,2380,4579.591837,4.579591837,4738.964902,-0.033630354
199.052066,200959,200.954,2372,4543.006384,4.543006384,4738.964902,-0.041350489
199.102027,201009,201.004,2394,4644.444444,4.644444444,4738.964902,-0.01994538
199.179202,201059,201.054,2432,4825.97715,4.82597715,4738.964902,0.018361024
199.202006,201109,201.104,2363,4502.251732,4.502251732,4738.964902,-0.049950395
199.252047,201159,201.154,2381,4584.189032,4.584189032,4738.964902,-0.032660269
199.354746,201209,201.204,2360,4488.760807,4.488760807,4738.964902,-0.052797204
199.446409,201259,201.254,2349,4439.690722,4.439690722,4738.964902,-0.063151803
199.446651,201309,201.304,2357,4475.316456,4.475316456,4738.964902,-0.055634184
199.452025,201359,201.354,2351,4448.566514,4.448566514,4738.964902,-0.061278864
199.502053,201409,201.404,2357,4475.316456,4.475316456,4738.964902,-0.055634184
199.57386,201459,201.454,2360,4488.760807,4.488760807,4738.964902,-0.052797204
199.601995,201509,201.504,2361,4493.252595,4.493252595,4738.964902,-0.051849362
199.652014,201559,201.554,2356,4470.845313,4.470845313,4738.964902,-0.056577669
199.739347,201609,201.604,2358,4479.792746,4.479792746,4738.964902,-0.054689613
199.752024,201659,201.654,2359,4484.274194,4.484274194,4738.964902,-0.053743953
199.827567,201709,201.704,2377,4565.832363,4.565832363,4738.964902,-0.03653383
199.852008,201759,201.754,2366,4515.789474,4.515789474,4738.964902,-0.047093708
199.902034,201809,201.804,2372,4543.006384,4.543006384,4738.964902,-0.041350489
199.983183,201859,201.854,2400,4672.566372,4.672566372,4738.964902,-0.014011188
200.002032,201909,201.904,2392,4635.114504,4.635114504,4738.964902,-0.021914152
200.052078,201959,201.954,2387,4611.885246,4.611885246,4738.964902,-0.02681591
200.121841,202009,202.004,2391,4630.457746,4.630457746,4738.964902,-0.022896805
200.151997,202059,202.054,2390,4625.806452,4.625806452,4738.964902,-0.023878305
200.202069,202109,202.104,2384,4598.012858,4.598012858,4738.964902,-0.029743213
200.281103,202159,202.154,2372,4543.006384,4.543006384,4738.964902,-0.041350489
200.302016,202209,202.204,2381,4584.189032,4.584189032,4738.964902,-0.032660269
200.352046,202259,202.254,2369,4529.374276,4.529374276,4738.964902,-0.04422709
200.434968,202309,202.304,2372,4543.006384,4.543006384,4738.964902,-0.041350489
200.452066,202359,202.354,2366,4515.789474,4.515789474,4738.964902,-0.047093708
200.528499,202409,202.404,2375,4556.686047,4.556686047,4738.964902,-0.038463854
200.552096,202459,202.454,2379,4575.0,4.575,4738.964902,-0.034599307
200.628019,202509,202.504,2381,4584.189032,4.584189032,4738.964902,-0.032660269
200.652061,202559,202.554,2382,4588.791594,4.588791594,4738.964902,-0.031689053
200.702085,202609,202.604,2387,4611.885246,4.611885246,4738.964902,-0.02681591
200.770768,202659,202.654,2384,4598.012858,4.598012858,4738.964902,-0.029743213
200.802071,202709,202.704,2385,4602.631579,4.602631579,4738.964902,-0.028768587
200.851997,202759,202.754,2397,4658.480565,4.658480565,4738.964902,-0.016983527
200.936179,202809,202.804,2384,4598.012858,4.598012858,4738.964902,-0.029743213
200.952011,202859,202.854,2377,4565.832363,4.565832363,4738.964902,-0.03653383
201.028837,202909,202.904,2369,4529.374276,4.529374276,4738.964902,-0.04422709
201.052055,202959,202.954,2363,4502.251732,4.502251732,4738.964902,-0.049950395
201.102064,203009,203.004,2351,4448.566514,4.448566514,4738.964902,-0.061278864
201.178453,203059,203.054,2352,4453.012048,4.453012048,4738.964902,-0.060340783
201.20212,203109,203.104,2356,4470.845313,4.470845313,4738.964902,-0.056577669
201.271747,203159,203.154,2355,4466.37931,4.46637931,4738.964902,-0.05752007
201.302057,203209,203.204,2354,4461.918438,4.461918438,4738.964902,-0.058461388
201.352064,203259,203.254,2350,4444.126074,4.444126074,4738.964902,-0.062215871
201.435398,203309,203.304,2360,4488.760807,4.488760807,4738.964902,-0.052797204
201.452019,203359,203.354,2364,4506.759099,4.506759099,4738.964902,-0.048999266
201.502046,203409,203.404,2361,4493.252595,4.493252595,4738.964902,-0.051849362
201.571478,203459,203.454,2368,4524.840764,4.524840764,4738.964902,-0.045183736
201.602032,203509,203.504,2370,4533.913043,4.533913043,4738.964902,-0.043269335
201.652009,203559,203.554,2406,4700.888099,4.700888099,4738.964902,-0.008034835
201.729442,203609,203.604,2400,4672.566372,4.672566372,4738.964902,-0.014011188
201.752097,203659,203.654,2400,4672.566372,4.672566372,4738.964902,-0.014011188
201.829574,203709,203.704,2380,4579.591837,4.579591837,4738.964902,-0.033630354
201.851988,203759,203.754,2381,4584.189032,4.584189032,4738.964902,-0.032660269
201.902039,203809,203.804,2382,4588.791594,4.588791594,4738.964902,-0.031689053
201.986339,203859,203.854,2361,4493.252595,4.493252595,4738.964902,-0.051849362
202.001989,203909,203.904,2365,4511.271676,4.511271676,4738.964902,-0.048047038
202.052026,203959,203.954,2373,4547.560976,4.547560976,4738.964902,-0.040389395
202.129685,204009,204.004,2360,4488.760807,4.488760807,4738.964902,-0.052797204
202.152025,204059,204.054,2368,4524.840764,4.524840764,4738.964902,-0.045183736
202.202037,204109,204.104,2375,4556.686047,4.556686047,4738.964902,-0.038463854
202.278151,204159,204.154,2359,4484.274194,4.484274194,4738.964902,-0.053743953
202.301992,204209,204.204,2379,4575.0,4.575,4738.964902,-0.034599307
202.352097,204259,204.254,2376,4561.256545,4.561256545,4738.964902,-0.037499404
202.421513,204309,204.304,2396,4653.796351,4.653796351,4738.964902,-0.017971973
202.452022,204359,204.354,2388,4616.520211,4.616520211,4738.964902,-0.025837856
202.502005,204409,204.404,2386,4607.255705,4.607255705,4738.964902,-0.02779282
202.587574,204459,204.454,2387,4611.885246,4.611885246,4738.964902,-0.02681591
202.602018,204509,204.504,2396,4653.796351,4.653796351,4738.964902,-0.017971973
202.678405,204559,204.554,2390,4625.806452,4.625806452,4738.964902,-0.023878305
202.701974,204609,204.604,2368,4524.840764,4.524840764,4738.964902,-0.045183736
202.751984,204659,204.654,2362,4497.749567,4.497749567,4738.964902,-0.050900426
202.828793,204709,204.704,2355,4466.37931,4.46637931,4738.964902,-0.05752007
202.85205,204759,204.754,2348,4435.260446,4.435260446,4738.964902,-0.064086665
202.940436,204809,204.804,2355,4466.37931,4.46637931,4738.964902,-0.05752007
202.952121,204859,204.854,2356,4470.845313,4.470845313,4738.964902,-0.056577669
203.076879,204909,204.904,2363,4502.251732,4.502251732,4738.964902,-0.049950395
203.16838,204959,204.954,2351,4448.566514,4.448566514,4738.964902,-0.061278864
203.168647,205009,205.004,2354,4461.918438,4.461918438,4738.964902,-0.058461388
203.168874,205059,205.054,2365,4511.271676,4.511271676,4738.964902,-0.048047038
203.201986,205109,205.104,2336,4382.490051,4.382490051,4738.964902,-0.075222091
203.283314,205159,205.154,2341,4404.389966,4.404389966,4738.964902,-0.070600847
203.301992,205209,205.204,2358,4479.792746,4.479792746,4738.964902,-0.054689613
203.352142,205259,205.254,2388,4616.520211,4.616520211,4738.964902,-0.025837856
203.421409,205309,205.304,2387,4611.885246,4.611885246,4738.964902,-0.02681591
203.452058,205359,205.354,2392,4635.114504,4.635114504,4738.964902,-0.021914152
203.50203,205409,205.404,2376,4561.256545,4.561256545,4738.964902,-0.037499404
203.579809,205459,205.454,2387,4611.885246,4.611885246,4738.964902,-0.02681591
203.601972,205509,205.504,2386,4607.255705,4.607255705,4738.964902,-0.02779282
203.652039,205559,205.554,2385,4602.631579,4.602631579,4738.964902,-0.028768587
203.735865,205609,205.604,2391,4630.457746,4.630457746,4738.964902,-0.022896805
203.751982,205659,205.654,2344,4417.589949,4.417589949,4738.964902,-0.067815432
203.802084,205709,205.704,2366,4515.789474,4.515789474,4738.964902,-0.047093708
203.878459,205759,205.754,2358,4479.792746,4.479792746,4738.964902,-0.054689613
203.902017,205809,205.804,2359,4484.274194,4.484274194,4738.964902,-0.053743953
203.952005,205859,205.854,2345,4422.0,4.422,4738.964902,-0.066884838
204.021828,205909,205.904,2369,4529.374276,4.529374276,4738.964902,-0.04422709
204.052003,205959,205.954,2380,4579.591837,4.579591837,4738.964902,-0.033630354
204.102017,206009,206.004,2380,4579.591837,4.579591837,4738.964902,-0.033630354
204.1869,206059,206.054,2381,4584.189032,4.584189032,4738.964902,-0.032660269
204.202068,206109,206.104,2382,4588.791594,4.588791594,4738.964902,-0.031689053
204.278772,206159,206.154,2392,4635.114504,4.635114504,4738.964902,-0.021914152
204.302003,206209,206.204,2392,4635.114504,4.635114504,4738.964902,-0.021914152
204.352109,206259,206.254,2384,4598.012858,4.598012858,4738.964902,-0.029743213
204.427967,206309,206.304,2370,4533.913043,4.533913043,4738.964902,-0.043269335
204.451992,206359,206.354,2362,4497.749567,4.497749567,4738.964902,-0.050900426
204.501999,206409,206.404,2355,4466.37931,4.46637931,4738.964902,-0.05752007
204.571739,206459,206.454,2356,4470.845313,4.470845313,4738.964902,-0.056577669
204.601961,206509,206.504,2348,4435.260446,4.435260446,4738.964902,-0.064086665
204.651994,206559,206.554,2358,4479.792746,4.479792746,4738.964902,-0.054689613
204.737397,206609,206.604,2356,4470.845313,4.470845313,4738.964902,-0.056577669
204.752033,206659,206.654,2347,4430.83524,4.43083524,4738.964902,-0.065020457
204.828748,206709,206.704,2353,4457.462687,4.457462687,4738.964902,-0.059401625
204.852005,206759,206.754,2365,4511.271676,4.511271676,4738.964902,-0.048047038
204.902005,206809,206.804,2363,4502.251732,4.502251732,4738.964902,-0.049950395
204.978374,206859,206.854,2370,4533.913043,4.533913043,4738.964902,-0.043269335
205.002017,206909,206.904,2367,4520.3125,4.5203125,4738.964902,-0.046139274
205.071849,206959,206.954,2384,4598.012858,4.598012858,4738.964902,-0.029743213
205.102068,207009,207.004,2399,4667.865566,4.667865566,4738.964902,-0.015003136
205.186488,207059,207.054,2376,4561.256545,4.561256545,4738.964902,-0.037499404
205.202055,207109,207.104,2386,4607.255705,4.607255705,4738.964902,-0.02779282
205.252019,207159,207.154,2378,4570.413512,4.570413512,4738.964902,-0.035567132
205.32802,207209,207.204,2393,4639.776733,4.639776733,4738.964902,-0.020930345
205.35207,207259,207.254,2375,4556.686047,4.556686047,4738.964902,-0.038463854
205.428286,207309,207.304,2378,4570.413512,4.570413512,4738.964902,-0.035567132
205.45203,207359,207.354,2355,4466.37931,4.46637931,4738.964902,-0.05752007
205.501993,207409,207.404,2365,4511.271676,4.511271676,4738.964902,-0.048047038
205.572779,207459,207.454,2370,4533.913043,4.533913043,4738.964902,-0.043269335
205.602039,207509,207.504,2360,4488.760807,4.488760807,4738.964902,-0.052797204
205.687388,207559,207.554,2371,4538.457077,4.538457077,4738.964902,-0.042310469
205.701955,207609,207.604,2372,4543.006384,4.543006384,4738.964902,-0.041350489
205.751989,207659,207.654,2384,4598.012858,4.598012858,4738.964902,-0.029743213
205.828714,207709,207.704,2377,4565.832363,4.565832363,4738.964902,-0.03653383
205.852058,207759,207.754,2387,4611.885246,4.611885246,4738.964902,-0.02681591
205.945599,207809,207.804,2377,4565.832363,4.565832363,4738.964902,-0.03653383
205.95205,207859,207.854,2390,4625.806452,4.625806452,4738.964902,-0.023878305
206.064716,207909,207.904,2391,4630.457746,4.630457746,4738.964902,-0.022896805
206.227218,207959,207.954,2389,4621.16061,4.62116061,4738.964902,-0.024858655
206.347906,208009,208.004,2386,4607.255705,4.607255705,4738.964902,-0.02779282
206.438778,208059,208.054,2366,4515.789474,4.515789474,4738.964902,-0.047093708
206.439001,208109,208.104,2349,4439.690722,4.439690722,4738.964902,-0.063151803
206.439202,208159,208.154,2347,4430.83524,4.43083524,4738.964902,-0.065020457
206.439417,208209,208.204,2346,4426.415094,4.426415094,4738.964902,-0.06595318
206.439617,208259,208.254,2354,4461.918438,4.461918438,4738.964902,-0.058461388
206.439822,208309,208.304,2359,4484.274194,4.484274194,4738.964902,-0.053743953
206.452019,208359,208.354,2352,4453.012048,4.453012048,4738.964902,-0.060340783
206.522186,208409,208.404,2350,4444.126074,4.444126074,4738.964902,-0.062215871
206.551987,208459,208.454,2357,4475.316456,4.475316456,4738.964902,-0.055634184
206.601993,208509,208.504,2362,4497.749567,4.497749567,4738.964902,-0.050900426
206.679945,208559,208.554,2371,4538.457077,4.538457077,4738.964902,-0.042310469
206.701965,208609,208.604,2371,4538.457077,4.538457077,4738.964902,-0.042310469
206.752055,208659,208.654,2366,4515.789474,4.515789474,4738.964902,-0.047093708
206.830201,208709,208.704,2393,4639.776733,4.639776733,4738.964902,-0.020930345
206.851981,208759,208.754,2366,4515.789474,4.515789474,4738.964902,-0.047093708
206.901999,208809,208.804,2391,4630.457746,4.630457746,4738.964902,-0.022896805
206.980244,208859,208.854,2388,4616.520211,4.616520211,4738.964902,-0.025837856
207.001976,208909,208.904,2394,4644.444444,4.644444444,4738.964902,-0.01994538
207.051978,208959,208.954,2376,4561.256545,4.561256545,4738.964902,-0.037499404
207.137114,209009,209.004,2372,4543.006384,4.543006384,4738.964902,-0.041350489
207.151967,209059,209.054,2366,4515.789474,4.515789474,4738.964902,-0.047093708
207.201987,209109,209.104,2371,4538.457077,4.538457077,4738.964902,-0.042310469
207.271077,209159,209.154,2371,4538.457077,4.538457077,4738.964902,-0.042310469
207.302066,209209,209.204,2364,4506.759099,4.506759099,4738.964902,-0.048999266
207.385854,209259,209.254,2365,4511.271676,4.511271676,4738.964902,-0.048047038
207.402056,209309,209.304,2361,4493.252595,4.493252595,4738.964902,-0.051849362
207.45205,209359,209.354,2370,4533.913043,4.533913043,4738.964902,-0.043269335
207.529199,209409,209.404,2367,4520.3125,4.5203125,4738.964902,-0.046139274
207.552006,209459,209.454,2374,4552.12086,4.55212086,4738.964902,-0.039427184
207.601952,209509,209.504,2387,4611.885246,4.611885246,4738.964902,-0.02681591
207.678182,209559,209.554,2378,4570.413512,4.570413512,4738.964902,-0.035567132
207.702081,209609,209.604,2400,4672.566372,4.672566372,4738.964902,-0.014011188
207.772867,209659,209.654,2388,4616.520211,4.616520211,4738.964902,-0.025837856
207.801992,209709,209.704,2376,4561.256545,4.561256545,4738.964902,-0.037499404
207.85199,209759,209.754,2370,4533.913043,4.533913043,4738.964902,-0.043269335
207.938112,209809,209.804,2356,4470.845313,4.470845313,4738.964902,-0.056577669
207.951933,209859,209.854,2357,4475.316456,4.475316456,4738.964902,-0.055634184
208.031646,209909,209.904,2348,4435.260446,4.435260446,4738.964902,-0.064086665
208.052057,209959,209.954,2348,4435.260446,4.435260446,4738.964902,-0.064086665
208.140612,210009,210.004,2360,4488.760807,4.488760807,4738.964902,-0.052797204
208.152015,210059,210.054,2343,4413.184932,4.413184932,4738.964902,-0.068744964
208.201952,210109,210.104,2331,4360.714286,4.360714286,4738.964902,-0.079817138
208.271752,210159,210.154,2378,4570.413512,4.570413512,4738.964902,-0.035567132
208.301995,210209,210.204,2360,4488.760807,4.488760807,4738.964902,-0.052797204
208.385748,210259,210.254,2365,4511.271676,4.511271676,4738.964902,-0.048047038
208.402053,210309,210.304,2364,4506.759099,4.506759099,4738.964902,-0.048999266
208.478249,210359,210.354,2375,4556.686047,4.556686047,4738.964902,-0.038463854
208.501975,210409,210.404,2404,4691.425192,4.691425192,4738.964902,-0.010031665
208.552046,210459,210.454,2384,4598.012858,4.598012858,4738.964902,-0.029743213
208.629098,210509,210.504,2402,4681.984643,4.681984643,4738.964902,-0.012023777
208.651968,210559,210.554,2361,4493.252595,4.493252595,4738.964902,-0.051849362
208.701993,210609,210.604,2403,4686.702128,4.686702128,4738.964902,-0.01102831
208.779118,210659,210.654,2406,4700.888099,4.700888099,4738.964902,-0.008034835
208.801996,210709,210.704,2366,4515.789474,4.515789474,4738.964902,-0.047093708
208.871647,210759,210.754,2349,4439.690722,4.439690722,4738.964902,-0.063151803
208.901963,210809,210.804,2360,4488.760807,4.488760807,4738.964902,-0.052797204
208.952012,210859,210.854,2368,4524.840764,4.524840764,4738.964902,-0.045183736
209.039112,210909,210.904,2353,4457.462687,4.457462687,4738.964902,-0.059401625
209.05198,210959,210.954,2364,4506.759099,4.506759099,4738.964902,-0.048999266
209.101994,211009,211.004,2375,4556.686047,4.556686047,4738.964902,-0.038463854
209.179922,211059,211.054,2362,4497.749567,4.497749567,4738.964902,-0.050900426
209.201954,211109,211.104,2366,4515.789474,4.515789474,4738.964902,-0.047093708
209.25196,211159,211.154,2391,4630.457746,4.630457746,4738.964902,-0.022896805
209.329192,211209,211.204,2389,4621.16061,4.62116061,4738.964902,-0.024858655
209.351994,211259,211.254,2386,4607.255705,4.607255705,4738.964902,-0.02779282
209.421144,211309,211.304,2395,4649.117647,4.649117647,4738.964902,-0.018959257
209.452002,211359,211.354,2386,4607.255705,4.607255705,4738.964902,-0.02779282
209.537121,211409,211.404,2375,4556.686047,4.556686047,4738.964902,-0.038463854
209.551985,211459,211.454,2380,4579.591837,4.579591837,4738.964902,-0.033630354
209.601981,211509,211.504,2366,4515.789474,4.515789474,4738.964902,-0.047093708
209.678962,211559,211.554,2354,4461.918438,4.461918438,4738.964902,-0.058461388
209.702043,211609,211.604,2355,4466.37931,4.46637931,4738.964902,-0.05752007
209.778728,211659,211.654,2353,4457.462687,4.457462687,4738.964902,-0.059401625
209.802051,211709,211.704,2346,4426.415094,4.426415094,4738.964902,-0.06595318
209.883076,211759,211.754,2369,4529.374276,4.529374276,4738.964902,-0.04422709
209.901955,211809,211.804,2343,4413.184932,4.413184932,4738.964902,-0.068744964
209.951997,211859,211.854,2351,4448.566514,4.448566514,4738.964902,-0.061278864
210.022964,211909,211.904,2364,4506.759099,4.506759099,4738.964902,-0.048999266
210.052001,211959,211.954,2378,4570.413512,4.570413512,4738.964902,-0.035567132
210.101996,212009,212.004,2358,4479.792746,4.479792746,4738.964902,-0.054689613
210.186564,212059,212.054,2366,4515.789474,4.515789474,4738.964902,-0.047093708
210.201947,212109,212.104,2378,4570.413512,4.570413512,4738.964902,-0.035567132
210.251988,212159,212.154,2394,4644.444444,4.644444444,4738.964902,-0.01994538
210.328495,212209,212.204,2393,4639.776733,4.639776733,4738.964902,-0.020930345
210.351972,212259,212.254,2352,4453.012048,4.453012048,4738.964902,-0.060340783
210.401987,212309,212.304,2407,4705.627962,4.705627962,4738.964902,-0.007034646
210.470682,212359,212.354,2371,4538.457077,4.538457077,4738.964902,-0.042310469
210.501966,212409,212.404,2362,4497.749567,4.497749567,4738.964902,-0.050900426
210.551957,212459,212.454,2368,4524.840764,4.524840764,4738.964902,-0.045183736
210.637865,212509,212.504,2364,4506.759099,4.506759099,4738.964902,-0.048999266
210.651959,212559,212.554,2362,4497.749567,4.497749567,4738.964902,-0.050900426
210.729395,212609,212.604,2371,4538.457077,4.538457077,4738.964902,-0.042310469
210.751928,212659,212.654,2360,4488.760807,4.488760807,4738.964902,-0.052797204
210.80196,212709,212.704,2369,4529.374276,4.529374276,4738.964902,-0.04422709
210.878836,212759,212.754,2375,4556.686047,4.556686047,4738.964902,-0.038463854
210.901948,212809,212.804,2370,4533.913043,4.533913043,4738.964902,-0.043269335
210.95196,212859,212.854,2390,4625.806452,4.625806452,4738.964902,-0.023878305
211.024815,212909,212.904,2382,4588.791594,4.588791594,4738.964902,-0.031689053
211.051936,212959,212.954,2397,4658.480565,4.658480565,4738.964902,-0.016983527
211.101982,213009,213.004,2381,4584.189032,4.584189032,4738.964902,-0.032660269
211.187531,213059,213.054,2376,4561.256545,4.561256545,4738.964902,-0.037499404
211.201979,213109,213.104,2382,4588.791594,4.588791594,4738.964902,-0.031689053
211.252012,213159,213.154,2380,4579.591837,4.579591837,4738.964902,-0.033630354
211.328665,213209,213.204,2352,4453.012048,4.453012048,4738.964902,-0.060340783
211.351969,213259,213.254,2350,4444.126074,4.444126074,4738.964902,-0.062215871
211.402037,213309,213.304,2357,4475.316456,4.475316456,4738.964902,-0.055634184
211.471291,213359,213.354,2342,4408.78494,4.40878494,4738.964902,-0.069673435
211.501982,213409,213.404,2358,4479.792746,4.479792746,4738.964902,-0.054689613
211.552055,213459,213.454,2360,4488.760807,4.488760807,4738.964902,-0.052797204
211.629928,213509,213.504,2365,4511.271676,4.511271676,4738.964902,-0.048047038
211.651933,213559,213.554,2366,4515.789474,4.515789474,4738.964902,-0.047093708
211.70199,213609,213.604,2345,4422.0,4.422,4738.964902,-0.066884838
211.787528,213659,213.654,2352,4453.012048,4.453012048,4738.964902,-0.060340783
211.802005,213709,213.704,2364,4506.759099,4.506759099,4738.964902,-0.048999266
211.879252,213759,213.754,2364,4506.759099,4.506759099,4738.964902,-0.048999266
211.901917,213809,213.804,2377,4565.832363,4.565832363,4738.964902,-0.03653383
211.951973,213859,213.854,2392,4635.114504,4.635114504,4738.964902,-0.021914152
212.022518,213909,213.904,2382,4588.791594,4.588791594,4738.964902,-0.031689053
212.052038,213959,213.954,2388,4616.520211,4.616520211,4738.964902,-0.025837856
212.13752,214009,214.004,2384,4598.012858,4.598012858,4738.964902,-0.029743213
212.151946,214059,214.054,2393,4639.776733,4.639776733,4738.964902,-0.020930345
212.201978,214109,214.104,2378,4570.413512,4.570413512,4738.964902,-0.035567132
212.271798,214159,214.154,2382,4588.791594,4.588791594,4738.964902,-0.031689053
212.301937,214209,214.204,2364,4506.759099,4.506759099,4738.964902,-0.048999266
212.352013,214259,214.254,2380,4579.591837,4.579591837,4738.964902,-0.033630354
212.437028,214309,214.304,2372,4543.006384,4.543006384,4738.964902,-0.041350489
212.451942,214359,214.354,2362,4497.749567,4.497749567,4738.964902,-0.050900426
212.501978,214409,214.404,2371,4538.457077,4.538457077,4738.964902,-0.042310469
212.579353,214459,214.454,2365,4511.271676,4.511271676,4738.964902,-0.048047038
212.601963,214509,214.504,2381,4584.189032,4.584189032,4738.964902,-0.032660269
212.652022,214559,214.554,2386,4607.255705,4.607255705,4738.964902,-0.02779282
212.833773,214609,214.604,2382,4588.791594,4.588791594,4738.964902,-0.031689053
212.91761,214659,214.654,2379,4575.0,4.575,4738.964902,-0.034599307
212.917829,214709,214.704,2371,4538.457077,4.538457077,4738.964902,-0.042310469
212.918053,214759,214.754,2395,4649.117647,4.649117647,4738.964902,-0.018959257
212.91825,214809,214.804,2379,4575.0,4.575,4738.964902,-0.034599307
212.952016,214859,214.854,2378,4570.413512,4.570413512,4738.964902,-0.035567132
213.042669,214909,214.904,2377,4565.832363,4.565832363,4738.964902,-0.03653383
213.051928,214959,214.954,2371,4538.457077,4.538457077,4738.964902,-0.042310469
213.101934,215009,215.004,2357,4475.316456,4.475316456,4738.964902,-0.055634184
213.182899,215059,215.054,2356,4470.845313,4.470845313,4738.964902,-0.056577669
213.201957,215109,215.104,2321,4317.531003,4.317531003,4738.964902,-0.088929525
213.27956,215159,215.154,2356,4470.845313,4.470845313,4738.964902,-0.056577669
213.301922,215209,215.204,2356,4470.845313,4.470845313,4738.964902,-0.056577669
213.351947,215259,215.254,2379,4575.0,4.575,4738.964902,-0.034599307
213.421681,215309,215.304,2350,4444.126074,4.444126074,4738.964902,-0.062215871
213.452022,215359,215.354,2370,4533.913043,4.533913043,4738.964902,-0.043269335
213.539283,215409,215.404,2373,4547.560976,4.547560976,4738.964902,-0.040389395
213.551956,215459,215.454,2361,4493.252595,4.493252595,4738.964902,-0.051849362
213.601994,215509,215.504,2377,4565.832363,4.565832363,4738.964902,-0.03653383
213.681079,215559,215.554,2408,4710.373444,4.710373444,4738.964902,-0.006033271
213.701996,215609,215.604,2390,4625.806452,4.625806452,4738.964902,-0.023878305
213.791284,215659,215.654,2391,4630.457746,4.630457746,4738.964902,-0.022896805
213.801984,215709,215.704,2349,4439.690722,4.439690722,4738.964902,-0.063151803
213.851936,215759,215.754,2401,4677.272727,4.677272727,4738.964902,-0.01301807
213.931297,215809,215.804,2374,4552.12086,4.55212086,4738.964902,-0.039427184
213.951955,215859,215.854,2387,4611.885246,4.611885246,4738.964902,-0.02681591
214.024619,215909,215.904,2373,4547.560976,4.547560976,4738.964902,-0.040389395
214.051946,215959,215.954,2366,4515.789474,4.515789474,4738.964902,-0.047093708
214.101941,216009,216.004,2374,4552.12086,4.55212086,4738.964902,-0.039427184
214.187958,216059,216.054,2372,4543.006384,4.543006384,4738.964902,-0.041350489
214.201985,216109,216.104,2353,4457.462687,4.457462687,4738.964902,-0.059401625
214.27838,216159,216.154,2365,4511.271676,4.511271676,4738.964902,-0.048047038
214.301969,216209,216.204,2382,4588.791594,4.588791594,4738.964902,-0.031689053
214.351973,216259,216.254,2372,4543.006384,4.543006384,4738.964902,-0.041350489
214.429163,216309,216.304,2380,4579.591837,4.579591837,4738.964902,-0.033630354
214.451958,216359,216.354,2385,4602.631579,4.602631579,4738.964902,-0.028768587
214.501973,216409,216.404,2367,4520.3125,4.5203125,4738.964902,-0.046139274
214.573105,216459,216.454,2377,4565.832363,4.565832363,4738.964902,-0.03653383
214.601956,216509,216.504,2382,4588.791594,4.588791594,4738.964902,-0.031689053
214.651931,216559,216.554,2383,4593.399533,4.593399533,4738.964902,-0.030716701
214.739514,216609,216.604,2354,4461.918438,4.461918438,4738.964902,-0.058461388
214.751994,216659,216.654,2363,4502.251732,4.502251732,4738.964902,-0.049950395
214.830751,216709,216.704,2360,4488.760807,4.488760807,4738.964902,-0.052797204
214.851915,216759,216.754,2339,4395.615034,4.395615034,4738.964902,-0.072452503
214.901942,216809,216.804,2364,4506.759099,4.506759099,4738.964902,-0.048999266
214.98052,216859,216.854,2358,4479.792746,4.479792746,4738.964902,-0.054689613
215.001941,216909,216.904,2345,4422.0,4.422,4738.964902,-0.066884838
215.07982,216959,216.954,2341,4404.389966,4.404389966,4738.964902,-0.070600847
215.101936,217009,217.004,2346,4426.415094,4.426415094,4738.964902,-0.06595318
215.151916,217059,217.054,2363,4502.251732,4.502251732,4738.964902,-0.049950395
215.222381,217109,217.104,2363,4502.251732,4.502251732,4738.964902,-0.049950395
215.251923,217159,217.154,2368,4524.840764,4.524840764,4738.964902,-0.045183736
215.337529,217209,217.204,2376,4561.256545,4.561256545,4738.964902,-0.037499404
215.351975,217259,217.254,2405,4696.153846,4.696153846,4738.964902,-0.009033841
215.470339,217309,217.304,2396,4653.796351,4.653796351,4738.964902,-0.017971973
215.546325,217359,217.354,2403,4686.702128,4.686702128,4738.964902,-0.01102831
215.546549,217409,217.404,2389,4621.16061,4.62116061,4738.964902,-0.024858655
215.552038,217459,217.454,2380,4579.591837,4.579591837,4738.964902,-0.033630354
215.601936,217509,217.504,2380,4579.591837,4.579591837,4738.964902,-0.033630354
215.682608,217559,217.554,2388,4616.520211,4.616520211,4738.964902,-0.025837856
215.701943,217609,217.604,2366,4515.789474,4.515789474,4738.964902,-0.047093708
215.780367,217659,217.654,2371,4538.457077,4.538457077,4738.964902,-0.042310469
215.801979,217709,217.704,2363,4502.251732,4.502251732,4738.964902,-0.049950395
215.887597,217759,217.754,2369,4529.374276,4.529374276,4738.964902,-0.04422709
215.903891,217809,217.804,2357,4475.316456,4.475316456,4738.964902,-0.055634184
215.983058,217859,217.854,2380,4579.591837,4.579591837,4738.964902,-0.033630354
216.001927,217909,217.904,2374,4552.12086,4.55212086,4738.964902,-0.039427184
216.051934,217959,217.954,2374,4552.12086,4.55212086,4738.964902,-0.039427184
216.129827,218009,218.004,2387,4611.885246,4.611885246,4738.964902,-0.02681591
216.151948,218059,218.054,2366,4515.789474,4.515789474,4738.964902,-0.047093708
216.201944,218109,218.104,2382,4588.791594,4.588791594,4738.964902,-0.031689053
216.271902,218159,218.154,2378,4570.413512,4.570413512,4738.964902,-0.035567132
216.310249,218209,218.204,2379,4575.0,4.575,4738.964902,-0.034599307
216.401921,218259,218.254,2379,4575.0,4.575,4738.964902,-0.034599307
216.402138,218309,218.304,2353,4457.462687,4.457462687,4738.964902,-0.059401625
216.451947,218359,218.354,2354,4461.918438,4.461918438,4738.964902,-0.058461388
216.533538,218409,218.404,2367,4520.3125,4.5203125,4738.964902,-0.046139274
216.551975,218459,218.454,2365,4511.271676,4.511271676,4738.964902,-0.048047038
216.632428,218509,218.504,2356,4470.845313,4.470845313,4738.964902,-0.056577669
216.651918,218559,218.554,2361,4493.252595,4.493252595,4738.964902,-0.051849362
216.701958,218609,218.604,2338,4391.23506,4.39123506,4738.964902,-0.07337675
216.773409,218659,218.654,2359,4484.274194,4.484274194,4738.964902,-0.053743953
216.802,218709,218.704,2358,4479.792746,4.479792746,4738.964902,-0.054689613
216.882526,218759,218.754,2359,4484.274194,4.484274194,4738.964902,-0.053743953
216.901976,218809,218.804,2349,4439.690722,4.439690722,4738.964902,-0.063151803
216.95187,218859,218.854,2362,4497.749567,4.497749567,4738.964902,-0.050900426
217.038871,218909,218.904,2356,4470.845313,4.470845313,4738.964902,-0.056577669
217.051938,218959,218.954,2378,4570.413512,4.570413512,4738.964902,-0.035567132
217.130097,219009,219.004,2404,4691.425192,4.691425192,4738.964902,-0.010031665
217.151919,219059,219.054,2398,4663.170301,4.663170301,4738.964902,-0.015993915
217.201913,219109,219.104,2387,4611.885246,4.611885246,4738.964902,-0.02681591
217.273287,219159,219.154,2393,4639.776733,4.639776733,4738.964902,-0.020930345
217.301932,219209,219.204,2410,4719.881306,4.719881306,4738.964902,-0.004026955
217.395398,219259,219.254,2375,4556.686047,4.556686047,4738.964902,-0.038463854
217.401974,219309,219.304,2383,4593.399533,4.593399533,4738.964902,-0.030716701
217.496798,219359,219.354,2366,4515.789474,4.515789474,4738.964902,-0.047093708
217.502033,219409,219.404,2365,4511.271676,4.511271676,4738.964902,-0.048047038
217.582262,219459,219.454,2364,4506.759099,4.506759099,4738.964902,-0.048999266
217.601967,219509,219.504,2342,4408.78494,4.40878494,4738.964902,-0.069673435
217.651936,219559,219.554,2371,4538.457077,4.538457077,4738.964902,-0.042310469
217.730631,219609,219.604,2354,4461.918438,4.461918438,4738.964902,-0.058461388
217.751927,219659,219.654,2382,4588.791594,4.588791594,4738.964902,-0.031689053
217.801931,219709,219.704,2367,4520.3125,4.5203125,4738.964902,-0.046139274
217.879392,219759,219.754,2362,4497.749567,4.497749567,4738.964902,-0.050900426
217.901874,219809,219.804,2360,4488.760807,4.488760807,4738.964902,-0.052797204
217.951914,219859,219.854,2374,4552.12086,4.55212086,4738.964902,-0.039427184
218.024554,219909,219.904,2376,4561.256545,4.561256545,4738.964902,-0.037499404
218.051944,219959,219.954,2378,4570.413512,4.570413512,4738.964902,-0.035567132
218.102,220009,220.004,2370,4533.913043,4.533913043,4738.964902,-0.043269335
218.189198,220059,220.054,2352,4453.012048,4.453012048,4738.964902,-0.060340783
218.201932,220109,220.104,2360,4488.760807,4.488760807,4738.964902,-0.052797204
218.251953,220159,220.154,2337,4386.860068,4.386860068,4738.964902,-0.074299945
218.331588,220209,220.204,2337,4386.860068,4.386860068,4738.964902,-0.074299945
218.351954,220259,220.254,2350,4444.126074,4.444126074,4738.964902,-0.062215871
218.430828,220309,220.304,2349,4439.690722,4.439690722,4738.964902,-0.063151803
218.451971,220359,220.354,2351,4448.566514,4.448566514,4738.964902,-0.061278864
218.524328,220409,220.404,2327,4343.382353,4.343382353,4738.964902,-0.083474463
218.551935,220459,220.454,2341,4404.389966,4.404389966,4738.964902,-0.070600847
218.602001,220509,220.504,2369,4529.374276,4.529374276,4738.964902,-0.04422709
218.69062,220559,220.554,2360,4488.760807,4.488760807,4738.964902,-0.052797204
218.701945,220609,220.604,2362,4497.749567,4.497749567,4738.964902,-0.050900426
218.751931,220659,220.654,2379,4575.0,4.575,4738.964902,-0.034599307
218.831405,220709,220.704,2396,4653.796351,4.653796351,4738.964902,-0.017971973
218.851903,220759,220.754,2381,4584.189032,4.584189032,4738.964902,-0.032660269
218.901912,220809,220.804,2395,4649.117647,4.649117647,4738.964902,-0.018959257
218.980073,220859,220.854,2399,4667.865566,4.667865566,4738.964902,-0.015003136
219.001912,220909,220.904,2398,4663.170301,4.663170301,4738.964902,-0.015993915
219.07469,220959,220.954,2384,4598.012858,4.598012858,4738.964902,-0.029743213
219.101962,221009,221.004,2366,4515.789474,4.515789474,4738.964902,-0.047093708
219.189292,221059,221.054,2371,4538.457077,4.538457077,4738.964902,-0.042310469
219.202015,221109,221.104,2374,4552.12086,4.55212086,4738.964902,-0.039427184
219.280243,221159,221.154,2366,4515.789474,4.515789474,4738.964902,-0.047093708
219.301984,221209,221.204,2376,4561.256545,4.561256545,4738.964902,-0.037499404
219.351937,221259,221.254,2351,4448.566514,4.448566514,4738.964902,-0.061278864
219.429965,221309,221.304,2365,4511.271676,4.511271676,4738.964902,-0.048047038
219.451918,221359,221.354,2384,4598.012858,4.598012858,4738.964902,-0.029743213
219.501953,221409,221.404,2378,4570.413512,4.570413512,4738.964902,-0.035567132
219.574122,221459,221.454,2388,4616.520211,4.616520211,4738.964902,-0.025837856
219.601911,221509,221.504,2372,4543.006384,4.543006384,4738.964902,-0.041350489
219.65193,221559,221.554,2352,4453.012048,4.453012048,4738.964902,-0.060340783
219.739227,221609,221.604,2385,4602.631579,4.602631579,4738.964902,-0.028768587
219.751937,221659,221.654,2376,4561.256545,4.561256545,4738.964902,-0.037499404
219.830856,221709,221.704,2365,4511.271676,4.511271676,4738.964902,-0.048047038
219.851907,221759,221.754,2344,4417.589949,4.417589949,4738.964902,-0.067815432
219.901955,221809,221.804,2343,4413.184932,4.413184932,4738.964902,-0.068744964
219.981441,221859,221.854,2349,4439.690722,4.439690722,4738.964902,-0.063151803
220.001927,221909,221.904,2336,4382.490051,4.382490051,4738.964902,-0.075222091
220.051928,221959,221.954,2345,4422.0,4.422,4738.964902,-0.066884838
220.12418,222009,222.004,2346,4426.415094,4.426415094,4738.964902,-0.06595318
220.151913,222059,222.054,2336,4382.490051,4.382490051,4738.964902,-0.075222091
220.201917,222109,222.104,2342,4408.78494,4.40878494,4738.964902,-0.069673435
220.289362,222159,222.154,2349,4439.690722,4.439690722,4738.964902,-0.063151803
220.301939,222209,222.204,2352,4453.012048,4.453012048,4738.964902,-0.060340783
220.380255,222259,222.254,2343,4413.184932,4.413184932,4738.964902,-0.068744964
220.40192,222309,222.304,2340,4400.0,4.4,4738.964902,-0.071527202
220.451932,222359,222.354,2361,4493.252595,4.493252595,4738.964902,-0.051849362
220.531285,222409,222.404,2379,4575.0,4.575,4738.964902,-0.034599307
220.551916,222459,222.454,2412,4729.411765,4.729411765,4738.964902,-0.00201587
220.601923,222509,222.504,2393,4639.776733,4.639776733,4738.964902,-0.020930345
220.673836,222559,222.554,2395,4649.117647,4.649117647,4738.964902,-0.018959257
220.701961,222609,222.604,2387,4611.885246,4.611885246,4738.964902,-0.02681591
220.789526,222659,222.654,2388,4616.520211,4.616520211,4738.964902,-0.025837856
220.801982,222709,222.704,2360,4488.760807,4.488760807,4738.964902,-0.052797204
220.88206,222759,222.754,2376,4561.256545,4.561256545,4738.964902,-0.037499404
220.90196,222809,222.804,2352,4453.012048,4.453012048,4738.964902,-0.060340783
220.951897,222859,222.854,2363,4502.251732,4.502251732,4738.964902,-0.049950395
221.033488,222909,222.904,2369,4529.374276,4.529374276,4738.964902,-0.04422709
221.051987,222959,222.954,2350,4444.126074,4.444126074,4738.964902,-0.062215871
221.131134,223009,223.004,2370,4533.913043,4.533913043,4738.964902,-0.043269335
221.15192,223059,223.054,2394,4644.444444,4.644444444,4738.964902,-0.01994538
221.201895,223109,223.104,2386,4607.255705,4.607255705,4738.964902,-0.02779282
221.273603,223159,223.154,2380,4579.591837,4.579591837,4738.964902,-0.033630354
221.301961,223209,223.204,2383,4593.399533,4.593399533,4738.964902,-0.030716701
221.390509,223259,223.254,2376,4561.256545,4.561256545,4738.964902,-0.037499404
221.401926,223309,223.304,2378,4570.413512,4.570413512,4738.964902,-0.035567132
221.451936,223359,223.354,2377,4565.832363,4.565832363,4738.964902,-0.03653383
221.532387,223409,223.404,2378,4570.413512,4.570413512,4738.964902,-0.035567132
221.551989,223459,223.454,2361,4493.252595,4.493252595,4738.964902,-0.051849362
221.631331,223509,223.504,2335,4378.125,4.378125,4738.964902,-0.076143189
221.651986,223559,223.554,2362,4497.749567,4.497749567,4738.964902,-0.050900426
221.701982,223609,223.604,2348,4435.260446,4.435260446,4738.964902,-0.064086665
221.773733,223659,223.654,2343,4413.184932,4.413184932,4738.964902,-0.068744964
221.801998,223709,223.704,2343,4413.184932,4.413184932,4738.964902,-0.068744964
221.891719,223759,223.754,2341,4404.389966,4.404389966,4738.964902,-0.070600847
221.901914,223809,223.804,2339,4395.615034,4.395615034,4738.964902,-0.072452503
221.951892,223859,223.854,2343,4413.184932,4.413184932,4738.964902,-0.068744964
222.025152,223909,223.904,2336,4382.490051,4.382490051,4738.964902,-0.075222091
222.05198,223959,223.954,2351,4448.566514,4.448566514,4738.964902,-0.061278864
222.134589,224009,224.004,2364,4506.759099,4.506759099,4738.964902,-0.048999266
222.151916,224059,224.054,2367,4520.3125,4.5203125,4738.964902,-0.046139274
222.201913,224109,224.104,2376,4561.256545,4.561256545,4738.964902,-0.037499404
222.288945,224159,224.154,2377,4565.832363,4.565832363,4738.964902,-0.03653383
222.301893,224209,224.204,2380,4579.591837,4.579591837,4738.964902,-0.033630354
222.351876,224259,224.254,2388,4616.520211,4.616520211,4738.964902,-0.025837856
222.423151,224309,224.304,2401,4677.272727,4.677272727,4738.964902,-0.01301807
222.451904,224359,224.354,2383,4593.399533,4.593399533,4738.964902,-0.030716701
222.532832,224409,224.404,2374,4552.12086,4.55212086,4738.964902,-0.039427184
222.551913,224459,224.454,2364,4506.759099,4.506759099,4738.964902,-0.048999266
222.639787,224509,224.504,2368,4524.840764,4.524840764,4738.964902,-0.045183736
222.65192,224559,224.554,2353,4457.462687,4.457462687,4738.964902,-0.059401625
222.732699,224609,224.604,2358,4479.792746,4.479792746,4738.964902,-0.054689613
222.751974,224659,224.654,2369,4529.374276,4.529374276,4738.964902,-0.04422709
222.8317,224709,224.704,2352,4453.012048,4.453012048,4738.964902,-0.060340783
222.851992,224759,224.754,2377,4565.832363,4.565832363,4738.964902,-0.03653383
222.931823,224809,224.804,2380,4579.591837,4.579591837,4738.964902,-0.033630354
222.951901,224859,224.854,2385,4602.631579,4.602631579,4738.964902,-0.028768587
223.001914,224909,224.904,2378,4570.413512,4.570413512,4738.964902,-0.035567132
223.075322,224959,224.954,2371,4538.457077,4.538457077,4738.964902,-0.042310469
223.101977,225009,225.004,2374,4552.12086,4.55212086,4738.964902,-0.039427184
223.189233,225059,225.054,2396,4653.796351,4.653796351,4738.964902,-0.017971973
223.201928,225109,225.104,2388,4616.520211,4.616520211,4738.964902,-0.025837856
223.251916,225159,225.154,2372,4543.006384,4.543006384,4738.964902,-0.041350489
223.335223,225209,225.204,2364,4506.759099,4.506759099,4738.964902,-0.048999266
223.351872,225259,225.254,2353,4457.462687,4.457462687,4738.964902,-0.059401625
223.401917,225309,225.304,2359,4484.274194,4.484274194,4738.964902,-0.053743953
223.481101,225359,225.354,2355,4466.37931,4.46637931,4738.964902,-0.05752007
223.501898,225409,225.404,2354,4461.918438,4.461918438,4738.964902,-0.058461388
223.551963,225459,225.454,2352,4453.012048,4.453012048,4738.964902,-0.060340783
223.624391,225509,225.504,2348,4435.260446,4.435260446,4738.964902,-0.064086665
223.651895,225559,225.554,2346,4426.415094,4.426415094,4738.964902,-0.06595318
223.701886,225609,225.604,2345,4422.0,4.422,4738.964902,-0.066884838
223.789881,225659,225.654,2358,4479.792746,4.479792746,4738.964902,-0.054689613
223.801966,225709,225.704,2342,4408.78494,4.40878494,4738.964902,-0.069673435
223.881493,225759,225.754,2354,4461.918438,4.461918438,4738.964902,-0.058461388
223.901861,225809,225.804,2362,4497.749567,4.497749567,4738.964902,-0.050900426
223.951931,225859,225.854,2397,4658.480565,4.658480565,4738.964902,-0.016983527
224.032917,225909,225.904,2383,4593.399533,4.593399533,4738.964902,-0.030716701
224.051958,225959,225.954,2377,4565.832363,4.565832363,4738.964902,-0.03653383
224.101934,226009,226.004,2385,4602.631579,4.602631579,4738.964902,-0.028768587
224.17525,226059,226.054,2388,4616.520211,4.616520211,4738.964902,-0.025837856
224.202377,226109,226.104,2373,4547.560976,4.547560976,4738.964902,-0.040389395
224.310631,226159,226.154,2380,4579.591837,4.579591837,4738.964902,-0.033630354
224.391069,226209,226.204,2363,4502.251732,4.502251732,4738.964902,-0.049950395
224.391294,226259,226.254,2379,4575.0,4.575,4738.964902,-0.034599307
224.40188,226309,226.304,2370,4533.913043,4.533913043,4738.964902,-0.043269335
224.451913,226359,226.354,2362,4497.749567,4.497749567,4738.964902,-0.050900426
224.533346,226409,226.404,2355,4466.37931,4.46637931,4738.964902,-0.05752007
224.551979,226459,226.454,2360,4488.760807,4.488760807,4738.964902,-0.052797204
224.625513,226509,226.504,2381,4584.189032,4.584189032,4738.964902,-0.032660269
224.651936,226559,226.554,2381,4584.189032,4.584189032,4738.964902,-0.032660269
224.701891,226609,226.604,2388,4616.520211,4.616520211,4738.964902,-0.025837856
224.789986,226659,226.654,2373,4547.560976,4.547560976,4738.964902,-0.040389395
224.801959,226709,226.704,2360,4488.760807,4.488760807,4738.964902,-0.052797204
224.882615,226759,226.754,2397,4658.480565,4.658480565,4738.964902,-0.016983527
224.901862,226809,226.804,2390,4625.806452,4.625806452,4738.964902,-0.023878305
224.951918,226859,226.854,2371,4538.457077,4.538457077,4738.964902,-0.042310469
225.034663,226909,226.904,2356,4470.845313,4.470845313,4738.964902,-0.056577669
225.051916,226959,226.954,2359,4484.274194,4.484274194,4738.964902,-0.053743953
225.101909,227009,227.004,2364,4506.759099,4.506759099,4738.964902,-0.048999266
225.17483,227059,227.054,2356,4470.845313,4.470845313,4738.964902,-0.056577669
225.201925,227109,227.104,2351,4448.566514,4.448566514,4738.964902,-0.061278864
225.295746,227159,227.154,2350,4444.126074,4.444126074,4738.964902,-0.062215871
225.301909,227209,227.204,2344,4417.589949,4.417589949,4738.964902,-0.067815432
225.351872,227259,227.254,2350,4444.126074,4.444126074,4738.964902,-0.062215871
225.431205,227309,227.304,2351,4448.566514,4.448566514,4738.964902,-0.061278864
225.451904,227359,227.354,2359,4484.274194,4.484274194,4738.964902,-0.053743953
225.533184,227409,227.404,2362,4497.749567,4.497749567,4738.964902,-0.050900426
225.551885,227459,227.454,2361,4493.252595,4.493252595,4738.964902,-0.051849362
225.60188,227509,227.504,2367,4520.3125,4.5203125,4738.964902,-0.046139274
225.682289,227559,227.554,2382,4588.791594,4.588791594,4738.964902,-0.031689053
225.701907,227609,227.604,2377,4565.832363,4.565832363,4738.964902,-0.03653383
225.774473,227659,227.654,2381,4584.189032,4.584189032,4738.964902,-0.032660269
225.80193,227709,227.704,2365,4511.271676,4.511271676,4738.964902,-0.048047038
225.890518,227759,227.754,2387,4611.885246,4.611885246,4738.964902,-0.02681591
225.901963,227809,227.804,2374,4552.12086,4.55212086,4738.964902,-0.039427184
225.981453,227859,227.854,2364,4506.759099,4.506759099,4738.964902,-0.048999266
226.001896,227909,227.904,2367,4520.3125,4.5203125,4738.964902,-0.046139274
226.051889,227959,227.954,2368,4524.840764,4.524840764,4738.964902,-0.045183736
226.132687,228009,228.004,2371,4538.457077,4.538457077,4738.964902,-0.042310469
226.151831,228059,228.054,2327,4343.382353,4.343382353,4738.964902,-0.083474463
226.201925,228109,228.104,2355,4466.37931,4.46637931,4738.964902,-0.05752007
226.27428,228159,228.154,2367,4520.3125,4.5203125,4738.964902,-0.046139274
226.301899,228209,228.204,2380,4579.591837,4.579591837,4738.964902,-0.033630354
226.351899,228259,228.254,2381,4584.189032,4.584189032,4738.964902,-0.032660269
226.438198,228309,228.304,2384,4598.012858,4.598012858,4738.964902,-0.029743213
226.451876,228359,228.354,2383,4593.399533,4.593399533,4738.964902,-0.030716701
226.501946,228409,228.404,2376,4561.256545,4.561256545,4738.964902,-0.037499404
226.582143,228459,228.454,2382,4588.791594,4.588791594,4738.964902,-0.031689053
226.601866,228509,228.504,2372,4543.006384,4.543006384,4738.964902,-0.041350489
226.651849,228559,228.554,2386,4607.255705,4.607255705,4738.964902,-0.02779282
226.73221,228609,228.604,2356,4470.845313,4.470845313,4738.964902,-0.056577669
226.751879,228659,228.654,2358,4479.792746,4.479792746,4738.964902,-0.054689613
226.825038,228709,228.704,2363,4502.251732,4.502251732,4738.964902,-0.049950395
226.851939,228759,228.754,2365,4511.271676,4.511271676,4738.964902,-0.048047038
226.939536,228809,228.804,2351,4448.566514,4.448566514,4738.964902,-0.061278864
226.951825,228859,228.854,2354,4461.918438,4.461918438,4738.964902,-0.058461388
227.001904,228909,228.904,2329,4352.038505,4.352038505,4738.964902,-0.081647871
227.09294,228959,228.954,2349,4439.690722,4.439690722,4738.964902,-0.063151803
227.10189,229009,229.004,2373,4547.560976,4.547560976,4738.964902,-0.040389395
227.151932,229059,229.054,2353,4457.462687,4.457462687,4738.964902,-0.059401625
227.240606,229109,229.104,2353,4457.462687,4.457462687,4738.964902,-0.059401625
227.251927,229159,229.154,2368,4524.840764,4.524840764,4738.964902,-0.045183736
227.30189,229209,229.204,2375,4556.686047,4.556686047,4738.964902,-0.038463854
227.374512,229259,229.254,2383,4593.399533,4.593399533,4738.964902,-0.030716701
227.401897,229309,229.304,2408,4710.373444,4.710373444,4738.964902,-0.006033271
227.451911,229359,229.354,2385,4602.631579,4.602631579,4738.964902,-0.028768587
227.534645,229409,229.404,2379,4575.0,4.575,4738.964902,-0.034599307
227.55191,229459,229.454,2388,4616.520211,4.616520211,4738.964902,-0.025837856
227.64017,229509,229.504,2380,4579.591837,4.579591837,4738.964902,-0.033630354
227.651882,229559,229.554,2389,4621.16061,4.62116061,4738.964902,-0.024858655
227.701831,229609,229.604,2373,4547.560976,4.547560976,4738.964902,-0.040389395
227.776789,229659,229.654,2369,4529.374276,4.529374276,4738.964902,-0.04422709
227.80196,229709,229.704,2364,4506.759099,4.506759099,4738.964902,-0.048999266
227.890661,229759,229.754,2360,4488.760807,4.488760807,4738.964902,-0.052797204
227.901897,229809,229.804,2354,4461.918438,4.461918438,4738.964902,-0.058461388
227.951858,229859,229.854,2379,4575.0,4.575,4738.964902,-0.034599307
228.027146,229909,229.904,2386,4607.255705,4.607255705,4738.964902,-0.02779282
228.051883,229959,229.954,2378,4570.413512,4.570413512,4738.964902,-0.035567132
228.101892,230009,230.004,2382,4588.791594,4.588791594,4738.964902,-0.031689053
228.190878,230059,230.054,2383,4593.399533,4.593399533,4738.964902,-0.030716701
228.201847,230109,230.104,2369,4529.374276,4.529374276,4738.964902,-0.04422709
228.251846,230159,230.154,2371,4538.457077,4.538457077,4738.964902,-0.042310469
228.333136,230209,230.204,2381,4584.189032,4.584189032,4738.964902,-0.032660269
228.351897,230259,230.254,2374,4552.12086,4.55212086,4738.964902,-0.039427184
228.431716,230309,230.304,2355,4466.37931,4.46637931,4738.964902,-0.05752007
228.451872,230359,230.354,2353,4457.462687,4.457462687,4738.964902,-0.059401625
228.501872,230409,230.404,2359,4484.274194,4.484274194,4738.964902,-0.053743953
228.576138,230459,230.454,2355,4466.37931,4.46637931,4738.964902,-0.05752007
228.60187,230509,230.504,2350,4444.126074,4.444126074,4738.964902,-0.062215871
228.651875,230559,230.554,2349,4439.690722,4.439690722,4738.964902,-0.063151803
228.742719,230609,230.604,2347,4430.83524,4.43083524,4738.964902,-0.065020457
228.751961,230659,230.654,2334,4373.764906,4.373764906,4738.964902,-0.077063241
228.832773,230709,230.704,2347,4430.83524,4.43083524,4738.964902,-0.065020457
228.851887,230759,230.754,2350,4444.126074,4.444126074,4738.964902,-0.062215871
228.901919,230809,230.804,2367,4520.3125,4.5203125,4738.964902,-0.046139274
228.982081,230859,230.854,2354,4461.918438,4.461918438,4738.964902,-0.058461388
229.001818,230909,230.904,2364,4506.759099,4.506759099,4738.964902,-0.048999266
229.051851,230959,230.954,2377,4565.832363,4.565832363,4738.964902,-0.03653383
229.126036,231009,231.004,2381,4584.189032,4.584189032,4738.964902,-0.032660269
229.15189,231059,231.054,2385,4602.631579,4.602631579,4738.964902,-0.028768587
229.240957,231109,231.104,2369,4529.374276,4.529374276,4738.964902,-0.04422709
229.251928,231159,231.154,2387,4611.885246,4.611885246,4738.964902,-0.02681591
229.332938,231209,231.204,2380,4579.591837,4.579591837,4738.964902,-0.033630354
229.35186,231259,231.254,2348,4435.260446,4.435260446,4738.964902,-0.064086665
229.401892,231309,231.304,2375,4556.686047,4.556686047,4738.964902,-0.038463854
229.482088,231359,231.354,2360,4488.760807,4.488760807,4738.964902,-0.052797204
229.501875,231409,231.404,2363,4502.251732,4.502251732,4738.964902,-0.049950395
229.551903,231459,231.454,2374,4552.12086,4.55212086,4738.964902,-0.039427184
229.625497,231509,231.504,2351,4448.566514,4.448566514,4738.964902,-0.061278864
229.651891,231559,231.554,2359,4484.274194,4.484274194,4738.964902,-0.053743953
229.701884,231609,231.604,2380,4579.591837,4.579591837,4738.964902,-0.033630354
229.791798,231659,231.654,2375,4556.686047,4.556686047,4738.964902,-0.038463854
229.80189,231709,231.704,2378,4570.413512,4.570413512,4738.964902,-0.035567132
229.88259,231759,231.754,2377,4565.832363,4.565832363,4738.964902,-0.03653383
229.901917,231809,231.804,2375,4556.686047,4.556686047,4738.964902,-0.038463854
229.982851,231859,231.854,2376,4561.256545,4.561256545,4738.964902,-0.037499404
230.001892,231909,231.904,2380,4579.591837,4.579591837,4738.964902,-0.033630354
230.051895,231959,231.954,2387,4611.885246,4.611885246,4738.964902,-0.02681591
230.132896,232009,232.004,2364,4506.759099,4.506759099,4738.964902,-0.048999266
230.151862,232059,232.054,2337,4386.860068,4.386860068,4738.964902,-0.074299945
230.201859,232109,232.104,2359,4484.274194,4.484274194,4738.964902,-0.053743953
230.27604,232159,232.154,2347,4430.83524,4.43083524,4738.964902,-0.065020457
230.301896,232209,232.204,2346,4426.415094,4.426415094,4738.964902,-0.06595318
230.389586,232259,232.254,2345,4422.0,4.422,4738.964902,-0.066884838
230.401864,232309,232.304,2352,4453.012048,4.453012048,4738.964902,-0.060340783
230.451915,232359,232.354,2344,4417.589949,4.417589949,4738.964902,-0.067815432
230.533032,232409,232.404,2347,4430.83524,4.43083524,4738.964902,-0.065020457
230.551881,232459,232.454,2352,4453.012048,4.453012048,4738.964902,-0.060340783
230.601855,232509,232.504,2346,4426.415094,4.426415094,4738.964902,-0.06595318
230.682831,232559,232.554,2359,4484.274194,4.484274194,4738.964902,-0.053743953
230.701892,232609,232.604,2368,4524.840764,4.524840764,4738.964902,-0.045183736
230.775223,232659,232.654,2382,4588.791594,4.588791594,4738.964902,-0.031689053
230.801864,232709,232.704,2381,4584.189032,4.584189032,4738.964902,-0.032660269
230.85197,232759,232.754,2385,4602.631579,4.602631579,4738.964902,-0.028768587
230.941418,232809,232.804,2368,4524.840764,4.524840764,4738.964902,-0.045183736
230.9519,232859,232.854,2385,4602.631579,4.602631579,4738.964902,-0.028768587
231.001861,232909,232.904,2388,4616.520211,4.616520211,4738.964902,-0.025837856
231.08746,232959,232.954,2376,4561.256545,4.561256545,4738.964902,-0.037499404
231.101796,233009,233.004,2372,4543.006384,4.543006384,4738.964902,-0.041350489
231.151932,233059,233.054,2377,4565.832363,4.565832363,4738.964902,-0.03653383
231.233099,233109,233.104,2367,4520.3125,4.5203125,4738.964902,-0.046139274
231.251864,233159,233.154,2362,4497.749567,4.497749567,4738.964902,-0.050900426
231.301903,233209,233.204,2358,4479.792746,4.479792746,4738.964902,-0.054689613
231.374946,233259,233.254,2364,4506.759099,4.506759099,4738.964902,-0.048999266
231.401797,233309,233.304,2372,4543.006384,4.543006384,4738.964902,-0.041350489
231.451825,233359,233.354,2376,4561.256545,4.561256545,4738.964902,-0.037499404
231.542776,233409,233.404,2379,4575.0,4.575,4738.964902,-0.034599307
231.551875,233459,233.454,2374,4552.12086,4.55212086,4738.964902,-0.039427184
231.634009,233509,233.504,2367,4520.3125,4.5203125,4738.964902,-0.046139274
231.651967,233559,233.554,2376,4561.256545,4.561256545,4738.964902,-0.037499404
231.732799,233609,233.604,2383,4593.399533,4.593399533,4738.964902,-0.030716701
231.751892,233659,233.654,2372,4543.006384,4.543006384,4738.964902,-0.041350489
231.802562,233709,233.704,2356,4470.845313,4.470845313,4738.964902,-0.056577669
231.884414,233759,233.754,2360,4488.760807,4.488760807,4738.964902,-0.052797204
231.901859,233809,233.804,2348,4435.260446,4.435260446,4738.964902,-0.064086665
231.951839,233859,233.854,2348,4435.260446,4.435260446,4738.964902,-0.064086665
232.046093,233909,233.904,2346,4426.415094,4.426415094,4738.964902,-0.06595318
232.051894,233959,233.954,2345,4422.0,4.422,4738.964902,-0.066884838
232.101847,234009,234.004,2341,4404.389966,4.404389966,4738.964902,-0.070600847
232.183437,234059,234.054,2331,4360.714286,4.360714286,4738.964902,-0.079817138
232.201879,234109,234.104,2344,4417.589949,4.417589949,4738.964902,-0.067815432
232.276062,234159,234.154,2330,4356.373938,4.356373938,4738.964902,-0.080733023
232.301864,234209,234.204,2352,4453.012048,4.453012048,4738.964902,-0.060340783
232.351844,234259,234.254,2358,4479.792746,4.479792746,4738.964902,-0.054689613
232.43502,234309,234.304,2363,4502.251732,4.502251732,4738.964902,-0.049950395
232.451854,234359,234.354,2370,4533.913043,4.533913043,4738.964902,-0.043269335
232.541321,234409,234.404,2388,4616.520211,4.616520211,4738.964902,-0.025837856
232.551877,234459,234.454,2373,4547.560976,4.547560976,4738.964902,-0.040389395
232.633581,234509,234.504,2380,4579.591837,4.579591837,4738.964902,-0.033630354
232.651879,234559,234.554,2380,4579.591837,4.579591837,4738.964902,-0.033630354
232.726853,234609,234.604,2385,4602.631579,4.602631579,4738.964902,-0.028768587
232.751819,234659,234.654,2374,4552.12086,4.55212086,4738.964902,-0.039427184
232.80186,234709,234.704,2365,4511.271676,4.511271676,4738.964902,-0.048047038
232.887317,234759,234.754,2371,4538.457077,4.538457077,4738.964902,-0.042310469
232.901797,234809,234.804,2370,4533.913043,4.533913043,4738.964902,-0.043269335
232.951854,234859,234.854,2358,4479.792746,4.479792746,4738.964902,-0.054689613
233.035721,234909,234.904,2356,4470.845313,4.470845313,4738.964902,-0.056577669
233.05183,234959,234.954,2355,4466.37931,4.46637931,4738.964902,-0.05752007
233.101935,235009,235.004,2366,4515.789474,4.515789474,4738.964902,-0.047093708
233.189537,235059,235.054,2365,4511.271676,4.511271676,4738.964902,-0.048047038
233.201811,235109,235.104,2396,4653.796351,4.653796351,4738.964902,-0.017971973
233.251885,235159,235.154,2371,4538.457077,4.538457077,4738.964902,-0.042310469
233.332667,235209,235.204,2377,4565.832363,4.565832363,4738.964902,-0.03653383
233.351796,235259,235.254,2367,4520.3125,4.5203125,4738.964902,-0.046139274
233.401822,235309,235.304,2392,4635.114504,4.635114504,4738.964902,-0.021914152
233.482074,235359,235.354,2374,4552.12086,4.55212086,4738.964902,-0.039427184
233.501767,235409,235.404,2372,4543.006384,4.543006384,4738.964902,-0.041350489
233.551812,235459,235.454,2368,4524.840764,4.524840764,4738.964902,-0.045183736
233.626081,235509,235.504,2328,4347.70798,4.34770798,4738.964902,-0.082561684
233.651885,235559,235.554,2353,4457.462687,4.457462687,4738.964902,-0.059401625
233.741015,235609,235.604,2354,4461.918438,4.461918438,4738.964902,-0.058461388
233.751818,235659,235.654,2331,4360.714286,4.360714286,4738.964902,-0.079817138
233.801839,235709,235.704,2345,4422.0,4.422,4738.964902,-0.066884838
233.882719,235759,235.754,2331,4360.714286,4.360714286,4738.964902,-0.079817138
233.901797,235809,235.804,2353,4457.462687,4.457462687,4738.964902,-0.059401625
233.951858,235859,235.854,2345,4422.0,4.422,4738.964902,-0.066884838
234.034346,235909,235.904,2383,4593.399533,4.593399533,4738.964902,-0.030716701
234.051842,235959,235.954,2384,4598.012858,4.598012858,4738.964902,-0.029743213
234.101814,236009,236.004,2360,4488.760807,4.488760807,4738.964902,-0.052797204
234.175591,236059,236.054,2378,4570.413512,4.570413512,4738.964902,-0.035567132
234.201798,236109,236.104,2379,4575.0,4.575,4738.964902,-0.034599307
234.251815,236159,236.154,2379,4575.0,4.575,4738.964902,-0.034599307
234.340409,236209,236.204,2389,4621.16061,4.62116061,4738.964902,-0.024858655
234.35182,236259,236.254,2378,4570.413512,4.570413512,4738.964902,-0.035567132
234.432511,236309,236.304,2388,4616.520211,4.616520211,4738.964902,-0.025837856
234.451862,236359,236.354,2374,4552.12086,4.55212086,4738.964902,-0.039427184
234.534467,236409,236.404,2371,4538.457077,4.538457077,4738.964902,-0.042310469
234.551831,236459,236.454,2378,4570.413512,4.570413512,4738.964902,-0.035567132
234.601821,236509,236.504,2369,4529.374276,4.529374276,4738.964902,-0.04422709
234.67769,236559,236.554,2350,4444.126074,4.444126074,4738.964902,-0.062215871
234.701815,236609,236.604,2359,4484.274194,4.484274194,4738.964902,-0.053743953
234.751825,236659,236.654,2356,4470.845313,4.470845313,4738.964902,-0.056577669
234.843975,236709,236.704,2353,4457.462687,4.457462687,4738.964902,-0.059401625
234.851887,236759,236.754,2366,4515.789474,4.515789474,4738.964902,-0.047093708
234.934986,236809,236.804,2368,4524.840764,4.524840764,4738.964902,-0.045183736
234.951818,236859,236.854,2378,4570.413512,4.570413512,4738.964902,-0.035567132
235.00183,236909,236.904,2370,4533.913043,4.533913043,4738.964902,-0.043269335
235.085938,236959,236.954,2367,4520.3125,4.5203125,4738.964902,-0.046139274
235.101779,237009,237.004,2386,4607.255705,4.607255705,4738.964902,-0.02779282
235.151794,237059,237.054,2380,4579.591837,4.579591837,4738.964902,-0.033630354
235.227036,237109,237.104,2364,4506.759099,4.506759099,4738.964902,-0.048999266
235.251832,237159,237.154,2345,4422.0,4.422,4738.964902,-0.066884838
235.342057,237209,237.204,2344,4417.589949,4.417589949,4738.964902,-0.067815432
235.35179,237259,237.254,2356,4470.845313,4.470845313,4738.964902,-0.056577669
235.401795,237309,237.304,2326,4339.061617,4.339061617,4738.964902,-0.08438621
235.484157,237359,237.354,2330,4356.373938,4.356373938,4738.964902,-0.080733023
235.50182,237409,237.404,2338,4391.23506,4.39123506,4738.964902,-0.07337675
235.58386,237459,237.454,2323,4326.128668,4.326128668,4738.964902,-0.087115276
235.601873,237509,237.504,2329,4352.038505,4.352038505,4738.964902,-0.081647871
235.684028,237559,237.554,2339,4395.615034,4.395615034,4738.964902,-0.072452503
235.701861,237609,237.604,2350,4444.126074,4.444126074,4738.964902,-0.062215871
235.751803,237659,237.654,2353,4457.462687,4.457462687,4738.964902,-0.059401625
235.826782,237709,237.704,2360,4488.760807,4.488760807,4738.964902,-0.052797204
235.851873,237759,237.754,2349,4439.690722,4.439690722,4738.964902,-0.063151803
235.943102,237809,237.804,2381,4584.189032,4.584189032,4738.964902,-0.032660269
235.951826,237859,237.854,2387,4611.885246,4.611885246,4738.964902,-0.02681591
236.035802,237909,237.904,2397,4658.480565,4.658480565,4738.964902,-0.016983527
236.051786,237959,237.954,2372,4543.006384,4.543006384,4738.964902,-0.041350489
236.101818,238009,238.004,2382,4588.791594,4.588791594,4738.964902,-0.031689053
236.184465,238059,238.054,2369,4529.374276,4.529374276,4738.964902,-0.04422709
236.201789,238109,238.104,2367,4520.3125,4.5203125,4738.964902,-0.046139274
236.251829,238159,238.154,2369,4529.374276,4.529374276,4738.964902,-0.04422709
236.326458,238209,238.204,2347,4430.83524,4.43083524,4738.964902,-0.065020457
236.351798,238259,238.254,2357,4475.316456,4.475316456,4738.964902,-0.055634184
236.401835,238309,238.304,2364,4506.759099,4.506759099,4738.964902,-0.048999266
236.492612,238359,238.354,2358,4479.792746,4.479792746,4738.964902,-0.054689613
236.501828,238409,238.404,2367,4520.3125,4.5203125,4738.964902,-0.046139274
236.551805,238459,238.454,2384,4598.012858,4.598012858,4738.964902,-0.029743213
236.634369,238509,238.504,2356,4470.845313,4.470845313,4738.964902,-0.056577669
236.651805,238559,238.554,2364,4506.759099,4.506759099,4738.964902,-0.048999266
236.734936,238609,238.604,2372,4543.006384,4.543006384,4738.964902,-0.041350489
236.75177,238659,238.654,2385,4602.631579,4.602631579,4738.964902,-0.028768587
236.801817,238709,238.704,2369,4529.374276,4.529374276,4738.964902,-0.04422709
236.87828,238759,238.754,2378,4570.413512,4.570413512,4738.964902,-0.035567132
236.901804,238809,238.804,2379,4575.0,4.575,4738.964902,-0.034599307
236.951834,238859,238.854,2364,4506.759099,4.506759099,4738.964902,-0.048999266
237.048158,238909,238.904,2344,4417.589949,4.417589949,4738.964902,-0.067815432
237.051787,238959,238.954,2359,4484.274194,4.484274194,4738.964902,-0.053743953
237.101764,239009,239.004,2338,4391.23506,4.39123506,4738.964902,-0.07337675
237.187536,239059,239.054,2349,4439.690722,4.439690722,4738.964902,-0.063151803
237.201826,239109,239.104,2325,4334.745763,4.334745763,4738.964902,-0.085296926
237.286823,239159,239.154,2339,4395.615034,4.395615034,4738.964902,-0.072452503
237.301829,239209,239.204,2340,4400.0,4.4,4738.964902,-0.071527202
237.376123,239259,239.254,2349,4439.690722,4.439690722,4738.964902,-0.063151803
237.401737,239309,239.304,2347,4430.83524,4.43083524,4738.964902,-0.065020457
237.451754,239359,239.354,2332,4365.059558,4.365059558,4738.964902,-0.078900214
237.536376,239409,239.404,2357,4475.316456,4.475316456,4738.964902,-0.055634184
237.551837,239459,239.454,2365,4511.271676,4.511271676,4738.964902,-0.048047038
237.635724,239509,239.504,2369,4529.374276,4.529374276,4738.964902,-0.04422709
237.651818,239559,239.554,2395,4649.117647,4.649117647,4738.964902,-0.018959257
237.701831,239609,239.604,2381,4584.189032,4.584189032,4738.964902,-0.032660269
237.786724,239659,239.654,2385,4602.631579,4.602631579,4738.964902,-0.028768587
237.801772,239709,239.704,2386,4607.255705,4.607255705,4738.964902,-0.02779282
237.851907,239759,239.754,2406,4700.888099,4.700888099,4738.964902,-0.008034835
237.942591,239809,239.804,2381,4584.189032,4.584189032,4738.964902,-0.032660269
237.951779,239859,239.854,2361,4493.252595,4.493252595,4738.964902,-0.051849362
238.001808,239909,239.904,2355,4466.37931,4.46637931,4738.964902,-0.05752007
238.082515,239959,239.954,2363,4502.251732,4.502251732,4738.964902,-0.049950395
238.101805,240009,240.004,2335,4378.125,4.378125,4738.964902,-0.076143189
238.151832,240059,240.054,2350,4444.126074,4.444126074,4738.964902,-0.062215871
238.244829,240109,240.104,2359,4484.274194,4.484274194,4738.964902,-0.053743953
238.251745,240159,240.154,2364,4506.759099,4.506759099,4738.964902,-0.048999266
238.301767,240209,240.204,2354,4461.918438,4.461918438,4738.964902,-0.058461388
238.386002,240259,240.254,2363,4502.251732,4.502251732,4738.964902,-0.049950395
238.401851,240309,240.304,2375,4556.686047,4.556686047,4738.964902,-0.038463854
238.487123,240359,240.354,2360,4488.760807,4.488760807,4738.964902,-0.052797204
238.50179,240409,240.404,2367,4520.3125,4.5203125,4738.964902,-0.046139274
238.55176,240459,240.454,2358,4479.792746,4.479792746,4738.964902,-0.054689613
238.630573,240509,240.504,2367,4520.3125,4.5203125,4738.964902,-0.046139274
238.651801,240559,240.554,2360,4488.760807,4.488760807,4738.964902,-0.052797204
238.745576,240609,240.604,2336,4382.490051,4.382490051,4738.964902,-0.075222091
238.751801,240659,240.654,2347,4430.83524,4.43083524,4738.964902,-0.065020457
238.838242,240709,240.704,2351,4448.566514,4.448566514,4738.964902,-0.061278864
238.851812,240759,240.754,2338,4391.23506,4.39123506,4738.964902,-0.07337675
238.938012,240809,240.804,2313,4283.333333,4.283333333,4738.964902,-0.096145799
238.951774,240859,240.854,2327,4343.382353,4.343382353,4738.964902,-0.083474463
239.03869,240909,240.904,2343,4413.184932,4.413184932,4738.964902,-0.068744964
239.051766,240959,240.954,2312,4279.080202,4.279080202,4738.964902,-0.09704328
239.101896,241009,241.004,2339,4395.615034,4.395615034,4738.964902,-0.072452503
239.177101,241059,241.054,2347,4430.83524,4.43083524,4738.964902,-0.065020457
239.201813,241109,241.104,2358,4479.792746,4.479792746,4738.964902,-0.054689613
239.251816,241159,241.154,2380,4579.591837,4.579591837,4738.964902,-0.033630354
239.341311,241209,241.204,2373,4547.560976,4.547560976,4738.964902,-0.040389395
239.351727,241259,241.254,2398,4663.170301,4.663170301,4738.964902,-0.015993915
239.40179,241309,241.304,2386,4607.255705,4.607255705,4738.964902,-0.02779282
239.483744,241359,241.354,2376,4561.256545,4.561256545,4738.964902,-0.037499404
239.501788,241409,241.404,2357,4475.316456,4.475316456,4738.964902,-0.055634184
239.551779,241459,241.454,2390,4625.806452,4.625806452,4738.964902,-0.023878305
239.638681,241509,241.504,2392,4635.114504,4.635114504,4738.964902,-0.021914152
239.65183,241559,241.554,2370,4533.913043,4.533913043,4738.964902,-0.043269335
239.731228,241609,241.604,2359,4484.274194,4.484274194,4738.964902,-0.053743953
239.751739,241659,241.654,2363,4502.251732,4.502251732,4738.964902,-0.049950395
239.801787,241709,241.704,2359,4484.274194,4.484274194,4738.964902,-0.053743953
239.895504,241759,241.754,2361,4493.252595,4.493252595,4738.964902,-0.051849362
239.901785,241809,241.804,2358,4479.792746,4.479792746,4738.964902,-0.054689613
239.987567,241859,241.854,2358,4479.792746,4.479792746,4738.964902,-0.054689613
240.001769,241909,241.904,2368,4524.840764,4.524840764,4738.964902,-0.045183736
240.051801,241959,241.954,2372,4543.006384,4.543006384,4738.964902,-0.041350489
240.138107,242009,242.004,2376,4561.256545,4.561256545,4738.964902,-0.037499404
240.151754,242059,242.054,2362,4497.749567,4.497749567,4738.964902,-0.050900426
240.201746,242109,242.104,2369,4529.374276,4.529374276,4738.964902,-0.04422709
240.280107,242159,242.154,2359,4484.274194,4.484274194,4738.964902,-0.053743953
240.301856,242209,242.204,2381,4584.189032,4.584189032,4738.964902,-0.032660269
240.39434,242259,242.254,2367,4520.3125,4.5203125,4738.964902,-0.046139274
240.401795,242309,242.304,2332,4365.059558,4.365059558,4738.964902,-0.078900214
240.451805,242359,242.354,2330,4356.373938,4.356373938,4738.964902,-0.080733023
240.538155,242409,242.404,2342,4408.78494,4.40878494,4738.964902,-0.069673435
240.551818,242459,242.454,2321,4317.531003,4.317531003,4738.964902,-0.088929525
240.637486,242509,242.504,2336,4382.490051,4.382490051,4738.964902,-0.075222091
240.651758,242559,242.554,2349,4439.690722,4.439690722,4738.964902,-0.063151803
240.701762,242609,242.604,2339,4395.615034,4.395615034,4738.964902,-0.072452503
240.787457,242659,242.654,2336,4382.490051,4.382490051,4738.964902,-0.075222091
240.801783,242709,242.704,2340,4400.0,4.4,4738.964902,-0.071527202
240.88065,242759,242.754,2354,4461.918438,4.461918438,4738.964902,-0.058461388
240.901807,242809,242.804,2349,4439.690722,4.439690722,4738.964902,-0.063151803
240.99521,242859,242.854,2352,4453.012048,4.453012048,4738.964902,-0.060340783
241.001729,242909,242.904,2372,4543.006384,4.543006384,4738.964902,-0.041350489
241.051778,242959,242.954,2400,4672.566372,4.672566372,4738.964902,-0.014011188
241.138833,243009,243.004,2395,4649.117647,4.649117647,4738.964902,-0.018959257
241.151777,243059,243.054,2386,4607.255705,4.607255705,4738.964902,-0.02779282
241.201774,243109,243.104,2385,4602.631579,4.602631579,4738.964902,-0.028768587
241.286913,243159,243.154,2380,4579.591837,4.579591837,4738.964902,-0.033630354
241.301775,243209,243.204,2384,4598.012858,4.598012858,4738.964902,-0.029743213
241.379124,243259,243.254,2366,4515.789474,4.515789474,4738.964902,-0.047093708
241.401766,243309,243.304,2371,4538.457077,4.538457077,4738.964902,-0.042310469
241.451832,243359,243.354,2373,4547.560976,4.547560976,4738.964902,-0.040389395
241.544745,243409,243.404,2359,4484.274194,4.484274194,4738.964902,-0.053743953
241.551776,243459,243.454,2358,4479.792746,4.479792746,4738.964902,-0.054689613
241.601787,243509,243.504,2359,4484.274194,4.484274194,4738.964902,-0.053743953
241.687172,243559,243.554,2344,4417.589949,4.417589949,4738.964902,-0.067815432
241.701757,243609,243.604,2355,4466.37931,4.46637931,4738.964902,-0.05752007
241.751826,243659,243.654,2362,4497.749567,4.497749567,4738.964902,-0.050900426
241.837503,243709,243.704,2370,4533.913043,4.533913043,4738.964902,-0.043269335
241.851751,243759,243.754,2369,4529.374276,4.529374276,4738.964902,-0.04422709
241.901766,243809,243.804,2360,4488.760807,4.488760807,4738.964902,-0.052797204
241.981929,243859,243.854,2365,4511.271676,4.511271676,4738.964902,-0.048047038
242.001708,243909,243.904,2383,4593.399533,4.593399533,4738.964902,-0.030716701
242.051774,243959,243.954,2362,4497.749567,4.497749567,4738.964902,-0.050900426
242.145773,244009,244.004,2352,4453.012048,4.453012048,4738.964902,-0.060340783
242.151821,244059,244.054,2344,4417.589949,4.417589949,4738.964902,-0.067815432
242.237325,244109,244.104,2355,4466.37931,4.46637931,4738.964902,-0.05752007
242.251757,244159,244.154,2329,4352.038505,4.352038505,4738.964902,-0.081647871
242.301767,244209,244.204,2343,4413.184932,4.413184932,4738.964902,-0.068744964
242.383516,244259,244.254,2357,4475.316456,4.475316456,4738.964902,-0.055634184
242.401757,244309,244.304,2339,4395.615034,4.395615034,4738.964902,-0.072452503
242.451794,244359,244.354,2323,4326.128668,4.326128668,4738.964902,-0.087115276
242.527175,244409,244.404,2356,4470.845313,4.470845313,4738.964902,-0.056577669
242.551749,244459,244.454,2341,4404.389966,4.404389966,4738.964902,-0.070600847
242.60177,244509,244.504,2356,4470.845313,4.470845313,4738.964902,-0.056577669
242.693114,244559,244.554,2362,4497.749567,4.497749567,4738.964902,-0.050900426
242.701744,244609,244.604,2362,4497.749567,4.497749567,4738.964902,-0.050900426
242.75176,244659,244.654,2383,4593.399533,4.593399533,4738.964902,-0.030716701
242.827444,244709,244.704,2415,4743.75,4.74375,4738.964902,0.001009735
242.851695,244759,244.754,2400,4672.566372,4.672566372,4738.964902,-0.014011188
242.901698,244809,244.804,2368,4524.840764,4.524840764,4738.964902,-0.045183736
242.990129,244859,244.854,2384,4598.012858,4.598012858,4738.964902,-0.029743213
243.001775,244909,244.904,2387,4611.885246,4.611885246,4738.964902,-0.02681591
243.089771,244959,244.954,2363,4502.251732,4.502251732,4738.964902,-0.049950395
243.101739,245009,245.004,2363,4502.251732,4.502251732,4738.964902,-0.049950395
243.151785,245059,245.054,2350,4444.126074,4.444126074,4738.964902,-0.062215871
243.246971,245109,245.104,2368,4524.840764,4.524840764,4738.964902,-0.045183736
243.251777,245159,245.154,2391,4630.457746,4.630457746,4738.964902,-0.022896805
243.301753,245209,245.204,2358,4479.792746,4.479792746,4738.964902,-0.054689613
243.379131,245259,245.254,2360,4488.760807,4.488760807,4738.964902,-0.052797204
243.401799,245309,245.304,2357,4475.316456,4.475316456,4738.964902,-0.055634184
243.494538,245359,245.354,2342,4408.78494,4.40878494,4738.964902,-0.069673435
243.501752,245409,245.404,2379,4575.0,4.575,4738.964902,-0.034599307
243.551738,245459,245.454,2357,4475.316456,4.475316456,4738.964902,-0.055634184
243.631083,245509,245.504,2372,4543.006384,4.543006384,4738.964902,-0.041350489
243.651783,245559,245.554,2360,4488.760807,4.488760807,4738.964902,-0.052797204
243.745437,245609,245.604,2380,4579.591837,4.579591837,4738.964902,-0.033630354
243.751756,245659,245.654,2380,4579.591837,4.579591837,4738.964902,-0.033630354
243.801825,245709,245.704,2352,4453.012048,4.453012048,4738.964902,-0.060340783
243.890604,245759,245.754,2334,4373.764906,4.373764906,4738.964902,-0.077063241
243.901813,245809,245.804,2340,4400.0,4.4,4738.964902,-0.071527202
243.951749,245859,245.854,2344,4417.589949,4.417589949,4738.964902,-0.067815432
244.040656,245909,245.904,2347,4430.83524,4.43083524,4738.964902,-0.065020457
244.05176,245959,245.954,2335,4378.125,4.378125,4738.964902,-0.076143189
244.101744,246009,246.004,2336,4382.490051,4.382490051,4738.964902,-0.075222091
244.180887,246059,246.054,2333,4369.409762,4.369409762,4738.964902,-0.077982249
244.201822,246109,246.104,2346,4426.415094,4.426415094,4738.964902,-0.06595318
244.296262,246159,246.154,2343,4413.184932,4.413184932,4738.964902,-0.068744964
244.30176,246209,246.204,2350,4444.126074,4.444126074,4738.964902,-0.062215871
244.35171,246259,246.254,2353,4457.462687,4.457462687,4738.964902,-0.059401625
244.440939,246309,246.304,2351,4448.566514,4.448566514,4738.964902,-0.061278864
244.451696,246359,246.354,2366,4515.789474,4.515789474,4738.964902,-0.047093708
244.501799,246409,246.404,2386,4607.255705,4.607255705,4738.964902,-0.02779282
244.589037,246459,246.454,2376,4561.256545,4.561256545,4738.964902,-0.037499404
244.601719,246509,246.504,2388,4616.520211,4.616520211,4738.964902,-0.025837856
244.651711,246559,246.554,2397,4658.480565,4.658480565,4738.964902,-0.016983527
244.731507,246609,246.604,2409,4715.124555,4.715124555,4738.964902,-0.005030708
244.751798,246659,246.654,2359,4484.274194,4.484274194,4738.964902,-0.053743953
244.847605,246709,246.704,2358,4479.792746,4.479792746,4738.964902,-0.054689613
244.851774,246759,246.754,2360,4488.760807,4.488760807,4738.964902,-0.052797204
244.901817,246809,246.804,2373,4547.560976,4.547560976,4738.964902,-0.040389395
244.988131,246859,246.854,2367,4520.3125,4.5203125,4738.964902,-0.046139274
245.001767,246909,246.904,2352,4453.012048,4.453012048,4738.964902,-0.060340783
245.051763,246959,246.954,2358,4479.792746,4.479792746,4738.964902,-0.054689613
245.139201,247009,247.004,2371,4538.457077,4.538457077,4738.964902,-0.042310469
245.151799,247059,247.054,2374,4552.12086,4.55212086,4738.964902,-0.039427184
245.238555,247109,247.104,2372,4543.006384,4.543006384,4738.964902,-0.041350489
245.25178,247159,247.154,2365,4511.271676,4.511271676,4738.964902,-0.048047038
245.301821,247209,247.204,2369,4529.374276,4.529374276,4738.964902,-0.04422709
245.380463,247259,247.254,2371,4538.457077,4.538457077,4738.964902,-0.042310469
245.401712,247309,247.304,2371,4538.457077,4.538457077,4738.964902,-0.042310469
245.45175,247359,247.354,2387,4611.885246,4.611885246,4738.964902,-0.02681591
245.545522,247409,247.404,2357,4475.316456,4.475316456,4738.964902,-0.055634184
245.55178,247459,247.454,2330,4356.373938,4.356373938,4738.964902,-0.080733023
245.64069,247509,247.504,2344,4417.589949,4.417589949,4738.964902,-0.067815432
245.651792,247559,247.554,2349,4439.690722,4.439690722,4738.964902,-0.063151803
245.740173,247609,247.604,2333,4369.409762,4.369409762,4738.964902,-0.077982249
245.751766,247659,247.654,2356,4470.845313,4.470845313,4738.964902,-0.056577669
245.801742,247709,247.704,2338,4391.23506,4.39123506,4738.964902,-0.07337675
245.883232,247759,247.754,2340,4400.0,4.4,4738.964902,-0.071527202
245.90179,247809,247.804,2339,4395.615034,4.395615034,4738.964902,-0.072452503
245.995779,247859,247.854,2344,4417.589949,4.417589949,4738.964902,-0.067815432
246.001796,247909,247.904,2349,4439.690722,4.439690722,4738.964902,-0.063151803
246.09299,247959,247.954,2363,4502.251732,4.502251732,4738.964902,-0.049950395
246.101764,248009,248.004,2367,4520.3125,4.5203125,4738.964902,-0.046139274
246.15175,248059,248.054,2363,4502.251732,4.502251732,4738.964902,-0.049950395
246.238428,248109,248.104,2406,4700.888099,4.700888099,4738.964902,-0.008034835
246.251712,248159,248.154,2381,4584.189032,4.584189032,4738.964902,-0.032660269
246.301733,248209,248.204,2372,4543.006384,4.543006384,4738.964902,-0.041350489
246.380349,248259,248.254,2374,4552.12086,4.55212086,4738.964902,-0.039427184
246.40176,248309,248.304,2378,4570.413512,4.570413512,4738.964902,-0.035567132
246.494626,248359,248.354,2376,4561.256545,4.561256545,4738.964902,-0.037499404
246.50167,248409,248.404,2369,4529.374276,4.529374276,4738.964902,-0.04422709
246.551745,248459,248.454,2365,4511.271676,4.511271676,4738.964902,-0.048047038
246.640057,248509,248.504,2376,4561.256545,4.561256545,4738.964902,-0.037499404
246.651743,248559,248.554,2366,4515.789474,4.515789474,4738.964902,-0.047093708
246.701727,248609,248.604,2349,4439.690722,4.439690722,4738.964902,-0.063151803
246.789063,248659,248.654,2356,4470.845313,4.470845313,4738.964902,-0.056577669
246.801765,248709,248.704,2345,4422.0,4.422,4738.964902,-0.066884838
246.889834,248759,248.754,2359,4484.274194,4.484274194,4738.964902,-0.053743953
246.901831,248809,248.804,2358,4479.792746,4.479792746,4738.964902,-0.054689613
246.981854,248859,248.854,2355,4466.37931,4.46637931,4738.964902,-0.05752007
247.001759,248909,248.904,2377,4565.832363,4.565832363,4738.964902,-0.03653383
247.051756,248959,248.954,2362,4497.749567,4.497749567,4738.964902,-0.050900426
247.145835,249009,249.004,2369,4529.374276,4.529374276,4738.964902,-0.04422709
247.151748,249059,249.054,2366,4515.789474,4.515789474,4738.964902,-0.047093708
247.201703,249109,249.104,2351,4448.566514,4.448566514,4738.964902,-0.061278864
247.288835,249159,249.154,2334,4373.764906,4.373764906,4738.964902,-0.077063241
247.30176,249209,249.204,2345,4422.0,4.422,4738.964902,-0.066884838
247.388465,249259,249.254,2341,4404.389966,4.404389966,4738.964902,-0.070600847
247.401683,249309,249.304,2346,4426.415094,4.426415094,4738.964902,-0.06595318
247.451748,249359,249.354,2330,4356.373938,4.356373938,4738.964902,-0.080733023
247.532953,249409,249.404,2339,4395.615034,4.395615034,4738.964902,-0.072452503
247.551691,249459,249.454,2345,4422.0,4.422,4738.964902,-0.066884838
247.601728,249509,249.504,2351,4448.566514,4.448566514,4738.964902,-0.061278864
247.690581,249559,249.554,2340,4400.0,4.4,4738.964902,-0.071527202
247.701681,249609,249.604,2347,4430.83524,4.43083524,4738.964902,-0.065020457
247.751698,249659,249.654,2344,4417.589949,4.417589949,4738.964902,-0.067815432
247.849039,249709,249.704,2360,4488.760807,4.488760807,4738.964902,-0.052797204
247.851745,249759,249.754,2368,4524.840764,4.524840764,4738.964902,-0.045183736
247.940987,249809,249.804,2385,4602.631579,4.602631579,4738.964902,-0.028768587
247.951763,249859,249.854,2388,4616.520211,4.616520211,4738.964902,-0.025837856
248.033835,249909,249.904,2388,4616.520211,4.616520211,4738.964902,-0.025837856
248.051745,249959,249.954,2375,4556.686047,4.556686047,4738.964902,-0.038463854
248.101707,250009,250.004,2390,4625.806452,4.625806452,4738.964902,-0.023878305
248.1897,250059,250.054,2379,4575.0,4.575,4738.964902,-0.034599307
248.201754,250109,250.104,2368,4524.840764,4.524840764,4738.964902,-0.045183736
248.296641,250159,250.154,2353,4457.462687,4.457462687,4738.964902,-0.059401625
248.301688,250209,250.204,2367,4520.3125,4.5203125,4738.964902,-0.046139274
248.351683,250259,250.254,2364,4506.759099,4.506759099,4738.964902,-0.048999266
248.431257,250309,250.304,2359,4484.274194,4.484274194,4738.964902,-0.053743953
248.451709,250359,250.354,2359,4484.274194,4.484274194,4738.964902,-0.053743953
248.547143,250409,250.404,2358,4479.792746,4.479792746,4738.964902,-0.054689613
248.551802,250459,250.454,2366,4515.789474,4.515789474,4738.964902,-0.047093708
248.640058,250509,250.504,2367,4520.3125,4.5203125,4738.964902,-0.046139274
248.651685,250559,250.554,2379,4575.0,4.575,4738.964902,-0.034599307
248.701784,250609,250.604,2372,4543.006384,4.543006384,4738.964902,-0.041350489
248.782477,250659,250.654,2361,4493.252595,4.493252595,4738.964902,-0.051849362
248.801717,250709,250.704,2367,4520.3125,4.5203125,4738.964902,-0.046139274
248.851679,250759,250.754,2373,4547.560976,4.547560976,4738.964902,-0.040389395
248.946191,250809,250.804,2369,4529.374276,4.529374276,4738.964902,-0.04422709
248.951694,250859,250.854,2360,4488.760807,4.488760807,4738.964902,-0.052797204
249.041407,250909,250.904,2342,4408.78494,4.40878494,4738.964902,-0.069673435
249.051707,250959,250.954,2357,4475.316456,4.475316456,4738.964902,-0.055634184
249.10169,251009,251.004,2340,4400.0,4.4,4738.964902,-0.071527202
249.189105,251059,251.054,2342,4408.78494,4.40878494,4738.964902,-0.069673435
249.201701,251109,251.104,2335,4378.125,4.378125,4738.964902,-0.076143189
249.281381,251159,251.154,2335,4378.125,4.378125,4738.964902,-0.076143189
249.30172,251209,251.204,2346,4426.415094,4.426415094,4738.964902,-0.06595318
249.395966,251259,251.254,2337,4386.860068,4.386860068,4738.964902,-0.074299945
249.401737,251309,251.304,2342,4408.78494,4.40878494,4738.964902,-0.069673435
249.489089,251359,251.354,2347,4430.83524,4.43083524,4738.964902,-0.065020457
249.501684,251409,251.404,2362,4497.749567,4.497749567,4738.964902,-0.050900426
249.55169,251459,251.454,2341,4404.389966,4.404389966,4738.964902,-0.070600847
249.639446,251509,251.504,2369,4529.374276,4.529374276,4738.964902,-0.04422709
249.651687,251559,251.554,2391,4630.457746,4.630457746,4738.964902,-0.022896805
249.70166,251609,251.604,2380,4579.591837,4.579591837,4738.964902,-0.033630354
249.784099,251659,251.654,2365,4511.271676,4.511271676,4738.964902,-0.048047038
249.80175,251709,251.704,2388,4616.520211,4.616520211,4738.964902,-0.025837856
249.897232,251759,251.754,2382,4588.791594,4.588791594,4738.964902,-0.031689053
249.901691,251809,251.804,2366,4515.789474,4.515789474,4738.964902,-0.047093708
249.951692,251859,251.854,2355,4466.37931,4.46637931,4738.964902,-0.05752007
250.042113,251909,251.904,2352,4453.012048,4.453012048,4738.964902,-0.060340783
250.051706,251959,251.954,2363,4502.251732,4.502251732,4738.964902,-0.049950395
250.101675,252009,252.004,2362,4497.749567,4.497749567,4738.964902,-0.050900426
250.190271,252059,252.054,2363,4502.251732,4.502251732,4738.964902,-0.049950395
250.201649,252109,252.104,2360,4488.760807,4.488760807,4738.964902,-0.052797204
250.251666,252159,252.154,2364,4506.759099,4.506759099,4738.964902,-0.048999266
250.331524,252209,252.204,2368,4524.840764,4.524840764,4738.964902,-0.045183736
250.351676,252259,252.254,2365,4511.271676,4.511271676,4738.964902,-0.048047038
250.445715,252309,252.304,2376,4561.256545,4.561256545,4738.964902,-0.037499404
250.451676,252359,252.354,2359,4484.274194,4.484274194,4738.964902,-0.053743953
250.501658,252409,252.404,2364,4506.759099,4.506759099,4738.964902,-0.048999266
250.589011,252459,252.454,2369,4529.374276,4.529374276,4738.964902,-0.04422709
250.60173,252509,252.504,2370,4533.913043,4.533913043,4738.964902,-0.043269335
250.689906,252559,252.554,2350,4444.126074,4.444126074,4738.964902,-0.062215871
250.701722,252609,252.604,2335,4378.125,4.378125,4738.964902,-0.076143189
250.75182,252659,252.654,2342,4408.78494,4.40878494,4738.964902,-0.069673435
250.840524,252709,252.704,2338,4391.23506,4.39123506,4738.964902,-0.07337675
250.851731,252759,252.754,2353,4457.462687,4.457462687,4738.964902,-0.059401625
250.901732,252809,252.804,2336,4382.490051,4.382490051,4738.964902,-0.075222091
250.983098,252859,252.854,2344,4417.589949,4.417589949,4738.964902,-0.067815432
251.001678,252909,252.904,2334,4373.764906,4.373764906,4738.964902,-0.077063241
251.051723,252959,252.954,2333,4369.409762,4.369409762,4738.964902,-0.077982249
251.147503,253009,253.004,2340,4400.0,4.4,4738.964902,-0.071527202
251.15172,253059,253.054,2347,4430.83524,4.43083524,4738.964902,-0.065020457
251.201713,253109,253.104,2356,4470.845313,4.470845313,4738.964902,-0.056577669
251.28845,253159,253.154,2356,4470.845313,4.470845313,4738.964902,-0.056577669
251.301708,253209,253.204,2354,4461.918438,4.461918438,4738.964902,-0.058461388
251.351663,253259,253.254,2395,4649.117647,4.649117647,4738.964902,-0.018959257
251.431336,253309,253.304,2381,4584.189032,4.584189032,4738.964902,-0.032660269
251.451751,253359,253.354,2364,4506.759099,4.506759099,4738.964902,-0.048999266
251.54693,253409,253.404,2380,4579.591837,4.579591837,4738.964902,-0.033630354
251.551741,253459,253.454,2396,4653.796351,4.653796351,4738.964902,-0.017971973
251.601669,253509,253.504,2378,4570.413512,4.570413512,4738.964902,-0.035567132
251.69058,253559,253.554,2360,4488.760807,4.488760807,4738.964902,-0.052797204
251.70165,253609,253.604,2364,4506.759099,4.506759099,4738.964902,-0.048999266
251.751746,253659,253.654,2368,4524.840764,4.524840764,4738.964902,-0.045183736
251.839799,253709,253.704,2361,4493.252595,4.493252595,4738.964902,-0.051849362
251.851738,253759,253.754,2357,4475.316456,4.475316456,4738.964902,-0.055634184
251.90168,253809,253.804,2357,4475.316456,4.475316456,4738.964902,-0.055634184
251.982508,253859,253.854,2361,4493.252595,4.493252595,4738.964902,-0.051849362
252.001668,253909,253.904,2365,4511.271676,4.511271676,4738.964902,-0.048047038
252.051713,253959,253.954,2367,4520.3125,4.5203125,4738.964902,-0.046139274
252.147694,254009,254.004,2363,4502.251732,4.502251732,4738.964902,-0.049950395
252.151668,254059,254.054,2365,4511.271676,4.511271676,4738.964902,-0.048047038
252.201698,254109,254.104,2359,4484.274194,4.484274194,4738.964902,-0.053743953
252.288469,254159,254.154,2361,4493.252595,4.493252595,4738.964902,-0.051849362
252.301697,254209,254.204,2364,4506.759099,4.506759099,4738.964902,-0.048999266
252.388312,254259,254.254,2359,4484.274194,4.484274194,4738.964902,-0.053743953
252.401706,254309,254.304,2338,4391.23506,4.39123506,4738.964902,-0.07337675
252.487932,254359,254.354,2367,4520.3125,4.5203125,4738.964902,-0.046139274
252.501659,254409,254.404,2342,4408.78494,4.40878494,4738.964902,-0.069673435
252.551657,254459,254.454,2345,4422.0,4.422,4738.964902,-0.066884838
252.632533,254509,254.504,2333,4369.409762,4.369409762,4738.964902,-0.077982249
252.651654,254559,254.554,2338,4391.23506,4.39123506,4738.964902,-0.07337675
252.701647,254609,254.604,2337,4386.860068,4.386860068,4738.964902,-0.074299945
252.797857,254659,254.654,2335,4378.125,4.378125,4738.964902,-0.076143189
252.801751,254709,254.704,2344,4417.589949,4.417589949,4738.964902,-0.067815432
252.883292,254759,254.754,2346,4426.415094,4.426415094,4738.964902,-0.06595318
252.90172,254809,254.804,2339,4395.615034,4.395615034,4738.964902,-0.072452503
252.951659,254859,254.854,2372,4543.006384,4.543006384,4738.964902,-0.041350489
253.049279,254909,254.904,2363,4502.251732,4.502251732,4738.964902,-0.049950395
253.05075,254959,254.954,2383,4593.399533,4.593399533,4738.964902,-0.030716701
253.101633,255009,255.004,2370,4533.913043,4.533913043,4738.964902,-0.043269335
253.18277,255059,255.054,2378,4570.413512,4.570413512,4738.964902,-0.035567132
253.200727,255109,255.104,2365,4511.271676,4.511271676,4738.964902,-0.048047038
253.250693,255159,255.154,2382,4588.791594,4.588791594,4738.964902,-0.031689053
253.338244,255209,255.204,2388,4616.520211,4.616520211,4738.964902,-0.025837856
253.350701,255259,255.254,2366,4515.789474,4.515789474,4738.964902,-0.047093708
253.444554,255309,255.304,2365,4511.271676,4.511271676,4738.964902,-0.048047038
253.450775,255359,255.354,2361,4493.252595,4.493252595,4738.964902,-0.051849362
253.539143,255409,255.404,2370,4533.913043,4.533913043,4738.964902,-0.043269335
253.550688,255459,255.454,2370,4533.913043,4.533913043,4738.964902,-0.043269335
253.600668,255509,255.504,2352,4453.012048,4.453012048,4738.964902,-0.060340783
253.682008,255559,255.554,2363,4502.251732,4.502251732,4738.964902,-0.049950395
253.700691,255609,255.604,2363,4502.251732,4.502251732,4738.964902,-0.049950395
253.789005,255659,255.654,2355,4466.37931,4.46637931,4738.964902,-0.05752007
253.800706,255709,255.704,2359,4484.274194,4.484274194,4738.964902,-0.053743953
253.896268,255759,255.754,2352,4453.012048,4.453012048,4738.964902,-0.060340783
253.900663,255809,255.804,2359,4484.274194,4.484274194,4738.964902,-0.053743953
253.95068,255859,255.854,2361,4493.252595,4.493252595,4738.964902,-0.051849362
254.052158,255909,255.904,2364,4506.759099,4.506759099,4738.964902,-0.048999266
254.140937,255959,255.954,2374,4552.12086,4.55212086,4738.964902,-0.039427184
254.141162,256009,256.004,2335,4378.125,4.378125,4738.964902,-0.076143189
254.151634,256059,256.054,2338,4391.23506,4.39123506,4738.964902,-0.07337675
254.20069,256109,256.104,2357,4475.316456,4.475316456,4738.964902,-0.055634184
254.287614,256159,256.154,2360,4488.760807,4.488760807,4738.964902,-0.052797204
254.301701,256209,256.204,2341,4404.389966,4.404389966,4738.964902,-0.070600847
254.380924,256259,256.254,2337,4386.860068,4.386860068,4738.964902,-0.074299945
254.401668,256309,256.304,2336,4382.490051,4.382490051,4738.964902,-0.075222091
254.450713,256359,256.354,2338,4391.23506,4.39123506,4738.964902,-0.07337675
254.54614,256409,256.404,2338,4391.23506,4.39123506,4738.964902,-0.07337675
254.550721,256459,256.454,2345,4422.0,4.422,4738.964902,-0.066884838
254.638466,256509,256.504,2351,4448.566514,4.448566514,4738.964902,-0.061278864
254.650682,256559,256.554,2362,4497.749567,4.497749567,4738.964902,-0.050900426
254.700664,256609,256.604,2377,4565.832363,4.565832363,4738.964902,-0.03653383
254.788876,256659,256.654,2386,4607.255705,4.607255705,4738.964902,-0.02779282
254.800671,256709,256.704,2385,4602.631579,4.602631579,4738.964902,-0.028768587
254.881085,256759,256.754,2382,4588.791594,4.588791594,4738.964902,-0.031689053
254.900699,256809,256.804,2351,4448.566514,4.448566514,4738.964902,-0.061278864
254.996083,256859,256.854,2383,4593.399533,4.593399533,4738.964902,-0.030716701
255.000679,256909,256.904,2382,4588.791594,4.588791594,4738.964902,-0.031689053
255.050645,256959,256.954,2372,4543.006384,4.543006384,4738.964902,-0.041350489
255.140231,257009,257.004,2359,4484.274194,4.484274194,4738.964902,-0.053743953
255.150651,257059,257.054,2361,4493.252595,4.493252595,4738.964902,-0.051849362
255.200721,257109,257.104,2365,4511.271676,4.511271676,4738.964902,-0.048047038
255.287578,257159,257.154,2373,4547.560976,4.547560976,4738.964902,-0.040389395
255.300652,257209,257.204,2349,4439.690722,4.439690722,4738.964902,-0.063151803
255.350742,257259,257.254,2364,4506.759099,4.506759099,4738.964902,-0.048999266
255.431057,257309,257.304,2370,4533.913043,4.533913043,4738.964902,-0.043269335
255.450676,257359,257.354,2359,4484.274194,4.484274194,4738.964902,-0.053743953
255.500706,257409,257.404,2367,4520.3125,4.5203125,4738.964902,-0.046139274
255.596777,257459,257.454,2365,4511.271676,4.511271676,4738.964902,-0.048047038
255.600711,257509,257.504,2359,4484.274194,4.484274194,4738.964902,-0.053743953
255.689572,257559,257.554,2359,4484.274194,4.484274194,4738.964902,-0.053743953
255.700671,257609,257.604,2371,4538.457077,4.538457077,4738.964902,-0.042310469
255.75068,257659,257.654,2369,4529.374276,4.529374276,4738.964902,-0.04422709
255.838671,257709,257.704,2360,4488.760807,4.488760807,4738.964902,-0.052797204
255.850748,257759,257.754,2331,4360.714286,4.360714286,4738.964902,-0.079817138
255.939119,257809,257.804,2347,4430.83524,4.43083524,4738.964902,-0.065020457
255.950689,257859,257.854,2337,4386.860068,4.386860068,4738.964902,-0.074299945
256.00069,257909,257.904,2349,4439.690722,4.439690722,4738.964902,-0.063151803
256.082126,257959,257.954,2344,4417.589949,4.417589949,4738.964902,-0.067815432
256.100721,258009,258.004,2343,4413.184932,4.413184932,4738.964902,-0.068744964
256.195783,258059,258.054,2345,4422.0,4.422,4738.964902,-0.066884838
256.200701,258109,258.104,2356,4470.845313,4.470845313,4738.964902,-0.056577669
256.250645,258159,258.154,2337,4386.860068,4.386860068,4738.964902,-0.074299945
256.337687,258209,258.204,2346,4426.415094,4.426415094,4738.964902,-0.06595318
256.350693,258259,258.254,2353,4457.462687,4.457462687,4738.964902,-0.059401625
256.437018,258309,258.304,2358,4479.792746,4.479792746,4738.964902,-0.054689613
256.450675,258359,258.354,2375,4556.686047,4.556686047,4738.964902,-0.038463854
256.500687,258409,258.404,2380,4579.591837,4.579591837,4738.964902,-0.033630354
256.581447,258459,258.454,2384,4598.012858,4.598012858,4738.964902,-0.029743213
256.600692,258509,258.504,2360,4488.760807,4.488760807,4738.964902,-0.052797204
256.650697,258559,258.554,2377,4565.832363,4.565832363,4738.964902,-0.03653383
256.747485,258609,258.604,2386,4607.255705,4.607255705,4738.964902,-0.02779282
256.750679,258659,258.654,2372,4543.006384,4.543006384,4738.964902,-0.041350489
256.800621,258709,258.704,2352,4453.012048,4.453012048,4738.964902,-0.060340783
256.888645,258759,258.754,2352,4453.012048,4.453012048,4738.964902,-0.060340783
256.900684,258809,258.804,2364,4506.759099,4.506759099,4738.964902,-0.048999266
256.988973,258859,258.854,2367,4520.3125,4.5203125,4738.964902,-0.046139274
257.000625,258909,258.904,2354,4461.918438,4.461918438,4738.964902,-0.058461388
257.05064,258959,258.954,2356,4470.845313,4.470845313,4738.964902,-0.056577669
257.13229,259009,259.004,2370,4533.913043,4.533913043,4738.964902,-0.043269335
257.150669,259059,259.054,2363,4502.251732,4.502251732,4738.964902,-0.049950395
257.245777,259109,259.104,2368,4524.840764,4.524840764,4738.964902,-0.045183736
257.250653,259159,259.154,2361,4493.252595,4.493252595,4738.964902,-0.051849362
257.300669,259209,259.204,2386,4607.255705,4.607255705,4738.964902,-0.02779282
257.38771,259259,259.254,2353,4457.462687,4.457462687,4738.964902,-0.059401625
257.400669,259309,259.304,2377,4565.832363,4.565832363,4738.964902,-0.03653383
257.487401,259359,259.354,2374,4552.12086,4.55212086,4738.964902,-0.039427184
257.500729,259409,259.404,2377,4565.832363,4.565832363,4738.964902,-0.03653383
257.590254,259459,259.454,2343,4413.184932,4.413184932,4738.964902,-0.068744964
257.60065,259509,259.504,2343,4413.184932,4.413184932,4738.964902,-0.068744964
257.65067,259559,259.554,2345,4422.0,4.422,4738.964902,-0.066884838
257.73255,259609,259.604,2345,4422.0,4.422,4738.964902,-0.066884838
257.750699,259659,259.654,2342,4408.78494,4.40878494,4738.964902,-0.069673435
257.847352,259709,259.704,2346,4426.415094,4.426415094,4738.964902,-0.06595318
257.850694,259759,259.754,2344,4417.589949,4.417589949,4738.964902,-0.067815432
257.900674,259809,259.804,2335,4378.125,4.378125,4738.964902,-0.076143189
257.98227,259859,259.854,2337,4386.860068,4.386860068,4738.964902,-0.074299945
258.000659,259909,259.904,2350,4444.126074,4.444126074,4738.964902,-0.062215871
258.050696,259959,259.954,2348,4435.260446,4.435260446,4738.964902,-0.064086665
258.146721,260009,260.004,2361,4493.252595,4.493252595,4738.964902,-0.051849362
258.150647,260059,260.054,2359,4484.274194,4.484274194,4738.964902,-0.053743953
258.200694,260109,260.104,2385,4602.631579,4.602631579,4738.964902,-0.028768587
258.28118,260159,260.154,2375,4556.686047,4.556686047,4738.964902,-0.038463854
258.300665,260209,260.204,2370,4533.913043,4.533913043,4738.964902,-0.043269335
258.350674,260259,260.254,2365,4511.271676,4.511271676,4738.964902,-0.048047038
258.446529,260309,260.304,2384,4598.012858,4.598012858,4738.964902,-0.029743213
258.450671,260359,260.354,2373,4547.560976,4.547560976,4738.964902,-0.040389395
258.500667,260409,260.404,2359,4484.274194,4.484274194,4738.964902,-0.053743953
258.58314,260459,260.454,2319,4308.952703,4.308952703,4738.964902,-0.090739689
258.600676,260509,260.504,2356,4470.845313,4.470845313,4738.964902,-0.056577669
258.697479,260559,260.554,2360,4488.760807,4.488760807,4738.964902,-0.052797204
258.700689,260609,260.604,2361,4493.252595,4.493252595,4738.964902,-0.051849362
258.78179,260659,260.654,2356,4470.845313,4.470845313,4738.964902,-0.056577669
258.800694,260709,260.704,2360,4488.760807,4.488760807,4738.964902,-0.052797204
258.897348,260759,260.754,2365,4511.271676,4.511271676,4738.964902,-0.048047038
258.900625,260809,260.804,2361,4493.252595,4.493252595,4738.964902,-0.051849362
258.950682,260859,260.854,2368,4524.840764,4.524840764,4738.964902,-0.045183736
259.040658,260909,260.904,2360,4488.760807,4.488760807,4738.964902,-0.052797204
259.050661,260959,260.954,2358,4479.792746,4.479792746,4738.964902,-0.054689613
259.100665,261009,261.004,2377,4565.832363,4.565832363,4738.964902,-0.03653383
259.18812,261059,261.054,2370,4533.913043,4.533913043,4738.964902,-0.043269335
259.200662,261109,261.104,2367,4520.3125,4.5203125,4738.964902,-0.046139274
259.250665,261159,261.154,2345,4422.0,4.422,4738.964902,-0.066884838
259.331742,261209,261.204,2349,4439.690722,4.439690722,4738.964902,-0.063151803
259.350634,261259,261.254,2372,4543.006384,4.543006384,4738.964902,-0.041350489
259.400664,261309,261.304,2344,4417.589949,4.417589949,4738.964902,-0.067815432
259.496527,261359,261.354,2350,4444.126074,4.444126074,4738.964902,-0.062215871
259.500646,261409,261.404,2347,4430.83524,4.43083524,4738.964902,-0.065020457
259.550655,261459,261.454,2351,4448.566514,4.448566514,4738.964902,-0.061278864
259.639222,261509,261.504,2324,4330.434783,4.330434783,4738.964902,-0.086206614
259.65063,261559,261.554,2340,4400.0,4.4,4738.964902,-0.071527202
259.700648,261609,261.604,2350,4444.126074,4.444126074,4738.964902,-0.062215871
259.789212,261659,261.654,2349,4439.690722,4.439690722,4738.964902,-0.063151803
259.800636,261709,261.704,2370,4533.913043,4.533913043,4738.964902,-0.043269335
259.850608,261759,261.754,2349,4439.690722,4.439690722,4738.964902,-0.063151803
259.933686,261809,261.804,2372,4543.006384,4.543006384,4738.964902,-0.041350489
259.950646,261859,261.854,2387,4611.885246,4.611885246,4738.964902,-0.02681591
260.049033,261909,261.904,2378,4570.413512,4.570413512,4738.964902,-0.035567132
260.050606,261959,261.954,2353,4457.462687,4.457462687,4738.964902,-0.059401625
260.100623,262009,262.004,2377,4565.832363,4.565832363,4738.964902,-0.03653383
260.188791,262059,262.054,2390,4625.806452,4.625806452,4738.964902,-0.023878305
260.200684,262109,262.104,2363,4502.251732,4.502251732,4738.964902,-0.049950395
260.288736,262159,262.154,2362,4497.749567,4.497749567,4738.964902,-0.050900426
260.300687,262209,262.204,2354,4461.918438,4.461918438,4738.964902,-0.058461388
260.350664,262259,262.254,2365,4511.271676,4.511271676,4738.964902,-0.048047038
260.430392,262309,262.304,2354,4461.918438,4.461918438,4738.964902,-0.058461388
260.450619,262359,262.354,2350,4444.126074,4.444126074,4738.964902,-0.062215871
260.500631,262409,262.404,2358,4479.792746,4.479792746,4738.964902,-0.054689613
260.596542,262459,262.454,2354,4461.918438,4.461918438,4738.964902,-0.058461388
260.600663,262509,262.504,2366,4515.789474,4.515789474,4738.964902,-0.047093708
260.689384,262559,262.554,2368,4524.840764,4.524840764,4738.964902,-0.045183736
260.700648,262609,262.604,2350,4444.126074,4.444126074,4738.964902,-0.062215871
260.750618,262659,262.654,2372,4543.006384,4.543006384,4738.964902,-0.041350489
260.83883,262709,262.704,2368,4524.840764,4.524840764,4738.964902,-0.045183736
260.85062,262759,262.754,2377,4565.832363,4.565832363,4738.964902,-0.03653383
260.938823,262809,262.804,2363,4502.251732,4.502251732,4738.964902,-0.049950395
260.950647,262859,262.854,2358,4479.792746,4.479792746,4738.964902,-0.054689613
261.033862,262909,262.904,2350,4444.126074,4.444126074,4738.964902,-0.062215871
261.050652,262959,262.954,2358,4479.792746,4.479792746,4738.964902,-0.054689613
261.100677,263009,263.004,2341,4404.389966,4.404389966,4738.964902,-0.070600847
261.196656,263059,263.054,2342,4408.78494,4.40878494,4738.964902,-0.069673435
261.20065,263109,263.104,2347,4430.83524,4.43083524,4738.964902,-0.065020457
261.250641,263159,263.154,2346,4426.415094,4.426415094,4738.964902,-0.06595318
261.337662,263209,263.204,2333,4369.409762,4.369409762,4738.964902,-0.077982249
261.350621,263259,263.254,2333,4369.409762,4.369409762,4738.964902,-0.077982249
261.400708,263309,263.304,2348,4435.260446,4.435260446,4738.964902,-0.064086665
261.488432,263359,263.354,2336,4382.490051,4.382490051,4738.964902,-0.075222091
261.500669,263409,263.404,2360,4488.760807,4.488760807,4738.964902,-0.052797204
261.550605,263459,263.454,2353,4457.462687,4.457462687,4738.964902,-0.059401625
261.631847,263509,263.504,2371,4538.457077,4.538457077,4738.964902,-0.042310469
261.650612,263559,263.554,2380,4579.591837,4.579591837,4738.964902,-0.033630354
261.74632,263609,263.604,2383,4593.399533,4.593399533,4738.964902,-0.030716701
261.75064,263659,263.654,2355,4466.37931,4.46637931,4738.964902,-0.05752007
261.838836,263709,263.704,2363,4502.251732,4.502251732,4738.964902,-0.049950395
261.850641,263759,263.754,2386,4607.255705,4.607255705,4738.964902,-0.02779282
261.938848,263809,263.804,2375,4556.686047,4.556686047,4738.964902,-0.038463854
261.95062,263859,263.854,2365,4511.271676,4.511271676,4738.964902,-0.048047038
262.042315,263909,263.904,2355,4466.37931,4.46637931,4738.964902,-0.05752007
262.050642,263959,263.954,2370,4533.913043,4.533913043,4738.964902,-0.043269335
262.100671,264009,264.004,2362,4497.749567,4.497749567,4738.964902,-0.050900426
262.180777,264059,264.054,2353,4457.462687,4.457462687,4738.964902,-0.059401625
262.200684,264109,264.104,2351,4448.566514,4.448566514,4738.964902,-0.061278864
262.296018,264159,264.154,2359,4484.274194,4.484274194,4738.964902,-0.053743953
262.300663,264209,264.204,2360,4488.760807,4.488760807,4738.964902,-0.052797204
262.350668,264259,264.254,2359,4484.274194,4.484274194,4738.964902,-0.053743953
262.43755,264309,264.304,2361,4493.252595,4.493252595,4738.964902,-0.051849362
262.450617,264359,264.354,2373,4547.560976,4.547560976,4738.964902,-0.040389395
262.500644,264409,264.404,2360,4488.760807,4.488760807,4738.964902,-0.052797204
262.588977,264459,264.454,2372,4543.006384,4.543006384,4738.964902,-0.041350489
262.600642,264509,264.504,2366,4515.789474,4.515789474,4738.964902,-0.047093708
262.650674,264559,264.554,2369,4529.374276,4.529374276,4738.964902,-0.04422709
262.736846,264609,264.604,2352,4453.012048,4.453012048,4738.964902,-0.060340783
262.750663,264659,264.654,2353,4457.462687,4.457462687,4738.964902,-0.059401625
262.80061,264709,264.704,2336,4382.490051,4.382490051,4738.964902,-0.075222091
262.920674,264759,264.754,2332,4365.059558,4.365059558,4738.964902,-0.078900214
263.069247,264809,264.804,2347,4430.83524,4.43083524,4738.964902,-0.065020457
263.20187,264859,264.854,2349,4439.690722,4.439690722,4738.964902,-0.063151803
263.308473,264909,264.904,2351,4448.566514,4.448566514,4738.964902,-0.061278864
263.416983,264959,264.954,2344,4417.589949,4.417589949,4738.964902,-0.067815432
263.499657,265009,265.004,2353,4457.462687,4.457462687,4738.964902,-0.059401625
263.499873,265059,265.054,2347,4430.83524,4.43083524,4738.964902,-0.065020457
263.500073,265109,265.104,2363,4502.251732,4.502251732,4738.964902,-0.049950395
263.500271,265159,265.154,2364,4506.759099,4.506759099,4738.964902,-0.048999266
263.500467,265209,265.204,2369,4529.374276,4.529374276,4738.964902,-0.04422709
263.500666,265259,265.254,2394,4644.444444,4.644444444,4738.964902,-0.01994538
263.500862,265309,265.304,2362,4497.749567,4.497749567,4738.964902,-0.050900426
263.50106,265359,265.354,2349,4439.690722,4.439690722,4738.964902,-0.063151803
263.501257,265409,265.404,2378,4570.413512,4.570413512,4738.964902,-0.035567132
263.550703,265459,265.454,2402,4681.984643,4.681984643,4738.964902,-0.012023777
263.63895,265509,265.504,2370,4533.913043,4.533913043,4738.964902,-0.043269335
263.650608,265559,265.554,2360,4488.760807,4.488760807,4738.964902,-0.052797204
263.70066,265609,265.604,2353,4457.462687,4.457462687,4738.964902,-0.059401625
263.793093,265659,265.654,2358,4479.792746,4.479792746,4738.964902,-0.054689613
263.800664,265709,265.704,2350,4444.126074,4.444126074,4738.964902,-0.062215871
263.895955,265759,265.754,2359,4484.274194,4.484274194,4738.964902,-0.053743953
263.900641,265809,265.804,2361,4493.252595,4.493252595,4738.964902,-0.051849362
263.950601,265859,265.854,2364,4506.759099,4.506759099,4738.964902,-0.048999266
264.051425,265909,265.904,2375,4556.686047,4.556686047,4738.964902,-0.038463854
264.142742,265959,265.954,2377,4565.832363,4.565832363,4738.964902,-0.03653383
264.142967,266009,266.004,2364,4506.759099,4.506759099,4738.964902,-0.048999266
264.150593,266059,266.054,2364,4506.759099,4.506759099,4738.964902,-0.048999266
264.200628,266109,266.104,2359,4484.274194,4.484274194,4738.964902,-0.053743953
264.292428,266159,266.154,2367,4520.3125,4.5203125,4738.964902,-0.046139274
264.300631,266209,266.204,2365,4511.271676,4.511271676,4738.964902,-0.048047038
264.383923,266259,266.254,2366,4515.789474,4.515789474,4738.964902,-0.047093708
264.400685,266309,266.304,2356,4470.845313,4.470845313,4738.964902,-0.056577669
264.499449,266359,266.354,2347,4430.83524,4.43083524,4738.964902,-0.065020457
264.500562,266409,266.404,2343,4413.184932,4.413184932,4738.964902,-0.068744964
264.55063,266459,266.454,2355,4466.37931,4.46637931,4738.964902,-0.05752007
264.641953,266509,266.504,2342,4408.78494,4.40878494,4738.964902,-0.069673435
264.650644,266559,266.554,2341,4404.389966,4.404389966,4738.964902,-0.070600847
264.743461,266609,266.604,2330,4356.373938,4.356373938,4738.964902,-0.080733023
264.75064,266659,266.654,2347,4430.83524,4.43083524,4738.964902,-0.065020457
264.800601,266709,266.704,2343,4413.184932,4.413184932,4738.964902,-0.068744964
264.886028,266759,266.754,2348,4435.260446,4.435260446,4738.964902,-0.064086665
264.90061,266809,266.804,2350,4444.126074,4.444126074,4738.964902,-0.062215871
264.999355,266859,266.854,2356,4470.845313,4.470845313,4738.964902,-0.056577669
265.000551,266909,266.904,2361,4493.252595,4.493252595,4738.964902,-0.051849362
265.050654,266959,266.954,2405,4696.153846,4.696153846,4738.964902,-0.009033841
265.143706,267009,267.004,2377,4565.832363,4.565832363,4738.964902,-0.03653383
265.150623,267059,267.054,2359,4484.274194,4.484274194,4738.964902,-0.053743953
265.20059,267109,267.104,2363,4502.251732,4.502251732,4738.964902,-0.049950395
265.292578,267159,267.154,2387,4611.885246,4.611885246,4738.964902,-0.02681591
265.300638,267209,267.204,2382,4588.791594,4.588791594,4738.964902,-0.031689053
265.391952,267259,267.254,2371,4538.457077,4.538457077,4738.964902,-0.042310469
265.400645,267309,267.304,2348,4435.260446,4.435260446,4738.964902,-0.064086665
265.484183,267359,267.354,2360,4488.760807,4.488760807,4738.964902,-0.052797204
265.500614,267409,267.404,2366,4515.789474,4.515789474,4738.964902,-0.047093708
265.550635,267459,267.454,2367,4520.3125,4.5203125,4738.964902,-0.046139274
265.650192,267509,267.504,2341,4404.389966,4.404389966,4738.964902,-0.070600847
265.65061,267559,267.554,2359,4484.274194,4.484274194,4738.964902,-0.053743953
265.700608,267609,267.604,2368,4524.840764,4.524840764,4738.964902,-0.045183736
265.793996,267659,267.654,2370,4533.913043,4.533913043,4738.964902,-0.043269335
265.80069,267709,267.704,2372,4543.006384,4.543006384,4738.964902,-0.041350489
265.893401,267759,267.754,2366,4515.789474,4.515789474,4738.964902,-0.047093708
265.900559,267809,267.804,2378,4570.413512,4.570413512,4738.964902,-0.035567132
265.950596,267859,267.854,2368,4524.840764,4.524840764,4738.964902,-0.045183736
266.039389,267909,267.904,2381,4584.189032,4.584189032,4738.964902,-0.032660269
266.050671,267959,267.954,2361,4493.252595,4.493252595,4738.964902,-0.051849362
266.156835,268009,268.004,2355,4466.37931,4.46637931,4738.964902,-0.05752007
266.250646,268059,268.054,2344,4417.589949,4.417589949,4738.964902,-0.067815432
266.250876,268109,268.104,2351,4448.566514,4.448566514,4738.964902,-0.061278864
266.251079,268159,268.154,2333,4369.409762,4.369409762,4738.964902,-0.077982249
266.300632,268209,268.204,2364,4506.759099,4.506759099,4738.964902,-0.048999266
266.392051,268259,268.254,2343,4413.184932,4.413184932,4738.964902,-0.068744964
266.400603,268309,268.304,2342,4408.78494,4.40878494,4738.964902,-0.069673435
266.450588,268359,268.354,2339,4395.615034,4.395615034,4738.964902,-0.072452503
266.537617,268409,268.404,2348,4435.260446,4.435260446,4738.964902,-0.064086665
266.550586,268459,268.454,2358,4479.792746,4.479792746,4738.964902,-0.054689613
266.651456,268509,268.504,2359,4484.274194,4.484274194,4738.964902,-0.053743953
266.745936,268559,268.554,2359,4484.274194,4.484274194,4738.964902,-0.053743953
266.746162,268609,268.604,2362,4497.749567,4.497749567,4738.964902,-0.050900426
266.750642,268659,268.654,2374,4552.12086,4.55212086,4738.964902,-0.039427184
266.8006,268709,268.704,2378,4570.413512,4.570413512,4738.964902,-0.035567132
266.893388,268759,268.754,2363,4502.251732,4.502251732,4738.964902,-0.049950395
266.900621,268809,268.804,2359,4484.274194,4.484274194,4738.964902,-0.053743953
266.995747,268859,268.854,2382,4588.791594,4.588791594,4738.964902,-0.031689053
267.000665,268909,268.904,2389,4621.16061,4.62116061,4738.964902,-0.024858655
267.08704,268959,268.954,2378,4570.413512,4.570413512,4738.964902,-0.035567132
267.100578,269009,269.004,2371,4538.457077,4.538457077,4738.964902,-0.042310469
267.150583,269059,269.054,2363,4502.251732,4.502251732,4738.964902,-0.049950395
267.25095,269109,269.104,2366,4515.789474,4.515789474,4738.964902,-0.047093708
267.342597,269159,269.154,2367,4520.3125,4.5203125,4738.964902,-0.046139274
267.342825,269209,269.204,2368,4524.840764,4.524840764,4738.964902,-0.045183736
267.350606,269259,269.254,2346,4426.415094,4.426415094,4738.964902,-0.06595318
267.400668,269309,269.304,2367,4520.3125,4.5203125,4738.964902,-0.046139274
267.491639,269359,269.354,2365,4511.271676,4.511271676,4738.964902,-0.048047038
267.50065,269409,269.404,2361,4493.252595,4.493252595,4738.964902,-0.051849362
267.550585,269459,269.454,2345,4422.0,4.422,4738.964902,-0.066884838
267.635962,269509,269.504,2354,4461.918438,4.461918438,4738.964902,-0.058461388
267.650579,269559,269.554,2373,4547.560976,4.547560976,4738.964902,-0.040389395
267.700644,269609,269.604,2377,4565.832363,4.565832363,4738.964902,-0.03653383
267.801702,269659,269.654,2375,4556.686047,4.556686047,4738.964902,-0.038463854
267.896171,269709,269.704,2362,4497.749567,4.497749567,4738.964902,-0.050900426
267.896398,269759,269.754,2355,4466.37931,4.46637931,4738.964902,-0.05752007
267.900556,269809,269.804,2359,4484.274194,4.484274194,4738.964902,-0.053743953
267.950601,269859,269.854,2327,4343.382353,4.343382353,4738.964902,-0.083474463
268.037865,269909,269.904,2344,4417.589949,4.417589949,4738.964902,-0.067815432
268.050619,269959,269.954,2363,4502.251732,4.502251732,4738.964902,-0.049950395
268.100685,270009,270.004,2342,4408.78494,4.40878494,4738.964902,-0.069673435
268.193472,270059,270.054,2346,4426.415094,4.426415094,4738.964902,-0.06595318
268.200596,270109,270.104,2371,4538.457077,4.538457077,4738.964902,-0.042310469
268.25057,270159,270.154,2347,4430.83524,4.43083524,4738.964902,-0.065020457
268.350768,270209,270.204,2350,4444.126074,4.444126074,4738.964902,-0.062215871
268.442048,270259,270.254,2365,4511.271676,4.511271676,4738.964902,-0.048047038
268.442271,270309,270.304,2355,4466.37931,4.46637931,4738.964902,-0.05752007
268.450609,270359,270.354,2385,4602.631579,4.602631579,4738.964902,-0.028768587
268.500603,270409,270.404,2399,4667.865566,4.667865566,4738.964902,-0.015003136
268.586978,270459,270.454,2383,4593.399533,4.593399533,4738.964902,-0.030716701
268.600633,270509,270.504,2369,4529.374276,4.529374276,4738.964902,-0.04422709
268.701374,270559,270.554,2343,4413.184932,4.413184932,4738.964902,-0.068744964
268.788015,270609,270.604,2357,4475.316456,4.475316456,4738.964902,-0.055634184
268.788231,270659,270.654,2340,4400.0,4.4,4738.964902,-0.071527202
268.800601,270709,270.704,2344,4417.589949,4.417589949,4738.964902,-0.067815432
268.850571,270759,270.754,2338,4391.23506,4.39123506,4738.964902,-0.07337675
268.95064,270809,270.804,2342,4408.78494,4.40878494,4738.964902,-0.069673435
269.044069,270859,270.854,2334,4373.764906,4.373764906,4738.964902,-0.077063241
269.044725,270909,270.904,2349,4439.690722,4.439690722,4738.964902,-0.063151803
269.050547,270959,270.954,2332,4365.059558,4.365059558,4738.964902,-0.078900214
269.100611,271009,271.004,2332,4365.059558,4.365059558,4738.964902,-0.078900214
269.186899,271059,271.054,2335,4378.125,4.378125,4738.964902,-0.076143189
269.200571,271109,271.104,2325,4334.745763,4.334745763,4738.964902,-0.085296926
269.25059,271159,271.154,2331,4360.714286,4.360714286,4738.964902,-0.079817138
269.343034,271209,271.204,2330,4356.373938,4.356373938,4738.964902,-0.080733023
269.350574,271259,271.254,2332,4365.059558,4.365059558,4738.964902,-0.078900214
269.400621,271309,271.304,2326,4339.061617,4.339061617,4738.964902,-0.08438621
269.500044,271359,271.354,2324,4330.434783,4.330434783,4738.964902,-0.086206614
269.500673,271409,271.404,2331,4360.714286,4.360714286,4738.964902,-0.079817138
269.592806,271459,271.454,2335,4378.125,4.378125,4738.964902,-0.076143189
269.60061,271509,271.504,2332,4365.059558,4.365059558,4738.964902,-0.078900214
269.650572,271559,271.554,2333,4369.409762,4.369409762,4738.964902,-0.077982249
269.742528,271609,271.604,2336,4382.490051,4.382490051,4738.964902,-0.075222091
269.750623,271659,271.654,2332,4365.059558,4.365059558,4738.964902,-0.078900214
269.843301,271709,271.704,2357,4475.316456,4.475316456,4738.964902,-0.055634184
269.850609,271759,271.754,2325,4334.745763,4.334745763,4738.964902,-0.085296926
269.900553,271809,271.804,2325,4334.745763,4.334745763,4738.964902,-0.085296926
269.985967,271859,271.854,2324,4330.434783,4.330434783,4738.964902,-0.086206614
270.000529,271909,271.904,2328,4347.70798,4.34770798,4738.964902,-0.082561684
270.050588,271959,271.954,2326,4339.061617,4.339061617,4738.964902,-0.08438621
270.149733,272009,272.004,2313,4283.333333,4.283333333,4738.964902,-0.096145799
270.150553,272059,272.054,2321,4317.531003,4.317531003,4738.964902,-0.088929525
270.200608,272109,272.104,2329,4352.038505,4.352038505,4738.964902,-0.081647871
270.334727,272159,272.154,2320,4313.239437,4.313239437,4738.964902,-0.089835117
270.439642,272209,272.204,2339,4395.615034,4.395615034,4738.964902,-0.072452503
270.527201,272259,272.254,2325,4334.745763,4.334745763,4738.964902,-0.085296926
270.527415,272309,272.304,2327,4343.382353,4.343382353,4738.964902,-0.083474463
270.527617,272359,272.354,2328,4347.70798,4.34770798,4738.964902,-0.082561684
270.527829,272409,272.404,2324,4330.434783,4.330434783,4738.964902,-0.086206614
270.5506,272459,272.454,2325,4334.745763,4.334745763,4738.964902,-0.085296926
270.647546,272509,272.504,2330,4356.373938,4.356373938,4738.964902,-0.080733023
270.650606,272559,272.554,2326,4339.061617,4.339061617,4738.964902,-0.08438621
270.741582,272609,272.604,2326,4339.061617,4.339061617,4738.964902,-0.08438621
270.750566,272659,272.654,2330,4356.373938,4.356373938,4738.964902,-0.080733023
270.800563,272709,272.704,2325,4334.745763,4.334745763,4738.964902,-0.085296926
270.889615,272759,272.754,2332,4365.059558,4.365059558,4738.964902,-0.078900214
270.900552,272809,272.804,2323,4326.128668,4.326128668,4738.964902,-0.087115276
270.950607,272859,272.854,2332,4365.059558,4.365059558,4738.964902,-0.078900214
271.043371,272909,272.904,2323,4326.128668,4.326128668,4738.964902,-0.087115276
271.050587,272959,272.954,2335,4378.125,4.378125,4738.964902,-0.076143189
271.100543,273009,273.004,2327,4343.382353,4.343382353,4738.964902,-0.083474463
271.188261,273059,273.054,2327,4343.382353,4.343382353,4738.964902,-0.083474463
271.200604,273109,273.104,2332,4365.059558,4.365059558,4738.964902,-0.078900214
271.28957,273159,273.154,2327,4343.382353,4.343382353,4738.964902,-0.083474463
271.30057,273209,273.204,2331,4360.714286,4.360714286,4738.964902,-0.079817138
271.350599,273259,273.254,2323,4326.128668,4.326128668,4738.964902,-0.087115276
271.439846,273309,273.304,2338,4391.23506,4.39123506,4738.964902,-0.07337675
271.450599,273359,273.354,2330,4356.373938,4.356373938,4738.964902,-0.080733023
271.541077,273409,273.404,2339,4395.615034,4.395615034,4738.964902,-0.072452503
271.550571,273459,273.454,2327,4343.382353,4.343382353,4738.964902,-0.083474463
271.600548,273509,273.504,2332,4365.059558,4.365059558,4738.964902,-0.078900214
271.688759,273559,273.554,2329,4352.038505,4.352038505,4738.964902,-0.081647871
271.700597,273609,273.604,2327,4343.382353,4.343382353,4738.964902,-0.083474463
271.806771,273659,273.654,2328,4347.70798,4.34770798,4738.964902,-0.082561684
271.900176,273709,273.704,2325,4334.745763,4.334745763,4738.964902,-0.085296926
271.900398,273759,273.754,2326,4339.061617,4.339061617,4738.964902,-0.08438621
271.900601,273809,273.804,2330,4356.373938,4.356373938,4738.964902,-0.080733023
271.950536,273859,273.854,2323,4326.128668,4.326128668,4738.964902,-0.087115276
272.047637,273909,273.904,2334,4373.764906,4.373764906,4738.964902,-0.077063241
272.050599,273959,273.954,2303,4241.015625,4.241015625,4738.964902,-0.105075536
272.100539,274009,274.004,2325,4334.745763,4.334745763,4738.964902,-0.085296926
272.191398,274059,274.054,2323,4326.128668,4.326128668,4738.964902,-0.087115276
272.200554,274109,274.104,2329,4352.038505,4.352038505,4738.964902,-0.081647871
272.297616,274159,274.154,2327,4343.382353,4.343382353,4738.964902,-0.083474463
272.300658,274209,274.204,2328,4347.70798,4.34770798,4738.964902,-0.082561684
272.387414,274259,274.254,2326,4339.061617,4.339061617,4738.964902,-0.08438621
272.400542,274309,274.304,2330,4356.373938,4.356373938,4738.964902,-0.080733023
272.450544,274359,274.354,2326,4339.061617,4.339061617,4738.964902,-0.08438621
272.530846,274409,274.404,2327,4343.382353,4.343382353,4738.964902,-0.083474463
272.550605,274459,274.454,2324,4330.434783,4.330434783,4738.964902,-0.086206614
272.600569,274509,274.504,2324,4330.434783,4.330434783,4738.964902,-0.086206614
272.650606,274559,274.554,2327,4343.382353,4.343382353,4738.964902,-0.083474463
272.741288,274609,274.604,2332,4365.059558,4.365059558,4738.964902,-0.078900214
272.750624,274659,274.654,2333,4369.409762,4.369409762,4738.964902,-0.077982249
272.834776,274709,274.704,2334,4373.764906,4.373764906,4738.964902,-0.077063241
272.850589,274759,274.754,2335,4378.125,4.378125,4738.964902,-0.076143189
272.900552,274809,274.804,2336,4382.490051,4.382490051,4738.964902,-0.075222091
272.996258,274859,274.854,2336,4382.490051,4.382490051,4738.964902,-0.075222091
273.000496,274909,274.904,2332,4365.059558,4.365059558,4738.964902,-0.078900214
273.050553,274959,274.954,2334,4373.764906,4.373764906,4738.964902,-0.077063241
273.138952,275009,275.004,2331,4360.714286,4.360714286,4738.964902,-0.079817138
273.150634,275059,275.054,2333,4369.409762,4.369409762,4738.964902,-0.077982249
273.232687,275109,275.104,2337,4386.860068,4.386860068,4738.964902,-0.074299945
273.250565,275159,275.154,2348,4435.260446,4.435260446,4738.964902,-0.064086665
273.30056,275209,275.204,2336,4382.490051,4.382490051,4738.964902,-0.075222091
273.388525,275259,275.254,2334,4373.764906,4.373764906,4738.964902,-0.077063241
273.400609,275309,275.304,2325,4334.745763,4.334745763,4738.964902,-0.085296926
273.495053,275359,275.354,2334,4373.764906,4.373764906,4738.964902,-0.077063241
273.500544,275409,275.404,2334,4373.764906,4.373764906,4738.964902,-0.077063241
273.550566,275459,275.454,2334,4373.764906,4.373764906,4738.964902,-0.077063241
273.631094,275509,275.504,2340,4400.0,4.4,4738.964902,-0.071527202
273.650602,275559,275.554,2340,4400.0,4.4,4738.964902,-0.071527202
273.746327,275609,275.604,2335,4378.125,4.378125,4738.964902,-0.076143189
273.750567,275659,275.654,2331,4360.714286,4.360714286,4738.964902,-0.079817138
273.80056,275709,275.704,2336,4382.490051,4.382490051,4738.964902,-0.075222091
273.8892,275759,275.754,2327,4343.382353,4.343382353,4738.964902,-0.083474463
273.900611,275809,275.804,2331,4360.714286,4.360714286,4738.964902,-0.079817138
273.994862,275859,275.854,2338,4391.23506,4.39123506,4738.964902,-0.07337675
274.000615,275909,275.904,2332,4365.059558,4.365059558,4738.964902,-0.078900214
274.097654,275959,275.954,2327,4343.382353,4.343382353,4738.964902,-0.083474463
274.100538,276009,276.004,2322,4321.827411,4.321827411,4738.964902,-0.088022912
274.150562,276059,276.054,2330,4356.373938,4.356373938,4738.964902,-0.080733023
274.229183,276109,276.104,2341,4404.389966,4.404389966,4738.964902,-0.070600847
274.250625,276159,276.154,2330,4356.373938,4.356373938,4738.964902,-0.080733023
274.346986,276209,276.204,2334,4373.764906,4.373764906,4738.964902,-0.077063241
274.350569,276259,276.254,2317,4300.393701,4.300393701,4738.964902,-0.09254578
274.400557,276309,276.304,2333,4369.409762,4.369409762,4738.964902,-0.077982249
274.480247,276359,276.354,2339,4395.615034,4.395615034,4738.964902,-0.072452503
274.500616,276409,276.404,2334,4373.764906,4.373764906,4738.964902,-0.077063241
274.595109,276459,276.454,2335,4378.125,4.378125,4738.964902,-0.076143189
274.600542,276509,276.504,2337,4386.860068,4.386860068,4738.964902,-0.074299945
274.65056,276559,276.554,2336,4382.490051,4.382490051,4738.964902,-0.075222091
274.738897,276609,276.604,2337,4386.860068,4.386860068,4738.964902,-0.074299945
274.750639,276659,276.654,2344,4417.589949,4.417589949,4738.964902,-0.067815432
274.838342,276709,276.704,2335,4378.125,4.378125,4738.964902,-0.076143189
274.850516,276759,276.754,2330,4356.373938,4.356373938,4738.964902,-0.080733023
274.900537,276809,276.804,2323,4326.128668,4.326128668,4738.964902,-0.087115276
274.989313,276859,276.854,2331,4360.714286,4.360714286,4738.964902,-0.079817138
275.000556,276909,276.904,2338,4391.23506,4.39123506,4738.964902,-0.07337675
275.093262,276959,276.954,2332,4365.059558,4.365059558,4738.964902,-0.078900214
275.100566,277009,277.004,2334,4373.764906,4.373764906,4738.964902,-0.077063241
275.188068,277059,277.054,2337,4386.860068,4.386860068,4738.964902,-0.074299945
275.200553,277109,277.104,2334,4373.764906,4.373764906,4738.964902,-0.077063241
275.250517,277159,277.154,2334,4373.764906,4.373764906,4738.964902,-0.077063241
275.33812,277209,277.204,2341,4404.389966,4.404389966,4738.964902,-0.070600847
275.350622,277259,277.254,2335,4378.125,4.378125,4738.964902,-0.076143189
275.42923,277309,277.304,2334,4373.764906,4.373764906,4738.964902,-0.077063241
275.450487,277359,277.354,2324,4330.434783,4.330434783,4738.964902,-0.086206614
275.500571,277409,277.404,2350,4444.126074,4.444126074,4738.964902,-0.062215871
