host_elapsed_s,esp32_ms,elapsed_s,adc1,R_ohm,R_kOhm,R0_ohm,dR_R0
0.261006,5,0.0,4095,,,5124.875312,
0.521019,1959,1.954,2493,5135.393258,5.135393258,5124.875312,0.002052332
0.596995,2009,2.004,2492,5130.131004,5.130131004,5124.875312,0.001025526
0.597201,2059,2.054,2501,5177.728984,5.177728984,5124.875312,0.010313163
0.597395,2109,2.104,2494,5140.662086,5.140662086,5124.875312,0.003080421
0.597587,2159,2.154,2494,5140.662086,5.140662086,5124.875312,0.003080421
0.597778,2209,2.204,2506,5204.405286,5.204405286,5124.875312,0.015518421
0.597969,2259,2.254,2498,5161.803381,5.161803381,5124.875312,0.007205652
0.598161,2309,2.304,2497,5156.508135,5.156508135,5124.875312,0.006172408
0.598349,2359,2.354,2491,5124.875312,5.124875312,5124.875312,0.0
0.598538,2409,2.404,2491,5124.875312,5.124875312,5124.875312,0.0
0.598728,2459,2.454,2517,5263.688213,5.263688213,5124.875312,0.027086103
0.607024,2509,2.504,2495,5145.9375,5.1459375,5124.875312,0.004109795
0.657083,2559,2.554,2491,5124.875312,5.124875312,5124.875312,0.0
0.715186,2609,2.604,2488,5109.14748,5.10914748,5124.875312,-0.00306892
0.757091,2659,2.654,2491,5124.875312,5.124875312,5124.875312,0.0
0.807066,2709,2.704,2491,5124.875312,5.124875312,5124.875312,0.0
0.857069,2759,2.754,2490,5119.626168,5.119626168,5124.875312,-0.001024248
0.907559,2809,2.804,2489,5114.383562,5.114383562,5124.875312,-0.002047221
1.004254,2859,2.854,2495,5145.9375,5.1459375,5124.875312,0.004109795
1.006994,2909,2.904,2489,5114.383562,5.114383562,5124.875312,-0.002047221
1.05705,2959,2.954,2492,5130.131004,5.130131004,5124.875312,0.001025526
1.10698,3009,3.004,2492,5130.131004,5.130131004,5124.875312,0.001025526
1.1571,3059,3.054,2488,5109.14748,5.10914748,5124.875312,-0.00306892
1.207101,3109,3.104,2488,5109.14748,5.10914748,5124.875312,-0.00306892
1.257068,3159,3.154,2486,5098.694842,5.098694842,5124.875312,-0.005108509
1.307038,3209,3.204,2489,5114.383562,5.114383562,5124.875312,-0.002047221
1.358231,3259,3.254,2488,5109.14748,5.10914748,5124.875312,-0.00306892
1.40713,3309,3.304,2493,5135.393258,5.135393258,5124.875312,0.002052332
1.457116,3359,3.354,2492,5130.131004,5.130131004,5124.875312,0.001025526
1.507203,3409,3.404,2493,5135.393258,5.135393258,5124.875312,0.002052332
1.557027,3459,3.454,2501,5177.728984,5.177728984,5124.875312,0.010313163
1.607021,3509,3.504,2491,5124.875312,5.124875312,5124.875312,0.0
1.657057,3559,3.554,2494,5140.662086,5.140662086,5124.875312,0.003080421
1.707014,3609,3.604,2495,5145.9375,5.1459375,5124.875312,0.004109795
1.757024,3659,3.654,2490,5119.626168,5.119626168,5124.875312,-0.001024248
1.807054,3709,3.704,2486,5098.694842,5.098694842,5124.875312,-0.005108509
1.857022,3759,3.754,2489,5114.383562,5.114383562,5124.875312,-0.002047221
1.907055,3809,3.804,2492,5130.131004,5.130131004,5124.875312,0.001025526
1.957139,3859,3.854,2491,5124.875312,5.124875312,5124.875312,0.0
2.011342,3909,3.904,2484,5088.268156,5.088268156,5124.875312,-0.007143033
2.057078,3959,3.954,2489,5114.383562,5.114383562,5124.875312,-0.002047221
2.107035,4009,4.004,2492,5130.131004,5.130131004,5124.875312,0.001025526
2.15706,4059,4.054,2487,5103.91791,5.10391791,5124.875312,-0.004089349
2.207038,4109,4.104,2491,5124.875312,5.124875312,5124.875312,0.0
2.257093,4159,4.154,2495,5145.9375,5.1459375,5124.875312,0.004109795
2.307089,4209,4.204,2491,5124.875312,5.124875312,5124.875312,0.0
2.357071,4259,4.254,2492,5130.131004,5.130131004,5124.875312,0.001025526
2.40707,4309,4.304,2489,5114.383562,5.114383562,5124.875312,-0.002047221
2.457072,4359,4.354,2483,5083.064516,5.083064516,5124.875312,-0.008158403
2.507006,4409,4.404,2494,5140.662086,5.140662086,5124.875312,0.003080421
2.556975,4459,4.454,2483,5083.064516,5.083064516,5124.875312,-0.008158403
2.607001,4509,4.504,2490,5119.626168,5.119626168,5124.875312,-0.001024248
2.657681,4559,4.554,2486,5098.694842,5.098694842,5124.875312,-0.005108509
2.706998,4609,4.604,2491,5124.875312,5.124875312,5124.875312,0.0
2.75701,4659,4.654,2489,5114.383562,5.114383562,5124.875312,-0.002047221
2.807023,4709,4.704,2491,5124.875312,5.124875312,5124.875312,0.0
2.856981,4759,4.754,2485,5093.478261,5.093478261,5124.875312,-0.006126403
2.907015,4809,4.804,2492,5130.131004,5.130131004,5124.875312,0.001025526
2.956984,4859,4.854,2491,5124.875312,5.124875312,5124.875312,0.0
3.007058,4909,4.904,2493,5135.393258,5.135393258,5124.875312,0.002052332
3.057116,4959,4.954,2494,5140.662086,5.140662086,5124.875312,0.003080421
3.107072,5009,5.004,2493,5135.393258,5.135393258,5124.875312,0.002052332
3.157049,5059,5.054,2500,5172.413793,5.172413793,5124.875312,0.009276027
3.207036,5109,5.104,2491,5124.875312,5.124875312,5124.875312,0.0
3.261673,5159,5.154,2490,5119.626168,5.119626168,5124.875312,-0.001024248
3.307056,5209,5.204,2495,5145.9375,5.1459375,5124.875312,0.004109795
3.357104,5259,5.254,2493,5135.393258,5.135393258,5124.875312,0.002052332
3.407073,5309,5.304,2494,5140.662086,5.140662086,5124.875312,0.003080421
3.456962,5359,5.354,2493,5135.393258,5.135393258,5124.875312,0.002052332
3.507065,5409,5.404,2492,5130.131004,5.130131004,5124.875312,0.001025526
3.557013,5459,5.454,2498,5161.803381,5.161803381,5124.875312,0.007205652
3.60701,5509,5.504,2489,5114.383562,5.114383562,5124.875312,-0.002047221
3.657018,5559,5.554,2498,5161.803381,5.161803381,5124.875312,0.007205652
3.70699,5609,5.604,2489,5114.383562,5.114383562,5124.875312,-0.002047221
3.75696,5659,5.654,2492,5130.131004,5.130131004,5124.875312,0.001025526
3.806998,5709,5.704,2496,5151.219512,5.151219512,5124.875312,0.005140457
3.86062,5759,5.754,2492,5130.131004,5.130131004,5124.875312,0.001025526
3.907,5809,5.804,2492,5130.131004,5.130131004,5124.875312,0.001025526
3.95696,5859,5.854,2496,5151.219512,5.151219512,5124.875312,0.005140457
4.006989,5909,5.904,2499,5167.105263,5.167105263,5124.875312,0.008240191
4.057085,5959,5.954,2494,5140.662086,5.140662086,5124.875312,0.003080421
4.107492,6009,6.004,2488,5109.14748,5.10914748,5124.875312,-0.00306892
4.157013,6059,6.054,2501,5177.728984,5.177728984,5124.875312,0.010313163
4.207027,6109,6.104,2509,5220.491803,5.220491803,5124.875312,0.01865733
4.257095,6159,6.154,2490,5119.626168,5.119626168,5124.875312,-0.001024248
4.307012,6209,6.204,2492,5130.131004,5.130131004,5124.875312,0.001025526
4.357016,6259,6.254,2496,5151.219512,5.151219512,5124.875312,0.005140457
4.407074,6309,6.304,2493,5135.393258,5.135393258,5124.875312,0.002052332
4.457117,6359,6.354,2496,5151.219512,5.151219512,5124.875312,0.005140457
4.509762,6409,6.404,2496,5151.219512,5.151219512,5124.875312,0.005140457
4.556997,6459,6.454,2491,5124.875312,5.124875312,5124.875312,0.0
4.60698,6509,6.504,2493,5135.393258,5.135393258,5124.875312,0.002052332
4.656964,6559,6.554,2494,5140.662086,5.140662086,5124.875312,0.003080421
4.707052,6609,6.604,2493,5135.393258,5.135393258,5124.875312,0.002052332
4.75956,6659,6.654,2494,5140.662086,5.140662086,5124.875312,0.003080421
4.807028,6709,6.704,2492,5130.131004,5.130131004,5124.875312,0.001025526
4.856961,6759,6.754,2499,5167.105263,5.167105263,5124.875312,0.008240191
4.906935,6809,6.804,2500,5172.413793,5.172413793,5124.875312,0.009276027
4.956967,6859,6.854,2497,5156.508135,5.156508135,5124.875312,0.006172408
5.008733,6909,6.904,2500,5172.413793,5.172413793,5124.875312,0.009276027
5.057018,6959,6.954,2497,5156.508135,5.156508135,5124.875312,0.006172408
5.106942,7009,7.004,2501,5177.728984,5.177728984,5124.875312,0.010313163
5.156934,7059,7.054,2496,5151.219512,5.151219512,5124.875312,0.005140457
5.206971,7109,7.104,2498,5161.803381,5.161803381,5124.875312,0.007205652
5.256984,7159,7.154,2499,5167.105263,5.167105263,5124.875312,0.008240191
5.307061,7209,7.204,2504,5193.714645,5.193714645,5124.875312,0.013432392
5.36536,7259,7.254,2490,5119.626168,5.119626168,5124.875312,-0.001024248
5.406948,7309,7.304,2493,5135.393258,5.135393258,5124.875312,0.002052332
5.457011,7359,7.354,2488,5109.14748,5.10914748,5124.875312,-0.00306892
5.506959,7409,7.404,2491,5124.875312,5.124875312,5124.875312,0.0
5.556987,7459,7.454,2500,5172.413793,5.172413793,5124.875312,0.009276027
5.607056,7509,7.504,2496,5151.219512,5.151219512,5124.875312,0.005140457
5.657737,7559,7.554,2505,5199.056604,5.199056604,5124.875312,0.014474751
5.706975,7609,7.604,2502,5183.050847,5.183050847,5124.875312,0.0113516
5.756985,7659,7.654,2505,5199.056604,5.199056604,5124.875312,0.014474751
5.806975,7709,7.704,2507,5209.760705,5.209760705,5124.875312,0.016563407
5.856972,7759,7.754,2508,5215.122873,5.215122873,5124.875312,0.017609709
5.906971,7809,7.804,2506,5204.405286,5.204405286,5124.875312,0.015518421
5.962491,7859,7.854,2500,5172.413793,5.172413793,5124.875312,0.009276027
6.007034,7909,7.904,2511,5231.25,5.23125,5124.875312,0.020756542
6.057043,7959,7.954,2503,5188.379397,5.188379397,5124.875312,0.012391343
6.107029,8009,8.004,2503,5188.379397,5.188379397,5124.875312,0.012391343
6.157052,8059,8.054,2504,5193.714645,5.193714645,5124.875312,0.013432392
6.213395,8109,8.104,2503,5188.379397,5.188379397,5124.875312,0.012391343
6.256998,8159,8.154,2500,5172.413793,5.172413793,5124.875312,0.009276027
6.307046,8209,8.204,2504,5193.714645,5.193714645,5124.875312,0.013432392
6.357071,8259,8.254,2519,5274.555838,5.274555838,5124.875312,0.029206667
6.407023,8309,8.304,2520,5280.0,5.28,5124.875312,0.030268968
6.457044,8359,8.354,2505,5199.056604,5.199056604,5124.875312,0.014474751
6.509277,8409,8.404,2501,5177.728984,5.177728984,5124.875312,0.010313163
6.55698,8459,8.454,2511,5231.25,5.23125,5124.875312,0.020756542
6.606991,8509,8.504,2504,5193.714645,5.193714645,5124.875312,0.013432392
6.662977,8559,8.554,2505,5199.056604,5.199056604,5124.875312,0.014474751
6.706993,8609,8.604,2504,5193.714645,5.193714645,5124.875312,0.013432392
6.756968,8659,8.654,2505,5199.056604,5.199056604,5124.875312,0.014474751
6.806954,8709,8.704,2508,5215.122873,5.215122873,5124.875312,0.017609709
6.857023,8759,8.754,2512,5236.639292,5.236639292,5124.875312,0.021808137
6.906976,8809,8.804,2513,5242.035398,5.242035398,5124.875312,0.022861061
6.956951,8859,8.854,2514,5247.43833,5.24743833,5124.875312,0.023915317
7.013034,8909,8.904,2519,5274.555838,5.274555838,5124.875312,0.029206667
7.057047,8959,8.954,2496,5151.219512,5.151219512,5124.875312,0.005140457
7.107012,9009,9.004,2528,5323.803446,5.323803446,5124.875312,0.03881619
7.156951,9059,9.054,2513,5242.035398,5.242035398,5124.875312,0.022861061
7.20697,9109,9.104,2516,5258.264725,5.258264725,5124.875312,0.026027836
7.262911,9159,9.154,2506,5204.405286,5.204405286,5124.875312,0.015518421
7.306988,9209,9.204,2516,5258.264725,5.258264725,5124.875312,0.026027836
7.357037,9259,9.254,2516,5258.264725,5.258264725,5124.875312,0.026027836
7.407031,9309,9.304,2509,5220.491803,5.220491803,5124.875312,0.01865733
7.457057,9359,9.354,2505,5199.056604,5.199056604,5124.875312,0.014474751
7.506982,9409,9.404,2501,5177.728984,5.177728984,5124.875312,0.010313163
7.556931,9459,9.454,2517,5263.688213,5.263688213,5124.875312,0.027086103
7.610907,9509,9.504,2506,5204.405286,5.204405286,5124.875312,0.015518421
7.656984,9559,9.554,2507,5209.760705,5.209760705,5124.875312,0.016563407
7.70699,9609,9.604,2506,5204.405286,5.204405286,5124.875312,0.015518421
7.757052,9659,9.654,2514,5247.43833,5.24743833,5124.875312,0.023915317
7.810385,9709,9.704,2504,5193.714645,5.193714645,5124.875312,0.013432392
7.856951,9759,9.754,2507,5209.760705,5.209760705,5124.875312,0.016563407
7.906962,9809,9.804,2507,5209.760705,5.209760705,5124.875312,0.016563407
7.956971,9859,9.854,2510,5225.867508,5.225867508,5124.875312,0.019706274
8.006972,9909,9.904,2500,5172.413793,5.172413793,5124.875312,0.009276027
8.057042,9959,9.954,2522,5290.909091,5.290909091,5124.875312,0.032397623
8.107006,10009,10.004,2514,5247.43833,5.24743833,5124.875312,0.023915317
8.160989,10059,10.054,2508,5215.122873,5.215122873,5124.875312,0.017609709
8.207007,10109,10.104,2508,5215.122873,5.215122873,5124.875312,0.017609709
8.257049,10159,10.154,2505,5199.056604,5.199056604,5124.875312,0.014474751
8.307096,10209,10.204,2512,5236.639292,5.236639292,5124.875312,0.021808137
8.357044,10259,10.254,2514,5247.43833,5.24743833,5124.875312,0.023915317
8.407076,10309,10.304,2504,5193.714645,5.193714645,5124.875312,0.013432392
8.456952,10359,10.354,2509,5220.491803,5.220491803,5124.875312,0.01865733
8.506953,10409,10.404,2507,5209.760705,5.209760705,5124.875312,0.016563407
8.556966,10459,10.454,2516,5258.264725,5.258264725,5124.875312,0.026027836
8.606944,10509,10.504,2525,5307.324841,5.307324841,5124.875312,0.035600774
8.65694,10559,10.554,2515,5252.848101,5.252848101,5124.875312,0.024970908
8.706976,10609,10.604,2511,5231.25,5.23125,5124.875312,0.020756542
8.764715,10659,10.654,2512,5236.639292,5.236639292,5124.875312,0.021808137
8.806944,10709,10.704,2515,5252.848101,5.252848101,5124.875312,0.024970908
8.856947,10759,10.754,2515,5252.848101,5.252848101,5124.875312,0.024970908
8.906929,10809,10.804,2518,5269.11858,5.26911858,5124.875312,0.028145713
8.956952,10859,10.854,2518,5269.11858,5.26911858,5124.875312,0.028145713
9.012323,10909,10.904,2517,5263.688213,5.263688213,5124.875312,0.027086103
9.057016,10959,10.954,2515,5252.848101,5.252848101,5124.875312,0.024970908
9.106944,11009,11.004,2517,5263.688213,5.263688213,5124.875312,0.027086103
9.157043,11059,11.054,2521,5285.45108,5.28545108,5124.875312,0.03133262
9.207056,11109,11.104,2512,5236.639292,5.236639292,5124.875312,0.021808137
9.261311,11159,11.154,2512,5236.639292,5.236639292,5124.875312,0.021808137
9.307028,11209,11.204,2509,5220.491803,5.220491803,5124.875312,0.01865733
9.357007,11259,11.254,2513,5242.035398,5.242035398,5124.875312,0.022861061
9.407054,11309,11.304,2520,5280.0,5.28,5124.875312,0.030268968
9.457026,11359,11.354,2524,5301.845958,5.301845958,5124.875312,0.034531698
9.510759,11409,11.404,2528,5323.803446,5.323803446,5124.875312,0.03881619
9.556989,11459,11.454,2546,5424.015494,5.424015494,5124.875312,0.058370236
9.606958,11509,11.504,2527,5318.303571,5.318303571,5124.875312,0.037743018
9.656968,11559,11.554,2515,5252.848101,5.252848101,5124.875312,0.024970908
9.706938,11609,11.604,2528,5323.803446,5.323803446,5124.875312,0.03881619
9.756926,11659,11.654,2519,5274.555838,5.274555838,5124.875312,0.029206667
9.806949,11709,11.704,2524,5301.845958,5.301845958,5124.875312,0.034531698
9.856938,11759,11.754,2521,5285.45108,5.28545108,5124.875312,0.03133262
9.906997,11809,11.804,2523,5296.374046,5.296374046,5124.875312,0.033463982
9.956944,11859,11.854,2516,5258.264725,5.258264725,5124.875312,0.026027836
10.007003,11909,11.904,2528,5323.803446,5.323803446,5124.875312,0.03881619
10.057098,11959,11.954,2532,5345.873321,5.345873321,5124.875312,0.043122612
10.107012,12009,12.004,2526,5312.810707,5.312810707,5124.875312,0.036671213
10.156983,12059,12.054,2528,5323.803446,5.323803446,5124.875312,0.03881619
10.207048,12109,12.104,2528,5323.803446,5.323803446,5124.875312,0.03881619
10.257093,12159,12.154,2527,5318.303571,5.318303571,5124.875312,0.037743018
10.306999,12209,12.204,2522,5290.909091,5.290909091,5124.875312,0.032397623
10.357022,12259,12.254,2539,5384.768638,5.384768638,5124.875312,0.050712127
10.407034,12309,12.304,2517,5263.688213,5.263688213,5124.875312,0.027086103
10.457007,12359,12.354,2523,5296.374046,5.296374046,5124.875312,0.033463982
10.506969,12409,12.404,2522,5290.909091,5.290909091,5124.875312,0.032397623
10.561809,12459,12.454,2513,5242.035398,5.242035398,5124.875312,0.022861061
10.606947,12509,12.504,2520,5280.0,5.28,5124.875312,0.030268968
10.656984,12559,12.554,2530,5334.824281,5.334824281,5124.875312,0.040966649
10.70703,12609,12.604,2519,5274.555838,5.274555838,5124.875312,0.029206667
10.756981,12659,12.654,2518,5269.11858,5.26911858,5124.875312,0.028145713
10.806975,12709,12.704,2523,5296.374046,5.296374046,5124.875312,0.033463982
10.857006,12759,12.754,2525,5307.324841,5.307324841,5124.875312,0.035600774
10.906949,12809,12.804,2517,5263.688213,5.263688213,5124.875312,0.027086103
10.95696,12859,12.854,2505,5199.056604,5.199056604,5124.875312,0.014474751
11.006984,12909,12.904,2519,5274.555838,5.274555838,5124.875312,0.029206667
11.057015,12959,12.954,2517,5263.688213,5.263688213,5124.875312,0.027086103
11.107026,13009,13.004,2528,5323.803446,5.323803446,5124.875312,0.03881619
11.161591,13059,13.054,2522,5290.909091,5.290909091,5124.875312,0.032397623
11.207003,13109,13.104,2517,5263.688213,5.263688213,5124.875312,0.027086103
11.257027,13159,13.154,2518,5269.11858,5.26911858,5124.875312,0.028145713
11.307021,13209,13.204,2514,5247.43833,5.24743833,5124.875312,0.023915317
11.357007,13259,13.254,2520,5280.0,5.28,5124.875312,0.030268968
11.407036,13309,13.304,2520,5280.0,5.28,5124.875312,0.030268968
11.457024,13359,13.354,2525,5307.324841,5.307324841,5124.875312,0.035600774
11.506943,13409,13.404,2516,5258.264725,5.258264725,5124.875312,0.026027836
11.556932,13459,13.454,2511,5231.25,5.23125,5124.875312,0.020756542
11.606905,13509,13.504,2526,5312.810707,5.312810707,5124.875312,0.036671213
11.656934,13559,13.554,2512,5236.639292,5.236639292,5124.875312,0.021808137
11.706944,13609,13.604,2521,5285.45108,5.28545108,5124.875312,0.03133262
11.761565,13659,13.654,2517,5263.688213,5.263688213,5124.875312,0.027086103
11.806936,13709,13.704,2524,5301.845958,5.301845958,5124.875312,0.034531698
11.856916,13759,13.754,2536,5368.056446,5.368056446,5124.875312,0.047451132
11.906891,13809,13.804,2521,5285.45108,5.28545108,5124.875312,0.03133262
11.956949,13859,13.854,2516,5258.264725,5.258264725,5124.875312,0.026027836
12.009644,13909,13.904,2524,5301.845958,5.301845958,5124.875312,0.034531698
12.056962,13959,13.954,2522,5290.909091,5.290909091,5124.875312,0.032397623
12.107015,14009,14.004,2516,5258.264725,5.258264725,5124.875312,0.026027836
12.157096,14059,14.054,2540,5390.353698,5.390353698,5124.875312,0.051801921
12.206917,14109,14.104,2527,5318.303571,5.318303571,5124.875312,0.037743018
12.257007,14159,14.154,2521,5285.45108,5.28545108,5124.875312,0.03133262
12.312818,14209,14.204,2524,5301.845958,5.301845958,5124.875312,0.034531698
12.357021,14259,14.254,2525,5307.324841,5.307324841,5124.875312,0.035600774
12.407042,14309,14.304,2521,5285.45108,5.28545108,5124.875312,0.03133262
12.457012,14359,14.354,2528,5323.803446,5.323803446,5124.875312,0.03881619
12.506959,14409,14.404,2543,5407.152062,5.407152062,5124.875312,0.05507973
12.562172,14459,14.454,2530,5334.824281,5.334824281,5124.875312,0.040966649
12.606909,14509,14.504,2525,5307.324841,5.307324841,5124.875312,0.035600774
12.656948,14559,14.554,2522,5290.909091,5.290909091,5124.875312,0.032397623
12.706949,14609,14.604,2528,5323.803446,5.323803446,5124.875312,0.03881619
12.756952,14659,14.654,2528,5323.803446,5.323803446,5124.875312,0.03881619
12.807113,14709,14.704,2527,5318.303571,5.318303571,5124.875312,0.037743018
12.862023,14759,14.754,2530,5334.824281,5.334824281,5124.875312,0.040966649
12.906922,14809,14.804,2527,5318.303571,5.318303571,5124.875312,0.037743018
12.956946,14859,14.854,2515,5252.848101,5.252848101,5124.875312,0.024970908
13.006997,14909,14.904,2525,5307.324841,5.307324841,5124.875312,0.035600774
13.057027,14959,14.954,2529,5329.310345,5.329310345,5124.875312,0.039890733
13.107046,15009,15.004,2517,5263.688213,5.263688213,5124.875312,0.027086103
13.157016,15059,15.054,2522,5290.909091,5.290909091,5124.875312,0.032397623
13.207016,15109,15.104,2520,5280.0,5.28,5124.875312,0.030268968
13.256963,15159,15.154,2515,5252.848101,5.252848101,5124.875312,0.024970908
13.30695,15209,15.204,2511,5231.25,5.23125,5124.875312,0.020756542
13.35701,15259,15.254,2511,5231.25,5.23125,5124.875312,0.020756542
13.409248,15309,15.304,2520,5280.0,5.28,5124.875312,0.030268968
13.456985,15359,15.354,2518,5269.11858,5.26911858,5124.875312,0.028145713
13.506959,15409,15.404,2520,5280.0,5.28,5124.875312,0.030268968
13.556945,15459,15.454,2522,5290.909091,5.290909091,5124.875312,0.032397623
13.606917,15509,15.504,2518,5269.11858,5.26911858,5124.875312,0.028145713
13.656922,15559,15.554,2525,5307.324841,5.307324841,5124.875312,0.035600774
13.706993,15609,15.604,2521,5285.45108,5.28545108,5124.875312,0.03133262
13.756908,15659,15.654,2514,5247.43833,5.24743833,5124.875312,0.023915317
13.806943,15709,15.704,2521,5285.45108,5.28545108,5124.875312,0.03133262
13.856923,15759,15.754,2521,5285.45108,5.28545108,5124.875312,0.03133262
13.906971,15809,15.804,2523,5296.374046,5.296374046,5124.875312,0.033463982
13.961826,15859,15.854,2518,5269.11858,5.26911858,5124.875312,0.028145713
14.007002,15909,15.904,2530,5334.824281,5.334824281,5124.875312,0.040966649
14.056986,15959,15.954,2515,5252.848101,5.252848101,5124.875312,0.024970908
14.106983,16009,16.004,2517,5263.688213,5.263688213,5124.875312,0.027086103
14.156955,16059,16.054,2517,5263.688213,5.263688213,5124.875312,0.027086103
14.212398,16109,16.104,2508,5215.122873,5.215122873,5124.875312,0.017609709
14.256953,16159,16.154,2519,5274.555838,5.274555838,5124.875312,0.029206667
14.306876,16209,16.204,2520,5280.0,5.28,5124.875312,0.030268968
14.35692,16259,16.254,2516,5258.264725,5.258264725,5124.875312,0.026027836
14.406975,16309,16.304,2511,5231.25,5.23125,5124.875312,0.020756542
14.456961,16359,16.354,2512,5236.639292,5.236639292,5124.875312,0.021808137
14.50691,16409,16.404,2517,5263.688213,5.263688213,5124.875312,0.027086103
14.556894,16459,16.454,2515,5252.848101,5.252848101,5124.875312,0.024970908
14.610742,16509,16.504,2517,5263.688213,5.263688213,5124.875312,0.027086103
14.656895,16559,16.554,2515,5252.848101,5.252848101,5124.875312,0.024970908
14.706955,16609,16.604,2512,5236.639292,5.236639292,5124.875312,0.021808137
14.756893,16659,16.654,2515,5252.848101,5.252848101,5124.875312,0.024970908
14.806887,16709,16.704,2517,5263.688213,5.263688213,5124.875312,0.027086103
14.862011,16759,16.754,2517,5263.688213,5.263688213,5124.875312,0.027086103
14.906869,16809,16.804,2515,5252.848101,5.252848101,5124.875312,0.024970908
14.956929,16859,16.854,2506,5204.405286,5.204405286,5124.875312,0.015518421
15.006903,16909,16.904,2503,5188.379397,5.188379397,5124.875312,0.012391343
15.056925,16959,16.954,2513,5242.035398,5.242035398,5124.875312,0.022861061
15.10698,17009,17.004,2509,5220.491803,5.220491803,5124.875312,0.01865733
15.156937,17059,17.054,2514,5247.43833,5.24743833,5124.875312,0.023915317
15.206958,17109,17.104,2502,5183.050847,5.183050847,5124.875312,0.0113516
15.256963,17159,17.154,2517,5263.688213,5.263688213,5124.875312,0.027086103
15.31311,17209,17.204,2512,5236.639292,5.236639292,5124.875312,0.021808137
15.356881,17259,17.254,2515,5252.848101,5.252848101,5124.875312,0.024970908
15.406977,17309,17.304,2523,5296.374046,5.296374046,5124.875312,0.033463982
15.456959,17359,17.354,2511,5231.25,5.23125,5124.875312,0.020756542
15.506947,17409,17.404,2514,5247.43833,5.24743833,5124.875312,0.023915317
15.556871,17459,17.454,2512,5236.639292,5.236639292,5124.875312,0.021808137
15.606896,17509,17.504,2509,5220.491803,5.220491803,5124.875312,0.01865733
15.656874,17559,17.554,2511,5231.25,5.23125,5124.875312,0.020756542
15.712319,17609,17.604,2508,5215.122873,5.215122873,5124.875312,0.017609709
15.75693,17659,17.654,2509,5220.491803,5.220491803,5124.875312,0.01865733
15.806905,17709,17.704,2513,5242.035398,5.242035398,5124.875312,0.022861061
15.856935,17759,17.754,2509,5220.491803,5.220491803,5124.875312,0.01865733
15.913192,17809,17.804,2502,5183.050847,5.183050847,5124.875312,0.0113516
15.956898,17859,17.854,2497,5156.508135,5.156508135,5124.875312,0.006172408
16.006971,17909,17.904,2510,5225.867508,5.225867508,5124.875312,0.019706274
16.05689,17959,17.954,2507,5209.760705,5.209760705,5124.875312,0.016563407
16.106954,18009,18.004,2506,5204.405286,5.204405286,5124.875312,0.015518421
16.15697,18059,18.054,2508,5215.122873,5.215122873,5124.875312,0.017609709
16.206987,18109,18.104,2505,5199.056604,5.199056604,5124.875312,0.014474751
16.25689,18159,18.154,2507,5209.760705,5.209760705,5124.875312,0.016563407
16.306946,18209,18.204,2503,5188.379397,5.188379397,5124.875312,0.012391343
16.356991,18259,18.254,2504,5193.714645,5.193714645,5124.875312,0.013432392
16.417058,18309,18.304,2508,5215.122873,5.215122873,5124.875312,0.017609709
16.456844,18359,18.354,2489,5114.383562,5.114383562,5124.875312,-0.002047221
16.507006,18409,18.404,2499,5167.105263,5.167105263,5124.875312,0.008240191
16.556989,18459,18.454,2509,5220.491803,5.220491803,5124.875312,0.01865733
16.606889,18509,18.504,2506,5204.405286,5.204405286,5124.875312,0.015518421
16.656996,18559,18.554,2510,5225.867508,5.225867508,5124.875312,0.019706274
16.707013,18609,18.604,2507,5209.760705,5.209760705,5124.875312,0.016563407
16.756995,18659,18.654,2511,5231.25,5.23125,5124.875312,0.020756542
16.812187,18709,18.704,2507,5209.760705,5.209760705,5124.875312,0.016563407
16.856898,18759,18.754,2510,5225.867508,5.225867508,5124.875312,0.019706274
16.906989,18809,18.804,2506,5204.405286,5.204405286,5124.875312,0.015518421
16.956948,18859,18.854,2504,5193.714645,5.193714645,5124.875312,0.013432392
17.007007,18909,18.904,2499,5167.105263,5.167105263,5124.875312,0.008240191
17.062429,18959,18.954,2508,5215.122873,5.215122873,5124.875312,0.017609709
17.106918,19009,19.004,2506,5204.405286,5.204405286,5124.875312,0.015518421
17.156993,19059,19.054,2505,5199.056604,5.199056604,5124.875312,0.014474751
17.206966,19109,19.104,2503,5188.379397,5.188379397,5124.875312,0.012391343
17.256957,19159,19.154,2508,5215.122873,5.215122873,5124.875312,0.017609709
17.306909,19209,19.204,2510,5225.867508,5.225867508,5124.875312,0.019706274
17.356896,19259,19.254,2508,5215.122873,5.215122873,5124.875312,0.017609709
17.406928,19309,19.304,2506,5204.405286,5.204405286,5124.875312,0.015518421
17.483507,19359,19.354,2515,5252.848101,5.252848101,5124.875312,0.024970908
17.507013,19409,19.404,2501,5177.728984,5.177728984,5124.875312,0.010313163
17.556895,19459,19.454,2498,5161.803381,5.161803381,5124.875312,0.007205652
17.606897,19509,19.504,2506,5204.405286,5.204405286,5124.875312,0.015518421
17.656931,19559,19.554,2507,5209.760705,5.209760705,5124.875312,0.016563407
17.712511,19609,19.604,2505,5199.056604,5.199056604,5124.875312,0.014474751
17.757053,19659,19.654,2508,5215.122873,5.215122873,5124.875312,0.017609709
17.80689,19709,19.704,2508,5215.122873,5.215122873,5124.875312,0.017609709
17.856961,19759,19.754,2510,5225.867508,5.225867508,5124.875312,0.019706274
17.906967,19809,19.804,2507,5209.760705,5.209760705,5124.875312,0.016563407
17.956927,19859,19.854,2506,5204.405286,5.204405286,5124.875312,0.015518421
18.006945,19909,19.904,2512,5236.639292,5.236639292,5124.875312,0.021808137
18.057016,19959,19.954,2510,5225.867508,5.225867508,5124.875312,0.019706274
18.106853,20009,20.004,2508,5215.122873,5.215122873,5124.875312,0.017609709
18.15692,20059,20.054,2508,5215.122873,5.215122873,5124.875312,0.017609709
18.206979,20109,20.104,2518,5269.11858,5.26911858,5124.875312,0.028145713
18.266546,20159,20.154,2509,5220.491803,5.220491803,5124.875312,0.01865733
18.306976,20209,20.204,2508,5215.122873,5.215122873,5124.875312,0.017609709
18.356953,20259,20.254,2515,5252.848101,5.252848101,5124.875312,0.024970908
18.406869,20309,20.304,2510,5225.867508,5.225867508,5124.875312,0.019706274
18.456873,20359,20.354,2512,5236.639292,5.236639292,5124.875312,0.021808137
18.506881,20409,20.404,2510,5225.867508,5.225867508,5124.875312,0.019706274
18.556878,20459,20.454,2515,5252.848101,5.252848101,5124.875312,0.024970908
18.606885,20509,20.504,2513,5242.035398,5.242035398,5124.875312,0.022861061
18.65696,20559,20.554,2511,5231.25,5.23125,5124.875312,0.020756542
18.717699,20609,20.604,2504,5193.714645,5.193714645,5124.875312,0.013432392
18.756962,20659,20.654,2512,5236.639292,5.236639292,5124.875312,0.021808137
18.806941,20709,20.704,2509,5220.491803,5.220491803,5124.875312,0.01865733
18.856978,20759,20.754,2514,5247.43833,5.24743833,5124.875312,0.023915317
18.906954,20809,20.804,2512,5236.639292,5.236639292,5124.875312,0.021808137
18.956891,20859,20.854,2512,5236.639292,5.236639292,5124.875312,0.021808137
19.006943,20909,20.904,2510,5225.867508,5.225867508,5124.875312,0.019706274
19.056923,20959,20.954,2511,5231.25,5.23125,5124.875312,0.020756542
19.106877,21009,21.004,2514,5247.43833,5.24743833,5124.875312,0.023915317
19.156892,21059,21.054,2513,5242.035398,5.242035398,5124.875312,0.022861061
19.207814,21109,21.104,2512,5236.639292,5.236639292,5124.875312,0.021808137
19.256927,21159,21.154,2518,5269.11858,5.26911858,5124.875312,0.028145713
19.312921,21209,21.204,2516,5258.264725,5.258264725,5124.875312,0.026027836
19.356951,21259,21.254,2509,5220.491803,5.220491803,5124.875312,0.01865733
19.406914,21309,21.304,2514,5247.43833,5.24743833,5124.875312,0.023915317
19.45692,21359,21.354,2510,5225.867508,5.225867508,5124.875312,0.019706274
19.506864,21409,21.404,2508,5215.122873,5.215122873,5124.875312,0.017609709
19.576378,21459,21.454,2510,5225.867508,5.225867508,5124.875312,0.019706274
19.606892,21509,21.504,2508,5215.122873,5.215122873,5124.875312,0.017609709
19.658368,21559,21.554,2506,5204.405286,5.204405286,5124.875312,0.015518421
19.706953,21609,21.604,2514,5247.43833,5.24743833,5124.875312,0.023915317
19.75749,21659,21.654,2493,5135.393258,5.135393258,5124.875312,0.002052332
19.806916,21709,21.704,2502,5183.050847,5.183050847,5124.875312,0.0113516
19.856907,21759,21.754,2520,5280.0,5.28,5124.875312,0.030268968
19.924489,21809,21.804,2507,5209.760705,5.209760705,5124.875312,0.016563407
19.956899,21859,21.854,2509,5220.491803,5.220491803,5124.875312,0.01865733
20.008034,21909,21.904,2499,5167.105263,5.167105263,5124.875312,0.008240191
20.056895,21959,21.954,2511,5231.25,5.23125,5124.875312,0.020756542
20.1069,22009,22.004,2510,5225.867508,5.225867508,5124.875312,0.019706274
20.157544,22059,22.054,2508,5215.122873,5.215122873,5124.875312,0.017609709
20.206899,22109,22.104,2507,5209.760705,5.209760705,5124.875312,0.016563407
20.256898,22159,22.154,2507,5209.760705,5.209760705,5124.875312,0.016563407
20.308957,22209,22.204,2504,5193.714645,5.193714645,5124.875312,0.013432392
20.356936,22259,22.254,2512,5236.639292,5.236639292,5124.875312,0.021808137
20.407361,22309,22.304,2535,5362.5,5.3625,5124.875312,0.046366921
20.456883,22359,22.354,2510,5225.867508,5.225867508,5124.875312,0.019706274
20.506994,22409,22.404,2510,5225.867508,5.225867508,5124.875312,0.019706274
20.562852,22459,22.454,2539,5384.768638,5.384768638,5124.875312,0.050712127
20.606864,22509,22.504,2594,5702.998001,5.702998001,5124.875312,0.112807172
20.656815,22559,22.554,2623,5880.366848,5.880366848,5124.875312,0.147416569
20.706866,22609,22.604,2645,6019.655172,6.019655172,5124.875312,0.17459544
20.756911,22659,22.654,2667,6163.235294,6.163235294,5124.875312,0.202611755
20.806935,22709,22.704,2674,6209.852217,6.209852217,5124.875312,0.211707961
20.856912,22759,22.754,2657,6097.426982,6.097426982,5124.875312,0.189770797
20.906857,22809,22.804,2660,6117.073171,6.117073171,5124.875312,0.193604293
20.956863,22859,22.854,2643,6006.818182,6.006818182,5124.875312,0.172090601
21.006861,22909,22.904,2660,6117.073171,6.117073171,5124.875312,0.193604293
21.056933,22959,22.954,2631,5930.532787,5.930532787,5124.875312,0.157205283
21.106915,23009,23.004,2589,5673.10757,5.67310757,5124.875312,0.106974751
21.156907,23059,23.054,2548,5435.294118,5.435294118,5124.875312,0.060570997
21.20689,23109,23.104,2557,5486.410923,5.486410923,5124.875312,0.07054525
21.256945,23159,23.154,2604,5763.380282,5.763380282,5124.875312,0.124589367
21.306959,23209,23.204,2635,5955.821918,5.955821918,5124.875312,0.162139868
21.356975,23259,23.254,2578,5608.042189,5.608042189,5124.875312,0.094278758
21.41773,23309,23.304,2609,5793.876178,5.793876178,5124.875312,0.13053993
21.456955,23359,23.354,2638,5974.87989,5.97487989,5124.875312,0.165858587
21.506951,23409,23.404,2652,6064.864865,6.064864865,5124.875312,0.183417058
21.556905,23459,23.454,2638,5974.87989,5.97487989,5124.875312,0.165858587
21.606843,23509,23.504,2647,6032.527624,6.032527624,5124.875312,0.177107199
21.656918,23559,23.554,2649,6045.435685,6.045435685,5124.875312,0.179625906
21.706928,23609,23.604,2622,5874.13442,5.87413442,5124.875312,0.146200456
21.756832,23659,23.654,2605,5769.463087,5.769463087,5124.875312,0.125776285
21.80686,23709,23.704,2612,5812.272421,5.812272421,5124.875312,0.134129528
21.856841,23759,23.754,2557,5486.410923,5.486410923,5124.875312,0.07054525
21.90693,23809,23.804,2558,5492.127521,5.492127521,5124.875312,0.071660711
21.956879,23859,23.854,2548,5435.294118,5.435294118,5124.875312,0.060570997
22.006891,23909,23.904,2608,5787.760592,5.787760592,5124.875312,0.129346616
22.056979,23959,23.954,2604,5763.380282,5.763380282,5124.875312,0.124589367
22.106941,24009,24.004,2584,5643.414957,5.643414957,5124.875312,0.101180929
22.156943,24059,24.054,2605,5769.463087,5.769463087,5124.875312,0.125776285
22.206914,24109,24.104,2644,6013.232254,6.013232254,5124.875312,0.173342157
22.256985,24159,24.154,2648,6038.977194,6.038977194,5124.875312,0.178365682
22.306957,24209,24.204,2631,5930.532787,5.930532787,5124.875312,0.157205283
22.356903,24259,24.254,2568,5549.705305,5.549705305,5124.875312,0.082895674
22.406871,24309,24.304,2568,5549.705305,5.549705305,5124.875312,0.082895674
22.45698,24359,24.354,2562,5515.068493,5.515068493,5124.875312,0.076137107
22.506921,24409,24.404,2559,5497.851562,5.497851563,5124.875312,0.072777624
22.556843,24459,24.454,2547,5429.651163,5.429651163,5124.875312,0.059469906
22.606859,24509,24.504,2559,5497.851562,5.497851563,5124.875312,0.072777624
22.660598,24559,24.554,2559,5497.851562,5.497851563,5124.875312,0.072777624
22.706821,24609,24.604,2606,5775.554063,5.775554063,5124.875312,0.126964797
22.75684,24659,24.654,2584,5643.414957,5.643414957,5124.875312,0.101180929
22.806904,24709,24.704,2540,5390.353698,5.390353698,5124.875312,0.051801921
22.856881,24759,24.754,2549,5440.944373,5.440944373,5124.875312,0.061673512
22.906828,24809,24.804,2544,5412.765957,5.412765957,5124.875312,0.056175151
22.956882,24859,24.854,2553,5463.618677,5.463618677,5124.875312,0.066097875
23.007732,24909,24.904,2547,5429.651163,5.429651163,5124.875312,0.059469906
23.056951,24959,24.954,2552,5457.93908,5.45793908,5124.875312,0.064989633
23.106936,25009,25.004,2549,5440.944373,5.440944373,5124.875312,0.061673512
23.156911,25059,25.054,2542,5401.545396,5.401545396,5124.875312,0.05398572
23.20689,25109,25.104,2537,5373.620026,5.373620026,5124.875312,0.048536735
23.256922,25159,25.154,2540,5390.353698,5.390353698,5124.875312,0.051801921
23.31258,25209,25.204,2544,5412.765957,5.412765957,5124.875312,0.056175151
23.356914,25259,25.254,2555,5475.0,5.475,5124.875312,0.068318675
23.406918,25309,25.304,2601,5745.180723,5.745180723,5124.875312,0.121038147
23.456938,25359,25.354,2588,5667.153285,5.667153285,5124.875312,0.105812911
23.506818,25409,25.404,2557,5486.410923,5.486410923,5124.875312,0.07054525
23.556896,25459,25.454,2566,5538.129496,5.538129496,5124.875312,0.080636925
23.606824,25509,25.504,2550,5446.601942,5.446601942,5124.875312,0.062777455
23.65686,25559,25.554,2554,5469.305646,5.469305646,5124.875312,0.067207554
23.706836,25609,25.604,2558,5492.127521,5.492127521,5124.875312,0.071660711
23.760862,25659,25.654,2561,5509.322034,5.509322034,5124.875312,0.07501582
23.806843,25709,25.704,2564,5526.583932,5.526583932,5124.875312,0.078384077
23.856815,25759,25.754,2552,5457.93908,5.45793908,5124.875312,0.064989633
23.906881,25809,25.804,2555,5475.0,5.475,5124.875312,0.068318675
23.957752,25859,25.854,2559,5497.851562,5.497851563,5124.875312,0.072777624
24.006873,25909,25.904,2549,5440.944373,5.440944373,5124.875312,0.061673512
24.056907,25959,25.954,2543,5407.152062,5.407152062,5124.875312,0.05507973
24.106863,26009,26.004,2570,5561.311475,5.561311475,5124.875312,0.085160348
24.156896,26059,26.054,2640,5987.628866,5.987628866,5124.875312,0.168346253
24.206909,26109,26.104,2629,5917.939973,5.917939973,5124.875312,0.154748089
24.256852,26159,26.154,2652,6064.864865,6.064864865,5124.875312,0.183417058
24.306989,26209,26.204,2645,6019.655172,6.019655172,5124.875312,0.17459544
24.36128,26259,26.254,2644,6013.232254,6.013232254,5124.875312,0.173342157
24.406903,26309,26.304,2647,6032.527624,6.032527624,5124.875312,0.177107199
24.456966,26359,26.354,2586,5655.26839,5.65526839,5124.875312,0.10349385
24.506822,26409,26.404,2565,5532.352941,5.532352941,5124.875312,0.079509765
24.556837,26459,26.454,2554,5469.305646,5.469305646,5124.875312,0.067207554
24.606911,26509,26.504,2589,5673.10757,5.67310757,5124.875312,0.106974751
24.656851,26559,26.554,2571,5567.125984,5.567125984,5124.875312,0.086294914
24.706872,26609,26.604,2559,5497.851562,5.497851563,5124.875312,0.072777624
24.756863,26659,26.654,2564,5526.583932,5.526583932,5124.875312,0.078384077
24.806827,26709,26.704,2600,5739.130435,5.739130435,5124.875312,0.119857574
24.856815,26759,26.754,2581,5625.693527,5.625693527,5124.875312,0.097723005
24.906898,26809,26.804,2588,5667.153285,5.667153285,5124.875312,0.105812911
24.962252,26859,26.854,2578,5608.042189,5.608042189,5124.875312,0.094278758
25.006846,26909,26.904,2562,5515.068493,5.515068493,5124.875312,0.076137107
25.056936,26959,26.954,2568,5549.705305,5.549705305,5124.875312,0.082895674
25.106939,27009,27.004,2559,5497.851562,5.497851563,5124.875312,0.072777624
25.156905,27059,27.054,2565,5532.352941,5.532352941,5124.875312,0.079509765
25.20687,27109,27.104,2553,5463.618677,5.463618677,5124.875312,0.066097875
25.256896,27159,27.154,2571,5567.125984,5.567125984,5124.875312,0.086294914
25.306888,27209,27.204,2546,5424.015494,5.424015494,5124.875312,0.058370236
25.356882,27259,27.254,2559,5497.851562,5.497851563,5124.875312,0.072777624
25.406894,27309,27.304,2550,5446.601942,5.446601942,5124.875312,0.062777455
25.458415,27359,27.354,2563,5520.822454,5.520822454,5124.875312,0.077259859
25.506857,27409,27.404,2557,5486.410923,5.486410923,5124.875312,0.07054525
25.556849,27459,27.454,2574,5584.615385,5.584615385,5124.875312,0.089707563
25.606879,27509,27.504,2558,5492.127521,5.492127521,5124.875312,0.071660711
25.656915,27559,27.554,2555,5475.0,5.475,5124.875312,0.068318675
25.706863,27609,27.604,2549,5440.944373,5.440944373,5124.875312,0.061673512
25.756793,27659,27.654,2557,5486.410923,5.486410923,5124.875312,0.07054525
25.806807,27709,27.704,2554,5469.305646,5.469305646,5124.875312,0.067207554
25.85683,27759,27.754,2551,5452.266839,5.452266839,5124.875312,0.063882828
25.906798,27809,27.804,2559,5497.851562,5.497851563,5124.875312,0.072777624
25.95681,27859,27.854,2553,5463.618677,5.463618677,5124.875312,0.066097875
26.00686,27909,27.904,2535,5362.5,5.3625,5124.875312,0.046366921
26.056938,27959,27.954,2565,5532.352941,5.532352941,5124.875312,0.079509765
26.109197,28009,28.004,2536,5368.056446,5.368056446,5124.875312,0.047451132
26.156925,28059,28.054,2542,5401.545396,5.401545396,5124.875312,0.05398572
26.206887,28109,28.104,2539,5384.768638,5.384768638,5124.875312,0.050712127
26.256885,28159,28.154,2558,5492.127521,5.492127521,5124.875312,0.071660711
26.306862,28209,28.204,2555,5475.0,5.475,5124.875312,0.068318675
26.356885,28259,28.254,2541,5395.945946,5.395945946,5124.875312,0.052893118
26.406823,28309,28.304,2543,5407.152062,5.407152062,5124.875312,0.05507973
26.456878,28359,28.354,2544,5412.765957,5.412765957,5124.875312,0.056175151
26.50681,28409,28.404,2557,5486.410923,5.486410923,5124.875312,0.07054525
26.556818,28459,28.454,2555,5475.0,5.475,5124.875312,0.068318675
26.607031,28509,28.504,2567,5543.913613,5.543913613,5124.875312,0.08176556
26.686845,28559,28.554,2563,5520.822454,5.520822454,5124.875312,0.077259859
26.707038,28609,28.604,2561,5509.322034,5.509322034,5124.875312,0.07501582
26.785972,28659,28.654,2559,5497.851562,5.497851563,5124.875312,0.072777624
26.806814,28709,28.704,2558,5492.127521,5.492127521,5124.875312,0.071660711
26.85685,28759,28.754,2539,5384.768638,5.384768638,5124.875312,0.050712127
26.906995,28809,28.804,2545,5418.387097,5.418387097,5124.875312,0.057271986
26.956781,28859,28.854,2555,5475.0,5.475,5124.875312,0.068318675
27.006851,28909,28.904,2552,5457.93908,5.45793908,5124.875312,0.064989633
27.056809,28959,28.954,2557,5486.410923,5.486410923,5124.875312,0.07054525
27.106898,29009,29.004,2543,5407.152062,5.407152062,5124.875312,0.05507973
27.156899,29059,29.054,2552,5457.93908,5.45793908,5124.875312,0.064989633
27.206865,29109,29.104,2553,5463.618677,5.463618677,5124.875312,0.066097875
27.256854,29159,29.154,2554,5469.305646,5.469305646,5124.875312,0.067207554
27.310885,29209,29.204,2547,5429.651163,5.429651163,5124.875312,0.059469906
27.356874,29259,29.254,2543,5407.152062,5.407152062,5124.875312,0.05507973
27.406904,29309,29.304,2537,5373.620026,5.373620026,5124.875312,0.048536735
27.45685,29359,29.354,2546,5424.015494,5.424015494,5124.875312,0.058370236
27.50685,29409,29.404,2543,5407.152062,5.407152062,5124.875312,0.05507973
27.560517,29459,29.454,2527,5318.303571,5.318303571,5124.875312,0.037743018
27.60679,29509,29.504,2536,5368.056446,5.368056446,5124.875312,0.047451132
27.656843,29559,29.554,2535,5362.5,5.3625,5124.875312,0.046366921
27.706784,29609,29.604,2555,5475.0,5.475,5124.875312,0.068318675
27.756796,29659,29.654,2539,5384.768638,5.384768638,5124.875312,0.050712127
27.806774,29709,29.704,2545,5418.387097,5.418387097,5124.875312,0.057271986
27.861233,29759,29.754,2537,5373.620026,5.373620026,5124.875312,0.048536735
27.906804,29809,29.804,2547,5429.651163,5.429651163,5124.875312,0.059469906
27.956813,29859,29.854,2542,5401.545396,5.401545396,5124.875312,0.05398572
28.006857,29909,29.904,2541,5395.945946,5.395945946,5124.875312,0.052893118
28.060668,29959,29.954,2532,5345.873321,5.345873321,5124.875312,0.043122612
28.106874,30009,30.004,2526,5312.810707,5.312810707,5124.875312,0.036671213
28.156844,30059,30.054,2544,5412.765957,5.412765957,5124.875312,0.056175151
28.206873,30109,30.104,2527,5318.303571,5.318303571,5124.875312,0.037743018
28.256854,30159,30.154,2531,5340.345269,5.340345269,5124.875312,0.042043941
28.306916,30209,30.204,2529,5329.310345,5.329310345,5124.875312,0.039890733
28.356911,30259,30.254,2542,5401.545396,5.401545396,5124.875312,0.05398572
28.4095,30309,30.304,2554,5469.305646,5.469305646,5124.875312,0.067207554
28.456869,30359,30.354,2542,5401.545396,5.401545396,5124.875312,0.05398572
28.506891,30409,30.404,2537,5373.620026,5.373620026,5124.875312,0.048536735
28.558092,30459,30.454,2527,5318.303571,5.318303571,5124.875312,0.037743018
28.60683,30509,30.504,2530,5334.824281,5.334824281,5124.875312,0.040966649
28.656847,30559,30.554,2532,5345.873321,5.345873321,5124.875312,0.043122612
28.706811,30609,30.604,2518,5269.11858,5.26911858,5124.875312,0.028145713
28.756771,30659,30.654,2512,5236.639292,5.236639292,5124.875312,0.021808137
28.80679,30709,30.704,2528,5323.803446,5.323803446,5124.875312,0.03881619
28.856771,30759,30.754,2518,5269.11858,5.26911858,5124.875312,0.028145713
28.90676,30809,30.804,2528,5323.803446,5.323803446,5124.875312,0.03881619
28.956771,30859,30.854,2524,5301.845958,5.301845958,5124.875312,0.034531698
29.012852,30909,30.904,2543,5407.152062,5.407152062,5124.875312,0.05507973
29.056857,30959,30.954,2547,5429.651163,5.429651163,5124.875312,0.059469906
29.106846,31009,31.004,2553,5463.618677,5.463618677,5124.875312,0.066097875
29.156808,31059,31.054,2541,5395.945946,5.395945946,5124.875312,0.052893118
29.206889,31109,31.104,2529,5329.310345,5.329310345,5124.875312,0.039890733
29.26219,31159,31.154,2524,5301.845958,5.301845958,5124.875312,0.034531698
29.306828,31209,31.204,2539,5384.768638,5.384768638,5124.875312,0.050712127
29.35685,31259,31.254,2543,5407.152062,5.407152062,5124.875312,0.05507973
29.406854,31309,31.304,2542,5401.545396,5.401545396,5124.875312,0.05398572
29.456855,31359,31.354,2536,5368.056446,5.368056446,5124.875312,0.047451132
29.50951,31409,31.404,2553,5463.618677,5.463618677,5124.875312,0.066097875
29.556764,31459,31.454,2536,5368.056446,5.368056446,5124.875312,0.047451132
29.606779,31509,31.504,2527,5318.303571,5.318303571,5124.875312,0.037743018
29.656841,31559,31.554,2522,5290.909091,5.290909091,5124.875312,0.032397623
29.706798,31609,31.604,2513,5242.035398,5.242035398,5124.875312,0.022861061
29.756774,31659,31.654,2533,5351.408451,5.351408451,5124.875312,0.044202664
29.80681,31709,31.704,2543,5407.152062,5.407152062,5124.875312,0.05507973
29.8594,31759,31.754,2525,5307.324841,5.307324841,5124.875312,0.035600774
29.906902,31809,31.804,2530,5334.824281,5.334824281,5124.875312,0.040966649
29.956769,31859,31.854,2524,5301.845958,5.301845958,5124.875312,0.034531698
30.006811,31909,31.904,2528,5323.803446,5.323803446,5124.875312,0.03881619
30.056879,31959,31.954,2535,5362.5,5.3625,5124.875312,0.046366921
30.110921,32009,32.004,2539,5384.768638,5.384768638,5124.875312,0.050712127
30.156855,32059,32.054,2529,5329.310345,5.329310345,5124.875312,0.039890733
30.206904,32109,32.104,2521,5285.45108,5.28545108,5124.875312,0.03133262
30.256869,32159,32.154,2517,5263.688213,5.263688213,5124.875312,0.027086103
30.306957,32209,32.204,2511,5231.25,5.23125,5124.875312,0.020756542
30.360001,32259,32.254,2506,5204.405286,5.204405286,5124.875312,0.015518421
30.406889,32309,32.304,2510,5225.867508,5.225867508,5124.875312,0.019706274
30.456824,32359,32.354,2514,5247.43833,5.24743833,5124.875312,0.023915317
30.50683,32409,32.404,2534,5356.950673,5.356950673,5124.875312,0.045284099
30.55681,32459,32.454,2566,5538.129496,5.538129496,5124.875312,0.080636925
30.60676,32509,32.504,2549,5440.944373,5.440944373,5124.875312,0.061673512
30.663061,32559,32.554,2537,5373.620026,5.373620026,5124.875312,0.048536735
30.706755,32609,32.604,2543,5407.152062,5.407152062,5124.875312,0.05507973
30.756766,32659,32.654,2545,5418.387097,5.418387097,5124.875312,0.057271986
30.806852,32709,32.704,2527,5318.303571,5.318303571,5124.875312,0.037743018
30.856786,32759,32.754,2517,5263.688213,5.263688213,5124.875312,0.027086103
30.933972,32809,32.804,2550,5446.601942,5.446601942,5124.875312,0.062777455
30.956838,32859,32.854,2527,5318.303571,5.318303571,5124.875312,0.037743018
31.006817,32909,32.904,2532,5345.873321,5.345873321,5124.875312,0.043122612
31.056904,32959,32.954,2543,5407.152062,5.407152062,5124.875312,0.05507973
31.106865,33009,33.004,2556,5480.701754,5.480701754,5124.875312,0.069431239
31.156862,33059,33.054,2548,5435.294118,5.435294118,5124.875312,0.060570997
31.206864,33109,33.104,2547,5429.651163,5.429651163,5124.875312,0.059469906
31.256853,33159,33.154,2607,5781.653226,5.781653226,5124.875312,0.128154906
31.312105,33209,33.204,2565,5532.352941,5.532352941,5124.875312,0.079509765
31.356866,33259,33.254,2565,5532.352941,5.532352941,5124.875312,0.079509765
31.406848,33309,33.304,2547,5429.651163,5.429651163,5124.875312,0.059469906
31.456868,33359,33.354,2539,5384.768638,5.384768638,5124.875312,0.050712127
31.510598,33409,33.404,2551,5452.266839,5.452266839,5124.875312,0.063882828
31.556804,33459,33.454,2552,5457.93908,5.45793908,5124.875312,0.064989633
31.60674,33509,33.504,2539,5384.768638,5.384768638,5124.875312,0.050712127
31.656779,33559,33.554,2543,5407.152062,5.407152062,5124.875312,0.05507973
31.706831,33609,33.604,2525,5307.324841,5.307324841,5124.875312,0.035600774
31.756794,33659,33.654,2550,5446.601942,5.446601942,5124.875312,0.062777455
31.806865,33709,33.704,2544,5412.765957,5.412765957,5124.875312,0.056175151
31.860544,33759,33.754,2535,5362.5,5.3625,5124.875312,0.046366921
31.906788,33809,33.804,2542,5401.545396,5.401545396,5124.875312,0.05398572
31.956732,33859,33.854,2552,5457.93908,5.45793908,5124.875312,0.064989633
32.00678,33909,33.904,2562,5515.068493,5.515068493,5124.875312,0.076137107
32.05687,33959,33.954,2550,5446.601942,5.446601942,5124.875312,0.062777455
32.106777,34009,34.004,2539,5384.768638,5.384768638,5124.875312,0.050712127
32.156873,34059,34.054,2512,5236.639292,5.236639292,5124.875312,0.021808137
32.20686,34109,34.104,2537,5373.620026,5.373620026,5124.875312,0.048536735
32.256876,34159,34.154,2544,5412.765957,5.412765957,5124.875312,0.056175151
32.306813,34209,34.204,2530,5334.824281,5.334824281,5124.875312,0.040966649
32.356877,34259,34.254,2531,5340.345269,5.340345269,5124.875312,0.042043941
32.413489,34309,34.304,2527,5318.303571,5.318303571,5124.875312,0.037743018
32.45683,34359,34.354,2541,5395.945946,5.395945946,5124.875312,0.052893118
32.506829,34409,34.404,2524,5301.845958,5.301845958,5124.875312,0.034531698
32.556744,34459,34.454,2519,5274.555838,5.274555838,5124.875312,0.029206667
32.60675,34509,34.504,2546,5424.015494,5.424015494,5124.875312,0.058370236
32.656818,34559,34.554,2564,5526.583932,5.526583932,5124.875312,0.078384077
32.706741,34609,34.604,2551,5452.266839,5.452266839,5124.875312,0.063882828
32.756736,34659,34.654,2533,5351.408451,5.351408451,5124.875312,0.044202664
32.806783,34709,34.704,2530,5334.824281,5.334824281,5124.875312,0.040966649
32.856762,34759,34.754,2523,5296.374046,5.296374046,5124.875312,0.033463982
32.906748,34809,34.804,2522,5290.909091,5.290909091,5124.875312,0.032397623
32.956754,34859,34.854,2524,5301.845958,5.301845958,5124.875312,0.034531698
33.013317,34909,34.904,2521,5285.45108,5.28545108,5124.875312,0.03133262
33.056857,34959,34.954,2526,5312.810707,5.312810707,5124.875312,0.036671213
33.106816,35009,35.004,2522,5290.909091,5.290909091,5124.875312,0.032397623
33.156836,35059,35.054,2523,5296.374046,5.296374046,5124.875312,0.033463982
33.206856,35109,35.104,2525,5307.324841,5.307324841,5124.875312,0.035600774
33.25677,35159,35.154,2519,5274.555838,5.274555838,5124.875312,0.029206667
33.306837,35209,35.204,2541,5395.945946,5.395945946,5124.875312,0.052893118
33.356809,35259,35.254,2542,5401.545396,5.401545396,5124.875312,0.05398572
33.406833,35309,35.304,2539,5384.768638,5.384768638,5124.875312,0.050712127
33.456803,35359,35.354,2562,5515.068493,5.515068493,5124.875312,0.076137107
33.506796,35409,35.404,2530,5334.824281,5.334824281,5124.875312,0.040966649
33.563529,35459,35.454,2521,5285.45108,5.28545108,5124.875312,0.03133262
33.606795,35509,35.504,2512,5236.639292,5.236639292,5124.875312,0.021808137
33.656784,35559,35.554,2511,5231.25,5.23125,5124.875312,0.020756542
33.706792,35609,35.604,2527,5318.303571,5.318303571,5124.875312,0.037743018
33.756754,35659,35.654,2521,5285.45108,5.28545108,5124.875312,0.03133262
33.806762,35709,35.704,2482,5077.867328,5.077867328,5124.875312,-0.009172513
33.856743,35759,35.754,2511,5231.25,5.23125,5124.875312,0.020756542
33.906741,35809,35.804,2507,5209.760705,5.209760705,5124.875312,0.016563407
33.956814,35859,35.854,2513,5242.035398,5.242035398,5124.875312,0.022861061
34.006784,35909,35.904,2534,5356.950673,5.356950673,5124.875312,0.045284099
34.061228,35959,35.954,2542,5401.545396,5.401545396,5124.875312,0.05398572
34.106816,36009,36.004,2548,5435.294118,5.435294118,5124.875312,0.060570997
34.156751,36059,36.054,2563,5520.822454,5.520822454,5124.875312,0.077259859
34.206802,36109,36.104,2505,5199.056604,5.199056604,5124.875312,0.014474751
34.25681,36159,36.154,2516,5258.264725,5.258264725,5124.875312,0.026027836
34.306762,36209,36.204,2532,5345.873321,5.345873321,5124.875312,0.043122612
34.356846,36259,36.254,2520,5280.0,5.28,5124.875312,0.030268968
34.406878,36309,36.304,2521,5285.45108,5.28545108,5124.875312,0.03133262
34.456925,36359,36.354,2516,5258.264725,5.258264725,5124.875312,0.026027836
34.506787,36409,36.404,2511,5231.25,5.23125,5124.875312,0.020756542
34.556718,36459,36.454,2509,5220.491803,5.220491803,5124.875312,0.01865733
34.606716,36509,36.504,2510,5225.867508,5.225867508,5124.875312,0.019706274
34.663108,36559,36.554,2513,5242.035398,5.242035398,5124.875312,0.022861061
34.706717,36609,36.604,2516,5258.264725,5.258264725,5124.875312,0.026027836
34.756735,36659,36.654,2531,5340.345269,5.340345269,5124.875312,0.042043941
34.806739,36709,36.704,2553,5463.618677,5.463618677,5124.875312,0.066097875
34.856742,36759,36.754,2555,5475.0,5.475,5124.875312,0.068318675
34.906717,36809,36.804,2533,5351.408451,5.351408451,5124.875312,0.044202664
34.956756,36859,36.854,2528,5323.803446,5.323803446,5124.875312,0.03881619
35.006751,36909,36.904,2523,5296.374046,5.296374046,5124.875312,0.033463982
35.056829,36959,36.954,2530,5334.824281,5.334824281,5124.875312,0.040966649
35.106811,37009,37.004,2531,5340.345269,5.340345269,5124.875312,0.042043941
35.156835,37059,37.054,2517,5263.688213,5.263688213,5124.875312,0.027086103
35.206881,37109,37.104,2514,5247.43833,5.24743833,5124.875312,0.023915317
35.261263,37159,37.154,2524,5301.845958,5.301845958,5124.875312,0.034531698
35.306854,37209,37.204,2521,5285.45108,5.28545108,5124.875312,0.03133262
35.356777,37259,37.254,2525,5307.324841,5.307324841,5124.875312,0.035600774
35.406753,37309,37.304,2516,5258.264725,5.258264725,5124.875312,0.026027836
35.456788,37359,37.354,2561,5509.322034,5.509322034,5124.875312,0.07501582
35.506807,37409,37.404,2558,5492.127521,5.492127521,5124.875312,0.071660711
35.556799,37459,37.454,2557,5486.410923,5.486410923,5124.875312,0.07054525
35.606742,37509,37.504,2540,5390.353698,5.390353698,5124.875312,0.051801921
35.656807,37559,37.554,2525,5307.324841,5.307324841,5124.875312,0.035600774
35.70674,37609,37.604,2518,5269.11858,5.26911858,5124.875312,0.028145713
35.763004,37659,37.654,2532,5345.873321,5.345873321,5124.875312,0.043122612
35.806768,37709,37.704,2524,5301.845958,5.301845958,5124.875312,0.034531698
35.856766,37759,37.754,2516,5258.264725,5.258264725,5124.875312,0.026027836
35.906768,37809,37.804,2508,5215.122873,5.215122873,5124.875312,0.017609709
35.956734,37859,37.854,2511,5231.25,5.23125,5124.875312,0.020756542
36.007167,37909,37.904,2516,5258.264725,5.258264725,5124.875312,0.026027836
36.056841,37959,37.954,2495,5145.9375,5.1459375,5124.875312,0.004109795
36.106813,38009,38.004,2518,5269.11858,5.26911858,5124.875312,0.028145713
36.156859,38059,38.054,2533,5351.408451,5.351408451,5124.875312,0.044202664
36.206838,38109,38.104,2535,5362.5,5.3625,5124.875312,0.046366921
36.256819,38159,38.154,2546,5424.015494,5.424015494,5124.875312,0.058370236
36.306785,38209,38.204,2527,5318.303571,5.318303571,5124.875312,0.037743018
36.356874,38259,38.254,2505,5199.056604,5.199056604,5124.875312,0.014474751
36.413442,38309,38.304,2526,5312.810707,5.312810707,5124.875312,0.036671213
36.456851,38359,38.354,2530,5334.824281,5.334824281,5124.875312,0.040966649
36.506805,38409,38.404,2515,5252.848101,5.252848101,5124.875312,0.024970908
36.556805,38459,38.454,2515,5252.848101,5.252848101,5124.875312,0.024970908
36.606759,38509,38.504,2495,5145.9375,5.1459375,5124.875312,0.004109795
36.656759,38559,38.554,2501,5177.728984,5.177728984,5124.875312,0.010313163
36.706796,38609,38.604,2501,5177.728984,5.177728984,5124.875312,0.010313163
36.756821,38659,38.654,2511,5231.25,5.23125,5124.875312,0.020756542
36.811948,38709,38.704,2507,5209.760705,5.209760705,5124.875312,0.016563407
36.856781,38759,38.754,2524,5301.845958,5.301845958,5124.875312,0.034531698
36.906719,38809,38.804,2523,5296.374046,5.296374046,5124.875312,0.033463982
36.956744,38859,38.854,2531,5340.345269,5.340345269,5124.875312,0.042043941
37.006804,38909,38.904,2545,5418.387097,5.418387097,5124.875312,0.057271986
37.056768,38959,38.954,2527,5318.303571,5.318303571,5124.875312,0.037743018
37.106814,39009,39.004,2519,5274.555838,5.274555838,5124.875312,0.029206667
37.156789,39059,39.054,2513,5242.035398,5.242035398,5124.875312,0.022861061
37.206718,39109,39.104,2513,5242.035398,5.242035398,5124.875312,0.022861061
37.256795,39159,39.154,2514,5247.43833,5.24743833,5124.875312,0.023915317
37.306794,39209,39.204,2498,5161.803381,5.161803381,5124.875312,0.007205652
37.356764,39259,39.254,2507,5209.760705,5.209760705,5124.875312,0.016563407
37.406846,39309,39.304,2497,5156.508135,5.156508135,5124.875312,0.006172408
37.464174,39359,39.354,2503,5188.379397,5.188379397,5124.875312,0.012391343
37.506726,39409,39.404,2523,5296.374046,5.296374046,5124.875312,0.033463982
37.556712,39459,39.454,2517,5263.688213,5.263688213,5124.875312,0.027086103
37.60678,39509,39.504,2536,5368.056446,5.368056446,5124.875312,0.047451132
37.656776,39559,39.554,2527,5318.303571,5.318303571,5124.875312,0.037743018
37.706754,39609,39.604,2531,5340.345269,5.340345269,5124.875312,0.042043941
37.755842,39659,39.654,2540,5390.353698,5.390353698,5124.875312,0.051801921
37.806721,39709,39.704,2529,5329.310345,5.329310345,5124.875312,0.039890733
37.856738,39759,39.754,2517,5263.688213,5.263688213,5124.875312,0.027086103
37.906714,39809,39.804,2514,5247.43833,5.24743833,5124.875312,0.023915317
37.956767,39859,39.854,2527,5318.303571,5.318303571,5124.875312,0.037743018
38.013911,39909,39.904,2520,5280.0,5.28,5124.875312,0.030268968
38.055814,39959,39.954,2514,5247.43833,5.24743833,5124.875312,0.023915317
38.105804,40009,40.004,2492,5130.131004,5.130131004,5124.875312,0.001025526
38.156794,40059,40.054,2481,5072.67658,5.07267658,5124.875312,-0.010185366
38.206788,40109,40.104,2498,5161.803381,5.161803381,5124.875312,0.007205652
38.256779,40159,40.154,2496,5151.219512,5.151219512,5124.875312,0.005140457
38.306775,40209,40.204,2527,5318.303571,5.318303571,5124.875312,0.037743018
38.356781,40259,40.254,2529,5329.310345,5.329310345,5124.875312,0.039890733
38.407665,40309,40.304,2537,5373.620026,5.373620026,5124.875312,0.048536735
38.455858,40359,40.354,2515,5252.848101,5.252848101,5124.875312,0.024970908
38.505878,40409,40.404,2519,5274.555838,5.274555838,5124.875312,0.029206667
38.562488,40459,40.454,2517,5263.688213,5.263688213,5124.875312,0.027086103
38.605846,40509,40.504,2523,5296.374046,5.296374046,5124.875312,0.033463982
38.655867,40559,40.554,2510,5225.867508,5.225867508,5124.875312,0.019706274
38.705909,40609,40.604,2492,5130.131004,5.130131004,5124.875312,0.001025526
38.756758,40659,40.654,2506,5204.405286,5.204405286,5124.875312,0.015518421
38.805757,40709,40.704,2508,5215.122873,5.215122873,5124.875312,0.017609709
38.856714,40759,40.754,2502,5183.050847,5.183050847,5124.875312,0.0113516
38.905877,40809,40.804,2496,5151.219512,5.151219512,5124.875312,0.005140457
38.955809,40859,40.854,2501,5177.728984,5.177728984,5124.875312,0.010313163
39.005875,40909,40.904,2518,5269.11858,5.26911858,5124.875312,0.028145713
39.061828,40959,40.954,2499,5167.105263,5.167105263,5124.875312,0.008240191
39.105777,41009,41.004,2534,5356.950673,5.356950673,5124.875312,0.045284099
39.155724,41059,41.054,2526,5312.810707,5.312810707,5124.875312,0.036671213
39.205771,41109,41.104,2522,5290.909091,5.290909091,5124.875312,0.032397623
39.255759,41159,41.154,2507,5209.760705,5.209760705,5124.875312,0.016563407
39.305778,41209,41.204,2492,5130.131004,5.130131004,5124.875312,0.001025526
39.355738,41259,41.254,2492,5130.131004,5.130131004,5124.875312,0.001025526
39.405764,41309,41.304,2509,5220.491803,5.220491803,5124.875312,0.01865733
39.455844,41359,41.354,2505,5199.056604,5.199056604,5124.875312,0.014474751
39.505724,41409,41.404,2502,5183.050847,5.183050847,5124.875312,0.0113516
39.555814,41459,41.454,2495,5145.9375,5.1459375,5124.875312,0.004109795
39.605797,41509,41.504,2493,5135.393258,5.135393258,5124.875312,0.002052332
39.655861,41559,41.554,2503,5188.379397,5.188379397,5124.875312,0.012391343
39.712489,41609,41.604,2511,5231.25,5.23125,5124.875312,0.020756542
39.755795,41659,41.654,2506,5204.405286,5.204405286,5124.875312,0.015518421
39.80583,41709,41.704,2521,5285.45108,5.28545108,5124.875312,0.03133262
39.855752,41759,41.754,2530,5334.824281,5.334824281,5124.875312,0.040966649
39.905832,41809,41.804,2506,5204.405286,5.204405286,5124.875312,0.015518421
39.955764,41859,41.854,2521,5285.45108,5.28545108,5124.875312,0.03133262
40.005794,41909,41.904,2512,5236.639292,5.236639292,5124.875312,0.021808137
40.05574,41959,41.954,2514,5247.43833,5.24743833,5124.875312,0.023915317
40.105733,42009,42.004,2517,5263.688213,5.263688213,5124.875312,0.027086103
40.155788,42059,42.054,2514,5247.43833,5.24743833,5124.875312,0.023915317
40.212146,42109,42.104,2518,5269.11858,5.26911858,5124.875312,0.028145713
40.255853,42159,42.154,2514,5247.43833,5.24743833,5124.875312,0.023915317
40.305797,42209,42.204,2509,5220.491803,5.220491803,5124.875312,0.01865733
40.355829,42259,42.254,2514,5247.43833,5.24743833,5124.875312,0.023915317
40.405823,42309,42.304,2525,5307.324841,5.307324841,5124.875312,0.035600774
40.455736,42359,42.354,2540,5390.353698,5.390353698,5124.875312,0.051801921
40.505807,42409,42.404,2528,5323.803446,5.323803446,5124.875312,0.03881619
40.555721,42459,42.454,2549,5440.944373,5.440944373,5124.875312,0.061673512
40.605804,42509,42.504,2541,5395.945946,5.395945946,5124.875312,0.052893118
40.655848,42559,42.554,2535,5362.5,5.3625,5124.875312,0.046366921
40.705839,42609,42.604,2529,5329.310345,5.329310345,5124.875312,0.039890733
40.755796,42659,42.654,2536,5368.056446,5.368056446,5124.875312,0.047451132
40.805839,42709,42.704,2515,5252.848101,5.252848101,5124.875312,0.024970908
40.864726,42759,42.754,2508,5215.122873,5.215122873,5124.875312,0.017609709
40.905786,42809,42.804,2509,5220.491803,5.220491803,5124.875312,0.01865733
40.955865,42859,42.854,2508,5215.122873,5.215122873,5124.875312,0.017609709
41.005791,42909,42.904,2524,5301.845958,5.301845958,5124.875312,0.034531698
41.055846,42959,42.954,2528,5323.803446,5.323803446,5124.875312,0.03881619
41.105835,43009,43.004,2535,5362.5,5.3625,5124.875312,0.046366921
41.156185,43059,43.054,2528,5323.803446,5.323803446,5124.875312,0.03881619
41.20572,43109,43.104,2539,5384.768638,5.384768638,5124.875312,0.050712127
41.255807,43159,43.154,2557,5486.410923,5.486410923,5124.875312,0.07054525
41.30585,43209,43.204,2557,5486.410923,5.486410923,5124.875312,0.07054525
41.355845,43259,43.254,2540,5390.353698,5.390353698,5124.875312,0.051801921
41.411885,43309,43.304,2537,5373.620026,5.373620026,5124.875312,0.048536735
41.455822,43359,43.354,2533,5351.408451,5.351408451,5124.875312,0.044202664
41.505798,43409,43.404,2530,5334.824281,5.334824281,5124.875312,0.040966649
41.555801,43459,43.454,2520,5280.0,5.28,5124.875312,0.030268968
41.605778,43509,43.504,2508,5215.122873,5.215122873,5124.875312,0.017609709
41.655738,43559,43.554,2511,5231.25,5.23125,5124.875312,0.020756542
41.712897,43609,43.604,2518,5269.11858,5.26911858,5124.875312,0.028145713
41.755804,43659,43.654,2541,5395.945946,5.395945946,5124.875312,0.052893118
41.80588,43709,43.704,2547,5429.651163,5.429651163,5124.875312,0.059469906
41.855788,43759,43.754,2514,5247.43833,5.24743833,5124.875312,0.023915317
41.905814,43809,43.804,2552,5457.93908,5.45793908,5124.875312,0.064989633
41.9558,43859,43.854,2539,5384.768638,5.384768638,5124.875312,0.050712127
42.005789,43909,43.904,2549,5440.944373,5.440944373,5124.875312,0.061673512
42.055836,43959,43.954,2517,5263.688213,5.263688213,5124.875312,0.027086103
42.113928,44009,44.004,2522,5290.909091,5.290909091,5124.875312,0.032397623
42.155815,44059,44.054,2547,5429.651163,5.429651163,5124.875312,0.059469906
42.205814,44109,44.104,2521,5285.45108,5.28545108,5124.875312,0.03133262
42.255941,44159,44.154,2529,5329.310345,5.329310345,5124.875312,0.039890733
42.305774,44209,44.204,2515,5252.848101,5.252848101,5124.875312,0.024970908
42.355818,44259,44.254,2515,5252.848101,5.252848101,5124.875312,0.024970908
42.405806,44309,44.304,2522,5290.909091,5.290909091,5124.875312,0.032397623
42.455885,44359,44.354,2515,5252.848101,5.252848101,5124.875312,0.024970908
42.512607,44409,44.404,2532,5345.873321,5.345873321,5124.875312,0.043122612
42.555755,44459,44.454,2541,5395.945946,5.395945946,5124.875312,0.052893118
42.605804,44509,44.504,2541,5395.945946,5.395945946,5124.875312,0.052893118
42.656089,44559,44.554,2532,5345.873321,5.345873321,5124.875312,0.043122612
42.705827,44609,44.604,2551,5452.266839,5.452266839,5124.875312,0.063882828
42.756171,44659,44.654,2536,5368.056446,5.368056446,5124.875312,0.047451132
42.805804,44709,44.704,2526,5312.810707,5.312810707,5124.875312,0.036671213
42.85586,44759,44.754,2526,5312.810707,5.312810707,5124.875312,0.036671213
42.906783,44809,44.804,2516,5258.264725,5.258264725,5124.875312,0.026027836
42.955811,44859,44.854,2514,5247.43833,5.24743833,5124.875312,0.023915317
43.005797,44909,44.904,2513,5242.035398,5.242035398,5124.875312,0.022861061
43.055836,44959,44.954,2514,5247.43833,5.24743833,5124.875312,0.023915317
43.105859,45009,45.004,2502,5183.050847,5.183050847,5124.875312,0.0113516
43.161038,45059,45.054,2527,5318.303571,5.318303571,5124.875312,0.037743018
43.205785,45109,45.104,2529,5329.310345,5.329310345,5124.875312,0.039890733
43.255771,45159,45.154,2523,5296.374046,5.296374046,5124.875312,0.033463982
43.305712,45209,45.204,2524,5301.845958,5.301845958,5124.875312,0.034531698
43.355759,45259,45.254,2543,5407.152062,5.407152062,5124.875312,0.05507973
43.405716,45309,45.304,2536,5368.056446,5.368056446,5124.875312,0.047451132
43.455754,45359,45.354,2525,5307.324841,5.307324841,5124.875312,0.035600774
43.505744,45409,45.404,2515,5252.848101,5.252848101,5124.875312,0.024970908
43.561216,45459,45.454,2508,5215.122873,5.215122873,5124.875312,0.017609709
43.605738,45509,45.504,2528,5323.803446,5.323803446,5124.875312,0.03881619
43.655765,45559,45.554,2518,5269.11858,5.26911858,5124.875312,0.028145713
43.705709,45609,45.604,2506,5204.405286,5.204405286,5124.875312,0.015518421
43.755693,45659,45.654,2499,5167.105263,5.167105263,5124.875312,0.008240191
43.805784,45709,45.704,2514,5247.43833,5.24743833,5124.875312,0.023915317
43.85574,45759,45.754,2525,5307.324841,5.307324841,5124.875312,0.035600774
43.905803,45809,45.804,2537,5373.620026,5.373620026,5124.875312,0.048536735
43.955736,45859,45.854,2522,5290.909091,5.290909091,5124.875312,0.032397623
44.005774,45909,45.904,2522,5290.909091,5.290909091,5124.875312,0.032397623
44.055762,45959,45.954,2536,5368.056446,5.368056446,5124.875312,0.047451132
44.10581,46009,46.004,2542,5401.545396,5.401545396,5124.875312,0.05398572
44.155782,46059,46.054,2531,5340.345269,5.340345269,5124.875312,0.042043941
44.210241,46109,46.104,2547,5429.651163,5.429651163,5124.875312,0.059469906
44.255717,46159,46.154,2535,5362.5,5.3625,5124.875312,0.046366921
44.305749,46209,46.204,2515,5252.848101,5.252848101,5124.875312,0.024970908
44.355774,46259,46.254,2516,5258.264725,5.258264725,5124.875312,0.026027836
44.405778,46309,46.304,2515,5252.848101,5.252848101,5124.875312,0.024970908
44.455786,46359,46.354,2510,5225.867508,5.225867508,5124.875312,0.019706274
44.505818,46409,46.404,2511,5231.25,5.23125,5124.875312,0.020756542
44.555779,46459,46.454,2532,5345.873321,5.345873321,5124.875312,0.043122612
44.605793,46509,46.504,2525,5307.324841,5.307324841,5124.875312,0.035600774
44.655815,46559,46.554,2519,5274.555838,5.274555838,5124.875312,0.029206667
44.712391,46609,46.604,2521,5285.45108,5.28545108,5124.875312,0.03133262
44.755748,46659,46.654,2515,5252.848101,5.252848101,5124.875312,0.024970908
44.805725,46709,46.704,2511,5231.25,5.23125,5124.875312,0.020756542
44.857096,46759,46.754,2534,5356.950673,5.356950673,5124.875312,0.045284099
44.905774,46809,46.804,2517,5263.688213,5.263688213,5124.875312,0.027086103
44.955696,46859,46.854,2515,5252.848101,5.252848101,5124.875312,0.024970908
45.005772,46909,46.904,2528,5323.803446,5.323803446,5124.875312,0.03881619
45.055753,46959,46.954,2525,5307.324841,5.307324841,5124.875312,0.035600774
45.105768,47009,47.004,2522,5290.909091,5.290909091,5124.875312,0.032397623
45.155787,47059,47.054,2508,5215.122873,5.215122873,5124.875312,0.017609709
45.209995,47109,47.104,2511,5231.25,5.23125,5124.875312,0.020756542
45.255751,47159,47.154,2527,5318.303571,5.318303571,5124.875312,0.037743018
45.305808,47209,47.204,2546,5424.015494,5.424015494,5124.875312,0.058370236
45.355787,47259,47.254,2518,5269.11858,5.26911858,5124.875312,0.028145713
45.405744,47309,47.304,2517,5263.688213,5.263688213,5124.875312,0.027086103
45.455756,47359,47.354,2523,5296.374046,5.296374046,5124.875312,0.033463982
45.50568,47409,47.404,2540,5390.353698,5.390353698,5124.875312,0.051801921
45.555815,47459,47.454,2556,5480.701754,5.480701754,5124.875312,0.069431239
45.605706,47509,47.504,2526,5312.810707,5.312810707,5124.875312,0.036671213
45.655798,47559,47.554,2521,5285.45108,5.28545108,5124.875312,0.03133262
45.705786,47609,47.604,2549,5440.944373,5.440944373,5124.875312,0.061673512
45.755814,47659,47.654,2509,5220.491803,5.220491803,5124.875312,0.01865733
45.805739,47709,47.704,2536,5368.056446,5.368056446,5124.875312,0.047451132
45.855768,47759,47.754,2511,5231.25,5.23125,5124.875312,0.020756542
45.913897,47809,47.804,2494,5140.662086,5.140662086,5124.875312,0.003080421
45.955705,47859,47.854,2532,5345.873321,5.345873321,5124.875312,0.043122612
46.005952,47909,47.904,2521,5285.45108,5.28545108,5124.875312,0.03133262
46.055799,47959,47.954,2530,5334.824281,5.334824281,5124.875312,0.040966649
46.105775,48009,48.004,2537,5373.620026,5.373620026,5124.875312,0.048536735
46.155754,48059,48.054,2530,5334.824281,5.334824281,5124.875312,0.040966649
46.205758,48109,48.104,2527,5318.303571,5.318303571,5124.875312,0.037743018
46.255758,48159,48.154,2549,5440.944373,5.440944373,5124.875312,0.061673512
46.314215,48209,48.204,2532,5345.873321,5.345873321,5124.875312,0.043122612
46.355752,48259,48.254,2516,5258.264725,5.258264725,5124.875312,0.026027836
46.405793,48309,48.304,2525,5307.324841,5.307324841,5124.875312,0.035600774
46.455773,48359,48.354,2504,5193.714645,5.193714645,5124.875312,0.013432392
46.505783,48409,48.404,2546,5424.015494,5.424015494,5124.875312,0.058370236
46.561422,48459,48.454,2501,5177.728984,5.177728984,5124.875312,0.010313163
46.605784,48509,48.504,2516,5258.264725,5.258264725,5124.875312,0.026027836
46.655732,48559,48.554,2545,5418.387097,5.418387097,5124.875312,0.057271986
46.705782,48609,48.604,2533,5351.408451,5.351408451,5124.875312,0.044202664
46.755769,48659,48.654,2519,5274.555838,5.274555838,5124.875312,0.029206667
46.810334,48709,48.704,2512,5236.639292,5.236639292,5124.875312,0.021808137
46.855749,48759,48.754,2532,5345.873321,5.345873321,5124.875312,0.043122612
46.905733,48809,48.804,2534,5356.950673,5.356950673,5124.875312,0.045284099
46.955681,48859,48.854,2539,5384.768638,5.384768638,5124.875312,0.050712127
47.005682,48909,48.904,2551,5452.266839,5.452266839,5124.875312,0.063882828
47.055749,48959,48.954,2527,5318.303571,5.318303571,5124.875312,0.037743018
47.105697,49009,49.004,2512,5236.639292,5.236639292,5124.875312,0.021808137
47.155704,49059,49.054,2525,5307.324841,5.307324841,5124.875312,0.035600774
47.205705,49109,49.104,2528,5323.803446,5.323803446,5124.875312,0.03881619
47.259906,49159,49.154,2529,5329.310345,5.329310345,5124.875312,0.039890733
47.305704,49209,49.204,2509,5220.491803,5.220491803,5124.875312,0.01865733
47.38305,49259,49.254,2512,5236.639292,5.236639292,5124.875312,0.021808137
47.405752,49309,49.304,2527,5318.303571,5.318303571,5124.875312,0.037743018
47.512663,49359,49.354,2535,5362.5,5.3625,5124.875312,0.046366921
47.629562,49409,49.404,2529,5329.310345,5.329310345,5124.875312,0.039890733
47.738765,49459,49.454,2534,5356.950673,5.356950673,5124.875312,0.045284099
47.821646,49509,49.504,2520,5280.0,5.28,5124.875312,0.030268968
47.822036,49559,49.554,2538,5379.190751,5.379190751,5124.875312,0.049623732
47.8224,49609,49.604,2549,5440.944373,5.440944373,5124.875312,0.061673512
47.822762,49659,49.654,2529,5329.310345,5.329310345,5124.875312,0.039890733
47.82323,49709,49.704,2521,5285.45108,5.28545108,5124.875312,0.03133262
47.855751,49759,49.754,2519,5274.555838,5.274555838,5124.875312,0.029206667
47.961942,49809,49.804,2512,5236.639292,5.236639292,5124.875312,0.021808137
48.068417,49859,49.854,2523,5296.374046,5.296374046,5124.875312,0.033463982
48.167862,49909,49.904,2510,5225.867508,5.225867508,5124.875312,0.019706274
48.168267,49959,49.954,2517,5263.688213,5.263688213,5124.875312,0.027086103
48.168639,50009,50.004,2519,5274.555838,5.274555838,5124.875312,0.029206667
48.257142,50059,50.054,2532,5345.873321,5.345873321,5124.875312,0.043122612
48.257536,50109,50.104,2518,5269.11858,5.26911858,5124.875312,0.028145713
48.257903,50159,50.154,2511,5231.25,5.23125,5124.875312,0.020756542
48.305732,50209,50.204,2530,5334.824281,5.334824281,5124.875312,0.040966649
48.380389,50259,50.254,2538,5379.190751,5.379190751,5124.875312,0.049623732
48.405718,50309,50.304,2540,5390.353698,5.390353698,5124.875312,0.051801921
48.45571,50359,50.354,2533,5351.408451,5.351408451,5124.875312,0.044202664
48.54689,50409,50.404,2536,5368.056446,5.368056446,5124.875312,0.047451132
48.555779,50459,50.454,2509,5220.491803,5.220491803,5124.875312,0.01865733
48.653974,50509,50.504,2520,5280.0,5.28,5124.875312,0.030268968
48.655776,50559,50.554,2530,5334.824281,5.334824281,5124.875312,0.040966649
48.751279,50609,50.604,2515,5252.848101,5.252848101,5124.875312,0.024970908
48.755763,50659,50.654,2496,5151.219512,5.151219512,5124.875312,0.005140457
48.805736,50709,50.704,2513,5242.035398,5.242035398,5124.875312,0.022861061
48.896609,50759,50.754,2515,5252.848101,5.252848101,5124.875312,0.024970908
48.905779,50809,50.804,2530,5334.824281,5.334824281,5124.875312,0.040966649
49.002645,50859,50.854,2523,5296.374046,5.296374046,5124.875312,0.033463982
49.00578,50909,50.904,2526,5312.810707,5.312810707,5124.875312,0.036671213
49.055673,50959,50.954,2531,5340.345269,5.340345269,5124.875312,0.042043941
49.121437,51009,51.004,2551,5452.266839,5.452266839,5124.875312,0.063882828
49.155713,51059,51.054,2544,5412.765957,5.412765957,5124.875312,0.056175151
49.20566,51109,51.104,2526,5312.810707,5.312810707,5124.875312,0.036671213
49.255771,51159,51.154,2535,5362.5,5.3625,5124.875312,0.046366921
49.30575,51209,51.204,2514,5247.43833,5.24743833,5124.875312,0.023915317
49.355767,51259,51.254,2527,5318.303571,5.318303571,5124.875312,0.037743018
49.40581,51309,51.304,2508,5215.122873,5.215122873,5124.875312,0.017609709
49.455749,51359,51.354,2512,5236.639292,5.236639292,5124.875312,0.021808137
49.505749,51409,51.404,2516,5258.264725,5.258264725,5124.875312,0.026027836
49.555773,51459,51.454,2522,5290.909091,5.290909091,5124.875312,0.032397623
49.616553,51509,51.504,2564,5526.583932,5.526583932,5124.875312,0.078384077
49.655775,51559,51.554,2537,5373.620026,5.373620026,5124.875312,0.048536735
49.705775,51609,51.604,2539,5384.768638,5.384768638,5124.875312,0.050712127
49.755709,51659,51.654,2548,5435.294118,5.435294118,5124.875312,0.060570997
49.805684,51709,51.704,2565,5532.352941,5.532352941,5124.875312,0.079509765
49.855783,51759,51.754,2530,5334.824281,5.334824281,5124.875312,0.040966649
49.906017,51809,51.804,2527,5318.303571,5.318303571,5124.875312,0.037743018
49.955749,51859,51.854,2511,5231.25,5.23125,5124.875312,0.020756542
50.005697,51909,51.904,2519,5274.555838,5.274555838,5124.875312,0.029206667
50.055697,51959,51.954,2530,5334.824281,5.334824281,5124.875312,0.040966649
50.105703,52009,52.004,2517,5263.688213,5.263688213,5124.875312,0.027086103
50.163135,52059,52.054,2533,5351.408451,5.351408451,5124.875312,0.044202664
50.205723,52109,52.104,2506,5204.405286,5.204405286,5124.875312,0.015518421
50.257799,52159,52.154,2526,5312.810707,5.312810707,5124.875312,0.036671213
50.305767,52209,52.204,2549,5440.944373,5.440944373,5124.875312,0.061673512
50.355769,52259,52.254,2523,5296.374046,5.296374046,5124.875312,0.033463982
50.405693,52309,52.304,2525,5307.324841,5.307324841,5124.875312,0.035600774
50.455729,52359,52.354,2527,5318.303571,5.318303571,5124.875312,0.037743018
50.50664,52409,52.404,2551,5452.266839,5.452266839,5124.875312,0.063882828
50.555726,52459,52.454,2547,5429.651163,5.429651163,5124.875312,0.059469906
50.60572,52509,52.504,2514,5247.43833,5.24743833,5124.875312,0.023915317
50.655662,52559,52.554,2516,5258.264725,5.258264725,5124.875312,0.026027836
50.705718,52609,52.604,2528,5323.803446,5.323803446,5124.875312,0.03881619
50.755711,52659,52.654,2517,5263.688213,5.263688213,5124.875312,0.027086103
50.821245,52709,52.704,2528,5323.803446,5.323803446,5124.875312,0.03881619
50.855711,52759,52.754,2520,5280.0,5.28,5124.875312,0.030268968
50.905705,52809,52.804,2529,5329.310345,5.329310345,5124.875312,0.039890733
50.956532,52859,52.854,2540,5390.353698,5.390353698,5124.875312,0.051801921
51.005693,52909,52.904,2527,5318.303571,5.318303571,5124.875312,0.037743018
51.055717,52959,52.954,2542,5401.545396,5.401545396,5124.875312,0.05398572
51.105716,53009,53.004,2538,5379.190751,5.379190751,5124.875312,0.049623732
51.155715,53059,53.054,2538,5379.190751,5.379190751,5124.875312,0.049623732
51.20574,53109,53.104,2563,5520.822454,5.520822454,5124.875312,0.077259859
51.264223,53159,53.154,2556,5480.701754,5.480701754,5124.875312,0.069431239
51.305728,53209,53.204,2530,5334.824281,5.334824281,5124.875312,0.040966649
51.355735,53259,53.254,2518,5269.11858,5.26911858,5124.875312,0.028145713
51.406586,53309,53.304,2524,5301.845958,5.301845958,5124.875312,0.034531698
51.455775,53359,53.354,2529,5329.310345,5.329310345,5124.875312,0.039890733
51.505744,53409,53.404,2506,5204.405286,5.204405286,5124.875312,0.015518421
51.55571,53459,53.454,2524,5301.845958,5.301845958,5124.875312,0.034531698
51.605759,53509,53.504,2515,5252.848101,5.252848101,5124.875312,0.024970908
51.658817,53559,53.554,2491,5124.875312,5.124875312,5124.875312,0.0
51.705664,53609,53.604,2542,5401.545396,5.401545396,5124.875312,0.05398572
51.755717,53659,53.654,2542,5401.545396,5.401545396,5124.875312,0.05398572
51.806527,53709,53.704,2536,5368.056446,5.368056446,5124.875312,0.047451132
51.855685,53759,53.754,2507,5209.760705,5.209760705,5124.875312,0.016563407
51.905659,53809,53.804,2543,5407.152062,5.407152062,5124.875312,0.05507973
51.963797,53859,53.854,2561,5509.322034,5.509322034,5124.875312,0.07501582
52.005701,53909,53.904,2550,5446.601942,5.446601942,5124.875312,0.062777455
52.055778,53959,53.954,2490,5119.626168,5.119626168,5124.875312,-0.001024248
52.105683,54009,54.004,2512,5236.639292,5.236639292,5124.875312,0.021808137
52.155732,54059,54.054,2495,5145.9375,5.1459375,5124.875312,0.004109795
52.205743,54109,54.104,2530,5334.824281,5.334824281,5124.875312,0.040966649
52.255722,54159,54.154,2508,5215.122873,5.215122873,5124.875312,0.017609709
52.305761,54209,54.204,2515,5252.848101,5.252848101,5124.875312,0.024970908
52.364599,54259,54.254,2502,5183.050847,5.183050847,5124.875312,0.0113516
52.405726,54309,54.304,2527,5318.303571,5.318303571,5124.875312,0.037743018
52.455705,54359,54.354,2525,5307.324841,5.307324841,5124.875312,0.035600774
52.505681,54409,54.404,2520,5280.0,5.28,5124.875312,0.030268968
52.555706,54459,54.454,2522,5290.909091,5.290909091,5124.875312,0.032397623
52.606031,54509,54.504,2529,5329.310345,5.329310345,5124.875312,0.039890733
52.655656,54559,54.554,2553,5463.618677,5.463618677,5124.875312,0.066097875
52.705696,54609,54.604,2516,5258.264725,5.258264725,5124.875312,0.026027836
52.75569,54659,54.654,2513,5242.035398,5.242035398,5124.875312,0.022861061
52.805713,54709,54.704,2511,5231.25,5.23125,5124.875312,0.020756542
52.864869,54759,54.754,2519,5274.555838,5.274555838,5124.875312,0.029206667
52.905707,54809,54.804,2518,5269.11858,5.26911858,5124.875312,0.028145713
52.955762,54859,54.854,2512,5236.639292,5.236639292,5124.875312,0.021808137
53.006381,54909,54.904,2509,5220.491803,5.220491803,5124.875312,0.01865733
53.055656,54959,54.954,2513,5242.035398,5.242035398,5124.875312,0.022861061
53.105725,55009,55.004,2523,5296.374046,5.296374046,5124.875312,0.033463982
53.156085,55059,55.054,2535,5362.5,5.3625,5124.875312,0.046366921
53.205723,55109,55.104,2519,5274.555838,5.274555838,5124.875312,0.029206667
53.255705,55159,55.154,2504,5193.714645,5.193714645,5124.875312,0.013432392
53.305726,55209,55.204,2513,5242.035398,5.242035398,5124.875312,0.022861061
53.35573,55259,55.254,2542,5401.545396,5.401545396,5124.875312,0.05398572
53.41112,55309,55.304,2537,5373.620026,5.373620026,5124.875312,0.048536735
53.455712,55359,55.354,2513,5242.035398,5.242035398,5124.875312,0.022861061
53.50571,55409,55.404,2511,5231.25,5.23125,5124.875312,0.020756542
53.555664,55459,55.454,2524,5301.845958,5.301845958,5124.875312,0.034531698
53.605722,55509,55.504,2514,5247.43833,5.24743833,5124.875312,0.023915317
53.657733,55559,55.554,2488,5109.14748,5.10914748,5124.875312,-0.00306892
53.705713,55609,55.604,2512,5236.639292,5.236639292,5124.875312,0.021808137
53.755746,55659,55.654,2510,5225.867508,5.225867508,5124.875312,0.019706274
53.806444,55709,55.704,2509,5220.491803,5.220491803,5124.875312,0.01865733
53.855758,55759,55.754,2539,5384.768638,5.384768638,5124.875312,0.050712127
53.905818,55809,55.804,2527,5318.303571,5.318303571,5124.875312,0.037743018
53.95575,55859,55.854,2533,5351.408451,5.351408451,5124.875312,0.044202664
54.019086,55909,55.904,2519,5274.555838,5.274555838,5124.875312,0.029206667
54.055654,55959,55.954,2542,5401.545396,5.401545396,5124.875312,0.05398572
54.10576,56009,56.004,2537,5373.620026,5.373620026,5124.875312,0.048536735
54.158163,56059,56.054,2494,5140.662086,5.140662086,5124.875312,0.003080421
54.205733,56109,56.104,2485,5093.478261,5.093478261,5124.875312,-0.006126403
54.255671,56159,56.154,2522,5290.909091,5.290909091,5124.875312,0.032397623
54.308654,56209,56.204,2503,5188.379397,5.188379397,5124.875312,0.012391343
54.355697,56259,56.254,2500,5172.413793,5.172413793,5124.875312,0.009276027
54.408196,56309,56.304,2496,5151.219512,5.151219512,5124.875312,0.005140457
54.455643,56359,56.354,2517,5263.688213,5.263688213,5124.875312,0.027086103
54.505688,56409,56.404,2494,5140.662086,5.140662086,5124.875312,0.003080421
54.560375,56459,56.454,2505,5199.056604,5.199056604,5124.875312,0.014474751
54.605669,56509,56.504,2536,5368.056446,5.368056446,5124.875312,0.047451132
54.655688,56559,56.554,2522,5290.909091,5.290909091,5124.875312,0.032397623
54.708354,56609,56.604,2534,5356.950673,5.356950673,5124.875312,0.045284099
54.75574,56659,56.654,2538,5379.190751,5.379190751,5124.875312,0.049623732
54.805629,56709,56.704,2556,5480.701754,5.480701754,5124.875312,0.069431239
54.855705,56759,56.754,2513,5242.035398,5.242035398,5124.875312,0.022861061
54.905678,56809,56.804,2511,5231.25,5.23125,5124.875312,0.020756542
54.979304,56859,56.854,2477,5051.97775,5.05197775,5124.875312,-0.01422426
55.005637,56909,56.904,2505,5199.056604,5.199056604,5124.875312,0.014474751
55.055644,56959,56.954,2511,5231.25,5.23125,5124.875312,0.020756542
55.107116,57009,57.004,2490,5119.626168,5.119626168,5124.875312,-0.001024248
55.155729,57059,57.054,2502,5183.050847,5.183050847,5124.875312,0.0113516
55.205645,57109,57.104,2495,5145.9375,5.1459375,5124.875312,0.004109795
55.255683,57159,57.154,2521,5285.45108,5.28545108,5124.875312,0.03133262
55.305733,57209,57.204,2535,5362.5,5.3625,5124.875312,0.046366921
55.36127,57259,57.254,2506,5204.405286,5.204405286,5124.875312,0.015518421
55.405701,57309,57.304,2529,5329.310345,5.329310345,5124.875312,0.039890733
55.455691,57359,57.354,2532,5345.873321,5.345873321,5124.875312,0.043122612
55.509701,57409,57.404,2528,5323.803446,5.323803446,5124.875312,0.03881619
55.55563,57459,57.454,2491,5124.875312,5.124875312,5124.875312,0.0
55.605622,57509,57.504,2503,5188.379397,5.188379397,5124.875312,0.012391343
55.660869,57559,57.554,2513,5242.035398,5.242035398,5124.875312,0.022861061
55.70565,57609,57.604,2509,5220.491803,5.220491803,5124.875312,0.01865733
55.757597,57659,57.654,2495,5145.9375,5.1459375,5124.875312,0.004109795
55.805639,57709,57.704,2503,5188.379397,5.188379397,5124.875312,0.012391343
55.855626,57759,57.754,2507,5209.760705,5.209760705,5124.875312,0.016563407
55.914162,57809,57.804,2502,5183.050847,5.183050847,5124.875312,0.0113516
55.955652,57859,57.854,2516,5258.264725,5.258264725,5124.875312,0.026027836
56.00822,57909,57.904,2528,5323.803446,5.323803446,5124.875312,0.03881619
56.055638,57959,57.954,2515,5252.848101,5.252848101,5124.875312,0.024970908
56.105655,58009,58.004,2494,5140.662086,5.140662086,5124.875312,0.003080421
56.16094,58059,58.054,2520,5280.0,5.28,5124.875312,0.030268968
56.205722,58109,58.104,2541,5395.945946,5.395945946,5124.875312,0.052893118
56.255739,58159,58.154,2522,5290.909091,5.290909091,5124.875312,0.032397623
56.305732,58209,58.204,2499,5167.105263,5.167105263,5124.875312,0.008240191
56.36256,58259,58.254,2510,5225.867508,5.225867508,5124.875312,0.019706274
56.405673,58309,58.304,2488,5109.14748,5.10914748,5124.875312,-0.00306892
56.455684,58359,58.354,2527,5318.303571,5.318303571,5124.875312,0.037743018
56.521759,58409,58.404,2500,5172.413793,5.172413793,5124.875312,0.009276027
56.55566,58459,58.454,2502,5183.050847,5.183050847,5124.875312,0.0113516
56.605679,58509,58.504,2498,5161.803381,5.161803381,5124.875312,0.007205652
56.658556,58559,58.554,2510,5225.867508,5.225867508,5124.875312,0.019706274
56.705665,58609,58.604,2527,5318.303571,5.318303571,5124.875312,0.037743018
56.755678,58659,58.654,2528,5323.803446,5.323803446,5124.875312,0.03881619
56.810882,58709,58.704,2519,5274.555838,5.274555838,5124.875312,0.029206667
56.855726,58759,58.754,2534,5356.950673,5.356950673,5124.875312,0.045284099
56.907812,58809,58.804,2537,5373.620026,5.373620026,5124.875312,0.048536735
56.955601,58859,58.854,2529,5329.310345,5.329310345,5124.875312,0.039890733
57.005639,58909,58.904,2511,5231.25,5.23125,5124.875312,0.020756542
57.055652,58959,58.954,2513,5242.035398,5.242035398,5124.875312,0.022861061
57.105739,59009,59.004,2501,5177.728984,5.177728984,5124.875312,0.010313163
57.170817,59059,59.054,2519,5274.555838,5.274555838,5124.875312,0.029206667
57.205633,59109,59.104,2513,5242.035398,5.242035398,5124.875312,0.022861061
57.255703,59159,59.154,2513,5242.035398,5.242035398,5124.875312,0.022861061
57.308781,59209,59.204,2493,5135.393258,5.135393258,5124.875312,0.002052332
57.355681,59259,59.254,2498,5161.803381,5.161803381,5124.875312,0.007205652
57.405733,59309,59.304,2509,5220.491803,5.220491803,5124.875312,0.01865733
57.459287,59359,59.354,2518,5269.11858,5.26911858,5124.875312,0.028145713
57.505699,59409,59.404,2509,5220.491803,5.220491803,5124.875312,0.01865733
57.5556,59459,59.454,2520,5280.0,5.28,5124.875312,0.030268968
57.609155,59509,59.504,2518,5269.11858,5.26911858,5124.875312,0.028145713
57.655586,59559,59.554,2556,5480.701754,5.480701754,5124.875312,0.069431239
57.705612,59609,59.604,2504,5193.714645,5.193714645,5124.875312,0.013432392
57.755644,59659,59.654,2503,5188.379397,5.188379397,5124.875312,0.012391343
57.805654,59709,59.704,2491,5124.875312,5.124875312,5124.875312,0.0
57.865188,59759,59.754,2486,5098.694842,5.098694842,5124.875312,-0.005108509
57.905662,59809,59.804,2510,5225.867508,5.225867508,5124.875312,0.019706274
57.956929,59859,59.854,2498,5161.803381,5.161803381,5124.875312,0.007205652
58.005641,59909,59.904,2496,5151.219512,5.151219512,5124.875312,0.005140457
58.055703,59959,59.954,2492,5130.131004,5.130131004,5124.875312,0.001025526
58.109206,60009,60.004,2501,5177.728984,5.177728984,5124.875312,0.010313163
58.155717,60059,60.054,2512,5236.639292,5.236639292,5124.875312,0.021808137
58.208153,60109,60.104,2506,5204.405286,5.204405286,5124.875312,0.015518421
58.255683,60159,60.154,2497,5156.508135,5.156508135,5124.875312,0.006172408
58.305704,60209,60.204,2527,5318.303571,5.318303571,5124.875312,0.037743018
58.355665,60259,60.254,2539,5384.768638,5.384768638,5124.875312,0.050712127
58.40568,60309,60.304,2513,5242.035398,5.242035398,5124.875312,0.022861061
58.455722,60359,60.354,2500,5172.413793,5.172413793,5124.875312,0.009276027
58.518751,60409,60.404,2501,5177.728984,5.177728984,5124.875312,0.010313163
58.555643,60459,60.454,2498,5161.803381,5.161803381,5124.875312,0.007205652
58.605705,60509,60.504,2495,5145.9375,5.1459375,5124.875312,0.004109795
58.659721,60559,60.554,2498,5161.803381,5.161803381,5124.875312,0.007205652
58.705722,60609,60.604,2500,5172.413793,5.172413793,5124.875312,0.009276027
58.758678,60659,60.654,2489,5114.383562,5.114383562,5124.875312,-0.002047221
58.80564,60709,60.704,2501,5177.728984,5.177728984,5124.875312,0.010313163
58.855666,60759,60.754,2518,5269.11858,5.26911858,5124.875312,0.028145713
58.90569,60809,60.804,2515,5252.848101,5.252848101,5124.875312,0.024970908
58.955709,60859,60.854,2509,5220.491803,5.220491803,5124.875312,0.01865733
59.017173,60909,60.904,2553,5463.618677,5.463618677,5124.875312,0.066097875
59.055684,60959,60.954,2533,5351.408451,5.351408451,5124.875312,0.044202664
59.105676,61009,61.004,2515,5252.848101,5.252848101,5124.875312,0.024970908
59.15959,61059,61.054,2490,5119.626168,5.119626168,5124.875312,-0.001024248
59.205684,61109,61.104,2498,5161.803381,5.161803381,5124.875312,0.007205652
59.258659,61159,61.154,2498,5161.803381,5.161803381,5124.875312,0.007205652
59.305686,61209,61.204,2503,5188.379397,5.188379397,5124.875312,0.012391343
59.355691,61259,61.254,2485,5093.478261,5.093478261,5124.875312,-0.006126403
59.41073,61309,61.304,2496,5151.219512,5.151219512,5124.875312,0.005140457
59.455695,61359,61.354,2491,5124.875312,5.124875312,5124.875312,0.0
59.50567,61409,61.404,2496,5151.219512,5.151219512,5124.875312,0.005140457
59.555679,61459,61.454,2507,5209.760705,5.209760705,5124.875312,0.016563407
59.605695,61509,61.504,2517,5263.688213,5.263688213,5124.875312,0.027086103
59.667494,61559,61.554,2497,5156.508135,5.156508135,5124.875312,0.006172408
59.705649,61609,61.604,2520,5280.0,5.28,5124.875312,0.030268968
59.755675,61659,61.654,2524,5301.845958,5.301845958,5124.875312,0.034531698
59.80957,61709,61.704,2523,5296.374046,5.296374046,5124.875312,0.033463982
59.855692,61759,61.754,2508,5215.122873,5.215122873,5124.875312,0.017609709
59.9123,61809,61.804,2504,5193.714645,5.193714645,5124.875312,0.013432392
59.955714,61859,61.854,2485,5093.478261,5.093478261,5124.875312,-0.006126403
60.005711,61909,61.904,2498,5161.803381,5.161803381,5124.875312,0.007205652
60.055637,61959,61.954,2503,5188.379397,5.188379397,5124.875312,0.012391343
60.105686,62009,62.004,2499,5167.105263,5.167105263,5124.875312,0.008240191
60.16644,62059,62.054,2488,5109.14748,5.10914748,5124.875312,-0.00306892
60.205694,62109,62.104,2496,5151.219512,5.151219512,5124.875312,0.005140457
60.259537,62159,62.154,2508,5215.122873,5.215122873,5124.875312,0.017609709
60.305708,62209,62.204,2528,5323.803446,5.323803446,5124.875312,0.03881619
60.357926,62259,62.254,2511,5231.25,5.23125,5124.875312,0.020756542
60.405717,62309,62.304,2503,5188.379397,5.188379397,5124.875312,0.012391343
60.458438,62359,62.354,2516,5258.264725,5.258264725,5124.875312,0.026027836
60.505632,62409,62.404,2531,5340.345269,5.340345269,5124.875312,0.042043941
60.555692,62459,62.454,2504,5193.714645,5.193714645,5124.875312,0.013432392
60.606213,62509,62.504,2487,5103.91791,5.10391791,5124.875312,-0.004089349
60.65567,62559,62.554,2481,5072.67658,5.07267658,5124.875312,-0.010185366
60.705691,62609,62.604,2488,5109.14748,5.10914748,5124.875312,-0.00306892
60.77032,62659,62.654,2516,5258.264725,5.258264725,5124.875312,0.026027836
60.805676,62709,62.704,2493,5135.393258,5.135393258,5124.875312,0.002052332
60.85567,62759,62.754,2493,5135.393258,5.135393258,5124.875312,0.002052332
60.912292,62809,62.804,2496,5151.219512,5.151219512,5124.875312,0.005140457
60.955692,62859,62.854,2498,5161.803381,5.161803381,5124.875312,0.007205652
61.012614,62909,62.904,2514,5247.43833,5.24743833,5124.875312,0.023915317
61.055661,62959,62.954,2494,5140.662086,5.140662086,5124.875312,0.003080421
61.105736,63009,63.004,2513,5242.035398,5.242035398,5124.875312,0.022861061
61.156021,63059,63.054,2522,5290.909091,5.290909091,5124.875312,0.032397623
61.205706,63109,63.104,2520,5280.0,5.28,5124.875312,0.030268968
61.255623,63159,63.154,2510,5225.867508,5.225867508,5124.875312,0.019706274
61.324604,63209,63.204,2491,5124.875312,5.124875312,5124.875312,0.0
61.355652,63259,63.254,2485,5093.478261,5.093478261,5124.875312,-0.006126403
61.413057,63309,63.304,2487,5103.91791,5.10391791,5124.875312,-0.004089349
61.455656,63359,63.354,2505,5199.056604,5.199056604,5124.875312,0.014474751
61.505703,63409,63.404,2497,5156.508135,5.156508135,5124.875312,0.006172408
61.564254,63459,63.454,2494,5140.662086,5.140662086,5124.875312,0.003080421
61.605686,63509,63.504,2489,5114.383562,5.114383562,5124.875312,-0.002047221
61.6557,63559,63.554,2484,5088.268156,5.088268156,5124.875312,-0.007143033
61.706147,63609,63.604,2506,5204.405286,5.204405286,5124.875312,0.015518421
61.755652,63659,63.654,2518,5269.11858,5.26911858,5124.875312,0.028145713
61.80569,63709,63.704,2504,5193.714645,5.193714645,5124.875312,0.013432392
61.864045,63759,63.754,2517,5263.688213,5.263688213,5124.875312,0.027086103
61.905707,63809,63.804,2523,5296.374046,5.296374046,5124.875312,0.033463982
61.970196,63859,63.854,2525,5307.324841,5.307324841,5124.875312,0.035600774
62.005655,63909,63.904,2476,5046.819024,5.046819024,5124.875312,-0.015230866
62.05566,63959,63.954,2482,5077.867328,5.077867328,5124.875312,-0.009172513
62.112821,64009,64.004,2489,5114.383562,5.114383562,5124.875312,-0.002047221
62.155644,64059,64.054,2507,5209.760705,5.209760705,5124.875312,0.016563407
62.205647,64109,64.104,2497,5156.508135,5.156508135,5124.875312,0.006172408
62.270214,64159,64.154,2494,5140.662086,5.140662086,5124.875312,0.003080421
62.305662,64209,64.204,2494,5140.662086,5.140662086,5124.875312,0.003080421
62.363353,64259,64.254,2510,5225.867508,5.225867508,5124.875312,0.019706274
62.405547,64309,64.304,2495,5145.9375,5.1459375,5124.875312,0.004109795
62.455655,64359,64.354,2521,5285.45108,5.28545108,5124.875312,0.03133262
62.513596,64409,64.404,2491,5124.875312,5.124875312,5124.875312,0.0
62.555674,64459,64.454,2515,5252.848101,5.252848101,5124.875312,0.024970908
62.605676,64509,64.504,2530,5334.824281,5.334824281,5124.875312,0.040966649
62.666613,64559,64.554,2525,5307.324841,5.307324841,5124.875312,0.035600774
62.705583,64609,64.604,2505,5199.056604,5.199056604,5124.875312,0.014474751
62.755632,64659,64.654,2488,5109.14748,5.10914748,5124.875312,-0.00306892
62.805623,64709,64.704,2483,5083.064516,5.083064516,5124.875312,-0.008158403
62.855691,64759,64.754,2492,5130.131004,5.130131004,5124.875312,0.001025526
62.930788,64809,64.804,2502,5183.050847,5.183050847,5124.875312,0.0113516
62.955607,64859,64.854,2492,5130.131004,5.130131004,5124.875312,0.001025526
63.005662,64909,64.904,2490,5119.626168,5.119626168,5124.875312,-0.001024248
63.063802,64959,64.954,2496,5151.219512,5.151219512,5124.875312,0.005140457
63.105656,65009,65.004,2500,5172.413793,5.172413793,5124.875312,0.009276027
63.155626,65059,65.054,2510,5225.867508,5.225867508,5124.875312,0.019706274
63.214204,65109,65.104,2502,5183.050847,5.183050847,5124.875312,0.0113516
63.255693,65159,65.154,2498,5161.803381,5.161803381,5124.875312,0.007205652
63.305844,65209,65.204,2508,5215.122873,5.215122873,5124.875312,0.017609709
63.355636,65259,65.254,2542,5401.545396,5.401545396,5124.875312,0.05398572
63.40567,65309,65.304,2521,5285.45108,5.28545108,5124.875312,0.03133262
63.472094,65359,65.354,2497,5156.508135,5.156508135,5124.875312,0.006172408
63.505683,65409,65.404,2491,5124.875312,5.124875312,5124.875312,0.0
63.564258,65459,65.454,2490,5119.626168,5.119626168,5124.875312,-0.001024248
63.605637,65509,65.504,2493,5135.393258,5.135393258,5124.875312,0.002052332
63.655634,65559,65.554,2499,5167.105263,5.167105263,5124.875312,0.008240191
63.713883,65609,65.604,2493,5135.393258,5.135393258,5124.875312,0.002052332
63.755616,65659,65.654,2488,5109.14748,5.10914748,5124.875312,-0.00306892
63.805686,65709,65.704,2507,5209.760705,5.209760705,5124.875312,0.016563407
63.856887,65759,65.754,2522,5290.909091,5.290909091,5124.875312,0.032397623
63.905627,65809,65.804,2505,5199.056604,5.199056604,5124.875312,0.014474751
63.955578,65859,65.854,2513,5242.035398,5.242035398,5124.875312,0.022861061
64.023779,65909,65.904,2521,5285.45108,5.28545108,5124.875312,0.03133262
64.055575,65959,65.954,2531,5340.345269,5.340345269,5124.875312,0.042043941
64.10565,66009,66.004,2521,5285.45108,5.28545108,5124.875312,0.03133262
64.165649,66059,66.054,2493,5135.393258,5.135393258,5124.875312,0.002052332
64.205657,66109,66.104,2488,5109.14748,5.10914748,5124.875312,-0.00306892
64.263173,66159,66.154,2478,5057.142857,5.057142857,5124.875312,-0.01321641
64.305686,66209,66.204,2491,5124.875312,5.124875312,5124.875312,0.0
64.363483,66259,66.254,2494,5140.662086,5.140662086,5124.875312,0.003080421
64.40567,66309,66.304,2488,5109.14748,5.10914748,5124.875312,-0.00306892
64.455633,66359,66.354,2482,5077.867328,5.077867328,5124.875312,-0.009172513
64.507233,66409,66.404,2492,5130.131004,5.130131004,5124.875312,0.001025526
64.555647,66459,66.454,2496,5151.219512,5.151219512,5124.875312,0.005140457
64.620218,66509,66.504,2515,5252.848101,5.252848101,5124.875312,0.024970908
64.655622,66559,66.554,2487,5103.91791,5.10391791,5124.875312,-0.004089349
64.70566,66609,66.604,2513,5242.035398,5.242035398,5124.875312,0.022861061
64.763855,66659,66.654,2516,5258.264725,5.258264725,5124.875312,0.026027836
64.805605,66709,66.704,2525,5307.324841,5.307324841,5124.875312,0.035600774
64.8556,66759,66.754,2492,5130.131004,5.130131004,5124.875312,0.001025526
64.913869,66809,66.804,2481,5072.67658,5.07267658,5124.875312,-0.010185366
64.955628,66859,66.854,2482,5077.867328,5.077867328,5124.875312,-0.009172513
65.006477,66909,66.904,2490,5119.626168,5.119626168,5124.875312,-0.001024248
65.055588,66959,66.954,2498,5161.803381,5.161803381,5124.875312,0.007205652
65.105607,67009,67.004,2496,5151.219512,5.151219512,5124.875312,0.005140457
65.171716,67059,67.054,2488,5109.14748,5.10914748,5124.875312,-0.00306892
65.205631,67109,67.104,2486,5098.694842,5.098694842,5124.875312,-0.005108509
65.264074,67159,67.154,2503,5188.379397,5.188379397,5124.875312,0.012391343
65.305632,67209,67.204,2494,5140.662086,5.140662086,5124.875312,0.003080421
65.364451,67259,67.254,2485,5093.478261,5.093478261,5124.875312,-0.006126403
65.405636,67309,67.304,2505,5199.056604,5.199056604,5124.875312,0.014474751
65.463418,67359,67.354,2507,5209.760705,5.209760705,5124.875312,0.016563407
65.505666,67409,67.404,2523,5296.374046,5.296374046,5124.875312,0.033463982
65.556663,67459,67.454,2506,5204.405286,5.204405286,5124.875312,0.015518421
65.605632,67509,67.504,2485,5093.478261,5.093478261,5124.875312,-0.006126403
65.655659,67559,67.554,2486,5098.694842,5.098694842,5124.875312,-0.005108509
65.722172,67609,67.604,2495,5145.9375,5.1459375,5124.875312,0.004109795
65.755694,67659,67.654,2495,5145.9375,5.1459375,5124.875312,0.004109795
65.814185,67709,67.704,2494,5140.662086,5.140662086,5124.875312,0.003080421
65.855649,67759,67.754,2497,5156.508135,5.156508135,5124.875312,0.006172408
65.905628,67809,67.804,2484,5088.268156,5.088268156,5124.875312,-0.007143033
65.9649,67859,67.854,2483,5083.064516,5.083064516,5124.875312,-0.008158403
66.005661,67909,67.904,2494,5140.662086,5.140662086,5124.875312,0.003080421
66.05743,67959,67.954,2489,5114.383562,5.114383562,5124.875312,-0.002047221
66.105565,68009,68.004,2499,5167.105263,5.167105263,5124.875312,0.008240191
66.155605,68059,68.054,2508,5215.122873,5.215122873,5124.875312,0.017609709
66.223615,68109,68.104,2530,5334.824281,5.334824281,5124.875312,0.040966649
66.255625,68159,68.154,2507,5209.760705,5.209760705,5124.875312,0.016563407
66.314081,68209,68.204,2487,5103.91791,5.10391791,5124.875312,-0.004089349
66.355657,68259,68.254,2486,5098.694842,5.098694842,5124.875312,-0.005108509
66.414275,68309,68.304,2485,5093.478261,5.093478261,5124.875312,-0.006126403
66.455606,68359,68.354,2489,5114.383562,5.114383562,5124.875312,-0.002047221
66.505662,68409,68.404,2501,5177.728984,5.177728984,5124.875312,0.010313163
66.557567,68459,68.454,2487,5103.91791,5.10391791,5124.875312,-0.004089349
66.605638,68509,68.504,2488,5109.14748,5.10914748,5124.875312,-0.00306892
66.655612,68559,68.554,2488,5109.14748,5.10914748,5124.875312,-0.00306892
66.722463,68609,68.604,2498,5161.803381,5.161803381,5124.875312,0.007205652
66.755616,68659,68.654,2506,5204.405286,5.204405286,5124.875312,0.015518421
66.817965,68709,68.704,2499,5167.105263,5.167105263,5124.875312,0.008240191
66.855628,68759,68.754,2519,5274.555838,5.274555838,5124.875312,0.029206667
66.918457,68809,68.804,2535,5362.5,5.3625,5124.875312,0.046366921
66.95555,68859,68.854,2521,5285.45108,5.28545108,5124.875312,0.03133262
67.015685,68909,68.904,2492,5130.131004,5.130131004,5124.875312,0.001025526
67.055645,68959,68.954,2481,5072.67658,5.07267658,5124.875312,-0.010185366
67.105672,69009,69.004,2481,5072.67658,5.07267658,5124.875312,-0.010185366
67.155655,69059,69.054,2493,5135.393258,5.135393258,5124.875312,0.002052332
67.205649,69109,69.104,2495,5145.9375,5.1459375,5124.875312,0.004109795
67.283027,69159,69.154,2500,5172.413793,5.172413793,5124.875312,0.009276027
67.3056,69209,69.204,2482,5077.867328,5.077867328,5124.875312,-0.009172513
67.355602,69259,69.254,2505,5199.056604,5.199056604,5124.875312,0.014474751
67.418135,69309,69.304,2505,5199.056604,5.199056604,5124.875312,0.014474751
67.455616,69359,69.354,2504,5193.714645,5.193714645,5124.875312,0.013432392
67.505596,69409,69.404,2487,5103.91791,5.10391791,5124.875312,-0.004089349
67.567887,69459,69.454,2515,5252.848101,5.252848101,5124.875312,0.024970908
67.60567,69509,69.504,2498,5161.803381,5.161803381,5124.875312,0.007205652
67.657927,69559,69.554,2523,5296.374046,5.296374046,5124.875312,0.033463982
67.705591,69609,69.604,2500,5172.413793,5.172413793,5124.875312,0.009276027
67.755627,69659,69.654,2475,5041.666667,5.041666667,5124.875312,-0.016236228
67.822755,69709,69.704,2484,5088.268156,5.088268156,5124.875312,-0.007143033
67.855584,69759,69.754,2494,5140.662086,5.140662086,5124.875312,0.003080421
67.905624,69809,69.804,2504,5193.714645,5.193714645,5124.875312,0.013432392
67.96492,69859,69.854,2499,5167.105263,5.167105263,5124.875312,0.008240191
68.00559,69909,69.904,2485,5093.478261,5.093478261,5124.875312,-0.006126403
68.055629,69959,69.954,2494,5140.662086,5.140662086,5124.875312,0.003080421
68.115001,70009,70.004,2480,5067.49226,5.06749226,5124.875312,-0.011196965
68.155548,70059,70.054,2507,5209.760705,5.209760705,5124.875312,0.016563407
68.205655,70109,70.104,2488,5109.14748,5.10914748,5124.875312,-0.00306892
68.260742,70159,70.154,2488,5109.14748,5.10914748,5124.875312,-0.00306892
68.305566,70209,70.204,2501,5177.728984,5.177728984,5124.875312,0.010313163
68.355597,70259,70.254,2537,5373.620026,5.373620026,5124.875312,0.048536735
68.424491,70309,70.304,2494,5140.662086,5.140662086,5124.875312,0.003080421
68.455532,70359,70.354,2486,5098.694842,5.098694842,5124.875312,-0.005108509
68.505551,70409,70.404,2484,5088.268156,5.088268156,5124.875312,-0.007143033
68.566733,70459,70.454,2488,5109.14748,5.10914748,5124.875312,-0.00306892
68.605618,70509,70.504,2498,5161.803381,5.161803381,5124.875312,0.007205652
68.666152,70559,70.554,2502,5183.050847,5.183050847,5124.875312,0.0113516
68.705657,70609,70.604,2496,5151.219512,5.151219512,5124.875312,0.005140457
68.759473,70659,70.654,2491,5124.875312,5.124875312,5124.875312,0.0
68.805554,70709,70.704,2496,5151.219512,5.151219512,5124.875312,0.005140457
68.85556,70759,70.754,2488,5109.14748,5.10914748,5124.875312,-0.00306892
68.924535,70809,70.804,2494,5140.662086,5.140662086,5124.875312,0.003080421
68.955584,70859,70.854,2509,5220.491803,5.220491803,5124.875312,0.01865733
69.021844,70909,70.904,2514,5247.43833,5.24743833,5124.875312,0.023915317
69.055567,70959,70.954,2530,5334.824281,5.334824281,5124.875312,0.040966649
69.105572,71009,71.004,2515,5252.848101,5.252848101,5124.875312,0.024970908
69.166715,71059,71.054,2487,5103.91791,5.10391791,5124.875312,-0.004089349
69.205567,71109,71.104,2494,5140.662086,5.140662086,5124.875312,0.003080421
69.263306,71159,71.154,2484,5088.268156,5.088268156,5124.875312,-0.007143033
69.305588,71209,71.204,2507,5209.760705,5.209760705,5124.875312,0.016563407
69.373769,71259,71.254,2501,5177.728984,5.177728984,5124.875312,0.010313163
69.40562,71309,71.304,2494,5140.662086,5.140662086,5124.875312,0.003080421
69.465997,71359,71.354,2485,5093.478261,5.093478261,5124.875312,-0.006126403
69.505671,71409,71.404,2486,5098.694842,5.098694842,5124.875312,-0.005108509
69.566792,71459,71.454,2495,5145.9375,5.1459375,5124.875312,0.004109795
69.605597,71509,71.504,2495,5145.9375,5.1459375,5124.875312,0.004109795
69.655607,71559,71.554,2497,5156.508135,5.156508135,5124.875312,0.006172408
69.717573,71609,71.604,2510,5225.867508,5.225867508,5124.875312,0.019706274
69.755603,71659,71.654,2512,5236.639292,5.236639292,5124.875312,0.021808137
69.805647,71709,71.704,2509,5220.491803,5.220491803,5124.875312,0.01865733
69.85999,71759,71.754,2498,5161.803381,5.161803381,5124.875312,0.007205652
69.905616,71809,71.804,2477,5051.97775,5.05197775,5124.875312,-0.01422426
69.955603,71859,71.854,2494,5140.662086,5.140662086,5124.875312,0.003080421
70.025515,71909,71.904,2504,5193.714645,5.193714645,5124.875312,0.013432392
70.05555,71959,71.954,2502,5183.050847,5.183050847,5124.875312,0.0113516
70.105647,72009,72.004,2491,5124.875312,5.124875312,5124.875312,0.0
70.168306,72059,72.054,2483,5083.064516,5.083064516,5124.875312,-0.008158403
70.205605,72109,72.104,2496,5151.219512,5.151219512,5124.875312,0.005140457
70.255608,72159,72.154,2498,5161.803381,5.161803381,5124.875312,0.007205652
70.311134,72209,72.204,2503,5188.379397,5.188379397,5124.875312,0.012391343
70.355608,72259,72.254,2484,5088.268156,5.088268156,5124.875312,-0.007143033
70.405632,72309,72.304,2509,5220.491803,5.220491803,5124.875312,0.01865733
70.475341,72359,72.354,2513,5242.035398,5.242035398,5124.875312,0.022861061
70.505597,72409,72.404,2511,5231.25,5.23125,5124.875312,0.020756542
70.555647,72459,72.454,2506,5204.405286,5.204405286,5124.875312,0.015518421
70.617136,72509,72.504,2484,5088.268156,5.088268156,5124.875312,-0.007143033
70.655618,72559,72.554,2493,5135.393258,5.135393258,5124.875312,0.002052332
70.705599,72609,72.604,2495,5145.9375,5.1459375,5124.875312,0.004109795
70.767813,72659,72.654,2504,5193.714645,5.193714645,5124.875312,0.013432392
70.805581,72709,72.704,2497,5156.508135,5.156508135,5124.875312,0.006172408
70.855629,72759,72.754,2488,5109.14748,5.10914748,5124.875312,-0.00306892
70.911066,72809,72.804,2485,5093.478261,5.093478261,5124.875312,-0.006126403
70.95561,72859,72.854,2508,5215.122873,5.215122873,5124.875312,0.017609709
71.02556,72909,72.904,2507,5209.760705,5.209760705,5124.875312,0.016563407
71.055627,72959,72.954,2480,5067.49226,5.06749226,5124.875312,-0.011196965
71.105612,73009,73.004,2500,5172.413793,5.172413793,5124.875312,0.009276027
71.170276,73059,73.054,2504,5193.714645,5.193714645,5124.875312,0.013432392
71.205555,73109,73.104,2526,5312.810707,5.312810707,5124.875312,0.036671213
71.255671,73159,73.154,2504,5193.714645,5.193714645,5124.875312,0.013432392
71.318084,73209,73.204,2501,5177.728984,5.177728984,5124.875312,0.010313163
71.355621,73259,73.254,2488,5109.14748,5.10914748,5124.875312,-0.00306892
71.405625,73309,73.304,2476,5046.819024,5.046819024,5124.875312,-0.015230866
71.460654,73359,73.354,2497,5156.508135,5.156508135,5124.875312,0.006172408
71.50563,73409,73.404,2496,5151.219512,5.151219512,5124.875312,0.005140457
71.575552,73459,73.454,2487,5103.91791,5.10391791,5124.875312,-0.004089349
71.605586,73509,73.504,2497,5156.508135,5.156508135,5124.875312,0.006172408
71.65556,73559,73.554,2496,5151.219512,5.151219512,5124.875312,0.005140457
71.719309,73609,73.604,2496,5151.219512,5.151219512,5124.875312,0.005140457
71.755643,73659,73.654,2500,5172.413793,5.172413793,5124.875312,0.009276027
71.817632,73709,73.704,2493,5135.393258,5.135393258,5124.875312,0.002052332
71.855565,73759,73.754,2503,5188.379397,5.188379397,5124.875312,0.012391343
71.905627,73809,73.804,2523,5296.374046,5.296374046,5124.875312,0.033463982
71.961262,73859,73.854,2496,5151.219512,5.151219512,5124.875312,0.005140457
72.005595,73909,73.904,2491,5124.875312,5.124875312,5124.875312,0.0
72.055635,73959,73.954,2486,5098.694842,5.098694842,5124.875312,-0.005108509
72.119867,74009,74.004,2493,5135.393258,5.135393258,5124.875312,0.002052332
72.155609,74059,74.054,2492,5130.131004,5.130131004,5124.875312,0.001025526
72.205507,74109,74.104,2496,5151.219512,5.151219512,5124.875312,0.005140457
72.281287,74159,74.154,2481,5072.67658,5.07267658,5124.875312,-0.010185366
72.305517,74209,74.204,2479,5062.314356,5.062314356,5124.875312,-0.012207313
72.355514,74259,74.254,2493,5135.393258,5.135393258,5124.875312,0.002052332
72.410768,74309,74.304,2497,5156.508135,5.156508135,5124.875312,0.006172408
72.455651,74359,74.354,2503,5188.379397,5.188379397,5124.875312,0.012391343
72.518454,74409,74.404,2498,5161.803381,5.161803381,5124.875312,0.007205652
72.555583,74459,74.454,2506,5204.405286,5.204405286,5124.875312,0.015518421
72.605597,74509,74.504,2515,5252.848101,5.252848101,5124.875312,0.024970908
72.67035,74559,74.554,2508,5215.122873,5.215122873,5124.875312,0.017609709
72.705522,74609,74.604,2480,5067.49226,5.06749226,5124.875312,-0.011196965
72.755538,74659,74.654,2476,5046.819024,5.046819024,5124.875312,-0.015230866
72.825759,74709,74.704,2496,5151.219512,5.151219512,5124.875312,0.005140457
72.855619,74759,74.754,2496,5151.219512,5.151219512,5124.875312,0.005140457
72.919899,74809,74.804,2496,5151.219512,5.151219512,5124.875312,0.005140457
72.955506,74859,74.854,2483,5083.064516,5.083064516,5124.875312,-0.008158403
73.020077,74909,74.904,2484,5088.268156,5.088268156,5124.875312,-0.007143033
73.055567,74959,74.954,2497,5156.508135,5.156508135,5124.875312,0.006172408
73.105614,75009,75.004,2499,5167.105263,5.167105263,5124.875312,0.008240191
73.162992,75059,75.054,2508,5215.122873,5.215122873,5124.875312,0.017609709
73.205703,75109,75.104,2485,5093.478261,5.093478261,5124.875312,-0.006126403
73.280604,75159,75.154,2498,5161.803381,5.161803381,5124.875312,0.007205652
73.305604,75209,75.204,2497,5156.508135,5.156508135,5124.875312,0.006172408
73.355565,75259,75.254,2511,5231.25,5.23125,5124.875312,0.020756542
73.418243,75309,75.304,2482,5077.867328,5.077867328,5124.875312,-0.009172513
73.455527,75359,75.354,2481,5072.67658,5.07267658,5124.875312,-0.010185366
73.505537,75409,75.404,2488,5109.14748,5.10914748,5124.875312,-0.00306892
73.569211,75459,75.454,2494,5140.662086,5.140662086,5124.875312,0.003080421
73.605509,75509,75.504,2498,5161.803381,5.161803381,5124.875312,0.007205652
73.65565,75559,75.554,2487,5103.91791,5.10391791,5124.875312,-0.004089349
73.712076,75609,75.604,2478,5057.142857,5.057142857,5124.875312,-0.01321641
73.755617,75659,75.654,2493,5135.393258,5.135393258,5124.875312,0.002052332
73.805522,75709,75.704,2488,5109.14748,5.10914748,5124.875312,-0.00306892
73.878098,75759,75.754,2504,5193.714645,5.193714645,5124.875312,0.013432392
73.905514,75809,75.804,2483,5083.064516,5.083064516,5124.875312,-0.008158403
73.955621,75859,75.854,2498,5161.803381,5.161803381,5124.875312,0.007205652
74.01943,75909,75.904,2491,5124.875312,5.124875312,5124.875312,0.0
74.055588,75959,75.954,2530,5334.824281,5.334824281,5124.875312,0.040966649
74.105533,76009,76.004,2497,5156.508135,5.156508135,5124.875312,0.006172408
74.161226,76059,76.054,2481,5072.67658,5.07267658,5124.875312,-0.010185366
74.20558,76109,76.104,2473,5031.381011,5.031381011,5124.875312,-0.018243234
74.281214,76159,76.154,2490,5119.626168,5.119626168,5124.875312,-0.001024248
74.305537,76209,76.204,2498,5161.803381,5.161803381,5124.875312,0.007205652
74.355588,76259,76.254,2493,5135.393258,5.135393258,5124.875312,0.002052332
74.41827,76309,76.304,2490,5119.626168,5.119626168,5124.875312,-0.001024248
74.455584,76359,76.354,2484,5088.268156,5.088268156,5124.875312,-0.007143033
74.505685,76409,76.404,2500,5172.413793,5.172413793,5124.875312,0.009276027
74.571279,76459,76.454,2493,5135.393258,5.135393258,5124.875312,0.002052332
74.605542,76509,76.504,2493,5135.393258,5.135393258,5124.875312,0.002052332
74.655577,76559,76.554,2497,5156.508135,5.156508135,5124.875312,0.006172408
74.712104,76609,76.604,2498,5161.803381,5.161803381,5124.875312,0.007205652
74.755559,76659,76.654,2517,5263.688213,5.263688213,5124.875312,0.027086103
74.805588,76709,76.704,2499,5167.105263,5.167105263,5124.875312,0.008240191
74.877348,76759,76.754,2488,5109.14748,5.10914748,5124.875312,-0.00306892
74.905562,76809,76.804,2483,5083.064516,5.083064516,5124.875312,-0.008158403
74.955484,76859,76.854,2474,5036.520666,5.036520666,5124.875312,-0.01724035
75.018948,76909,76.904,2503,5188.379397,5.188379397,5124.875312,0.012391343
75.055603,76959,76.954,2489,5114.383562,5.114383562,5124.875312,-0.002047221
75.117913,77009,77.004,2488,5109.14748,5.10914748,5124.875312,-0.00306892
75.155582,77059,77.054,2480,5067.49226,5.06749226,5124.875312,-0.011196965
75.205598,77109,77.104,2487,5103.91791,5.10391791,5124.875312,-0.004089349
75.261874,77159,77.154,2495,5145.9375,5.1459375,5124.875312,0.004109795
75.305625,77209,77.204,2488,5109.14748,5.10914748,5124.875312,-0.00306892
75.375543,77259,77.254,2493,5135.393258,5.135393258,5124.875312,0.002052332
75.405525,77309,77.304,2512,5236.639292,5.236639292,5124.875312,0.021808137
75.45563,77359,77.354,2520,5280.0,5.28,5124.875312,0.030268968
75.52141,77409,77.404,2503,5188.379397,5.188379397,5124.875312,0.012391343
75.555562,77459,77.454,2467,5000.675676,5.000675676,5124.875312,-0.024234665
75.605607,77509,77.504,2477,5051.97775,5.05197775,5124.875312,-0.01422426
75.668819,77559,77.554,2485,5093.478261,5.093478261,5124.875312,-0.006126403
75.705504,77609,77.604,2495,5145.9375,5.1459375,5124.875312,0.004109795
75.755565,77659,77.654,2498,5161.803381,5.161803381,5124.875312,0.007205652
75.812636,77709,77.704,2501,5177.728984,5.177728984,5124.875312,0.010313163
75.855634,77759,77.754,2483,5083.064516,5.083064516,5124.875312,-0.008158403
75.925131,77809,77.804,2492,5130.131004,5.130131004,5124.875312,0.001025526
75.955555,77859,77.854,2494,5140.662086,5.140662086,5124.875312,0.003080421
76.028857,77909,77.904,2507,5209.760705,5.209760705,5124.875312,0.016563407
76.055576,77959,77.954,2484,5088.268156,5.088268156,5124.875312,-0.007143033
76.105549,78009,78.004,2502,5183.050847,5.183050847,5124.875312,0.0113516
76.169658,78059,78.054,2504,5193.714645,5.193714645,5124.875312,0.013432392
76.205629,78109,78.104,2515,5252.848101,5.252848101,5124.875312,0.024970908
76.268796,78159,78.154,2486,5098.694842,5.098694842,5124.875312,-0.005108509
76.305568,78209,78.204,2485,5093.478261,5.093478261,5124.875312,-0.006126403
76.35555,78259,78.254,2482,5077.867328,5.077867328,5124.875312,-0.009172513
76.411507,78309,78.304,2493,5135.393258,5.135393258,5124.875312,0.002052332
76.455505,78359,78.354,2497,5156.508135,5.156508135,5124.875312,0.006172408
76.5055,78409,78.404,2494,5140.662086,5.140662086,5124.875312,0.003080421
76.57734,78459,78.454,2491,5124.875312,5.124875312,5124.875312,0.0
76.605534,78509,78.504,2497,5156.508135,5.156508135,5124.875312,0.006172408
76.669244,78559,78.554,2491,5124.875312,5.124875312,5124.875312,0.0
76.705505,78609,78.604,2506,5204.405286,5.204405286,5124.875312,0.015518421
76.755544,78659,78.654,2491,5124.875312,5.124875312,5124.875312,0.0
76.819462,78709,78.704,2497,5156.508135,5.156508135,5124.875312,0.006172408
76.855534,78759,78.754,2496,5151.219512,5.151219512,5124.875312,0.005140457
76.905566,78809,78.804,2527,5318.303571,5.318303571,5124.875312,0.037743018
76.962533,78859,78.854,2495,5145.9375,5.1459375,5124.875312,0.004109795
77.005473,78909,78.904,2484,5088.268156,5.088268156,5124.875312,-0.007143033
77.055567,78959,78.954,2475,5041.666667,5.041666667,5124.875312,-0.016236228
77.126757,79009,79.004,2506,5204.405286,5.204405286,5124.875312,0.015518421
77.155552,79059,79.054,2492,5130.131004,5.130131004,5124.875312,0.001025526
77.205588,79109,79.104,2504,5193.714645,5.193714645,5124.875312,0.013432392
77.270048,79159,79.154,2485,5093.478261,5.093478261,5124.875312,-0.006126403
77.305552,79209,79.204,2488,5109.14748,5.10914748,5124.875312,-0.00306892
77.355599,79259,79.254,2486,5098.694842,5.098694842,5124.875312,-0.005108509
77.41275,79309,79.304,2506,5204.405286,5.204405286,5124.875312,0.015518421
77.455492,79359,79.354,2492,5130.131004,5.130131004,5124.875312,0.001025526
77.505532,79409,79.404,2496,5151.219512,5.151219512,5124.875312,0.005140457
77.577805,79459,79.454,2511,5231.25,5.23125,5124.875312,0.020756542
77.605505,79509,79.504,2510,5225.867508,5.225867508,5124.875312,0.019706274
77.655536,79559,79.554,2496,5151.219512,5.151219512,5124.875312,0.005140457
77.7223,79609,79.604,2480,5067.49226,5.06749226,5124.875312,-0.011196965
77.755541,79659,79.654,2477,5051.97775,5.05197775,5124.875312,-0.01422426
77.805533,79709,79.704,2485,5093.478261,5.093478261,5124.875312,-0.006126403
77.863015,79759,79.754,2485,5093.478261,5.093478261,5124.875312,-0.006126403
77.905525,79809,79.804,2498,5161.803381,5.161803381,5124.875312,0.007205652
77.955566,79859,79.854,2486,5098.694842,5.098694842,5124.875312,-0.005108509
78.022771,79909,79.904,2471,5021.12069,5.02112069,5124.875312,-0.020245297
78.055603,79959,79.954,2479,5062.314356,5.062314356,5124.875312,-0.012207313
78.105494,80009,80.004,2486,5098.694842,5.098694842,5124.875312,-0.005108509
78.180533,80059,80.054,2511,5231.25,5.23125,5124.875312,0.020756542
78.205441,80109,80.104,2503,5188.379397,5.188379397,5124.875312,0.012391343
78.255468,80159,80.154,2508,5215.122873,5.215122873,5124.875312,0.017609709
78.320255,80209,80.204,2514,5247.43833,5.24743833,5124.875312,0.023915317
78.355546,80259,80.254,2503,5188.379397,5.188379397,5124.875312,0.012391343
78.420386,80309,80.304,2481,5072.67658,5.07267658,5124.875312,-0.010185366
78.455456,80359,80.354,2480,5067.49226,5.06749226,5124.875312,-0.011196965
78.505475,80409,80.404,2493,5135.393258,5.135393258,5124.875312,0.002052332
78.564584,80459,80.454,2495,5145.9375,5.1459375,5124.875312,0.004109795
78.605524,80509,80.504,2491,5124.875312,5.124875312,5124.875312,0.0
78.67217,80559,80.554,2490,5119.626168,5.119626168,5124.875312,-0.001024248
78.705474,80609,80.604,2465,4990.490798,4.990490798,5124.875312,-0.026222007
78.755522,80659,80.654,2488,5109.14748,5.10914748,5124.875312,-0.00306892
78.830533,80709,80.704,2492,5130.131004,5.130131004,5124.875312,0.001025526
78.85614,80759,80.754,2515,5252.848101,5.252848101,5124.875312,0.024970908
78.923623,80809,80.804,2485,5093.478261,5.093478261,5124.875312,-0.006126403
78.955517,80859,80.854,2498,5161.803381,5.161803381,5124.875312,0.007205652
79.005515,80909,80.904,2500,5172.413793,5.172413793,5124.875312,0.009276027
79.071955,80959,80.954,2523,5296.374046,5.296374046,5124.875312,0.033463982
79.105412,81009,81.004,2493,5135.393258,5.135393258,5124.875312,0.002052332
79.155508,81059,81.054,2478,5057.142857,5.057142857,5124.875312,-0.01321641
79.217581,81109,81.104,2501,5177.728984,5.177728984,5124.875312,0.010313163
79.255482,81159,81.154,2488,5109.14748,5.10914748,5124.875312,-0.00306892
79.305563,81209,81.204,2485,5093.478261,5.093478261,5124.875312,-0.006126403
79.379136,81259,81.254,2500,5172.413793,5.172413793,5124.875312,0.009276027
79.40547,81309,81.304,2487,5103.91791,5.10391791,5124.875312,-0.004089349
79.45552,81359,81.354,2490,5119.626168,5.119626168,5124.875312,-0.001024248
79.521936,81409,81.404,2486,5098.694842,5.098694842,5124.875312,-0.005108509
79.555538,81459,81.454,2507,5209.760705,5.209760705,5124.875312,0.016563407
79.605539,81509,81.504,2499,5167.105263,5.167105263,5124.875312,0.008240191
79.664366,81559,81.554,2481,5072.67658,5.07267658,5124.875312,-0.010185366
79.705558,81609,81.604,2494,5140.662086,5.140662086,5124.875312,0.003080421
79.780944,81659,81.654,2514,5247.43833,5.24743833,5124.875312,0.023915317
79.805524,81709,81.704,2490,5119.626168,5.119626168,5124.875312,-0.001024248
79.855431,81759,81.754,2482,5077.867328,5.077867328,5124.875312,-0.009172513
79.92336,81809,81.804,2487,5103.91791,5.10391791,5124.875312,-0.004089349
79.955532,81859,81.854,2476,5046.819024,5.046819024,5124.875312,-0.015230866
80.024159,81909,81.904,2491,5124.875312,5.124875312,5124.875312,0.0
80.055527,81959,81.954,2489,5114.383562,5.114383562,5124.875312,-0.002047221
80.105461,82009,82.004,2492,5130.131004,5.130131004,5124.875312,0.001025526
80.171464,82059,82.054,2485,5093.478261,5.093478261,5124.875312,-0.006126403
80.205543,82109,82.104,2484,5088.268156,5.088268156,5124.875312,-0.007143033
80.263994,82159,82.154,2503,5188.379397,5.188379397,5124.875312,0.012391343
80.305474,82209,82.204,2498,5161.803381,5.161803381,5124.875312,0.007205652
80.3555,82259,82.254,2509,5220.491803,5.220491803,5124.875312,0.01865733
80.428554,82309,82.304,2510,5225.867508,5.225867508,5124.875312,0.019706274
80.455458,82359,82.354,2502,5183.050847,5.183050847,5124.875312,0.0113516
80.505494,82409,82.404,2501,5177.728984,5.177728984,5124.875312,0.010313163
80.571802,82459,82.454,2480,5067.49226,5.06749226,5124.875312,-0.011196965
80.605487,82509,82.504,2478,5057.142857,5.057142857,5124.875312,-0.01321641
80.655509,82559,82.554,2485,5093.478261,5.093478261,5124.875312,-0.006126403
80.721484,82609,82.604,2488,5109.14748,5.10914748,5124.875312,-0.00306892
80.75542,82659,82.654,2494,5140.662086,5.140662086,5124.875312,0.003080421
80.805565,82709,82.704,2492,5130.131004,5.130131004,5124.875312,0.001025526
80.866867,82759,82.754,2479,5062.314356,5.062314356,5124.875312,-0.012207313
80.905502,82809,82.804,2479,5062.314356,5.062314356,5124.875312,-0.012207313
80.955525,82859,82.854,2497,5156.508135,5.156508135,5124.875312,0.006172408
81.030294,82909,82.904,2517,5263.688213,5.263688213,5124.875312,0.027086103
81.055495,82959,82.954,2483,5083.064516,5.083064516,5124.875312,-0.008158403
81.105525,83009,83.004,2498,5161.803381,5.161803381,5124.875312,0.007205652
81.171656,83059,83.054,2506,5204.405286,5.204405286,5124.875312,0.015518421
81.205515,83109,83.104,2513,5242.035398,5.242035398,5124.875312,0.022861061
81.255505,83159,83.154,2489,5114.383562,5.114383562,5124.875312,-0.002047221
81.314253,83209,83.204,2482,5077.867328,5.077867328,5124.875312,-0.009172513
81.355562,83259,83.254,2475,5041.666667,5.041666667,5124.875312,-0.016236228
81.427865,83309,83.304,2485,5093.478261,5.093478261,5124.875312,-0.006126403
81.455497,83359,83.354,2488,5109.14748,5.10914748,5124.875312,-0.00306892
81.505517,83409,83.404,2471,5021.12069,5.02112069,5124.875312,-0.020245297
81.571295,83459,83.454,2484,5088.268156,5.088268156,5124.875312,-0.007143033
81.605493,83509,83.504,2491,5124.875312,5.124875312,5124.875312,0.0
81.655453,83559,83.554,2479,5062.314356,5.062314356,5124.875312,-0.012207313
81.721286,83609,83.604,2516,5258.264725,5.258264725,5124.875312,0.026027836
81.755524,83659,83.654,2498,5161.803381,5.161803381,5124.875312,0.007205652
81.82115,83709,83.704,2497,5156.508135,5.156508135,5124.875312,0.006172408
81.8555,83759,83.754,2499,5167.105263,5.167105263,5124.875312,0.008240191
81.905467,83809,83.804,2513,5242.035398,5.242035398,5124.875312,0.022861061
81.964974,83859,83.854,2511,5231.25,5.23125,5124.875312,0.020756542
82.005476,83909,83.904,2485,5093.478261,5.093478261,5124.875312,-0.006126403
82.078912,83959,83.954,2476,5046.819024,5.046819024,5124.875312,-0.015230866
82.105464,84009,84.004,2471,5021.12069,5.02112069,5124.875312,-0.020245297
82.155506,84059,84.054,2496,5151.219512,5.151219512,5124.875312,0.005140457
82.221696,84109,84.104,2489,5114.383562,5.114383562,5124.875312,-0.002047221
82.255514,84159,84.154,2489,5114.383562,5.114383562,5124.875312,-0.002047221
82.321764,84209,84.204,2484,5088.268156,5.088268156,5124.875312,-0.007143033
82.35549,84259,84.254,2488,5109.14748,5.10914748,5124.875312,-0.00306892
82.405506,84309,84.304,2504,5193.714645,5.193714645,5124.875312,0.013432392
82.464812,84359,84.354,2495,5145.9375,5.1459375,5124.875312,0.004109795
82.505487,84409,84.404,2481,5072.67658,5.07267658,5124.875312,-0.010185366
82.579873,84459,84.454,2492,5130.131004,5.130131004,5124.875312,0.001025526
82.605531,84509,84.504,2501,5177.728984,5.177728984,5124.875312,0.010313163
82.672157,84559,84.554,2496,5151.219512,5.151219512,5124.875312,0.005140457
82.705534,84609,84.604,2480,5067.49226,5.06749226,5124.875312,-0.011196965
82.772741,84659,84.654,2483,5083.064516,5.083064516,5124.875312,-0.008158403
82.805533,84709,84.704,2477,5051.97775,5.05197775,5124.875312,-0.01422426
82.855499,84759,84.754,2489,5114.383562,5.114383562,5124.875312,-0.002047221
82.922286,84809,84.804,2487,5103.91791,5.10391791,5124.875312,-0.004089349
82.955549,84859,84.854,2482,5077.867328,5.077867328,5124.875312,-0.009172513
83.01588,84909,84.904,2486,5098.694842,5.098694842,5124.875312,-0.005108509
83.05552,84959,84.954,2485,5093.478261,5.093478261,5124.875312,-0.006126403
83.105504,85009,85.004,2499,5167.105263,5.167105263,5124.875312,0.008240191
83.17485,85059,85.054,2493,5135.393258,5.135393258,5124.875312,0.002052332
83.205505,85109,85.104,2488,5109.14748,5.10914748,5124.875312,-0.00306892
83.255483,85159,85.154,2504,5193.714645,5.193714645,5124.875312,0.013432392
83.330164,85209,85.204,2510,5225.867508,5.225867508,5124.875312,0.019706274
83.355487,85259,85.254,2494,5140.662086,5.140662086,5124.875312,0.003080421
83.422884,85309,85.304,2486,5098.694842,5.098694842,5124.875312,-0.005108509
83.45546,85359,85.354,2480,5067.49226,5.06749226,5124.875312,-0.011196965
83.505588,85409,85.404,2479,5062.314356,5.062314356,5124.875312,-0.012207313
83.575297,85459,85.454,2497,5156.508135,5.156508135,5124.875312,0.006172408
83.605516,85509,85.504,2483,5083.064516,5.083064516,5124.875312,-0.008158403
83.65547,85559,85.554,2476,5046.819024,5.046819024,5124.875312,-0.015230866
83.73009,85609,85.604,2477,5051.97775,5.05197775,5124.875312,-0.01422426
83.755486,85659,85.654,2477,5051.97775,5.05197775,5124.875312,-0.01422426
83.822885,85709,85.704,2489,5114.383562,5.114383562,5124.875312,-0.002047221
83.855483,85759,85.754,2500,5172.413793,5.172413793,5124.875312,0.009276027
83.90552,85809,85.804,2484,5088.268156,5.088268156,5124.875312,-0.007143033
83.972767,85859,85.854,2502,5183.050847,5.183050847,5124.875312,0.0113516
84.005411,85909,85.904,2497,5156.508135,5.156508135,5124.875312,0.006172408
84.055517,85959,85.954,2510,5225.867508,5.225867508,5124.875312,0.019706274
84.116125,86009,86.004,2493,5135.393258,5.135393258,5124.875312,0.002052332
84.155486,86059,86.054,2482,5077.867328,5.077867328,5124.875312,-0.009172513
84.205601,86109,86.104,2473,5031.381011,5.031381011,5124.875312,-0.018243234
84.281013,86159,86.154,2485,5093.478261,5.093478261,5124.875312,-0.006126403
84.305442,86209,86.204,2489,5114.383562,5.114383562,5124.875312,-0.002047221
84.355501,86259,86.254,2483,5083.064516,5.083064516,5124.875312,-0.008158403
84.422129,86309,86.304,2481,5072.67658,5.07267658,5124.875312,-0.010185366
84.455471,86359,86.354,2482,5077.867328,5.077867328,5124.875312,-0.009172513
84.505495,86409,86.404,2483,5083.064516,5.083064516,5124.875312,-0.008158403
84.572395,86459,86.454,2509,5220.491803,5.220491803,5124.875312,0.01865733
84.605485,86509,86.504,2496,5151.219512,5.151219512,5124.875312,0.005140457
84.655541,86559,86.554,2496,5151.219512,5.151219512,5124.875312,0.005140457
84.716203,86609,86.604,2492,5130.131004,5.130131004,5124.875312,0.001025526
84.755487,86659,86.654,2511,5231.25,5.23125,5124.875312,0.020756542
84.805467,86709,86.704,2486,5098.694842,5.098694842,5124.875312,-0.005108509
84.881286,86759,86.754,2483,5083.064516,5.083064516,5124.875312,-0.008158403
84.905455,86809,86.804,2482,5077.867328,5.077867328,5124.875312,-0.009172513
84.955504,86859,86.854,2503,5188.379397,5.188379397,5124.875312,0.012391343
85.02367,86909,86.904,2495,5145.9375,5.1459375,5124.875312,0.004109795
85.05544,86959,86.954,2483,5083.064516,5.083064516,5124.875312,-0.008158403
85.105456,87009,87.004,2479,5062.314356,5.062314356,5124.875312,-0.012207313
85.165426,87059,87.054,2473,5031.381011,5.031381011,5124.875312,-0.018243234
85.205515,87109,87.104,2483,5083.064516,5.083064516,5124.875312,-0.008158403
85.280341,87159,87.154,2495,5145.9375,5.1459375,5124.875312,0.004109795
85.305415,87209,87.204,2499,5167.105263,5.167105263,5124.875312,0.008240191
85.355463,87259,87.254,2497,5156.508135,5.156508135,5124.875312,0.006172408
85.421781,87309,87.304,2493,5135.393258,5.135393258,5124.875312,0.002052332
85.455459,87359,87.354,2512,5236.639292,5.236639292,5124.875312,0.021808137
85.505493,87409,87.404,2487,5103.91791,5.10391791,5124.875312,-0.004089349
85.573178,87459,87.454,2478,5057.142857,5.057142857,5124.875312,-0.01321641
85.605427,87509,87.504,2478,5057.142857,5.057142857,5124.875312,-0.01321641
85.655456,87559,87.554,2483,5083.064516,5.083064516,5124.875312,-0.008158403
85.716218,87609,87.604,2494,5140.662086,5.140662086,5124.875312,0.003080421
85.755447,87659,87.654,2495,5145.9375,5.1459375,5124.875312,0.004109795
85.805532,87709,87.704,2484,5088.268156,5.088268156,5124.875312,-0.007143033
85.882136,87759,87.754,2497,5156.508135,5.156508135,5124.875312,0.006172408
85.905373,87809,87.804,2474,5036.520666,5.036520666,5124.875312,-0.01724035
85.955395,87859,87.854,2488,5109.14748,5.10914748,5124.875312,-0.00306892
86.024496,87909,87.904,2490,5119.626168,5.119626168,5124.875312,-0.001024248
86.055411,87959,87.954,2477,5051.97775,5.05197775,5124.875312,-0.01422426
86.105518,88009,88.004,2495,5145.9375,5.1459375,5124.875312,0.004109795
86.173836,88059,88.054,2497,5156.508135,5.156508135,5124.875312,0.006172408
86.205402,88109,88.104,2491,5124.875312,5.124875312,5124.875312,0.0
86.255407,88159,88.154,2477,5051.97775,5.05197775,5124.875312,-0.01422426
86.316666,88209,88.204,2485,5093.478261,5.093478261,5124.875312,-0.006126403
86.355433,88259,88.254,2482,5077.867328,5.077867328,5124.875312,-0.009172513
86.431685,88309,88.304,2488,5109.14748,5.10914748,5124.875312,-0.00306892
86.45542,88359,88.354,2483,5083.064516,5.083064516,5124.875312,-0.008158403
86.529053,88409,88.404,2486,5098.694842,5.098694842,5124.875312,-0.005108509
86.555443,88459,88.454,2477,5051.97775,5.05197775,5124.875312,-0.01422426
86.63641,88509,88.504,2478,5057.142857,5.057142857,5124.875312,-0.01321641
86.65547,88559,88.554,2489,5114.383562,5.114383562,5124.875312,-0.002047221
86.747121,88609,88.604,2490,5119.626168,5.119626168,5124.875312,-0.001024248
86.755414,88659,88.654,2494,5140.662086,5.140662086,5124.875312,0.003080421
86.805386,88709,88.704,2495,5145.9375,5.1459375,5124.875312,0.004109795
86.867842,88759,88.754,2496,5151.219512,5.151219512,5124.875312,0.005140457
86.905408,88809,88.804,2503,5188.379397,5.188379397,5124.875312,0.012391343
86.986761,88859,88.854,2494,5140.662086,5.140662086,5124.875312,0.003080421
87.005429,88909,88.904,2478,5057.142857,5.057142857,5124.875312,-0.01321641
87.076299,88959,88.954,2473,5031.381011,5.031381011,5124.875312,-0.018243234
87.105465,89009,89.004,2482,5077.867328,5.077867328,5124.875312,-0.009172513
87.172788,89059,89.054,2484,5088.268156,5.088268156,5124.875312,-0.007143033
87.20545,89109,89.104,2481,5072.67658,5.07267658,5124.875312,-0.010185366
87.255412,89159,89.154,2475,5041.666667,5.041666667,5124.875312,-0.016236228
87.318096,89209,89.204,2488,5109.14748,5.10914748,5124.875312,-0.00306892
87.355405,89259,89.254,2493,5135.393258,5.135393258,5124.875312,0.002052332
87.405418,89309,89.304,2501,5177.728984,5.177728984,5124.875312,0.010313163
87.474699,89359,89.354,2482,5077.867328,5.077867328,5124.875312,-0.009172513
87.505364,89409,89.404,2488,5109.14748,5.10914748,5124.875312,-0.00306892
87.555557,89459,89.454,2496,5151.219512,5.151219512,5124.875312,0.005140457
87.626004,89509,89.504,2510,5225.867508,5.225867508,5124.875312,0.019706274
87.655418,89559,89.554,2484,5088.268156,5.088268156,5124.875312,-0.007143033
87.70545,89609,89.604,2482,5077.867328,5.077867328,5124.875312,-0.009172513
87.784153,89659,89.654,2477,5051.97775,5.05197775,5124.875312,-0.01422426
87.80538,89709,89.704,2473,5031.381011,5.031381011,5124.875312,-0.018243234
87.855408,89759,89.754,2486,5098.694842,5.098694842,5124.875312,-0.005108509
87.916661,89809,89.804,2479,5062.314356,5.062314356,5124.875312,-0.012207313
87.955473,89859,89.854,2487,5103.91791,5.10391791,5124.875312,-0.004089349
88.031762,89909,89.904,2479,5062.314356,5.062314356,5124.875312,-0.012207313
88.055454,89959,89.954,2481,5072.67658,5.07267658,5124.875312,-0.010185366
88.105449,90009,90.004,2491,5124.875312,5.124875312,5124.875312,0.0
88.170186,90059,90.054,2497,5156.508135,5.156508135,5124.875312,0.006172408
88.205433,90109,90.104,2481,5072.67658,5.07267658,5124.875312,-0.010185366
88.255459,90159,90.154,2507,5209.760705,5.209760705,5124.875312,0.016563407
88.320862,90209,90.204,2507,5209.760705,5.209760705,5124.875312,0.016563407
88.355465,90259,90.254,2480,5067.49226,5.06749226,5124.875312,-0.011196965
88.414611,90309,90.304,2470,5016.0,5.016,5124.875312,-0.02124448
88.455425,90359,90.354,2481,5072.67658,5.07267658,5124.875312,-0.010185366
88.505446,90409,90.404,2475,5041.666667,5.041666667,5124.875312,-0.016236228
88.578602,90459,90.454,2488,5109.14748,5.10914748,5124.875312,-0.00306892
88.605409,90509,90.504,2484,5088.268156,5.088268156,5124.875312,-0.007143033
88.655466,90559,90.554,2474,5036.520666,5.036520666,5124.875312,-0.01724035
88.720487,90609,90.604,2479,5062.314356,5.062314356,5124.875312,-0.012207313
88.755426,90659,90.654,2475,5041.666667,5.041666667,5124.875312,-0.016236228
88.805374,90709,90.704,2476,5046.819024,5.046819024,5124.875312,-0.015230866
88.870853,90759,90.754,2483,5083.064516,5.083064516,5124.875312,-0.008158403
88.905433,90809,90.804,2481,5072.67658,5.07267658,5124.875312,-0.010185366
88.963217,90859,90.854,2497,5156.508135,5.156508135,5124.875312,0.006172408
89.005461,90909,90.904,2496,5151.219512,5.151219512,5124.875312,0.005140457
89.078605,90959,90.954,2486,5098.694842,5.098694842,5124.875312,-0.005108509
89.105402,91009,91.004,2479,5062.314356,5.062314356,5124.875312,-0.012207313
89.155412,91059,91.054,2482,5077.867328,5.077867328,5124.875312,-0.009172513
89.22072,91109,91.104,2465,4990.490798,4.990490798,5124.875312,-0.026222007
89.255366,91159,91.154,2480,5067.49226,5.06749226,5124.875312,-0.011196965
89.305418,91209,91.204,2487,5103.91791,5.10391791,5124.875312,-0.004089349
89.370344,91259,91.254,2478,5057.142857,5.057142857,5124.875312,-0.01321641
89.405489,91309,91.304,2486,5098.694842,5.098694842,5124.875312,-0.005108509
89.462874,91359,91.354,2464,4985.407725,4.985407725,5124.875312,-0.02721385
89.505429,91409,91.404,2487,5103.91791,5.10391791,5124.875312,-0.004089349
89.555394,91459,91.454,2501,5177.728984,5.177728984,5124.875312,0.010313163
89.628349,91509,91.504,2487,5103.91791,5.10391791,5124.875312,-0.004089349
89.655424,91559,91.554,2491,5124.875312,5.124875312,5124.875312,0.0
89.72124,91609,91.604,2488,5109.14748,5.10914748,5124.875312,-0.00306892
89.755419,91659,91.654,2505,5199.056604,5.199056604,5124.875312,0.014474751
89.805455,91709,91.704,2474,5036.520666,5.036520666,5124.875312,-0.01724035
89.871259,91759,91.754,2490,5119.626168,5.119626168,5124.875312,-0.001024248
89.905438,91809,91.804,2470,5016.0,5.016,5124.875312,-0.02124448
89.955411,91859,91.854,2489,5114.383562,5.114383562,5124.875312,-0.002047221
90.015278,91909,91.904,2508,5215.122873,5.215122873,5124.875312,0.017609709
90.055449,91959,91.954,2487,5103.91791,5.10391791,5124.875312,-0.004089349
90.105417,92009,92.004,2481,5072.67658,5.07267658,5124.875312,-0.010185366
90.179703,92059,92.054,2474,5036.520666,5.036520666,5124.875312,-0.01724035
90.205435,92109,92.104,2484,5088.268156,5.088268156,5124.875312,-0.007143033
90.271723,92159,92.154,2504,5193.714645,5.193714645,5124.875312,0.013432392
90.305419,92209,92.204,2485,5093.478261,5.093478261,5124.875312,-0.006126403
90.355455,92259,92.254,2488,5109.14748,5.10914748,5124.875312,-0.00306892
90.421591,92309,92.304,2494,5140.662086,5.140662086,5124.875312,0.003080421
90.455462,92359,92.354,2511,5231.25,5.23125,5124.875312,0.020756542
90.521633,92409,92.404,2491,5124.875312,5.124875312,5124.875312,0.0
90.555402,92459,92.454,2475,5041.666667,5.041666667,5124.875312,-0.016236228
90.605413,92509,92.504,2468,5005.777505,5.005777505,5124.875312,-0.023239162
90.665278,92559,92.554,2467,5000.675676,5.000675676,5124.875312,-0.024234665
90.70546,92609,92.604,2486,5098.694842,5.098694842,5124.875312,-0.005108509
90.780088,92659,92.654,2484,5088.268156,5.088268156,5124.875312,-0.007143033
90.805456,92709,92.704,2480,5067.49226,5.06749226,5124.875312,-0.011196965
90.855446,92759,92.754,2476,5046.819024,5.046819024,5124.875312,-0.015230866
90.921941,92809,92.804,2479,5062.314356,5.062314356,5124.875312,-0.012207313
90.95544,92859,92.854,2488,5109.14748,5.10914748,5124.875312,-0.00306892
91.02296,92909,92.904,2498,5161.803381,5.161803381,5124.875312,0.007205652
91.055443,92959,92.954,2482,5077.867328,5.077867328,5124.875312,-0.009172513
91.105423,93009,93.004,2496,5151.219512,5.151219512,5124.875312,0.005140457
91.164865,93059,93.054,2507,5209.760705,5.209760705,5124.875312,0.016563407
91.205469,93109,93.104,2485,5093.478261,5.093478261,5124.875312,-0.006126403
91.279304,93159,93.154,2464,4985.407725,4.985407725,5124.875312,-0.02721385
91.305347,93209,93.204,2466,4995.58011,4.99558011,5124.875312,-0.025228946
91.355386,93259,93.254,2467,5000.675676,5.000675676,5124.875312,-0.024234665
91.42116,93309,93.304,2484,5088.268156,5.088268156,5124.875312,-0.007143033
91.455416,93359,93.354,2488,5109.14748,5.10914748,5124.875312,-0.00306892
91.523052,93409,93.404,2486,5098.694842,5.098694842,5124.875312,-0.005108509
91.555451,93459,93.454,2478,5057.142857,5.057142857,5124.875312,-0.01321641
91.614975,93509,93.504,2465,4990.490798,4.990490798,5124.875312,-0.026222007
91.65533,93559,93.554,2487,5103.91791,5.10391791,5124.875312,-0.004089349
91.705349,93609,93.604,2493,5135.393258,5.135393258,5124.875312,0.002052332
91.78116,93659,93.654,2487,5103.91791,5.10391791,5124.875312,-0.004089349
91.805509,93709,93.704,2498,5161.803381,5.161803381,5124.875312,0.007205652
91.873249,93759,93.754,2503,5188.379397,5.188379397,5124.875312,0.012391343
91.905384,93809,93.804,2490,5119.626168,5.119626168,5124.875312,-0.001024248
91.955347,93859,93.854,2488,5109.14748,5.10914748,5124.875312,-0.00306892
92.02467,93909,93.904,2461,4970.195838,4.970195838,5124.875312,-0.030182095
92.055395,93959,93.954,2477,5051.97775,5.05197775,5124.875312,-0.01422426
92.1054,94009,94.004,2472,5026.247689,5.026247689,5124.875312,-0.019244882
92.165531,94059,94.054,2493,5135.393258,5.135393258,5124.875312,0.002052332
92.205333,94109,94.104,2479,5062.314356,5.062314356,5124.875312,-0.012207313
92.255389,94159,94.154,2483,5083.064516,5.083064516,5124.875312,-0.008158403
92.329683,94209,94.204,2471,5021.12069,5.02112069,5124.875312,-0.020245297
92.355423,94259,94.254,2474,5036.520666,5.036520666,5124.875312,-0.01724035
92.421128,94309,94.304,2493,5135.393258,5.135393258,5124.875312,0.002052332
92.455343,94359,94.354,2479,5062.314356,5.062314356,5124.875312,-0.012207313
92.505424,94409,94.404,2498,5161.803381,5.161803381,5124.875312,0.007205652
92.572949,94459,94.454,2492,5130.131004,5.130131004,5124.875312,0.001025526
92.605449,94509,94.504,2514,5247.43833,5.24743833,5124.875312,0.023915317
92.672177,94559,94.554,2499,5167.105263,5.167105263,5124.875312,0.008240191
92.705446,94609,94.604,2474,5036.520666,5.036520666,5124.875312,-0.01724035
92.755378,94659,94.654,2465,4990.490798,4.990490798,5124.875312,-0.026222007
92.815462,94709,94.704,2481,5072.67658,5.07267658,5124.875312,-0.010185366
92.855439,94759,94.754,2486,5098.694842,5.098694842,5124.875312,-0.005108509
92.930019,94809,94.804,2486,5098.694842,5.098694842,5124.875312,-0.005108509
92.955357,94859,94.854,2482,5077.867328,5.077867328,5124.875312,-0.009172513
93.022991,94909,94.904,2469,5010.885609,5.010885609,5124.875312,-0.022242434
93.055383,94959,94.954,2483,5083.064516,5.083064516,5124.875312,-0.008158403
93.105471,95009,95.004,2487,5103.91791,5.10391791,5124.875312,-0.004089349
93.172521,95059,95.054,2493,5135.393258,5.135393258,5124.875312,0.002052332
93.205394,95109,95.104,2486,5098.694842,5.098694842,5124.875312,-0.005108509
93.255451,95159,95.154,2503,5188.379397,5.188379397,5124.875312,0.012391343
93.314806,95209,95.204,2506,5204.405286,5.204405286,5124.875312,0.015518421
93.355412,95259,95.254,2483,5083.064516,5.083064516,5124.875312,-0.008158403
93.405379,95309,95.304,2476,5046.819024,5.046819024,5124.875312,-0.015230866
93.473058,95359,95.354,2464,4985.407725,4.985407725,5124.875312,-0.02721385
93.505352,95409,95.404,2472,5026.247689,5.026247689,5124.875312,-0.019244882
93.555369,95459,95.454,2492,5130.131004,5.130131004,5124.875312,0.001025526
93.6304,95509,95.504,2488,5109.14748,5.10914748,5124.875312,-0.00306892
93.655322,95559,95.554,2484,5088.268156,5.088268156,5124.875312,-0.007143033
93.705383,95609,95.604,2450,4914.893617,4.914893617,5124.875312,-0.040973035
93.773351,95659,95.654,2477,5051.97775,5.05197775,5124.875312,-0.01422426
93.80545,95709,95.704,2477,5051.97775,5.05197775,5124.875312,-0.01422426
93.864943,95759,95.754,2495,5145.9375,5.1459375,5124.875312,0.004109795
93.905389,95809,95.804,2484,5088.268156,5.088268156,5124.875312,-0.007143033
93.955482,95859,95.854,2495,5145.9375,5.1459375,5124.875312,0.004109795
94.03455,95909,95.904,2526,5312.810707,5.312810707,5124.875312,0.036671213
94.055353,95959,95.954,2489,5114.383562,5.114383562,5124.875312,-0.002047221
94.105357,96009,96.004,2481,5072.67658,5.07267658,5124.875312,-0.010185366
94.171991,96059,96.054,2470,5016.0,5.016,5124.875312,-0.02124448
94.205401,96109,96.104,2480,5067.49226,5.06749226,5124.875312,-0.011196965
94.272181,96159,96.154,2479,5062.314356,5.062314356,5124.875312,-0.012207313
94.305375,96209,96.204,2483,5083.064516,5.083064516,5124.875312,-0.008158403
94.355367,96259,96.254,2475,5041.666667,5.041666667,5124.875312,-0.016236228
94.414939,96309,96.304,2466,4995.58011,4.99558011,5124.875312,-0.025228946
94.455423,96359,96.354,2475,5041.666667,5.041666667,5124.875312,-0.016236228
94.529597,96409,96.404,2477,5051.97775,5.05197775,5124.875312,-0.01422426
94.555406,96459,96.454,2486,5098.694842,5.098694842,5124.875312,-0.005108509
94.605396,96509,96.504,2487,5103.91791,5.10391791,5124.875312,-0.004089349
94.672272,96559,96.554,2491,5124.875312,5.124875312,5124.875312,0.0
94.705413,96609,96.604,2496,5151.219512,5.151219512,5124.875312,0.005140457
94.772229,96659,96.654,2499,5167.105263,5.167105263,5124.875312,0.008240191
94.805461,96709,96.704,2479,5062.314356,5.062314356,5124.875312,-0.012207313
94.872662,96759,96.754,2473,5031.381011,5.031381011,5124.875312,-0.018243234
94.905439,96809,96.804,2475,5041.666667,5.041666667,5124.875312,-0.016236228
94.955488,96859,96.854,2484,5088.268156,5.088268156,5124.875312,-0.007143033
95.016628,96909,96.904,2491,5124.875312,5.124875312,5124.875312,0.0
95.05541,96959,96.954,2482,5077.867328,5.077867328,5124.875312,-0.009172513
95.10545,97009,97.004,2472,5026.247689,5.026247689,5124.875312,-0.019244882
95.180389,97059,97.054,2464,4985.407725,4.985407725,5124.875312,-0.02721385
95.205376,97109,97.104,2491,5124.875312,5.124875312,5124.875312,0.0
95.255412,97159,97.154,2476,5046.819024,5.046819024,5124.875312,-0.015230866
95.321482,97209,97.204,2474,5036.520666,5.036520666,5124.875312,-0.01724035
95.355347,97259,97.254,2497,5156.508135,5.156508135,5124.875312,0.006172408
95.405361,97309,97.304,2490,5119.626168,5.119626168,5124.875312,-0.001024248
95.466021,97359,97.354,2518,5269.11858,5.26911858,5124.875312,0.028145713
95.505349,97409,97.404,2463,4980.330882,4.980330882,5124.875312,-0.028204477
95.555294,97459,97.454,2471,5021.12069,5.02112069,5124.875312,-0.020245297
95.630554,97509,97.504,2467,5000.675676,5.000675676,5124.875312,-0.024234665
95.655383,97559,97.554,2469,5010.885609,5.010885609,5124.875312,-0.022242434
95.723819,97609,97.604,2497,5156.508135,5.156508135,5124.875312,0.006172408
95.755321,97659,97.654,2483,5083.064516,5.083064516,5124.875312,-0.008158403
95.805358,97709,97.704,2467,5000.675676,5.000675676,5124.875312,-0.024234665
95.874103,97759,97.754,2474,5036.520666,5.036520666,5124.875312,-0.01724035
95.905382,97809,97.804,2473,5031.381011,5.031381011,5124.875312,-0.018243234
95.972682,97859,97.854,2482,5077.867328,5.077867328,5124.875312,-0.009172513
96.004348,97909,97.904,2485,5093.478261,5.093478261,5124.875312,-0.006126403
96.055285,97959,97.954,2493,5135.393258,5.135393258,5124.875312,0.002052332
96.115089,98009,98.004,2479,5062.314356,5.062314356,5124.875312,-0.012207313
96.154424,98059,98.054,2506,5204.405286,5.204405286,5124.875312,0.015518421
96.204456,98109,98.104,2488,5109.14748,5.10914748,5124.875312,-0.00306892
96.280663,98159,98.154,2467,5000.675676,5.000675676,5124.875312,-0.024234665
96.304452,98209,98.204,2468,5005.777505,5.005777505,5124.875312,-0.023239162
96.354468,98259,98.254,2453,4929.902558,4.929902558,5124.875312,-0.03804439
96.4212,98309,98.304,2474,5036.520666,5.036520666,5124.875312,-0.01724035
96.455392,98359,98.354,2490,5119.626168,5.119626168,5124.875312,-0.001024248
96.523928,98409,98.404,2487,5103.91791,5.10391791,5124.875312,-0.004089349
96.554376,98459,98.454,2470,5016.0,5.016,5124.875312,-0.02124448
96.60446,98509,98.504,2478,5057.142857,5.057142857,5124.875312,-0.01321641
96.665011,98559,98.554,2473,5031.381011,5.031381011,5124.875312,-0.018243234
96.705378,98609,98.604,2473,5031.381011,5.031381011,5124.875312,-0.018243234
96.783066,98659,98.654,2473,5031.381011,5.031381011,5124.875312,-0.018243234
96.8054,98709,98.704,2499,5167.105263,5.167105263,5124.875312,0.008240191
96.87288,98759,98.754,2504,5193.714645,5.193714645,5124.875312,0.013432392
96.904382,98809,98.804,2487,5103.91791,5.10391791,5124.875312,-0.004089349
96.954393,98859,98.854,2470,5016.0,5.016,5124.875312,-0.02124448
97.023658,98909,98.904,2475,5041.666667,5.041666667,5124.875312,-0.016236228
97.054422,98959,98.954,2476,5046.819024,5.046819024,5124.875312,-0.015230866
97.104426,99009,99.004,2473,5031.381011,5.031381011,5124.875312,-0.018243234
97.165091,99059,99.054,2475,5041.666667,5.041666667,5124.875312,-0.016236228
97.204454,99109,99.104,2489,5114.383562,5.114383562,5124.875312,-0.002047221
97.279485,99159,99.154,2473,5031.381011,5.031381011,5124.875312,-0.018243234
97.304448,99209,99.204,2473,5031.381011,5.031381011,5124.875312,-0.018243234
97.354447,99259,99.254,2480,5067.49226,5.06749226,5124.875312,-0.011196965
97.422694,99309,99.304,2474,5036.520666,5.036520666,5124.875312,-0.01724035
97.454431,99359,99.354,2473,5031.381011,5.031381011,5124.875312,-0.018243234
97.504413,99409,99.404,2501,5177.728984,5.177728984,5124.875312,0.010313163
97.573353,99459,99.454,2490,5119.626168,5.119626168,5124.875312,-0.001024248
97.604389,99509,99.504,2488,5109.14748,5.10914748,5124.875312,-0.00306892
97.654371,99559,99.554,2479,5062.314356,5.062314356,5124.875312,-0.012207313
97.716036,99609,99.604,2470,5016.0,5.016,5124.875312,-0.02124448
97.754442,99659,99.654,2475,5041.666667,5.041666667,5124.875312,-0.016236228
97.82981,99709,99.704,2474,5036.520666,5.036520666,5124.875312,-0.01724035
97.854433,99759,99.754,2491,5124.875312,5.124875312,5124.875312,0.0
97.904326,99809,99.804,2484,5088.268156,5.088268156,5124.875312,-0.007143033
97.964035,99859,99.854,2484,5088.268156,5.088268156,5124.875312,-0.007143033
98.004391,99909,99.904,2474,5036.520666,5.036520666,5124.875312,-0.01724035
98.079281,99959,99.954,2491,5124.875312,5.124875312,5124.875312,0.0
98.104393,100009,100.004,2488,5109.14748,5.10914748,5124.875312,-0.00306892
98.15445,100059,100.054,2468,5005.777505,5.005777505,5124.875312,-0.023239162
98.222795,100109,100.104,2488,5109.14748,5.10914748,5124.875312,-0.00306892
98.254397,100159,100.154,2495,5145.9375,5.1459375,5124.875312,0.004109795
98.304443,100209,100.204,2511,5231.25,5.23125,5124.875312,0.020756542
98.365663,100259,100.254,2498,5161.803381,5.161803381,5124.875312,0.007205652
98.404394,100309,100.304,2474,5036.520666,5.036520666,5124.875312,-0.01724035
98.454473,100359,100.354,2474,5036.520666,5.036520666,5124.875312,-0.01724035
98.536813,100409,100.404,2475,5041.666667,5.041666667,5124.875312,-0.016236228
98.554354,100459,100.454,2478,5057.142857,5.057142857,5124.875312,-0.01321641
98.604411,100509,100.504,2496,5151.219512,5.151219512,5124.875312,0.005140457
98.666287,100559,100.554,2481,5072.67658,5.07267658,5124.875312,-0.010185366
98.704374,100609,100.604,2476,5046.819024,5.046819024,5124.875312,-0.015230866
98.754396,100659,100.654,2477,5051.97775,5.05197775,5124.875312,-0.01422426
98.824639,100709,100.704,2479,5062.314356,5.062314356,5124.875312,-0.012207313
98.854429,100759,100.754,2503,5188.379397,5.188379397,5124.875312,0.012391343
98.930873,100809,100.804,2481,5072.67658,5.07267658,5124.875312,-0.010185366
98.954386,100859,100.854,2495,5145.9375,5.1459375,5124.875312,0.004109795
99.024376,100909,100.904,2503,5188.379397,5.188379397,5124.875312,0.012391343
99.054396,100959,100.954,2480,5067.49226,5.06749226,5124.875312,-0.011196965
99.104455,101009,101.004,2466,4995.58011,4.99558011,5124.875312,-0.025228946
99.173341,101059,101.054,2468,5005.777505,5.005777505,5124.875312,-0.023239162
99.204368,101109,101.104,2468,5005.777505,5.005777505,5124.875312,-0.023239162
99.254433,101159,101.154,2471,5021.12069,5.02112069,5124.875312,-0.020245297
99.322299,101209,101.204,2485,5093.478261,5.093478261,5124.875312,-0.006126403
99.354366,101259,101.254,2484,5088.268156,5.088268156,5124.875312,-0.007143033
99.40437,101309,101.304,2474,5036.520666,5.036520666,5124.875312,-0.01724035
99.465332,101359,101.354,2472,5026.247689,5.026247689,5124.875312,-0.019244882
99.504406,101409,101.404,2481,5072.67658,5.07267658,5124.875312,-0.010185366
99.581011,101459,101.454,2482,5077.867328,5.077867328,5124.875312,-0.009172513
99.604371,101509,101.504,2474,5036.520666,5.036520666,5124.875312,-0.01724035
99.654398,101559,101.554,2515,5252.848101,5.252848101,5124.875312,0.024970908
99.723337,101609,101.604,2502,5183.050847,5.183050847,5124.875312,0.0113516
99.754431,101659,101.654,2492,5130.131004,5.130131004,5124.875312,0.001025526
99.826764,101709,101.704,2457,4950.0,4.95,5124.875312,-0.034122842
99.854439,101759,101.754,2481,5072.67658,5.07267658,5124.875312,-0.010185366
99.916015,101809,101.804,2472,5026.247689,5.026247689,5124.875312,-0.019244882
99.954427,101859,101.854,2470,5016.0,5.016,5124.875312,-0.02124448
100.031233,101909,101.904,2484,5088.268156,5.088268156,5124.875312,-0.007143033
100.054419,101959,101.954,2484,5088.268156,5.088268156,5124.875312,-0.007143033
100.104404,102009,102.004,2476,5046.819024,5.046819024,5124.875312,-0.015230866
100.17334,102059,102.054,2466,4995.58011,4.99558011,5124.875312,-0.025228946
100.204423,102109,102.104,2477,5051.97775,5.05197775,5124.875312,-0.01422426
100.274154,102159,102.154,2483,5083.064516,5.083064516,5124.875312,-0.008158403
100.304372,102209,102.204,2482,5077.867328,5.077867328,5124.875312,-0.009172513
100.354429,102259,102.254,2493,5135.393258,5.135393258,5124.875312,0.002052332
100.41572,102309,102.304,2495,5145.9375,5.1459375,5124.875312,0.004109795
100.454375,102359,102.354,2499,5167.105263,5.167105263,5124.875312,0.008240191
100.504357,102409,102.404,2481,5072.67658,5.07267658,5124.875312,-0.010185366
100.583248,102459,102.454,2463,4980.330882,4.980330882,5124.875312,-0.028204477
100.604395,102509,102.504,2462,4975.260257,4.975260257,5124.875312,-0.029193892
100.673951,102559,102.554,2464,4985.407725,4.985407725,5124.875312,-0.02721385
100.704404,102609,102.604,2481,5072.67658,5.07267658,5124.875312,-0.010185366
100.774447,102659,102.654,2482,5077.867328,5.077867328,5124.875312,-0.009172513
100.804403,102709,102.704,2463,4980.330882,4.980330882,5124.875312,-0.028204477
100.873065,102759,102.754,2466,4995.58011,4.99558011,5124.875312,-0.025228946
100.904436,102809,102.804,2474,5036.520666,5.036520666,5124.875312,-0.01724035
100.966247,102859,102.854,2501,5177.728984,5.177728984,5124.875312,0.010313163
101.004309,102909,102.904,2471,5021.12069,5.02112069,5124.875312,-0.020245297
101.054412,102959,102.954,2503,5188.379397,5.188379397,5124.875312,0.012391343
101.132119,103009,103.004,2485,5093.478261,5.093478261,5124.875312,-0.006126403
101.154452,103059,103.054,2508,5215.122873,5.215122873,5124.875312,0.017609709
101.223159,103109,103.104,2488,5109.14748,5.10914748,5124.875312,-0.00306892
101.254346,103159,103.154,2456,4944.966443,4.944966443,5124.875312,-0.035105024
101.304374,103209,103.204,2461,4970.195838,4.970195838,5124.875312,-0.030182095
101.376443,103259,103.254,2463,4980.330882,4.980330882,5124.875312,-0.028204477
101.404378,103309,103.304,2481,5072.67658,5.07267658,5124.875312,-0.010185366
101.454385,103359,103.354,2492,5130.131004,5.130131004,5124.875312,0.001025526
101.51675,103409,103.404,2480,5067.49226,5.06749226,5124.875312,-0.011196965
101.554346,103459,103.454,2468,5005.777505,5.005777505,5124.875312,-0.023239162
101.604373,103509,103.504,2456,4944.966443,4.944966443,5124.875312,-0.035105024
101.681831,103559,103.554,2496,5151.219512,5.151219512,5124.875312,0.005140457
101.704374,103609,103.604,2500,5172.413793,5.172413793,5124.875312,0.009276027
101.754412,103659,103.654,2482,5077.867328,5.077867328,5124.875312,-0.009172513
101.82408,103709,103.704,2494,5140.662086,5.140662086,5124.875312,0.003080421
101.85439,103759,103.754,2502,5183.050847,5.183050847,5124.875312,0.0113516
101.904397,103809,103.804,2480,5067.49226,5.06749226,5124.875312,-0.011196965
101.96717,103859,103.854,2481,5072.67658,5.07267658,5124.875312,-0.010185366
102.004412,103909,103.904,2470,5016.0,5.016,5124.875312,-0.02124448
102.081262,103959,103.954,2465,4990.490798,4.990490798,5124.875312,-0.026222007
102.104391,104009,104.004,2482,5077.867328,5.077867328,5124.875312,-0.009172513
102.154472,104059,104.054,2480,5067.49226,5.06749226,5124.875312,-0.011196965
102.223709,104109,104.104,2490,5119.626168,5.119626168,5124.875312,-0.001024248
102.254358,104159,104.154,2470,5016.0,5.016,5124.875312,-0.02124448
102.304372,104209,104.204,2455,4939.939024,4.939939024,5124.875312,-0.036086007
102.373536,104259,104.254,2467,5000.675676,5.000675676,5124.875312,-0.024234665
102.404382,104309,104.304,2486,5098.694842,5.098694842,5124.875312,-0.005108509
102.472747,104359,104.354,2472,5026.247689,5.026247689,5124.875312,-0.019244882
102.504348,104409,104.404,2504,5193.714645,5.193714645,5124.875312,0.013432392
102.554428,104459,104.454,2492,5130.131004,5.130131004,5124.875312,0.001025526
102.617181,104509,104.504,2493,5135.393258,5.135393258,5124.875312,0.002052332
102.654344,104559,104.554,2500,5172.413793,5.172413793,5124.875312,0.009276027
102.704324,104609,104.604,2482,5077.867328,5.077867328,5124.875312,-0.009172513
102.782052,104659,104.654,2465,4990.490798,4.990490798,5124.875312,-0.026222007
102.804353,104709,104.704,2467,5000.675676,5.000675676,5124.875312,-0.024234665
102.873758,104759,104.754,2478,5057.142857,5.057142857,5124.875312,-0.01321641
102.90441,104809,104.804,2474,5036.520666,5.036520666,5124.875312,-0.01724035
102.9735,104859,104.854,2470,5016.0,5.016,5124.875312,-0.02124448
103.004302,104909,104.904,2471,5021.12069,5.02112069,5124.875312,-0.020245297
103.054345,104959,104.954,2478,5057.142857,5.057142857,5124.875312,-0.01321641
103.117477,105009,105.004,2491,5124.875312,5.124875312,5124.875312,0.0
103.154329,105059,105.054,2456,4944.966443,4.944966443,5124.875312,-0.035105024
103.204396,105109,105.104,2496,5151.219512,5.151219512,5124.875312,0.005140457
103.282711,105159,105.154,2482,5077.867328,5.077867328,5124.875312,-0.009172513
103.304278,105209,105.204,2512,5236.639292,5.236639292,5124.875312,0.021808137
103.354385,105259,105.254,2478,5057.142857,5.057142857,5124.875312,-0.01321641
103.423264,105309,105.304,2469,5010.885609,5.010885609,5124.875312,-0.022242434
103.454267,105359,105.354,2464,4985.407725,4.985407725,5124.875312,-0.02721385
103.504354,105409,105.404,2468,5005.777505,5.005777505,5124.875312,-0.023239162
103.574976,105459,105.454,2476,5046.819024,5.046819024,5124.875312,-0.015230866
103.604256,105509,105.504,2473,5031.381011,5.031381011,5124.875312,-0.018243234
103.654391,105559,105.554,2469,5010.885609,5.010885609,5124.875312,-0.022242434
103.717433,105609,105.604,2467,5000.675676,5.000675676,5124.875312,-0.024234665
103.754386,105659,105.654,2479,5062.314356,5.062314356,5124.875312,-0.012207313
103.804391,105709,105.704,2484,5088.268156,5.088268156,5124.875312,-0.007143033
103.875891,105759,105.754,2494,5140.662086,5.140662086,5124.875312,0.003080421
103.904362,105809,105.804,2498,5161.803381,5.161803381,5124.875312,0.007205652
103.954349,105859,105.854,2488,5109.14748,5.10914748,5124.875312,-0.00306892
104.033002,105909,105.904,2494,5140.662086,5.140662086,5124.875312,0.003080421
104.054301,105959,105.954,2473,5031.381011,5.031381011,5124.875312,-0.018243234
104.104371,106009,106.004,2470,5016.0,5.016,5124.875312,-0.02124448
104.167421,106059,106.054,2463,4980.330882,4.980330882,5124.875312,-0.028204477
104.204414,106109,106.104,2477,5051.97775,5.05197775,5124.875312,-0.01422426
104.281558,106159,106.154,2468,5005.777505,5.005777505,5124.875312,-0.023239162
104.304338,106209,106.204,2482,5077.867328,5.077867328,5124.875312,-0.009172513
104.35437,106259,106.254,2469,5010.885609,5.010885609,5124.875312,-0.022242434
104.423882,106309,106.304,2463,4980.330882,4.980330882,5124.875312,-0.028204477
104.454356,106359,106.354,2472,5026.247689,5.026247689,5124.875312,-0.019244882
104.504349,106409,106.404,2471,5021.12069,5.02112069,5124.875312,-0.020245297
104.575528,106459,106.454,2488,5109.14748,5.10914748,5124.875312,-0.00306892
104.604262,106509,106.504,2474,5036.520666,5.036520666,5124.875312,-0.01724035
104.654376,106559,106.554,2499,5167.105263,5.167105263,5124.875312,0.008240191
104.717856,106609,106.604,2493,5135.393258,5.135393258,5124.875312,0.002052332
104.754382,106659,106.654,2470,5016.0,5.016,5124.875312,-0.02124448
104.804313,106709,106.704,2466,4995.58011,4.99558011,5124.875312,-0.025228946
104.882795,106759,106.754,2460,4965.137615,4.965137615,5124.875312,-0.031169089
104.904346,106809,106.804,2474,5036.520666,5.036520666,5124.875312,-0.01724035
104.974298,106859,106.854,2456,4944.966443,4.944966443,5124.875312,-0.035105024
105.004378,106909,106.904,2477,5051.97775,5.05197775,5124.875312,-0.01422426
105.076167,106959,106.954,2480,5067.49226,5.06749226,5124.875312,-0.011196965
105.104242,107009,107.004,2462,4975.260257,4.975260257,5124.875312,-0.029193892
105.154375,107059,107.054,2467,5000.675676,5.000675676,5124.875312,-0.024234665
105.225319,107109,107.104,2476,5046.819024,5.046819024,5124.875312,-0.015230866
105.254321,107159,107.154,2498,5161.803381,5.161803381,5124.875312,0.007205652
105.304338,107209,107.204,2463,4980.330882,4.980330882,5124.875312,-0.028204477
105.367171,107259,107.254,2473,5031.381011,5.031381011,5124.875312,-0.018243234
105.404371,107309,107.304,2503,5188.379397,5.188379397,5124.875312,0.012391343
105.481762,107359,107.354,2492,5130.131004,5.130131004,5124.875312,0.001025526
105.504329,107409,107.404,2455,4939.939024,4.939939024,5124.875312,-0.036086007
105.55435,107459,107.454,2460,4965.137615,4.965137615,5124.875312,-0.031169089
105.625475,107509,107.504,2464,4985.407725,4.985407725,5124.875312,-0.02721385
105.654385,107559,107.554,2460,4965.137615,4.965137615,5124.875312,-0.031169089
105.724865,107609,107.604,2478,5057.142857,5.057142857,5124.875312,-0.01321641
105.754375,107659,107.654,2474,5036.520666,5.036520666,5124.875312,-0.01724035
105.804384,107709,107.704,2466,4995.58011,4.99558011,5124.875312,-0.025228946
105.867676,107759,107.754,2467,5000.675676,5.000675676,5124.875312,-0.024234665
105.904372,107809,107.804,2475,5041.666667,5.041666667,5124.875312,-0.016236228
105.954346,107859,107.854,2492,5130.131004,5.130131004,5124.875312,0.001025526
106.033722,107909,107.904,2471,5021.12069,5.02112069,5124.875312,-0.020245297
106.054343,107959,107.954,2490,5119.626168,5.119626168,5124.875312,-0.001024248
106.10433,108009,108.004,2504,5193.714645,5.193714645,5124.875312,0.013432392
106.174533,108059,108.054,2494,5140.662086,5.140662086,5124.875312,0.003080421
106.204337,108109,108.104,2474,5036.520666,5.036520666,5124.875312,-0.01724035
106.274756,108159,108.154,2464,4985.407725,4.985407725,5124.875312,-0.02721385
106.304253,108209,108.204,2470,5016.0,5.016,5124.875312,-0.02124448
106.354385,108259,108.254,2486,5098.694842,5.098694842,5124.875312,-0.005108509
106.417463,108309,108.304,2472,5026.247689,5.026247689,5124.875312,-0.019244882
106.454355,108359,108.354,2481,5072.67658,5.07267658,5124.875312,-0.010185366
106.504334,108409,108.404,2473,5031.381011,5.031381011,5124.875312,-0.018243234
106.583771,108459,108.454,2458,4955.039707,4.955039707,5124.875312,-0.033139461
106.604337,108509,108.504,2472,5026.247689,5.026247689,5124.875312,-0.019244882
106.674747,108559,108.554,2486,5098.694842,5.098694842,5124.875312,-0.005108509
106.704357,108609,108.604,2479,5062.314356,5.062314356,5124.875312,-0.012207313
106.775705,108659,108.654,2481,5072.67658,5.07267658,5124.875312,-0.010185366
106.804372,108709,108.704,2476,5046.819024,5.046819024,5124.875312,-0.015230866
106.875063,108759,108.754,2483,5083.064516,5.083064516,5124.875312,-0.008158403
106.904389,108809,108.804,2467,5000.675676,5.000675676,5124.875312,-0.024234665
106.967439,108859,108.854,2477,5051.97775,5.05197775,5124.875312,-0.01422426
107.004351,108909,108.904,2440,4865.256798,4.865256798,5124.875312,-0.050658504
107.054367,108959,108.954,2453,4929.902558,4.929902558,5124.875312,-0.03804439
107.133207,109009,109.004,2469,5010.885609,5.010885609,5124.875312,-0.022242434
107.154321,109059,109.054,2475,5041.666667,5.041666667,5124.875312,-0.016236228
107.204361,109109,109.104,2466,4995.58011,4.99558011,5124.875312,-0.025228946
107.274662,109159,109.154,2467,5000.675676,5.000675676,5124.875312,-0.024234665
107.304338,109209,109.204,2468,5005.777505,5.005777505,5124.875312,-0.023239162
107.354298,109259,109.254,2473,5031.381011,5.031381011,5124.875312,-0.018243234
107.424813,109309,109.304,2484,5088.268156,5.088268156,5124.875312,-0.007143033
107.454268,109359,109.354,2477,5051.97775,5.05197775,5124.875312,-0.01422426
107.504312,109409,109.404,2498,5161.803381,5.161803381,5124.875312,0.007205652
107.567863,109459,109.454,2507,5209.760705,5.209760705,5124.875312,0.016563407
107.604249,109509,109.504,2484,5088.268156,5.088268156,5124.875312,-0.007143033
107.654276,109559,109.554,2457,4950.0,4.95,5124.875312,-0.034122842
107.733682,109609,109.604,2461,4970.195838,4.970195838,5124.875312,-0.030182095
107.754323,109659,109.654,2464,4985.407725,4.985407725,5124.875312,-0.02721385
107.825613,109709,109.704,2450,4914.893617,4.914893617,5124.875312,-0.040973035
107.854252,109759,109.754,2463,4980.330882,4.980330882,5124.875312,-0.028204477
107.904338,109809,109.804,2477,5051.97775,5.05197775,5124.875312,-0.01422426
107.975011,109859,109.854,2462,4975.260257,4.975260257,5124.875312,-0.029193892
108.004305,109909,109.904,2467,5000.675676,5.000675676,5124.875312,-0.024234665
108.054298,109959,109.954,2468,5005.777505,5.005777505,5124.875312,-0.023239162
108.11749,110009,110.004,2497,5156.508135,5.156508135,5124.875312,0.006172408
108.154319,110059,110.054,2483,5083.064516,5.083064516,5124.875312,-0.008158403
108.232829,110109,110.104,2486,5098.694842,5.098694842,5124.875312,-0.005108509
108.254296,110159,110.154,2500,5172.413793,5.172413793,5124.875312,0.009276027
108.304335,110209,110.204,2494,5140.662086,5.140662086,5124.875312,0.003080421
108.367578,110259,110.254,2471,5021.12069,5.02112069,5124.875312,-0.020245297
108.404274,110309,110.304,2465,4990.490798,4.990490798,5124.875312,-0.026222007
108.454289,110359,110.354,2467,5000.675676,5.000675676,5124.875312,-0.024234665
108.534669,110409,110.404,2463,4980.330882,4.980330882,5124.875312,-0.028204477
108.554268,110459,110.454,2466,4995.58011,4.99558011,5124.875312,-0.025228946
108.604311,110509,110.504,2472,5026.247689,5.026247689,5124.875312,-0.019244882
108.668413,110559,110.554,2465,4990.490798,4.990490798,5124.875312,-0.026222007
108.704306,110609,110.604,2478,5057.142857,5.057142857,5124.875312,-0.01321641
108.754356,110659,110.654,2473,5031.381011,5.031381011,5124.875312,-0.018243234
108.833448,110709,110.704,2481,5072.67658,5.07267658,5124.875312,-0.010185366
108.854326,110759,110.754,2470,5016.0,5.016,5124.875312,-0.02124448
108.904306,110809,110.804,2503,5188.379397,5.188379397,5124.875312,0.012391343
108.974978,110859,110.854,2480,5067.49226,5.06749226,5124.875312,-0.011196965
109.004278,110909,110.904,2508,5215.122873,5.215122873,5124.875312,0.017609709
109.054343,110959,110.954,2482,5077.867328,5.077867328,5124.875312,-0.009172513
109.118881,111009,111.004,2457,4950.0,4.95,5124.875312,-0.034122842
109.154299,111059,111.054,2464,4985.407725,4.985407725,5124.875312,-0.02721385
109.204348,111109,111.104,2460,4965.137615,4.965137615,5124.875312,-0.031169089
109.282712,111159,111.154,2462,4975.260257,4.975260257,5124.875312,-0.029193892
109.304334,111209,111.204,2469,5010.885609,5.010885609,5124.875312,-0.022242434
109.354265,111259,111.254,2481,5072.67658,5.07267658,5124.875312,-0.010185366
109.423664,111309,111.304,2447,4899.93932,4.89993932,5124.875312,-0.043891017
109.454314,111359,111.354,2464,4985.407725,4.985407725,5124.875312,-0.02721385
109.524512,111409,111.404,2482,5077.867328,5.077867328,5124.875312,-0.009172513
109.554307,111459,111.454,2478,5057.142857,5.057142857,5124.875312,-0.01321641
109.625312,111509,111.504,2485,5093.478261,5.093478261,5124.875312,-0.006126403
109.654221,111559,111.554,2482,5077.867328,5.077867328,5124.875312,-0.009172513
109.704348,111609,111.604,2503,5188.379397,5.188379397,5124.875312,0.012391343
109.76871,111659,111.654,2486,5098.694842,5.098694842,5124.875312,-0.005108509
109.804347,111709,111.704,2482,5077.867328,5.077867328,5124.875312,-0.009172513
109.854323,111759,111.754,2454,4934.917733,4.934917733,5124.875312,-0.037065795
109.933683,111809,111.804,2455,4939.939024,4.939939024,5124.875312,-0.036086007
109.954254,111859,111.854,2473,5031.381011,5.031381011,5124.875312,-0.018243234
110.027016,111909,111.904,2474,5036.520666,5.036520666,5124.875312,-0.01724035
110.054345,111959,111.954,2467,5000.675676,5.000675676,5124.875312,-0.024234665
110.104356,112009,112.004,2457,4950.0,4.95,5124.875312,-0.034122842
110.175976,112059,112.054,2464,4985.407725,4.985407725,5124.875312,-0.02721385
110.204231,112109,112.104,2477,5051.97775,5.05197775,5124.875312,-0.01422426
110.254373,112159,112.154,2481,5072.67658,5.07267658,5124.875312,-0.010185366
110.318263,112209,112.204,2498,5161.803381,5.161803381,5124.875312,0.007205652
110.354375,112259,112.254,2489,5114.383562,5.114383562,5124.875312,-0.002047221
110.404359,112309,112.304,2508,5215.122873,5.215122873,5124.875312,0.017609709
110.48283,112359,112.354,2503,5188.379397,5.188379397,5124.875312,0.012391343
110.5043,112409,112.404,2476,5046.819024,5.046819024,5124.875312,-0.015230866
110.554335,112459,112.454,2461,4970.195838,4.970195838,5124.875312,-0.030182095
110.626867,112509,112.504,2471,5021.12069,5.02112069,5124.875312,-0.020245297
110.654227,112559,112.554,2465,4990.490798,4.990490798,5124.875312,-0.026222007
110.704279,112609,112.604,2463,4980.330882,4.980330882,5124.875312,-0.028204477
110.768904,112659,112.654,2469,5010.885609,5.010885609,5124.875312,-0.022242434
110.804338,112709,112.704,2460,4965.137615,4.965137615,5124.875312,-0.031169089
110.883064,112759,112.754,2471,5021.12069,5.02112069,5124.875312,-0.020245297
110.90429,112809,112.804,2470,5016.0,5.016,5124.875312,-0.02124448
110.954277,112859,112.854,2472,5026.247689,5.026247689,5124.875312,-0.019244882
111.02696,112909,112.904,2461,4970.195838,4.970195838,5124.875312,-0.030182095
111.054313,112959,112.954,2491,5124.875312,5.124875312,5124.875312,0.0
111.104335,113009,113.004,2480,5067.49226,5.06749226,5124.875312,-0.011196965
111.176656,113059,113.054,2516,5258.264725,5.258264725,5124.875312,0.026027836
111.204305,113109,113.104,2471,5021.12069,5.02112069,5124.875312,-0.020245297
111.254305,113159,113.154,2465,4990.490798,4.990490798,5124.875312,-0.026222007
111.31848,113209,113.204,2467,5000.675676,5.000675676,5124.875312,-0.024234665
111.354309,113259,113.254,2462,4975.260257,4.975260257,5124.875312,-0.029193892
111.432339,113309,113.304,2465,4990.490798,4.990490798,5124.875312,-0.026222007
111.454287,113359,113.354,2467,5000.675676,5.000675676,5124.875312,-0.024234665
111.504313,113409,113.404,2454,4934.917733,4.934917733,5124.875312,-0.037065795
111.575768,113459,113.454,2461,4970.195838,4.970195838,5124.875312,-0.030182095
111.604301,113509,113.504,2457,4950.0,4.95,5124.875312,-0.034122842
111.654255,113559,113.554,2481,5072.67658,5.07267658,5124.875312,-0.010185366
111.726367,113609,113.604,2461,4970.195838,4.970195838,5124.875312,-0.030182095
111.754351,113659,113.654,2490,5119.626168,5.119626168,5124.875312,-0.001024248
111.826867,113709,113.704,2473,5031.381011,5.031381011,5124.875312,-0.018243234
111.854288,113759,113.754,2506,5204.405286,5.204405286,5124.875312,0.015518421
111.904307,113809,113.804,2477,5051.97775,5.05197775,5124.875312,-0.01422426
111.975239,113859,113.854,2462,4975.260257,4.975260257,5124.875312,-0.029193892
112.004299,113909,113.904,2453,4929.902558,4.929902558,5124.875312,-0.03804439
112.08572,113959,113.954,2452,4924.893488,4.924893488,5124.875312,-0.039021793
112.104322,114009,114.004,2453,4929.902558,4.929902558,5124.875312,-0.03804439
112.17682,114059,114.054,2471,5021.12069,5.02112069,5124.875312,-0.020245297
112.204363,114109,114.104,2462,4975.260257,4.975260257,5124.875312,-0.029193892
112.276852,114159,114.154,2463,4980.330882,4.980330882,5124.875312,-0.028204477
112.304335,114209,114.204,2468,5005.777505,5.005777505,5124.875312,-0.023239162
112.354345,114259,114.254,2478,5057.142857,5.057142857,5124.875312,-0.01321641
112.419529,114309,114.304,2470,5016.0,5.016,5124.875312,-0.02124448
112.45433,114359,114.354,2483,5083.064516,5.083064516,5124.875312,-0.008158403
112.504287,114409,114.404,2480,5067.49226,5.06749226,5124.875312,-0.011196965
112.585405,114459,114.454,2505,5199.056604,5.199056604,5124.875312,0.014474751
112.604329,114509,114.504,2490,5119.626168,5.119626168,5124.875312,-0.001024248
112.677873,114559,114.554,2460,4965.137615,4.965137615,5124.875312,-0.031169089
112.704265,114609,114.604,2448,4904.918033,4.904918033,5124.875312,-0.042919538
112.754337,114659,114.654,2466,4995.58011,4.99558011,5124.875312,-0.025228946
112.827823,114709,114.704,2461,4970.195838,4.970195838,5124.875312,-0.030182095
112.854321,114759,114.754,2494,5140.662086,5.140662086,5124.875312,0.003080421
112.904324,114809,114.804,2470,5016.0,5.016,5124.875312,-0.02124448
112.970234,114859,114.854,2473,5031.381011,5.031381011,5124.875312,-0.018243234
113.004262,114909,114.904,2471,5021.12069,5.02112069,5124.875312,-0.020245297
113.054313,114959,114.954,2468,5005.777505,5.005777505,5124.875312,-0.023239162
113.134363,115009,115.004,2476,5046.819024,5.046819024,5124.875312,-0.015230866
113.154275,115059,115.054,2474,5036.520666,5.036520666,5124.875312,-0.01724035
113.204298,115109,115.104,2484,5088.268156,5.088268156,5124.875312,-0.007143033
113.277519,115159,115.154,2507,5209.760705,5.209760705,5124.875312,0.016563407
113.304296,115209,115.204,2481,5072.67658,5.07267658,5124.875312,-0.010185366
113.354322,115259,115.254,2473,5031.381011,5.031381011,5124.875312,-0.018243234
113.419659,115309,115.304,2469,5010.885609,5.010885609,5124.875312,-0.022242434
113.45424,115359,115.354,2469,5010.885609,5.010885609,5124.875312,-0.022242434
113.504292,115409,115.404,2469,5010.885609,5.010885609,5124.875312,-0.022242434
113.580557,115459,115.454,2477,5051.97775,5.05197775,5124.875312,-0.01422426
113.604265,115509,115.504,2474,5036.520666,5.036520666,5124.875312,-0.01724035
113.6543,115559,115.554,2468,5005.777505,5.005777505,5124.875312,-0.023239162
113.737147,115609,115.604,2459,4960.085575,4.960085575,5124.875312,-0.032154877
113.75429,115659,115.654,2472,5026.247689,5.026247689,5124.875312,-0.019244882
113.804192,115709,115.704,2490,5119.626168,5.119626168,5124.875312,-0.001024248
113.879736,115759,115.754,2462,4975.260257,4.975260257,5124.875312,-0.029193892
113.904303,115809,115.804,2513,5242.035398,5.242035398,5124.875312,0.022861061
113.977298,115859,115.854,2487,5103.91791,5.10391791,5124.875312,-0.004089349
114.004287,115909,115.904,2502,5183.050847,5.183050847,5124.875312,0.0113516
114.054298,115959,115.954,2474,5036.520666,5.036520666,5124.875312,-0.01724035
114.120958,116009,116.004,2458,4955.039707,4.955039707,5124.875312,-0.033139461
114.154343,116059,116.054,2461,4970.195838,4.970195838,5124.875312,-0.030182095
114.230584,116109,116.104,2460,4965.137615,4.965137615,5124.875312,-0.031169089
114.254294,116159,116.154,2479,5062.314356,5.062314356,5124.875312,-0.012207313
114.30431,116209,116.204,2465,4990.490798,4.990490798,5124.875312,-0.026222007
114.384706,116259,116.254,2463,4980.330882,4.980330882,5124.875312,-0.028204477
114.404281,116309,116.304,2471,5021.12069,5.02112069,5124.875312,-0.020245297
114.454282,116359,116.354,2480,5067.49226,5.06749226,5124.875312,-0.011196965
114.527963,116409,116.404,2476,5046.819024,5.046819024,5124.875312,-0.015230866
114.554296,116459,116.454,2461,4970.195838,4.970195838,5124.875312,-0.030182095
114.639936,116509,116.504,2479,5062.314356,5.062314356,5124.875312,-0.012207313
114.6543,116559,116.554,2479,5062.314356,5.062314356,5124.875312,-0.012207313
114.720554,116609,116.604,2497,5156.508135,5.156508135,5124.875312,0.006172408
114.754253,116659,116.654,2477,5051.97775,5.05197775,5124.875312,-0.01422426
114.80429,116709,116.704,2471,5021.12069,5.02112069,5124.875312,-0.020245297
114.886001,116759,116.754,2453,4929.902558,4.929902558,5124.875312,-0.03804439
114.904249,116809,116.804,2482,5077.867328,5.077867328,5124.875312,-0.009172513
114.954292,116859,116.854,2483,5083.064516,5.083064516,5124.875312,-0.008158403
115.029084,116909,116.904,2476,5046.819024,5.046819024,5124.875312,-0.015230866
115.054325,116959,116.954,2472,5026.247689,5.026247689,5124.875312,-0.019244882
115.104291,117009,117.004,2466,4995.58011,4.99558011,5124.875312,-0.025228946
115.179144,117059,117.054,2478,5057.142857,5.057142857,5124.875312,-0.01321641
115.204277,117109,117.104,2487,5103.91791,5.10391791,5124.875312,-0.004089349
115.254314,117159,117.154,2487,5103.91791,5.10391791,5124.875312,-0.004089349
115.320882,117209,117.204,2472,5026.247689,5.026247689,5124.875312,-0.019244882
115.354281,117259,117.254,2452,4924.893488,4.924893488,5124.875312,-0.039021793
115.404312,117309,117.304,2498,5161.803381,5.161803381,5124.875312,0.007205652
115.485549,117359,117.354,2466,4995.58011,4.99558011,5124.875312,-0.025228946
115.504267,117409,117.404,2454,4934.917733,4.934917733,5124.875312,-0.037065795
115.554316,117459,117.454,2461,4970.195838,4.970195838,5124.875312,-0.030182095
115.630052,117509,117.504,2465,4990.490798,4.990490798,5124.875312,-0.026222007
115.654247,117559,117.554,2466,4995.58011,4.99558011,5124.875312,-0.025228946
115.704305,117609,117.604,2474,5036.520666,5.036520666,5124.875312,-0.01724035
115.771047,117659,117.654,2467,5000.675676,5.000675676,5124.875312,-0.024234665
115.804283,117709,117.704,2467,5000.675676,5.000675676,5124.875312,-0.024234665
115.854313,117759,117.754,2483,5083.064516,5.083064516,5124.875312,-0.008158403
115.92919,117809,117.804,2481,5072.67658,5.07267658,5124.875312,-0.010185366
115.954273,117859,117.854,2473,5031.381011,5.031381011,5124.875312,-0.018243234
116.037103,117909,117.904,2476,5046.819024,5.046819024,5124.875312,-0.015230866
116.054292,117959,117.954,2483,5083.064516,5.083064516,5124.875312,-0.008158403
116.104294,118009,118.004,2496,5151.219512,5.151219512,5124.875312,0.005140457
116.178196,118059,118.054,2489,5114.383562,5.114383562,5124.875312,-0.002047221
116.204268,118109,118.104,2460,4965.137615,4.965137615,5124.875312,-0.031169089
116.254292,118159,118.154,2464,4985.407725,4.985407725,5124.875312,-0.02721385
116.320927,118209,118.204,2464,4985.407725,4.985407725,5124.875312,-0.02721385
116.354309,118259,118.254,2463,4980.330882,4.980330882,5124.875312,-0.028204477
116.434875,118309,118.304,2471,5021.12069,5.02112069,5124.875312,-0.020245297
116.454356,118359,118.354,2475,5041.666667,5.041666667,5124.875312,-0.016236228
116.528926,118409,118.404,2465,4990.490798,4.990490798,5124.875312,-0.026222007
116.554299,118459,118.454,2461,4970.195838,4.970195838,5124.875312,-0.030182095
116.604293,118509,118.504,2470,5016.0,5.016,5124.875312,-0.02124448
116.67878,118559,118.554,2480,5067.49226,5.06749226,5124.875312,-0.011196965
116.704273,118609,118.604,2470,5016.0,5.016,5124.875312,-0.02124448
116.754253,118659,118.654,2476,5046.819024,5.046819024,5124.875312,-0.015230866
116.829086,118709,118.704,2483,5083.064516,5.083064516,5124.875312,-0.008158403
116.854303,118759,118.754,2507,5209.760705,5.209760705,5124.875312,0.016563407
116.921992,118809,118.804,2479,5062.314356,5.062314356,5124.875312,-0.012207313
116.954267,118859,118.854,2460,4965.137615,4.965137615,5124.875312,-0.031169089
117.038071,118909,118.904,2462,4975.260257,4.975260257,5124.875312,-0.029193892
117.054343,118959,118.954,2467,5000.675676,5.000675676,5124.875312,-0.024234665
117.104323,119009,119.004,2464,4985.407725,4.985407725,5124.875312,-0.02721385
117.178923,119059,119.054,2466,4995.58011,4.99558011,5124.875312,-0.025228946
117.204277,119109,119.104,2456,4944.966443,4.944966443,5124.875312,-0.035105024
117.254281,119159,119.154,2456,4944.966443,4.944966443,5124.875312,-0.035105024
117.328335,119209,119.204,2478,5057.142857,5.057142857,5124.875312,-0.01321641
117.354277,119259,119.254,2471,5021.12069,5.02112069,5124.875312,-0.020245297
117.404305,119309,119.304,2448,4904.918033,4.904918033,5124.875312,-0.042919538
117.471355,119359,119.354,2479,5062.314356,5.062314356,5124.875312,-0.012207313
117.504248,119409,119.404,2482,5077.867328,5.077867328,5124.875312,-0.009172513
117.554301,119459,119.454,2495,5145.9375,5.1459375,5124.875312,0.004109795
117.637483,119509,119.504,2480,5067.49226,5.06749226,5124.875312,-0.011196965
117.654249,119559,119.554,2481,5072.67658,5.07267658,5124.875312,-0.010185366
117.704244,119609,119.604,2459,4960.085575,4.960085575,5124.875312,-0.032154877
117.779231,119659,119.654,2465,4990.490798,4.990490798,5124.875312,-0.026222007
117.80427,119709,119.704,2467,5000.675676,5.000675676,5124.875312,-0.024234665
117.879625,119759,119.754,2474,5036.520666,5.036520666,5124.875312,-0.01724035
117.904274,119809,119.804,2461,4970.195838,4.970195838,5124.875312,-0.030182095
117.979035,119859,119.854,2452,4924.893488,4.924893488,5124.875312,-0.039021793
118.004273,119909,119.904,2477,5051.97775,5.05197775,5124.875312,-0.01422426
118.073168,119959,119.954,2476,5046.819024,5.046819024,5124.875312,-0.015230866
118.104298,120009,120.004,2467,5000.675676,5.000675676,5124.875312,-0.024234665
118.186947,120059,120.054,2469,5010.885609,5.010885609,5124.875312,-0.022242434
118.204317,120109,120.104,2482,5077.867328,5.077867328,5124.875312,-0.009172513
118.279061,120159,120.154,2492,5130.131004,5.130131004,5124.875312,0.001025526
118.304266,120209,120.204,2485,5093.478261,5.093478261,5124.875312,-0.006126403
118.354275,120259,120.254,2470,5016.0,5.016,5124.875312,-0.02124448
118.428928,120309,120.304,2466,4995.58011,4.99558011,5124.875312,-0.025228946
118.454236,120359,120.354,2460,4965.137615,4.965137615,5124.875312,-0.031169089
118.504281,120409,120.404,2462,4975.260257,4.975260257,5124.875312,-0.029193892
118.572844,120459,120.454,2457,4950.0,4.95,5124.875312,-0.034122842
118.604284,120509,120.504,2445,4890.0,4.89,5124.875312,-0.045830444
118.654277,120559,120.554,2451,4919.890511,4.919890511,5124.875312,-0.039998007
118.735149,120609,120.604,2461,4970.195838,4.970195838,5124.875312,-0.030182095
118.754306,120659,120.654,2475,5041.666667,5.041666667,5124.875312,-0.016236228
118.838917,120709,120.704,2480,5067.49226,5.06749226,5124.875312,-0.011196965
118.854296,120759,120.754,2473,5031.381011,5.031381011,5124.875312,-0.018243234
118.904285,120809,120.804,2490,5119.626168,5.119626168,5124.875312,-0.001024248
118.97945,120859,120.854,2474,5036.520666,5.036520666,5124.875312,-0.01724035
119.004286,120909,120.904,2480,5067.49226,5.06749226,5124.875312,-0.011196965
119.080416,120959,120.954,2458,4955.039707,4.955039707,5124.875312,-0.033139461
119.104251,121009,121.004,2458,4955.039707,4.955039707,5124.875312,-0.033139461
119.15428,121059,121.054,2467,5000.675676,5.000675676,5124.875312,-0.024234665
119.222522,121109,121.104,2467,5000.675676,5.000675676,5124.875312,-0.024234665
119.254275,121159,121.154,2466,4995.58011,4.99558011,5124.875312,-0.025228946
119.304246,121209,121.204,2458,4955.039707,4.955039707,5124.875312,-0.033139461
119.387132,121259,121.254,2450,4914.893617,4.914893617,5124.875312,-0.040973035
119.404299,121309,121.304,2450,4914.893617,4.914893617,5124.875312,-0.040973035
119.471494,121359,121.354,2464,4985.407725,4.985407725,5124.875312,-0.02721385
119.504259,121409,121.404,2480,5067.49226,5.06749226,5124.875312,-0.011196965
119.554296,121459,121.454,2466,4995.58011,4.99558011,5124.875312,-0.025228946
119.637503,121509,121.504,2483,5083.064516,5.083064516,5124.875312,-0.008158403
119.654233,121559,121.554,2480,5067.49226,5.06749226,5124.875312,-0.011196965
119.704295,121609,121.604,2499,5167.105263,5.167105263,5124.875312,0.008240191
119.772507,121659,121.654,2470,5016.0,5.016,5124.875312,-0.02124448
119.804233,121709,121.704,2453,4929.902558,4.929902558,5124.875312,-0.03804439
119.854241,121759,121.754,2458,4955.039707,4.955039707,5124.875312,-0.033139461
119.937677,121809,121.804,2469,5010.885609,5.010885609,5124.875312,-0.022242434
119.954248,121859,121.854,2469,5010.885609,5.010885609,5124.875312,-0.022242434
120.030359,121909,121.904,2454,4934.917733,4.934917733,5124.875312,-0.037065795
120.054237,121959,121.954,2446,4894.966646,4.894966646,5124.875312,-0.044861319
120.104273,122009,122.004,2446,4894.966646,4.894966646,5124.875312,-0.044861319
120.180022,122059,122.054,2464,4985.407725,4.985407725,5124.875312,-0.02721385
120.204244,122109,122.104,2461,4970.195838,4.970195838,5124.875312,-0.030182095
120.254281,122159,122.154,2471,5021.12069,5.02112069,5124.875312,-0.020245297
120.322303,122209,122.204,2475,5041.666667,5.041666667,5124.875312,-0.016236228
120.354249,122259,122.254,2448,4904.918033,4.904918033,5124.875312,-0.042919538
120.404285,122309,122.304,2482,5077.867328,5.077867328,5124.875312,-0.009172513
120.487327,122359,122.354,2473,5031.381011,5.031381011,5124.875312,-0.018243234
120.504182,122409,122.404,2456,4944.966443,4.944966443,5124.875312,-0.035105024
120.554295,122459,122.454,2453,4929.902558,4.929902558,5124.875312,-0.03804439
120.629831,122509,122.504,2471,5021.12069,5.02112069,5124.875312,-0.020245297
120.654224,122559,122.554,2466,4995.58011,4.99558011,5124.875312,-0.025228946
120.704246,122609,122.604,2462,4975.260257,4.975260257,5124.875312,-0.029193892
120.772542,122659,122.654,2452,4924.893488,4.924893488,5124.875312,-0.039021793
120.804273,122709,122.704,2448,4904.918033,4.904918033,5124.875312,-0.042919538
120.887426,122759,122.754,2467,5000.675676,5.000675676,5124.875312,-0.024234665
120.904239,122809,122.804,2472,5026.247689,5.026247689,5124.875312,-0.019244882
120.954217,122859,122.854,2478,5057.142857,5.057142857,5124.875312,-0.01321641
121.030595,122909,122.904,2444,4885.03937,4.88503937,5124.875312,-0.046798395
121.054278,122959,122.954,2475,5041.666667,5.041666667,5124.875312,-0.016236228
121.104267,123009,123.004,2483,5083.064516,5.083064516,5124.875312,-0.008158403
121.179705,123059,123.054,2470,5016.0,5.016,5124.875312,-0.02124448
121.204226,123109,123.104,2484,5088.268156,5.088268156,5124.875312,-0.007143033
121.254273,123159,123.154,2468,5005.777505,5.005777505,5124.875312,-0.023239162
121.324816,123209,123.204,2467,5000.675676,5.000675676,5124.875312,-0.024234665
121.354246,123259,123.254,2467,5000.675676,5.000675676,5124.875312,-0.024234665
121.404289,123309,123.304,2469,5010.885609,5.010885609,5124.875312,-0.022242434
121.488575,123359,123.354,2458,4955.039707,4.955039707,5124.875312,-0.033139461
121.504193,123409,123.404,2463,4980.330882,4.980330882,5124.875312,-0.028204477
121.554295,123459,123.454,2457,4950.0,4.95,5124.875312,-0.034122842
121.630239,123509,123.504,2470,5016.0,5.016,5124.875312,-0.02124448
121.654216,123559,123.554,2485,5093.478261,5.093478261,5124.875312,-0.006126403
121.704261,123609,123.604,2478,5057.142857,5.057142857,5124.875312,-0.01321641
121.780059,123659,123.654,2485,5093.478261,5.093478261,5124.875312,-0.006126403
121.80421,123709,123.704,2467,5000.675676,5.000675676,5124.875312,-0.024234665
121.8542,123759,123.754,2481,5072.67658,5.07267658,5124.875312,-0.010185366
121.92304,123809,123.804,2453,4929.902558,4.929902558,5124.875312,-0.03804439
121.954229,123859,123.854,2454,4934.917733,4.934917733,5124.875312,-0.037065795
122.038324,123909,123.904,2482,5077.867328,5.077867328,5124.875312,-0.009172513
122.054205,123959,123.954,2480,5067.49226,5.06749226,5124.875312,-0.011196965
122.104262,124009,124.004,2447,4899.93932,4.89993932,5124.875312,-0.043891017
122.180167,124059,124.054,2464,4985.407725,4.985407725,5124.875312,-0.02721385
122.204201,124109,124.104,2448,4904.918033,4.904918033,5124.875312,-0.042919538
122.254294,124159,124.154,2449,4909.902795,4.909902795,5124.875312,-0.041946878
122.329403,124209,124.204,2455,4939.939024,4.939939024,5124.875312,-0.036086007
122.354209,124259,124.254,2472,5026.247689,5.026247689,5124.875312,-0.019244882
122.404273,124309,124.304,2463,4980.330882,4.980330882,5124.875312,-0.028204477
122.472075,124359,124.354,2472,5026.247689,5.026247689,5124.875312,-0.019244882
122.504299,124409,124.404,2467,5000.675676,5.000675676,5124.875312,-0.024234665
122.588251,124459,124.454,2504,5193.714645,5.193714645,5124.875312,0.013432392
122.604258,124509,124.504,2466,4995.58011,4.99558011,5124.875312,-0.025228946
122.654251,124559,124.554,2447,4899.93932,4.89993932,5124.875312,-0.043891017
122.731438,124609,124.604,2465,4990.490798,4.990490798,5124.875312,-0.026222007
122.754203,124659,124.654,2465,4990.490798,4.990490798,5124.875312,-0.026222007
122.804249,124709,124.704,2472,5026.247689,5.026247689,5124.875312,-0.019244882
122.88018,124759,124.754,2462,4975.260257,4.975260257,5124.875312,-0.029193892
122.904215,124809,124.804,2454,4934.917733,4.934917733,5124.875312,-0.037065795
122.954201,124859,124.854,2452,4924.893488,4.924893488,5124.875312,-0.039021793
123.023908,124909,124.904,2473,5031.381011,5.031381011,5124.875312,-0.018243234
123.05425,124959,124.954,2473,5031.381011,5.031381011,5124.875312,-0.018243234
123.104275,125009,125.004,2467,5000.675676,5.000675676,5124.875312,-0.024234665
123.187638,125059,125.054,2456,4944.966443,4.944966443,5124.875312,-0.035105024
123.204226,125109,125.104,2476,5046.819024,5.046819024,5124.875312,-0.015230866
123.254223,125159,125.154,2479,5062.314356,5.062314356,5124.875312,-0.012207313
123.329853,125209,125.204,2474,5036.520666,5.036520666,5124.875312,-0.01724035
123.35428,125259,125.254,2452,4924.893488,4.924893488,5124.875312,-0.039021793
123.429275,125309,125.304,2455,4939.939024,4.939939024,5124.875312,-0.036086007
123.454131,125359,125.354,2472,5026.247689,5.026247689,5124.875312,-0.019244882
123.504293,125409,125.404,2462,4975.260257,4.975260257,5124.875312,-0.029193892
123.57303,125459,125.454,2467,5000.675676,5.000675676,5124.875312,-0.024234665
123.604229,125509,125.504,2432,4825.97715,4.82597715,5124.875312,-0.058323012
123.65423,125559,125.554,2455,4939.939024,4.939939024,5124.875312,-0.036086007
123.738273,125609,125.604,2483,5083.064516,5.083064516,5124.875312,-0.008158403
123.75421,125659,125.654,2476,5046.819024,5.046819024,5124.875312,-0.015230866
123.804226,125709,125.704,2465,4990.490798,4.990490798,5124.875312,-0.026222007
123.872979,125759,125.754,2475,5041.666667,5.041666667,5124.875312,-0.016236228
123.90423,125809,125.804,2480,5067.49226,5.06749226,5124.875312,-0.011196965
123.987697,125859,125.854,2482,5077.867328,5.077867328,5124.875312,-0.009172513
124.004206,125909,125.904,2473,5031.381011,5.031381011,5124.875312,-0.018243234
124.054265,125959,125.954,2467,5000.675676,5.000675676,5124.875312,-0.024234665
124.123365,126009,126.004,2456,4944.966443,4.944966443,5124.875312,-0.035105024
124.154275,126059,126.054,2461,4970.195838,4.970195838,5124.875312,-0.030182095
124.204262,126109,126.104,2454,4934.917733,4.934917733,5124.875312,-0.037065795
124.288627,126159,126.154,2459,4960.085575,4.960085575,5124.875312,-0.032154877
124.304309,126209,126.204,2452,4924.893488,4.924893488,5124.875312,-0.039021793
124.380182,126259,126.254,2453,4929.902558,4.929902558,5124.875312,-0.03804439
124.404171,126309,126.304,2472,5026.247689,5.026247689,5124.875312,-0.019244882
124.454248,126359,126.354,2470,5016.0,5.016,5124.875312,-0.02124448
124.523037,126409,126.404,2481,5072.67658,5.07267658,5124.875312,-0.010185366
124.554192,126459,126.454,2475,5041.666667,5.041666667,5124.875312,-0.016236228
124.604244,126509,126.504,2470,5016.0,5.016,5124.875312,-0.02124448
124.680961,126559,126.554,2476,5046.819024,5.046819024,5124.875312,-0.015230866
124.704231,126609,126.604,2485,5093.478261,5.093478261,5124.875312,-0.006126403
124.754254,126659,126.654,2458,4955.039707,4.955039707,5124.875312,-0.033139461
124.838082,126709,126.704,2461,4970.195838,4.970195838,5124.875312,-0.030182095
124.854201,126759,126.754,2461,4970.195838,4.970195838,5124.875312,-0.030182095
124.904254,126809,126.804,2458,4955.039707,4.955039707,5124.875312,-0.033139461
124.980553,126859,126.854,2467,5000.675676,5.000675676,5124.875312,-0.024234665
125.004247,126909,126.904,2461,4970.195838,4.970195838,5124.875312,-0.030182095
125.080156,126959,126.954,2459,4960.085575,4.960085575,5124.875312,-0.032154877
125.104184,127009,127.004,2463,4980.330882,4.980330882,5124.875312,-0.028204477
125.154212,127059,127.054,2463,4980.330882,4.980330882,5124.875312,-0.028204477
125.22309,127109,127.104,2483,5083.064516,5.083064516,5124.875312,-0.008158403
125.254234,127159,127.154,2461,4970.195838,4.970195838,5124.875312,-0.030182095
125.33756,127209,127.204,2477,5051.97775,5.05197775,5124.875312,-0.01422426
125.354189,127259,127.254,2477,5051.97775,5.05197775,5124.875312,-0.01422426
125.404277,127309,127.304,2504,5193.714645,5.193714645,5124.875312,0.013432392
125.479527,127359,127.354,2462,4975.260257,4.975260257,5124.875312,-0.029193892
125.504262,127409,127.404,2451,4919.890511,4.919890511,5124.875312,-0.039998007
125.554257,127459,127.454,2472,5026.247689,5.026247689,5124.875312,-0.019244882
125.630141,127509,127.504,2458,4955.039707,4.955039707,5124.875312,-0.033139461
125.654244,127559,127.554,2461,4970.195838,4.970195838,5124.875312,-0.030182095
125.704252,127609,127.604,2458,4955.039707,4.955039707,5124.875312,-0.033139461
125.772864,127659,127.654,2460,4965.137615,4.965137615,5124.875312,-0.031169089
125.804225,127709,127.704,2451,4919.890511,4.919890511,5124.875312,-0.039998007
125.854233,127759,127.754,2454,4934.917733,4.934917733,5124.875312,-0.037065795
125.937967,127809,127.804,2465,4990.490798,4.990490798,5124.875312,-0.026222007
125.954171,127859,127.854,2475,5041.666667,5.041666667,5124.875312,-0.016236228
126.036661,127909,127.904,2465,4990.490798,4.990490798,5124.875312,-0.026222007
126.054165,127959,127.954,2488,5109.14748,5.10914748,5124.875312,-0.00306892
126.104242,128009,128.004,2500,5172.413793,5.172413793,5124.875312,0.009276027
126.181386,128059,128.054,2473,5031.381011,5.031381011,5124.875312,-0.018243234
126.204202,128109,128.104,2462,4975.260257,4.975260257,5124.875312,-0.029193892
126.254218,128159,128.154,2449,4909.902795,4.909902795,5124.875312,-0.041946878
126.322621,128209,128.204,2457,4950.0,4.95,5124.875312,-0.034122842
126.3542,128259,128.254,2459,4960.085575,4.960085575,5124.875312,-0.032154877
126.404243,128309,128.304,2468,5005.777505,5.005777505,5124.875312,-0.023239162
126.489673,128359,128.354,2461,4970.195838,4.970195838,5124.875312,-0.030182095
126.504187,128409,128.404,2455,4939.939024,4.939939024,5124.875312,-0.036086007
126.554203,128459,128.454,2463,4980.330882,4.980330882,5124.875312,-0.028204477
126.630328,128509,128.504,2463,4980.330882,4.980330882,5124.875312,-0.028204477
126.654209,128559,128.554,2468,5005.777505,5.005777505,5124.875312,-0.023239162
126.729894,128609,128.604,2477,5051.97775,5.05197775,5124.875312,-0.01422426
126.754234,128659,128.654,2482,5077.867328,5.077867328,5124.875312,-0.009172513
126.829796,128709,128.704,2484,5088.268156,5.088268156,5124.875312,-0.007143033
126.85419,128759,128.754,2473,5031.381011,5.031381011,5124.875312,-0.018243234
126.904221,128809,128.804,2465,4990.490798,4.990490798,5124.875312,-0.026222007
126.973095,128859,128.854,2454,4934.917733,4.934917733,5124.875312,-0.037065795
127.004194,128909,128.904,2456,4944.966443,4.944966443,5124.875312,-0.035105024
127.054229,128959,128.954,2456,4944.966443,4.944966443,5124.875312,-0.035105024
127.13782,129009,129.004,2469,5010.885609,5.010885609,5124.875312,-0.022242434
127.154268,129059,129.054,2461,4970.195838,4.970195838,5124.875312,-0.030182095
127.229721,129109,129.104,2459,4960.085575,4.960085575,5124.875312,-0.032154877
127.254166,129159,129.154,2461,4970.195838,4.970195838,5124.875312,-0.030182095
127.304222,129209,129.204,2461,4970.195838,4.970195838,5124.875312,-0.030182095
127.379407,129259,129.254,2480,5067.49226,5.06749226,5124.875312,-0.011196965
127.404181,129309,129.304,2436,4845.56962,4.84556962,5124.875312,-0.054499997
127.454196,129359,129.354,2489,5114.383562,5.114383562,5124.875312,-0.002047221
127.522831,129409,129.404,2481,5072.67658,5.07267658,5124.875312,-0.010185366
127.554145,129459,129.454,2473,5031.381011,5.031381011,5124.875312,-0.018243234
127.604227,129509,129.504,2460,4965.137615,4.965137615,5124.875312,-0.031169089
127.690079,129559,129.554,2454,4934.917733,4.934917733,5124.875312,-0.037065795
127.704104,129609,129.604,2457,4950.0,4.95,5124.875312,-0.034122842
127.754244,129659,129.654,2458,4955.039707,4.955039707,5124.875312,-0.033139461
127.830406,129709,129.704,2453,4929.902558,4.929902558,5124.875312,-0.03804439
127.854171,129759,129.754,2456,4944.966443,4.944966443,5124.875312,-0.035105024
127.904101,129809,129.804,2457,4950.0,4.95,5124.875312,-0.034122842
127.971929,129859,129.854,2460,4965.137615,4.965137615,5124.875312,-0.031169089
128.004166,129909,129.904,2454,4934.917733,4.934917733,5124.875312,-0.037065795
128.087515,129959,129.954,2454,4934.917733,4.934917733,5124.875312,-0.037065795
128.104165,130009,130.004,2464,4985.407725,4.985407725,5124.875312,-0.02721385
128.154257,130059,130.054,2453,4929.902558,4.929902558,5124.875312,-0.03804439
128.231185,130109,130.104,2453,4929.902558,4.929902558,5124.875312,-0.03804439
128.254182,130159,130.154,2457,4950.0,4.95,5124.875312,-0.034122842
128.304226,130209,130.204,2459,4960.085575,4.960085575,5124.875312,-0.032154877
128.38389,130259,130.254,2453,4929.902558,4.929902558,5124.875312,-0.03804439
128.404125,130309,130.304,2452,4924.893488,4.924893488,5124.875312,-0.039021793
128.4541,130359,130.354,2453,4929.902558,4.929902558,5124.875312,-0.03804439
128.5248,130409,130.404,2445,4890.0,4.89,5124.875312,-0.045830444
128.554126,130459,130.454,2448,4904.918033,4.904918033,5124.875312,-0.042919538
128.630306,130509,130.504,2450,4914.893617,4.914893617,5124.875312,-0.040973035
128.654204,130559,130.554,2458,4955.039707,4.955039707,5124.875312,-0.033139461
128.742074,130609,130.604,2450,4914.893617,4.914893617,5124.875312,-0.040973035
128.754194,130659,130.654,2451,4919.890511,4.919890511,5124.875312,-0.039998007
128.804159,130709,130.704,2445,4890.0,4.89,5124.875312,-0.045830444
128.884217,130759,130.754,2452,4924.893488,4.924893488,5124.875312,-0.039021793
128.904192,130809,130.804,2461,4970.195838,4.970195838,5124.875312,-0.030182095
128.990092,130859,130.854,2455,4939.939024,4.939939024,5124.875312,-0.036086007
129.004117,130909,130.904,2456,4944.966443,4.944966443,5124.875312,-0.035105024
129.054175,130959,130.954,2457,4950.0,4.95,5124.875312,-0.034122842
129.136963,131009,131.004,2460,4965.137615,4.965137615,5124.875312,-0.031169089
129.15414,131059,131.054,2461,4970.195838,4.970195838,5124.875312,-0.030182095
129.204086,131109,131.104,2458,4955.039707,4.955039707,5124.875312,-0.033139461
129.284447,131159,131.154,2465,4990.490798,4.990490798,5124.875312,-0.026222007
129.304132,131209,131.204,2461,4970.195838,4.970195838,5124.875312,-0.030182095
129.387499,131259,131.254,2468,5005.777505,5.005777505,5124.875312,-0.023239162
129.404204,131309,131.304,2471,5021.12069,5.02112069,5124.875312,-0.020245297
129.485391,131359,131.354,2457,4950.0,4.95,5124.875312,-0.034122842
129.504195,131409,131.404,2463,4980.330882,4.980330882,5124.875312,-0.028204477
129.554272,131459,131.454,2458,4955.039707,4.955039707,5124.875312,-0.033139461
129.624814,131509,131.504,2463,4980.330882,4.980330882,5124.875312,-0.028204477
129.654087,131559,131.554,2465,4990.490798,4.990490798,5124.875312,-0.026222007
129.704232,131609,131.604,2455,4939.939024,4.939939024,5124.875312,-0.036086007
129.79181,131659,131.654,2462,4975.260257,4.975260257,5124.875312,-0.029193892
129.804152,131709,131.704,2464,4985.407725,4.985407725,5124.875312,-0.02721385
129.854208,131759,131.754,2433,4830.866426,4.830866426,5124.875312,-0.057368983
129.93018,131809,131.804,2445,4890.0,4.89,5124.875312,-0.045830444
129.954179,131859,131.854,2456,4944.966443,4.944966443,5124.875312,-0.035105024
130.039035,131909,131.904,2453,4929.902558,4.929902558,5124.875312,-0.03804439
130.054242,131959,131.954,2458,4955.039707,4.955039707,5124.875312,-0.033139461
130.131864,132009,132.004,2461,4970.195838,4.970195838,5124.875312,-0.030182095
130.154186,132059,132.054,2451,4919.890511,4.919890511,5124.875312,-0.039998007
130.204155,132109,132.104,2460,4965.137615,4.965137615,5124.875312,-0.031169089
130.287412,132159,132.154,2456,4944.966443,4.944966443,5124.875312,-0.035105024
130.304113,132209,132.204,2458,4955.039707,4.955039707,5124.875312,-0.033139461
130.354182,132259,132.254,2446,4894.966646,4.894966646,5124.875312,-0.044861319
130.435892,132309,132.304,2454,4934.917733,4.934917733,5124.875312,-0.037065795
130.454147,132359,132.354,2460,4965.137615,4.965137615,5124.875312,-0.031169089
130.504185,132409,132.404,2462,4975.260257,4.975260257,5124.875312,-0.029193892
130.572996,132459,132.454,2466,4995.58011,4.99558011,5124.875312,-0.025228946
130.604173,132509,132.504,2463,4980.330882,4.980330882,5124.875312,-0.028204477
130.654195,132559,132.554,2460,4965.137615,4.965137615,5124.875312,-0.031169089
130.742825,132609,132.604,2460,4965.137615,4.965137615,5124.875312,-0.031169089
130.754179,132659,132.654,2459,4960.085575,4.960085575,5124.875312,-0.032154877
130.80424,132709,132.704,2461,4970.195838,4.970195838,5124.875312,-0.030182095
130.880548,132759,132.754,2459,4960.085575,4.960085575,5124.875312,-0.032154877
130.904162,132809,132.804,2461,4970.195838,4.970195838,5124.875312,-0.030182095
130.954151,132859,132.854,2447,4899.93932,4.89993932,5124.875312,-0.043891017
131.030877,132909,132.904,2436,4845.56962,4.84556962,5124.875312,-0.054499997
131.054176,132959,132.954,2479,5062.314356,5.062314356,5124.875312,-0.012207313
131.104223,133009,133.004,2454,4934.917733,4.934917733,5124.875312,-0.037065795
131.185953,133059,133.054,2457,4950.0,4.95,5124.875312,-0.034122842
131.204166,133109,133.104,2453,4929.902558,4.929902558,5124.875312,-0.03804439
131.254211,133159,133.154,2456,4944.966443,4.944966443,5124.875312,-0.035105024
131.330234,133209,133.204,2454,4934.917733,4.934917733,5124.875312,-0.037065795
131.354125,133259,133.254,2455,4939.939024,4.939939024,5124.875312,-0.036086007
131.404302,133309,133.304,2455,4939.939024,4.939939024,5124.875312,-0.036086007
