host_elapsed_s,esp32_ms,elapsed_s,adc1,R_ohm,R_kOhm,R0_ohm,dR_R0
0.26562,5,0.0,4095,,,5971.699204,
0.527824,1959,1.954,2642,6000.412939,6.000412939,5971.699204,0.004808302
0.626724,2009,2.004,2641,5994.016506,5.994016506,5971.699204,0.003737178
0.626916,2059,2.054,2635,5955.821918,5.955821918,5971.699204,-0.002658755
0.627103,2109,2.104,2635,5955.821918,5.955821918,5971.699204,-0.002658755
0.627288,2159,2.154,2658,6103.966597,6.103966597,5971.699204,0.022149038
0.627474,2209,2.204,2633,5943.160055,5.943160055,5971.699204,-0.004779067
0.627658,2259,2.254,2642,6000.412939,6.000412939,5971.699204,0.004808302
0.627843,2309,2.304,2650,6051.903114,6.051903114,5971.699204,0.013430668
0.695342,2359,2.354,2641,5994.016506,5.994016506,5971.699204,0.003737178
0.695534,2409,2.404,2635,5955.821918,5.955821918,5971.699204,-0.002658755
0.695719,2459,2.454,2636,5962.165867,5.962165867,5971.699204,-0.00159642
0.695903,2509,2.504,2639,5981.25,5.98125,5971.699204,0.001599343
0.696086,2559,2.554,2627,5905.381471,5.905381471,5971.699204,-0.011105337
0.710139,2609,2.604,2638,5974.87989,5.97487989,5971.699204,0.000532627
0.760127,2659,2.654,2651,6058.379501,6.058379501,5971.699204,0.014515181
0.810147,2709,2.704,2639,5981.25,5.98125,5971.699204,0.001599343
0.860134,2759,2.754,2640,5987.628866,5.987628866,5971.699204,0.002667526
0.910151,2809,2.804,2641,5994.016506,5.994016506,5971.699204,0.003737178
0.960137,2859,2.854,2644,6013.232254,6.013232254,5971.699204,0.00695498
1.010154,2909,2.904,2642,6000.412939,6.000412939,5971.699204,0.004808302
1.060147,2959,2.954,2639,5981.25,5.98125,5971.699204,0.001599343
1.110146,3009,3.004,2643,6006.818182,6.006818182,5971.699204,0.005880902
1.222211,3059,3.054,2638,5974.87989,5.97487989,5971.699204,0.000532627
1.301124,3109,3.104,2639,5981.25,5.98125,5971.699204,0.001599343
1.301317,3159,3.154,2641,5994.016506,5.994016506,5971.699204,0.003737178
1.310095,3209,3.204,2638,5974.87989,5.97487989,5971.699204,0.000532627
1.360051,3259,3.254,2638,5974.87989,5.97487989,5971.699204,0.000532627
1.410092,3309,3.304,2633,5943.160055,5.943160055,5971.699204,-0.004779067
1.460074,3359,3.354,2640,5987.628866,5.987628866,5971.699204,0.002667526
1.51013,3409,3.404,2642,6000.412939,6.000412939,5971.699204,0.004808302
1.560072,3459,3.454,2631,5930.532787,5.930532787,5971.699204,-0.006893585
1.610059,3509,3.504,2633,5943.160055,5.943160055,5971.699204,-0.004779067
1.660092,3559,3.554,2633,5943.160055,5.943160055,5971.699204,-0.004779067
1.710107,3609,3.604,2633,5943.160055,5.943160055,5971.699204,-0.004779067
1.760119,3659,3.654,2632,5936.842105,5.936842105,5971.699204,-0.005837049
1.810047,3709,3.704,2636,5962.165867,5.962165867,5971.699204,-0.00159642
1.860127,3759,3.754,2629,5917.939973,5.917939973,5971.699204,-0.009002334
1.911511,3809,3.804,2617,5843.098782,5.843098782,5971.699204,-0.02153498
1.96018,3859,3.854,2634,5949.486653,5.949486653,5971.699204,-0.003719637
2.010133,3909,3.904,2636,5962.165867,5.962165867,5971.699204,-0.00159642
2.060144,3959,3.954,2637,5968.518519,5.968518519,5971.699204,-0.000532627
2.110118,4009,4.004,2645,6019.655172,6.019655172,5971.699204,0.00803054
2.164267,4059,4.054,2641,5994.016506,5.994016506,5971.699204,0.003737178
2.210068,4109,4.104,2636,5962.165867,5.962165867,5971.699204,-0.00159642
2.260039,4159,4.154,2638,5974.87989,5.97487989,5971.699204,0.000532627
2.310085,4209,4.204,2639,5981.25,5.98125,5971.699204,0.001599343
2.360068,4259,4.254,2636,5962.165867,5.962165867,5971.699204,-0.00159642
2.410032,4309,4.304,2634,5949.486653,5.949486653,5971.699204,-0.003719637
2.460051,4359,4.354,2635,5955.821918,5.955821918,5971.699204,-0.002658755
2.510072,4409,4.404,2636,5962.165867,5.962165867,5971.699204,-0.00159642
2.56186,4459,4.454,2639,5981.25,5.98125,5971.699204,0.001599343
2.610034,4509,4.504,2643,6006.818182,6.006818182,5971.699204,0.005880902
2.660044,4559,4.554,2636,5962.165867,5.962165867,5971.699204,-0.00159642
2.710049,4609,4.604,2629,5917.939973,5.917939973,5971.699204,-0.009002334
2.760108,4659,4.654,2629,5917.939973,5.917939973,5971.699204,-0.009002334
2.810085,4709,4.704,2632,5936.842105,5.936842105,5971.699204,-0.005837049
2.860078,4759,4.754,2631,5930.532787,5.930532787,5971.699204,-0.006893585
2.910099,4809,4.804,2635,5955.821918,5.955821918,5971.699204,-0.002658755
2.960109,4859,4.854,2640,5987.628866,5.987628866,5971.699204,0.002667526
3.010134,4909,4.904,2626,5899.115044,5.899115044,5971.699204,-0.012154691
3.060135,4959,4.954,2633,5943.160055,5.943160055,5971.699204,-0.004779067
3.110073,5009,5.004,2650,6051.903114,6.051903114,5971.699204,0.013430668
3.16012,5059,5.054,2631,5930.532787,5.930532787,5971.699204,-0.006893585
3.210056,5109,5.104,2643,6006.818182,6.006818182,5971.699204,0.005880902
3.260043,5159,5.154,2635,5955.821918,5.955821918,5971.699204,-0.002658755
3.312778,5209,5.204,2638,5974.87989,5.97487989,5971.699204,0.000532627
3.360047,5259,5.254,2639,5981.25,5.98125,5971.699204,0.001599343
3.410066,5309,5.304,2631,5930.532787,5.930532787,5971.699204,-0.006893585
3.460057,5359,5.354,2631,5930.532787,5.930532787,5971.699204,-0.006893585
3.510058,5409,5.404,2635,5955.821918,5.955821918,5971.699204,-0.002658755
3.560114,5459,5.454,2640,5987.628866,5.987628866,5971.699204,0.002667526
3.611091,5509,5.504,2634,5949.486653,5.949486653,5971.699204,-0.003719637
3.660009,5559,5.554,2629,5917.939973,5.917939973,5971.699204,-0.009002334
3.710036,5609,5.604,2637,5968.518519,5.968518519,5971.699204,-0.000532627
3.760076,5659,5.654,2639,5981.25,5.98125,5971.699204,0.001599343
3.810081,5709,5.704,2631,5930.532787,5.930532787,5971.699204,-0.006893585
3.860322,5759,5.754,2639,5981.25,5.98125,5971.699204,0.001599343
3.910068,5809,5.804,2636,5962.165867,5.962165867,5971.699204,-0.00159642
3.960121,5859,5.854,2637,5968.518519,5.968518519,5971.699204,-0.000532627
4.010113,5909,5.904,2640,5987.628866,5.987628866,5971.699204,0.002667526
4.060146,5959,5.954,2636,5962.165867,5.962165867,5971.699204,-0.00159642
4.110091,6009,6.004,2642,6000.412939,6.000412939,5971.699204,0.004808302
4.160088,6059,6.054,2637,5968.518519,5.968518519,5971.699204,-0.000532627
4.210089,6109,6.104,2642,6000.412939,6.000412939,5971.699204,0.004808302
4.260051,6159,6.154,2643,6006.818182,6.006818182,5971.699204,0.005880902
4.313684,6209,6.204,2633,5943.160055,5.943160055,5971.699204,-0.004779067
4.360091,6259,6.254,2628,5911.656442,5.911656442,5971.699204,-0.010054552
4.410036,6309,6.304,2635,5955.821918,5.955821918,5971.699204,-0.002658755
4.460049,6359,6.354,2636,5962.165867,5.962165867,5971.699204,-0.00159642
4.510128,6409,6.404,2634,5949.486653,5.949486653,5971.699204,-0.003719637
4.565131,6459,6.454,2631,5930.532787,5.930532787,5971.699204,-0.006893585
4.610079,6509,6.504,2631,5930.532787,5.930532787,5971.699204,-0.006893585
4.660083,6559,6.554,2634,5949.486653,5.949486653,5971.699204,-0.003719637
4.710112,6609,6.604,2642,6000.412939,6.000412939,5971.699204,0.004808302
4.760118,6659,6.654,2636,5962.165867,5.962165867,5971.699204,-0.00159642
4.812424,6709,6.704,2630,5924.232082,5.924232082,5971.699204,-0.007948679
4.860097,6759,6.754,2632,5936.842105,5.936842105,5971.699204,-0.005837049
4.910037,6809,6.804,2638,5974.87989,5.97487989,5971.699204,0.000532627
4.960102,6859,6.854,2636,5962.165867,5.962165867,5971.699204,-0.00159642
5.010068,6909,6.904,2642,6000.412939,6.000412939,5971.699204,0.004808302
5.06327,6959,6.954,2638,5974.87989,5.97487989,5971.699204,0.000532627
5.110015,7009,7.004,2629,5917.939973,5.917939973,5971.699204,-0.009002334
5.160092,7059,7.054,2635,5955.821918,5.955821918,5971.699204,-0.002658755
5.210072,7109,7.104,2620,5861.694915,5.861694915,5971.699204,-0.018420936
5.260224,7159,7.154,2631,5930.532787,5.930532787,5971.699204,-0.006893585
5.315489,7209,7.204,2630,5924.232082,5.924232082,5971.699204,-0.007948679
5.364318,7259,7.254,2624,5886.60775,5.88660775,5971.699204,-0.014249119
5.446094,7309,7.304,2627,5905.381471,5.905381471,5971.699204,-0.011105337
5.460061,7359,7.354,2603,5757.30563,5.75730563,5971.699204,-0.035901603
5.510093,7409,7.404,2625,5892.857143,5.892857143,5971.699204,-0.013202618
5.559996,7459,7.454,2636,5962.165867,5.962165867,5971.699204,-0.00159642
5.610027,7509,7.504,2638,5974.87989,5.97487989,5971.699204,0.000532627
5.660069,7559,7.554,2633,5943.160055,5.943160055,5971.699204,-0.004779067
5.723574,7609,7.604,2632,5936.842105,5.936842105,5971.699204,-0.005837049
5.760098,7659,7.654,2631,5930.532787,5.930532787,5971.699204,-0.006893585
5.810072,7709,7.704,2611,5806.132075,5.806132075,5971.699204,-0.027725296
5.86011,7759,7.754,2627,5905.381471,5.905381471,5971.699204,-0.011105337
5.91279,7809,7.804,2613,5818.421053,5.818421053,5971.699204,-0.025667427
5.960067,7859,7.854,2631,5930.532787,5.930532787,5971.699204,-0.006893585
6.025223,7909,7.904,2630,5924.232082,5.924232082,5971.699204,-0.007948679
6.060074,7959,7.954,2641,5994.016506,5.994016506,5971.699204,0.003737178
6.110076,8009,8.004,2636,5962.165867,5.962165867,5971.699204,-0.00159642
6.16392,8059,8.054,2631,5930.532787,5.930532787,5971.699204,-0.006893585
6.210069,8109,8.104,2632,5936.842105,5.936842105,5971.699204,-0.005837049
6.260201,8159,8.154,2633,5943.160055,5.943160055,5971.699204,-0.004779067
6.319228,8209,8.204,2633,5943.160055,5.943160055,5971.699204,-0.004779067
6.360034,8259,8.254,2634,5949.486653,5.949486653,5971.699204,-0.003719637
6.410012,8309,8.304,2628,5911.656442,5.911656442,5971.699204,-0.010054552
6.46001,8359,8.354,2630,5924.232082,5.924232082,5971.699204,-0.007948679
6.510011,8409,8.404,2619,5855.487805,5.855487805,5971.699204,-0.019460357
6.567695,8459,8.454,2641,5994.016506,5.994016506,5971.699204,0.003737178
6.610011,8509,8.504,2630,5924.232082,5.924232082,5971.699204,-0.007948679
6.660082,8559,8.554,2630,5924.232082,5.924232082,5971.699204,-0.007948679
6.710059,8609,8.604,2629,5917.939973,5.917939973,5971.699204,-0.009002334
6.79572,8659,8.654,2631,5930.532787,5.930532787,5971.699204,-0.006893585
6.81009,8709,8.704,2629,5917.939973,5.917939973,5971.699204,-0.009002334
6.85999,8759,8.754,2627,5905.381471,5.905381471,5971.699204,-0.011105337
6.910015,8809,8.804,2628,5911.656442,5.911656442,5971.699204,-0.010054552
6.960021,8859,8.854,2654,6077.862595,6.077862595,5971.699204,0.017777753
7.010111,8909,8.904,2627,5905.381471,5.905381471,5971.699204,-0.011105337
7.059995,8959,8.954,2628,5911.656442,5.911656442,5971.699204,-0.010054552
7.110045,9009,9.004,2619,5855.487805,5.855487805,5971.699204,-0.019460357
7.160086,9059,9.054,2633,5943.160055,5.943160055,5971.699204,-0.004779067
7.210018,9109,9.104,2628,5911.656442,5.911656442,5971.699204,-0.010054552
7.260038,9159,9.154,2628,5911.656442,5.911656442,5971.699204,-0.010054552
7.314174,9209,9.204,2632,5936.842105,5.936842105,5971.699204,-0.005837049
7.360036,9259,9.254,2629,5917.939973,5.917939973,5971.699204,-0.009002334
7.410013,9309,9.304,2633,5943.160055,5.943160055,5971.699204,-0.004779067
7.460071,9359,9.354,2627,5905.381471,5.905381471,5971.699204,-0.011105337
7.510046,9409,9.404,2629,5917.939973,5.917939973,5971.699204,-0.009002334
7.560015,9459,9.454,2625,5892.857143,5.892857143,5971.699204,-0.013202618
7.610014,9509,9.504,2632,5936.842105,5.936842105,5971.699204,-0.005837049
7.66,9559,9.554,2636,5962.165867,5.962165867,5971.699204,-0.00159642
7.718998,9609,9.604,2618,5849.2891,5.8492891,5971.699204,-0.020498371
7.759952,9659,9.654,2630,5924.232082,5.924232082,5971.699204,-0.007948679
7.809968,9709,9.704,2631,5930.532787,5.930532787,5971.699204,-0.006893585
7.859973,9759,9.754,2627,5905.381471,5.905381471,5971.699204,-0.011105337
7.909995,9809,9.804,2630,5924.232082,5.924232082,5971.699204,-0.007948679
7.974373,9859,9.854,2630,5924.232082,5.924232082,5971.699204,-0.007948679
8.010051,9909,9.904,2631,5930.532787,5.930532787,5971.699204,-0.006893585
8.059991,9959,9.954,2627,5905.381471,5.905381471,5971.699204,-0.011105337
8.109967,10009,10.004,2628,5911.656442,5.911656442,5971.699204,-0.010054552
8.159979,10059,10.054,2628,5911.656442,5.911656442,5971.699204,-0.010054552
8.210036,10109,10.104,2625,5892.857143,5.892857143,5971.699204,-0.013202618
8.260023,10159,10.154,2620,5861.694915,5.861694915,5971.699204,-0.018420936
8.310019,10209,10.204,2632,5936.842105,5.936842105,5971.699204,-0.005837049
8.360035,10259,10.254,2629,5917.939973,5.917939973,5971.699204,-0.009002334
8.41265,10309,10.304,2628,5911.656442,5.911656442,5971.699204,-0.010054552
8.459989,10359,10.354,2631,5930.532787,5.930532787,5971.699204,-0.006893585
8.510094,10409,10.404,2629,5917.939973,5.917939973,5971.699204,-0.009002334
8.559984,10459,10.454,2623,5880.366848,5.880366848,5971.699204,-0.015294199
8.610012,10509,10.504,2628,5911.656442,5.911656442,5971.699204,-0.010054552
8.660116,10559,10.554,2630,5924.232082,5.924232082,5971.699204,-0.007948679
8.715718,10609,10.604,2630,5924.232082,5.924232082,5971.699204,-0.007948679
8.759992,10659,10.654,2629,5917.939973,5.917939973,5971.699204,-0.009002334
8.810027,10709,10.704,2628,5911.656442,5.911656442,5971.699204,-0.010054552
8.860056,10759,10.754,2626,5899.115044,5.899115044,5971.699204,-0.012154691
8.91001,10809,10.804,2643,6006.818182,6.006818182,5971.699204,0.005880902
8.959996,10859,10.854,2614,5824.577988,5.824577988,5971.699204,-0.024636408
9.020796,10909,10.904,2627,5905.381471,5.905381471,5971.699204,-0.011105337
9.059998,10959,10.954,2628,5911.656442,5.911656442,5971.699204,-0.010054552
9.109995,11009,11.004,2626,5899.115044,5.899115044,5971.699204,-0.012154691
9.16,11059,11.054,2635,5955.821918,5.955821918,5971.699204,-0.002658755
9.210023,11109,11.104,2634,5949.486653,5.949486653,5971.699204,-0.003719637
9.262843,11159,11.154,2625,5892.857143,5.892857143,5971.699204,-0.013202618
9.310101,11209,11.204,2628,5911.656442,5.911656442,5971.699204,-0.010054552
9.359983,11259,11.254,2631,5930.532787,5.930532787,5971.699204,-0.006893585
9.410006,11309,11.304,2629,5917.939973,5.917939973,5971.699204,-0.009002334
9.460087,11359,11.354,2628,5911.656442,5.911656442,5971.699204,-0.010054552
9.516568,11409,11.404,2628,5911.656442,5.911656442,5971.699204,-0.010054552
9.560047,11459,11.454,2626,5899.115044,5.899115044,5971.699204,-0.012154691
9.610029,11509,11.504,2629,5917.939973,5.917939973,5971.699204,-0.009002334
9.6601,11559,11.554,2622,5874.13442,5.87413442,5971.699204,-0.01633786
9.710006,11609,11.604,2616,5836.916836,5.836916836,5971.699204,-0.022570187
9.759986,11659,11.654,2624,5886.60775,5.88660775,5971.699204,-0.014249119
9.815834,11709,11.704,2620,5861.694915,5.861694915,5971.699204,-0.018420936
9.860041,11759,11.754,2627,5905.381471,5.905381471,5971.699204,-0.011105337
9.910075,11809,11.804,2625,5892.857143,5.892857143,5971.699204,-0.013202618
9.960058,11859,11.854,2629,5917.939973,5.917939973,5971.699204,-0.009002334
10.015366,11909,11.904,2618,5849.2891,5.8492891,5971.699204,-0.020498371
10.060059,11959,11.954,2623,5880.366848,5.880366848,5971.699204,-0.015294199
10.110064,12009,12.004,2622,5874.13442,5.87413442,5971.699204,-0.01633786
10.15999,12059,12.054,2625,5892.857143,5.892857143,5971.699204,-0.013202618
10.210032,12109,12.104,2624,5886.60775,5.88660775,5971.699204,-0.014249119
10.260038,12159,12.154,2624,5886.60775,5.88660775,5971.699204,-0.014249119
10.309983,12209,12.204,2627,5905.381471,5.905381471,5971.699204,-0.011105337
10.360035,12259,12.254,2625,5892.857143,5.892857143,5971.699204,-0.013202618
10.409975,12309,12.304,2640,5987.628866,5.987628866,5971.699204,0.002667526
10.460141,12359,12.354,2621,5867.910448,5.867910448,5971.699204,-0.017380105
10.509992,12409,12.404,2623,5880.366848,5.880366848,5971.699204,-0.015294199
10.564238,12459,12.454,2626,5899.115044,5.899115044,5971.699204,-0.012154691
10.610036,12509,12.504,2624,5886.60775,5.88660775,5971.699204,-0.014249119
10.66006,12559,12.554,2623,5880.366848,5.880366848,5971.699204,-0.015294199
10.710086,12609,12.604,2622,5874.13442,5.87413442,5971.699204,-0.01633786
10.824725,12659,12.654,2663,6136.801676,6.136801676,5971.699204,0.027647486
10.903275,12709,12.704,2780,6976.425856,6.976425856,5971.699204,0.168248034
10.903548,12759,12.754,2865,7686.585366,7.686585366,5971.699204,0.287168878
10.910094,12809,12.804,2914,8142.421677,8.142421677,5971.699204,0.363501643
10.960126,12859,12.854,2838,7450.596659,7.450596659,5971.699204,0.247651029
11.020344,12909,12.904,2862,7659.854015,7.659854015,5971.699204,0.282692539
11.059969,12959,12.954,2818,7282.223962,7.282223962,5971.699204,0.219455923
11.110013,13009,13.004,2803,7159.365325,7.159365325,5971.699204,0.198882442
11.169069,13059,13.054,2799,7127.083333,7.127083333,5971.699204,0.193476612
11.209999,13109,13.104,2812,7232.735776,7.232735776,5971.699204,0.211168803
11.260011,13159,13.154,2743,6695.192308,6.695192308,5971.699204,0.121153641
11.310083,13209,13.204,2693,6338.730385,6.338730385,5971.699204,0.061461766
11.359954,13259,13.254,2692,6331.860299,6.331860299,5971.699204,0.060311326
11.409994,13309,13.304,2673,6203.164557,6.203164557,5971.699204,0.038760384
11.463279,13359,13.354,2717,6506.603774,6.506603774,5971.699204,0.089573261
11.510017,13409,13.404,2766,6868.171558,6.868171558,5971.699204,0.150120145
11.559935,13459,13.454,2818,7282.223962,7.282223962,5971.699204,0.219455923
11.609994,13509,13.504,2846,7519.455564,7.519455564,5971.699204,0.259181902
11.659995,13559,13.554,2790,7055.172414,7.055172414,5971.699204,0.181434659
11.714748,13609,13.604,2795,7095.0,7.095,5971.699204,0.188104048
11.760025,13659,13.654,2788,7039.326702,7.039326702,5971.699204,0.178781191
11.810063,13709,13.704,2774,6929.750189,6.929750189,5971.699204,0.160431889
11.860047,13759,13.754,2765,6860.526316,6.860526316,5971.699204,0.1488399
11.910888,13809,13.804,2758,6807.329843,6.807329843,5971.699204,0.139931803
11.960044,13859,13.854,2737,6651.030928,6.651030928,5971.699204,0.11375853
12.010046,13909,13.904,2688,6304.477612,6.304477612,5971.699204,0.055725916
12.06004,13959,13.954,2700,6387.096774,6.387096774,5971.699204,0.069561034
12.109935,14009,14.004,2676,6223.255814,6.223255814,5971.699204,0.042124796
12.159984,14059,14.054,2683,6270.467422,6.270467422,5971.699204,0.050030688
12.210019,14109,14.104,2744,6702.590674,6.702590674,5971.699204,0.122392546
12.260066,14159,14.154,2792,7071.066769,7.071066769,5971.699204,0.184096273
12.310005,14209,14.204,2768,6883.496609,6.883496609,5971.699204,0.152686425
12.36002,14259,14.254,2751,6754.6875,6.7546875,5971.699204,0.131116499
12.412817,14309,14.304,2763,6845.27027,6.84527027,5971.699204,0.146285175
12.460017,14359,14.354,2785,7015.648855,7.015648855,5971.699204,0.174816181
12.510016,14409,14.404,2745,6710.0,6.71,5971.699204,0.123633286
12.559962,14459,14.454,2747,6724.851632,6.724851632,5971.699204,0.126120289
12.610006,14509,14.504,2775,6937.5,6.9375,5971.699204,0.161729646
12.660005,14559,14.554,2725,6563.868613,6.563868613,5971.699204,0.099162632
12.710017,14609,14.604,2674,6209.852217,6.209852217,5971.699204,0.039880276
12.760033,14659,14.654,2675,6216.549296,6.216549296,5971.699204,0.041001746
12.81123,14709,14.704,2658,6103.966597,6.103966597,5971.699204,0.022149038
12.859965,14759,14.754,2661,6123.640167,6.123640167,5971.699204,0.025443506
12.909968,14809,14.804,2707,6435.951009,6.435951009,5971.699204,0.077741994
12.960052,14859,14.854,2755,6784.701493,6.784701493,5971.699204,0.136142538
13.010024,14909,14.904,2773,6922.012103,6.922012103,5971.699204,0.159136096
13.061744,14959,14.954,2775,6937.5,6.9375,5971.699204,0.161729646
13.110003,15009,15.004,2718,6513.72549,6.51372549,5971.699204,0.090765839
13.159991,15059,15.054,2671,6189.817416,6.189817416,5971.699204,0.036525318
13.210041,15109,15.104,2691,6325.0,6.325,5971.699204,0.059162524
13.260004,15159,15.154,2695,6352.5,6.3525,5971.699204,0.063767578
13.309993,15209,15.204,2671,6189.817416,6.189817416,5971.699204,0.036525318
13.360008,15259,15.254,2668,6169.866854,6.169866854,5971.699204,0.033184466
13.41105,15309,15.304,2644,6013.232254,6.013232254,5971.699204,0.00695498
13.459989,15359,15.354,2647,6032.527624,6.032527624,5971.699204,0.010186116
13.510022,15409,15.404,2665,6150.0,6.15,5971.699204,0.029857632
13.559964,15459,15.454,2667,6163.235294,6.163235294,5971.699204,0.032073968
13.609957,15509,15.504,2686,6290.844571,6.290844571,5971.699204,0.053442974
13.660024,15559,15.554,2758,6807.329843,6.807329843,5971.699204,0.139931803
13.736045,15609,15.604,2754,6777.181208,6.777181208,5971.699204,0.134883218
13.760032,15659,15.654,2768,6883.496609,6.883496609,5971.699204,0.152686425
13.810024,15709,15.704,2764,6852.892562,6.852892562,5971.699204,0.147561578
13.860015,15759,15.754,2740,6673.062731,6.673062731,5971.699204,0.117447899
13.909986,15809,15.804,2736,6643.708609,6.643708609,5971.699204,0.11253236
13.959945,15859,15.854,2731,6607.258065,6.607258065,5971.699204,0.106428478
14.009962,15909,15.904,2735,6636.397059,6.636397059,5971.699204,0.111307993
14.05995,15959,15.954,2735,6636.397059,6.636397059,5971.699204,0.111307993
14.11271,16009,16.004,2694,6345.610278,6.345610278,5971.699204,0.062613849
14.160007,16059,16.054,2642,6000.412939,6.000412939,5971.699204,0.004808302
14.209964,16109,16.104,2653,6071.359223,6.071359223,5971.699204,0.016688721
14.259978,16159,16.154,2648,6038.977194,6.038977194,5971.699204,0.011266138
14.309963,16209,16.204,2669,6176.507714,6.176507714,5971.699204,0.034296521
14.365279,16259,16.254,2704,6414.953271,6.414953271,5971.699204,0.074225786
14.409963,16309,16.304,2735,6636.397059,6.636397059,5971.699204,0.111307993
14.459964,16359,16.354,2757,6799.775785,6.799775785,5971.699204,0.138666827
14.510011,16409,16.404,2781,6984.246575,6.984246575,5971.699204,0.169557665
14.560024,16459,16.454,2762,6837.659415,6.837659415,5971.699204,0.145010688
14.610003,16509,16.504,2751,6754.6875,6.7546875,5971.699204,0.131116499
14.659955,16559,16.554,2738,6658.364038,6.658364038,5971.699204,0.114986507
14.717412,16609,16.604,2768,6883.496609,6.883496609,5971.699204,0.152686425
14.760057,16659,16.654,2694,6345.610278,6.345610278,5971.699204,0.062613849
14.80989,16709,16.704,2673,6203.164557,6.203164557,5971.699204,0.038760384
14.859936,16759,16.754,2652,6064.864865,6.064864865,5971.699204,0.015601198
14.909949,16809,16.804,2655,6084.375,6.084375,5971.699204,0.018868297
14.964698,16859,16.854,2646,6026.086957,6.026086957,5971.699204,0.009107584
15.009972,16909,16.904,2677,6229.971791,6.229971791,5971.699204,0.04324943
15.059972,16959,16.954,2701,6394.045911,6.394045911,5971.699204,0.070724712
15.109952,17009,17.004,2765,6860.526316,6.860526316,5971.699204,0.1488399
15.159922,17059,17.054,2764,6852.892562,6.852892562,5971.699204,0.147561578
15.209959,17109,17.104,2721,6535.152838,6.535152838,5971.699204,0.094353988
15.259967,17159,17.154,2750,6747.211896,6.747211896,5971.699204,0.129864661
15.314169,17209,17.204,2730,6600.0,6.6,5971.699204,0.105213068
15.35998,17259,17.254,2736,6643.708609,6.643708609,5971.699204,0.11253236
15.409933,17309,17.304,2730,6600.0,6.6,5971.699204,0.105213068
15.459958,17359,17.354,2729,6592.752562,6.592752562,5971.699204,0.103999437
15.509978,17409,17.404,2683,6270.467422,6.270467422,5971.699204,0.050030688
15.559944,17459,17.454,2653,6071.359223,6.071359223,5971.699204,0.016688721
15.61002,17509,17.504,2640,5987.628866,5.987628866,5971.699204,0.002667526
15.65994,17559,17.554,2650,6051.903114,6.051903114,5971.699204,0.013430668
15.709923,17609,17.604,2653,6071.359223,6.071359223,5971.699204,0.016688721
15.759978,17659,17.654,2691,6325.0,6.325,5971.699204,0.059162524
15.815914,17709,17.704,2734,6629.096253,6.629096253,5971.699204,0.110085426
15.860024,17759,17.754,2738,6658.364038,6.658364038,5971.699204,0.114986507
15.909951,17809,17.804,2753,6769.672131,6.769672131,5971.699204,0.133625774
15.96002,17859,17.854,2728,6585.515728,6.585515728,5971.699204,0.102787582
16.013396,17909,17.904,2708,6442.97044,6.44297044,5971.699204,0.078917444
16.059952,17959,17.954,2708,6442.97044,6.44297044,5971.699204,0.078917444
16.109992,18009,18.004,2704,6414.953271,6.414953271,5971.699204,0.074225786
16.159944,18059,18.054,2700,6387.096774,6.387096774,5971.699204,0.069561034
16.209958,18109,18.104,2681,6256.930693,6.256930693,5971.699204,0.047763874
16.260005,18159,18.154,2654,6077.862595,6.077862595,5971.699204,0.017777753
16.309969,18209,18.204,2629,5917.939973,5.917939973,5971.699204,-0.009002334
16.360002,18259,18.254,2639,5981.25,5.98125,5971.699204,0.001599343
16.409949,18309,18.304,2643,6006.818182,6.006818182,5971.699204,0.005880902
16.466101,18359,18.354,2673,6203.164557,6.203164557,5971.699204,0.038760384
16.510007,18409,18.404,2710,6457.039711,6.457039711,5971.699204,0.081273435
16.559941,18459,18.454,2724,6556.673961,6.556673961,5971.699204,0.09795784
16.609963,18509,18.504,2734,6629.096253,6.629096253,5971.699204,0.110085426
16.659987,18559,18.554,2726,6571.073776,6.571073776,5971.699204,0.100369183
16.715812,18609,18.604,2721,6535.152838,6.535152838,5971.699204,0.094353988
16.759946,18659,18.654,2707,6435.951009,6.435951009,5971.699204,0.077741994
16.809945,18709,18.704,2696,6359.399571,6.359399571,5971.699204,0.064922956
16.864953,18759,18.754,2703,6407.974138,6.407974138,5971.699204,0.073057085
16.909957,18809,18.804,2678,6236.697248,6.236697248,5971.699204,0.044375652
16.959993,18859,18.854,2640,5987.628866,5.987628866,5971.699204,0.002667526
17.010002,18909,18.904,2627,5905.381471,5.905381471,5971.699204,-0.011105337
17.060002,18959,18.954,2630,5924.232082,5.924232082,5971.699204,-0.007948679
17.109992,19009,19.004,2628,5911.656442,5.911656442,5971.699204,-0.010054552
17.159974,19059,19.054,2643,6006.818182,6.006818182,5971.699204,0.005880902
17.215213,19109,19.104,2679,6243.432203,6.243432203,5971.699204,0.045503464
17.259974,19159,19.154,2705,6421.942446,6.421942446,5971.699204,0.075396169
17.309965,19209,19.204,2718,6513.72549,6.51372549,5971.699204,0.090765839
17.359992,19259,19.254,2727,6578.289474,6.578289474,5971.699204,0.101577499
17.429271,19309,19.304,2704,6414.953271,6.414953271,5971.699204,0.074225786
17.459988,19359,19.354,2720,6528.0,6.528,5971.699204,0.093156198
17.511974,19409,19.404,2701,6394.045911,6.394045911,5971.699204,0.070724712
17.559904,19459,19.454,2709,6450.0,6.45,5971.699204,0.080094589
17.609969,19509,19.504,2684,6277.250177,6.277250177,5971.699204,0.051166504
17.659969,19559,19.554,2633,5943.160055,5.943160055,5971.699204,-0.004779067
17.717471,19609,19.604,2629,5917.939973,5.917939973,5971.699204,-0.009002334
17.759984,19659,19.654,2609,5793.876178,5.793876178,5971.699204,-0.029777626
17.809987,19709,19.704,2628,5911.656442,5.911656442,5971.699204,-0.010054552
17.859971,19759,19.754,2630,5924.232082,5.924232082,5971.699204,-0.007948679
17.909894,19809,19.804,2649,6045.435685,6.045435685,5971.699204,0.012347655
17.964115,19859,19.854,2691,6325.0,6.325,5971.699204,0.059162524
18.009989,19909,19.904,2704,6414.953271,6.414953271,5971.699204,0.074225786
18.059873,19959,19.954,2691,6325.0,6.325,5971.699204,0.059162524
18.109938,20009,20.004,2707,6435.951009,6.435951009,5971.699204,0.077741994
18.159943,20059,20.054,2672,6196.486297,6.196486297,5971.699204,0.037642065
18.216598,20109,20.104,2677,6229.971791,6.229971791,5971.699204,0.04324943
18.259967,20159,20.154,2666,6156.613016,6.156613016,5971.699204,0.030965024
18.309935,20209,20.204,2650,6051.903114,6.051903114,5971.699204,0.013430668
18.359946,20259,20.254,2655,6084.375,6.084375,5971.699204,0.018868297
18.40988,20309,20.304,2616,5836.916836,5.836916836,5971.699204,-0.022570187
18.469606,20359,20.354,2618,5849.2891,5.8492891,5971.699204,-0.020498371
18.509957,20409,20.404,2636,5962.165867,5.962165867,5971.699204,-0.00159642
18.559905,20459,20.454,2630,5924.232082,5.924232082,5971.699204,-0.007948679
18.609954,20509,20.504,2668,6169.866854,6.169866854,5971.699204,0.033184466
18.659924,20559,20.554,2705,6421.942446,6.421942446,5971.699204,0.075396169
18.718029,20609,20.604,2706,6428.941685,6.428941685,5971.699204,0.076568237
18.759955,20659,20.654,2700,6387.096774,6.387096774,5971.699204,0.069561034
18.80997,20709,20.704,2696,6359.399571,6.359399571,5971.699204,0.064922956
18.85997,20759,20.754,2688,6304.477612,6.304477612,5971.699204,0.055725916
18.908939,20809,20.804,2678,6236.697248,6.236697248,5971.699204,0.044375652
18.959953,20859,20.854,2692,6331.860299,6.331860299,5971.699204,0.060311326
19.010223,20909,20.904,2672,6196.486297,6.196486297,5971.699204,0.037642065
19.059984,20959,20.954,2661,6123.640167,6.123640167,5971.699204,0.025443506
19.109954,21009,21.004,2630,5924.232082,5.924232082,5971.699204,-0.007948679
19.166352,21059,21.054,2585,5649.337748,5.649337748,5971.699204,-0.053981529
19.209007,21109,21.104,2607,5781.653226,5.781653226,5971.699204,-0.031824439
19.259006,21159,21.154,2630,5924.232082,5.924232082,5971.699204,-0.007948679
19.309977,21209,21.204,2644,6013.232254,6.013232254,5971.699204,0.00695498
19.359951,21259,21.254,2665,6150.0,6.15,5971.699204,0.029857632
19.415303,21309,21.304,2729,6592.752562,6.592752562,5971.699204,0.103999437
19.459955,21359,21.354,2711,6464.089595,6.464089595,5971.699204,0.082453984
19.509965,21409,21.404,2707,6435.951009,6.435951009,5971.699204,0.077741994
19.559006,21459,21.454,2694,6345.610278,6.345610278,5971.699204,0.062613849
19.608991,21509,21.504,2700,6387.096774,6.387096774,5971.699204,0.069561034
19.665877,21559,21.554,2679,6243.432203,6.243432203,5971.699204,0.045503464
19.709941,21609,21.604,2681,6256.930693,6.256930693,5971.699204,0.047763874
19.759937,21659,21.654,2668,6169.866854,6.169866854,5971.699204,0.033184466
19.809003,21709,21.704,2625,5892.857143,5.892857143,5971.699204,-0.013202618
19.859007,21759,21.754,2615,5830.743243,5.830743243,5971.699204,-0.023603995
19.918711,21809,21.804,2602,5751.239116,5.751239116,5971.699204,-0.03691748
19.959356,21859,21.854,2631,5930.532787,5.930532787,5971.699204,-0.006893585
20.008986,21909,21.904,2628,5911.656442,5.911656442,5971.699204,-0.010054552
20.058947,21959,21.954,2666,6156.613016,6.156613016,5971.699204,0.030965024
20.10891,22009,22.004,2711,6464.089595,6.464089595,5971.699204,0.082453984
20.166656,22059,22.054,2694,6345.610278,6.345610278,5971.699204,0.062613849
20.208932,22109,22.104,2682,6263.694268,6.263694268,5971.699204,0.048896479
20.25891,22159,22.154,2689,6311.308677,6.311308677,5971.699204,0.056869822
20.309994,22209,22.204,2681,6256.930693,6.256930693,5971.699204,0.047763874
20.373097,22259,22.254,2679,6243.432203,6.243432203,5971.699204,0.045503464
20.408981,22309,22.304,2667,6163.235294,6.163235294,5971.699204,0.032073968
20.458921,22359,22.354,2661,6123.640167,6.123640167,5971.699204,0.025443506
20.50892,22409,22.404,2642,6000.412939,6.000412939,5971.699204,0.004808302
20.558978,22459,22.454,2622,5874.13442,5.87413442,5971.699204,-0.01633786
20.608979,22509,22.504,2618,5849.2891,5.8492891,5971.699204,-0.020498371
20.658929,22559,22.554,2621,5867.910448,5.867910448,5971.699204,-0.017380105
20.708965,22609,22.604,2634,5949.486653,5.949486653,5971.699204,-0.003719637
20.758969,22659,22.654,2653,6071.359223,6.071359223,5971.699204,0.016688721
20.808905,22709,22.704,2699,6380.157593,6.380157593,5971.699204,0.068399023
20.858989,22759,22.754,2709,6450.0,6.45,5971.699204,0.080094589
20.913713,22809,22.804,2756,6792.23301,6.79223301,5971.699204,0.13740374
20.958914,22859,22.854,2716,6499.492386,6.499492386,5971.699204,0.088382412
21.008955,22909,22.904,2741,6680.42836,6.68042836,5971.699204,0.118681322
21.058986,22959,22.954,2695,6352.5,6.3525,5971.699204,0.063767578
21.108997,23009,23.004,2705,6421.942446,6.421942446,5971.699204,0.075396169
21.166178,23059,23.054,2714,6485.300507,6.485300507,5971.699204,0.08600589
21.208996,23109,23.104,2675,6216.549296,6.216549296,5971.699204,0.041001746
21.25899,23159,23.154,2640,5987.628866,5.987628866,5971.699204,0.002667526
21.309,23209,23.204,2626,5899.115044,5.899115044,5971.699204,-0.012154691
21.358999,23259,23.254,2634,5949.486653,5.949486653,5971.699204,-0.003719637
21.411275,23309,23.304,2639,5981.25,5.98125,5971.699204,0.001599343
21.458981,23359,23.354,2657,6097.426982,6.097426982,5971.699204,0.021053937
21.508946,23409,23.404,2690,6318.149466,6.318149466,5971.699204,0.058015357
21.558942,23459,23.454,2703,6407.974138,6.407974138,5971.699204,0.073057085
21.609001,23509,23.504,2693,6338.730385,6.338730385,5971.699204,0.061461766
21.659185,23559,23.554,2691,6325.0,6.325,5971.699204,0.059162524
21.708962,23609,23.604,2688,6304.477612,6.304477612,5971.699204,0.055725916
21.7589,23659,23.654,2696,6359.399571,6.359399571,5971.699204,0.064922956
21.818541,23709,23.704,2671,6189.817416,6.189817416,5971.699204,0.036525318
21.858915,23759,23.754,2675,6216.549296,6.216549296,5971.699204,0.041001746
21.918722,23809,23.804,2667,6163.235294,6.163235294,5971.699204,0.032073968
21.958923,23859,23.854,2623,5880.366848,5.880366848,5971.699204,-0.015294199
22.024157,23909,23.904,2605,5769.463087,5.769463087,5971.699204,-0.033865757
22.059069,23959,23.954,2612,5812.272421,5.812272421,5971.699204,-0.026697055
22.109024,24009,24.004,2615,5830.743243,5.830743243,5971.699204,-0.023603995
22.216352,24059,24.054,2641,5994.016506,5.994016506,5971.699204,0.003737178
22.284349,24109,24.104,2653,6071.359223,6.071359223,5971.699204,0.016688721
22.284668,24159,24.154,2692,6331.860299,6.331860299,5971.699204,0.060311326
22.308896,24209,24.204,2683,6270.467422,6.270467422,5971.699204,0.050030688
22.358913,24259,24.254,2682,6263.694268,6.263694268,5971.699204,0.048896479
22.42077,24309,24.304,2684,6277.250177,6.277250177,5971.699204,0.051166504
22.458914,24359,24.354,2678,6236.697248,6.236697248,5971.699204,0.044375652
22.514607,24409,24.404,2693,6338.730385,6.338730385,5971.699204,0.061461766
22.558949,24459,24.454,2652,6064.864865,6.064864865,5971.699204,0.015601198
22.610239,24509,24.504,2653,6071.359223,6.071359223,5971.699204,0.016688721
22.658974,24559,24.554,2623,5880.366848,5.880366848,5971.699204,-0.015294199
22.708973,24609,24.604,2609,5793.876178,5.793876178,5971.699204,-0.029777626
22.75888,24659,24.654,2616,5836.916836,5.836916836,5971.699204,-0.022570187
22.80891,24709,24.704,2612,5812.272421,5.812272421,5971.699204,-0.026697055
22.858978,24759,24.754,2612,5812.272421,5.812272421,5971.699204,-0.026697055
22.908881,24809,24.804,2646,6026.086957,6.026086957,5971.699204,0.009107584
22.958896,24859,24.854,2682,6263.694268,6.263694268,5971.699204,0.048896479
23.0199,24909,24.904,2659,6110.51532,6.11051532,5971.699204,0.023245664
23.058994,24959,24.954,2666,6156.613016,6.156613016,5971.699204,0.030965024
23.111409,25009,25.004,2679,6243.432203,6.243432203,5971.699204,0.045503464
23.158915,25059,25.054,2691,6325.0,6.325,5971.699204,0.059162524
23.208943,25109,25.104,2673,6203.164557,6.203164557,5971.699204,0.038760384
23.258947,25159,25.154,2665,6150.0,6.15,5971.699204,0.029857632
23.308938,25209,25.204,2667,6163.235294,6.163235294,5971.699204,0.032073968
23.358871,25259,25.254,2644,6013.232254,6.013232254,5971.699204,0.00695498
23.408964,25309,25.304,2594,5702.998001,5.702998001,5971.699204,-0.04499577
23.458944,25359,25.354,2606,5775.554063,5.775554063,5971.699204,-0.032845784
23.508908,25409,25.404,2607,5781.653226,5.781653226,5971.699204,-0.031824439
23.558945,25459,25.454,2610,5800.0,5.8,5971.699204,-0.028752152
23.613845,25509,25.504,2629,5917.939973,5.917939973,5971.699204,-0.009002334
23.658971,25559,25.554,2688,6304.477612,6.304477612,5971.699204,0.055725916
23.708965,25609,25.604,2688,6304.477612,6.304477612,5971.699204,0.055725916
23.758965,25659,25.654,2678,6236.697248,6.236697248,5971.699204,0.044375652
23.80896,25709,25.704,2656,6090.896456,6.090896456,5971.699204,0.019960358
23.864595,25759,25.754,2672,6196.486297,6.196486297,5971.699204,0.037642065
23.908947,25809,25.804,2663,6136.801676,6.136801676,5971.699204,0.027647486
23.958962,25859,25.854,2659,6110.51532,6.11051532,5971.699204,0.023245664
24.009046,25909,25.904,2637,5968.518519,5.968518519,5971.699204,-0.000532627
24.058925,25959,25.954,2629,5917.939973,5.917939973,5971.699204,-0.009002334
24.108982,26009,26.004,2594,5702.998001,5.702998001,5971.699204,-0.04499577
24.164234,26059,26.054,2592,5691.017964,5.691017964,5971.699204,-0.047001905
24.209035,26109,26.104,2602,5751.239116,5.751239116,5971.699204,-0.03691748
24.258974,26159,26.154,2612,5812.272421,5.812272421,5971.699204,-0.026697055
24.308951,26209,26.204,2641,5994.016506,5.994016506,5971.699204,0.003737178
24.35895,26259,26.254,2648,6038.977194,6.038977194,5971.699204,0.011266138
24.414794,26309,26.304,2676,6223.255814,6.223255814,5971.699204,0.042124796
24.458923,26359,26.354,2660,6117.073171,6.117073171,5971.699204,0.024343819
24.508984,26409,26.404,2663,6136.801676,6.136801676,5971.699204,0.027647486
24.558897,26459,26.454,2673,6203.164557,6.203164557,5971.699204,0.038760384
24.608932,26509,26.504,2675,6216.549296,6.216549296,5971.699204,0.041001746
24.658927,26559,26.554,2659,6110.51532,6.11051532,5971.699204,0.023245664
24.714494,26609,26.604,2653,6071.359223,6.071359223,5971.699204,0.016688721
24.758972,26659,26.654,2645,6019.655172,6.019655172,5971.699204,0.00803054
24.808983,26709,26.704,2602,5751.239116,5.751239116,5971.699204,-0.03691748
24.858952,26759,26.754,2573,5578.777924,5.578777924,5971.699204,-0.065797232
24.908955,26809,26.804,2596,5715.010007,5.715010007,5971.699204,-0.042984281
24.965957,26859,26.854,2594,5702.998001,5.702998001,5971.699204,-0.04499577
25.008936,26909,26.904,2625,5892.857143,5.892857143,5971.699204,-0.013202618
25.058964,26959,26.954,2654,6077.862595,6.077862595,5971.699204,0.017777753
25.108955,27009,27.004,2672,6196.486297,6.196486297,5971.699204,0.037642065
25.158955,27059,27.054,2669,6176.507714,6.176507714,5971.699204,0.034296521
25.208923,27109,27.104,2689,6311.308677,6.311308677,5971.699204,0.056869822
25.265055,27159,27.154,2673,6203.164557,6.203164557,5971.699204,0.038760384
25.308966,27209,27.204,2676,6223.255814,6.223255814,5971.699204,0.042124796
25.358942,27259,27.254,2642,6000.412939,6.000412939,5971.699204,0.004808302
25.40892,27309,27.304,2655,6084.375,6.084375,5971.699204,0.018868297
25.458945,27359,27.354,2642,6000.412939,6.000412939,5971.699204,0.004808302
25.514691,27409,27.404,2620,5861.694915,5.861694915,5971.699204,-0.018420936
25.558884,27459,27.454,2596,5715.010007,5.715010007,5971.699204,-0.042984281
25.608901,27509,27.504,2597,5721.028037,5.721028037,5971.699204,-0.041976523
25.658898,27559,27.554,2605,5769.463087,5.769463087,5971.699204,-0.033865757
25.708895,27609,27.604,2596,5715.010007,5.715010007,5971.699204,-0.042984281
25.758913,27659,27.654,2633,5943.160055,5.943160055,5971.699204,-0.004779067
25.814499,27709,27.704,2647,6032.527624,6.032527624,5971.699204,0.010186116
25.858931,27759,27.754,2687,6297.65625,6.29765625,5971.699204,0.054583634
25.90895,27809,27.804,2683,6270.467422,6.270467422,5971.699204,0.050030688
25.958966,27859,27.854,2681,6256.930693,6.256930693,5971.699204,0.047763874
26.020007,27909,27.904,2676,6223.255814,6.223255814,5971.699204,0.042124796
26.058875,27959,27.954,2650,6051.903114,6.051903114,5971.699204,0.013430668
26.108958,28009,28.004,2641,5994.016506,5.994016506,5971.699204,0.003737178
26.158876,28059,28.054,2642,6000.412939,6.000412939,5971.699204,0.004808302
26.208874,28109,28.104,2624,5886.60775,5.88660775,5971.699204,-0.014249119
26.258913,28159,28.154,2585,5649.337748,5.649337748,5971.699204,-0.053981529
26.308927,28209,28.204,2593,5697.003995,5.697003995,5971.699204,-0.045999505
26.358872,28259,28.254,2609,5793.876178,5.793876178,5971.699204,-0.029777626
26.408926,28309,28.304,2627,5905.381471,5.905381471,5971.699204,-0.011105337
26.468102,28359,28.354,2624,5886.60775,5.88660775,5971.699204,-0.014249119
26.508867,28409,28.404,2658,6103.966597,6.103966597,5971.699204,0.022149038
26.558932,28459,28.454,2673,6203.164557,6.203164557,5971.699204,0.038760384
26.60887,28509,28.504,2666,6156.613016,6.156613016,5971.699204,0.030965024
26.658937,28559,28.554,2676,6223.255814,6.223255814,5971.699204,0.042124796
26.708859,28609,28.604,2653,6071.359223,6.071359223,5971.699204,0.016688721
26.75892,28659,28.654,2656,6090.896456,6.090896456,5971.699204,0.019960358
26.808941,28709,28.704,2656,6090.896456,6.090896456,5971.699204,0.019960358
26.863967,28759,28.754,2641,5994.016506,5.994016506,5971.699204,0.003737178
26.908911,28809,28.804,2627,5905.381471,5.905381471,5971.699204,-0.011105337
26.958925,28859,28.854,2592,5691.017964,5.691017964,5971.699204,-0.047001905
27.011192,28909,28.904,2572,5572.948129,5.572948129,5971.699204,-0.06677347
27.058893,28959,28.954,2600,5739.130435,5.739130435,5971.699204,-0.038945158
27.108894,29009,29.004,2599,5733.088235,5.733088235,5971.699204,-0.039956964
27.15899,29059,29.054,2616,5836.916836,5.836916836,5971.699204,-0.022570187
27.208892,29109,29.104,2640,5987.628866,5.987628866,5971.699204,0.002667526
27.258874,29159,29.154,2657,6097.426982,6.097426982,5971.699204,0.021053937
27.30888,29209,29.204,2675,6216.549296,6.216549296,5971.699204,0.041001746
27.358851,29259,29.254,2666,6156.613016,6.156613016,5971.699204,0.030965024
27.413734,29309,29.304,2664,6143.396226,6.143396226,5971.699204,0.028751787
27.458943,29359,29.354,2662,6130.216329,6.130216329,5971.699204,0.026544727
27.516782,29409,29.404,2641,5994.016506,5.994016506,5971.699204,0.003737178
27.558852,29459,29.454,2642,6000.412939,6.000412939,5971.699204,0.004808302
27.608901,29509,29.504,2634,5949.486653,5.949486653,5971.699204,-0.003719637
27.658953,29559,29.554,2612,5812.272421,5.812272421,5971.699204,-0.026697055
27.708855,29609,29.604,2579,5613.918206,5.613918206,5971.699204,-0.059912763
27.758911,29659,29.654,2577,5602.173913,5.602173913,5971.699204,-0.061879421
27.814532,29709,29.704,2602,5751.239116,5.751239116,5971.699204,-0.03691748
27.858943,29759,29.754,2612,5812.272421,5.812272421,5971.699204,-0.026697055
27.908919,29809,29.804,2636,5962.165867,5.962165867,5971.699204,-0.00159642
27.958922,29859,29.854,2662,6130.216329,6.130216329,5971.699204,0.026544727
28.008824,29909,29.904,2666,6156.613016,6.156613016,5971.699204,0.030965024
28.058875,29959,29.954,2668,6169.866854,6.169866854,5971.699204,0.033184466
28.108853,30009,30.004,2672,6196.486297,6.196486297,5971.699204,0.037642065
28.1594,30059,30.054,2670,6183.157895,6.183157895,5971.699204,0.035410138
28.208859,30109,30.104,2655,6084.375,6.084375,5971.699204,0.018868297
28.270599,30159,30.154,2650,6051.903114,6.051903114,5971.699204,0.013430668
28.308902,30209,30.204,2642,6000.412939,6.000412939,5971.699204,0.004808302
28.35882,30259,30.254,2614,5824.577988,5.824577988,5971.699204,-0.024636408
28.40891,30309,30.304,2563,5520.822454,5.520822454,5971.699204,-0.075502254
28.467339,30359,30.354,2592,5691.017964,5.691017964,5971.699204,-0.047001905
28.511549,30409,30.404,2603,5757.30563,5.75730563,5971.699204,-0.035901603
28.558838,30459,30.454,2619,5855.487805,5.855487805,5971.699204,-0.019460357
28.609083,30509,30.504,2638,5974.87989,5.97487989,5971.699204,0.000532627
28.658877,30559,30.554,2627,5905.381471,5.905381471,5971.699204,-0.011105337
28.714847,30609,30.604,2640,5987.628866,5.987628866,5971.699204,0.002667526
28.758915,30659,30.654,2651,6058.379501,6.058379501,5971.699204,0.014515181
28.808844,30709,30.704,2667,6163.235294,6.163235294,5971.699204,0.032073968
28.858889,30759,30.754,2669,6176.507714,6.176507714,5971.699204,0.034296521
28.908915,30809,30.804,2650,6051.903114,6.051903114,5971.699204,0.013430668
28.97169,30859,30.854,2652,6064.864865,6.064864865,5971.699204,0.015601198
29.008924,30909,30.904,2653,6071.359223,6.071359223,5971.699204,0.016688721
29.058823,30959,30.954,2614,5824.577988,5.824577988,5971.699204,-0.024636408
29.108835,31009,31.004,2570,5561.311475,5.561311475,5971.699204,-0.068722103
29.158854,31059,31.054,2564,5526.583932,5.526583932,5971.699204,-0.074537457
29.209571,31109,31.104,2585,5649.337748,5.649337748,5971.699204,-0.053981529
29.258867,31159,31.154,2603,5757.30563,5.75730563,5971.699204,-0.035901603
29.308901,31209,31.204,2615,5830.743243,5.830743243,5971.699204,-0.023603995
29.366258,31259,31.254,2639,5981.25,5.98125,5971.699204,0.001599343
29.408933,31309,31.304,2647,6032.527624,6.032527624,5971.699204,0.010186116
29.458895,31359,31.354,2638,5974.87989,5.97487989,5971.699204,0.000532627
29.508947,31409,31.404,2657,6097.426982,6.097426982,5971.699204,0.021053937
29.558881,31459,31.454,2642,6000.412939,6.000412939,5971.699204,0.004808302
29.609229,31509,31.504,2658,6103.966597,6.103966597,5971.699204,0.022149038
29.677601,31559,31.554,2639,5981.25,5.98125,5971.699204,0.001599343
29.708919,31609,31.604,2638,5974.87989,5.97487989,5971.699204,0.000532627
29.758805,31659,31.654,2640,5987.628866,5.987628866,5971.699204,0.002667526
29.808798,31709,31.704,2593,5697.003995,5.697003995,5971.699204,-0.045999505
29.858842,31759,31.754,2564,5526.583932,5.526583932,5971.699204,-0.074537457
29.916249,31809,31.804,2587,5661.206897,5.661206897,5971.699204,-0.051993963
29.963948,31859,31.854,2579,5613.918206,5.613918206,5971.699204,-0.059912763
30.02379,31909,31.904,2611,5806.132075,5.806132075,5971.699204,-0.027725296
30.058867,31959,31.954,2630,5924.232082,5.924232082,5971.699204,-0.007948679
30.108886,32009,32.004,2661,6123.640167,6.123640167,5971.699204,0.025443506
30.159098,32059,32.054,2652,6064.864865,6.064864865,5971.699204,0.015601198
30.208881,32109,32.104,2676,6223.255814,6.223255814,5971.699204,0.042124796
30.258913,32159,32.154,2656,6090.896456,6.090896456,5971.699204,0.019960358
30.308836,32209,32.204,2667,6163.235294,6.163235294,5971.699204,0.032073968
30.358943,32259,32.254,2652,6064.864865,6.064864865,5971.699204,0.015601198
30.415,32309,32.304,2637,5968.518519,5.968518519,5971.699204,-0.000532627
30.458876,32359,32.354,2633,5943.160055,5.943160055,5971.699204,-0.004779067
30.508884,32409,32.404,2597,5721.028037,5.721028037,5971.699204,-0.041976523
30.563086,32459,32.454,2568,5549.705305,5.549705305,5971.699204,-0.070665632
30.608892,32509,32.504,2590,5679.069767,5.679069767,5971.699204,-0.049002709
30.658855,32559,32.554,2603,5757.30563,5.75730563,5971.699204,-0.035901603
30.708837,32609,32.604,2607,5781.653226,5.781653226,5971.699204,-0.031824439
30.758856,32659,32.654,2623,5880.366848,5.880366848,5971.699204,-0.015294199
30.816374,32709,32.704,2655,6084.375,6.084375,5971.699204,0.018868297
30.858832,32759,32.754,2649,6045.435685,6.045435685,5971.699204,0.012347655
30.908847,32809,32.804,2647,6032.527624,6.032527624,5971.699204,0.010186116
30.958913,32859,32.854,2670,6183.157895,6.183157895,5971.699204,0.035410138
31.00883,32909,32.904,2668,6169.866854,6.169866854,5971.699204,0.033184466
31.05882,32959,32.954,2650,6051.903114,6.051903114,5971.699204,0.013430668
31.108984,33009,33.004,2634,5949.486653,5.949486653,5971.699204,-0.003719637
31.158853,33059,33.054,2632,5936.842105,5.936842105,5971.699204,-0.005837049
31.214164,33109,33.104,2611,5806.132075,5.806132075,5971.699204,-0.027725296
31.258906,33159,33.154,2559,5497.851562,5.497851563,5971.699204,-0.07934888
31.308816,33209,33.204,2572,5572.948129,5.572948129,5971.699204,-0.06677347
31.358858,33259,33.254,2592,5691.017964,5.691017964,5971.699204,-0.047001905
31.40891,33309,33.304,2591,5685.039894,5.685039894,5971.699204,-0.048002972
31.458939,33359,33.354,2601,5745.180723,5.745180723,5971.699204,-0.037931998
31.508924,33409,33.404,2667,6163.235294,6.163235294,5971.699204,0.032073968
31.563835,33459,33.454,2675,6216.549296,6.216549296,5971.699204,0.041001746
31.608821,33509,33.504,2669,6176.507714,6.176507714,5971.699204,0.034296521
31.658872,33559,33.554,2660,6117.073171,6.117073171,5971.699204,0.024343819
31.708899,33609,33.604,2669,6176.507714,6.176507714,5971.699204,0.034296521
31.75892,33659,33.654,2663,6136.801676,6.136801676,5971.699204,0.027647486
31.808912,33709,33.704,2649,6045.435685,6.045435685,5971.699204,0.012347655
31.858919,33759,33.754,2647,6032.527624,6.032527624,5971.699204,0.010186116
31.908858,33809,33.804,2620,5861.694915,5.861694915,5971.699204,-0.018420936
31.966625,33859,33.854,2576,5596.313364,5.596313364,5971.699204,-0.062860809
32.008904,33909,33.904,2582,5631.592862,5.631592862,5971.699204,-0.056953026
32.058892,33959,33.954,2595,5709.0,5.709,5971.699204,-0.043990696
32.10895,34009,34.004,2580,5619.80198,5.61980198,5971.699204,-0.058927486
32.164011,34059,34.054,2604,5763.380282,5.763380282,5971.699204,-0.034884363
32.208838,34109,34.104,2641,5994.016506,5.994016506,5971.699204,0.003737178
32.258891,34159,34.154,2671,6189.817416,6.189817416,5971.699204,0.036525318
32.308913,34209,34.204,2660,6117.073171,6.117073171,5971.699204,0.024343819
32.3589,34259,34.254,2661,6123.640167,6.123640167,5971.699204,0.025443506
32.408858,34309,34.304,2659,6110.51532,6.11051532,5971.699204,0.023245664
32.458845,34359,34.354,2662,6130.216329,6.130216329,5971.699204,0.026544727
32.508922,34409,34.404,2644,6013.232254,6.013232254,5971.699204,0.00695498
32.558917,34459,34.454,2650,6051.903114,6.051903114,5971.699204,0.013430668
32.608914,34509,34.504,2638,5974.87989,5.97487989,5971.699204,0.000532627
32.658865,34559,34.554,2613,5818.421053,5.818421053,5971.699204,-0.025667427
32.71626,34609,34.604,2565,5532.352941,5.532352941,5971.699204,-0.073571399
32.758888,34659,34.654,2590,5679.069767,5.679069767,5971.699204,-0.049002709
32.808872,34709,34.704,2596,5715.010007,5.715010007,5971.699204,-0.042984281
32.858895,34759,34.754,2606,5775.554063,5.775554063,5971.699204,-0.032845784
32.908826,34809,34.804,2608,5787.760592,5.787760592,5971.699204,-0.030801721
32.958942,34859,34.854,2670,6183.157895,6.183157895,5971.699204,0.035410138
33.008912,34909,34.904,2671,6189.817416,6.189817416,5971.699204,0.036525318
33.058868,34959,34.954,2677,6229.971791,6.229971791,5971.699204,0.04324943
33.108842,35009,35.004,2666,6156.613016,6.156613016,5971.699204,0.030965024
33.158872,35059,35.054,2663,6136.801676,6.136801676,5971.699204,0.027647486
33.210357,35109,35.104,2660,6117.073171,6.117073171,5971.699204,0.024343819
33.258944,35159,35.154,2646,6026.086957,6.026086957,5971.699204,0.009107584
33.314599,35209,35.204,2617,5843.098782,5.843098782,5971.699204,-0.02153498
33.358868,35259,35.254,2595,5709.0,5.709,5971.699204,-0.043990696
33.408843,35309,35.304,2559,5497.851562,5.497851563,5971.699204,-0.07934888
33.458835,35359,35.354,2586,5655.26839,5.65526839,5971.699204,-0.052988405
33.508888,35409,35.404,2591,5685.039894,5.685039894,5971.699204,-0.048002972
33.558826,35459,35.454,2584,5643.414957,5.643414957,5971.699204,-0.054973339
33.608864,35509,35.504,2622,5874.13442,5.87413442,5971.699204,-0.01633786
33.658812,35559,35.554,2656,6090.896456,6.090896456,5971.699204,0.019960358
33.716577,35609,35.604,2649,6045.435685,6.045435685,5971.699204,0.012347655
33.758898,35659,35.654,2657,6097.426982,6.097426982,5971.699204,0.021053937
33.808858,35709,35.704,2670,6183.157895,6.183157895,5971.699204,0.035410138
33.858867,35759,35.754,2641,5994.016506,5.994016506,5971.699204,0.003737178
33.908889,35809,35.804,2636,5962.165867,5.962165867,5971.699204,-0.00159642
33.966542,35859,35.854,2647,6032.527624,6.032527624,5971.699204,0.010186116
34.008849,35909,35.904,2634,5949.486653,5.949486653,5971.699204,-0.003719637
34.058877,35959,35.954,2603,5757.30563,5.75730563,5971.699204,-0.035901603
34.10885,36009,36.004,2566,5538.129496,5.538129496,5971.699204,-0.072604077
34.158921,36059,36.054,2537,5373.620026,5.373620026,5971.699204,-0.100152261
34.208844,36109,36.104,2586,5655.26839,5.65526839,5971.699204,-0.052988405
34.258829,36159,36.154,2576,5596.313364,5.596313364,5971.699204,-0.062860809
34.308848,36209,36.204,2605,5769.463087,5.769463087,5971.699204,-0.033865757
34.359215,36259,36.254,2640,5987.628866,5.987628866,5971.699204,0.002667526
34.408821,36309,36.304,2651,6058.379501,6.058379501,5971.699204,0.014515181
34.458849,36359,36.354,2658,6103.966597,6.103966597,5971.699204,0.022149038
34.516303,36409,36.404,2649,6045.435685,6.045435685,5971.699204,0.012347655
34.558907,36459,36.454,2658,6103.966597,6.103966597,5971.699204,0.022149038
34.608818,36509,36.504,2645,6019.655172,6.019655172,5971.699204,0.00803054
34.658828,36559,36.554,2641,5994.016506,5.994016506,5971.699204,0.003737178
34.708835,36609,36.604,2651,6058.379501,6.058379501,5971.699204,0.014515181
34.758858,36659,36.654,2618,5849.2891,5.8492891,5971.699204,-0.020498371
34.808902,36709,36.704,2559,5497.851562,5.497851563,5971.699204,-0.07934888
34.858813,36759,36.754,2556,5480.701754,5.480701754,5971.699204,-0.082220727
34.908837,36809,36.804,2584,5643.414957,5.643414957,5971.699204,-0.054973339
34.958916,36859,36.854,2562,5515.068493,5.515068493,5971.699204,-0.076465792
35.010278,36909,36.904,2598,5727.054108,5.727054108,5971.699204,-0.040967418
35.058864,36959,36.954,2623,5880.366848,5.880366848,5971.699204,-0.015294199
35.108842,37009,37.004,2645,6019.655172,6.019655172,5971.699204,0.00803054
35.165403,37059,37.054,2647,6032.527624,6.032527624,5971.699204,0.010186116
35.208807,37109,37.104,2636,5962.165867,5.962165867,5971.699204,-0.00159642
35.258922,37159,37.154,2641,5994.016506,5.994016506,5971.699204,0.003737178
35.30883,37209,37.204,2641,5994.016506,5.994016506,5971.699204,0.003737178
35.358893,37259,37.254,2643,6006.818182,6.006818182,5971.699204,0.005880902
35.408855,37309,37.304,2627,5905.381471,5.905381471,5971.699204,-0.011105337
35.458872,37359,37.354,2623,5880.366848,5.880366848,5971.699204,-0.015294199
35.50887,37409,37.404,2560,5503.583062,5.503583062,5971.699204,-0.078389103
35.558825,37459,37.454,2559,5497.851562,5.497851563,5971.699204,-0.07934888
35.608881,37509,37.504,2568,5549.705305,5.549705305,5971.699204,-0.070665632
35.664413,37559,37.554,2559,5497.851562,5.497851563,5971.699204,-0.07934888
35.70878,37609,37.604,2580,5619.80198,5.61980198,5971.699204,-0.058927486
35.758852,37659,37.654,2625,5892.857143,5.892857143,5971.699204,-0.013202618
35.808838,37709,37.704,2657,6097.426982,6.097426982,5971.699204,0.021053937
35.858914,37759,37.754,2659,6110.51532,6.11051532,5971.699204,0.023245664
35.908883,37809,37.804,2646,6026.086957,6.026086957,5971.699204,0.009107584
35.958874,37859,37.854,2649,6045.435685,6.045435685,5971.699204,0.012347655
36.016889,37909,37.904,2657,6097.426982,6.097426982,5971.699204,0.021053937
36.058898,37959,37.954,2646,6026.086957,6.026086957,5971.699204,0.009107584
36.108884,38009,38.004,2639,5981.25,5.98125,5971.699204,0.001599343
36.158851,38059,38.054,2616,5836.916836,5.836916836,5971.699204,-0.022570187
36.208856,38109,38.104,2594,5702.998001,5.702998001,5971.699204,-0.04499577
36.258897,38159,38.154,2553,5463.618677,5.463618677,5971.699204,-0.0850814
36.312137,38209,38.204,2556,5480.701754,5.480701754,5971.699204,-0.082220727
36.358787,38259,38.254,2565,5532.352941,5.532352941,5971.699204,-0.073571399
36.408898,38309,38.304,2589,5673.10757,5.67310757,5971.699204,-0.050001118
36.466454,38359,38.354,2603,5757.30563,5.75730563,5971.699204,-0.035901603
36.508863,38409,38.404,2650,6051.903114,6.051903114,5971.699204,0.013430668
36.558805,38459,38.454,2652,6064.864865,6.064864865,5971.699204,0.015601198
36.608828,38509,38.504,2642,6000.412939,6.000412939,5971.699204,0.004808302
36.658816,38559,38.554,2636,5962.165867,5.962165867,5971.699204,-0.00159642
36.708778,38609,38.604,2638,5974.87989,5.97487989,5971.699204,0.000532627
36.758812,38659,38.654,2646,6026.086957,6.026086957,5971.699204,0.009107584
36.815858,38709,38.704,2655,6084.375,6.084375,5971.699204,0.018868297
36.858785,38759,38.754,2615,5830.743243,5.830743243,5971.699204,-0.023603995
36.908834,38809,38.804,2596,5715.010007,5.715010007,5971.699204,-0.042984281
36.959654,38859,38.854,2563,5520.822454,5.520822454,5971.699204,-0.075502254
37.008869,38909,38.904,2559,5497.851562,5.497851563,5971.699204,-0.07934888
37.058808,38959,38.954,2575,5590.460526,5.590460526,5971.699204,-0.063840904
37.108848,39009,39.004,2569,5555.504587,5.555504587,5971.699204,-0.069694505
37.158841,39059,39.054,2610,5800.0,5.8,5971.699204,-0.028752152
37.216626,39109,39.104,2622,5874.13442,5.87413442,5971.699204,-0.01633786
37.258847,39159,39.154,2635,5955.821918,5.955821918,5971.699204,-0.002658755
37.308793,39209,39.204,2650,6051.903114,6.051903114,5971.699204,0.013430668
37.358812,39259,39.254,2639,5981.25,5.98125,5971.699204,0.001599343
37.408835,39309,39.304,2640,5987.628866,5.987628866,5971.699204,0.002667526
37.467787,39359,39.354,2619,5855.487805,5.855487805,5971.699204,-0.019460357
37.508826,39409,39.404,2605,5769.463087,5.769463087,5971.699204,-0.033865757
37.558852,39459,39.454,2611,5806.132075,5.806132075,5971.699204,-0.027725296
37.610161,39509,39.504,2599,5733.088235,5.733088235,5971.699204,-0.039956964
37.658764,39559,39.554,2564,5526.583932,5.526583932,5971.699204,-0.074537457
37.708855,39609,39.604,2554,5469.305646,5.469305646,5971.699204,-0.08412908
37.759996,39659,39.654,2562,5515.068493,5.515068493,5971.699204,-0.076465792
37.80885,39709,39.704,2565,5532.352941,5.532352941,5971.699204,-0.073571399
37.858846,39759,39.754,2594,5702.998001,5.702998001,5971.699204,-0.04499577
37.908859,39809,39.804,2611,5806.132075,5.806132075,5971.699204,-0.027725296
37.958841,39859,39.854,2639,5981.25,5.98125,5971.699204,0.001599343
38.01845,39909,39.904,2659,6110.51532,6.11051532,5971.699204,0.023245664
38.058863,39959,39.954,2635,5955.821918,5.955821918,5971.699204,-0.002658755
38.108844,40009,40.004,2650,6051.903114,6.051903114,5971.699204,0.013430668
38.160003,40059,40.054,2641,5994.016506,5.994016506,5971.699204,0.003737178
38.208815,40109,40.104,2632,5936.842105,5.936842105,5971.699204,-0.005837049
38.258779,40159,40.154,2614,5824.577988,5.824577988,5971.699204,-0.024636408
38.308842,40209,40.204,2606,5775.554063,5.775554063,5971.699204,-0.032845784
38.358843,40259,40.254,2559,5497.851562,5.497851563,5971.699204,-0.07934888
38.41541,40309,40.304,2555,5475.0,5.475,5971.699204,-0.083175523
38.458839,40359,40.354,2575,5590.460526,5.590460526,5971.699204,-0.063840904
38.50884,40409,40.404,2562,5515.068493,5.515068493,5971.699204,-0.076465792
38.561441,40459,40.454,2574,5584.615385,5.584615385,5971.699204,-0.064819712
38.60883,40509,40.504,2601,5745.180723,5.745180723,5971.699204,-0.037931998
38.658847,40559,40.554,2622,5874.13442,5.87413442,5971.699204,-0.01633786
38.71063,40609,40.604,2625,5892.857143,5.892857143,5971.699204,-0.013202618
38.758788,40659,40.654,2632,5936.842105,5.936842105,5971.699204,-0.005837049
38.808874,40709,40.704,2642,6000.412939,6.000412939,5971.699204,0.004808302
38.858829,40759,40.754,2642,6000.412939,6.000412939,5971.699204,0.004808302
38.908867,40809,40.804,2630,5924.232082,5.924232082,5971.699204,-0.007948679
38.958878,40859,40.854,2622,5874.13442,5.87413442,5971.699204,-0.01633786
39.020135,40909,40.904,2615,5830.743243,5.830743243,5971.699204,-0.023603995
39.058849,40959,40.954,2570,5561.311475,5.561311475,5971.699204,-0.068722103
39.108827,41009,41.004,2548,5435.294118,5.435294118,5971.699204,-0.089824532
39.160569,41059,41.054,2562,5515.068493,5.515068493,5971.699204,-0.076465792
39.208795,41109,41.104,2575,5590.460526,5.590460526,5971.699204,-0.063840904
39.258837,41159,41.154,2584,5643.414957,5.643414957,5971.699204,-0.054973339
39.311093,41209,41.204,2595,5709.0,5.709,5971.699204,-0.043990696
39.358848,41259,41.254,2619,5855.487805,5.855487805,5971.699204,-0.019460357
39.40884,41309,41.304,2626,5899.115044,5.899115044,5971.699204,-0.012154691
39.458848,41359,41.354,2636,5962.165867,5.962165867,5971.699204,-0.00159642
39.508827,41409,41.404,2645,6019.655172,6.019655172,5971.699204,0.00803054
39.568288,41459,41.454,2636,5962.165867,5.962165867,5971.699204,-0.00159642
39.60884,41509,41.504,2641,5994.016506,5.994016506,5971.699204,0.003737178
39.661267,41559,41.554,2634,5949.486653,5.949486653,5971.699204,-0.003719637
39.708855,41609,41.604,2617,5843.098782,5.843098782,5971.699204,-0.02153498
39.761877,41659,41.654,2602,5751.239116,5.751239116,5971.699204,-0.03691748
39.808828,41709,41.704,2558,5492.127521,5.492127521,5971.699204,-0.080307408
39.858792,41759,41.754,2557,5486.410923,5.486410923,5971.699204,-0.081264689
39.911432,41809,41.804,2571,5567.125984,5.567125984,5971.699204,-0.067748426
39.958864,41859,41.854,2559,5497.851562,5.497851563,5971.699204,-0.07934888
40.008814,41909,41.904,2599,5733.088235,5.733088235,5971.699204,-0.039956964
40.05886,41959,41.954,2619,5855.487805,5.855487805,5971.699204,-0.019460357
40.108777,42009,42.004,2646,6026.086957,6.026086957,5971.699204,0.009107584
40.168743,42059,42.054,2626,5899.115044,5.899115044,5971.699204,-0.012154691
40.208791,42109,42.104,2634,5949.486653,5.949486653,5971.699204,-0.003719637
40.259504,42159,42.154,2637,5968.518519,5.968518519,5971.699204,-0.000532627
40.308813,42209,42.204,2631,5930.532787,5.930532787,5971.699204,-0.006893585
40.359657,42259,42.254,2624,5886.60775,5.88660775,5971.699204,-0.014249119
40.408779,42309,42.304,2628,5911.656442,5.911656442,5971.699204,-0.010054552
40.45878,42359,42.354,2602,5751.239116,5.751239116,5971.699204,-0.03691748
40.508858,42409,42.404,2565,5532.352941,5.532352941,5971.699204,-0.073571399
40.558738,42459,42.454,2557,5486.410923,5.486410923,5971.699204,-0.081264689
40.608842,42509,42.504,2559,5497.851562,5.497851563,5971.699204,-0.07934888
40.662474,42559,42.554,2557,5486.410923,5.486410923,5971.699204,-0.081264689
40.708817,42609,42.604,2584,5643.414957,5.643414957,5971.699204,-0.054973339
40.758827,42659,42.654,2604,5763.380282,5.763380282,5971.699204,-0.034884363
40.81951,42709,42.704,2618,5849.2891,5.8492891,5971.699204,-0.020498371
40.85878,42759,42.754,2626,5899.115044,5.899115044,5971.699204,-0.012154691
40.908744,42809,42.804,2630,5924.232082,5.924232082,5971.699204,-0.007948679
40.96136,42859,42.854,2632,5936.842105,5.936842105,5971.699204,-0.005837049
41.008862,42909,42.904,2632,5936.842105,5.936842105,5971.699204,-0.005837049
41.058763,42959,42.954,2613,5818.421053,5.818421053,5971.699204,-0.025667427
41.108794,43009,43.004,2609,5793.876178,5.793876178,5971.699204,-0.029777626
41.158783,43059,43.054,2603,5757.30563,5.75730563,5971.699204,-0.035901603
41.219411,43109,43.104,2562,5515.068493,5.515068493,5971.699204,-0.076465792
41.258844,43159,43.154,2551,5452.266839,5.452266839,5971.699204,-0.086982339
41.310612,43209,43.204,2563,5520.822454,5.520822454,5971.699204,-0.075502254
41.358784,43259,43.254,2571,5567.125984,5.567125984,5971.699204,-0.067748426
41.408792,43309,43.304,2559,5497.851562,5.497851563,5971.699204,-0.07934888
41.460853,43359,43.354,2594,5702.998001,5.702998001,5971.699204,-0.04499577
41.508885,43409,43.404,2626,5899.115044,5.899115044,5971.699204,-0.012154691
41.558771,43459,43.454,2627,5905.381471,5.905381471,5971.699204,-0.011105337
41.608772,43509,43.504,2630,5924.232082,5.924232082,5971.699204,-0.007948679
41.658833,43559,43.554,2620,5861.694915,5.861694915,5971.699204,-0.018420936
41.712267,43609,43.604,2634,5949.486653,5.949486653,5971.699204,-0.003719637
41.758765,43659,43.654,2640,5987.628866,5.987628866,5971.699204,0.002667526
41.808781,43709,43.704,2624,5886.60775,5.88660775,5971.699204,-0.014249119
41.868586,43759,43.754,2607,5781.653226,5.781653226,5971.699204,-0.031824439
41.908788,43809,43.804,2592,5691.017964,5.691017964,5971.699204,-0.047001905
41.958832,43859,43.854,2549,5440.944373,5.440944373,5971.699204,-0.08887836
42.012508,43909,43.904,2569,5555.504587,5.555504587,5971.699204,-0.069694505
42.058846,43959,43.954,2562,5515.068493,5.515068493,5971.699204,-0.076465792
42.108795,44009,44.004,2567,5543.913613,5.543913613,5971.699204,-0.071635489
42.161696,44059,44.054,2586,5655.26839,5.65526839,5971.699204,-0.052988405
42.208798,44109,44.104,2605,5769.463087,5.769463087,5971.699204,-0.033865757
42.258813,44159,44.154,2611,5806.132075,5.806132075,5971.699204,-0.027725296
42.308782,44209,44.204,2620,5861.694915,5.861694915,5971.699204,-0.018420936
42.358845,44259,44.254,2623,5880.366848,5.880366848,5971.699204,-0.015294199
42.418905,44309,44.304,2617,5843.098782,5.843098782,5971.699204,-0.02153498
42.458804,44359,44.354,2627,5905.381471,5.905381471,5971.699204,-0.011105337
42.508839,44409,44.404,2607,5781.653226,5.781653226,5971.699204,-0.031824439
42.561537,44459,44.454,2604,5763.380282,5.763380282,5971.699204,-0.034884363
42.608779,44509,44.504,2593,5697.003995,5.697003995,5971.699204,-0.045999505
42.658815,44559,44.554,2555,5475.0,5.475,5971.699204,-0.083175523
42.712565,44609,44.604,2556,5480.701754,5.480701754,5971.699204,-0.082220727
42.758834,44659,44.654,2559,5497.851562,5.497851563,5971.699204,-0.07934888
42.808777,44709,44.704,2558,5492.127521,5.492127521,5971.699204,-0.080307408
42.858844,44759,44.754,2589,5673.10757,5.67310757,5971.699204,-0.050001118
42.908833,44809,44.804,2610,5800.0,5.8,5971.699204,-0.028752152
42.970525,44859,44.854,2615,5830.743243,5.830743243,5971.699204,-0.023603995
43.008826,44909,44.904,2632,5936.842105,5.936842105,5971.699204,-0.005837049
43.061602,44959,44.954,2619,5855.487805,5.855487805,5971.699204,-0.019460357
43.108813,45009,45.004,2637,5968.518519,5.968518519,5971.699204,-0.000532627
43.158815,45059,45.054,2640,5987.628866,5.987628866,5971.699204,0.002667526
43.208874,45109,45.104,2625,5892.857143,5.892857143,5971.699204,-0.013202618
43.258827,45159,45.154,2632,5936.842105,5.936842105,5971.699204,-0.005837049
43.30881,45209,45.204,2614,5824.577988,5.824577988,5971.699204,-0.024636408
43.358833,45259,45.254,2562,5515.068493,5.515068493,5971.699204,-0.076465792
43.414587,45309,45.304,2558,5492.127521,5.492127521,5971.699204,-0.080307408
43.458819,45359,45.354,2554,5469.305646,5.469305646,5971.699204,-0.08412908
43.508798,45409,45.404,2572,5572.948129,5.572948129,5971.699204,-0.06677347
43.558808,45459,45.454,2597,5721.028037,5.721028037,5971.699204,-0.041976523
43.608817,45509,45.504,2620,5861.694915,5.861694915,5971.699204,-0.018420936
43.658765,45559,45.554,2633,5943.160055,5.943160055,5971.699204,-0.004779067
43.708758,45609,45.604,2641,5994.016506,5.994016506,5971.699204,0.003737178
43.758747,45659,45.654,2624,5886.60775,5.88660775,5971.699204,-0.014249119
43.80967,45709,45.704,2648,6038.977194,6.038977194,5971.699204,0.011266138
43.858826,45759,45.754,2629,5917.939973,5.917939973,5971.699204,-0.009002334
43.90881,45809,45.804,2637,5968.518519,5.968518519,5971.699204,-0.000532627
43.958814,45859,45.854,2624,5886.60775,5.88660775,5971.699204,-0.014249119
44.015889,45909,45.904,2578,5608.042189,5.608042189,5971.699204,-0.06089674
44.058803,45959,45.954,2598,5727.054108,5.727054108,5971.699204,-0.040967418
44.108845,46009,46.004,2562,5515.068493,5.515068493,5971.699204,-0.076465792
44.158888,46059,46.054,2558,5492.127521,5.492127521,5971.699204,-0.080307408
44.208808,46109,46.104,2548,5435.294118,5.435294118,5971.699204,-0.089824532
44.258813,46159,46.154,2576,5596.313364,5.596313364,5971.699204,-0.062860809
44.310712,46209,46.204,2601,5745.180723,5.745180723,5971.699204,-0.037931998
44.358756,46259,46.254,2621,5867.910448,5.867910448,5971.699204,-0.017380105
44.408746,46309,46.304,2637,5968.518519,5.968518519,5971.699204,-0.000532627
44.458778,46359,46.354,2631,5930.532787,5.930532787,5971.699204,-0.006893585
44.508894,46409,46.404,2631,5930.532787,5.930532787,5971.699204,-0.006893585
44.567552,46459,46.454,2643,6006.818182,6.006818182,5971.699204,0.005880902
44.608746,46509,46.504,2629,5917.939973,5.917939973,5971.699204,-0.009002334
44.658799,46559,46.554,2620,5861.694915,5.861694915,5971.699204,-0.018420936
44.709529,46609,46.604,2597,5721.028037,5.721028037,5971.699204,-0.041976523
44.758816,46659,46.654,2569,5555.504587,5.555504587,5971.699204,-0.069694505
44.809191,46709,46.704,2569,5555.504587,5.555504587,5971.699204,-0.069694505
44.858792,46759,46.754,2554,5469.305646,5.469305646,5971.699204,-0.08412908
44.908808,46809,46.804,2562,5515.068493,5.515068493,5971.699204,-0.076465792
44.958736,46859,46.854,2559,5497.851562,5.497851563,5971.699204,-0.07934888
45.008787,46909,46.904,2587,5661.206897,5.661206897,5971.699204,-0.051993963
45.058794,46959,46.954,2620,5861.694915,5.861694915,5971.699204,-0.018420936
45.116438,47009,47.004,2628,5911.656442,5.911656442,5971.699204,-0.010054552
45.158779,47059,47.054,2613,5818.421053,5.818421053,5971.699204,-0.025667427
45.208764,47109,47.104,2620,5861.694915,5.861694915,5971.699204,-0.018420936
45.259247,47159,47.154,2630,5924.232082,5.924232082,5971.699204,-0.007948679
45.308738,47209,47.204,2639,5981.25,5.98125,5971.699204,0.001599343
45.358848,47259,47.254,2614,5824.577988,5.824577988,5971.699204,-0.024636408
45.410028,47309,47.304,2609,5793.876178,5.793876178,5971.699204,-0.029777626
45.458734,47359,47.354,2593,5697.003995,5.697003995,5971.699204,-0.045999505
45.508783,47409,47.404,2566,5538.129496,5.538129496,5971.699204,-0.072604077
45.558805,47459,47.454,2555,5475.0,5.475,5971.699204,-0.083175523
45.608772,47509,47.504,2559,5497.851562,5.497851563,5971.699204,-0.07934888
45.658767,47559,47.554,2573,5578.777924,5.578777924,5971.699204,-0.065797232
45.717449,47609,47.604,2589,5673.10757,5.67310757,5971.699204,-0.050001118
45.758726,47659,47.654,2628,5911.656442,5.911656442,5971.699204,-0.010054552
45.808806,47709,47.704,2632,5936.842105,5.936842105,5971.699204,-0.005837049
45.858747,47759,47.754,2614,5824.577988,5.824577988,5971.699204,-0.024636408
45.908803,47809,47.804,2637,5968.518519,5.968518519,5971.699204,-0.000532627
45.958781,47859,47.854,2639,5981.25,5.98125,5971.699204,0.001599343
46.019484,47909,47.904,2640,5987.628866,5.987628866,5971.699204,0.002667526
46.058741,47959,47.954,2624,5886.60775,5.88660775,5971.699204,-0.014249119
46.108791,48009,48.004,2623,5880.366848,5.880366848,5971.699204,-0.015294199
46.158757,48059,48.054,2608,5787.760592,5.787760592,5971.699204,-0.030801721
46.208725,48109,48.104,2562,5515.068493,5.515068493,5971.699204,-0.076465792
46.258782,48159,48.154,2551,5452.266839,5.452266839,5971.699204,-0.086982339
46.317946,48209,48.204,2560,5503.583062,5.503583062,5971.699204,-0.078389103
46.358801,48259,48.254,2562,5515.068493,5.515068493,5971.699204,-0.076465792
46.408747,48309,48.304,2572,5572.948129,5.572948129,5971.699204,-0.06677347
46.458721,48359,48.354,2586,5655.26839,5.65526839,5971.699204,-0.052988405
46.508741,48409,48.404,2616,5836.916836,5.836916836,5971.699204,-0.022570187
46.561035,48459,48.454,2638,5974.87989,5.97487989,5971.699204,0.000532627
46.608747,48509,48.504,2636,5962.165867,5.962165867,5971.699204,-0.00159642
46.658721,48559,48.554,2639,5981.25,5.98125,5971.699204,0.001599343
46.708738,48609,48.604,2652,6064.864865,6.064864865,5971.699204,0.015601198
46.779438,48659,48.654,2646,6026.086957,6.026086957,5971.699204,0.009107584
46.808832,48709,48.704,2636,5962.165867,5.962165867,5971.699204,-0.00159642
46.869235,48759,48.754,2619,5855.487805,5.855487805,5971.699204,-0.019460357
46.908742,48809,48.804,2559,5497.851562,5.497851563,5971.699204,-0.07934888
46.958857,48859,48.854,2554,5469.305646,5.469305646,5971.699204,-0.08412908
47.059645,48909,48.904,2559,5497.851562,5.497851563,5971.699204,-0.07934888
47.160542,48959,48.954,2559,5497.851562,5.497851563,5971.699204,-0.07934888
47.27361,49009,49.004,2568,5549.705305,5.549705305,5971.699204,-0.070665632
47.413726,49059,49.054,2584,5643.414957,5.643414957,5971.699204,-0.054973339
47.507252,49109,49.104,2618,5849.2891,5.8492891,5971.699204,-0.020498371
47.507594,49159,49.154,2616,5836.916836,5.836916836,5971.699204,-0.022570187
47.507907,49209,49.204,2653,6071.359223,6.071359223,5971.699204,0.016688721
47.508216,49259,49.254,2624,5886.60775,5.88660775,5971.699204,-0.014249119
47.508523,49309,49.304,2628,5911.656442,5.911656442,5971.699204,-0.010054552
47.508835,49359,49.354,2608,5787.760592,5.787760592,5971.699204,-0.030801721
47.50914,49409,49.404,2625,5892.857143,5.892857143,5971.699204,-0.013202618
47.558817,49459,49.454,2608,5787.760592,5.787760592,5971.699204,-0.030801721
47.64248,49509,49.504,2592,5691.017964,5.691017964,5971.699204,-0.047001905
47.658767,49559,49.554,2557,5486.410923,5.486410923,5971.699204,-0.081264689
47.708798,49609,49.604,2559,5497.851562,5.497851563,5971.699204,-0.07934888
47.760776,49659,49.654,2558,5492.127521,5.492127521,5971.699204,-0.080307408
47.808695,49709,49.704,2559,5497.851562,5.497851563,5971.699204,-0.07934888
47.858784,49759,49.754,2621,5867.910448,5.867910448,5971.699204,-0.017380105
47.91357,49809,49.804,2613,5818.421053,5.818421053,5971.699204,-0.025667427
47.958676,49859,49.854,2670,6183.157895,6.183157895,5971.699204,0.035410138
48.008751,49909,49.904,2634,5949.486653,5.949486653,5971.699204,-0.003719637
48.071106,49959,49.954,2671,6189.817416,6.189817416,5971.699204,0.036525318
48.108747,50009,50.004,2651,6058.379501,6.058379501,5971.699204,0.014515181
48.15877,50059,50.054,2638,5974.87989,5.97487989,5971.699204,0.000532627
48.211217,50109,50.104,2639,5981.25,5.98125,5971.699204,0.001599343
48.258773,50159,50.154,2636,5962.165867,5.962165867,5971.699204,-0.00159642
48.308758,50209,50.204,2606,5775.554063,5.775554063,5971.699204,-0.032845784
48.358679,50259,50.254,2559,5497.851562,5.497851563,5971.699204,-0.07934888
48.408694,50309,50.304,2559,5497.851562,5.497851563,5971.699204,-0.07934888
48.471633,50359,50.354,2563,5520.822454,5.520822454,5971.699204,-0.075502254
48.508794,50409,50.404,2577,5602.173913,5.602173913,5971.699204,-0.061879421
48.561604,50459,50.454,2561,5509.322034,5.509322034,5971.699204,-0.077428074
48.608884,50509,50.504,2611,5806.132075,5.806132075,5971.699204,-0.027725296
48.662034,50559,50.554,2628,5911.656442,5.911656442,5971.699204,-0.010054552
48.708801,50609,50.604,2651,6058.379501,6.058379501,5971.699204,0.014515181
48.7587,50659,50.654,2654,6077.862595,6.077862595,5971.699204,0.017777753
48.812504,50709,50.704,2644,6013.232254,6.013232254,5971.699204,0.00695498
48.858701,50759,50.754,2645,6019.655172,6.019655172,5971.699204,0.00803054
48.908721,50809,50.804,2636,5962.165867,5.962165867,5971.699204,-0.00159642
48.958731,50859,50.854,2638,5974.87989,5.97487989,5971.699204,0.000532627
49.008699,50909,50.904,2640,5987.628866,5.987628866,5971.699204,0.002667526
49.058778,50959,50.954,2595,5709.0,5.709,5971.699204,-0.043990696
49.118528,51009,51.004,2570,5561.311475,5.561311475,5971.699204,-0.068722103
49.158737,51059,51.054,2565,5532.352941,5.532352941,5971.699204,-0.073571399
49.208741,51109,51.104,2566,5538.129496,5.538129496,5971.699204,-0.072604077
49.260711,51159,51.154,2571,5567.125984,5.567125984,5971.699204,-0.067748426
49.308793,51209,51.204,2626,5899.115044,5.899115044,5971.699204,-0.012154691
49.359518,51259,51.254,2660,6117.073171,6.117073171,5971.699204,0.024343819
49.408788,51309,51.304,2671,6189.817416,6.189817416,5971.699204,0.036525318
49.458744,51359,51.354,2674,6209.852217,6.209852217,5971.699204,0.039880276
49.508764,51409,51.404,2677,6229.971791,6.229971791,5971.699204,0.04324943
49.558833,51459,51.454,2670,6183.157895,6.183157895,5971.699204,0.035410138
49.61777,51509,51.504,2661,6123.640167,6.123640167,5971.699204,0.025443506
49.658678,51559,51.554,2661,6123.640167,6.123640167,5971.699204,0.025443506
49.708742,51609,51.604,2632,5936.842105,5.936842105,5971.699204,-0.005837049
49.763023,51659,51.654,2615,5830.743243,5.830743243,5971.699204,-0.023603995
49.808752,51709,51.704,2591,5685.039894,5.685039894,5971.699204,-0.048002972
49.863263,51759,51.754,2574,5584.615385,5.584615385,5971.699204,-0.064819712
49.90876,51809,51.804,2589,5673.10757,5.67310757,5971.699204,-0.050001118
49.958689,51859,51.854,2593,5697.003995,5.697003995,5971.699204,-0.045999505
50.008783,51909,51.904,2625,5892.857143,5.892857143,5971.699204,-0.013202618
50.070734,51959,51.954,2648,6038.977194,6.038977194,5971.699204,0.011266138
50.10875,52009,52.004,2647,6032.527624,6.032527624,5971.699204,0.010186116
50.15878,52059,52.054,2654,6077.862595,6.077862595,5971.699204,0.017777753
50.211559,52109,52.104,2663,6136.801676,6.136801676,5971.699204,0.027647486
50.258761,52159,52.154,2668,6169.866854,6.169866854,5971.699204,0.033184466
50.308704,52209,52.204,2642,6000.412939,6.000412939,5971.699204,0.004808302
50.361615,52259,52.254,2614,5824.577988,5.824577988,5971.699204,-0.024636408
50.408672,52309,52.304,2622,5874.13442,5.87413442,5971.699204,-0.01633786
50.458704,52359,52.354,2609,5793.876178,5.793876178,5971.699204,-0.029777626
50.508737,52409,52.404,2559,5497.851562,5.497851563,5971.699204,-0.07934888
50.558696,52459,52.454,2557,5486.410923,5.486410923,5971.699204,-0.081264689
50.608724,52509,52.504,2565,5532.352941,5.532352941,5971.699204,-0.073571399
50.66938,52559,52.554,2572,5572.948129,5.572948129,5971.699204,-0.06677347
50.708741,52609,52.604,2607,5781.653226,5.781653226,5971.699204,-0.031824439
50.760699,52659,52.654,2631,5930.532787,5.930532787,5971.699204,-0.006893585
50.808781,52709,52.704,2631,5930.532787,5.930532787,5971.699204,-0.006893585
50.860727,52759,52.754,2613,5818.421053,5.818421053,5971.699204,-0.025667427
50.908729,52809,52.804,2648,6038.977194,6.038977194,5971.699204,0.011266138
50.958701,52859,52.854,2643,6006.818182,6.006818182,5971.699204,0.005880902
51.012865,52909,52.904,2651,6058.379501,6.058379501,5971.699204,0.014515181
51.058742,52959,52.954,2632,5936.842105,5.936842105,5971.699204,-0.005837049
51.108766,53009,53.004,2607,5781.653226,5.781653226,5971.699204,-0.031824439
51.158755,53059,53.054,2608,5787.760592,5.787760592,5971.699204,-0.030801721
51.208731,53109,53.104,2569,5555.504587,5.555504587,5971.699204,-0.069694505
51.258799,53159,53.154,2552,5457.93908,5.45793908,5971.699204,-0.086032485
51.320264,53209,53.204,2566,5538.129496,5.538129496,5971.699204,-0.072604077
51.358698,53259,53.254,2566,5538.129496,5.538129496,5971.699204,-0.072604077
51.408737,53309,53.304,2604,5763.380282,5.763380282,5971.699204,-0.034884363
51.461151,53359,53.354,2615,5830.743243,5.830743243,5971.699204,-0.023603995
51.508757,53409,53.404,2624,5886.60775,5.88660775,5971.699204,-0.014249119
51.561809,53459,53.454,2621,5867.910448,5.867910448,5971.699204,-0.017380105
51.608716,53509,53.504,2630,5924.232082,5.924232082,5971.699204,-0.007948679
51.658697,53559,53.554,2647,6032.527624,6.032527624,5971.699204,0.010186116
51.708712,53609,53.604,2655,6084.375,6.084375,5971.699204,0.018868297
51.75867,53659,53.654,2629,5917.939973,5.917939973,5971.699204,-0.009002334
51.808745,53709,53.704,2615,5830.743243,5.830743243,5971.699204,-0.023603995
51.870899,53759,53.754,2615,5830.743243,5.830743243,5971.699204,-0.023603995
51.908697,53809,53.804,2579,5613.918206,5.613918206,5971.699204,-0.059912763
51.958777,53859,53.854,2543,5407.152062,5.407152062,5971.699204,-0.094537103
52.012013,53909,53.904,2559,5497.851562,5.497851563,5971.699204,-0.07934888
52.0587,53959,53.954,2559,5497.851562,5.497851563,5971.699204,-0.07934888
52.108812,54009,54.004,2566,5538.129496,5.538129496,5971.699204,-0.072604077
52.15869,54059,54.054,2608,5787.760592,5.787760592,5971.699204,-0.030801721
52.208777,54109,54.104,2615,5830.743243,5.830743243,5971.699204,-0.023603995
52.25872,54159,54.154,2585,5649.337748,5.649337748,5971.699204,-0.053981529
52.3178,54209,54.204,2648,6038.977194,6.038977194,5971.699204,0.011266138
52.358672,54259,54.254,2644,6013.232254,6.013232254,5971.699204,0.00695498
52.408661,54309,54.304,2652,6064.864865,6.064864865,5971.699204,0.015601198
52.461395,54359,54.354,2655,6084.375,6.084375,5971.699204,0.018868297
52.50868,54409,54.404,2622,5874.13442,5.87413442,5971.699204,-0.01633786
52.561476,54459,54.454,2620,5861.694915,5.861694915,5971.699204,-0.018420936
52.608653,54509,54.504,2607,5781.653226,5.781653226,5971.699204,-0.031824439
52.658693,54559,54.554,2558,5492.127521,5.492127521,5971.699204,-0.080307408
52.7087,54609,54.604,2551,5452.266839,5.452266839,5971.699204,-0.086982339
52.758689,54659,54.654,2559,5497.851562,5.497851563,5971.699204,-0.07934888
52.808699,54709,54.704,2564,5526.583932,5.526583932,5971.699204,-0.074537457
52.86967,54759,54.754,2596,5715.010007,5.715010007,5971.699204,-0.042984281
52.908651,54809,54.804,2623,5880.366848,5.880366848,5971.699204,-0.015294199
52.958655,54859,54.854,2625,5892.857143,5.892857143,5971.699204,-0.013202618
53.012202,54909,54.904,2622,5874.13442,5.87413442,5971.699204,-0.01633786
53.058719,54959,54.954,2643,6006.818182,6.006818182,5971.699204,0.005880902
53.108753,55009,55.004,2634,5949.486653,5.949486653,5971.699204,-0.003719637
53.162453,55059,55.054,2623,5880.366848,5.880366848,5971.699204,-0.015294199
53.208726,55109,55.104,2618,5849.2891,5.8492891,5971.699204,-0.020498371
53.258749,55159,55.154,2602,5751.239116,5.751239116,5971.699204,-0.03691748
53.308769,55209,55.204,2612,5812.272421,5.812272421,5971.699204,-0.026697055
53.358669,55259,55.254,2559,5497.851562,5.497851563,5971.699204,-0.07934888
53.408722,55309,55.304,2552,5457.93908,5.45793908,5971.699204,-0.086032485
53.470333,55359,55.354,2559,5497.851562,5.497851563,5971.699204,-0.07934888
53.508728,55409,55.404,2559,5497.851562,5.497851563,5971.699204,-0.07934888
53.561909,55459,55.454,2581,5625.693527,5.625693527,5971.699204,-0.057940909
53.608753,55509,55.504,2579,5613.918206,5.613918206,5971.699204,-0.059912763
53.661528,55559,55.554,2609,5793.876178,5.793876178,5971.699204,-0.029777626
53.708698,55609,55.604,2640,5987.628866,5.987628866,5971.699204,0.002667526
53.758684,55659,55.654,2625,5892.857143,5.892857143,5971.699204,-0.013202618
53.808707,55709,55.704,2626,5899.115044,5.899115044,5971.699204,-0.012154691
53.858675,55759,55.754,2629,5917.939973,5.917939973,5971.699204,-0.009002334
53.908701,55809,55.804,2631,5930.532787,5.930532787,5971.699204,-0.006893585
53.970902,55859,55.854,2626,5899.115044,5.899115044,5971.699204,-0.012154691
54.008673,55909,55.904,2611,5806.132075,5.806132075,5971.699204,-0.027725296
54.058785,55959,55.954,2588,5667.153285,5.667153285,5971.699204,-0.050998202
54.1114,56009,56.004,2557,5486.410923,5.486410923,5971.699204,-0.081264689
54.158692,56059,56.054,2559,5497.851562,5.497851563,5971.699204,-0.07934888
54.208735,56109,56.104,2566,5538.129496,5.538129496,5971.699204,-0.072604077
54.26424,56159,56.154,2594,5702.998001,5.702998001,5971.699204,-0.04499577
54.308751,56209,56.204,2606,5775.554063,5.775554063,5971.699204,-0.032845784
54.358682,56259,56.254,2632,5936.842105,5.936842105,5971.699204,-0.005837049
54.408724,56309,56.304,2618,5849.2891,5.8492891,5971.699204,-0.020498371
54.458706,56359,56.354,2631,5930.532787,5.930532787,5971.699204,-0.006893585
54.52077,56409,56.404,2656,6090.896456,6.090896456,5971.699204,0.019960358
54.558683,56459,56.454,2659,6110.51532,6.11051532,5971.699204,0.023245664
54.608711,56509,56.504,2638,5974.87989,5.97487989,5971.699204,0.000532627
54.66249,56559,56.554,2613,5818.421053,5.818421053,5971.699204,-0.025667427
54.708694,56609,56.604,2619,5855.487805,5.855487805,5971.699204,-0.019460357
54.758679,56659,56.654,2588,5667.153285,5.667153285,5971.699204,-0.050998202
54.812845,56709,56.704,2551,5452.266839,5.452266839,5971.699204,-0.086982339
54.858667,56759,56.754,2559,5497.851562,5.497851563,5971.699204,-0.07934888
54.908691,56809,56.804,2568,5549.705305,5.549705305,5971.699204,-0.070665632
54.958693,56859,56.854,2584,5643.414957,5.643414957,5971.699204,-0.054973339
55.008681,56909,56.904,2606,5775.554063,5.775554063,5971.699204,-0.032845784
55.069375,56959,56.954,2620,5861.694915,5.861694915,5971.699204,-0.018420936
55.108734,57009,57.004,2616,5836.916836,5.836916836,5971.699204,-0.022570187
55.161213,57059,57.054,2642,6000.412939,6.000412939,5971.699204,0.004808302
55.208655,57109,57.104,2643,6006.818182,6.006818182,5971.699204,0.005880902
55.258716,57159,57.154,2651,6058.379501,6.058379501,5971.699204,0.014515181
55.313008,57209,57.204,2618,5849.2891,5.8492891,5971.699204,-0.020498371
55.358737,57259,57.254,2617,5843.098782,5.843098782,5971.699204,-0.02153498
55.408713,57309,57.304,2611,5806.132075,5.806132075,5971.699204,-0.027725296
55.458738,57359,57.354,2590,5679.069767,5.679069767,5971.699204,-0.049002709
55.508708,57409,57.404,2557,5486.410923,5.486410923,5971.699204,-0.081264689
55.570331,57459,57.454,2545,5418.387097,5.418387097,5971.699204,-0.092655723
55.608679,57509,57.504,2558,5492.127521,5.492127521,5971.699204,-0.080307408
55.65874,57559,57.554,2576,5596.313364,5.596313364,5971.699204,-0.062860809
55.714447,57609,57.604,2599,5733.088235,5.733088235,5971.699204,-0.039956964
55.758682,57659,57.654,2592,5691.017964,5.691017964,5971.699204,-0.047001905
55.808768,57709,57.704,2608,5787.760592,5.787760592,5971.699204,-0.030801721
55.863999,57759,57.754,2612,5812.272421,5.812272421,5971.699204,-0.026697055
55.908673,57809,57.804,2631,5930.532787,5.930532787,5971.699204,-0.006893585
55.95868,57859,57.854,2631,5930.532787,5.930532787,5971.699204,-0.006893585
56.008672,57909,57.904,2626,5899.115044,5.899115044,5971.699204,-0.012154691
56.058638,57959,57.954,2625,5892.857143,5.892857143,5971.699204,-0.013202618
56.108669,58009,58.004,2608,5787.760592,5.787760592,5971.699204,-0.030801721
56.170841,58059,58.054,2592,5691.017964,5.691017964,5971.699204,-0.047001905
56.208657,58109,58.104,2559,5497.851562,5.497851563,5971.699204,-0.07934888
56.258656,58159,58.154,2543,5407.152062,5.407152062,5971.699204,-0.094537103
56.312487,58209,58.204,2546,5424.015494,5.424015494,5971.699204,-0.091713211
56.35868,58259,58.254,2549,5440.944373,5.440944373,5971.699204,-0.08887836
56.408646,58309,58.304,2566,5538.129496,5.538129496,5971.699204,-0.072604077
56.458656,58359,58.354,2610,5800.0,5.8,5971.699204,-0.028752152
56.508668,58409,58.404,2596,5715.010007,5.715010007,5971.699204,-0.042984281
56.564802,58459,58.454,2613,5818.421053,5.818421053,5971.699204,-0.025667427
56.608667,58509,58.504,2613,5818.421053,5.818421053,5971.699204,-0.025667427
56.658654,58559,58.554,2620,5861.694915,5.861694915,5971.699204,-0.018420936
56.721711,58609,58.604,2628,5911.656442,5.911656442,5971.699204,-0.010054552
56.758745,58659,58.654,2614,5824.577988,5.824577988,5971.699204,-0.024636408
56.837227,58709,58.704,2602,5751.239116,5.751239116,5971.699204,-0.03691748
56.858672,58759,58.754,2606,5775.554063,5.775554063,5971.699204,-0.032845784
56.908651,58809,58.804,2555,5475.0,5.475,5971.699204,-0.083175523
56.970445,58859,58.854,2550,5446.601942,5.446601942,5971.699204,-0.087930963
57.008634,58909,58.904,2550,5446.601942,5.446601942,5971.699204,-0.087930963
57.058654,58959,58.954,2558,5492.127521,5.492127521,5971.699204,-0.080307408
57.113222,59009,59.004,2564,5526.583932,5.526583932,5971.699204,-0.074537457
57.158621,59059,59.054,2590,5679.069767,5.679069767,5971.699204,-0.049002709
57.208661,59109,59.104,2604,5763.380282,5.763380282,5971.699204,-0.034884363
57.270874,59159,59.154,2602,5751.239116,5.751239116,5971.699204,-0.03691748
57.308672,59209,59.204,2614,5824.577988,5.824577988,5971.699204,-0.024636408
57.362976,59259,59.254,2626,5899.115044,5.899115044,5971.699204,-0.012154691
57.408753,59309,59.304,2622,5874.13442,5.87413442,5971.699204,-0.01633786
57.461627,59359,59.354,2610,5800.0,5.8,5971.699204,-0.028752152
57.508627,59409,59.404,2599,5733.088235,5.733088235,5971.699204,-0.039956964
57.558633,59459,59.454,2605,5769.463087,5.769463087,5971.699204,-0.033865757
57.61399,59509,59.504,2583,5637.5,5.6375,5971.699204,-0.055963838
57.658663,59559,59.554,2540,5390.353698,5.390353698,5971.699204,-0.097350099
57.708625,59609,59.604,2548,5435.294118,5.435294118,5971.699204,-0.089824532
57.758664,59659,59.654,2559,5497.851562,5.497851563,5971.699204,-0.07934888
57.830536,59709,59.704,2550,5446.601942,5.446601942,5971.699204,-0.087930963
57.858645,59759,59.754,2575,5590.460526,5.590460526,5971.699204,-0.063840904
57.908649,59809,59.804,2611,5806.132075,5.806132075,5971.699204,-0.027725296
57.963473,59859,59.854,2616,5836.916836,5.836916836,5971.699204,-0.022570187
58.008652,59909,59.904,2612,5812.272421,5.812272421,5971.699204,-0.026697055
58.062681,59959,59.954,2620,5861.694915,5.861694915,5971.699204,-0.018420936
58.108637,60009,60.004,2631,5930.532787,5.930532787,5971.699204,-0.006893585
58.158706,60059,60.054,2615,5830.743243,5.830743243,5971.699204,-0.023603995
58.208699,60109,60.104,2607,5781.653226,5.781653226,5971.699204,-0.031824439
58.258655,60159,60.154,2608,5787.760592,5.787760592,5971.699204,-0.030801721
58.308682,60209,60.204,2580,5619.80198,5.61980198,5971.699204,-0.058927486
58.372196,60259,60.254,2557,5486.410923,5.486410923,5971.699204,-0.081264689
58.4087,60309,60.304,2541,5395.945946,5.395945946,5971.699204,-0.09641364
58.462738,60359,60.354,2555,5475.0,5.475,5971.699204,-0.083175523
58.508647,60409,60.404,2541,5395.945946,5.395945946,5971.699204,-0.09641364
58.558617,60459,60.454,2591,5685.039894,5.685039894,5971.699204,-0.048002972
58.614252,60509,60.504,2595,5709.0,5.709,5971.699204,-0.043990696
58.658628,60559,60.554,2608,5787.760592,5.787760592,5971.699204,-0.030801721
58.71336,60609,60.604,2617,5843.098782,5.843098782,5971.699204,-0.02153498
58.758631,60659,60.654,2622,5874.13442,5.87413442,5971.699204,-0.01633786
58.808683,60709,60.704,2629,5917.939973,5.917939973,5971.699204,-0.009002334
58.85862,60759,60.754,2603,5757.30563,5.75730563,5971.699204,-0.035901603
58.908636,60809,60.804,2607,5781.653226,5.781653226,5971.699204,-0.031824439
58.972686,60859,60.854,2607,5781.653226,5.781653226,5971.699204,-0.031824439
59.008671,60909,60.904,2602,5751.239116,5.751239116,5971.699204,-0.03691748
59.063997,60959,60.954,2536,5368.056446,5.368056446,5971.699204,-0.101083919
59.108646,61009,61.004,2538,5379.190751,5.379190751,5971.699204,-0.099219407
59.158638,61059,61.054,2555,5475.0,5.475,5971.699204,-0.083175523
59.214559,61109,61.104,2570,5561.311475,5.561311475,5971.699204,-0.068722103
59.258699,61159,61.154,2578,5608.042189,5.608042189,5971.699204,-0.06089674
59.308664,61209,61.204,2584,5643.414957,5.643414957,5971.699204,-0.054973339
59.358608,61259,61.254,2609,5793.876178,5.793876178,5971.699204,-0.029777626
59.408721,61309,61.304,2612,5812.272421,5.812272421,5971.699204,-0.026697055
59.471754,61359,61.354,2621,5867.910448,5.867910448,5971.699204,-0.017380105
59.508616,61409,61.404,2622,5874.13442,5.87413442,5971.699204,-0.01633786
59.558663,61459,61.454,2627,5905.381471,5.905381471,5971.699204,-0.011105337
59.614663,61509,61.504,2629,5917.939973,5.917939973,5971.699204,-0.009002334
59.658622,61559,61.554,2597,5721.028037,5.721028037,5971.699204,-0.041976523
59.708598,61609,61.604,2612,5812.272421,5.812272421,5971.699204,-0.026697055
59.765066,61659,61.654,2580,5619.80198,5.61980198,5971.699204,-0.058927486
59.808603,61709,61.704,2543,5407.152062,5.407152062,5971.699204,-0.094537103
59.858644,61759,61.754,2544,5412.765957,5.412765957,5971.699204,-0.09359702
59.908595,61809,61.804,2558,5492.127521,5.492127521,5971.699204,-0.080307408
59.958652,61859,61.854,2559,5497.851562,5.497851563,5971.699204,-0.07934888
60.024021,61909,61.904,2583,5637.5,5.6375,5971.699204,-0.055963838
60.058626,61959,61.954,2604,5763.380282,5.763380282,5971.699204,-0.034884363
60.108641,62009,62.004,2618,5849.2891,5.8492891,5971.699204,-0.020498371
60.164828,62059,62.054,2609,5793.876178,5.793876178,5971.699204,-0.029777626
60.208623,62109,62.104,2620,5861.694915,5.861694915,5971.699204,-0.018420936
60.258614,62159,62.154,2619,5855.487805,5.855487805,5971.699204,-0.019460357
60.314789,62209,62.204,2618,5849.2891,5.8492891,5971.699204,-0.020498371
60.358639,62259,62.254,2610,5800.0,5.8,5971.699204,-0.028752152
60.408602,62309,62.304,2609,5793.876178,5.793876178,5971.699204,-0.029777626
60.458641,62359,62.354,2595,5709.0,5.709,5971.699204,-0.043990696
60.521599,62409,62.404,2552,5457.93908,5.45793908,5971.699204,-0.086032485
60.558641,62459,62.454,2555,5475.0,5.475,5971.699204,-0.083175523
60.613863,62509,62.504,2560,5503.583062,5.503583062,5971.699204,-0.078389103
60.658635,62559,62.554,2539,5384.768638,5.384768638,5971.699204,-0.098285353
60.708619,62609,62.604,2567,5543.913613,5.543913613,5971.699204,-0.071635489
60.765307,62659,62.654,2585,5649.337748,5.649337748,5971.699204,-0.053981529
60.808644,62709,62.704,2621,5867.910448,5.867910448,5971.699204,-0.017380105
60.863647,62759,62.754,2612,5812.272421,5.812272421,5971.699204,-0.026697055
60.908631,62809,62.804,2625,5892.857143,5.892857143,5971.699204,-0.013202618
60.958623,62859,62.854,2620,5861.694915,5.861694915,5971.699204,-0.018420936
61.008767,62909,62.904,2616,5836.916836,5.836916836,5971.699204,-0.022570187
61.058576,62959,62.954,2606,5775.554063,5.775554063,5971.699204,-0.032845784
61.108693,63009,63.004,2608,5787.760592,5.787760592,5971.699204,-0.030801721
61.173278,63059,63.054,2590,5679.069767,5.679069767,5971.699204,-0.049002709
61.208641,63109,63.104,2542,5401.545396,5.401545396,5971.699204,-0.095475976
61.258635,63159,63.154,2548,5435.294118,5.435294118,5971.699204,-0.089824532
61.314665,63209,63.204,2551,5452.266839,5.452266839,5971.699204,-0.086982339
61.35869,63259,63.254,2553,5463.618677,5.463618677,5971.699204,-0.0850814
61.410695,63309,63.304,2570,5561.311475,5.561311475,5971.699204,-0.068722103
61.458617,63359,63.354,2585,5649.337748,5.649337748,5971.699204,-0.053981529
61.508622,63409,63.404,2618,5849.2891,5.8492891,5971.699204,-0.020498371
61.565602,63459,63.454,2611,5806.132075,5.806132075,5971.699204,-0.027725296
61.608667,63509,63.504,2614,5824.577988,5.824577988,5971.699204,-0.024636408
61.671941,63559,63.554,2619,5855.487805,5.855487805,5971.699204,-0.019460357
61.708639,63609,63.604,2617,5843.098782,5.843098782,5971.699204,-0.02153498
61.7586,63659,63.654,2611,5806.132075,5.806132075,5971.699204,-0.027725296
61.814889,63709,63.704,2600,5739.130435,5.739130435,5971.699204,-0.038945158
61.85857,63759,63.754,2581,5625.693527,5.625693527,5971.699204,-0.057940909
61.908633,63809,63.804,2546,5424.015494,5.424015494,5971.699204,-0.091713211
61.965299,63859,63.854,2540,5390.353698,5.390353698,5971.699204,-0.097350099
62.008566,63909,63.904,2542,5401.545396,5.401545396,5971.699204,-0.095475976
62.058647,63959,63.954,2560,5503.583062,5.503583062,5971.699204,-0.078389103
62.108582,64009,64.004,2555,5475.0,5.475,5971.699204,-0.083175523
62.158619,64059,64.054,2592,5691.017964,5.691017964,5971.699204,-0.047001905
62.208611,64109,64.104,2597,5721.028037,5.721028037,5971.699204,-0.041976523
62.26668,64159,64.154,2636,5962.165867,5.962165867,5971.699204,-0.00159642
62.308607,64209,64.204,2607,5781.653226,5.781653226,5971.699204,-0.031824439
62.358594,64259,64.254,2617,5843.098782,5.843098782,5971.699204,-0.02153498
62.422365,64309,64.304,2619,5855.487805,5.855487805,5971.699204,-0.019460357
62.458551,64359,64.354,2625,5892.857143,5.892857143,5971.699204,-0.013202618
62.508576,64409,64.404,2617,5843.098782,5.843098782,5971.699204,-0.02153498
62.56633,64459,64.454,2594,5702.998001,5.702998001,5971.699204,-0.04499577
62.608661,64509,64.504,2569,5555.504587,5.555504587,5971.699204,-0.069694505
62.658668,64559,64.554,2539,5384.768638,5.384768638,5971.699204,-0.098285353
62.708625,64609,64.604,2543,5407.152062,5.407152062,5971.699204,-0.094537103
62.75856,64659,64.654,2554,5469.305646,5.469305646,5971.699204,-0.08412908
62.822013,64709,64.704,2556,5480.701754,5.480701754,5971.699204,-0.082220727
62.858592,64759,64.754,2613,5818.421053,5.818421053,5971.699204,-0.025667427
62.915132,64809,64.804,2610,5800.0,5.8,5971.699204,-0.028752152
62.958551,64859,64.854,2605,5769.463087,5.769463087,5971.699204,-0.033865757
63.01463,64909,64.904,2614,5824.577988,5.824577988,5971.699204,-0.024636408
63.058577,64959,64.954,2625,5892.857143,5.892857143,5971.699204,-0.013202618
63.108573,65009,65.004,2629,5917.939973,5.917939973,5971.699204,-0.009002334
63.1586,65059,65.054,2625,5892.857143,5.892857143,5971.699204,-0.013202618
63.20867,65109,65.104,2597,5721.028037,5.721028037,5971.699204,-0.041976523
63.27129,65159,65.154,2602,5751.239116,5.751239116,5971.699204,-0.03691748
63.308632,65209,65.204,2580,5619.80198,5.61980198,5971.699204,-0.058927486
63.358582,65259,65.254,2551,5452.266839,5.452266839,5971.699204,-0.086982339
63.414832,65309,65.304,2545,5418.387097,5.418387097,5971.699204,-0.092655723
63.45865,65359,65.354,2555,5475.0,5.475,5971.699204,-0.083175523
63.514476,65409,65.404,2564,5526.583932,5.526583932,5971.699204,-0.074537457
63.558594,65459,65.454,2588,5667.153285,5.667153285,5971.699204,-0.050998202
63.608613,65509,65.504,2592,5691.017964,5.691017964,5971.699204,-0.047001905
63.667509,65559,65.554,2601,5745.180723,5.745180723,5971.699204,-0.037931998
63.708576,65609,65.604,2627,5905.381471,5.905381471,5971.699204,-0.011105337
63.758589,65659,65.654,2619,5855.487805,5.855487805,5971.699204,-0.019460357
63.809057,65709,65.704,2615,5830.743243,5.830743243,5971.699204,-0.023603995
63.858597,65759,65.754,2621,5867.910448,5.867910448,5971.699204,-0.017380105
63.922333,65809,65.804,2609,5793.876178,5.793876178,5971.699204,-0.029777626
63.958567,65859,65.854,2585,5649.337748,5.649337748,5971.699204,-0.053981529
64.016378,65909,65.904,2577,5602.173913,5.602173913,5971.699204,-0.061879421
64.058621,65959,65.954,2553,5463.618677,5.463618677,5971.699204,-0.0850814
64.10859,66009,66.004,2542,5401.545396,5.401545396,5971.699204,-0.095475976
64.165379,66059,66.054,2549,5440.944373,5.440944373,5971.699204,-0.08887836
64.20864,66109,66.104,2553,5463.618677,5.463618677,5971.699204,-0.0850814
64.258595,66159,66.154,2558,5492.127521,5.492127521,5971.699204,-0.080307408
64.30858,66209,66.204,2597,5721.028037,5.721028037,5971.699204,-0.041976523
64.358591,66259,66.254,2631,5930.532787,5.930532787,5971.699204,-0.006893585
64.423134,66309,66.304,2609,5793.876178,5.793876178,5971.699204,-0.029777626
64.45859,66359,66.354,2603,5757.30563,5.75730563,5971.699204,-0.035901603
64.514736,66409,66.404,2623,5880.366848,5.880366848,5971.699204,-0.015294199
64.55858,66459,66.454,2616,5836.916836,5.836916836,5971.699204,-0.022570187
64.608575,66509,66.504,2612,5812.272421,5.812272421,5971.699204,-0.026697055
64.666866,66559,66.554,2593,5697.003995,5.697003995,5971.699204,-0.045999505
64.708605,66609,66.604,2578,5608.042189,5.608042189,5971.699204,-0.06089674
64.764845,66659,66.654,2557,5486.410923,5.486410923,5971.699204,-0.081264689
64.808562,66709,66.704,2536,5368.056446,5.368056446,5971.699204,-0.101083919
64.858547,66759,66.754,2541,5395.945946,5.395945946,5971.699204,-0.09641364
64.908797,66809,66.804,2558,5492.127521,5.492127521,5971.699204,-0.080307408
64.958538,66859,66.854,2556,5480.701754,5.480701754,5971.699204,-0.082220727
65.022184,66909,66.904,2585,5649.337748,5.649337748,5971.699204,-0.053981529
65.058569,66959,66.954,2587,5661.206897,5.661206897,5971.699204,-0.051993963
65.108579,67009,67.004,2599,5733.088235,5.733088235,5971.699204,-0.039956964
65.16544,67059,67.054,2617,5843.098782,5.843098782,5971.699204,-0.02153498
65.208624,67109,67.104,2632,5936.842105,5.936842105,5971.699204,-0.005837049
65.264021,67159,67.154,2622,5874.13442,5.87413442,5971.699204,-0.01633786
65.308635,67209,67.204,2605,5769.463087,5.769463087,5971.699204,-0.033865757
65.358628,67259,67.254,2606,5775.554063,5.775554063,5971.699204,-0.032845784
65.408586,67309,67.304,2614,5824.577988,5.824577988,5971.699204,-0.024636408
65.458584,67359,67.354,2571,5567.125984,5.567125984,5971.699204,-0.067748426
65.524089,67409,67.404,2557,5486.410923,5.486410923,5971.699204,-0.081264689
65.558614,67459,67.454,2541,5395.945946,5.395945946,5971.699204,-0.09641364
65.615117,67509,67.504,2556,5480.701754,5.480701754,5971.699204,-0.082220727
65.658645,67559,67.554,2556,5480.701754,5.480701754,5971.699204,-0.082220727
65.726015,67609,67.604,2559,5497.851562,5.497851563,5971.699204,-0.07934888
65.758547,67659,67.654,2579,5613.918206,5.613918206,5971.699204,-0.059912763
65.808547,67709,67.704,2609,5793.876178,5.793876178,5971.699204,-0.029777626
65.873158,67759,67.754,2607,5781.653226,5.781653226,5971.699204,-0.031824439
65.908565,67809,67.804,2622,5874.13442,5.87413442,5971.699204,-0.01633786
65.958579,67859,67.854,2615,5830.743243,5.830743243,5971.699204,-0.023603995
66.008583,67909,67.904,2614,5824.577988,5.824577988,5971.699204,-0.024636408
66.072724,67959,67.954,2604,5763.380282,5.763380282,5971.699204,-0.034884363
66.108549,68009,68.004,2593,5697.003995,5.697003995,5971.699204,-0.045999505
66.158579,68059,68.054,2577,5602.173913,5.602173913,5971.699204,-0.061879421
66.214832,68109,68.104,2555,5475.0,5.475,5971.699204,-0.083175523
66.258553,68159,68.154,2545,5418.387097,5.418387097,5971.699204,-0.092655723
66.308609,68209,68.204,2551,5452.266839,5.452266839,5971.699204,-0.086982339
66.365235,68259,68.254,2555,5475.0,5.475,5971.699204,-0.083175523
66.408596,68309,68.304,2561,5509.322034,5.509322034,5971.699204,-0.077428074
66.458573,68359,68.354,2588,5667.153285,5.667153285,5971.699204,-0.050998202
66.508971,68409,68.404,2599,5733.088235,5.733088235,5971.699204,-0.039956964
66.558575,68459,68.454,2610,5800.0,5.8,5971.699204,-0.028752152
66.614591,68509,68.504,2617,5843.098782,5.843098782,5971.699204,-0.02153498
66.658575,68559,68.554,2623,5880.366848,5.880366848,5971.699204,-0.015294199
66.70855,68609,68.604,2628,5911.656442,5.911656442,5971.699204,-0.010054552
66.773309,68659,68.654,2607,5781.653226,5.781653226,5971.699204,-0.031824439
66.808582,68709,68.704,2612,5812.272421,5.812272421,5971.699204,-0.026697055
66.86514,68759,68.754,2589,5673.10757,5.67310757,5971.699204,-0.050001118
66.908561,68809,68.804,2559,5497.851562,5.497851563,5971.699204,-0.07934888
66.95858,68859,68.854,2536,5368.056446,5.368056446,5971.699204,-0.101083919
67.016312,68909,68.904,2550,5446.601942,5.446601942,5971.699204,-0.087930963
67.058572,68959,68.954,2556,5480.701754,5.480701754,5971.699204,-0.082220727
67.108597,69009,69.004,2558,5492.127521,5.492127521,5971.699204,-0.080307408
67.158676,69059,69.054,2564,5526.583932,5.526583932,5971.699204,-0.074537457
67.208568,69109,69.104,2587,5661.206897,5.661206897,5971.699204,-0.051993963
67.258557,69159,69.154,2605,5769.463087,5.769463087,5971.699204,-0.033865757
67.323718,69209,69.204,2630,5924.232082,5.924232082,5971.699204,-0.007948679
67.358575,69259,69.254,2618,5849.2891,5.8492891,5971.699204,-0.020498371
67.414331,69309,69.304,2620,5861.694915,5.861694915,5971.699204,-0.018420936
67.458537,69359,69.354,2610,5800.0,5.8,5971.699204,-0.028752152
67.508631,69409,69.404,2600,5739.130435,5.739130435,5971.699204,-0.038945158
67.558541,69459,69.454,2603,5757.30563,5.75730563,5971.699204,-0.035901603
67.608538,69509,69.504,2559,5497.851562,5.497851563,5971.699204,-0.07934888
67.658632,69559,69.554,2543,5407.152062,5.407152062,5971.699204,-0.094537103
67.719194,69609,69.604,2543,5407.152062,5.407152062,5971.699204,-0.094537103
67.758547,69659,69.654,2558,5492.127521,5.492127521,5971.699204,-0.080307408
67.808508,69709,69.704,2535,5362.5,5.3625,5971.699204,-0.102014382
67.873529,69759,69.754,2561,5509.322034,5.509322034,5971.699204,-0.077428074
67.908556,69809,69.804,2586,5655.26839,5.65526839,5971.699204,-0.052988405
67.965618,69859,69.854,2596,5715.010007,5.715010007,5971.699204,-0.042984281
68.008541,69909,69.904,2614,5824.577988,5.824577988,5971.699204,-0.024636408
68.058568,69959,69.954,2608,5787.760592,5.787760592,5971.699204,-0.030801721
68.115407,70009,70.004,2629,5917.939973,5.917939973,5971.699204,-0.009002334
68.158544,70059,70.054,2610,5800.0,5.8,5971.699204,-0.028752152
68.208571,70109,70.104,2604,5763.380282,5.763380282,5971.699204,-0.034884363
68.259748,70159,70.154,2589,5673.10757,5.67310757,5971.699204,-0.050001118
68.308551,70209,70.204,2583,5637.5,5.6375,5971.699204,-0.055963838
68.358574,70259,70.254,2541,5395.945946,5.395945946,5971.699204,-0.09641364
68.424291,70309,70.304,2560,5503.583062,5.503583062,5971.699204,-0.078389103
68.458605,70359,70.354,2557,5486.410923,5.486410923,5971.699204,-0.081264689
68.51574,70409,70.404,2570,5561.311475,5.561311475,5971.699204,-0.068722103
68.558524,70459,70.454,2553,5463.618677,5.463618677,5971.699204,-0.0850814
68.608564,70509,70.504,2564,5526.583932,5.526583932,5971.699204,-0.074537457
68.667258,70559,70.554,2582,5631.592862,5.631592862,5971.699204,-0.056953026
68.708536,70609,70.604,2604,5763.380282,5.763380282,5971.699204,-0.034884363
68.758522,70659,70.654,2621,5867.910448,5.867910448,5971.699204,-0.017380105
68.809373,70709,70.704,2610,5800.0,5.8,5971.699204,-0.028752152
68.858544,70759,70.754,2613,5818.421053,5.818421053,5971.699204,-0.025667427
68.923203,70809,70.804,2605,5769.463087,5.769463087,5971.699204,-0.033865757
68.958502,70859,70.854,2604,5763.380282,5.763380282,5971.699204,-0.034884363
69.016682,70909,70.904,2591,5685.039894,5.685039894,5971.699204,-0.048002972
69.058632,70959,70.954,2556,5480.701754,5.480701754,5971.699204,-0.082220727
69.116537,71009,71.004,2529,5329.310345,5.329310345,5971.699204,-0.107572206
69.158604,71059,71.054,2547,5429.651163,5.429651163,5971.699204,-0.090769482
69.208573,71109,71.104,2558,5492.127521,5.492127521,5971.699204,-0.080307408
69.266598,71159,71.154,2557,5486.410923,5.486410923,5971.699204,-0.081264689
69.308576,71209,71.204,2571,5567.125984,5.567125984,5971.699204,-0.067748426
69.358646,71259,71.254,2592,5691.017964,5.691017964,5971.699204,-0.047001905
69.408523,71309,71.304,2603,5757.30563,5.75730563,5971.699204,-0.035901603
69.458541,71359,71.354,2625,5892.857143,5.892857143,5971.699204,-0.013202618
69.524599,71409,71.404,2621,5867.910448,5.867910448,5971.699204,-0.017380105
69.558532,71459,71.454,2615,5830.743243,5.830743243,5971.699204,-0.023603995
69.608523,71509,71.504,2602,5751.239116,5.751239116,5971.699204,-0.03691748
69.6676,71559,71.554,2602,5751.239116,5.751239116,5971.699204,-0.03691748
69.708526,71609,71.604,2596,5715.010007,5.715010007,5971.699204,-0.042984281
69.758513,71659,71.654,2550,5446.601942,5.446601942,5971.699204,-0.087930963
69.817578,71709,71.704,2542,5401.545396,5.401545396,5971.699204,-0.095475976
69.858517,71759,71.754,2541,5395.945946,5.395945946,5971.699204,-0.09641364
69.908997,71809,71.804,2530,5334.824281,5.334824281,5971.699204,-0.106648862
69.958518,71859,71.854,2549,5440.944373,5.440944373,5971.699204,-0.08887836
70.024085,71909,71.904,2540,5390.353698,5.390353698,5971.699204,-0.097350099
70.058597,71959,71.954,2585,5649.337748,5.649337748,5971.699204,-0.053981529
70.116051,72009,72.004,2597,5721.028037,5.721028037,5971.699204,-0.041976523
70.158559,72059,72.054,2609,5793.876178,5.793876178,5971.699204,-0.029777626
70.208537,72109,72.104,2607,5781.653226,5.781653226,5971.699204,-0.031824439
70.266985,72159,72.154,2624,5886.60775,5.88660775,5971.699204,-0.014249119
70.308554,72209,72.204,2606,5775.554063,5.775554063,5971.699204,-0.032845784
70.365154,72259,72.254,2595,5709.0,5.709,5971.699204,-0.043990696
70.408518,72309,72.304,2596,5715.010007,5.715010007,5971.699204,-0.042984281
70.45851,72359,72.354,2564,5526.583932,5.526583932,5971.699204,-0.074537457
70.51049,72409,72.404,2539,5384.768638,5.384768638,5971.699204,-0.098285353
70.558508,72459,72.454,2537,5373.620026,5.373620026,5971.699204,-0.100152261
70.608534,72509,72.504,2543,5407.152062,5.407152062,5971.699204,-0.094537103
70.679098,72559,72.554,2550,5446.601942,5.446601942,5971.699204,-0.087930963
70.70861,72609,72.604,2562,5515.068493,5.515068493,5971.699204,-0.076465792
70.819792,72659,72.654,2566,5538.129496,5.538129496,5971.699204,-0.072604077
70.898784,72709,72.704,2602,5751.239116,5.751239116,5971.699204,-0.03691748
70.899031,72759,72.754,2599,5733.088235,5.733088235,5971.699204,-0.039956964
70.908597,72809,72.804,2607,5781.653226,5.781653226,5971.699204,-0.031824439
70.958603,72859,72.854,2627,5905.381471,5.905381471,5971.699204,-0.011105337
71.012234,72909,72.904,2616,5836.916836,5.836916836,5971.699204,-0.022570187
71.058525,72959,72.954,2608,5787.760592,5.787760592,5971.699204,-0.030801721
71.108516,73009,73.004,2599,5733.088235,5.733088235,5971.699204,-0.039956964
71.175053,73059,73.054,2566,5538.129496,5.538129496,5971.699204,-0.072604077
71.208521,73109,73.104,2546,5424.015494,5.424015494,5971.699204,-0.091713211
71.258504,73159,73.154,2542,5401.545396,5.401545396,5971.699204,-0.095475976
71.316474,73209,73.204,2547,5429.651163,5.429651163,5971.699204,-0.090769482
71.358546,73259,73.254,2541,5395.945946,5.395945946,5971.699204,-0.09641364
71.416134,73309,73.304,2557,5486.410923,5.486410923,5971.699204,-0.081264689
71.458521,73359,73.354,2582,5631.592862,5.631592862,5971.699204,-0.056953026
71.508572,73409,73.404,2592,5691.017964,5.691017964,5971.699204,-0.047001905
71.560464,73459,73.454,2612,5812.272421,5.812272421,5971.699204,-0.026697055
71.608551,73509,73.504,2610,5800.0,5.8,5971.699204,-0.028752152
71.658554,73559,73.554,2618,5849.2891,5.8492891,5971.699204,-0.020498371
71.7273,73609,73.604,2627,5905.381471,5.905381471,5971.699204,-0.011105337
71.758489,73659,73.654,2605,5769.463087,5.769463087,5971.699204,-0.033865757
71.808506,73709,73.704,2590,5679.069767,5.679069767,5971.699204,-0.049002709
71.859888,73759,73.754,2583,5637.5,5.6375,5971.699204,-0.055963838
71.908509,73809,73.804,2544,5412.765957,5.412765957,5971.699204,-0.09359702
71.958518,73859,73.854,2539,5384.768638,5.384768638,5971.699204,-0.098285353
72.020037,73909,73.904,2545,5418.387097,5.418387097,5971.699204,-0.092655723
72.058504,73959,73.954,2552,5457.93908,5.45793908,5971.699204,-0.086032485
72.10853,74009,74.004,2553,5463.618677,5.463618677,5971.699204,-0.0850814
72.17518,74059,74.054,2559,5497.851562,5.497851563,5971.699204,-0.07934888
72.208487,74109,74.104,2583,5637.5,5.6375,5971.699204,-0.055963838
72.258484,74159,74.154,2604,5763.380282,5.763380282,5971.699204,-0.034884363
72.317258,74209,74.204,2624,5886.60775,5.88660775,5971.699204,-0.014249119
72.358505,74259,74.254,2617,5843.098782,5.843098782,5971.699204,-0.02153498
72.41668,74309,74.304,2625,5892.857143,5.892857143,5971.699204,-0.013202618
72.458534,74359,74.354,2594,5702.998001,5.702998001,5971.699204,-0.04499577
72.517152,74409,74.404,2608,5787.760592,5.787760592,5971.699204,-0.030801721
72.558525,74459,74.454,2587,5661.206897,5.661206897,5971.699204,-0.051993963
72.60851,74509,74.504,2559,5497.851562,5.497851563,5971.699204,-0.07934888
72.661958,74559,74.554,2534,5356.950673,5.356950673,5971.699204,-0.102943653
72.708495,74609,74.604,2540,5390.353698,5.390353698,5971.699204,-0.097350099
72.758485,74659,74.654,2555,5475.0,5.475,5971.699204,-0.083175523
72.825127,74709,74.704,2555,5475.0,5.475,5971.699204,-0.083175523
72.858483,74759,74.754,2567,5543.913613,5.543913613,5971.699204,-0.071635489
72.90851,74809,74.804,2598,5727.054108,5.727054108,5971.699204,-0.040967418
72.967405,74859,74.854,2608,5787.760592,5.787760592,5971.699204,-0.030801721
73.008565,74909,74.904,2611,5806.132075,5.806132075,5971.699204,-0.027725296
73.066969,74959,74.954,2625,5892.857143,5.892857143,5971.699204,-0.013202618
73.108501,75009,75.004,2626,5899.115044,5.899115044,5971.699204,-0.012154691
73.1585,75059,75.054,2620,5861.694915,5.861694915,5971.699204,-0.018420936
73.210214,75109,75.104,2615,5830.743243,5.830743243,5971.699204,-0.023603995
73.258506,75159,75.154,2603,5757.30563,5.75730563,5971.699204,-0.035901603
73.324648,75209,75.204,2580,5619.80198,5.61980198,5971.699204,-0.058927486
73.358493,75259,75.254,2561,5509.322034,5.509322034,5971.699204,-0.077428074
73.408528,75309,75.304,2537,5373.620026,5.373620026,5971.699204,-0.100152261
73.46746,75359,75.354,2552,5457.93908,5.45793908,5971.699204,-0.086032485
73.508522,75409,75.404,2546,5424.015494,5.424015494,5971.699204,-0.091713211
73.567022,75459,75.454,2558,5492.127521,5.492127521,5971.699204,-0.080307408
73.608485,75509,75.504,2583,5637.5,5.6375,5971.699204,-0.055963838
73.65855,75559,75.554,2600,5739.130435,5.739130435,5971.699204,-0.038945158
73.711026,75609,75.604,2602,5751.239116,5.751239116,5971.699204,-0.03691748
73.758496,75659,75.654,2601,5745.180723,5.745180723,5971.699204,-0.037931998
73.808567,75709,75.704,2633,5943.160055,5.943160055,5971.699204,-0.004779067
73.875881,75759,75.754,2639,5981.25,5.98125,5971.699204,0.001599343
73.908489,75809,75.804,2618,5849.2891,5.8492891,5971.699204,-0.020498371
73.958491,75859,75.854,2594,5702.998001,5.702998001,5971.699204,-0.04499577
74.01819,75909,75.904,2595,5709.0,5.709,5971.699204,-0.043990696
74.058576,75959,75.954,2529,5329.310345,5.329310345,5971.699204,-0.107572206
74.116982,76009,76.004,2520,5280.0,5.28,5971.699204,-0.115829545
74.158524,76059,76.054,2547,5429.651163,5.429651163,5971.699204,-0.090769482
74.208527,76109,76.104,2548,5435.294118,5.435294118,5971.699204,-0.089824532
74.261,76159,76.154,2559,5497.851562,5.497851563,5971.699204,-0.07934888
74.308518,76209,76.204,2580,5619.80198,5.61980198,5971.699204,-0.058927486
74.358565,76259,76.254,2591,5685.039894,5.685039894,5971.699204,-0.048002972
74.425253,76309,76.304,2594,5702.998001,5.702998001,5971.699204,-0.04499577
74.458524,76359,76.354,2605,5769.463087,5.769463087,5971.699204,-0.033865757
74.508516,76409,76.404,2621,5867.910448,5.867910448,5971.699204,-0.017380105
74.567439,76459,76.454,2614,5824.577988,5.824577988,5971.699204,-0.024636408
74.608515,76509,76.504,2605,5769.463087,5.769463087,5971.699204,-0.033865757
74.658564,76559,76.554,2597,5721.028037,5.721028037,5971.699204,-0.041976523
74.718224,76609,76.604,2582,5631.592862,5.631592862,5971.699204,-0.056953026
74.758521,76659,76.654,2554,5469.305646,5.469305646,5971.699204,-0.08412908
74.808511,76709,76.704,2530,5334.824281,5.334824281,5971.699204,-0.106648862
74.861225,76759,76.754,2544,5412.765957,5.412765957,5971.699204,-0.09359702
74.908498,76809,76.804,2553,5463.618677,5.463618677,5971.699204,-0.0850814
74.958491,76859,76.854,2571,5567.125984,5.567125984,5971.699204,-0.067748426
75.026873,76909,76.904,2557,5486.410923,5.486410923,5971.699204,-0.081264689
75.058517,76959,76.954,2591,5685.039894,5.685039894,5971.699204,-0.048002972
75.108498,77009,77.004,2592,5691.017964,5.691017964,5971.699204,-0.047001905
75.168073,77059,77.054,2603,5757.30563,5.75730563,5971.699204,-0.035901603
75.208553,77109,77.104,2608,5787.760592,5.787760592,5971.699204,-0.030801721
75.266954,77159,77.154,2620,5861.694915,5.861694915,5971.699204,-0.018420936
75.308554,77209,77.204,2594,5702.998001,5.702998001,5971.699204,-0.04499577
75.358543,77259,77.254,2585,5649.337748,5.649337748,5971.699204,-0.053981529
75.410069,77309,77.304,2588,5667.153285,5.667153285,5971.699204,-0.050998202
75.45853,77359,77.354,2535,5362.5,5.3625,5971.699204,-0.102014382
75.50857,77409,77.404,2540,5390.353698,5.390353698,5971.699204,-0.097350099
75.575692,77459,77.454,2557,5486.410923,5.486410923,5971.699204,-0.081264689
75.608465,77509,77.504,2549,5440.944373,5.440944373,5971.699204,-0.08887836
75.658569,77559,77.554,2544,5412.765957,5.412765957,5971.699204,-0.09359702
75.718299,77609,77.604,2549,5440.944373,5.440944373,5971.699204,-0.08887836
75.758479,77659,77.654,2566,5538.129496,5.538129496,5971.699204,-0.072604077
75.808506,77709,77.704,2562,5515.068493,5.515068493,5971.699204,-0.076465792
75.86095,77759,77.754,2596,5715.010007,5.715010007,5971.699204,-0.042984281
75.908455,77809,77.804,2614,5824.577988,5.824577988,5971.699204,-0.024636408
75.958474,77859,77.854,2621,5867.910448,5.867910448,5971.699204,-0.017380105
76.02743,77909,77.904,2612,5812.272421,5.812272421,5971.699204,-0.026697055
76.058464,77959,77.954,2587,5661.206897,5.661206897,5971.699204,-0.051993963
76.108474,78009,78.004,2595,5709.0,5.709,5971.699204,-0.043990696
76.168077,78059,78.054,2570,5561.311475,5.561311475,5971.699204,-0.068722103
76.20844,78109,78.104,2540,5390.353698,5.390353698,5971.699204,-0.097350099
76.258455,78159,78.154,2531,5340.345269,5.340345269,5971.699204,-0.105724336
76.318779,78209,78.204,2552,5457.93908,5.45793908,5971.699204,-0.086032485
76.358528,78259,78.254,2550,5446.601942,5.446601942,5971.699204,-0.087930963
76.410123,78309,78.304,2548,5435.294118,5.435294118,5971.699204,-0.089824532
76.458553,78359,78.354,2559,5497.851562,5.497851563,5971.699204,-0.07934888
76.526099,78409,78.404,2588,5667.153285,5.667153285,5971.699204,-0.050998202
76.557546,78459,78.454,2609,5793.876178,5.793876178,5971.699204,-0.029777626
76.608442,78509,78.504,2592,5691.017964,5.691017964,5971.699204,-0.047001905
76.668848,78559,78.554,2624,5886.60775,5.88660775,5971.699204,-0.014249119
76.708464,78609,78.604,2616,5836.916836,5.836916836,5971.699204,-0.022570187
76.769199,78659,78.654,2591,5685.039894,5.685039894,5971.699204,-0.048002972
76.808514,78709,78.704,2583,5637.5,5.6375,5971.699204,-0.055963838
76.868108,78759,78.754,2582,5631.592862,5.631592862,5971.699204,-0.056953026
76.907543,78809,78.804,2537,5373.620026,5.373620026,5971.699204,-0.100152261
76.957549,78859,78.854,2528,5323.803446,5.323803446,5971.699204,-0.108494373
77.014267,78909,78.904,2555,5475.0,5.475,5971.699204,-0.083175523
77.058455,78959,78.954,2547,5429.651163,5.429651163,5971.699204,-0.090769482
77.108488,79009,79.004,2556,5480.701754,5.480701754,5971.699204,-0.082220727
77.176972,79059,79.054,2563,5520.822454,5.520822454,5971.699204,-0.075502254
77.207516,79109,79.104,2582,5631.592862,5.631592862,5971.699204,-0.056953026
77.257546,79159,79.154,2575,5590.460526,5.590460526,5971.699204,-0.063840904
77.317361,79209,79.204,2590,5679.069767,5.679069767,5971.699204,-0.049002709
77.358505,79259,79.254,2603,5757.30563,5.75730563,5971.699204,-0.035901603
77.41745,79309,79.304,2627,5905.381471,5.905381471,5971.699204,-0.011105337
77.457575,79359,79.354,2594,5702.998001,5.702998001,5971.699204,-0.04499577
77.507585,79409,79.404,2572,5572.948129,5.572948129,5971.699204,-0.06677347
77.560888,79459,79.454,2581,5625.693527,5.625693527,5971.699204,-0.057940909
77.608467,79509,79.504,2545,5418.387097,5.418387097,5971.699204,-0.092655723
77.676674,79559,79.554,2532,5345.873321,5.345873321,5971.699204,-0.104798628
77.707502,79609,79.604,2538,5379.190751,5.379190751,5971.699204,-0.099219407
77.757503,79659,79.654,2550,5446.601942,5.446601942,5971.699204,-0.087930963
77.817791,79709,79.704,2552,5457.93908,5.45793908,5971.699204,-0.086032485
77.857528,79759,79.754,2572,5572.948129,5.572948129,5971.699204,-0.06677347
77.910366,79809,79.804,2567,5543.913613,5.543913613,5971.699204,-0.071635489
77.957495,79859,79.854,2589,5673.10757,5.67310757,5971.699204,-0.050001118
78.025524,79909,79.904,2602,5751.239116,5.751239116,5971.699204,-0.03691748
78.057501,79959,79.954,2611,5806.132075,5.806132075,5971.699204,-0.027725296
78.107542,80009,80.004,2607,5781.653226,5.781653226,5971.699204,-0.031824439
78.161311,80059,80.054,2601,5745.180723,5.745180723,5971.699204,-0.037931998
78.207501,80109,80.104,2598,5727.054108,5.727054108,5971.699204,-0.040967418
78.257548,80159,80.154,2556,5480.701754,5.480701754,5971.699204,-0.082220727
78.326163,80209,80.204,2542,5401.545396,5.401545396,5971.699204,-0.095475976
78.357541,80259,80.254,2547,5429.651163,5.429651163,5971.699204,-0.090769482
78.407495,80309,80.304,2537,5373.620026,5.373620026,5971.699204,-0.100152261
78.467554,80359,80.354,2561,5509.322034,5.509322034,5971.699204,-0.077428074
78.507572,80409,80.404,2547,5429.651163,5.429651163,5971.699204,-0.090769482
78.568368,80459,80.454,2555,5475.0,5.475,5971.699204,-0.083175523
78.607558,80509,80.504,2559,5497.851562,5.497851563,5971.699204,-0.07934888
78.657609,80559,80.554,2583,5637.5,5.6375,5971.699204,-0.055963838
78.711848,80609,80.604,2588,5667.153285,5.667153285,5971.699204,-0.050998202
78.757521,80659,80.654,2612,5812.272421,5.812272421,5971.699204,-0.026697055
78.80751,80709,80.704,2619,5855.487805,5.855487805,5971.699204,-0.019460357
78.876633,80759,80.754,2613,5818.421053,5.818421053,5971.699204,-0.025667427
78.907518,80809,80.804,2594,5702.998001,5.702998001,5971.699204,-0.04499577
78.967965,80859,80.854,2588,5667.153285,5.667153285,5971.699204,-0.050998202
79.007541,80909,80.904,2560,5503.583062,5.503583062,5971.699204,-0.078389103
79.068805,80959,80.954,2543,5407.152062,5.407152062,5971.699204,-0.094537103
79.107491,81009,81.004,2523,5296.374046,5.296374046,5971.699204,-0.113087605
79.157549,81059,81.054,2547,5429.651163,5.429651163,5971.699204,-0.090769482
79.211826,81109,81.104,2550,5446.601942,5.446601942,5971.699204,-0.087930963
79.257582,81159,81.154,2553,5463.618677,5.463618677,5971.699204,-0.0850814
79.32528,81209,81.204,2564,5526.583932,5.526583932,5971.699204,-0.074537457
79.357545,81259,81.254,2595,5709.0,5.709,5971.699204,-0.043990696
79.407527,81309,81.304,2598,5727.054108,5.727054108,5971.699204,-0.040967418
79.467786,81359,81.354,2599,5733.088235,5.733088235,5971.699204,-0.039956964
79.507529,81409,81.404,2615,5830.743243,5.830743243,5971.699204,-0.023603995
79.568175,81459,81.454,2618,5849.2891,5.8492891,5971.699204,-0.020498371
79.607454,81509,81.504,2596,5715.010007,5.715010007,5971.699204,-0.042984281
79.657511,81559,81.554,2572,5572.948129,5.572948129,5971.699204,-0.06677347
79.719842,81609,81.604,2559,5497.851562,5.497851563,5971.699204,-0.07934888
79.757522,81659,81.654,2545,5418.387097,5.418387097,5971.699204,-0.092655723
79.811385,81709,81.704,2530,5334.824281,5.334824281,5971.699204,-0.106648862
79.857474,81759,81.754,2543,5407.152062,5.407152062,5971.699204,-0.094537103
79.907513,81809,81.804,2544,5412.765957,5.412765957,5971.699204,-0.09359702
79.976836,81859,81.854,2555,5475.0,5.475,5971.699204,-0.083175523
80.007516,81909,81.904,2559,5497.851562,5.497851563,5971.699204,-0.07934888
80.069531,81959,81.954,2579,5613.918206,5.613918206,5971.699204,-0.059912763
80.107503,82009,82.004,2569,5555.504587,5.555504587,5971.699204,-0.069694505
80.157513,82059,82.054,2614,5824.577988,5.824577988,5971.699204,-0.024636408
80.219109,82109,82.104,2604,5763.380282,5.763380282,5971.699204,-0.034884363
80.257482,82159,82.154,2612,5812.272421,5.812272421,5971.699204,-0.026697055
80.307505,82209,82.204,2608,5787.760592,5.787760592,5971.699204,-0.030801721
80.361832,82259,82.254,2595,5709.0,5.709,5971.699204,-0.043990696
80.407501,82309,82.304,2586,5655.26839,5.65526839,5971.699204,-0.052988405
80.475299,82359,82.354,2546,5424.015494,5.424015494,5971.699204,-0.091713211
80.507498,82409,82.404,2525,5307.324841,5.307324841,5971.699204,-0.111253823
80.568395,82459,82.454,2521,5285.45108,5.28545108,5971.699204,-0.114916727
80.607463,82509,82.504,2550,5446.601942,5.446601942,5971.699204,-0.087930963
80.657536,82559,82.554,2547,5429.651163,5.429651163,5971.699204,-0.090769482
80.719703,82609,82.604,2559,5497.851562,5.497851563,5971.699204,-0.07934888
80.7575,82659,82.654,2576,5596.313364,5.596313364,5971.699204,-0.062860809
80.807517,82709,82.704,2583,5637.5,5.6375,5971.699204,-0.055963838
80.869243,82759,82.754,2596,5715.010007,5.715010007,5971.699204,-0.042984281
80.907438,82809,82.804,2605,5769.463087,5.769463087,5971.699204,-0.033865757
80.957502,82859,82.854,2609,5793.876178,5.793876178,5971.699204,-0.029777626
81.013399,82909,82.904,2583,5637.5,5.6375,5971.699204,-0.055963838
81.057532,82959,82.954,2601,5745.180723,5.745180723,5971.699204,-0.037931998
81.107525,83009,83.004,2598,5727.054108,5.727054108,5971.699204,-0.040967418
81.177563,83059,83.054,2570,5561.311475,5.561311475,5971.699204,-0.068722103
81.207501,83109,83.104,2524,5301.845958,5.301845958,5971.699204,-0.112171297
81.257502,83159,83.154,2535,5362.5,5.3625,5971.699204,-0.102014382
81.318582,83209,83.204,2549,5440.944373,5.440944373,5971.699204,-0.08887836
81.357524,83259,83.254,2550,5446.601942,5.446601942,5971.699204,-0.087930963
81.41808,83309,83.304,2562,5515.068493,5.515068493,5971.699204,-0.076465792
81.45751,83359,83.354,2569,5555.504587,5.555504587,5971.699204,-0.069694505
81.507546,83409,83.404,2601,5745.180723,5.745180723,5971.699204,-0.037931998
81.5626,83459,83.454,2601,5745.180723,5.745180723,5971.699204,-0.037931998
81.607557,83509,83.504,2613,5818.421053,5.818421053,5971.699204,-0.025667427
81.657461,83559,83.554,2621,5867.910448,5.867910448,5971.699204,-0.017380105
81.727054,83609,83.604,2629,5917.939973,5.917939973,5971.699204,-0.009002334
81.757513,83659,83.654,2604,5763.380282,5.763380282,5971.699204,-0.034884363
81.818637,83709,83.704,2595,5709.0,5.709,5971.699204,-0.043990696
81.857503,83759,83.754,2585,5649.337748,5.649337748,5971.699204,-0.053981529
81.90747,83809,83.804,2544,5412.765957,5.412765957,5971.699204,-0.09359702
81.970388,83859,83.854,2538,5379.190751,5.379190751,5971.699204,-0.099219407
82.007433,83909,83.904,2547,5429.651163,5.429651163,5971.699204,-0.090769482
82.05745,83959,83.954,2549,5440.944373,5.440944373,5971.699204,-0.08887836
82.111792,84009,84.004,2556,5480.701754,5.480701754,5971.699204,-0.082220727
82.157452,84059,84.054,2556,5480.701754,5.480701754,5971.699204,-0.082220727
82.207466,84109,84.104,2581,5625.693527,5.625693527,5971.699204,-0.057940909
82.277012,84159,84.154,2608,5787.760592,5.787760592,5971.699204,-0.030801721
82.30744,84209,84.204,2615,5830.743243,5.830743243,5971.699204,-0.023603995
82.357523,84259,84.254,2613,5818.421053,5.818421053,5971.699204,-0.025667427
82.418519,84309,84.304,2607,5781.653226,5.781653226,5971.699204,-0.031824439
82.457476,84359,84.354,2600,5739.130435,5.739130435,5971.699204,-0.038945158
82.507552,84409,84.404,2590,5679.069767,5.679069767,5971.699204,-0.049002709
82.562295,84459,84.454,2586,5655.26839,5.65526839,5971.699204,-0.052988405
82.607474,84509,84.504,2553,5463.618677,5.463618677,5971.699204,-0.0850814
82.657528,84559,84.554,2539,5384.768638,5.384768638,5971.699204,-0.098285353
82.728083,84609,84.604,2546,5424.015494,5.424015494,5971.699204,-0.091713211
82.757478,84659,84.654,2551,5452.266839,5.452266839,5971.699204,-0.086982339
82.80749,84709,84.704,2544,5412.765957,5.412765957,5971.699204,-0.09359702
82.869092,84759,84.754,2568,5549.705305,5.549705305,5971.699204,-0.070665632
82.907512,84809,84.804,2585,5649.337748,5.649337748,5971.699204,-0.053981529
82.961643,84859,84.854,2598,5727.054108,5.727054108,5971.699204,-0.040967418
83.007534,84909,84.904,2598,5727.054108,5.727054108,5971.699204,-0.040967418
83.077068,84959,84.954,2615,5830.743243,5.830743243,5971.699204,-0.023603995
83.1075,85009,85.004,2629,5917.939973,5.917939973,5971.699204,-0.009002334
83.157502,85059,85.054,2615,5830.743243,5.830743243,5971.699204,-0.023603995
83.21201,85109,85.104,2600,5739.130435,5.739130435,5971.699204,-0.038945158
83.257469,85159,85.154,2588,5667.153285,5.667153285,5971.699204,-0.050998202
83.307504,85209,85.204,2571,5567.125984,5.567125984,5971.699204,-0.067748426
83.377055,85259,85.254,2561,5509.322034,5.509322034,5971.699204,-0.077428074
83.407459,85309,85.304,2538,5379.190751,5.379190751,5971.699204,-0.099219407
83.457496,85359,85.354,2547,5429.651163,5.429651163,5971.699204,-0.090769482
83.519037,85409,85.404,2542,5401.545396,5.401545396,5971.699204,-0.095475976
83.557495,85459,85.454,2550,5446.601942,5.446601942,5971.699204,-0.087930963
83.620597,85509,85.504,2562,5515.068493,5.515068493,5971.699204,-0.076465792
83.657442,85559,85.554,2586,5655.26839,5.65526839,5971.699204,-0.052988405
83.707475,85609,85.604,2581,5625.693527,5.625693527,5971.699204,-0.057940909
83.763317,85659,85.654,2597,5721.028037,5.721028037,5971.699204,-0.041976523
83.807434,85709,85.704,2605,5769.463087,5.769463087,5971.699204,-0.033865757
83.857483,85759,85.754,2616,5836.916836,5.836916836,5971.699204,-0.022570187
83.929371,85809,85.804,2599,5733.088235,5.733088235,5971.699204,-0.039956964
83.957413,85859,85.854,2596,5715.010007,5.715010007,5971.699204,-0.042984281
84.020558,85909,85.904,2562,5515.068493,5.515068493,5971.699204,-0.076465792
84.057478,85959,85.954,2537,5373.620026,5.373620026,5971.699204,-0.100152261
84.107469,86009,86.004,2539,5384.768638,5.384768638,5971.699204,-0.098285353
84.169348,86059,86.054,2543,5407.152062,5.407152062,5971.699204,-0.094537103
84.20744,86109,86.104,2549,5440.944373,5.440944373,5971.699204,-0.08887836
84.257439,86159,86.154,2562,5515.068493,5.515068493,5971.699204,-0.076465792
84.312706,86209,86.204,2569,5555.504587,5.555504587,5971.699204,-0.069694505
84.357489,86259,86.254,2582,5631.592862,5.631592862,5971.699204,-0.056953026
84.42631,86309,86.304,2584,5643.414957,5.643414957,5971.699204,-0.054973339
84.457481,86359,86.354,2592,5691.017964,5.691017964,5971.699204,-0.047001905
84.507506,86409,86.404,2620,5861.694915,5.861694915,5971.699204,-0.018420936
84.569798,86459,86.454,2616,5836.916836,5.836916836,5971.699204,-0.022570187
84.607447,86509,86.504,2607,5781.653226,5.781653226,5971.699204,-0.031824439
84.657445,86559,86.554,2581,5625.693527,5.625693527,5971.699204,-0.057940909
84.720661,86609,86.604,2571,5567.125984,5.567125984,5971.699204,-0.067748426
84.75745,86659,86.654,2549,5440.944373,5.440944373,5971.699204,-0.08887836
84.807481,86709,86.704,2531,5340.345269,5.340345269,5971.699204,-0.105724336
84.862923,86759,86.754,2577,5602.173913,5.602173913,5971.699204,-0.061879421
84.907474,86809,86.804,2543,5407.152062,5.407152062,5971.699204,-0.094537103
84.957442,86859,86.854,2547,5429.651163,5.429651163,5971.699204,-0.090769482
85.029009,86909,86.904,2558,5492.127521,5.492127521,5971.699204,-0.080307408
85.057458,86959,86.954,2572,5572.948129,5.572948129,5971.699204,-0.06677347
85.107473,87009,87.004,2605,5769.463087,5.769463087,5971.699204,-0.033865757
85.170029,87059,87.054,2582,5631.592862,5.631592862,5971.699204,-0.056953026
85.207471,87109,87.104,2620,5861.694915,5.861694915,5971.699204,-0.018420936
85.257474,87159,87.154,2607,5781.653226,5.781653226,5971.699204,-0.031824439
85.312877,87209,87.204,2598,5727.054108,5.727054108,5971.699204,-0.040967418
85.357549,87259,87.254,2592,5691.017964,5.691017964,5971.699204,-0.047001905
85.426143,87309,87.304,2541,5395.945946,5.395945946,5971.699204,-0.09641364
85.45749,87359,87.354,2547,5429.651163,5.429651163,5971.699204,-0.090769482
85.507536,87409,87.404,2531,5340.345269,5.340345269,5971.699204,-0.105724336
85.570064,87459,87.454,2532,5345.873321,5.345873321,5971.699204,-0.104798628
85.607512,87509,87.504,2547,5429.651163,5.429651163,5971.699204,-0.090769482
85.657475,87559,87.554,2547,5429.651163,5.429651163,5971.699204,-0.090769482
85.720832,87609,87.604,2563,5520.822454,5.520822454,5971.699204,-0.075502254
85.757454,87659,87.654,2571,5567.125984,5.567125984,5971.699204,-0.067748426
85.807437,87709,87.704,2593,5697.003995,5.697003995,5971.699204,-0.045999505
85.863202,87759,87.754,2597,5721.028037,5.721028037,5971.699204,-0.041976523
85.907445,87809,87.804,2600,5739.130435,5.739130435,5971.699204,-0.038945158
85.976957,87859,87.854,2598,5727.054108,5.727054108,5971.699204,-0.040967418
86.007527,87909,87.904,2610,5800.0,5.8,5971.699204,-0.028752152
86.069818,87959,87.954,2611,5806.132075,5.806132075,5971.699204,-0.027725296
86.107464,88009,88.004,2597,5721.028037,5.721028037,5971.699204,-0.041976523
86.157473,88059,88.054,2562,5515.068493,5.515068493,5971.699204,-0.076465792
86.220452,88109,88.104,2538,5379.190751,5.379190751,5971.699204,-0.099219407
86.25746,88159,88.154,2537,5373.620026,5.373620026,5971.699204,-0.100152261
86.3075,88209,88.204,2545,5418.387097,5.418387097,5971.699204,-0.092655723
86.370093,88259,88.254,2543,5407.152062,5.407152062,5971.699204,-0.094537103
86.407426,88309,88.304,2548,5435.294118,5.435294118,5971.699204,-0.089824532
86.457446,88359,88.354,2559,5497.851562,5.497851563,5971.699204,-0.07934888
86.512913,88409,88.404,2566,5538.129496,5.538129496,5971.699204,-0.072604077
86.557464,88459,88.454,2585,5649.337748,5.649337748,5971.699204,-0.053981529
86.627439,88509,88.504,2607,5781.653226,5.781653226,5971.699204,-0.031824439
86.657492,88559,88.554,2637,5968.518519,5.968518519,5971.699204,-0.000532627
86.719719,88609,88.604,2610,5800.0,5.8,5971.699204,-0.028752152
86.757446,88659,88.654,2609,5793.876178,5.793876178,5971.699204,-0.029777626
86.807458,88709,88.704,2570,5561.311475,5.561311475,5971.699204,-0.068722103
86.870525,88759,88.754,2567,5543.913613,5.543913613,5971.699204,-0.071635489
86.90744,88809,88.804,2528,5323.803446,5.323803446,5971.699204,-0.108494373
86.957416,88859,88.854,2528,5323.803446,5.323803446,5971.699204,-0.108494373
87.021389,88909,88.904,2543,5407.152062,5.407152062,5971.699204,-0.094537103
87.05741,88959,88.954,2556,5480.701754,5.480701754,5971.699204,-0.082220727
87.107541,89009,89.004,2549,5440.944373,5.440944373,5971.699204,-0.08887836
87.163203,89059,89.054,2566,5538.129496,5.538129496,5971.699204,-0.072604077
87.207439,89109,89.104,2585,5649.337748,5.649337748,5971.699204,-0.053981529
87.257444,89159,89.154,2589,5673.10757,5.67310757,5971.699204,-0.050001118
87.320834,89209,89.204,2605,5769.463087,5.769463087,5971.699204,-0.033865757
87.357545,89259,89.254,2612,5812.272421,5.812272421,5971.699204,-0.026697055
87.426394,89309,89.304,2614,5824.577988,5.824577988,5971.699204,-0.024636408
87.457488,89359,89.354,2615,5830.743243,5.830743243,5971.699204,-0.023603995
87.507477,89409,89.404,2609,5793.876178,5.793876178,5971.699204,-0.029777626
87.570174,89459,89.454,2612,5812.272421,5.812272421,5971.699204,-0.026697055
87.607408,89509,89.504,2558,5492.127521,5.492127521,5971.699204,-0.080307408
87.657418,89559,89.554,2542,5401.545396,5.401545396,5971.699204,-0.095475976
87.716693,89609,89.604,2542,5401.545396,5.401545396,5971.699204,-0.095475976
87.757407,89659,89.654,2557,5486.410923,5.486410923,5971.699204,-0.081264689
87.807388,89709,89.704,2544,5412.765957,5.412765957,5971.699204,-0.09359702
87.882124,89759,89.754,2571,5567.125984,5.567125984,5971.699204,-0.067748426
87.907386,89809,89.804,2587,5661.206897,5.661206897,5971.699204,-0.051993963
87.982676,89859,89.854,2581,5625.693527,5.625693527,5971.699204,-0.057940909
88.00741,89909,89.904,2598,5727.054108,5.727054108,5971.699204,-0.040967418
88.074258,89959,89.954,2612,5812.272421,5.812272421,5971.699204,-0.026697055
88.107481,90009,90.004,2616,5836.916836,5.836916836,5971.699204,-0.022570187
88.178387,90059,90.054,2604,5763.380282,5.763380282,5971.699204,-0.034884363
88.207472,90109,90.104,2604,5763.380282,5.763380282,5971.699204,-0.034884363
88.257433,90159,90.154,2603,5757.30563,5.75730563,5971.699204,-0.035901603
88.335595,90209,90.204,2546,5424.015494,5.424015494,5971.699204,-0.091713211
88.357464,90259,90.254,2569,5555.504587,5.555504587,5971.699204,-0.069694505
88.419042,90309,90.304,2544,5412.765957,5.412765957,5971.699204,-0.09359702
88.457917,90359,90.354,2548,5435.294118,5.435294118,5971.699204,-0.089824532
88.52348,90409,90.404,2542,5401.545396,5.401545396,5971.699204,-0.095475976
88.557456,90459,90.454,2555,5475.0,5.475,5971.699204,-0.083175523
88.607379,90509,90.504,2574,5584.615385,5.584615385,5971.699204,-0.064819712
88.670158,90559,90.554,2601,5745.180723,5.745180723,5971.699204,-0.037931998
88.707409,90609,90.604,2595,5709.0,5.709,5971.699204,-0.043990696
88.762109,90659,90.654,2605,5769.463087,5.769463087,5971.699204,-0.033865757
88.807416,90709,90.704,2615,5830.743243,5.830743243,5971.699204,-0.023603995
88.877251,90759,90.754,2621,5867.910448,5.867910448,5971.699204,-0.017380105
88.90737,90809,90.804,2606,5775.554063,5.775554063,5971.699204,-0.032845784
88.957405,90859,90.854,2603,5757.30563,5.75730563,5971.699204,-0.035901603
89.022466,90909,90.904,2559,5497.851562,5.497851563,5971.699204,-0.07934888
89.05745,90959,90.954,2554,5469.305646,5.469305646,5971.699204,-0.08412908
89.107426,91009,91.004,2531,5340.345269,5.340345269,5971.699204,-0.105724336
89.169114,91059,91.054,2543,5407.152062,5.407152062,5971.699204,-0.094537103
89.207522,91109,91.104,2554,5469.305646,5.469305646,5971.699204,-0.08412908
89.26136,91159,91.154,2538,5379.190751,5.379190751,5971.699204,-0.099219407
89.307835,91209,91.204,2558,5492.127521,5.492127521,5971.699204,-0.080307408
89.377719,91259,91.254,2568,5549.705305,5.549705305,5971.699204,-0.070665632
89.407442,91309,91.304,2581,5625.693527,5.625693527,5971.699204,-0.057940909
89.457513,91359,91.354,2599,5733.088235,5.733088235,5971.699204,-0.039956964
89.518708,91409,91.404,2607,5781.653226,5.781653226,5971.699204,-0.031824439
89.557422,91459,91.454,2607,5781.653226,5.781653226,5971.699204,-0.031824439
89.607482,91509,91.504,2592,5691.017964,5.691017964,5971.699204,-0.047001905
89.675569,91559,91.554,2602,5751.239116,5.751239116,5971.699204,-0.03691748
89.707385,91609,91.604,2559,5497.851562,5.497851563,5971.699204,-0.07934888
89.757392,91659,91.654,2549,5440.944373,5.440944373,5971.699204,-0.08887836
89.813187,91709,91.704,2536,5368.056446,5.368056446,5971.699204,-0.101083919
89.857349,91759,91.754,2537,5373.620026,5.373620026,5971.699204,-0.100152261
89.907373,91809,91.804,2549,5440.944373,5.440944373,5971.699204,-0.08887836
89.979343,91859,91.854,2549,5440.944373,5.440944373,5971.699204,-0.08887836
90.007407,91909,91.904,2537,5373.620026,5.373620026,5971.699204,-0.100152261
90.071438,91959,91.954,2559,5497.851562,5.497851563,5971.699204,-0.07934888
90.107472,92009,92.004,2592,5691.017964,5.691017964,5971.699204,-0.047001905
90.168792,92059,92.054,2594,5702.998001,5.702998001,5971.699204,-0.04499577
90.207411,92109,92.104,2607,5781.653226,5.781653226,5971.699204,-0.031824439
90.257456,92159,92.154,2620,5861.694915,5.861694915,5971.699204,-0.018420936
90.320536,92209,92.204,2606,5775.554063,5.775554063,5971.699204,-0.032845784
90.357464,92259,92.254,2577,5602.173913,5.602173913,5971.699204,-0.061879421
90.407443,92309,92.304,2564,5526.583932,5.526583932,5971.699204,-0.074537457
90.461271,92359,92.354,2547,5429.651163,5.429651163,5971.699204,-0.090769482
90.507395,92409,92.404,2521,5285.45108,5.28545108,5971.699204,-0.114916727
90.557424,92459,92.454,2531,5340.345269,5.340345269,5971.699204,-0.105724336
90.626547,92509,92.504,2540,5390.353698,5.390353698,5971.699204,-0.097350099
90.657439,92559,92.554,2547,5429.651163,5.429651163,5971.699204,-0.090769482
90.718201,92609,92.604,2551,5452.266839,5.452266839,5971.699204,-0.086982339
90.757417,92659,92.654,2559,5497.851562,5.497851563,5971.699204,-0.07934888
90.807425,92709,92.704,2585,5649.337748,5.649337748,5971.699204,-0.053981529
90.86844,92759,92.754,2596,5715.010007,5.715010007,5971.699204,-0.042984281
90.907405,92809,92.804,2585,5649.337748,5.649337748,5971.699204,-0.053981529
90.957406,92859,92.854,2578,5608.042189,5.608042189,5971.699204,-0.06089674
91.012035,92909,92.904,2603,5757.30563,5.75730563,5971.699204,-0.035901603
91.057461,92959,92.954,2585,5649.337748,5.649337748,5971.699204,-0.053981529
91.107411,93009,93.004,2563,5520.822454,5.520822454,5971.699204,-0.075502254
91.177122,93059,93.054,2553,5463.618677,5.463618677,5971.699204,-0.0850814
91.207393,93109,93.104,2534,5356.950673,5.356950673,5971.699204,-0.102943653
91.25743,93159,93.154,2529,5329.310345,5.329310345,5971.699204,-0.107572206
91.318171,93209,93.204,2532,5345.873321,5.345873321,5971.699204,-0.104798628
91.357406,93259,93.254,2555,5475.0,5.475,5971.699204,-0.083175523
91.407405,93309,93.304,2551,5452.266839,5.452266839,5971.699204,-0.086982339
91.46119,93359,93.354,2567,5543.913613,5.543913613,5971.699204,-0.071635489
91.507485,93409,93.404,2562,5515.068493,5.515068493,5971.699204,-0.076465792
91.575505,93459,93.454,2580,5619.80198,5.61980198,5971.699204,-0.058927486
91.607493,93509,93.504,2588,5667.153285,5.667153285,5971.699204,-0.050998202
91.668157,93559,93.554,2613,5818.421053,5.818421053,5971.699204,-0.025667427
91.707425,93609,93.604,2605,5769.463087,5.769463087,5971.699204,-0.033865757
91.75739,93659,93.654,2589,5673.10757,5.67310757,5971.699204,-0.050001118
91.818888,93709,93.704,2587,5661.206897,5.661206897,5971.699204,-0.051993963
91.857418,93759,93.754,2564,5526.583932,5.526583932,5971.699204,-0.074537457
91.917954,93809,93.804,2523,5296.374046,5.296374046,5971.699204,-0.113087605
91.957422,93859,93.854,2504,5193.714645,5.193714645,5971.699204,-0.130278591
92.011495,93909,93.904,2538,5379.190751,5.379190751,5971.699204,-0.099219407
92.057517,93959,93.954,2545,5418.387097,5.418387097,5971.699204,-0.092655723
92.125462,94009,94.004,2547,5429.651163,5.429651163,5971.699204,-0.090769482
92.157439,94059,94.054,2542,5401.545396,5.401545396,5971.699204,-0.095475976
92.20745,94109,94.104,2593,5697.003995,5.697003995,5971.699204,-0.045999505
92.27304,94159,94.154,2570,5561.311475,5.561311475,5971.699204,-0.068722103
92.30747,94209,94.204,2592,5691.017964,5.691017964,5971.699204,-0.047001905
92.371598,94259,94.254,2609,5793.876178,5.793876178,5971.699204,-0.029777626
92.4074,94309,94.304,2612,5812.272421,5.812272421,5971.699204,-0.026697055
92.457481,94359,94.354,2588,5667.153285,5.667153285,5971.699204,-0.050998202
92.51275,94409,94.404,2587,5661.206897,5.661206897,5971.699204,-0.051993963
92.557418,94459,94.454,2562,5515.068493,5.515068493,5971.699204,-0.076465792
92.607411,94509,94.504,2543,5407.152062,5.407152062,5971.699204,-0.094537103
92.677267,94559,94.554,2520,5280.0,5.28,5971.699204,-0.115829545
92.707364,94609,94.604,2534,5356.950673,5.356950673,5971.699204,-0.102943653
92.757406,94659,94.654,2544,5412.765957,5.412765957,5971.699204,-0.09359702
92.81892,94709,94.704,2538,5379.190751,5.379190751,5971.699204,-0.099219407
92.857398,94759,94.754,2545,5418.387097,5.418387097,5971.699204,-0.092655723
92.907399,94809,94.804,2563,5520.822454,5.520822454,5971.699204,-0.075502254
92.969201,94859,94.854,2585,5649.337748,5.649337748,5971.699204,-0.053981529
93.007403,94909,94.904,2593,5697.003995,5.697003995,5971.699204,-0.045999505
93.062239,94959,94.954,2614,5824.577988,5.824577988,5971.699204,-0.024636408
93.107413,95009,95.004,2610,5800.0,5.8,5971.699204,-0.028752152
93.157373,95059,95.054,2606,5775.554063,5.775554063,5971.699204,-0.032845784
93.220057,95109,95.104,2592,5691.017964,5.691017964,5971.699204,-0.047001905
93.257376,95159,95.154,2580,5619.80198,5.61980198,5971.699204,-0.058927486
93.307395,95209,95.204,2551,5452.266839,5.452266839,5971.699204,-0.086982339
93.376271,95259,95.254,2560,5503.583062,5.503583062,5971.699204,-0.078389103
93.407351,95309,95.304,2515,5252.848101,5.252848101,5971.699204,-0.120376308
93.457473,95359,95.354,2545,5418.387097,5.418387097,5971.699204,-0.092655723
93.519466,95409,95.404,2545,5418.387097,5.418387097,5971.699204,-0.092655723
93.557408,95459,95.454,2543,5407.152062,5.407152062,5971.699204,-0.094537103
93.607381,95509,95.504,2558,5492.127521,5.492127521,5971.699204,-0.080307408
93.662523,95559,95.554,2559,5497.851562,5.497851563,5971.699204,-0.07934888
93.707386,95609,95.604,2578,5608.042189,5.608042189,5971.699204,-0.06089674
93.757399,95659,95.654,2605,5769.463087,5.769463087,5971.699204,-0.033865757
93.827535,95709,95.704,2604,5763.380282,5.763380282,5971.699204,-0.034884363
93.857401,95759,95.754,2613,5818.421053,5.818421053,5971.699204,-0.025667427
93.918515,95809,95.804,2580,5619.80198,5.61980198,5971.699204,-0.058927486
93.957386,95859,95.854,2572,5572.948129,5.572948129,5971.699204,-0.06677347
94.019579,95909,95.904,2536,5368.056446,5.368056446,5971.699204,-0.101083919
94.057425,95959,95.954,2531,5340.345269,5.340345269,5971.699204,-0.105724336
94.107468,96009,96.004,2527,5318.303571,5.318303571,5971.699204,-0.109415362
94.161908,96059,96.054,2546,5424.015494,5.424015494,5971.699204,-0.091713211
94.207384,96109,96.104,2548,5435.294118,5.435294118,5971.699204,-0.089824532
94.257394,96159,96.154,2543,5407.152062,5.407152062,5971.699204,-0.094537103
94.327053,96209,96.204,2552,5457.93908,5.45793908,5971.699204,-0.086032485
94.357407,96259,96.254,2555,5475.0,5.475,5971.699204,-0.083175523
94.417804,96309,96.304,2558,5492.127521,5.492127521,5971.699204,-0.080307408
94.457412,96359,96.354,2543,5407.152062,5.407152062,5971.699204,-0.094537103
94.519392,96409,96.404,2606,5775.554063,5.775554063,5971.699204,-0.032845784
94.557385,96459,96.454,2614,5824.577988,5.824577988,5971.699204,-0.024636408
94.607369,96509,96.504,2600,5739.130435,5.739130435,5971.699204,-0.038945158
94.673906,96559,96.554,2587,5661.206897,5.661206897,5971.699204,-0.051993963
94.707378,96609,96.604,2555,5475.0,5.475,5971.699204,-0.083175523
94.761453,96659,96.654,2536,5368.056446,5.368056446,5971.699204,-0.101083919
94.807365,96709,96.704,2521,5285.45108,5.28545108,5971.699204,-0.114916727
94.85737,96759,96.754,2532,5345.873321,5.345873321,5971.699204,-0.104798628
94.928172,96809,96.804,2543,5407.152062,5.407152062,5971.699204,-0.094537103
94.957371,96859,96.854,2537,5373.620026,5.373620026,5971.699204,-0.100152261
95.019996,96909,96.904,2551,5452.266839,5.452266839,5971.699204,-0.086982339
95.057452,96959,96.954,2562,5515.068493,5.515068493,5971.699204,-0.076465792
95.10743,97009,97.004,2562,5515.068493,5.515068493,5971.699204,-0.076465792
95.169567,97059,97.054,2579,5613.918206,5.613918206,5971.699204,-0.059912763
95.207333,97109,97.104,2603,5757.30563,5.75730563,5971.699204,-0.035901603
95.257373,97159,97.154,2604,5763.380282,5.763380282,5971.699204,-0.034884363
95.311999,97209,97.204,2566,5538.129496,5.538129496,5971.699204,-0.072604077
95.357385,97259,97.254,2569,5555.504587,5.555504587,5971.699204,-0.069694505
95.425772,97309,97.304,2558,5492.127521,5.492127521,5971.699204,-0.080307408
95.457388,97359,97.354,2529,5329.310345,5.329310345,5971.699204,-0.107572206
95.51872,97409,97.404,2524,5301.845958,5.301845958,5971.699204,-0.112171297
95.557382,97459,97.454,2514,5247.43833,5.24743833,5971.699204,-0.12128221
95.618651,97509,97.504,2536,5368.056446,5.368056446,5971.699204,-0.101083919
95.657353,97559,97.554,2548,5435.294118,5.435294118,5971.699204,-0.089824532
95.707343,97609,97.604,2545,5418.387097,5.418387097,5971.699204,-0.092655723
95.769757,97659,97.654,2558,5492.127521,5.492127521,5971.699204,-0.080307408
95.807371,97709,97.704,2569,5555.504587,5.555504587,5971.699204,-0.069694505
95.861482,97759,97.754,2559,5497.851562,5.497851563,5971.699204,-0.07934888
95.907383,97809,97.804,2588,5667.153285,5.667153285,5971.699204,-0.050998202
95.975903,97859,97.854,2603,5757.30563,5.75730563,5971.699204,-0.035901603
96.007375,97909,97.904,2577,5602.173913,5.602173913,5971.699204,-0.061879421
96.069595,97959,97.954,2573,5578.777924,5.578777924,5971.699204,-0.065797232
96.107423,98009,98.004,2557,5486.410923,5.486410923,5971.699204,-0.081264689
96.168729,98059,98.054,2537,5373.620026,5.373620026,5971.699204,-0.100152261
96.207378,98109,98.104,2529,5329.310345,5.329310345,5971.699204,-0.107572206
96.257361,98159,98.154,2521,5285.45108,5.28545108,5971.699204,-0.114916727
96.319767,98209,98.204,2539,5384.768638,5.384768638,5971.699204,-0.098285353
96.357364,98259,98.254,2542,5401.545396,5.401545396,5971.699204,-0.095475976
96.41126,98309,98.304,2545,5418.387097,5.418387097,5971.699204,-0.092655723
96.457389,98359,98.354,2558,5492.127521,5.492127521,5971.699204,-0.080307408
96.527652,98409,98.404,2574,5584.615385,5.584615385,5971.699204,-0.064819712
96.557327,98459,98.454,2562,5515.068493,5.515068493,5971.699204,-0.076465792
96.607357,98509,98.504,2590,5679.069767,5.679069767,5971.699204,-0.049002709
96.67092,98559,98.554,2582,5631.592862,5.631592862,5971.699204,-0.056953026
96.707332,98609,98.604,2578,5608.042189,5.608042189,5971.699204,-0.06089674
96.757346,98659,98.654,2587,5661.206897,5.661206897,5971.699204,-0.051993963
96.820678,98709,98.704,2558,5492.127521,5.492127521,5971.699204,-0.080307408
96.857397,98759,98.754,2538,5379.190751,5.379190751,5971.699204,-0.099219407
96.911941,98809,98.804,2525,5307.324841,5.307324841,5971.699204,-0.111253823
96.957355,98859,98.854,2518,5269.11858,5.26911858,5971.699204,-0.11765171
97.028768,98909,98.904,2528,5323.803446,5.323803446,5971.699204,-0.108494373
97.057397,98959,98.954,2532,5345.873321,5.345873321,5971.699204,-0.104798628
97.1074,99009,99.004,2546,5424.015494,5.424015494,5971.699204,-0.091713211
97.168979,99059,99.054,2551,5452.266839,5.452266839,5971.699204,-0.086982339
97.207465,99109,99.104,2549,5440.944373,5.440944373,5971.699204,-0.08887836
97.270195,99159,99.154,2572,5572.948129,5.572948129,5971.699204,-0.06677347
97.307378,99209,99.204,2557,5486.410923,5.486410923,5971.699204,-0.081264689
97.35735,99259,99.254,2612,5812.272421,5.812272421,5971.699204,-0.026697055
97.41929,99309,99.304,2599,5733.088235,5.733088235,5971.699204,-0.039956964
97.457375,99359,99.354,2598,5727.054108,5.727054108,5971.699204,-0.040967418
97.512375,99409,99.404,2565,5532.352941,5.532352941,5971.699204,-0.073571399
97.557343,99459,99.454,2567,5543.913613,5.543913613,5971.699204,-0.071635489
97.607416,99509,99.504,2528,5323.803446,5.323803446,5971.699204,-0.108494373
97.672579,99559,99.554,2537,5373.620026,5.373620026,5971.699204,-0.100152261
97.707319,99609,99.604,2542,5401.545396,5.401545396,5971.699204,-0.095475976
97.757371,99659,99.654,2545,5418.387097,5.418387097,5971.699204,-0.092655723
97.829131,99709,99.704,2542,5401.545396,5.401545396,5971.699204,-0.095475976
97.857369,99759,99.754,2547,5429.651163,5.429651163,5971.699204,-0.090769482
97.907363,99809,99.804,2559,5497.851562,5.497851563,5971.699204,-0.07934888
97.970115,99859,99.854,2559,5497.851562,5.497851563,5971.699204,-0.07934888
98.00734,99909,99.904,2582,5631.592862,5.631592862,5971.699204,-0.056953026
98.057391,99959,99.954,2620,5861.694915,5.861694915,5971.699204,-0.018420936
98.112171,100009,100.004,2601,5745.180723,5.745180723,5971.699204,-0.037931998
98.157366,100059,100.054,2592,5691.017964,5.691017964,5971.699204,-0.047001905
98.207366,100109,100.104,2559,5497.851562,5.497851563,5971.699204,-0.07934888
98.279611,100159,100.154,2564,5526.583932,5.526583932,5971.699204,-0.074537457
98.307448,100209,100.204,2523,5296.374046,5.296374046,5971.699204,-0.113087605
98.376749,100259,100.254,2524,5301.845958,5.301845958,5971.699204,-0.112171297
98.407381,100309,100.304,2519,5274.555838,5.274555838,5971.699204,-0.116741206
98.457347,100359,100.354,2539,5384.768638,5.384768638,5971.699204,-0.098285353
98.513482,100409,100.404,2536,5368.056446,5.368056446,5971.699204,-0.101083919
98.557351,100459,100.454,2539,5384.768638,5.384768638,5971.699204,-0.098285353
98.621326,100509,100.504,2562,5515.068493,5.515068493,5971.699204,-0.076465792
98.657392,100559,100.554,2576,5596.313364,5.596313364,5971.699204,-0.062860809
98.727122,100609,100.604,2570,5561.311475,5.561311475,5971.699204,-0.068722103
98.757366,100659,100.654,2598,5727.054108,5.727054108,5971.699204,-0.040967418
98.807365,100709,100.704,2611,5806.132075,5.806132075,5971.699204,-0.027725296
98.87081,100759,100.754,2604,5763.380282,5.763380282,5971.699204,-0.034884363
98.907372,100809,100.804,2573,5578.777924,5.578777924,5971.699204,-0.065797232
98.970046,100859,100.854,2563,5520.822454,5.520822454,5971.699204,-0.075502254
99.007381,100909,100.904,2558,5492.127521,5.492127521,5971.699204,-0.080307408
99.071335,100959,100.954,2522,5290.909091,5.290909091,5971.699204,-0.114002747
99.107398,101009,101.004,2525,5307.324841,5.307324841,5971.699204,-0.111253823
99.163758,101059,101.054,2533,5351.408451,5.351408451,5971.699204,-0.103871734
99.207354,101109,101.104,2542,5401.545396,5.401545396,5971.699204,-0.095475976
99.257328,101159,101.154,2539,5384.768638,5.384768638,5971.699204,-0.098285353
99.332515,101209,101.204,2551,5452.266839,5.452266839,5971.699204,-0.086982339
99.357379,101259,101.254,2555,5475.0,5.475,5971.699204,-0.083175523
99.422598,101309,101.304,2576,5596.313364,5.596313364,5971.699204,-0.062860809
99.457376,101359,101.354,2572,5572.948129,5.572948129,5971.699204,-0.06677347
99.507381,101409,101.404,2607,5781.653226,5.781653226,5971.699204,-0.031824439
99.583815,101459,101.454,2597,5721.028037,5.721028037,5971.699204,-0.041976523
99.607381,101509,101.504,2599,5733.088235,5.733088235,5971.699204,-0.039956964
99.657377,101559,101.554,2575,5590.460526,5.590460526,5971.699204,-0.063840904
99.718791,101609,101.604,2558,5492.127521,5.492127521,5971.699204,-0.080307408
99.757382,101659,101.654,2531,5340.345269,5.340345269,5971.699204,-0.105724336
99.83706,101709,101.704,2516,5258.264725,5.258264725,5971.699204,-0.119469259
99.857366,101759,101.754,2518,5269.11858,5.26911858,5971.699204,-0.11765171
99.907387,101809,101.804,2541,5395.945946,5.395945946,5971.699204,-0.09641364
99.976558,101859,101.854,2539,5384.768638,5.384768638,5971.699204,-0.098285353
100.007366,101909,101.904,2556,5480.701754,5.480701754,5971.699204,-0.082220727
100.057329,101959,101.954,2557,5486.410923,5.486410923,5971.699204,-0.081264689
100.125349,102009,102.004,2565,5532.352941,5.532352941,5971.699204,-0.073571399
100.157375,102059,102.054,2581,5625.693527,5.625693527,5971.699204,-0.057940909
100.216709,102109,102.104,2602,5751.239116,5.751239116,5971.699204,-0.03691748
100.257359,102159,102.154,2603,5757.30563,5.75730563,5971.699204,-0.035901603
100.307352,102209,102.204,2594,5702.998001,5.702998001,5971.699204,-0.04499577
100.385835,102259,102.254,2573,5578.777924,5.578777924,5971.699204,-0.065797232
100.407302,102309,102.304,2562,5515.068493,5.515068493,5971.699204,-0.076465792
100.457296,102359,102.354,2533,5351.408451,5.351408451,5971.699204,-0.103871734
100.527138,102409,102.404,2524,5301.845958,5.301845958,5971.699204,-0.112171297
100.557294,102459,102.454,2529,5329.310345,5.329310345,5971.699204,-0.107572206
100.607387,102509,102.504,2534,5356.950673,5.356950673,5971.699204,-0.102943653
100.674819,102559,102.554,2544,5412.765957,5.412765957,5971.699204,-0.09359702
100.707382,102609,102.604,2538,5379.190751,5.379190751,5971.699204,-0.099219407
100.757294,102659,102.654,2571,5567.125984,5.567125984,5971.699204,-0.067748426
100.815709,102709,102.704,2567,5543.913613,5.543913613,5971.699204,-0.071635489
100.8573,102759,102.754,2562,5515.068493,5.515068493,5971.699204,-0.076465792
100.931,102809,102.804,2606,5775.554063,5.775554063,5971.699204,-0.032845784
100.957347,102859,102.854,2593,5697.003995,5.697003995,5971.699204,-0.045999505
101.024911,102909,102.904,2604,5763.380282,5.763380282,5971.699204,-0.034884363
101.057358,102959,102.954,2600,5739.130435,5.739130435,5971.699204,-0.038945158
101.107342,103009,103.004,2556,5480.701754,5.480701754,5971.699204,-0.082220727
101.173042,103059,103.054,2539,5384.768638,5.384768638,5971.699204,-0.098285353
101.207378,103109,103.104,2521,5285.45108,5.28545108,5971.699204,-0.114916727
101.265043,103159,103.154,2520,5280.0,5.28,5971.699204,-0.115829545
101.307342,103209,103.204,2547,5429.651163,5.429651163,5971.699204,-0.090769482
101.357302,103259,103.254,2540,5390.353698,5.390353698,5971.699204,-0.097350099
101.432439,103309,103.304,2532,5345.873321,5.345873321,5971.699204,-0.104798628
101.45738,103359,103.354,2585,5649.337748,5.649337748,5971.699204,-0.053981529
101.52629,103409,103.404,2570,5561.311475,5.561311475,5971.699204,-0.068722103
101.557287,103459,103.454,2588,5667.153285,5.667153285,5971.699204,-0.050998202
101.607357,103509,103.504,2576,5596.313364,5.596313364,5971.699204,-0.062860809
101.673134,103559,103.554,2601,5745.180723,5.745180723,5971.699204,-0.037931998
101.707286,103609,103.604,2599,5733.088235,5.733088235,5971.699204,-0.039956964
101.757307,103659,103.654,2589,5673.10757,5.67310757,5971.699204,-0.050001118
101.822071,103709,103.704,2562,5515.068493,5.515068493,5971.699204,-0.076465792
101.857299,103759,103.754,2547,5429.651163,5.429651163,5971.699204,-0.090769482
101.907373,103809,103.804,2525,5307.324841,5.307324841,5971.699204,-0.111253823
101.981877,103859,103.854,2520,5280.0,5.28,5971.699204,-0.115829545
102.007309,103909,103.904,2541,5395.945946,5.395945946,5971.699204,-0.09641364
102.057288,103959,103.954,2554,5469.305646,5.469305646,5971.699204,-0.08412908
102.12433,104009,104.004,2529,5329.310345,5.329310345,5971.699204,-0.107572206
102.157296,104059,104.054,2547,5429.651163,5.429651163,5971.699204,-0.090769482
102.226119,104109,104.104,2573,5578.777924,5.578777924,5971.699204,-0.065797232
102.257344,104159,104.154,2559,5497.851562,5.497851563,5971.699204,-0.07934888
102.323829,104209,104.204,2591,5685.039894,5.685039894,5971.699204,-0.048002972
102.357331,104259,104.254,2608,5787.760592,5.787760592,5971.699204,-0.030801721
102.407329,104309,104.304,2600,5739.130435,5.739130435,5971.699204,-0.038945158
102.467009,104359,104.354,2594,5702.998001,5.702998001,5971.699204,-0.04499577
102.507304,104409,104.404,2575,5590.460526,5.590460526,5971.699204,-0.063840904
102.557288,104459,104.454,2557,5486.410923,5.486410923,5971.699204,-0.081264689
102.630927,104509,104.504,2533,5351.408451,5.351408451,5971.699204,-0.103871734
102.657268,104559,104.554,2523,5296.374046,5.296374046,5971.699204,-0.113087605
102.707337,104609,104.604,2527,5318.303571,5.318303571,5971.699204,-0.109415362
102.77964,104659,104.654,2539,5384.768638,5.384768638,5971.699204,-0.098285353
102.807296,104709,104.704,2542,5401.545396,5.401545396,5971.699204,-0.095475976
102.85733,104759,104.754,2554,5469.305646,5.469305646,5971.699204,-0.08412908
102.916936,104809,104.804,2557,5486.410923,5.486410923,5971.699204,-0.081264689
102.957353,104859,104.854,2562,5515.068493,5.515068493,5971.699204,-0.076465792
103.034281,104909,104.904,2569,5555.504587,5.555504587,5971.699204,-0.069694505
103.057342,104959,104.954,2594,5702.998001,5.702998001,5971.699204,-0.04499577
103.10728,105009,105.004,2606,5775.554063,5.775554063,5971.699204,-0.032845784
103.171854,105059,105.054,2595,5709.0,5.709,5971.699204,-0.043990696
103.207271,105109,105.104,2559,5497.851562,5.497851563,5971.699204,-0.07934888
103.257282,105159,105.154,2565,5532.352941,5.532352941,5971.699204,-0.073571399
103.323947,105209,105.204,2530,5334.824281,5.334824281,5971.699204,-0.106648862
103.357281,105259,105.254,2518,5269.11858,5.26911858,5971.699204,-0.11765171
103.423397,105309,105.304,2528,5323.803446,5.323803446,5971.699204,-0.108494373
103.457317,105359,105.354,2540,5390.353698,5.390353698,5971.699204,-0.097350099
103.517684,105409,105.404,2539,5384.768638,5.384768638,5971.699204,-0.098285353
103.557349,105459,105.454,2545,5418.387097,5.418387097,5971.699204,-0.092655723
103.639687,105509,105.504,2563,5520.822454,5.520822454,5971.699204,-0.075502254
103.657349,105559,105.554,2569,5555.504587,5.555504587,5971.699204,-0.069694505
103.742853,105609,105.604,2566,5538.129496,5.538129496,5971.699204,-0.072604077
103.757328,105659,105.654,2587,5661.206897,5.661206897,5971.699204,-0.051993963
103.807328,105709,105.704,2604,5763.380282,5.763380282,5971.699204,-0.034884363
103.88719,105759,105.754,2603,5757.30563,5.75730563,5971.699204,-0.035901603
103.907303,105809,105.804,2585,5649.337748,5.649337748,5971.699204,-0.053981529
103.957335,105859,105.854,2559,5497.851562,5.497851563,5971.699204,-0.07934888
104.025281,105909,105.904,2542,5401.545396,5.401545396,5971.699204,-0.095475976
104.057294,105959,105.954,2520,5280.0,5.28,5971.699204,-0.115829545
104.107288,106009,106.004,2530,5334.824281,5.334824281,5971.699204,-0.106648862
104.192253,106059,106.054,2544,5412.765957,5.412765957,5971.699204,-0.09359702
104.207306,106109,106.104,2546,5424.015494,5.424015494,5971.699204,-0.091713211
104.28267,106159,106.154,2567,5543.913613,5.543913613,5971.699204,-0.071635489
104.307288,106209,106.204,2572,5572.948129,5.572948129,5971.699204,-0.06677347
104.357368,106259,106.254,2555,5475.0,5.475,5971.699204,-0.083175523
104.426084,106309,106.304,2558,5492.127521,5.492127521,5971.699204,-0.080307408
104.457296,106359,106.354,2588,5667.153285,5.667153285,5971.699204,-0.050998202
104.507281,106409,106.404,2606,5775.554063,5.775554063,5971.699204,-0.032845784
104.569854,106459,106.454,2592,5691.017964,5.691017964,5971.699204,-0.047001905
104.607263,106509,106.504,2559,5497.851562,5.497851563,5971.699204,-0.07934888
104.657258,106559,106.554,2559,5497.851562,5.497851563,5971.699204,-0.07934888
104.743154,106609,106.604,2538,5379.190751,5.379190751,5971.699204,-0.099219407
104.757285,106659,106.654,2535,5362.5,5.3625,5971.699204,-0.102014382
104.849565,106709,106.704,2528,5323.803446,5.323803446,5971.699204,-0.108494373
104.857298,106759,106.754,2524,5301.845958,5.301845958,5971.699204,-0.112171297
104.998222,106809,106.804,2539,5384.768638,5.384768638,5971.699204,-0.098285353
105.098332,106859,106.854,2536,5368.056446,5.368056446,5971.699204,-0.101083919
105.177321,106909,106.904,2553,5463.618677,5.463618677,5971.699204,-0.0850814
105.1776,106959,106.954,2576,5596.313364,5.596313364,5971.699204,-0.062860809
105.177862,107009,107.004,2564,5526.583932,5.526583932,5971.699204,-0.074537457
105.178121,107059,107.054,2593,5697.003995,5.697003995,5971.699204,-0.045999505
105.207322,107109,107.104,2603,5757.30563,5.75730563,5971.699204,-0.035901603
105.290041,107159,107.154,2602,5751.239116,5.751239116,5971.699204,-0.03691748
105.307345,107209,107.204,2592,5691.017964,5.691017964,5971.699204,-0.047001905
105.37692,107259,107.254,2562,5515.068493,5.515068493,5971.699204,-0.076465792
105.407313,107309,107.304,2541,5395.945946,5.395945946,5971.699204,-0.09641364
105.457318,107359,107.354,2516,5258.264725,5.258264725,5971.699204,-0.119469259
105.524564,107409,107.404,2518,5269.11858,5.26911858,5971.699204,-0.11765171
105.557375,107459,107.454,2532,5345.873321,5.345873321,5971.699204,-0.104798628
105.624197,107509,107.504,2537,5373.620026,5.373620026,5971.699204,-0.100152261
105.657324,107559,107.554,2533,5351.408451,5.351408451,5971.699204,-0.103871734
105.707368,107609,107.604,2558,5492.127521,5.492127521,5971.699204,-0.080307408
105.766388,107659,107.654,2557,5486.410923,5.486410923,5971.699204,-0.081264689
105.807304,107709,107.704,2568,5549.705305,5.549705305,5971.699204,-0.070665632
105.857378,107759,107.754,2580,5619.80198,5.61980198,5971.699204,-0.058927486
105.931275,107809,107.804,2573,5578.777924,5.578777924,5971.699204,-0.065797232
105.957423,107859,107.854,2592,5691.017964,5.691017964,5971.699204,-0.047001905
106.029659,107909,107.904,2593,5697.003995,5.697003995,5971.699204,-0.045999505
106.057399,107959,107.954,2568,5549.705305,5.549705305,5971.699204,-0.070665632
106.107319,108009,108.004,2556,5480.701754,5.480701754,5971.699204,-0.082220727
106.172207,108059,108.054,2525,5307.324841,5.307324841,5971.699204,-0.111253823
106.207355,108109,108.104,2529,5329.310345,5.329310345,5971.699204,-0.107572206
106.264174,108159,108.154,2521,5285.45108,5.28545108,5971.699204,-0.114916727
106.307281,108209,108.204,2540,5390.353698,5.390353698,5971.699204,-0.097350099
106.357331,108259,108.254,2545,5418.387097,5.418387097,5971.699204,-0.092655723
106.430468,108309,108.304,2560,5503.583062,5.503583062,5971.699204,-0.078389103
106.457313,108359,108.354,2559,5497.851562,5.497851563,5971.699204,-0.07934888
106.507296,108409,108.404,2545,5418.387097,5.418387097,5971.699204,-0.092655723
106.573398,108459,108.454,2590,5679.069767,5.679069767,5971.699204,-0.049002709
106.607299,108509,108.504,2585,5649.337748,5.649337748,5971.699204,-0.053981529
106.657379,108559,108.554,2594,5702.998001,5.702998001,5971.699204,-0.04499577
106.722657,108609,108.604,2602,5751.239116,5.751239116,5971.699204,-0.03691748
106.757256,108659,108.654,2556,5480.701754,5.480701754,5971.699204,-0.082220727
106.807365,108709,108.704,2553,5463.618677,5.463618677,5971.699204,-0.0850814
106.867627,108759,108.754,2526,5312.810707,5.312810707,5971.699204,-0.110335178
106.907265,108809,108.804,2520,5280.0,5.28,5971.699204,-0.115829545
106.957301,108859,108.854,2514,5247.43833,5.24743833,5971.699204,-0.12128221
107.031375,108909,108.904,2547,5429.651163,5.429651163,5971.699204,-0.090769482
107.057282,108959,108.954,2545,5418.387097,5.418387097,5971.699204,-0.092655723
107.107304,109009,109.004,2542,5401.545396,5.401545396,5971.699204,-0.095475976
107.171888,109059,109.054,2561,5509.322034,5.509322034,5971.699204,-0.077428074
107.20731,109109,109.104,2559,5497.851562,5.497851563,5971.699204,-0.07934888
107.272826,109159,109.154,2562,5515.068493,5.515068493,5971.699204,-0.076465792
107.30732,109209,109.204,2592,5691.017964,5.691017964,5971.699204,-0.047001905
107.364189,109259,109.254,2596,5715.010007,5.715010007,5971.699204,-0.042984281
107.40734,109309,109.304,2597,5721.028037,5.721028037,5971.699204,-0.041976523
107.478185,109359,109.354,2583,5637.5,5.6375,5971.699204,-0.055963838
107.507328,109409,109.404,2561,5509.322034,5.509322034,5971.699204,-0.077428074
107.572745,109459,109.454,2530,5334.824281,5.334824281,5971.699204,-0.106648862
107.607273,109509,109.504,2504,5193.714645,5.193714645,5971.699204,-0.130278591
107.657306,109559,109.554,2503,5188.379397,5.188379397,5971.699204,-0.131172013
107.723615,109609,109.604,2531,5340.345269,5.340345269,5971.699204,-0.105724336
107.757292,109659,109.654,2539,5384.768638,5.384768638,5971.699204,-0.098285353
107.807285,109709,109.704,2540,5390.353698,5.390353698,5971.699204,-0.097350099
107.865423,109759,109.754,2553,5463.618677,5.463618677,5971.699204,-0.0850814
107.90728,109809,109.804,2563,5520.822454,5.520822454,5971.699204,-0.075502254
107.972765,109859,109.854,2557,5486.410923,5.486410923,5971.699204,-0.081264689
108.007263,109909,109.904,2576,5596.313364,5.596313364,5971.699204,-0.062860809
108.057296,109959,109.954,2595,5709.0,5.709,5971.699204,-0.043990696
108.131067,110009,110.004,2586,5655.26839,5.65526839,5971.699204,-0.052988405
108.157271,110059,110.054,2583,5637.5,5.6375,5971.699204,-0.055963838
108.207287,110109,110.104,2555,5475.0,5.475,5971.699204,-0.083175523
108.272544,110159,110.154,2550,5446.601942,5.446601942,5971.699204,-0.087930963
108.307329,110209,110.204,2521,5285.45108,5.28545108,5971.699204,-0.114916727
108.372103,110259,110.254,2518,5269.11858,5.26911858,5971.699204,-0.11765171
108.407269,110309,110.304,2540,5390.353698,5.390353698,5971.699204,-0.097350099
108.457307,110359,110.354,2541,5395.945946,5.395945946,5971.699204,-0.09641364
108.515332,110409,110.404,2556,5480.701754,5.480701754,5971.699204,-0.082220727
108.557242,110459,110.454,2546,5424.015494,5.424015494,5971.699204,-0.091713211
108.607291,110509,110.504,2569,5555.504587,5.555504587,5971.699204,-0.069694505
108.68131,110559,110.554,2566,5538.129496,5.538129496,5971.699204,-0.072604077
108.707265,110609,110.604,2571,5567.125984,5.567125984,5971.699204,-0.067748426
108.757255,110659,110.654,2603,5757.30563,5.75730563,5971.699204,-0.035901603
108.816059,110709,110.704,2602,5751.239116,5.751239116,5971.699204,-0.03691748
108.857301,110759,110.754,2589,5673.10757,5.67310757,5971.699204,-0.050001118
108.929791,110809,110.804,2559,5497.851562,5.497851563,5971.699204,-0.07934888
108.957323,110859,110.854,2563,5520.822454,5.520822454,5971.699204,-0.075502254
109.016205,110909,110.904,2521,5285.45108,5.28545108,5971.699204,-0.114916727
109.057307,110959,110.954,2513,5242.035398,5.242035398,5971.699204,-0.122186966
109.107263,111009,111.004,2530,5334.824281,5.334824281,5971.699204,-0.106648862
109.181353,111059,111.054,2545,5418.387097,5.418387097,5971.699204,-0.092655723
109.207279,111109,111.104,2551,5452.266839,5.452266839,5971.699204,-0.086982339
109.27172,111159,111.154,2541,5395.945946,5.395945946,5971.699204,-0.09641364
109.307314,111209,111.204,2588,5667.153285,5.667153285,5971.699204,-0.050998202
109.371614,111259,111.254,2600,5739.130435,5.739130435,5971.699204,-0.038945158
109.407276,111309,111.304,2587,5661.206897,5.661206897,5971.699204,-0.051993963
109.457295,111359,111.354,2613,5818.421053,5.818421053,5971.699204,-0.025667427
109.516081,111409,111.404,2612,5812.272421,5.812272421,5971.699204,-0.026697055
109.557343,111459,111.454,2597,5721.028037,5.721028037,5971.699204,-0.041976523
109.629931,111509,111.504,2611,5806.132075,5.806132075,5971.699204,-0.027725296
109.657312,111559,111.554,2594,5702.998001,5.702998001,5971.699204,-0.04499577
109.707261,111609,111.604,2546,5424.015494,5.424015494,5971.699204,-0.091713211
109.773418,111659,111.654,2528,5323.803446,5.323803446,5971.699204,-0.108494373
109.807317,111709,111.704,2534,5356.950673,5.356950673,5971.699204,-0.102943653
109.873568,111759,111.754,2542,5401.545396,5.401545396,5971.699204,-0.095475976
109.907268,111809,111.804,2539,5384.768638,5.384768638,5971.699204,-0.098285353
109.957322,111859,111.854,2549,5440.944373,5.440944373,5971.699204,-0.08887836
110.023678,111909,111.904,2562,5515.068493,5.515068493,5971.699204,-0.076465792
110.057344,111959,111.954,2595,5709.0,5.709,5971.699204,-0.043990696
110.107234,112009,112.004,2599,5733.088235,5.733088235,5971.699204,-0.039956964
110.165647,112059,112.054,2618,5849.2891,5.8492891,5971.699204,-0.020498371
110.207259,112109,112.104,2609,5793.876178,5.793876178,5971.699204,-0.029777626
110.279371,112159,112.154,2598,5727.054108,5.727054108,5971.699204,-0.040967418
110.307222,112209,112.204,2587,5661.206897,5.661206897,5971.699204,-0.051993963
110.357203,112259,112.254,2580,5619.80198,5.61980198,5971.699204,-0.058927486
110.42498,112309,112.304,2575,5590.460526,5.590460526,5971.699204,-0.063840904
110.457273,112359,112.354,2534,5356.950673,5.356950673,5971.699204,-0.102943653
110.532769,112409,112.404,2520,5280.0,5.28,5971.699204,-0.115829545
110.557219,112459,112.454,2557,5486.410923,5.486410923,5971.699204,-0.081264689
110.607303,112509,112.504,2543,5407.152062,5.407152062,5971.699204,-0.094537103
110.66927,112559,112.554,2548,5435.294118,5.435294118,5971.699204,-0.089824532
110.707283,112609,112.604,2561,5509.322034,5.509322034,5971.699204,-0.077428074
110.757284,112659,112.654,2552,5457.93908,5.45793908,5971.699204,-0.086032485
110.842476,112709,112.704,2574,5584.615385,5.584615385,5971.699204,-0.064819712
110.85721,112759,112.754,2598,5727.054108,5.727054108,5971.699204,-0.040967418
110.907222,112809,112.804,2610,5800.0,5.8,5971.699204,-0.028752152
110.974406,112859,112.854,2610,5800.0,5.8,5971.699204,-0.028752152
111.007335,112909,112.904,2584,5643.414957,5.643414957,5971.699204,-0.054973339
111.076874,112959,112.954,2576,5596.313364,5.596313364,5971.699204,-0.062860809
111.107308,113009,113.004,2557,5486.410923,5.486410923,5971.699204,-0.081264689
111.157345,113059,113.054,2523,5296.374046,5.296374046,5971.699204,-0.113087605
111.216556,113109,113.104,2504,5193.714645,5.193714645,5971.699204,-0.130278591
111.257268,113159,113.154,2536,5368.056446,5.368056446,5971.699204,-0.101083919
111.307275,113209,113.204,2547,5429.651163,5.429651163,5971.699204,-0.090769482
111.380518,113259,113.254,2551,5452.266839,5.452266839,5971.699204,-0.086982339
111.407259,113309,113.304,2560,5503.583062,5.503583062,5971.699204,-0.078389103
111.457252,113359,113.354,2555,5475.0,5.475,5971.699204,-0.083175523
111.522445,113409,113.404,2572,5572.948129,5.572948129,5971.699204,-0.06677347
111.557234,113459,113.454,2597,5721.028037,5.721028037,5971.699204,-0.041976523
111.607245,113509,113.504,2599,5733.088235,5.733088235,5971.699204,-0.039956964
111.668918,113559,113.554,2607,5781.653226,5.781653226,5971.699204,-0.031824439
111.707199,113609,113.604,2602,5751.239116,5.751239116,5971.699204,-0.03691748
111.757287,113659,113.654,2569,5555.504587,5.555504587,5971.699204,-0.069694505
111.83577,113709,113.704,2568,5549.705305,5.549705305,5971.699204,-0.070665632
111.857245,113759,113.754,2534,5356.950673,5.356950673,5971.699204,-0.102943653
111.907293,113809,113.804,2529,5329.310345,5.329310345,5971.699204,-0.107572206
111.97571,113859,113.854,2518,5269.11858,5.26911858,5971.699204,-0.11765171
112.007194,113909,113.904,2552,5457.93908,5.45793908,5971.699204,-0.086032485
112.057281,113959,113.954,2545,5418.387097,5.418387097,5971.699204,-0.092655723
112.127837,114009,114.004,2557,5486.410923,5.486410923,5971.699204,-0.081264689
112.15725,114059,114.054,2550,5446.601942,5.446601942,5971.699204,-0.087930963
112.207297,114109,114.104,2578,5608.042189,5.608042189,5971.699204,-0.06089674
112.268357,114159,114.154,2594,5702.998001,5.702998001,5971.699204,-0.04499577
112.307345,114209,114.204,2609,5793.876178,5.793876178,5971.699204,-0.029777626
112.382298,114259,114.254,2595,5709.0,5.709,5971.699204,-0.043990696
112.407239,114309,114.304,2601,5745.180723,5.745180723,5971.699204,-0.037931998
112.4573,114359,114.354,2591,5685.039894,5.685039894,5971.699204,-0.048002972
112.523136,114409,114.404,2574,5584.615385,5.584615385,5971.699204,-0.064819712
112.557252,114459,114.454,2553,5463.618677,5.463618677,5971.699204,-0.0850814
112.607268,114509,114.504,2520,5280.0,5.28,5971.699204,-0.115829545
112.675347,114559,114.554,2518,5269.11858,5.26911858,5971.699204,-0.11765171
112.707254,114609,114.604,2542,5401.545396,5.401545396,5971.699204,-0.095475976
112.757239,114659,114.654,2537,5373.620026,5.373620026,5971.699204,-0.100152261
112.816549,114709,114.704,2548,5435.294118,5.435294118,5971.699204,-0.089824532
112.857268,114759,114.754,2584,5643.414957,5.643414957,5971.699204,-0.054973339
112.93116,114809,114.804,2557,5486.410923,5.486410923,5971.699204,-0.081264689
112.957244,114859,114.854,2565,5532.352941,5.532352941,5971.699204,-0.073571399
113.024434,114909,114.904,2606,5775.554063,5.775554063,5971.699204,-0.032845784
113.057279,114959,114.954,2608,5787.760592,5.787760592,5971.699204,-0.030801721
113.107238,115009,115.004,2619,5855.487805,5.855487805,5971.699204,-0.019460357
113.168255,115059,115.054,2569,5555.504587,5.555504587,5971.699204,-0.069694505
113.207261,115109,115.104,2561,5509.322034,5.509322034,5971.699204,-0.077428074
113.273546,115159,115.154,2556,5480.701754,5.480701754,5971.699204,-0.082220727
113.307315,115209,115.204,2538,5379.190751,5.379190751,5971.699204,-0.099219407
113.379732,115259,115.254,2521,5285.45108,5.28545108,5971.699204,-0.114916727
113.407208,115309,115.304,2543,5407.152062,5.407152062,5971.699204,-0.094537103
113.457316,115359,115.354,2546,5424.015494,5.424015494,5971.699204,-0.091713211
113.523273,115409,115.404,2536,5368.056446,5.368056446,5971.699204,-0.101083919
113.557251,115459,115.454,2558,5492.127521,5.492127521,5971.699204,-0.080307408
113.607191,115509,115.504,2567,5543.913613,5.543913613,5971.699204,-0.071635489
113.675241,115559,115.554,2579,5613.918206,5.613918206,5971.699204,-0.059912763
113.707311,115609,115.604,2611,5806.132075,5.806132075,5971.699204,-0.027725296
113.775649,115659,115.654,2606,5775.554063,5.775554063,5971.699204,-0.032845784
113.807283,115709,115.704,2592,5691.017964,5.691017964,5971.699204,-0.047001905
113.857222,115759,115.754,2576,5596.313364,5.596313364,5971.699204,-0.062860809
113.917376,115809,115.804,2562,5515.068493,5.515068493,5971.699204,-0.076465792
113.957207,115859,115.854,2559,5497.851562,5.497851563,5971.699204,-0.07934888
114.031255,115909,115.904,2525,5307.324841,5.307324841,5971.699204,-0.111253823
114.057248,115959,115.954,2515,5252.848101,5.252848101,5971.699204,-0.120376308
114.107264,116009,116.004,2522,5290.909091,5.290909091,5971.699204,-0.114002747
114.173336,116059,116.054,2543,5407.152062,5.407152062,5971.699204,-0.094537103
114.2073,116109,116.104,2538,5379.190751,5.379190751,5971.699204,-0.099219407
114.272887,116159,116.154,2556,5480.701754,5.480701754,5971.699204,-0.082220727
114.30726,116209,116.204,2564,5526.583932,5.526583932,5971.699204,-0.074537457
114.357262,116259,116.254,2592,5691.017964,5.691017964,5971.699204,-0.047001905
114.416461,116309,116.304,2594,5702.998001,5.702998001,5971.699204,-0.04499577
114.457257,116359,116.354,2606,5775.554063,5.775554063,5971.699204,-0.032845784
114.507279,116409,116.404,2594,5702.998001,5.702998001,5971.699204,-0.04499577
114.581407,116459,116.454,2590,5679.069767,5.679069767,5971.699204,-0.049002709
114.607217,116509,116.504,2588,5667.153285,5.667153285,5971.699204,-0.050998202
114.657265,116559,116.554,2565,5532.352941,5.532352941,5971.699204,-0.073571399
114.723867,116609,116.604,2540,5390.353698,5.390353698,5971.699204,-0.097350099
114.757206,116659,116.654,2520,5280.0,5.28,5971.699204,-0.115829545
114.807225,116709,116.704,2502,5183.050847,5.183050847,5971.699204,-0.132064314
114.874281,116759,116.754,2544,5412.765957,5.412765957,5971.699204,-0.09359702
114.907176,116809,116.804,2550,5446.601942,5.446601942,5971.699204,-0.087930963
114.957207,116859,116.854,2549,5440.944373,5.440944373,5971.699204,-0.08887836
115.017637,116909,116.904,2558,5492.127521,5.492127521,5971.699204,-0.080307408
115.057196,116959,116.954,2559,5497.851562,5.497851563,5971.699204,-0.07934888
115.107211,117009,117.004,2591,5685.039894,5.685039894,5971.699204,-0.048002972
115.180883,117059,117.054,2604,5763.380282,5.763380282,5971.699204,-0.034884363
115.207219,117109,117.104,2605,5769.463087,5.769463087,5971.699204,-0.033865757
115.273582,117159,117.154,2586,5655.26839,5.65526839,5971.699204,-0.052988405
115.307249,117209,117.204,2581,5625.693527,5.625693527,5971.699204,-0.057940909
115.372703,117259,117.254,2584,5643.414957,5.643414957,5971.699204,-0.054973339
115.407208,117309,117.304,2542,5401.545396,5.401545396,5971.699204,-0.095475976
115.457255,117359,117.354,2515,5252.848101,5.252848101,5971.699204,-0.120376308
115.517016,117409,117.404,2516,5258.264725,5.258264725,5971.699204,-0.119469259
115.557196,117459,117.454,2551,5452.266839,5.452266839,5971.699204,-0.086982339
115.607216,117509,117.504,2543,5407.152062,5.407152062,5971.699204,-0.094537103
115.682502,117559,117.554,2554,5469.305646,5.469305646,5971.699204,-0.08412908
115.707208,117609,117.604,2547,5429.651163,5.429651163,5971.699204,-0.090769482
115.757178,117659,117.654,2561,5509.322034,5.509322034,5971.699204,-0.077428074
115.824029,117709,117.704,2571,5567.125984,5.567125984,5971.699204,-0.067748426
115.857202,117759,117.754,2607,5781.653226,5.781653226,5971.699204,-0.031824439
115.924098,117809,117.804,2563,5520.822454,5.520822454,5971.699204,-0.075502254
115.957187,117859,117.854,2571,5567.125984,5.567125984,5971.699204,-0.067748426
116.024727,117909,117.904,2562,5515.068493,5.515068493,5971.699204,-0.076465792
116.057227,117959,117.954,2557,5486.410923,5.486410923,5971.699204,-0.081264689
116.107304,118009,118.004,2558,5492.127521,5.492127521,5971.699204,-0.080307408
116.16771,118059,118.054,2519,5274.555838,5.274555838,5971.699204,-0.116741206
116.207189,118109,118.104,2509,5220.491803,5.220491803,5971.699204,-0.125794581
116.257186,118159,118.154,2535,5362.5,5.3625,5971.699204,-0.102014382
116.331759,118209,118.204,2552,5457.93908,5.45793908,5971.699204,-0.086032485
116.357241,118259,118.254,2538,5379.190751,5.379190751,5971.699204,-0.099219407
116.423326,118309,118.304,2548,5435.294118,5.435294118,5971.699204,-0.089824532
116.457215,118359,118.354,2556,5480.701754,5.480701754,5971.699204,-0.082220727
116.507235,118409,118.404,2598,5727.054108,5.727054108,5971.699204,-0.040967418
116.574752,118459,118.454,2600,5739.130435,5.739130435,5971.699204,-0.038945158
116.607222,118509,118.504,2602,5751.239116,5.751239116,5971.699204,-0.03691748
116.657188,118559,118.554,2603,5757.30563,5.75730563,5971.699204,-0.035901603
116.717107,118609,118.604,2598,5727.054108,5.727054108,5971.699204,-0.040967418
116.757217,118659,118.654,2595,5709.0,5.709,5971.699204,-0.043990696
116.831596,118709,118.704,2582,5631.592862,5.631592862,5971.699204,-0.056953026
116.857218,118759,118.754,2540,5390.353698,5.390353698,5971.699204,-0.097350099
116.923355,118809,118.804,2517,5263.688213,5.263688213,5971.699204,-0.118561061
116.957213,118859,118.854,2551,5452.266839,5.452266839,5971.699204,-0.086982339
117.02425,118909,118.904,2541,5395.945946,5.395945946,5971.699204,-0.09641364
117.057231,118959,118.954,2541,5395.945946,5.395945946,5971.699204,-0.09641364
117.107217,119009,119.004,2557,5486.410923,5.486410923,5971.699204,-0.081264689
117.168057,119059,119.054,2566,5538.129496,5.538129496,5971.699204,-0.072604077
117.207197,119109,119.104,2599,5733.088235,5.733088235,5971.699204,-0.039956964
117.257196,119159,119.154,2606,5775.554063,5.775554063,5971.699204,-0.032845784
117.331265,119209,119.204,2607,5781.653226,5.781653226,5971.699204,-0.031824439
117.357196,119259,119.254,2607,5781.653226,5.781653226,5971.699204,-0.031824439
117.407193,119309,119.304,2603,5757.30563,5.75730563,5971.699204,-0.035901603
117.473016,119359,119.354,2598,5727.054108,5.727054108,5971.699204,-0.040967418
117.507224,119409,119.404,2586,5655.26839,5.65526839,5971.699204,-0.052988405
117.57412,119459,119.454,2553,5463.618677,5.463618677,5971.699204,-0.0850814
117.607208,119509,119.504,2540,5390.353698,5.390353698,5971.699204,-0.097350099
117.657195,119559,119.554,2541,5395.945946,5.395945946,5971.699204,-0.09641364
117.71803,119609,119.604,2552,5457.93908,5.45793908,5971.699204,-0.086032485
117.757174,119659,119.654,2537,5373.620026,5.373620026,5971.699204,-0.100152261
117.807149,119709,119.704,2536,5368.056446,5.368056446,5971.699204,-0.101083919
117.880787,119759,119.754,2529,5329.310345,5.329310345,5971.699204,-0.107572206
117.907196,119809,119.804,2528,5323.803446,5.323803446,5971.699204,-0.108494373
117.973595,119859,119.854,2530,5334.824281,5.334824281,5971.699204,-0.106648862
118.007234,119909,119.904,2513,5242.035398,5.242035398,5971.699204,-0.122186966
118.074107,119959,119.954,2528,5323.803446,5.323803446,5971.699204,-0.108494373
118.107208,120009,120.004,2533,5351.408451,5.351408451,5971.699204,-0.103871734
118.157216,120059,120.054,2529,5329.310345,5.329310345,5971.699204,-0.107572206
118.22394,120109,120.104,2528,5323.803446,5.323803446,5971.699204,-0.108494373
118.257207,120159,120.154,2523,5296.374046,5.296374046,5971.699204,-0.113087605
118.307216,120209,120.204,2519,5274.555838,5.274555838,5971.699204,-0.116741206
118.366589,120259,120.254,2524,5301.845958,5.301845958,5971.699204,-0.112171297
118.407236,120309,120.304,2519,5274.555838,5.274555838,5971.699204,-0.116741206
118.479787,120359,120.354,2511,5231.25,5.23125,5971.699204,-0.123993051
118.507223,120409,120.404,2509,5220.491803,5.220491803,5971.699204,-0.125794581
118.574197,120459,120.454,2511,5231.25,5.23125,5971.699204,-0.123993051
118.607213,120509,120.504,2506,5204.405286,5.204405286,5971.699204,-0.128488374
118.657269,120559,120.554,2501,5177.728984,5.177728984,5971.699204,-0.132955494
118.724372,120609,120.604,2511,5231.25,5.23125,5971.699204,-0.123993051
118.757152,120659,120.654,2509,5220.491803,5.220491803,5971.699204,-0.125794581
118.807183,120709,120.704,2513,5242.035398,5.242035398,5971.699204,-0.122186966
118.867084,120759,120.754,2515,5252.848101,5.252848101,5971.699204,-0.120376308
118.907187,120809,120.804,2516,5258.264725,5.258264725,5971.699204,-0.119469259
118.980809,120859,120.854,2519,5274.555838,5.274555838,5971.699204,-0.116741206
119.007178,120909,120.904,2521,5285.45108,5.28545108,5971.699204,-0.114916727
119.067284,120959,120.954,2543,5407.152062,5.407152062,5971.699204,-0.094537103
119.107176,121009,121.004,2516,5258.264725,5.258264725,5971.699204,-0.119469259
119.157154,121059,121.054,2528,5323.803446,5.323803446,5971.699204,-0.108494373
119.230596,121109,121.104,2523,5296.374046,5.296374046,5971.699204,-0.113087605
119.257138,121159,121.154,2512,5236.639292,5.236639292,5971.699204,-0.123090579
119.307209,121209,121.204,2516,5258.264725,5.258264725,5971.699204,-0.119469259
119.373105,121259,121.254,2517,5263.688213,5.263688213,5971.699204,-0.118561061
119.407179,121309,121.304,2518,5269.11858,5.26911858,5971.699204,-0.11765171
119.457164,121359,121.354,2519,5274.555838,5.274555838,5971.699204,-0.116741206
119.516711,121409,121.404,2528,5323.803446,5.323803446,5971.699204,-0.108494373
119.557152,121459,121.454,2523,5296.374046,5.296374046,5971.699204,-0.113087605
119.630811,121509,121.504,2523,5296.374046,5.296374046,5971.699204,-0.113087605
119.657123,121559,121.554,2542,5401.545396,5.401545396,5971.699204,-0.095475976
119.707199,121609,121.604,2517,5263.688213,5.263688213,5971.699204,-0.118561061
119.774038,121659,121.654,2518,5269.11858,5.26911858,5971.699204,-0.11765171
119.807133,121709,121.704,2516,5258.264725,5.258264725,5971.699204,-0.119469259
119.85712,121759,121.754,2537,5373.620026,5.373620026,5971.699204,-0.100152261
119.924147,121809,121.804,2535,5362.5,5.3625,5971.699204,-0.102014382
119.957129,121859,121.854,2530,5334.824281,5.334824281,5971.699204,-0.106648862
120.017857,121909,121.904,2528,5323.803446,5.323803446,5971.699204,-0.108494373
120.057221,121959,121.954,2533,5351.408451,5.351408451,5971.699204,-0.103871734
120.130654,122009,122.004,2524,5301.845958,5.301845958,5971.699204,-0.112171297
120.157158,122059,122.054,2530,5334.824281,5.334824281,5971.699204,-0.106648862
120.207138,122109,122.104,2523,5296.374046,5.296374046,5971.699204,-0.113087605
120.273921,122159,122.154,2529,5329.310345,5.329310345,5971.699204,-0.107572206
120.307156,122209,122.204,2528,5323.803446,5.323803446,5971.699204,-0.108494373
120.373341,122259,122.254,2525,5307.324841,5.307324841,5971.699204,-0.111253823
120.407137,122309,122.304,2537,5373.620026,5.373620026,5971.699204,-0.100152261
120.457115,122359,122.354,2530,5334.824281,5.334824281,5971.699204,-0.106648862
120.518158,122409,122.404,2529,5329.310345,5.329310345,5971.699204,-0.107572206
120.557151,122459,122.454,2530,5334.824281,5.334824281,5971.699204,-0.106648862
120.631097,122509,122.504,2533,5351.408451,5.351408451,5971.699204,-0.103871734
120.657144,122559,122.554,2530,5334.824281,5.334824281,5971.699204,-0.106648862
120.707125,122609,122.604,2549,5440.944373,5.440944373,5971.699204,-0.08887836
120.774617,122659,122.654,2528,5323.803446,5.323803446,5971.699204,-0.108494373
120.807161,122709,122.704,2514,5247.43833,5.24743833,5971.699204,-0.12128221
120.911911,122759,122.754,2536,5368.056446,5.368056446,5971.699204,-0.101083919
120.987548,122809,122.804,2542,5401.545396,5.401545396,5971.699204,-0.095475976
120.98778,122859,122.854,2528,5323.803446,5.323803446,5971.699204,-0.108494373
121.007247,122909,122.904,2528,5323.803446,5.323803446,5971.699204,-0.108494373
121.057139,122959,122.954,2528,5323.803446,5.323803446,5971.699204,-0.108494373
121.119076,123009,123.004,2530,5334.824281,5.334824281,5971.699204,-0.106648862
121.15715,123059,123.054,2533,5351.408451,5.351408451,5971.699204,-0.103871734
121.232062,123109,123.104,2533,5351.408451,5.351408451,5971.699204,-0.103871734
121.257194,123159,123.154,2523,5296.374046,5.296374046,5971.699204,-0.113087605
121.32896,123209,123.204,2515,5252.848101,5.252848101,5971.699204,-0.120376308
121.357179,123259,123.254,2518,5269.11858,5.26911858,5971.699204,-0.11765171
121.407166,123309,123.304,2528,5323.803446,5.323803446,5971.699204,-0.108494373
121.47758,123359,123.354,2533,5351.408451,5.351408451,5971.699204,-0.103871734
121.507117,123409,123.404,2531,5340.345269,5.340345269,5971.699204,-0.105724336
121.557199,123459,123.454,2528,5323.803446,5.323803446,5971.699204,-0.108494373
121.61755,123509,123.504,2527,5318.303571,5.318303571,5971.699204,-0.109415362
121.657187,123559,123.554,2526,5312.810707,5.312810707,5971.699204,-0.110335178
121.707149,123609,123.604,2530,5334.824281,5.334824281,5971.699204,-0.106648862
121.776466,123659,123.654,2527,5318.303571,5.318303571,5971.699204,-0.109415362
121.807174,123709,123.704,2530,5334.824281,5.334824281,5971.699204,-0.106648862
121.882434,123759,123.754,2535,5362.5,5.3625,5971.699204,-0.102014382
121.907141,123809,123.804,2533,5351.408451,5.351408451,5971.699204,-0.103871734
121.957157,123859,123.854,2536,5368.056446,5.368056446,5971.699204,-0.101083919
122.029792,123909,123.904,2530,5334.824281,5.334824281,5971.699204,-0.106648862
122.057207,123959,123.954,2534,5356.950673,5.356950673,5971.699204,-0.102943653
122.107149,124009,124.004,2524,5301.845958,5.301845958,5971.699204,-0.112171297
122.157135,124059,124.054,2525,5307.324841,5.307324841,5971.699204,-0.111253823
122.207162,124109,124.104,2524,5301.845958,5.301845958,5971.699204,-0.112171297
122.279997,124159,124.154,2520,5280.0,5.28,5971.699204,-0.115829545
122.307199,124209,124.204,2522,5290.909091,5.290909091,5971.699204,-0.114002747
